nohup: 忽略输入
=== Starting Full experiment ===
/home/lixiang/envs/lx_pytorch/bin/python /home/lixiang/lx/Dual_D/scripts/train_dual_d.py --config configs/train_dual_d_default.json --dual-config configs/dual_d_default_config.json --weather-profile-config configs/module_c_weather_profiles.json --source-root /home/lixiang/lx/Data/晴天 --target-parent-root /home/lixiang/lx/Data --target-domains 逆光 雨天 --iterations 3 --epochs 60 --device cuda --no-multi-gpu --no-use-ais --group-iterations --output-dir runs/combined_60/full --num-workers 8
/home/lixiang/envs/lx_pytorch/lib/python3.11/site-packages/torch/cuda/__init__.py:1061: UserWarning: Can't initialize NVML
  raw_cnt = _raw_device_count_nvml()
2026-08-25 18:40:01 | Starting Dual_D standalone training
2026-08-25 18:40:01 | Run directory: runs/combined_60/full/dual_d_逆光_20260825_184001
2026-08-25 18:40:01 | Device: cuda
2026-08-25 18:40:01 | Source train samples: 992
2026-08-25 18:40:01 | Target train samples: 132
2026-08-25 18:40:01 | Target val samples: 37
2026-08-25 18:40:01 | Classes: 14
2026-08-25 18:40:01 | Data audit: same_dir=False | path_overlap(vis/ir/ais)=0/0/0 | content_overlap(vis/ir/ais)=0/0/0 | ais_index_overlap=0 | stem_mismatch(vis-ir/vis-ais)=157/0
2026-08-25 18:40:01 | source_train classes: present 14/14 | absent 0 | counts [0:120, 1:44, 2:69, 3:45, 4:40, 5:30, 6:64, 7:80, 8:116, 9:68, 10:57, 11:83, 12:48, 13:128]
2026-08-25 18:40:01 | target_train classes: present 9/14 | absent 5 | counts [0:20, 2:12, 4:12, 5:2, 9:16, 10:16, 11:29, 12:4, 13:21]
2026-08-25 18:40:01 | target_val classes: present 9/14 | absent 5 | counts [0:6, 2:3, 4:4, 5:1, 9:4, 10:4, 11:8, 12:1, 13:6]
2026-08-25 18:40:01 | Paired training classes: 9/14 | class ids [0, 2, 4, 5, 9, 10, 11, 12, 13]
2026-08-25 18:40:01 | VIS/IR pairing: class-level-unpaired | count-mismatch classes train/val: 10/1 | AIS alignment: none | AIS rows train/val: 0/0
2026-08-25 18:40:02 | Model parameters: total=17277714 | trainable=17120210
Starting run 1/6: domain=逆光, iteration=1, seed=42
2026-08-25 18:41:00 | Epoch 001/060 | loss 5.9959 | cls 5.8840 | tal 0.3728 | dual_g 0.0000 | dual_d 0.0000 | train_acc 0.0469 | train_full 0.0227 | val_acc 0.0000 | val_f1 0.0000 | grad(main/disc) 18.344/0.000 | lr(main/disc) 7.00e-05/3.50e-05 | 58.2s
2026-08-25 18:41:00 | New best val_f1_macro_present: 0.0000 at epoch 1
2026-08-25 18:41:52 | Epoch 002/060 | loss 5.0672 | cls 4.9648 | tal 0.3414 | dual_g 0.0000 | dual_d 0.0000 | train_acc 0.0859 | train_full 0.1364 | val_acc 0.0270 | val_f1 0.0148 | grad(main/disc) 15.822/0.000 | lr(main/disc) 7.00e-05/3.50e-05 | 51.9s
2026-08-25 18:41:52 | New best val_f1_macro_present: 0.0148 at epoch 2
2026-08-25 18:42:48 | Epoch 003/060 | loss 4.4582 | cls 4.3822 | tal 0.2536 | dual_g 0.0000 | dual_d 0.0000 | train_acc 0.2148 | train_full 0.2045 | val_acc 0.1351 | val_f1 0.1758 | grad(main/disc) 13.962/0.000 | lr(main/disc) 7.00e-05/3.50e-05 | 55.7s
2026-08-25 18:42:48 | New best val_f1_macro_present: 0.1758 at epoch 3
2026-08-25 18:43:42 | Epoch 004/060 | loss 4.0196 | cls 3.9379 | tal 0.2724 | dual_g 0.0000 | dual_d 0.0000 | train_acc 0.2656 | train_full 0.2803 | val_acc 0.2162 | val_f1 0.2286 | grad(main/disc) 12.773/0.000 | lr(main/disc) 7.00e-05/3.50e-05 | 54.6s
2026-08-25 18:43:42 | New best val_f1_macro_present: 0.2286 at epoch 4
2026-08-25 18:44:37 | Epoch 005/060 | loss 3.5804 | cls 3.4987 | tal 0.2721 | dual_g 0.0000 | dual_d 0.0000 | train_acc 0.3945 | train_full 0.4773 | val_acc 0.4595 | val_f1 0.4328 | grad(main/disc) 11.545/0.000 | lr(main/disc) 7.00e-05/3.50e-05 | 55.1s
2026-08-25 18:44:37 | New best val_f1_macro_present: 0.4328 at epoch 5
2026-08-25 18:45:34 | Epoch 006/060 | loss 3.7768 | cls 3.4331 | tal 0.2918 | dual_g 0.2561 | dual_d 0.9194 | train_acc 0.4062 | train_full 0.7348 | val_acc 0.6216 | val_f1 0.5822 | grad(main/disc) 11.853/2.059 | lr(main/disc) 7.00e-05/3.50e-05 | 56.6s
2026-08-25 18:45:34 | New best val_f1_macro_present: 0.5822 at epoch 6
2026-08-25 18:46:25 | Epoch 007/060 | loss 3.6912 | cls 3.1432 | tal 0.2473 | dual_g 0.4738 | dual_d 0.9145 | train_acc 0.4688 | train_full 0.8485 | val_acc 0.8108 | val_f1 0.7427 | grad(main/disc) 11.354/1.934 | lr(main/disc) 7.00e-05/3.50e-05 | 50.6s
2026-08-25 18:46:25 | New best val_f1_macro_present: 0.7427 at epoch 7
2026-08-25 18:47:19 | Epoch 008/060 | loss 3.6891 | cls 2.9467 | tal 0.2455 | dual_g 0.6688 | dual_d 0.9044 | train_acc 0.5312 | train_full 0.8864 | val_acc 0.8919 | val_f1 0.9039 | grad(main/disc) 11.282/1.986 | lr(main/disc) 7.00e-05/3.50e-05 | 54.5s
2026-08-25 18:47:19 | New best val_f1_macro_present: 0.9039 at epoch 8
2026-08-25 18:48:15 | Epoch 009/060 | loss 3.7243 | cls 2.7951 | tal 0.2571 | dual_g 0.8521 | dual_d 0.8404 | train_acc 0.5117 | train_full 0.9091 | val_acc 0.8919 | val_f1 0.9019 | grad(main/disc) 11.046/1.814 | lr(main/disc) 7.00e-05/3.50e-05 | 55.5s
2026-08-25 18:49:11 | Epoch 010/060 | loss 3.6823 | cls 2.5964 | tal 0.2504 | dual_g 1.0107 | dual_d 0.8640 | train_acc 0.5586 | train_full 0.9470 | val_acc 0.9189 | val_f1 0.9316 | grad(main/disc) 10.823/1.780 | lr(main/disc) 7.00e-05/3.50e-05 | 56.1s
2026-08-25 18:49:11 | New best val_f1_macro_present: 0.9316 at epoch 10
2026-08-25 18:50:06 | Epoch 011/060 | loss 3.6153 | cls 2.4093 | tal 0.2475 | dual_g 1.1318 | dual_d 0.7921 | train_acc 0.7070 | train_full 0.9394 | val_acc 0.9189 | val_f1 0.9373 | grad(main/disc) 10.813/1.667 | lr(main/disc) 7.00e-05/3.50e-05 | 55.1s
2026-08-25 18:50:06 | New best val_f1_macro_present: 0.9373 at epoch 11
2026-08-25 18:51:00 | Epoch 012/060 | loss 3.7594 | cls 2.4370 | tal 0.2144 | dual_g 1.2581 | dual_d 0.8347 | train_acc 0.6758 | train_full 0.9697 | val_acc 0.9459 | val_f1 0.9533 | grad(main/disc) 11.432/1.750 | lr(main/disc) 7.00e-05/3.50e-05 | 54.4s
2026-08-25 18:51:00 | New best val_f1_macro_present: 0.9533 at epoch 12
2026-08-25 18:51:55 | Epoch 013/060 | loss 3.6467 | cls 2.1855 | tal 0.2214 | dual_g 1.3948 | dual_d 0.8374 | train_acc 0.7266 | train_full 0.9621 | val_acc 0.9189 | val_f1 0.9340 | grad(main/disc) 11.031/1.705 | lr(main/disc) 7.00e-05/3.50e-05 | 55.1s
2026-08-25 18:52:50 | Epoch 014/060 | loss 3.8254 | cls 2.2357 | tal 0.2357 | dual_g 1.5190 | dual_d 0.8405 | train_acc 0.7227 | train_full 0.9394 | val_acc 0.8919 | val_f1 0.9118 | grad(main/disc) 11.572/1.667 | lr(main/disc) 7.00e-05/3.50e-05 | 54.9s
2026-08-25 18:53:45 | Epoch 015/060 | loss 3.7236 | cls 2.0874 | tal 0.1575 | dual_g 1.5890 | dual_d 0.8170 | train_acc 0.7656 | train_full 0.9470 | val_acc 0.8919 | val_f1 0.9156 | grad(main/disc) 11.544/1.637 | lr(main/disc) 7.00e-05/3.50e-05 | 54.8s
2026-08-25 18:54:40 | Epoch 016/060 | loss 3.6911 | cls 2.0627 | tal 0.1770 | dual_g 1.5753 | dual_d 0.8293 | train_acc 0.8086 | train_full 0.9242 | val_acc 0.9459 | val_f1 0.9533 | grad(main/disc) 13.661/1.624 | lr(main/disc) 7.00e-05/3.50e-05 | 55.4s
2026-08-25 18:55:36 | Epoch 017/060 | loss 3.5916 | cls 1.9943 | tal 0.1196 | dual_g 1.5614 | dual_d 0.7700 | train_acc 0.8047 | train_full 0.9545 | val_acc 0.9730 | val_f1 0.9756 | grad(main/disc) 12.113/1.528 | lr(main/disc) 7.00e-05/3.50e-05 | 55.7s
2026-08-25 18:55:36 | New best val_f1_macro_present: 0.9756 at epoch 17
2026-08-25 18:56:31 | Epoch 018/060 | loss 3.3900 | cls 1.8596 | tal 0.1291 | dual_g 1.4916 | dual_d 0.7807 | train_acc 0.8086 | train_full 0.9697 | val_acc 0.9189 | val_f1 0.9355 | grad(main/disc) 15.055/1.536 | lr(main/disc) 7.00e-05/3.50e-05 | 55.0s
2026-08-25 18:57:26 | Epoch 019/060 | loss 3.3158 | cls 1.8336 | tal 0.0754 | dual_g 1.4596 | dual_d 0.7992 | train_acc 0.8438 | train_full 0.9773 | val_acc 0.9730 | val_f1 0.9756 | grad(main/disc) 13.091/1.581 | lr(main/disc) 7.00e-05/3.50e-05 | 55.0s
2026-08-25 18:58:22 | Epoch 020/060 | loss 3.2760 | cls 1.8285 | tal 0.0593 | dual_g 1.4297 | dual_d 0.7854 | train_acc 0.8008 | train_full 0.9848 | val_acc 0.9459 | val_f1 0.9533 | grad(main/disc) 12.355/1.522 | lr(main/disc) 7.00e-05/3.50e-05 | 56.4s
2026-08-25 18:59:18 | Epoch 021/060 | loss 3.1246 | cls 1.7328 | tal 0.0766 | dual_g 1.3688 | dual_d 0.7915 | train_acc 0.8594 | train_full 1.0000 | val_acc 0.9730 | val_f1 0.9756 | grad(main/disc) 11.119/1.476 | lr(main/disc) 7.00e-05/3.50e-05 | 55.8s
2026-08-25 19:00:14 | Epoch 022/060 | loss 3.2529 | cls 1.8136 | tal 0.1001 | dual_g 1.4093 | dual_d 0.7989 | train_acc 0.8359 | train_full 0.9924 | val_acc 0.9730 | val_f1 0.9756 | grad(main/disc) 14.379/1.501 | lr(main/disc) 7.00e-05/3.50e-05 | 55.9s
2026-08-25 19:01:11 | Epoch 023/060 | loss 3.0271 | cls 1.6449 | tal 0.1202 | dual_g 1.3461 | dual_d 0.8369 | train_acc 0.9219 | train_full 0.9773 | val_acc 1.0000 | val_f1 1.0000 | grad(main/disc) 10.614/1.594 | lr(main/disc) 7.00e-05/3.50e-05 | 56.5s
2026-08-25 19:01:11 | New best val_f1_macro_present: 1.0000 at epoch 23
2026-08-25 19:02:08 | Epoch 024/060 | loss 2.9834 | cls 1.6426 | tal 0.0743 | dual_g 1.3185 | dual_d 0.8336 | train_acc 0.9062 | train_full 0.9924 | val_acc 0.9189 | val_f1 0.9335 | grad(main/disc) 10.108/1.541 | lr(main/disc) 7.00e-05/3.50e-05 | 57.3s
2026-08-25 19:03:03 | Epoch 025/060 | loss 2.9475 | cls 1.6186 | tal 0.0937 | dual_g 1.3008 | dual_d 0.8102 | train_acc 0.8984 | train_full 1.0000 | val_acc 0.9730 | val_f1 0.9756 | grad(main/disc) 12.204/1.508 | lr(main/disc) 7.00e-05/3.50e-05 | 54.9s
2026-08-25 19:03:58 | Epoch 026/060 | loss 2.9628 | cls 1.6600 | tal 0.0462 | dual_g 1.2889 | dual_d 0.8282 | train_acc 0.9141 | train_full 0.9773 | val_acc 1.0000 | val_f1 1.0000 | grad(main/disc) 10.761/1.484 | lr(main/disc) 7.00e-05/3.50e-05 | 54.8s
2026-08-25 19:04:53 | Epoch 027/060 | loss 2.9073 | cls 1.6016 | tal 0.0454 | dual_g 1.2921 | dual_d 0.8403 | train_acc 0.9570 | train_full 1.0000 | val_acc 1.0000 | val_f1 1.0000 | grad(main/disc) 9.196/1.461 | lr(main/disc) 7.00e-05/3.50e-05 | 55.4s
2026-08-25 19:05:50 | Epoch 028/060 | loss 2.8648 | cls 1.6117 | tal 0.0439 | dual_g 1.2399 | dual_d 0.8854 | train_acc 0.9219 | train_full 1.0000 | val_acc 1.0000 | val_f1 1.0000 | grad(main/disc) 10.910/1.498 | lr(main/disc) 7.00e-05/3.50e-05 | 56.6s
2026-08-25 19:06:45 | Epoch 029/060 | loss 2.6990 | cls 1.4830 | tal 0.0217 | dual_g 1.2095 | dual_d 0.8575 | train_acc 0.9492 | train_full 1.0000 | val_acc 0.9730 | val_f1 0.9776 | grad(main/disc) 9.219/1.498 | lr(main/disc) 7.00e-05/3.50e-05 | 54.8s
2026-08-25 19:07:40 | Epoch 030/060 | loss 2.7183 | cls 1.5096 | tal -0.0092 | dual_g 1.2114 | dual_d 0.8727 | train_acc 0.9570 | train_full 1.0000 | val_acc 0.9730 | val_f1 0.9756 | grad(main/disc) 9.331/1.473 | lr(main/disc) 3.50e-05/1.75e-05 | 55.4s
2026-08-25 19:08:33 | Epoch 031/060 | loss 2.7316 | cls 1.5034 | tal -0.0085 | dual_g 1.2307 | dual_d 0.9251 | train_acc 0.9336 | train_full 1.0000 | val_acc 1.0000 | val_f1 1.0000 | grad(main/disc) 10.571/1.564 | lr(main/disc) 3.50e-05/1.75e-05 | 53.2s
2026-08-25 19:09:30 | Epoch 032/060 | loss 2.6143 | cls 1.4494 | tal -0.0459 | dual_g 1.1787 | dual_d 0.9233 | train_acc 0.9492 | train_full 1.0000 | val_acc 1.0000 | val_f1 1.0000 | grad(main/disc) 7.701/1.608 | lr(main/disc) 3.50e-05/1.75e-05 | 56.7s
2026-08-25 19:10:29 | Epoch 033/060 | loss 2.6366 | cls 1.4894 | tal -0.0541 | dual_g 1.1635 | dual_d 0.9265 | train_acc 0.9414 | train_full 1.0000 | val_acc 1.0000 | val_f1 1.0000 | grad(main/disc) 7.249/1.564 | lr(main/disc) 3.50e-05/1.75e-05 | 58.8s
2026-08-25 19:11:24 | Epoch 034/060 | loss 2.6794 | cls 1.5109 | tal -0.0530 | dual_g 1.1844 | dual_d 0.9047 | train_acc 0.9258 | train_full 1.0000 | val_acc 1.0000 | val_f1 1.0000 | grad(main/disc) 9.987/1.619 | lr(main/disc) 3.50e-05/1.75e-05 | 54.9s
2026-08-25 19:12:19 | Epoch 035/060 | loss 2.5866 | cls 1.4519 | tal -0.0516 | dual_g 1.1502 | dual_d 0.9136 | train_acc 0.9688 | train_full 1.0000 | val_acc 1.0000 | val_f1 1.0000 | grad(main/disc) 9.748/1.501 | lr(main/disc) 3.50e-05/1.75e-05 | 55.8s
2026-08-25 19:13:16 | Epoch 036/060 | loss 2.5951 | cls 1.4610 | tal -0.0545 | dual_g 1.1505 | dual_d 0.8767 | train_acc 0.9492 | train_full 1.0000 | val_acc 1.0000 | val_f1 1.0000 | grad(main/disc) 8.742/1.502 | lr(main/disc) 3.50e-05/1.75e-05 | 57.0s
2026-08-25 19:14:13 | Epoch 037/060 | loss 2.5632 | cls 1.4488 | tal -0.1108 | dual_g 1.1476 | dual_d 0.8904 | train_acc 0.9688 | train_full 1.0000 | val_acc 1.0000 | val_f1 1.0000 | grad(main/disc) 7.196/1.461 | lr(main/disc) 1.75e-05/8.75e-06 | 56.6s
2026-08-25 19:15:11 | Epoch 038/060 | loss 2.4958 | cls 1.4135 | tal -0.1396 | dual_g 1.1243 | dual_d 0.9404 | train_acc 0.9766 | train_full 1.0000 | val_acc 1.0000 | val_f1 1.0000 | grad(main/disc) 7.057/1.561 | lr(main/disc) 1.75e-05/8.75e-06 | 57.7s
2026-08-25 19:16:06 | Epoch 039/060 | loss 2.5076 | cls 1.4142 | tal -0.0913 | dual_g 1.1208 | dual_d 0.9024 | train_acc 0.9570 | train_full 1.0000 | val_acc 1.0000 | val_f1 1.0000 | grad(main/disc) 7.015/1.500 | lr(main/disc) 1.75e-05/8.75e-06 | 54.9s
2026-08-25 19:17:01 | Epoch 040/060 | loss 2.5074 | cls 1.4236 | tal -0.0877 | dual_g 1.1101 | dual_d 0.9371 | train_acc 0.9609 | train_full 1.0000 | val_acc 1.0000 | val_f1 1.0000 | grad(main/disc) 7.783/1.542 | lr(main/disc) 1.75e-05/8.75e-06 | 55.7s
2026-08-25 19:17:57 | Epoch 041/060 | loss 2.5558 | cls 1.4400 | tal -0.0777 | dual_g 1.1391 | dual_d 0.8983 | train_acc 0.9844 | train_full 1.0000 | val_acc 1.0000 | val_f1 1.0000 | grad(main/disc) 7.825/1.545 | lr(main/disc) 1.75e-05/8.75e-06 | 55.3s
2026-08-25 19:18:53 | Epoch 042/060 | loss 2.4654 | cls 1.3874 | tal -0.1052 | dual_g 1.1096 | dual_d 0.8915 | train_acc 0.9961 | train_full 1.0000 | val_acc 1.0000 | val_f1 1.0000 | grad(main/disc) 6.772/1.451 | lr(main/disc) 1.75e-05/8.75e-06 | 56.5s
2026-08-25 19:19:49 | Epoch 043/060 | loss 2.4231 | cls 1.3636 | tal -0.1093 | dual_g 1.0923 | dual_d 0.9239 | train_acc 0.9766 | train_full 1.0000 | val_acc 1.0000 | val_f1 1.0000 | grad(main/disc) 7.269/1.493 | lr(main/disc) 1.75e-05/8.75e-06 | 55.6s
2026-08-25 19:20:43 | Epoch 044/060 | loss 2.4517 | cls 1.3954 | tal -0.1478 | dual_g 1.1006 | dual_d 0.9028 | train_acc 0.9727 | train_full 1.0000 | val_acc 1.0000 | val_f1 1.0000 | grad(main/disc) 6.465/1.490 | lr(main/disc) 8.75e-06/4.37e-06 | 54.4s
2026-08-25 19:21:38 | Epoch 045/060 | loss 2.4933 | cls 1.4188 | tal -0.1254 | dual_g 1.1121 | dual_d 0.9423 | train_acc 0.9688 | train_full 1.0000 | val_acc 1.0000 | val_f1 1.0000 | grad(main/disc) 7.223/1.552 | lr(main/disc) 8.75e-06/4.37e-06 | 54.4s
2026-08-25 19:22:36 | Epoch 046/060 | loss 2.5083 | cls 1.4200 | tal -0.1382 | dual_g 1.1298 | dual_d 0.8967 | train_acc 0.9531 | train_full 1.0000 | val_acc 1.0000 | val_f1 1.0000 | grad(main/disc) 7.766/1.487 | lr(main/disc) 8.75e-06/4.37e-06 | 58.0s
2026-08-25 19:23:31 | Epoch 047/060 | loss 2.5275 | cls 1.4370 | tal -0.1063 | dual_g 1.1225 | dual_d 0.9044 | train_acc 0.9688 | train_full 1.0000 | val_acc 1.0000 | val_f1 1.0000 | grad(main/disc) 7.368/1.488 | lr(main/disc) 8.75e-06/4.37e-06 | 55.4s
2026-08-25 19:24:26 | Epoch 048/060 | loss 2.4621 | cls 1.4013 | tal -0.1268 | dual_g 1.0989 | dual_d 0.9342 | train_acc 0.9766 | train_full 1.0000 | val_acc 1.0000 | val_f1 1.0000 | grad(main/disc) 6.344/1.512 | lr(main/disc) 8.75e-06/4.37e-06 | 54.6s
2026-08-25 19:25:21 | Epoch 049/060 | loss 2.4220 | cls 1.3870 | tal -0.1566 | dual_g 1.0819 | dual_d 0.9341 | train_acc 0.9844 | train_full 1.0000 | val_acc 1.0000 | val_f1 1.0000 | grad(main/disc) 7.397/1.559 | lr(main/disc) 8.75e-06/4.37e-06 | 55.8s
2026-08-25 19:26:17 | Epoch 050/060 | loss 2.4592 | cls 1.3885 | tal -0.0987 | dual_g 1.1004 | dual_d 0.9238 | train_acc 0.9961 | train_full 1.0000 | val_acc 1.0000 | val_f1 1.0000 | grad(main/disc) 6.282/1.528 | lr(main/disc) 8.75e-06/4.37e-06 | 55.7s
2026-08-25 19:27:13 | Epoch 051/060 | loss 2.4388 | cls 1.3775 | tal -0.1005 | dual_g 1.0915 | dual_d 0.9150 | train_acc 0.9922 | train_full 1.0000 | val_acc 1.0000 | val_f1 1.0000 | grad(main/disc) 7.186/1.473 | lr(main/disc) 4.37e-06/2.19e-06 | 56.1s
2026-08-25 19:28:06 | Epoch 052/060 | loss 2.4770 | cls 1.4122 | tal -0.0857 | dual_g 1.0905 | dual_d 0.9592 | train_acc 0.9727 | train_full 1.0000 | val_acc 1.0000 | val_f1 1.0000 | grad(main/disc) 7.126/1.613 | lr(main/disc) 4.37e-06/2.19e-06 | 53.3s
2026-08-25 19:29:02 | Epoch 053/060 | loss 2.4179 | cls 1.3630 | tal -0.0861 | dual_g 1.0807 | dual_d 0.9387 | train_acc 0.9648 | train_full 1.0000 | val_acc 1.0000 | val_f1 1.0000 | grad(main/disc) 5.601/1.536 | lr(main/disc) 4.37e-06/2.19e-06 | 55.6s
2026-08-25 19:29:55 | Epoch 054/060 | loss 2.4732 | cls 1.3899 | tal -0.1164 | dual_g 1.1182 | dual_d 0.8849 | train_acc 0.9766 | train_full 1.0000 | val_acc 1.0000 | val_f1 1.0000 | grad(main/disc) 6.494/1.503 | lr(main/disc) 4.37e-06/2.19e-06 | 53.1s
2026-08-25 19:30:53 | Epoch 055/060 | loss 2.3916 | cls 1.3583 | tal -0.1254 | dual_g 1.0709 | dual_d 0.9269 | train_acc 0.9805 | train_full 1.0000 | val_acc 1.0000 | val_f1 1.0000 | grad(main/disc) 6.490/1.494 | lr(main/disc) 4.37e-06/2.19e-06 | 57.4s
2026-08-25 19:31:49 | Epoch 056/060 | loss 2.4280 | cls 1.3828 | tal -0.1059 | dual_g 1.0769 | dual_d 0.8756 | train_acc 0.9844 | train_full 1.0000 | val_acc 1.0000 | val_f1 1.0000 | grad(main/disc) 6.054/1.455 | lr(main/disc) 4.37e-06/2.19e-06 | 56.3s
2026-08-25 19:32:44 | Epoch 057/060 | loss 2.4560 | cls 1.3829 | tal -0.0891 | dual_g 1.0998 | dual_d 0.9150 | train_acc 0.9766 | train_full 1.0000 | val_acc 1.0000 | val_f1 1.0000 | grad(main/disc) 7.184/1.539 | lr(main/disc) 4.37e-06/2.19e-06 | 54.7s
2026-08-25 19:33:38 | Epoch 058/060 | loss 2.4318 | cls 1.3929 | tal -0.1272 | dual_g 1.0771 | dual_d 0.9504 | train_acc 0.9883 | train_full 1.0000 | val_acc 1.0000 | val_f1 1.0000 | grad(main/disc) 6.228/1.492 | lr(main/disc) 2.19e-06/1.09e-06 | 55.0s
2026-08-25 19:34:35 | Epoch 059/060 | loss 2.4418 | cls 1.3945 | tal -0.1023 | dual_g 1.0779 | dual_d 0.9254 | train_acc 0.9688 | train_full 1.0000 | val_acc 1.0000 | val_f1 1.0000 | grad(main/disc) 7.100/1.561 | lr(main/disc) 2.19e-06/1.09e-06 | 56.7s
2026-08-25 19:35:33 | Epoch 060/060 | loss 2.4364 | cls 1.3831 | tal -0.1166 | dual_g 1.0883 | dual_d 0.9366 | train_acc 0.9727 | train_full 1.0000 | val_acc 1.0000 | val_f1 1.0000 | grad(main/disc) 6.129/1.501 | lr(main/disc) 2.19e-06/1.09e-06 | 57.5s
2026-08-25 19:35:33 | Early stopping at epoch 60 after 37 epochs without val_f1_macro_present improvement.
2026-08-25 19:35:33 | Training complete. Best validation accuracy: 1.0000 | best val_f1_macro_present: 1.0000
2026-08-25 19:35:33 | Starting Dual_D standalone training
2026-08-25 19:35:33 | Run directory: runs/combined_60/full/dual_d_逆光_20260825_184001
2026-08-25 19:35:33 | Device: cuda
2026-08-25 19:35:33 | Source train samples: 992
2026-08-25 19:35:33 | Target train samples: 132
2026-08-25 19:35:33 | Target val samples: 37
2026-08-25 19:35:33 | Classes: 14
2026-08-25 19:35:33 | Data audit: same_dir=False | path_overlap(vis/ir/ais)=0/0/0 | content_overlap(vis/ir/ais)=0/0/0 | ais_index_overlap=0 | stem_mismatch(vis-ir/vis-ais)=157/0
2026-08-25 19:35:33 | source_train classes: present 14/14 | absent 0 | counts [0:120, 1:44, 2:69, 3:45, 4:40, 5:30, 6:64, 7:80, 8:116, 9:68, 10:57, 11:83, 12:48, 13:128]
2026-08-25 19:35:33 | target_train classes: present 9/14 | absent 5 | counts [0:20, 2:12, 4:12, 5:2, 9:16, 10:16, 11:29, 12:4, 13:21]
2026-08-25 19:35:33 | target_val classes: present 9/14 | absent 5 | counts [0:6, 2:3, 4:4, 5:1, 9:4, 10:4, 11:8, 12:1, 13:6]
2026-08-25 19:35:33 | Paired training classes: 9/14 | class ids [0, 2, 4, 5, 9, 10, 11, 12, 13]
2026-08-25 19:35:33 | VIS/IR pairing: class-level-unpaired | count-mismatch classes train/val: 10/1 | AIS alignment: none | AIS rows train/val: 0/0
2026-08-25 19:35:34 | Model parameters: total=17277714 | trainable=17120210
Starting run 2/6: domain=逆光, iteration=2, seed=43
2026-08-25 19:36:30 | Epoch 001/060 | loss 5.8860 | cls 5.8442 | tal 0.1393 | dual_g 0.0000 | dual_d 0.0000 | train_acc 0.0820 | train_full 0.2197 | val_acc 0.2162 | val_f1 0.0480 | grad(main/disc) 18.363/0.000 | lr(main/disc) 7.00e-05/3.50e-05 | 56.4s
2026-08-25 19:36:30 | New best val_f1_macro_present: 0.0480 at epoch 1
2026-08-25 19:37:25 | Epoch 002/060 | loss 5.2319 | cls 5.1891 | tal 0.1427 | dual_g 0.0000 | dual_d 0.0000 | train_acc 0.1211 | train_full 0.2879 | val_acc 0.2973 | val_f1 0.1267 | grad(main/disc) 15.653/0.000 | lr(main/disc) 7.00e-05/3.50e-05 | 55.1s
2026-08-25 19:37:25 | New best val_f1_macro_present: 0.1267 at epoch 2
2026-08-25 19:38:21 | Epoch 003/060 | loss 4.4826 | cls 4.4129 | tal 0.2324 | dual_g 0.0000 | dual_d 0.0000 | train_acc 0.1914 | train_full 0.2879 | val_acc 0.2973 | val_f1 0.1625 | grad(main/disc) 13.568/0.000 | lr(main/disc) 7.00e-05/3.50e-05 | 56.0s
2026-08-25 19:38:21 | New best val_f1_macro_present: 0.1625 at epoch 3
2026-08-25 19:39:17 | Epoch 004/060 | loss 4.1049 | cls 4.0385 | tal 0.2213 | dual_g 0.0000 | dual_d 0.0000 | train_acc 0.2656 | train_full 0.2955 | val_acc 0.2973 | val_f1 0.2712 | grad(main/disc) 12.162/0.000 | lr(main/disc) 7.00e-05/3.50e-05 | 55.4s
2026-08-25 19:39:17 | New best val_f1_macro_present: 0.2712 at epoch 4
2026-08-25 19:40:12 | Epoch 005/060 | loss 3.7656 | cls 3.7175 | tal 0.1604 | dual_g 0.0000 | dual_d 0.0000 | train_acc 0.3047 | train_full 0.3409 | val_acc 0.4054 | val_f1 0.3931 | grad(main/disc) 11.549/0.000 | lr(main/disc) 7.00e-05/3.50e-05 | 55.5s
2026-08-25 19:40:12 | New best val_f1_macro_present: 0.3931 at epoch 5
2026-08-25 19:41:09 | Epoch 006/060 | loss 3.6636 | cls 3.3577 | tal 0.1630 | dual_g 0.2570 | dual_d 0.9276 | train_acc 0.3320 | train_full 0.5227 | val_acc 0.5135 | val_f1 0.5058 | grad(main/disc) 10.663/1.965 | lr(main/disc) 7.00e-05/3.50e-05 | 56.9s
2026-08-25 19:41:09 | New best val_f1_macro_present: 0.5058 at epoch 6
2026-08-25 19:42:08 | Epoch 007/060 | loss 3.7768 | cls 3.2335 | tal 0.1678 | dual_g 0.4930 | dual_d 0.9949 | train_acc 0.4688 | train_full 0.6288 | val_acc 0.6216 | val_f1 0.6995 | grad(main/disc) 10.766/2.084 | lr(main/disc) 7.00e-05/3.50e-05 | 58.7s
2026-08-25 19:42:08 | New best val_f1_macro_present: 0.6995 at epoch 7
2026-08-25 19:43:03 | Epoch 008/060 | loss 3.7116 | cls 2.9837 | tal 0.1312 | dual_g 0.6885 | dual_d 0.9537 | train_acc 0.4727 | train_full 0.7500 | val_acc 0.7568 | val_f1 0.7873 | grad(main/disc) 10.264/1.909 | lr(main/disc) 7.00e-05/3.50e-05 | 55.1s
2026-08-25 19:43:03 | New best val_f1_macro_present: 0.7873 at epoch 8
2026-08-25 19:43:58 | Epoch 009/060 | loss 3.7148 | cls 2.8086 | tal 0.1278 | dual_g 0.8678 | dual_d 0.9695 | train_acc 0.5273 | train_full 0.7955 | val_acc 0.7297 | val_f1 0.7459 | grad(main/disc) 10.692/1.944 | lr(main/disc) 7.00e-05/3.50e-05 | 55.3s
2026-08-25 19:44:54 | Epoch 010/060 | loss 3.7348 | cls 2.7040 | tal 0.0587 | dual_g 1.0132 | dual_d 0.9208 | train_acc 0.5820 | train_full 0.8409 | val_acc 0.8378 | val_f1 0.8562 | grad(main/disc) 10.481/1.775 | lr(main/disc) 7.00e-05/3.50e-05 | 55.5s
2026-08-25 19:44:54 | New best val_f1_macro_present: 0.8562 at epoch 10
2026-08-25 19:45:49 | Epoch 011/060 | loss 3.8234 | cls 2.5963 | tal 0.0504 | dual_g 1.2120 | dual_d 0.9291 | train_acc 0.5781 | train_full 0.8485 | val_acc 0.8919 | val_f1 0.9043 | grad(main/disc) 11.138/1.836 | lr(main/disc) 7.00e-05/3.50e-05 | 55.2s
2026-08-25 19:45:49 | New best val_f1_macro_present: 0.9043 at epoch 11
2026-08-25 19:46:45 | Epoch 012/060 | loss 3.8667 | cls 2.5363 | tal -0.0067 | dual_g 1.3324 | dual_d 0.8696 | train_acc 0.6758 | train_full 0.8788 | val_acc 0.8649 | val_f1 0.8528 | grad(main/disc) 11.537/1.729 | lr(main/disc) 7.00e-05/3.50e-05 | 56.0s
2026-08-25 19:47:40 | Epoch 013/060 | loss 3.7787 | cls 2.3181 | tal -0.0189 | dual_g 1.4663 | dual_d 0.8481 | train_acc 0.6758 | train_full 0.9242 | val_acc 0.9189 | val_f1 0.9335 | grad(main/disc) 11.366/1.646 | lr(main/disc) 7.00e-05/3.50e-05 | 54.7s
2026-08-25 19:47:40 | New best val_f1_macro_present: 0.9335 at epoch 13
2026-08-25 19:48:36 | Epoch 014/060 | loss 3.9276 | cls 2.3117 | tal -0.0039 | dual_g 1.6171 | dual_d 0.8697 | train_acc 0.6953 | train_full 0.8939 | val_acc 0.9189 | val_f1 0.9103 | grad(main/disc) 11.770/1.630 | lr(main/disc) 7.00e-05/3.50e-05 | 56.5s
2026-08-25 19:49:32 | Epoch 015/060 | loss 3.9903 | cls 2.2089 | tal 0.0809 | dual_g 1.7572 | dual_d 0.8689 | train_acc 0.7148 | train_full 0.9015 | val_acc 0.9189 | val_f1 0.9335 | grad(main/disc) 11.265/1.577 | lr(main/disc) 7.00e-05/3.50e-05 | 55.6s
2026-08-25 19:50:29 | Epoch 016/060 | loss 3.7561 | cls 2.1348 | tal 0.0710 | dual_g 1.6001 | dual_d 0.8875 | train_acc 0.6836 | train_full 0.9394 | val_acc 0.9189 | val_f1 0.9335 | grad(main/disc) 11.028/1.541 | lr(main/disc) 7.00e-05/3.50e-05 | 57.7s
2026-08-25 19:51:24 | Epoch 017/060 | loss 3.5997 | cls 2.0321 | tal -0.0033 | dual_g 1.5686 | dual_d 0.8806 | train_acc 0.7539 | train_full 0.9545 | val_acc 0.9189 | val_f1 0.9335 | grad(main/disc) 11.166/1.550 | lr(main/disc) 7.00e-05/3.50e-05 | 54.8s
2026-08-25 19:52:20 | Epoch 018/060 | loss 3.4760 | cls 1.9248 | tal 0.0487 | dual_g 1.5366 | dual_d 0.8955 | train_acc 0.7773 | train_full 0.9545 | val_acc 0.9189 | val_f1 0.9335 | grad(main/disc) 10.801/1.539 | lr(main/disc) 7.00e-05/3.50e-05 | 55.9s
2026-08-25 19:53:17 | Epoch 019/060 | loss 3.3907 | cls 1.8679 | tal 0.0330 | dual_g 1.5129 | dual_d 0.9158 | train_acc 0.8281 | train_full 0.9697 | val_acc 0.9189 | val_f1 0.9335 | grad(main/disc) 12.903/1.464 | lr(main/disc) 7.00e-05/3.50e-05 | 56.9s
2026-08-25 19:54:13 | Epoch 020/060 | loss 3.4093 | cls 1.9325 | tal -0.0419 | dual_g 1.4893 | dual_d 0.9189 | train_acc 0.8242 | train_full 0.9848 | val_acc 0.9189 | val_f1 0.9261 | grad(main/disc) 13.883/1.559 | lr(main/disc) 3.50e-05/1.75e-05 | 56.1s
2026-08-25 19:55:08 | Epoch 021/060 | loss 3.3001 | cls 1.8570 | tal -0.0193 | dual_g 1.4489 | dual_d 0.8934 | train_acc 0.8633 | train_full 0.9924 | val_acc 0.9189 | val_f1 0.9335 | grad(main/disc) 12.045/1.514 | lr(main/disc) 3.50e-05/1.75e-05 | 55.2s
2026-08-25 19:56:06 | Epoch 022/060 | loss 3.2393 | cls 1.7950 | tal -0.0172 | dual_g 1.4494 | dual_d 0.8677 | train_acc 0.8633 | train_full 0.9848 | val_acc 0.9189 | val_f1 0.9335 | grad(main/disc) 10.629/1.496 | lr(main/disc) 3.50e-05/1.75e-05 | 57.1s
2026-08-25 19:57:01 | Epoch 023/060 | loss 3.2029 | cls 1.7961 | tal 0.0480 | dual_g 1.3924 | dual_d 0.9046 | train_acc 0.8594 | train_full 1.0000 | val_acc 0.9189 | val_f1 0.9335 | grad(main/disc) 10.425/1.428 | lr(main/disc) 3.50e-05/1.75e-05 | 55.7s
2026-08-25 19:57:56 | Epoch 024/060 | loss 3.1289 | cls 1.7597 | tal 0.0261 | dual_g 1.3614 | dual_d 0.8579 | train_acc 0.8750 | train_full 0.9924 | val_acc 0.9189 | val_f1 0.9335 | grad(main/disc) 11.218/1.386 | lr(main/disc) 3.50e-05/1.75e-05 | 55.2s
2026-08-25 19:58:52 | Epoch 025/060 | loss 3.0216 | cls 1.6417 | tal 0.1095 | dual_g 1.3471 | dual_d 0.8666 | train_acc 0.9219 | train_full 1.0000 | val_acc 0.9459 | val_f1 0.9558 | grad(main/disc) 9.101/1.411 | lr(main/disc) 3.50e-05/1.75e-05 | 55.9s
2026-08-25 19:58:52 | New best val_f1_macro_present: 0.9558 at epoch 25
2026-08-25 19:59:47 | Epoch 026/060 | loss 3.0559 | cls 1.6850 | tal 0.1530 | dual_g 1.3249 | dual_d 0.9040 | train_acc 0.8984 | train_full 1.0000 | val_acc 0.9459 | val_f1 0.9558 | grad(main/disc) 9.328/1.405 | lr(main/disc) 3.50e-05/1.75e-05 | 55.1s
2026-08-25 20:00:44 | Epoch 027/060 | loss 2.9145 | cls 1.5994 | tal 0.0213 | dual_g 1.3088 | dual_d 0.8327 | train_acc 0.8984 | train_full 0.9924 | val_acc 0.9459 | val_f1 0.9558 | grad(main/disc) 9.239/1.333 | lr(main/disc) 3.50e-05/1.75e-05 | 56.3s
2026-08-25 20:01:40 | Epoch 028/060 | loss 3.0291 | cls 1.6581 | tal 0.0591 | dual_g 1.3532 | dual_d 0.9172 | train_acc 0.8867 | train_full 0.9924 | val_acc 0.9189 | val_f1 0.9335 | grad(main/disc) 10.517/1.438 | lr(main/disc) 3.50e-05/1.75e-05 | 56.2s
2026-08-25 20:02:37 | Epoch 029/060 | loss 2.8949 | cls 1.6150 | tal 0.0126 | dual_g 1.2761 | dual_d 0.8866 | train_acc 0.9023 | train_full 0.9924 | val_acc 0.9730 | val_f1 0.9802 | grad(main/disc) 9.208/1.382 | lr(main/disc) 3.50e-05/1.75e-05 | 57.6s
2026-08-25 20:02:37 | New best val_f1_macro_present: 0.9802 at epoch 29
2026-08-25 20:03:31 | Epoch 030/060 | loss 2.8623 | cls 1.5906 | tal 0.0539 | dual_g 1.2555 | dual_d 0.8990 | train_acc 0.8750 | train_full 1.0000 | val_acc 0.9730 | val_f1 0.9802 | grad(main/disc) 8.150/1.432 | lr(main/disc) 3.50e-05/1.75e-05 | 54.0s
2026-08-25 20:04:25 | Epoch 031/060 | loss 2.8791 | cls 1.5748 | tal 0.0223 | dual_g 1.2976 | dual_d 0.9198 | train_acc 0.9258 | train_full 1.0000 | val_acc 0.9459 | val_f1 0.9578 | grad(main/disc) 10.113/1.451 | lr(main/disc) 3.50e-05/1.75e-05 | 53.9s
2026-08-25 20:05:18 | Epoch 032/060 | loss 2.8795 | cls 1.5973 | tal 0.0655 | dual_g 1.2626 | dual_d 0.9304 | train_acc 0.9453 | train_full 1.0000 | val_acc 0.9730 | val_f1 0.9802 | grad(main/disc) 11.454/1.425 | lr(main/disc) 3.50e-05/1.75e-05 | 52.7s
2026-08-25 20:06:13 | Epoch 033/060 | loss 2.8816 | cls 1.6021 | tal 0.0334 | dual_g 1.2695 | dual_d 0.9663 | train_acc 0.9062 | train_full 1.0000 | val_acc 0.9459 | val_f1 0.9558 | grad(main/disc) 10.900/1.461 | lr(main/disc) 3.50e-05/1.75e-05 | 55.0s
2026-08-25 20:07:08 | Epoch 034/060 | loss 2.7203 | cls 1.5019 | tal -0.0245 | dual_g 1.2258 | dual_d 0.9144 | train_acc 0.9453 | train_full 1.0000 | val_acc 0.9730 | val_f1 0.9802 | grad(main/disc) 9.511/1.393 | lr(main/disc) 3.50e-05/1.75e-05 | 54.7s
2026-08-25 20:08:04 | Epoch 035/060 | loss 2.8910 | cls 1.5855 | tal 0.0476 | dual_g 1.2912 | dual_d 0.9388 | train_acc 0.9375 | train_full 0.9924 | val_acc 0.9730 | val_f1 0.9802 | grad(main/disc) 11.671/1.398 | lr(main/disc) 3.50e-05/1.75e-05 | 55.9s
2026-08-25 20:09:00 | Epoch 036/060 | loss 2.7863 | cls 1.5461 | tal 0.0727 | dual_g 1.2185 | dual_d 0.9317 | train_acc 0.9258 | train_full 1.0000 | val_acc 0.9730 | val_f1 0.9802 | grad(main/disc) 11.437/1.393 | lr(main/disc) 1.75e-05/8.75e-06 | 56.3s
2026-08-25 20:09:57 | Epoch 037/060 | loss 2.7536 | cls 1.5289 | tal 0.0581 | dual_g 1.2072 | dual_d 0.9290 | train_acc 0.9102 | train_full 1.0000 | val_acc 0.9730 | val_f1 0.9802 | grad(main/disc) 9.064/1.415 | lr(main/disc) 1.75e-05/8.75e-06 | 57.6s
2026-08-25 20:10:52 | Epoch 038/060 | loss 2.6677 | cls 1.4576 | tal 0.0327 | dual_g 1.2003 | dual_d 0.9274 | train_acc 0.9648 | train_full 1.0000 | val_acc 0.9730 | val_f1 0.9802 | grad(main/disc) 7.577/1.392 | lr(main/disc) 1.75e-05/8.75e-06 | 54.7s
2026-08-25 20:11:48 | Epoch 039/060 | loss 2.8379 | cls 1.5598 | tal 0.0859 | dual_g 1.2523 | dual_d 0.9863 | train_acc 0.9258 | train_full 1.0000 | val_acc 0.9730 | val_f1 0.9802 | grad(main/disc) 9.899/1.441 | lr(main/disc) 1.75e-05/8.75e-06 | 55.5s
2026-08-25 20:12:43 | Epoch 040/060 | loss 2.8232 | cls 1.5449 | tal 0.0785 | dual_g 1.2547 | dual_d 0.9488 | train_acc 0.9531 | train_full 1.0000 | val_acc 0.9730 | val_f1 0.9802 | grad(main/disc) 9.836/1.402 | lr(main/disc) 1.75e-05/8.75e-06 | 55.7s
2026-08-25 20:13:39 | Epoch 041/060 | loss 2.8613 | cls 1.6017 | tal 0.0235 | dual_g 1.2525 | dual_d 0.9676 | train_acc 0.9336 | train_full 1.0000 | val_acc 0.9730 | val_f1 0.9802 | grad(main/disc) 10.204/1.426 | lr(main/disc) 1.75e-05/8.75e-06 | 55.6s
2026-08-25 20:14:36 | Epoch 042/060 | loss 2.8630 | cls 1.5974 | tal 0.0480 | dual_g 1.2513 | dual_d 0.9648 | train_acc 0.9414 | train_full 1.0000 | val_acc 0.9730 | val_f1 0.9802 | grad(main/disc) 9.582/1.374 | lr(main/disc) 1.75e-05/8.75e-06 | 56.8s
2026-08-25 20:15:32 | Epoch 043/060 | loss 2.6729 | cls 1.4871 | tal -0.0102 | dual_g 1.1888 | dual_d 0.9606 | train_acc 0.9727 | train_full 1.0000 | val_acc 0.9730 | val_f1 0.9802 | grad(main/disc) 7.735/1.381 | lr(main/disc) 8.75e-06/4.37e-06 | 56.3s
2026-08-25 20:16:27 | Epoch 044/060 | loss 2.7859 | cls 1.5380 | tal 0.0495 | dual_g 1.2330 | dual_d 0.9105 | train_acc 0.9570 | train_full 1.0000 | val_acc 0.9730 | val_f1 0.9802 | grad(main/disc) 9.460/1.325 | lr(main/disc) 8.75e-06/4.37e-06 | 54.9s
2026-08-25 20:17:22 | Epoch 045/060 | loss 2.7036 | cls 1.4900 | tal 0.0078 | dual_g 1.2112 | dual_d 0.9431 | train_acc 0.9453 | train_full 1.0000 | val_acc 0.9730 | val_f1 0.9802 | grad(main/disc) 8.451/1.356 | lr(main/disc) 8.75e-06/4.37e-06 | 55.3s
2026-08-25 20:18:18 | Epoch 046/060 | loss 2.6855 | cls 1.4860 | tal 0.0144 | dual_g 1.1952 | dual_d 0.9319 | train_acc 0.9531 | train_full 1.0000 | val_acc 0.9730 | val_f1 0.9802 | grad(main/disc) 8.244/1.339 | lr(main/disc) 8.75e-06/4.37e-06 | 55.7s
2026-08-25 20:19:13 | Epoch 047/060 | loss 2.6445 | cls 1.4734 | tal -0.0081 | dual_g 1.1736 | dual_d 0.9443 | train_acc 0.9531 | train_full 1.0000 | val_acc 0.9730 | val_f1 0.9802 | grad(main/disc) 7.625/1.358 | lr(main/disc) 8.75e-06/4.37e-06 | 54.8s
2026-08-25 20:20:09 | Epoch 048/060 | loss 2.6109 | cls 1.4407 | tal -0.0036 | dual_g 1.1712 | dual_d 0.9670 | train_acc 0.9648 | train_full 1.0000 | val_acc 0.9730 | val_f1 0.9802 | grad(main/disc) 7.511/1.367 | lr(main/disc) 8.75e-06/4.37e-06 | 56.4s
2026-08-25 20:21:04 | Epoch 049/060 | loss 2.7359 | cls 1.5227 | tal 0.0554 | dual_g 1.1966 | dual_d 0.9193 | train_acc 0.9609 | train_full 1.0000 | val_acc 0.9730 | val_f1 0.9802 | grad(main/disc) 9.453/1.358 | lr(main/disc) 8.75e-06/4.37e-06 | 55.4s
2026-08-25 20:22:02 | Epoch 050/060 | loss 2.6362 | cls 1.4563 | tal 0.0171 | dual_g 1.1748 | dual_d 0.8877 | train_acc 0.9453 | train_full 1.0000 | val_acc 0.9730 | val_f1 0.9802 | grad(main/disc) 7.187/1.309 | lr(main/disc) 4.37e-06/2.19e-06 | 57.2s
2026-08-25 20:22:58 | Epoch 051/060 | loss 2.7356 | cls 1.5176 | tal 0.0791 | dual_g 1.1942 | dual_d 0.9397 | train_acc 0.9688 | train_full 1.0000 | val_acc 0.9730 | val_f1 0.9802 | grad(main/disc) 9.419/1.337 | lr(main/disc) 4.37e-06/2.19e-06 | 56.2s
2026-08-25 20:23:54 | Epoch 052/060 | loss 2.7328 | cls 1.5165 | tal 0.0963 | dual_g 1.1875 | dual_d 0.9645 | train_acc 0.9414 | train_full 1.0000 | val_acc 0.9730 | val_f1 0.9802 | grad(main/disc) 9.314/1.351 | lr(main/disc) 4.37e-06/2.19e-06 | 55.9s
2026-08-25 20:24:51 | Epoch 053/060 | loss 2.6347 | cls 1.4590 | tal 0.0287 | dual_g 1.1671 | dual_d 0.9327 | train_acc 0.9531 | train_full 1.0000 | val_acc 0.9730 | val_f1 0.9802 | grad(main/disc) 7.261/1.277 | lr(main/disc) 4.37e-06/2.19e-06 | 57.4s
2026-08-25 20:25:46 | Epoch 054/060 | loss 2.6076 | cls 1.4443 | tal 0.0273 | dual_g 1.1551 | dual_d 0.9869 | train_acc 0.9609 | train_full 1.0000 | val_acc 0.9730 | val_f1 0.9802 | grad(main/disc) 7.116/1.391 | lr(main/disc) 4.37e-06/2.19e-06 | 54.9s
2026-08-25 20:26:42 | Epoch 055/060 | loss 2.6556 | cls 1.4731 | tal 0.0276 | dual_g 1.1742 | dual_d 0.9394 | train_acc 0.9453 | train_full 1.0000 | val_acc 0.9730 | val_f1 0.9802 | grad(main/disc) 8.643/1.318 | lr(main/disc) 4.37e-06/2.19e-06 | 56.4s
2026-08-25 20:27:38 | Epoch 056/060 | loss 2.6524 | cls 1.4747 | tal 0.0208 | dual_g 1.1714 | dual_d 0.9720 | train_acc 0.9727 | train_full 1.0000 | val_acc 0.9730 | val_f1 0.9802 | grad(main/disc) 7.272/1.374 | lr(main/disc) 4.37e-06/2.19e-06 | 55.8s
2026-08-25 20:28:36 | Epoch 057/060 | loss 2.6037 | cls 1.4329 | tal 0.0196 | dual_g 1.1650 | dual_d 0.9709 | train_acc 0.9609 | train_full 1.0000 | val_acc 0.9730 | val_f1 0.9802 | grad(main/disc) 7.036/1.362 | lr(main/disc) 2.19e-06/1.09e-06 | 57.4s
2026-08-25 20:29:33 | Epoch 058/060 | loss 2.6586 | cls 1.4929 | tal 0.0320 | dual_g 1.1561 | dual_d 0.9485 | train_acc 0.9414 | train_full 1.0000 | val_acc 0.9730 | val_f1 0.9802 | grad(main/disc) 7.957/1.313 | lr(main/disc) 2.19e-06/1.09e-06 | 56.9s
2026-08-25 20:30:28 | Epoch 059/060 | loss 2.6398 | cls 1.4698 | tal 0.0347 | dual_g 1.1596 | dual_d 0.9650 | train_acc 0.9492 | train_full 1.0000 | val_acc 0.9730 | val_f1 0.9802 | grad(main/disc) 8.024/1.380 | lr(main/disc) 2.19e-06/1.09e-06 | 55.7s
2026-08-25 20:31:24 | Epoch 060/060 | loss 2.5754 | cls 1.4203 | tal 0.0143 | dual_g 1.1508 | dual_d 0.9808 | train_acc 0.9570 | train_full 1.0000 | val_acc 0.9730 | val_f1 0.9802 | grad(main/disc) 6.425/1.361 | lr(main/disc) 2.19e-06/1.09e-06 | 55.7s
2026-08-25 20:31:24 | Early stopping at epoch 60 after 31 epochs without val_f1_macro_present improvement.
2026-08-25 20:31:24 | Training complete. Best validation accuracy: 0.9730 | best val_f1_macro_present: 0.9802
2026-08-25 20:31:24 | Starting Dual_D standalone training
2026-08-25 20:31:24 | Run directory: runs/combined_60/full/dual_d_逆光_20260825_184001
2026-08-25 20:31:24 | Device: cuda
2026-08-25 20:31:24 | Source train samples: 992
2026-08-25 20:31:24 | Target train samples: 132
2026-08-25 20:31:24 | Target val samples: 37
2026-08-25 20:31:24 | Classes: 14
2026-08-25 20:31:24 | Data audit: same_dir=False | path_overlap(vis/ir/ais)=0/0/0 | content_overlap(vis/ir/ais)=0/0/0 | ais_index_overlap=0 | stem_mismatch(vis-ir/vis-ais)=157/0
2026-08-25 20:31:24 | source_train classes: present 14/14 | absent 0 | counts [0:120, 1:44, 2:69, 3:45, 4:40, 5:30, 6:64, 7:80, 8:116, 9:68, 10:57, 11:83, 12:48, 13:128]
2026-08-25 20:31:24 | target_train classes: present 9/14 | absent 5 | counts [0:20, 2:12, 4:12, 5:2, 9:16, 10:16, 11:29, 12:4, 13:21]
2026-08-25 20:31:24 | target_val classes: present 9/14 | absent 5 | counts [0:6, 2:3, 4:4, 5:1, 9:4, 10:4, 11:8, 12:1, 13:6]
2026-08-25 20:31:24 | Paired training classes: 9/14 | class ids [0, 2, 4, 5, 9, 10, 11, 12, 13]
2026-08-25 20:31:24 | VIS/IR pairing: class-level-unpaired | count-mismatch classes train/val: 10/1 | AIS alignment: none | AIS rows train/val: 0/0
2026-08-25 20:31:25 | Model parameters: total=17277714 | trainable=17120210
Starting run 3/6: domain=逆光, iteration=3, seed=44
2026-08-25 20:32:21 | Epoch 001/060 | loss 5.1658 | cls 5.0591 | tal 0.3555 | dual_g 0.0000 | dual_d 0.0000 | train_acc 0.1172 | train_full 0.1818 | val_acc 0.1622 | val_f1 0.1052 | grad(main/disc) 16.135/0.000 | lr(main/disc) 7.00e-05/3.50e-05 | 55.9s
2026-08-25 20:32:21 | New best val_f1_macro_present: 0.1052 at epoch 1
2026-08-25 20:33:17 | Epoch 002/060 | loss 4.6143 | cls 4.5070 | tal 0.3577 | dual_g 0.0000 | dual_d 0.0000 | train_acc 0.1484 | train_full 0.2273 | val_acc 0.1892 | val_f1 0.1493 | grad(main/disc) 14.009/0.000 | lr(main/disc) 7.00e-05/3.50e-05 | 55.8s
2026-08-25 20:33:17 | New best val_f1_macro_present: 0.1493 at epoch 2
2026-08-25 20:34:14 | Epoch 003/060 | loss 4.1327 | cls 4.0525 | tal 0.2675 | dual_g 0.0000 | dual_d 0.0000 | train_acc 0.2148 | train_full 0.1894 | val_acc 0.2432 | val_f1 0.2388 | grad(main/disc) 12.636/0.000 | lr(main/disc) 7.00e-05/3.50e-05 | 57.3s
2026-08-25 20:34:14 | New best val_f1_macro_present: 0.2388 at epoch 3
2026-08-25 20:35:08 | Epoch 004/060 | loss 3.8399 | cls 3.7786 | tal 0.2045 | dual_g 0.0000 | dual_d 0.0000 | train_acc 0.2773 | train_full 0.2348 | val_acc 0.2973 | val_f1 0.2833 | grad(main/disc) 11.627/0.000 | lr(main/disc) 7.00e-05/3.50e-05 | 53.8s
2026-08-25 20:35:08 | New best val_f1_macro_present: 0.2833 at epoch 4
2026-08-25 20:36:04 | Epoch 005/060 | loss 3.5091 | cls 3.4860 | tal 0.0768 | dual_g 0.0000 | dual_d 0.0000 | train_acc 0.3789 | train_full 0.4015 | val_acc 0.4324 | val_f1 0.4630 | grad(main/disc) 11.063/0.000 | lr(main/disc) 7.00e-05/3.50e-05 | 55.8s
2026-08-25 20:36:04 | New best val_f1_macro_present: 0.4630 at epoch 5
2026-08-25 20:36:57 | Epoch 006/060 | loss 3.4680 | cls 3.2214 | tal 0.0035 | dual_g 0.2455 | dual_d 0.9063 | train_acc 0.4062 | train_full 0.7197 | val_acc 0.7297 | val_f1 0.6903 | grad(main/disc) 10.509/1.815 | lr(main/disc) 7.00e-05/3.50e-05 | 53.2s
2026-08-25 20:36:57 | New best val_f1_macro_present: 0.6903 at epoch 6
2026-08-25 20:37:53 | Epoch 007/060 | loss 3.5641 | cls 3.1046 | tal -0.0269 | dual_g 0.4675 | dual_d 0.9006 | train_acc 0.4297 | train_full 0.8333 | val_acc 0.8919 | val_f1 0.8214 | grad(main/disc) 10.556/1.825 | lr(main/disc) 7.00e-05/3.50e-05 | 56.3s
2026-08-25 20:37:53 | New best val_f1_macro_present: 0.8214 at epoch 7
2026-08-25 20:38:48 | Epoch 008/060 | loss 3.4291 | cls 2.7798 | tal -0.0345 | dual_g 0.6596 | dual_d 0.8653 | train_acc 0.5273 | train_full 0.8788 | val_acc 0.8919 | val_f1 0.9169 | grad(main/disc) 10.185/1.689 | lr(main/disc) 7.00e-05/3.50e-05 | 55.1s
2026-08-25 20:38:48 | New best val_f1_macro_present: 0.9169 at epoch 8
2026-08-25 20:39:44 | Epoch 009/060 | loss 3.5911 | cls 2.7585 | tal -0.0245 | dual_g 0.8400 | dual_d 0.8748 | train_acc 0.5312 | train_full 0.9545 | val_acc 0.9189 | val_f1 0.9340 | grad(main/disc) 10.436/1.611 | lr(main/disc) 7.00e-05/3.50e-05 | 56.0s
2026-08-25 20:39:44 | New best val_f1_macro_present: 0.9340 at epoch 9
2026-08-25 20:40:41 | Epoch 010/060 | loss 3.4836 | cls 2.5472 | tal -0.0903 | dual_g 0.9635 | dual_d 0.8184 | train_acc 0.5977 | train_full 0.9470 | val_acc 0.9189 | val_f1 0.9340 | grad(main/disc) 10.308/1.610 | lr(main/disc) 7.00e-05/3.50e-05 | 56.9s
2026-08-25 20:41:34 | Epoch 011/060 | loss 3.6472 | cls 2.5046 | tal -0.0535 | dual_g 1.1587 | dual_d 0.7889 | train_acc 0.6094 | train_full 0.9773 | val_acc 0.8919 | val_f1 0.8089 | grad(main/disc) 11.921/1.486 | lr(main/disc) 7.00e-05/3.50e-05 | 53.3s
2026-08-25 20:42:30 | Epoch 012/060 | loss 3.6992 | cls 2.4292 | tal -0.0728 | dual_g 1.2919 | dual_d 0.8398 | train_acc 0.6953 | train_full 0.9394 | val_acc 0.9459 | val_f1 0.9589 | grad(main/disc) 11.648/1.548 | lr(main/disc) 7.00e-05/3.50e-05 | 56.0s
2026-08-25 20:42:30 | New best val_f1_macro_present: 0.9589 at epoch 12
2026-08-25 20:43:28 | Epoch 013/060 | loss 3.8123 | cls 2.3706 | tal -0.0835 | dual_g 1.4668 | dual_d 0.8598 | train_acc 0.7031 | train_full 0.9394 | val_acc 0.9189 | val_f1 0.9392 | grad(main/disc) 12.133/1.558 | lr(main/disc) 7.00e-05/3.50e-05 | 57.4s
2026-08-25 20:44:26 | Epoch 014/060 | loss 3.8315 | cls 2.2809 | tal -0.0808 | dual_g 1.5749 | dual_d 0.7953 | train_acc 0.7695 | train_full 0.9773 | val_acc 0.9459 | val_f1 0.9558 | grad(main/disc) 11.776/1.504 | lr(main/disc) 7.00e-05/3.50e-05 | 58.2s
2026-08-25 20:45:23 | Epoch 015/060 | loss 3.8204 | cls 2.1854 | tal -0.0587 | dual_g 1.6526 | dual_d 0.8080 | train_acc 0.7539 | train_full 0.9924 | val_acc 0.9459 | val_f1 0.9558 | grad(main/disc) 11.940/1.494 | lr(main/disc) 7.00e-05/3.50e-05 | 56.9s
2026-08-25 20:46:18 | Epoch 016/060 | loss 3.4482 | cls 1.9073 | tal -0.1045 | dual_g 1.5723 | dual_d 0.7698 | train_acc 0.8281 | train_full 0.9394 | val_acc 0.9459 | val_f1 0.9347 | grad(main/disc) 10.476/1.371 | lr(main/disc) 7.00e-05/3.50e-05 | 55.7s
2026-08-25 20:47:14 | Epoch 017/060 | loss 3.5041 | cls 1.9844 | tal -0.0868 | dual_g 1.5457 | dual_d 0.7903 | train_acc 0.7930 | train_full 0.9697 | val_acc 0.9730 | val_f1 0.9802 | grad(main/disc) 11.664/1.419 | lr(main/disc) 7.00e-05/3.50e-05 | 55.9s
2026-08-25 20:47:14 | New best val_f1_macro_present: 0.9802 at epoch 17
2026-08-25 20:48:10 | Epoch 018/060 | loss 3.4793 | cls 1.9612 | tal -0.1383 | dual_g 1.5596 | dual_d 0.7746 | train_acc 0.7773 | train_full 1.0000 | val_acc 0.9730 | val_f1 0.9802 | grad(main/disc) 12.021/1.392 | lr(main/disc) 7.00e-05/3.50e-05 | 56.2s
2026-08-25 20:49:09 | Epoch 019/060 | loss 3.2813 | cls 1.8283 | tal -0.1181 | dual_g 1.4885 | dual_d 0.8067 | train_acc 0.8398 | train_full 0.9848 | val_acc 0.9730 | val_f1 0.9802 | grad(main/disc) 10.270/1.401 | lr(main/disc) 7.00e-05/3.50e-05 | 58.0s
2026-08-25 20:50:05 | Epoch 020/060 | loss 3.3128 | cls 1.8862 | tal -0.1371 | dual_g 1.4678 | dual_d 0.7982 | train_acc 0.8320 | train_full 0.9924 | val_acc 0.9730 | val_f1 0.9802 | grad(main/disc) 11.246/1.361 | lr(main/disc) 7.00e-05/3.50e-05 | 56.9s
2026-08-25 20:51:00 | Epoch 021/060 | loss 3.1577 | cls 1.7664 | tal -0.1556 | dual_g 1.4380 | dual_d 0.7691 | train_acc 0.8828 | train_full 0.9924 | val_acc 0.9730 | val_f1 0.9802 | grad(main/disc) 10.288/1.347 | lr(main/disc) 7.00e-05/3.50e-05 | 54.5s
2026-08-25 20:51:55 | Epoch 022/060 | loss 3.1445 | cls 1.7798 | tal -0.1526 | dual_g 1.4105 | dual_d 0.8132 | train_acc 0.8750 | train_full 1.0000 | val_acc 0.9730 | val_f1 0.9802 | grad(main/disc) 11.200/1.334 | lr(main/disc) 7.00e-05/3.50e-05 | 55.5s
2026-08-25 20:52:53 | Epoch 023/060 | loss 3.0476 | cls 1.6918 | tal -0.1872 | dual_g 1.4119 | dual_d 0.7597 | train_acc 0.8867 | train_full 1.0000 | val_acc 0.9730 | val_f1 0.9802 | grad(main/disc) 10.162/1.293 | lr(main/disc) 7.00e-05/3.50e-05 | 57.2s
2026-08-25 20:53:48 | Epoch 024/060 | loss 2.9699 | cls 1.7032 | tal -0.2233 | dual_g 1.3337 | dual_d 0.8113 | train_acc 0.8750 | train_full 0.9924 | val_acc 1.0000 | val_f1 1.0000 | grad(main/disc) 11.850/1.345 | lr(main/disc) 7.00e-05/3.50e-05 | 55.2s
2026-08-25 20:53:48 | New best val_f1_macro_present: 1.0000 at epoch 24
2026-08-25 20:54:42 | Epoch 025/060 | loss 2.9136 | cls 1.6311 | tal -0.2271 | dual_g 1.3506 | dual_d 0.8308 | train_acc 0.9062 | train_full 0.9924 | val_acc 0.9730 | val_f1 0.9776 | grad(main/disc) 10.276/1.342 | lr(main/disc) 7.00e-05/3.50e-05 | 54.3s
2026-08-25 20:55:37 | Epoch 026/060 | loss 2.8391 | cls 1.6064 | tal -0.2097 | dual_g 1.2956 | dual_d 0.8162 | train_acc 0.9492 | train_full 1.0000 | val_acc 0.9730 | val_f1 0.9802 | grad(main/disc) 8.296/1.294 | lr(main/disc) 7.00e-05/3.50e-05 | 55.1s
2026-08-25 20:56:33 | Epoch 027/060 | loss 2.7744 | cls 1.5687 | tal -0.2146 | dual_g 1.2700 | dual_d 0.8276 | train_acc 0.9688 | train_full 1.0000 | val_acc 1.0000 | val_f1 1.0000 | grad(main/disc) 9.668/1.287 | lr(main/disc) 7.00e-05/3.50e-05 | 56.2s
2026-08-25 20:57:31 | Epoch 028/060 | loss 2.7324 | cls 1.5386 | tal -0.1791 | dual_g 1.2475 | dual_d 0.8287 | train_acc 0.9531 | train_full 1.0000 | val_acc 0.9730 | val_f1 0.9802 | grad(main/disc) 9.859/1.328 | lr(main/disc) 7.00e-05/3.50e-05 | 57.7s
2026-08-25 20:58:26 | Epoch 029/060 | loss 2.7346 | cls 1.5524 | tal -0.2202 | dual_g 1.2482 | dual_d 0.7943 | train_acc 0.9414 | train_full 1.0000 | val_acc 0.9730 | val_f1 0.9802 | grad(main/disc) 10.002/1.267 | lr(main/disc) 7.00e-05/3.50e-05 | 55.1s
2026-08-25 20:59:21 | Epoch 030/060 | loss 2.7896 | cls 1.5867 | tal -0.1824 | dual_g 1.2575 | dual_d 0.8160 | train_acc 0.9375 | train_full 1.0000 | val_acc 1.0000 | val_f1 1.0000 | grad(main/disc) 12.227/1.300 | lr(main/disc) 7.00e-05/3.50e-05 | 55.2s
2026-08-25 21:00:18 | Epoch 031/060 | loss 2.7196 | cls 1.5418 | tal -0.2182 | dual_g 1.2433 | dual_d 0.8084 | train_acc 0.9102 | train_full 1.0000 | val_acc 1.0000 | val_f1 1.0000 | grad(main/disc) 10.029/1.277 | lr(main/disc) 3.50e-05/1.75e-05 | 56.6s
2026-08-25 21:01:14 | Epoch 032/060 | loss 2.6431 | cls 1.4805 | tal -0.2236 | dual_g 1.2296 | dual_d 0.8438 | train_acc 0.9648 | train_full 1.0000 | val_acc 1.0000 | val_f1 1.0000 | grad(main/disc) 8.653/1.268 | lr(main/disc) 3.50e-05/1.75e-05 | 56.3s
2026-08-25 21:02:11 | Epoch 033/060 | loss 2.5965 | cls 1.4901 | tal -0.2342 | dual_g 1.1766 | dual_d 0.8447 | train_acc 0.9492 | train_full 1.0000 | val_acc 1.0000 | val_f1 1.0000 | grad(main/disc) 7.639/1.307 | lr(main/disc) 3.50e-05/1.75e-05 | 56.3s
2026-08-25 21:03:09 | Epoch 034/060 | loss 2.6849 | cls 1.5198 | tal -0.2053 | dual_g 1.2266 | dual_d 0.8491 | train_acc 0.9609 | train_full 1.0000 | val_acc 1.0000 | val_f1 1.0000 | grad(main/disc) 10.578/1.344 | lr(main/disc) 3.50e-05/1.75e-05 | 58.0s
2026-08-25 21:04:03 | Epoch 035/060 | loss 2.5976 | cls 1.4734 | tal -0.2185 | dual_g 1.1897 | dual_d 0.8822 | train_acc 0.9609 | train_full 1.0000 | val_acc 1.0000 | val_f1 1.0000 | grad(main/disc) 8.566/1.361 | lr(main/disc) 3.50e-05/1.75e-05 | 54.5s
2026-08-25 21:04:57 | Epoch 036/060 | loss 2.5985 | cls 1.4802 | tal -0.2156 | dual_g 1.1831 | dual_d 0.8645 | train_acc 0.9766 | train_full 1.0000 | val_acc 1.0000 | val_f1 1.0000 | grad(main/disc) 9.342/1.366 | lr(main/disc) 3.50e-05/1.75e-05 | 53.6s
2026-08-25 21:05:54 | Epoch 037/060 | loss 2.5710 | cls 1.4524 | tal -0.1702 | dual_g 1.1696 | dual_d 0.8556 | train_acc 0.9688 | train_full 1.0000 | val_acc 0.9730 | val_f1 0.9802 | grad(main/disc) 6.718/1.337 | lr(main/disc) 3.50e-05/1.75e-05 | 57.1s
2026-08-25 21:06:48 | Epoch 038/060 | loss 2.5804 | cls 1.4688 | tal -0.2388 | dual_g 1.1832 | dual_d 0.8564 | train_acc 0.9609 | train_full 1.0000 | val_acc 0.9730 | val_f1 0.9802 | grad(main/disc) 9.209/1.285 | lr(main/disc) 1.75e-05/8.75e-06 | 54.0s
2026-08-25 21:07:44 | Epoch 039/060 | loss 2.5102 | cls 1.4287 | tal -0.1917 | dual_g 1.1391 | dual_d 0.8835 | train_acc 0.9844 | train_full 1.0000 | val_acc 1.0000 | val_f1 1.0000 | grad(main/disc) 6.606/1.295 | lr(main/disc) 1.75e-05/8.75e-06 | 55.8s
2026-08-25 21:08:40 | Epoch 040/060 | loss 2.5251 | cls 1.4483 | tal -0.2406 | dual_g 1.1490 | dual_d 0.8104 | train_acc 0.9648 | train_full 1.0000 | val_acc 1.0000 | val_f1 1.0000 | grad(main/disc) 8.569/1.249 | lr(main/disc) 1.75e-05/8.75e-06 | 56.6s
2026-08-25 21:09:36 | Epoch 041/060 | loss 2.4832 | cls 1.4146 | tal -0.2462 | dual_g 1.1424 | dual_d 0.8909 | train_acc 0.9805 | train_full 1.0000 | val_acc 1.0000 | val_f1 1.0000 | grad(main/disc) 7.615/1.349 | lr(main/disc) 1.75e-05/8.75e-06 | 56.2s
2026-08-25 21:10:33 | Epoch 042/060 | loss 2.4577 | cls 1.3987 | tal -0.2629 | dual_g 1.1378 | dual_d 0.8273 | train_acc 0.9844 | train_full 1.0000 | val_acc 1.0000 | val_f1 1.0000 | grad(main/disc) 6.320/1.291 | lr(main/disc) 1.75e-05/8.75e-06 | 56.9s
2026-08-25 21:11:29 | Epoch 043/060 | loss 2.4308 | cls 1.3699 | tal -0.2131 | dual_g 1.1248 | dual_d 0.8656 | train_acc 0.9844 | train_full 1.0000 | val_acc 1.0000 | val_f1 1.0000 | grad(main/disc) 5.743/1.277 | lr(main/disc) 1.75e-05/8.75e-06 | 55.3s
2026-08-25 21:12:24 | Epoch 044/060 | loss 2.4194 | cls 1.3776 | tal -0.2607 | dual_g 1.1200 | dual_d 0.8593 | train_acc 0.9727 | train_full 1.0000 | val_acc 1.0000 | val_f1 1.0000 | grad(main/disc) 6.397/1.288 | lr(main/disc) 1.75e-05/8.75e-06 | 55.1s
2026-08-25 21:13:20 | Epoch 045/060 | loss 2.4686 | cls 1.3999 | tal -0.2263 | dual_g 1.1366 | dual_d 0.8696 | train_acc 0.9805 | train_full 1.0000 | val_acc 1.0000 | val_f1 1.0000 | grad(main/disc) 6.761/1.297 | lr(main/disc) 8.75e-06/4.37e-06 | 56.0s
2026-08-25 21:14:14 | Epoch 046/060 | loss 2.4311 | cls 1.3836 | tal -0.2351 | dual_g 1.1181 | dual_d 0.8520 | train_acc 0.9727 | train_full 1.0000 | val_acc 1.0000 | val_f1 1.0000 | grad(main/disc) 6.437/1.285 | lr(main/disc) 8.75e-06/4.37e-06 | 54.0s
2026-08-25 21:15:09 | Epoch 047/060 | loss 2.4133 | cls 1.3586 | tal -0.2000 | dual_g 1.1147 | dual_d 0.8888 | train_acc 0.9883 | train_full 1.0000 | val_acc 1.0000 | val_f1 1.0000 | grad(main/disc) 7.014/1.335 | lr(main/disc) 8.75e-06/4.37e-06 | 55.3s
2026-08-25 21:16:06 | Epoch 048/060 | loss 2.4162 | cls 1.3922 | tal -0.2547 | dual_g 1.1005 | dual_d 0.9044 | train_acc 0.9805 | train_full 1.0000 | val_acc 1.0000 | val_f1 1.0000 | grad(main/disc) 6.246/1.328 | lr(main/disc) 8.75e-06/4.37e-06 | 56.7s
2026-08-25 21:17:03 | Epoch 049/060 | loss 2.4120 | cls 1.3730 | tal -0.2483 | dual_g 1.1134 | dual_d 0.8845 | train_acc 0.9766 | train_full 1.0000 | val_acc 1.0000 | val_f1 1.0000 | grad(main/disc) 6.030/1.285 | lr(main/disc) 8.75e-06/4.37e-06 | 57.5s
2026-08-25 21:18:01 | Epoch 050/060 | loss 2.4459 | cls 1.4022 | tal -0.2059 | dual_g 1.1055 | dual_d 0.9060 | train_acc 0.9766 | train_full 1.0000 | val_acc 1.0000 | val_f1 1.0000 | grad(main/disc) 8.745/1.296 | lr(main/disc) 8.75e-06/4.37e-06 | 57.5s
2026-08-25 21:18:56 | Epoch 051/060 | loss 2.3901 | cls 1.3557 | tal -0.2420 | dual_g 1.1070 | dual_d 0.8435 | train_acc 0.9922 | train_full 1.0000 | val_acc 1.0000 | val_f1 1.0000 | grad(main/disc) 5.844/1.246 | lr(main/disc) 8.75e-06/4.37e-06 | 54.9s
2026-08-25 21:19:54 | Epoch 052/060 | loss 2.3436 | cls 1.3187 | tal -0.2550 | dual_g 1.1014 | dual_d 0.8831 | train_acc 0.9961 | train_full 1.0000 | val_acc 1.0000 | val_f1 1.0000 | grad(main/disc) 4.589/1.298 | lr(main/disc) 4.37e-06/2.19e-06 | 57.9s
2026-08-25 21:20:46 | Epoch 053/060 | loss 2.3733 | cls 1.3505 | tal -0.2494 | dual_g 1.0977 | dual_d 0.8613 | train_acc 0.9727 | train_full 1.0000 | val_acc 1.0000 | val_f1 1.0000 | grad(main/disc) 5.939/1.321 | lr(main/disc) 4.37e-06/2.19e-06 | 52.9s
2026-08-25 21:21:43 | Epoch 054/060 | loss 2.4158 | cls 1.3901 | tal -0.2555 | dual_g 1.1024 | dual_d 0.9215 | train_acc 0.9844 | train_full 1.0000 | val_acc 1.0000 | val_f1 1.0000 | grad(main/disc) 6.828/1.332 | lr(main/disc) 4.37e-06/2.19e-06 | 56.3s
2026-08-25 21:22:39 | Epoch 055/060 | loss 2.3960 | cls 1.3526 | tal -0.2383 | dual_g 1.1149 | dual_d 0.9111 | train_acc 0.9883 | train_full 1.0000 | val_acc 1.0000 | val_f1 1.0000 | grad(main/disc) 6.252/1.276 | lr(main/disc) 4.37e-06/2.19e-06 | 56.2s
2026-08-25 21:23:34 | Epoch 056/060 | loss 2.3766 | cls 1.3607 | tal -0.2423 | dual_g 1.0886 | dual_d 0.8401 | train_acc 0.9844 | train_full 1.0000 | val_acc 1.0000 | val_f1 1.0000 | grad(main/disc) 6.323/1.272 | lr(main/disc) 4.37e-06/2.19e-06 | 55.5s
2026-08-25 21:24:30 | Epoch 057/060 | loss 2.4028 | cls 1.3770 | tal -0.2556 | dual_g 1.1024 | dual_d 0.8682 | train_acc 0.9844 | train_full 1.0000 | val_acc 1.0000 | val_f1 1.0000 | grad(main/disc) 5.982/1.289 | lr(main/disc) 4.37e-06/2.19e-06 | 55.5s
2026-08-25 21:25:25 | Epoch 058/060 | loss 2.4220 | cls 1.3863 | tal -0.2292 | dual_g 1.1045 | dual_d 0.8533 | train_acc 0.9883 | train_full 1.0000 | val_acc 1.0000 | val_f1 1.0000 | grad(main/disc) 5.978/1.247 | lr(main/disc) 4.37e-06/2.19e-06 | 54.7s
2026-08-25 21:26:21 | Epoch 059/060 | loss 2.3823 | cls 1.3508 | tal -0.2408 | dual_g 1.1038 | dual_d 0.8423 | train_acc 0.9844 | train_full 1.0000 | val_acc 1.0000 | val_f1 1.0000 | grad(main/disc) 6.478/1.221 | lr(main/disc) 2.19e-06/1.09e-06 | 55.9s
2026-08-25 21:27:17 | Epoch 060/060 | loss 2.3878 | cls 1.3737 | tal -0.2597 | dual_g 1.0920 | dual_d 0.8539 | train_acc 0.9766 | train_full 1.0000 | val_acc 1.0000 | val_f1 1.0000 | grad(main/disc) 6.749/1.259 | lr(main/disc) 2.19e-06/1.09e-06 | 56.4s
2026-08-25 21:27:17 | Early stopping at epoch 60 after 36 epochs without val_f1_macro_present improvement.
2026-08-25 21:27:17 | Training complete. Best validation accuracy: 1.0000 | best val_f1_macro_present: 1.0000
2026-08-25 21:27:17 | Starting Dual_D standalone training
2026-08-25 21:27:17 | Run directory: runs/combined_60/full/dual_d_雨天_20260825_184001
2026-08-25 21:27:17 | Device: cuda
2026-08-25 21:27:17 | Source train samples: 992
2026-08-25 21:27:17 | Target train samples: 96
2026-08-25 21:27:17 | Target val samples: 26
2026-08-25 21:27:17 | Classes: 14
2026-08-25 21:27:17 | Data audit: same_dir=False | path_overlap(vis/ir/ais)=0/0/0 | content_overlap(vis/ir/ais)=0/0/0 | ais_index_overlap=0 | stem_mismatch(vis-ir/vis-ais)=117/0
2026-08-25 21:27:17 | source_train classes: present 14/14 | absent 0 | counts [0:120, 1:44, 2:69, 3:45, 4:40, 5:30, 6:64, 7:80, 8:116, 9:68, 10:57, 11:83, 12:48, 13:128]
2026-08-25 21:27:17 | target_train classes: present 6/14 | absent 8 | counts [0:7, 2:19, 9:32, 10:12, 11:6, 13:20]
2026-08-25 21:27:17 | target_val classes: present 6/14 | absent 8 | counts [0:2, 2:5, 9:8, 10:4, 11:2, 13:5]
2026-08-25 21:27:17 | Paired training classes: 6/14 | class ids [0, 2, 9, 10, 11, 13]
2026-08-25 21:27:17 | VIS/IR pairing: class-level-unpaired | count-mismatch classes train/val: 10/0 | AIS alignment: none | AIS rows train/val: 0/0
2026-08-25 21:27:18 | Model parameters: total=17277714 | trainable=17120210
Starting run 4/6: domain=雨天, iteration=1, seed=45
2026-08-25 21:28:15 | Epoch 001/060 | loss 5.3437 | cls 5.4805 | tal -0.4559 | dual_g 0.0000 | dual_d 0.0000 | train_acc 0.1406 | train_full 0.2292 | val_acc 0.1923 | val_f1 0.1167 | grad(main/disc) 25.141/0.000 | lr(main/disc) 7.00e-05/3.50e-05 | 57.6s
2026-08-25 21:28:15 | New best val_f1_macro_present: 0.1167 at epoch 1
2026-08-25 21:29:13 | Epoch 002/060 | loss 3.8889 | cls 4.0067 | tal -0.3925 | dual_g 0.0000 | dual_d 0.0000 | train_acc 0.3867 | train_full 0.2396 | val_acc 0.2692 | val_f1 0.2306 | grad(main/disc) 19.150/0.000 | lr(main/disc) 7.00e-05/3.50e-05 | 57.6s
2026-08-25 21:29:13 | New best val_f1_macro_present: 0.2306 at epoch 2
2026-08-25 21:30:09 | Epoch 003/060 | loss 3.2767 | cls 3.3523 | tal -0.2522 | dual_g 0.0000 | dual_d 0.0000 | train_acc 0.4727 | train_full 0.2396 | val_acc 0.2308 | val_f1 0.1749 | grad(main/disc) 16.800/0.000 | lr(main/disc) 7.00e-05/3.50e-05 | 56.2s
2026-08-25 21:31:06 | Epoch 004/060 | loss 3.2490 | cls 3.0469 | tal -0.1928 | dual_g 0.2599 | dual_d 0.0000 | train_acc 0.5117 | train_full 0.2917 | val_acc 0.3462 | val_f1 0.3410 | grad(main/disc) 16.705/0.000 | lr(main/disc) 7.00e-05/3.50e-05 | 56.3s
2026-08-25 21:31:06 | New best val_f1_macro_present: 0.3410 at epoch 4
2026-08-25 21:32:01 | Epoch 005/060 | loss 3.0104 | cls 2.6183 | tal -0.2277 | dual_g 0.4605 | dual_d 0.0000 | train_acc 0.6719 | train_full 0.3854 | val_acc 0.2308 | val_f1 0.1452 | grad(main/disc) 15.451/0.000 | lr(main/disc) 7.00e-05/3.50e-05 | 55.0s
2026-08-25 21:32:58 | Epoch 006/060 | loss 2.7933 | cls 2.2398 | tal -0.1703 | dual_g 0.6046 | dual_d 0.0000 | train_acc 0.7461 | train_full 0.5000 | val_acc 0.4231 | val_f1 0.4395 | grad(main/disc) 14.009/0.000 | lr(main/disc) 7.00e-05/3.50e-05 | 57.5s
2026-08-25 21:32:58 | New best val_f1_macro_present: 0.4395 at epoch 6
2026-08-25 21:33:56 | Epoch 007/060 | loss 2.9123 | cls 2.1819 | tal -0.1650 | dual_g 0.7799 | dual_d 0.7887 | train_acc 0.7812 | train_full 0.3854 | val_acc 0.3462 | val_f1 0.3835 | grad(main/disc) 15.265/1.752 | lr(main/disc) 7.00e-05/3.50e-05 | 58.4s
2026-08-25 21:34:52 | Epoch 008/060 | loss 2.7642 | cls 1.9762 | tal -0.2299 | dual_g 0.8569 | dual_d 0.8048 | train_acc 0.8711 | train_full 0.5938 | val_acc 0.4615 | val_f1 0.4959 | grad(main/disc) 14.718/1.747 | lr(main/disc) 7.00e-05/3.50e-05 | 55.4s
2026-08-25 21:34:52 | New best val_f1_macro_present: 0.4959 at epoch 8
2026-08-25 21:35:49 | Epoch 009/060 | loss 2.7397 | cls 1.8378 | tal -0.2351 | dual_g 0.9725 | dual_d 0.8065 | train_acc 0.8750 | train_full 0.5938 | val_acc 0.5385 | val_f1 0.5771 | grad(main/disc) 14.781/1.776 | lr(main/disc) 7.00e-05/3.50e-05 | 56.8s
2026-08-25 21:35:49 | New best val_f1_macro_present: 0.5771 at epoch 9
2026-08-25 21:36:45 | Epoch 010/060 | loss 2.6932 | cls 1.6985 | tal -0.2534 | dual_g 1.0707 | dual_d 0.8012 | train_acc 0.8750 | train_full 0.5729 | val_acc 0.4615 | val_f1 0.4980 | grad(main/disc) 13.958/1.727 | lr(main/disc) 7.00e-05/3.50e-05 | 56.6s
2026-08-25 21:37:41 | Epoch 011/060 | loss 2.5879 | cls 1.4897 | tal -0.2355 | dual_g 1.1689 | dual_d 0.7497 | train_acc 0.9453 | train_full 0.6979 | val_acc 0.6154 | val_f1 0.6569 | grad(main/disc) 14.566/1.610 | lr(main/disc) 7.00e-05/3.50e-05 | 55.4s
2026-08-25 21:37:41 | New best val_f1_macro_present: 0.6569 at epoch 11
2026-08-25 21:38:36 | Epoch 012/060 | loss 2.6694 | cls 1.5468 | tal -0.2109 | dual_g 1.1858 | dual_d 0.7847 | train_acc 0.9258 | train_full 0.6667 | val_acc 0.5385 | val_f1 0.5906 | grad(main/disc) 15.484/1.681 | lr(main/disc) 7.00e-05/3.50e-05 | 55.8s
2026-08-25 21:39:35 | Epoch 013/060 | loss 2.4356 | cls 1.4137 | tal -0.1831 | dual_g 1.0769 | dual_d 0.7405 | train_acc 0.9531 | train_full 0.7917 | val_acc 0.5769 | val_f1 0.6431 | grad(main/disc) 12.492/1.593 | lr(main/disc) 7.00e-05/3.50e-05 | 58.3s
2026-08-25 21:40:32 | Epoch 014/060 | loss 2.4694 | cls 1.4520 | tal -0.2898 | dual_g 1.1043 | dual_d 0.7838 | train_acc 0.9531 | train_full 0.7188 | val_acc 0.6154 | val_f1 0.6535 | grad(main/disc) 16.138/1.593 | lr(main/disc) 7.00e-05/3.50e-05 | 56.9s
2026-08-25 21:41:29 | Epoch 015/060 | loss 2.3557 | cls 1.3848 | tal -0.2331 | dual_g 1.0408 | dual_d 0.7689 | train_acc 0.9453 | train_full 0.6562 | val_acc 0.6154 | val_f1 0.6619 | grad(main/disc) 13.897/1.534 | lr(main/disc) 7.00e-05/3.50e-05 | 57.1s
2026-08-25 21:41:29 | New best val_f1_macro_present: 0.6619 at epoch 15
2026-08-25 21:42:22 | Epoch 016/060 | loss 2.1584 | cls 1.2650 | tal -0.2448 | dual_g 0.9668 | dual_d 0.7162 | train_acc 0.9688 | train_full 0.7500 | val_acc 0.7308 | val_f1 0.7573 | grad(main/disc) 11.574/1.519 | lr(main/disc) 7.00e-05/3.50e-05 | 53.4s
2026-08-25 21:42:22 | New best val_f1_macro_present: 0.7573 at epoch 16
2026-08-25 21:43:17 | Epoch 017/060 | loss 2.1892 | cls 1.2999 | tal -0.2794 | dual_g 0.9731 | dual_d 0.7930 | train_acc 0.9531 | train_full 0.8854 | val_acc 0.8846 | val_f1 0.9088 | grad(main/disc) 14.089/1.618 | lr(main/disc) 7.00e-05/3.50e-05 | 54.8s
2026-08-25 21:43:17 | New best val_f1_macro_present: 0.9088 at epoch 17
2026-08-25 21:44:14 | Epoch 018/060 | loss 2.0725 | cls 1.2111 | tal -0.2717 | dual_g 0.9429 | dual_d 0.6777 | train_acc 0.9844 | train_full 0.9375 | val_acc 0.8846 | val_f1 0.9122 | grad(main/disc) 9.668/1.412 | lr(main/disc) 7.00e-05/3.50e-05 | 57.1s
2026-08-25 21:44:14 | New best val_f1_macro_present: 0.9122 at epoch 18
2026-08-25 21:45:10 | Epoch 019/060 | loss 2.0523 | cls 1.2135 | tal -0.2563 | dual_g 0.9157 | dual_d 0.7942 | train_acc 0.9766 | train_full 0.7188 | val_acc 0.5769 | val_f1 0.6008 | grad(main/disc) 8.554/1.521 | lr(main/disc) 7.00e-05/3.50e-05 | 56.3s
2026-08-25 21:46:05 | Epoch 020/060 | loss 1.9745 | cls 1.1680 | tal -0.2752 | dual_g 0.8890 | dual_d 0.7667 | train_acc 0.9844 | train_full 0.9271 | val_acc 0.9231 | val_f1 0.9111 | grad(main/disc) 7.998/1.482 | lr(main/disc) 7.00e-05/3.50e-05 | 54.7s
2026-08-25 21:46:59 | Epoch 021/060 | loss 2.0351 | cls 1.2049 | tal -0.2586 | dual_g 0.9078 | dual_d 0.7307 | train_acc 0.9805 | train_full 0.9688 | val_acc 0.9231 | val_f1 0.9250 | grad(main/disc) 10.031/1.418 | lr(main/disc) 7.00e-05/3.50e-05 | 54.1s
2026-08-25 21:46:59 | New best val_f1_macro_present: 0.9250 at epoch 21
2026-08-25 21:47:54 | Epoch 022/060 | loss 1.9633 | cls 1.1746 | tal -0.3128 | dual_g 0.8825 | dual_d 0.7556 | train_acc 0.9883 | train_full 0.8646 | val_acc 0.7308 | val_f1 0.7726 | grad(main/disc) 8.557/1.412 | lr(main/disc) 7.00e-05/3.50e-05 | 54.3s
2026-08-25 21:48:51 | Epoch 023/060 | loss 2.0275 | cls 1.2106 | tal -0.2455 | dual_g 0.8906 | dual_d 0.7868 | train_acc 0.9648 | train_full 0.9792 | val_acc 0.9615 | val_f1 0.9630 | grad(main/disc) 10.828/1.446 | lr(main/disc) 7.00e-05/3.50e-05 | 57.3s
2026-08-25 21:48:51 | New best val_f1_macro_present: 0.9630 at epoch 23
2026-08-25 21:49:48 | Epoch 024/060 | loss 1.9711 | cls 1.1691 | tal -0.2616 | dual_g 0.8805 | dual_d 0.8983 | train_acc 0.9844 | train_full 0.9479 | val_acc 0.9615 | val_f1 0.9663 | grad(main/disc) 10.243/1.583 | lr(main/disc) 7.00e-05/3.50e-05 | 57.1s
2026-08-25 21:49:48 | New best val_f1_macro_present: 0.9663 at epoch 24
2026-08-25 21:50:44 | Epoch 025/060 | loss 1.8730 | cls 1.1180 | tal -0.3335 | dual_g 0.8551 | dual_d 0.8780 | train_acc 1.0000 | train_full 0.9479 | val_acc 0.9231 | val_f1 0.9370 | grad(main/disc) 7.585/1.493 | lr(main/disc) 7.00e-05/3.50e-05 | 56.2s
2026-08-25 21:51:38 | Epoch 026/060 | loss 1.8144 | cls 1.0958 | tal -0.3419 | dual_g 0.8212 | dual_d 0.9184 | train_acc 1.0000 | train_full 0.9583 | val_acc 0.9615 | val_f1 0.9630 | grad(main/disc) 5.341/1.583 | lr(main/disc) 7.00e-05/3.50e-05 | 53.9s
2026-08-25 21:52:34 | Epoch 027/060 | loss 1.8409 | cls 1.1188 | tal -0.3121 | dual_g 0.8157 | dual_d 0.9022 | train_acc 1.0000 | train_full 0.9167 | val_acc 0.9615 | val_f1 0.9663 | grad(main/disc) 7.266/1.599 | lr(main/disc) 7.00e-05/3.50e-05 | 55.6s
2026-08-25 21:53:29 | Epoch 028/060 | loss 1.8605 | cls 1.1424 | tal -0.3425 | dual_g 0.8208 | dual_d 0.9631 | train_acc 0.9922 | train_full 0.9792 | val_acc 0.9615 | val_f1 0.9630 | grad(main/disc) 8.030/1.659 | lr(main/disc) 7.00e-05/3.50e-05 | 55.4s
2026-08-25 21:54:27 | Epoch 029/060 | loss 1.7488 | cls 1.0659 | tal -0.3648 | dual_g 0.7924 | dual_d 1.0048 | train_acc 1.0000 | train_full 0.9792 | val_acc 0.9615 | val_f1 0.9663 | grad(main/disc) 6.088/1.603 | lr(main/disc) 7.00e-05/3.50e-05 | 58.3s
2026-08-25 21:55:24 | Epoch 030/060 | loss 1.7924 | cls 1.0975 | tal -0.3520 | dual_g 0.8005 | dual_d 1.0066 | train_acc 0.9961 | train_full 0.9896 | val_acc 1.0000 | val_f1 1.0000 | grad(main/disc) 6.878/1.593 | lr(main/disc) 7.00e-05/3.50e-05 | 56.2s
2026-08-25 21:55:24 | New best val_f1_macro_present: 1.0000 at epoch 30
2026-08-25 21:56:20 | Epoch 031/060 | loss 1.8766 | cls 1.1455 | tal -0.3525 | dual_g 0.8369 | dual_d 0.9772 | train_acc 0.9922 | train_full 0.9688 | val_acc 1.0000 | val_f1 1.0000 | grad(main/disc) 8.140/1.635 | lr(main/disc) 7.00e-05/3.50e-05 | 56.6s
2026-08-25 21:57:14 | Epoch 032/060 | loss 1.7529 | cls 1.0723 | tal -0.3485 | dual_g 0.7852 | dual_d 1.0046 | train_acc 0.9922 | train_full 1.0000 | val_acc 0.9615 | val_f1 0.9630 | grad(main/disc) 6.477/1.652 | lr(main/disc) 7.00e-05/3.50e-05 | 54.0s
2026-08-25 21:58:10 | Epoch 033/060 | loss 1.7899 | cls 1.0840 | tal -0.2877 | dual_g 0.7922 | dual_d 1.0114 | train_acc 0.9922 | train_full 0.9792 | val_acc 0.9231 | val_f1 0.9250 | grad(main/disc) 6.242/1.636 | lr(main/disc) 7.00e-05/3.50e-05 | 55.4s
2026-08-25 21:59:09 | Epoch 034/060 | loss 1.6971 | cls 1.0366 | tal -0.3803 | dual_g 0.7745 | dual_d 0.9509 | train_acc 1.0000 | train_full 0.9792 | val_acc 0.9231 | val_f1 0.9250 | grad(main/disc) 4.073/1.601 | lr(main/disc) 7.00e-05/3.50e-05 | 58.9s
2026-08-25 22:00:01 | Epoch 035/060 | loss 1.6992 | cls 1.0496 | tal -0.4152 | dual_g 0.7742 | dual_d 0.9974 | train_acc 1.0000 | train_full 1.0000 | val_acc 0.9615 | val_f1 0.9663 | grad(main/disc) 4.815/1.563 | lr(main/disc) 7.00e-05/3.50e-05 | 52.3s
2026-08-25 22:00:55 | Epoch 036/060 | loss 1.7260 | cls 1.0752 | tal -0.4061 | dual_g 0.7726 | dual_d 1.0509 | train_acc 0.9883 | train_full 1.0000 | val_acc 1.0000 | val_f1 1.0000 | grad(main/disc) 6.778/1.648 | lr(main/disc) 7.00e-05/3.50e-05 | 54.4s
2026-08-25 22:01:49 | Epoch 037/060 | loss 1.7095 | cls 1.0650 | tal -0.3780 | dual_g 0.7579 | dual_d 1.0655 | train_acc 0.9961 | train_full 0.9896 | val_acc 0.9615 | val_f1 0.9630 | grad(main/disc) 4.557/1.696 | lr(main/disc) 3.50e-05/1.75e-05 | 53.9s
2026-08-25 22:02:44 | Epoch 038/060 | loss 1.6981 | cls 1.0610 | tal -0.4040 | dual_g 0.7583 | dual_d 1.0424 | train_acc 1.0000 | train_full 1.0000 | val_acc 0.9615 | val_f1 0.9630 | grad(main/disc) 5.408/1.665 | lr(main/disc) 3.50e-05/1.75e-05 | 55.1s
2026-08-25 22:03:38 | Epoch 039/060 | loss 1.6852 | cls 1.0470 | tal -0.3705 | dual_g 0.7494 | dual_d 1.0247 | train_acc 0.9922 | train_full 0.9896 | val_acc 0.9615 | val_f1 0.9630 | grad(main/disc) 4.537/1.631 | lr(main/disc) 3.50e-05/1.75e-05 | 54.0s
2026-08-25 22:04:34 | Epoch 040/060 | loss 1.6454 | cls 1.0294 | tal -0.3987 | dual_g 0.7356 | dual_d 1.0355 | train_acc 1.0000 | train_full 0.9896 | val_acc 1.0000 | val_f1 1.0000 | grad(main/disc) 3.070/1.586 | lr(main/disc) 3.50e-05/1.75e-05 | 55.6s
2026-08-25 22:05:33 | Epoch 041/060 | loss 1.6790 | cls 1.0364 | tal -0.3034 | dual_g 0.7337 | dual_d 1.0322 | train_acc 0.9961 | train_full 1.0000 | val_acc 1.0000 | val_f1 1.0000 | grad(main/disc) 5.144/1.579 | lr(main/disc) 3.50e-05/1.75e-05 | 59.4s
2026-08-25 22:06:30 | Epoch 042/060 | loss 1.6465 | cls 1.0267 | tal -0.3342 | dual_g 0.7200 | dual_d 0.9872 | train_acc 0.9961 | train_full 1.0000 | val_acc 1.0000 | val_f1 1.0000 | grad(main/disc) 3.955/1.562 | lr(main/disc) 3.50e-05/1.75e-05 | 56.7s
2026-08-25 22:07:28 | Epoch 043/060 | loss 1.6857 | cls 1.0448 | tal -0.3017 | dual_g 0.7314 | dual_d 1.0293 | train_acc 0.9922 | train_full 1.0000 | val_acc 1.0000 | val_f1 1.0000 | grad(main/disc) 4.630/1.583 | lr(main/disc) 3.50e-05/1.75e-05 | 58.3s
2026-08-25 22:08:25 | Epoch 044/060 | loss 1.6400 | cls 1.0246 | tal -0.3657 | dual_g 0.7251 | dual_d 1.0199 | train_acc 1.0000 | train_full 1.0000 | val_acc 1.0000 | val_f1 1.0000 | grad(main/disc) 3.218/1.546 | lr(main/disc) 1.75e-05/8.75e-06 | 56.5s
2026-08-25 22:09:20 | Epoch 045/060 | loss 1.6319 | cls 1.0280 | tal -0.3837 | dual_g 0.7189 | dual_d 1.0599 | train_acc 1.0000 | train_full 1.0000 | val_acc 1.0000 | val_f1 1.0000 | grad(main/disc) 3.944/1.606 | lr(main/disc) 1.75e-05/8.75e-06 | 54.8s
2026-08-25 22:10:16 | Epoch 046/060 | loss 1.6548 | cls 1.0332 | tal -0.3389 | dual_g 0.7233 | dual_d 1.0774 | train_acc 1.0000 | train_full 1.0000 | val_acc 1.0000 | val_f1 1.0000 | grad(main/disc) 4.062/1.620 | lr(main/disc) 1.75e-05/8.75e-06 | 56.2s
2026-08-25 22:11:13 | Epoch 047/060 | loss 1.6218 | cls 1.0266 | tal -0.4309 | dual_g 0.7245 | dual_d 1.0875 | train_acc 0.9961 | train_full 1.0000 | val_acc 1.0000 | val_f1 1.0000 | grad(main/disc) 4.096/1.633 | lr(main/disc) 1.75e-05/8.75e-06 | 56.9s
2026-08-25 22:12:10 | Epoch 048/060 | loss 1.6053 | cls 1.0157 | tal -0.4349 | dual_g 0.7201 | dual_d 1.0335 | train_acc 1.0000 | train_full 1.0000 | val_acc 1.0000 | val_f1 1.0000 | grad(main/disc) 2.470/1.633 | lr(main/disc) 1.75e-05/8.75e-06 | 57.4s
2026-08-25 22:13:09 | Epoch 049/060 | loss 1.6180 | cls 1.0254 | tal -0.3902 | dual_g 0.7096 | dual_d 1.0099 | train_acc 1.0000 | train_full 1.0000 | val_acc 1.0000 | val_f1 1.0000 | grad(main/disc) 3.987/1.553 | lr(main/disc) 1.75e-05/8.75e-06 | 59.5s
2026-08-25 22:14:06 | Epoch 050/060 | loss 1.6197 | cls 1.0230 | tal -0.4033 | dual_g 0.7177 | dual_d 1.0590 | train_acc 1.0000 | train_full 1.0000 | val_acc 1.0000 | val_f1 1.0000 | grad(main/disc) 3.625/1.675 | lr(main/disc) 1.75e-05/8.75e-06 | 56.3s
2026-08-25 22:15:02 | Epoch 051/060 | loss 1.5927 | cls 1.0183 | tal -0.4750 | dual_g 0.7169 | dual_d 1.0656 | train_acc 1.0000 | train_full 1.0000 | val_acc 1.0000 | val_f1 1.0000 | grad(main/disc) 4.074/1.598 | lr(main/disc) 8.75e-06/4.37e-06 | 56.2s
2026-08-25 22:15:56 | Epoch 052/060 | loss 1.5689 | cls 1.0046 | tal -0.4630 | dual_g 0.7032 | dual_d 1.1026 | train_acc 1.0000 | train_full 1.0000 | val_acc 1.0000 | val_f1 1.0000 | grad(main/disc) 3.043/1.665 | lr(main/disc) 8.75e-06/4.37e-06 | 54.4s
2026-08-25 22:16:49 | Epoch 053/060 | loss 1.5753 | cls 1.0092 | tal -0.4644 | dual_g 0.7054 | dual_d 1.0500 | train_acc 1.0000 | train_full 1.0000 | val_acc 1.0000 | val_f1 1.0000 | grad(main/disc) 2.517/1.585 | lr(main/disc) 8.75e-06/4.37e-06 | 52.7s
2026-08-25 22:17:45 | Epoch 054/060 | loss 1.6092 | cls 1.0277 | tal -0.4085 | dual_g 0.7041 | dual_d 1.0760 | train_acc 1.0000 | train_full 1.0000 | val_acc 1.0000 | val_f1 1.0000 | grad(main/disc) 3.503/1.628 | lr(main/disc) 8.75e-06/4.37e-06 | 55.6s
2026-08-25 22:18:42 | Epoch 055/060 | loss 1.6013 | cls 1.0172 | tal -0.4060 | dual_g 0.7059 | dual_d 1.0458 | train_acc 1.0000 | train_full 1.0000 | val_acc 1.0000 | val_f1 1.0000 | grad(main/disc) 3.016/1.558 | lr(main/disc) 8.75e-06/4.37e-06 | 57.0s
2026-08-25 22:19:39 | Epoch 056/060 | loss 1.5890 | cls 1.0195 | tal -0.4402 | dual_g 0.7015 | dual_d 1.0671 | train_acc 1.0000 | train_full 1.0000 | val_acc 1.0000 | val_f1 1.0000 | grad(main/disc) 3.057/1.599 | lr(main/disc) 8.75e-06/4.37e-06 | 57.6s
2026-08-25 22:20:34 | Epoch 057/060 | loss 1.5762 | cls 1.0103 | tal -0.4449 | dual_g 0.6994 | dual_d 1.0388 | train_acc 1.0000 | train_full 1.0000 | val_acc 1.0000 | val_f1 1.0000 | grad(main/disc) 2.391/1.575 | lr(main/disc) 8.75e-06/4.37e-06 | 54.7s
2026-08-25 22:21:31 | Epoch 058/060 | loss 1.6046 | cls 1.0200 | tal -0.3982 | dual_g 0.7041 | dual_d 1.0205 | train_acc 0.9961 | train_full 1.0000 | val_acc 1.0000 | val_f1 1.0000 | grad(main/disc) 3.534/1.557 | lr(main/disc) 4.37e-06/2.19e-06 | 56.9s
2026-08-25 22:22:30 | Epoch 059/060 | loss 1.5966 | cls 1.0098 | tal -0.3785 | dual_g 0.7003 | dual_d 1.0770 | train_acc 1.0000 | train_full 1.0000 | val_acc 1.0000 | val_f1 1.0000 | grad(main/disc) 3.024/1.577 | lr(main/disc) 4.37e-06/2.19e-06 | 59.2s
2026-08-25 22:23:24 | Epoch 060/060 | loss 1.6058 | cls 1.0138 | tal -0.3972 | dual_g 0.7111 | dual_d 1.0613 | train_acc 1.0000 | train_full 1.0000 | val_acc 1.0000 | val_f1 1.0000 | grad(main/disc) 3.555/1.558 | lr(main/disc) 4.37e-06/2.19e-06 | 54.3s
2026-08-25 22:23:24 | Early stopping at epoch 60 after 30 epochs without val_f1_macro_present improvement.
2026-08-25 22:23:24 | Training complete. Best validation accuracy: 1.0000 | best val_f1_macro_present: 1.0000
2026-08-25 22:23:24 | Starting Dual_D standalone training
2026-08-25 22:23:24 | Run directory: runs/combined_60/full/dual_d_雨天_20260825_184001
2026-08-25 22:23:24 | Device: cuda
2026-08-25 22:23:24 | Source train samples: 992
2026-08-25 22:23:24 | Target train samples: 96
2026-08-25 22:23:24 | Target val samples: 26
2026-08-25 22:23:24 | Classes: 14
2026-08-25 22:23:24 | Data audit: same_dir=False | path_overlap(vis/ir/ais)=0/0/0 | content_overlap(vis/ir/ais)=0/0/0 | ais_index_overlap=0 | stem_mismatch(vis-ir/vis-ais)=117/0
2026-08-25 22:23:24 | source_train classes: present 14/14 | absent 0 | counts [0:120, 1:44, 2:69, 3:45, 4:40, 5:30, 6:64, 7:80, 8:116, 9:68, 10:57, 11:83, 12:48, 13:128]
2026-08-25 22:23:24 | target_train classes: present 6/14 | absent 8 | counts [0:7, 2:19, 9:32, 10:12, 11:6, 13:20]
2026-08-25 22:23:24 | target_val classes: present 6/14 | absent 8 | counts [0:2, 2:5, 9:8, 10:4, 11:2, 13:5]
2026-08-25 22:23:24 | Paired training classes: 6/14 | class ids [0, 2, 9, 10, 11, 13]
2026-08-25 22:23:24 | VIS/IR pairing: class-level-unpaired | count-mismatch classes train/val: 10/0 | AIS alignment: none | AIS rows train/val: 0/0
2026-08-25 22:23:25 | Model parameters: total=17277714 | trainable=17120210
Starting run 5/6: domain=雨天, iteration=2, seed=46
2026-08-25 22:24:24 | Epoch 001/060 | loss 5.0251 | cls 5.0733 | tal -0.1607 | dual_g 0.0000 | dual_d 0.0000 | train_acc 0.1875 | train_full 0.2500 | val_acc 0.3077 | val_f1 0.1508 | grad(main/disc) 25.427/0.000 | lr(main/disc) 7.00e-05/3.50e-05 | 58.8s
2026-08-25 22:24:24 | New best val_f1_macro_present: 0.1508 at epoch 1
2026-08-25 22:25:20 | Epoch 002/060 | loss 4.1314 | cls 4.1188 | tal 0.0423 | dual_g 0.0000 | dual_d 0.0000 | train_acc 0.3008 | train_full 0.2292 | val_acc 0.1923 | val_f1 0.1543 | grad(main/disc) 20.930/0.000 | lr(main/disc) 7.00e-05/3.50e-05 | 55.5s
2026-08-25 22:25:20 | New best val_f1_macro_present: 0.1543 at epoch 2
2026-08-25 22:26:17 | Epoch 003/060 | loss 3.3489 | cls 3.3456 | tal 0.0109 | dual_g 0.0000 | dual_d 0.0000 | train_acc 0.4805 | train_full 0.1875 | val_acc 0.3077 | val_f1 0.2619 | grad(main/disc) 17.720/0.000 | lr(main/disc) 7.00e-05/3.50e-05 | 57.4s
2026-08-25 22:26:17 | New best val_f1_macro_present: 0.2619 at epoch 3
2026-08-25 22:27:13 | Epoch 004/060 | loss 3.2801 | cls 3.0541 | tal -0.0665 | dual_g 0.2460 | dual_d 0.0000 | train_acc 0.5156 | train_full 0.2396 | val_acc 0.3077 | val_f1 0.2879 | grad(main/disc) 17.441/0.000 | lr(main/disc) 7.00e-05/3.50e-05 | 55.7s
2026-08-25 22:27:13 | New best val_f1_macro_present: 0.2879 at epoch 4
2026-08-25 22:28:08 | Epoch 005/060 | loss 3.0843 | cls 2.6679 | tal -0.1058 | dual_g 0.4482 | dual_d 0.0000 | train_acc 0.6406 | train_full 0.4792 | val_acc 0.5385 | val_f1 0.5767 | grad(main/disc) 16.366/0.000 | lr(main/disc) 7.00e-05/3.50e-05 | 55.3s
2026-08-25 22:28:08 | New best val_f1_macro_present: 0.5767 at epoch 5
2026-08-25 22:29:04 | Epoch 006/060 | loss 2.9752 | cls 2.3649 | tal -0.0072 | dual_g 0.6125 | dual_d 0.0000 | train_acc 0.7148 | train_full 0.3958 | val_acc 0.3846 | val_f1 0.4310 | grad(main/disc) 15.834/0.000 | lr(main/disc) 7.00e-05/3.50e-05 | 55.6s
2026-08-25 22:30:01 | Epoch 007/060 | loss 2.7905 | cls 2.0648 | tal -0.0169 | dual_g 0.7308 | dual_d 0.8387 | train_acc 0.7891 | train_full 0.5000 | val_acc 0.4615 | val_f1 0.5003 | grad(main/disc) 14.425/1.861 | lr(main/disc) 7.00e-05/3.50e-05 | 57.4s
2026-08-25 22:30:57 | Epoch 008/060 | loss 2.8948 | cls 2.0363 | tal -0.1009 | dual_g 0.8888 | dual_d 0.7936 | train_acc 0.8008 | train_full 0.5417 | val_acc 0.5385 | val_f1 0.5800 | grad(main/disc) 17.198/1.780 | lr(main/disc) 7.00e-05/3.50e-05 | 55.7s
2026-08-25 22:30:57 | New best val_f1_macro_present: 0.5800 at epoch 8
2026-08-25 22:31:56 | Epoch 009/060 | loss 2.5525 | cls 1.6674 | tal -0.1754 | dual_g 0.9377 | dual_d 0.7430 | train_acc 0.8594 | train_full 0.5729 | val_acc 0.5385 | val_f1 0.5026 | grad(main/disc) 14.736/1.672 | lr(main/disc) 7.00e-05/3.50e-05 | 59.0s
2026-08-25 22:32:52 | Epoch 010/060 | loss 2.6557 | cls 1.6363 | tal -0.1770 | dual_g 1.0725 | dual_d 0.6954 | train_acc 0.9531 | train_full 0.5521 | val_acc 0.4615 | val_f1 0.4026 | grad(main/disc) 15.698/1.607 | lr(main/disc) 7.00e-05/3.50e-05 | 56.3s
2026-08-25 22:34:32 | Epoch 011/060 | loss 2.6657 | cls 1.5846 | tal -0.1822 | dual_g 1.1357 | dual_d 0.6666 | train_acc 0.9531 | train_full 0.5729 | val_acc 0.6154 | val_f1 0.6534 | grad(main/disc) 19.262/1.547 | lr(main/disc) 7.00e-05/3.50e-05 | 99.8s
2026-08-25 22:34:32 | New best val_f1_macro_present: 0.6534 at epoch 11
2026-08-25 22:35:32 | Epoch 012/060 | loss 2.6760 | cls 1.6003 | tal -0.1685 | dual_g 1.1263 | dual_d 0.7075 | train_acc 0.9492 | train_full 0.8229 | val_acc 0.6923 | val_f1 0.7296 | grad(main/disc) 19.377/1.573 | lr(main/disc) 7.00e-05/3.50e-05 | 59.5s
2026-08-25 22:35:32 | New best val_f1_macro_present: 0.7296 at epoch 12
2026-08-25 22:36:27 | Epoch 013/060 | loss 2.5696 | cls 1.5281 | tal -0.1757 | dual_g 1.0942 | dual_d 0.6621 | train_acc 0.9492 | train_full 0.6771 | val_acc 0.6154 | val_f1 0.6528 | grad(main/disc) 15.680/1.538 | lr(main/disc) 7.00e-05/3.50e-05 | 55.4s
2026-08-25 22:37:26 | Epoch 014/060 | loss 2.4507 | cls 1.4255 | tal -0.1778 | dual_g 1.0785 | dual_d 0.6965 | train_acc 0.9414 | train_full 0.8438 | val_acc 0.7308 | val_f1 0.7474 | grad(main/disc) 16.562/1.571 | lr(main/disc) 7.00e-05/3.50e-05 | 58.9s
2026-08-25 22:37:26 | New best val_f1_macro_present: 0.7474 at epoch 14
2026-08-25 22:38:23 | Epoch 015/060 | loss 2.2576 | cls 1.2935 | tal -0.1396 | dual_g 1.0059 | dual_d 0.6660 | train_acc 0.9609 | train_full 0.7083 | val_acc 0.6154 | val_f1 0.6528 | grad(main/disc) 12.706/1.477 | lr(main/disc) 7.00e-05/3.50e-05 | 57.5s
2026-08-25 22:39:58 | Epoch 016/060 | loss 2.2296 | cls 1.3085 | tal -0.2355 | dual_g 0.9918 | dual_d 0.6648 | train_acc 0.9648 | train_full 0.8229 | val_acc 0.8846 | val_f1 0.8795 | grad(main/disc) 13.063/1.410 | lr(main/disc) 7.00e-05/3.50e-05 | 94.4s
2026-08-25 22:39:58 | New best val_f1_macro_present: 0.8795 at epoch 16
2026-08-25 22:42:07 | Epoch 017/060 | loss 2.1688 | cls 1.2811 | tal -0.2658 | dual_g 0.9675 | dual_d 0.7555 | train_acc 0.9688 | train_full 0.9688 | val_acc 0.9615 | val_f1 0.9630 | grad(main/disc) 11.680/1.525 | lr(main/disc) 7.00e-05/3.50e-05 | 129.4s
2026-08-25 22:42:07 | New best val_f1_macro_present: 0.9630 at epoch 17
2026-08-25 22:43:19 | Epoch 018/060 | loss 2.1181 | cls 1.2515 | tal -0.2353 | dual_g 0.9372 | dual_d 0.7241 | train_acc 0.9688 | train_full 0.9062 | val_acc 0.9231 | val_f1 0.9306 | grad(main/disc) 10.619/1.492 | lr(main/disc) 7.00e-05/3.50e-05 | 72.0s
2026-08-25 22:44:51 | Epoch 019/060 | loss 2.0319 | cls 1.1834 | tal -0.2057 | dual_g 0.9102 | dual_d 0.7376 | train_acc 0.9727 | train_full 0.9062 | val_acc 0.8846 | val_f1 0.9088 | grad(main/disc) 10.402/1.478 | lr(main/disc) 7.00e-05/3.50e-05 | 92.2s
2026-08-25 22:46:54 | Epoch 020/060 | loss 2.0410 | cls 1.1873 | tal -0.1734 | dual_g 0.9058 | dual_d 0.7495 | train_acc 0.9961 | train_full 0.9375 | val_acc 0.8846 | val_f1 0.8795 | grad(main/disc) 10.851/1.512 | lr(main/disc) 7.00e-05/3.50e-05 | 122.5s
2026-08-25 22:48:53 | Epoch 021/060 | loss 1.9664 | cls 1.1469 | tal -0.2041 | dual_g 0.8808 | dual_d 0.7616 | train_acc 0.9922 | train_full 0.9375 | val_acc 0.9231 | val_f1 0.9250 | grad(main/disc) 9.085/1.463 | lr(main/disc) 7.00e-05/3.50e-05 | 118.7s
2026-08-25 22:50:55 | Epoch 022/060 | loss 2.0019 | cls 1.1857 | tal -0.2293 | dual_g 0.8849 | dual_d 0.7456 | train_acc 0.9922 | train_full 0.9271 | val_acc 0.8462 | val_f1 0.8313 | grad(main/disc) 11.130/1.490 | lr(main/disc) 7.00e-05/3.50e-05 | 122.3s
2026-08-25 22:52:55 | Epoch 023/060 | loss 1.9913 | cls 1.1780 | tal -0.2251 | dual_g 0.8809 | dual_d 0.8357 | train_acc 0.9844 | train_full 0.9688 | val_acc 0.9615 | val_f1 0.9630 | grad(main/disc) 9.888/1.558 | lr(main/disc) 7.00e-05/3.50e-05 | 120.5s
2026-08-25 22:54:58 | Epoch 024/060 | loss 1.8966 | cls 1.1295 | tal -0.2771 | dual_g 0.8503 | dual_d 0.8027 | train_acc 1.0000 | train_full 0.9792 | val_acc 0.9615 | val_f1 0.9663 | grad(main/disc) 8.258/1.514 | lr(main/disc) 7.00e-05/3.50e-05 | 122.8s
2026-08-25 22:54:58 | New best val_f1_macro_present: 0.9663 at epoch 24
2026-08-25 22:57:01 | Epoch 025/060 | loss 1.8938 | cls 1.1261 | tal -0.2363 | dual_g 0.8386 | dual_d 0.8752 | train_acc 0.9961 | train_full 0.9792 | val_acc 0.9615 | val_f1 0.9630 | grad(main/disc) 9.020/1.536 | lr(main/disc) 7.00e-05/3.50e-05 | 123.0s
2026-08-25 22:59:03 | Epoch 026/060 | loss 1.8673 | cls 1.1129 | tal -0.3287 | dual_g 0.8530 | dual_d 0.8553 | train_acc 0.9961 | train_full 0.9271 | val_acc 0.9231 | val_f1 0.9111 | grad(main/disc) 9.278/1.485 | lr(main/disc) 7.00e-05/3.50e-05 | 121.9s
2026-08-25 23:01:07 | Epoch 027/060 | loss 1.8430 | cls 1.1194 | tal -0.3305 | dual_g 0.8228 | dual_d 0.9066 | train_acc 1.0000 | train_full 0.9896 | val_acc 1.0000 | val_f1 1.0000 | grad(main/disc) 8.421/1.621 | lr(main/disc) 7.00e-05/3.50e-05 | 123.5s
2026-08-25 23:01:07 | New best val_f1_macro_present: 1.0000 at epoch 27
2026-08-25 23:03:07 | Epoch 028/060 | loss 1.8752 | cls 1.1251 | tal -0.2653 | dual_g 0.8296 | dual_d 0.9304 | train_acc 0.9961 | train_full 0.9896 | val_acc 0.9615 | val_f1 0.9630 | grad(main/disc) 11.136/1.602 | lr(main/disc) 7.00e-05/3.50e-05 | 120.5s
2026-08-25 23:05:10 | Epoch 029/060 | loss 1.8072 | cls 1.0884 | tal -0.2835 | dual_g 0.8038 | dual_d 0.9182 | train_acc 0.9961 | train_full 0.9896 | val_acc 0.9615 | val_f1 0.9630 | grad(main/disc) 8.444/1.565 | lr(main/disc) 7.00e-05/3.50e-05 | 123.1s
2026-08-25 23:07:10 | Epoch 030/060 | loss 1.7487 | cls 1.0555 | tal -0.2790 | dual_g 0.7769 | dual_d 0.9464 | train_acc 0.9883 | train_full 0.9896 | val_acc 0.9615 | val_f1 0.9663 | grad(main/disc) 4.614/1.545 | lr(main/disc) 7.00e-05/3.50e-05 | 120.1s
2026-08-25 23:09:09 | Epoch 031/060 | loss 1.8039 | cls 1.0961 | tal -0.2769 | dual_g 0.7910 | dual_d 0.9568 | train_acc 0.9961 | train_full 1.0000 | val_acc 1.0000 | val_f1 1.0000 | grad(main/disc) 7.254/1.623 | lr(main/disc) 7.00e-05/3.50e-05 | 118.9s
2026-08-25 23:11:07 | Epoch 032/060 | loss 1.7817 | cls 1.0921 | tal -0.2862 | dual_g 0.7755 | dual_d 0.9937 | train_acc 0.9922 | train_full 1.0000 | val_acc 0.9615 | val_f1 0.9630 | grad(main/disc) 7.622/1.643 | lr(main/disc) 7.00e-05/3.50e-05 | 117.8s
2026-08-25 23:13:09 | Epoch 033/060 | loss 1.7708 | cls 1.0815 | tal -0.2681 | dual_g 0.7697 | dual_d 0.9627 | train_acc 0.9922 | train_full 0.9062 | val_acc 0.8846 | val_f1 0.8831 | grad(main/disc) 7.010/1.591 | lr(main/disc) 7.00e-05/3.50e-05 | 121.8s
2026-08-25 23:15:08 | Epoch 034/060 | loss 1.7332 | cls 1.0598 | tal -0.3282 | dual_g 0.7718 | dual_d 1.0045 | train_acc 0.9883 | train_full 0.9792 | val_acc 0.9231 | val_f1 0.9247 | grad(main/disc) 5.884/1.632 | lr(main/disc) 3.50e-05/1.75e-05 | 119.3s
2026-08-25 23:17:11 | Epoch 035/060 | loss 1.7128 | cls 1.0440 | tal -0.2624 | dual_g 0.7475 | dual_d 0.9997 | train_acc 1.0000 | train_full 0.9896 | val_acc 0.9615 | val_f1 0.9663 | grad(main/disc) 4.759/1.592 | lr(main/disc) 3.50e-05/1.75e-05 | 122.9s
2026-08-25 23:19:12 | Epoch 036/060 | loss 1.7032 | cls 1.0530 | tal -0.2860 | dual_g 0.7360 | dual_d 1.0254 | train_acc 1.0000 | train_full 0.9896 | val_acc 0.9615 | val_f1 0.9663 | grad(main/disc) 5.054/1.611 | lr(main/disc) 3.50e-05/1.75e-05 | 121.4s
2026-08-25 23:21:16 | Epoch 037/060 | loss 1.7356 | cls 1.0610 | tal -0.2808 | dual_g 0.7588 | dual_d 1.0467 | train_acc 0.9961 | train_full 0.9896 | val_acc 0.9615 | val_f1 0.9630 | grad(main/disc) 6.543/1.667 | lr(main/disc) 3.50e-05/1.75e-05 | 123.3s
2026-08-25 23:23:16 | Epoch 038/060 | loss 1.6765 | cls 1.0400 | tal -0.3119 | dual_g 0.7301 | dual_d 1.0472 | train_acc 1.0000 | train_full 0.9896 | val_acc 0.9615 | val_f1 0.9663 | grad(main/disc) 5.001/1.633 | lr(main/disc) 3.50e-05/1.75e-05 | 120.4s
2026-08-25 23:25:18 | Epoch 039/060 | loss 1.7060 | cls 1.0664 | tal -0.3082 | dual_g 0.7320 | dual_d 0.9976 | train_acc 0.9961 | train_full 0.9896 | val_acc 0.9615 | val_f1 0.9663 | grad(main/disc) 4.821/1.587 | lr(main/disc) 3.50e-05/1.75e-05 | 121.4s
2026-08-25 23:27:18 | Epoch 040/060 | loss 1.6836 | cls 1.0443 | tal -0.3167 | dual_g 0.7343 | dual_d 1.0176 | train_acc 1.0000 | train_full 0.9896 | val_acc 0.9615 | val_f1 0.9663 | grad(main/disc) 4.587/1.599 | lr(main/disc) 3.50e-05/1.75e-05 | 120.3s
2026-08-25 23:29:19 | Epoch 041/060 | loss 1.6931 | cls 1.0703 | tal -0.3556 | dual_g 0.7295 | dual_d 1.0718 | train_acc 0.9922 | train_full 1.0000 | val_acc 1.0000 | val_f1 1.0000 | grad(main/disc) 7.602/1.657 | lr(main/disc) 1.75e-05/8.75e-06 | 121.2s
2026-08-25 23:31:20 | Epoch 042/060 | loss 1.6354 | cls 1.0292 | tal -0.3547 | dual_g 0.7127 | dual_d 1.0844 | train_acc 1.0000 | train_full 1.0000 | val_acc 0.9615 | val_f1 0.9663 | grad(main/disc) 3.560/1.645 | lr(main/disc) 1.75e-05/8.75e-06 | 121.5s
2026-08-25 23:33:21 | Epoch 043/060 | loss 1.6897 | cls 1.0482 | tal -0.2954 | dual_g 0.7301 | dual_d 1.0199 | train_acc 0.9961 | train_full 1.0000 | val_acc 0.9615 | val_f1 0.9663 | grad(main/disc) 5.195/1.584 | lr(main/disc) 1.75e-05/8.75e-06 | 120.6s
2026-08-25 23:35:23 | Epoch 044/060 | loss 1.6519 | cls 1.0281 | tal -0.3279 | dual_g 0.7222 | dual_d 1.0819 | train_acc 1.0000 | train_full 0.9896 | val_acc 0.9615 | val_f1 0.9663 | grad(main/disc) 4.229/1.678 | lr(main/disc) 1.75e-05/8.75e-06 | 122.1s
2026-08-25 23:37:26 | Epoch 045/060 | loss 1.6718 | cls 1.0568 | tal -0.3408 | dual_g 0.7172 | dual_d 1.0582 | train_acc 0.9961 | train_full 0.9896 | val_acc 0.9615 | val_f1 0.9630 | grad(main/disc) 5.333/1.620 | lr(main/disc) 1.75e-05/8.75e-06 | 122.7s
2026-08-25 23:39:22 | Epoch 046/060 | loss 1.6244 | cls 1.0137 | tal -0.3464 | dual_g 0.7146 | dual_d 1.0362 | train_acc 0.9922 | train_full 0.9896 | val_acc 0.9615 | val_f1 0.9663 | grad(main/disc) 4.389/1.563 | lr(main/disc) 1.75e-05/8.75e-06 | 116.2s
2026-08-25 23:41:25 | Epoch 047/060 | loss 1.6328 | cls 1.0240 | tal -0.3257 | dual_g 0.7064 | dual_d 1.0540 | train_acc 1.0000 | train_full 0.9896 | val_acc 0.9615 | val_f1 0.9663 | grad(main/disc) 4.430/1.607 | lr(main/disc) 1.75e-05/8.75e-06 | 122.7s
2026-08-25 23:43:25 | Epoch 048/060 | loss 1.6395 | cls 1.0244 | tal -0.3398 | dual_g 0.7170 | dual_d 1.1200 | train_acc 1.0000 | train_full 0.9896 | val_acc 0.9615 | val_f1 0.9663 | grad(main/disc) 4.332/1.655 | lr(main/disc) 8.75e-06/4.37e-06 | 120.6s
2026-08-25 23:45:28 | Epoch 049/060 | loss 1.6377 | cls 1.0378 | tal -0.3502 | dual_g 0.7050 | dual_d 1.0795 | train_acc 0.9922 | train_full 1.0000 | val_acc 0.9615 | val_f1 0.9663 | grad(main/disc) 3.658/1.663 | lr(main/disc) 8.75e-06/4.37e-06 | 122.6s
2026-08-25 23:47:31 | Epoch 050/060 | loss 1.6110 | cls 1.0184 | tal -0.3655 | dual_g 0.7022 | dual_d 1.0302 | train_acc 1.0000 | train_full 1.0000 | val_acc 0.9615 | val_f1 0.9663 | grad(main/disc) 3.248/1.600 | lr(main/disc) 8.75e-06/4.37e-06 | 123.1s
2026-08-25 23:49:29 | Epoch 051/060 | loss 1.6390 | cls 1.0244 | tal -0.3225 | dual_g 0.7113 | dual_d 1.0578 | train_acc 1.0000 | train_full 0.9896 | val_acc 0.9615 | val_f1 0.9663 | grad(main/disc) 3.907/1.591 | lr(main/disc) 8.75e-06/4.37e-06 | 118.0s
2026-08-25 23:51:31 | Epoch 052/060 | loss 1.6581 | cls 1.0539 | tal -0.3443 | dual_g 0.7075 | dual_d 1.0296 | train_acc 0.9961 | train_full 1.0000 | val_acc 1.0000 | val_f1 1.0000 | grad(main/disc) 4.938/1.582 | lr(main/disc) 8.75e-06/4.37e-06 | 122.2s
2026-08-25 23:53:32 | Epoch 053/060 | loss 1.6602 | cls 1.0396 | tal -0.3141 | dual_g 0.7149 | dual_d 1.1127 | train_acc 0.9961 | train_full 1.0000 | val_acc 0.9615 | val_f1 0.9663 | grad(main/disc) 5.413/1.679 | lr(main/disc) 8.75e-06/4.37e-06 | 120.5s
2026-08-25 23:55:34 | Epoch 054/060 | loss 1.6337 | cls 1.0273 | tal -0.3554 | dual_g 0.7130 | dual_d 1.0555 | train_acc 1.0000 | train_full 1.0000 | val_acc 0.9615 | val_f1 0.9663 | grad(main/disc) 4.438/1.584 | lr(main/disc) 8.75e-06/4.37e-06 | 122.5s
2026-08-25 23:57:34 | Epoch 055/060 | loss 1.5996 | cls 1.0165 | tal -0.4067 | dual_g 0.7051 | dual_d 1.0498 | train_acc 1.0000 | train_full 0.9896 | val_acc 0.9615 | val_f1 0.9630 | grad(main/disc) 3.753/1.583 | lr(main/disc) 4.37e-06/2.19e-06 | 119.3s
2026-08-25 23:59:36 | Epoch 056/060 | loss 1.6415 | cls 1.0371 | tal -0.3625 | dual_g 0.7132 | dual_d 1.0660 | train_acc 1.0000 | train_full 1.0000 | val_acc 0.9615 | val_f1 0.9630 | grad(main/disc) 4.555/1.612 | lr(main/disc) 4.37e-06/2.19e-06 | 121.9s
2026-08-26 00:01:36 | Epoch 057/060 | loss 1.5950 | cls 1.0052 | tal -0.3776 | dual_g 0.7030 | dual_d 1.0854 | train_acc 1.0000 | train_full 0.9896 | val_acc 0.9615 | val_f1 0.9663 | grad(main/disc) 2.564/1.601 | lr(main/disc) 4.37e-06/2.19e-06 | 120.2s
2026-08-26 00:03:36 | Epoch 058/060 | loss 1.6343 | cls 1.0272 | tal -0.3133 | dual_g 0.7011 | dual_d 1.0282 | train_acc 1.0000 | train_full 0.9896 | val_acc 0.9615 | val_f1 0.9663 | grad(main/disc) 3.703/1.490 | lr(main/disc) 4.37e-06/2.19e-06 | 120.0s
2026-08-26 00:05:41 | Epoch 059/060 | loss 1.6218 | cls 1.0164 | tal -0.3471 | dual_g 0.7096 | dual_d 1.1221 | train_acc 1.0000 | train_full 0.9896 | val_acc 0.9615 | val_f1 0.9663 | grad(main/disc) 3.797/1.667 | lr(main/disc) 4.37e-06/2.19e-06 | 125.1s
2026-08-26 00:07:43 | Epoch 060/060 | loss 1.6348 | cls 1.0220 | tal -0.2929 | dual_g 0.7007 | dual_d 1.0916 | train_acc 1.0000 | train_full 0.9896 | val_acc 0.9615 | val_f1 0.9663 | grad(main/disc) 3.141/1.646 | lr(main/disc) 4.37e-06/2.19e-06 | 122.0s
2026-08-26 00:07:43 | Early stopping at epoch 60 after 33 epochs without val_f1_macro_present improvement.
2026-08-26 00:07:43 | Training complete. Best validation accuracy: 1.0000 | best val_f1_macro_present: 1.0000
2026-08-26 00:07:43 | Starting Dual_D standalone training
2026-08-26 00:07:43 | Run directory: runs/combined_60/full/dual_d_雨天_20260825_184001
2026-08-26 00:07:43 | Device: cuda
2026-08-26 00:07:43 | Source train samples: 992
2026-08-26 00:07:43 | Target train samples: 96
2026-08-26 00:07:43 | Target val samples: 26
2026-08-26 00:07:43 | Classes: 14
2026-08-26 00:07:43 | Data audit: same_dir=False | path_overlap(vis/ir/ais)=0/0/0 | content_overlap(vis/ir/ais)=0/0/0 | ais_index_overlap=0 | stem_mismatch(vis-ir/vis-ais)=117/0
2026-08-26 00:07:43 | source_train classes: present 14/14 | absent 0 | counts [0:120, 1:44, 2:69, 3:45, 4:40, 5:30, 6:64, 7:80, 8:116, 9:68, 10:57, 11:83, 12:48, 13:128]
2026-08-26 00:07:43 | target_train classes: present 6/14 | absent 8 | counts [0:7, 2:19, 9:32, 10:12, 11:6, 13:20]
2026-08-26 00:07:43 | target_val classes: present 6/14 | absent 8 | counts [0:2, 2:5, 9:8, 10:4, 11:2, 13:5]
2026-08-26 00:07:43 | Paired training classes: 6/14 | class ids [0, 2, 9, 10, 11, 13]
2026-08-26 00:07:43 | VIS/IR pairing: class-level-unpaired | count-mismatch classes train/val: 10/0 | AIS alignment: none | AIS rows train/val: 0/0
2026-08-26 00:07:45 | Model parameters: total=17277714 | trainable=17120210
Starting run 6/6: domain=雨天, iteration=3, seed=47
2026-08-26 00:09:43 | Epoch 001/060 | loss 5.5614 | cls 5.5335 | tal 0.0931 | dual_g 0.0000 | dual_d 0.0000 | train_acc 0.1406 | train_full 0.0521 | val_acc 0.0385 | val_f1 0.0145 | grad(main/disc) 24.504/0.000 | lr(main/disc) 7.00e-05/3.50e-05 | 118.5s
2026-08-26 00:09:43 | New best val_f1_macro_present: 0.0145 at epoch 1
2026-08-26 00:11:50 | Epoch 002/060 | loss 4.2385 | cls 4.2015 | tal 0.1233 | dual_g 0.0000 | dual_d 0.0000 | train_acc 0.3125 | train_full 0.1875 | val_acc 0.1923 | val_f1 0.0617 | grad(main/disc) 19.489/0.000 | lr(main/disc) 7.00e-05/3.50e-05 | 126.8s
2026-08-26 00:11:50 | New best val_f1_macro_present: 0.0617 at epoch 2
2026-08-26 00:13:53 | Epoch 003/060 | loss 3.5241 | cls 3.5044 | tal 0.0655 | dual_g 0.0000 | dual_d 0.0000 | train_acc 0.4648 | train_full 0.2604 | val_acc 0.2692 | val_f1 0.1951 | grad(main/disc) 17.027/0.000 | lr(main/disc) 7.00e-05/3.50e-05 | 123.3s
2026-08-26 00:13:53 | New best val_f1_macro_present: 0.1951 at epoch 3
2026-08-26 00:15:54 | Epoch 004/060 | loss 3.2040 | cls 2.9546 | tal 0.0066 | dual_g 0.2475 | dual_d 0.0000 | train_acc 0.5117 | train_full 0.2812 | val_acc 0.3846 | val_f1 0.2866 | grad(main/disc) 15.713/0.000 | lr(main/disc) 7.00e-05/3.50e-05 | 120.4s
2026-08-26 00:15:54 | New best val_f1_macro_present: 0.2866 at epoch 4
2026-08-26 00:17:55 | Epoch 005/060 | loss 3.0758 | cls 2.6357 | tal -0.0230 | dual_g 0.4470 | dual_d 0.0000 | train_acc 0.6445 | train_full 0.3958 | val_acc 0.3846 | val_f1 0.3667 | grad(main/disc) 14.965/0.000 | lr(main/disc) 7.00e-05/3.50e-05 | 121.6s
2026-08-26 00:17:55 | New best val_f1_macro_present: 0.3667 at epoch 5
2026-08-26 00:19:57 | Epoch 006/060 | loss 3.0038 | cls 2.4314 | tal -0.0334 | dual_g 0.5824 | dual_d 0.0000 | train_acc 0.7227 | train_full 0.4167 | val_acc 0.3846 | val_f1 0.3638 | grad(main/disc) 14.809/0.000 | lr(main/disc) 7.00e-05/3.50e-05 | 121.7s
2026-08-26 00:21:59 | Epoch 007/060 | loss 2.8366 | cls 2.0989 | tal -0.0538 | dual_g 0.7538 | dual_d 0.8223 | train_acc 0.8281 | train_full 0.4688 | val_acc 0.4615 | val_f1 0.4917 | grad(main/disc) 14.875/1.848 | lr(main/disc) 7.00e-05/3.50e-05 | 122.1s
2026-08-26 00:21:59 | New best val_f1_macro_present: 0.4917 at epoch 7
2026-08-26 00:23:59 | Epoch 008/060 | loss 2.7316 | cls 1.9118 | tal -0.0524 | dual_g 0.8355 | dual_d 0.8095 | train_acc 0.8164 | train_full 0.5521 | val_acc 0.5000 | val_f1 0.5108 | grad(main/disc) 15.164/1.737 | lr(main/disc) 7.00e-05/3.50e-05 | 119.8s
2026-08-26 00:23:59 | New best val_f1_macro_present: 0.5108 at epoch 8
2026-08-26 00:26:02 | Epoch 009/060 | loss 2.6436 | cls 1.7414 | tal -0.0723 | dual_g 0.9238 | dual_d 0.8629 | train_acc 0.8633 | train_full 0.5729 | val_acc 0.4231 | val_f1 0.3503 | grad(main/disc) 16.199/1.848 | lr(main/disc) 7.00e-05/3.50e-05 | 122.7s
2026-08-26 00:28:02 | Epoch 010/060 | loss 2.5759 | cls 1.6067 | tal -0.0885 | dual_g 0.9958 | dual_d 0.8211 | train_acc 0.9219 | train_full 0.7812 | val_acc 0.5000 | val_f1 0.4157 | grad(main/disc) 17.455/1.735 | lr(main/disc) 7.00e-05/3.50e-05 | 120.9s
2026-08-26 00:30:04 | Epoch 011/060 | loss 2.6589 | cls 1.5596 | tal -0.0524 | dual_g 1.1150 | dual_d 0.7946 | train_acc 0.9297 | train_full 0.7708 | val_acc 0.6154 | val_f1 0.6538 | grad(main/disc) 14.839/1.688 | lr(main/disc) 7.00e-05/3.50e-05 | 121.5s
2026-08-26 00:30:04 | New best val_f1_macro_present: 0.6538 at epoch 11
2026-08-26 00:32:07 | Epoch 012/060 | loss 2.5611 | cls 1.5058 | tal -0.1079 | dual_g 1.0877 | dual_d 0.8107 | train_acc 0.9570 | train_full 0.7500 | val_acc 0.6154 | val_f1 0.6424 | grad(main/disc) 14.274/1.732 | lr(main/disc) 7.00e-05/3.50e-05 | 123.3s
2026-08-26 00:34:09 | Epoch 013/060 | loss 2.3690 | cls 1.3670 | tal -0.0904 | dual_g 1.0291 | dual_d 0.7344 | train_acc 0.9492 | train_full 0.7917 | val_acc 0.5000 | val_f1 0.4417 | grad(main/disc) 13.160/1.558 | lr(main/disc) 7.00e-05/3.50e-05 | 122.0s
2026-08-26 00:36:09 | Epoch 014/060 | loss 2.4425 | cls 1.4263 | tal -0.0711 | dual_g 1.0375 | dual_d 0.7671 | train_acc 0.9570 | train_full 0.8125 | val_acc 0.7692 | val_f1 0.7976 | grad(main/disc) 16.383/1.634 | lr(main/disc) 7.00e-05/3.50e-05 | 120.1s
2026-08-26 00:36:09 | New best val_f1_macro_present: 0.7976 at epoch 14
2026-08-26 00:38:08 | Epoch 015/060 | loss 2.2314 | cls 1.3022 | tal -0.0780 | dual_g 0.9526 | dual_d 0.7687 | train_acc 0.9648 | train_full 0.8646 | val_acc 0.8846 | val_f1 0.8907 | grad(main/disc) 12.585/1.594 | lr(main/disc) 7.00e-05/3.50e-05 | 119.1s
2026-08-26 00:38:08 | New best val_f1_macro_present: 0.8907 at epoch 15
2026-08-26 00:40:11 | Epoch 016/060 | loss 2.0943 | cls 1.1899 | tal -0.1151 | dual_g 0.9389 | dual_d 0.7853 | train_acc 0.9883 | train_full 0.8229 | val_acc 0.6923 | val_f1 0.6851 | grad(main/disc) 11.841/1.570 | lr(main/disc) 7.00e-05/3.50e-05 | 122.3s
2026-08-26 00:42:11 | Epoch 017/060 | loss 2.2592 | cls 1.3011 | tal -0.0810 | dual_g 0.9824 | dual_d 0.7844 | train_acc 0.9727 | train_full 0.8125 | val_acc 0.8077 | val_f1 0.8159 | grad(main/disc) 19.102/1.554 | lr(main/disc) 7.00e-05/3.50e-05 | 120.2s
2026-08-26 00:44:10 | Epoch 018/060 | loss 2.1524 | cls 1.2371 | tal -0.0915 | dual_g 0.9428 | dual_d 0.7529 | train_acc 0.9727 | train_full 0.8333 | val_acc 0.8462 | val_f1 0.8339 | grad(main/disc) 15.703/1.569 | lr(main/disc) 7.00e-05/3.50e-05 | 118.8s
2026-08-26 00:46:12 | Epoch 019/060 | loss 2.0494 | cls 1.1888 | tal -0.1117 | dual_g 0.8940 | dual_d 0.7529 | train_acc 0.9922 | train_full 0.8854 | val_acc 0.8846 | val_f1 0.8907 | grad(main/disc) 11.258/1.532 | lr(main/disc) 7.00e-05/3.50e-05 | 122.6s
2026-08-26 00:48:15 | Epoch 020/060 | loss 2.0451 | cls 1.1980 | tal -0.1437 | dual_g 0.8902 | dual_d 0.7708 | train_acc 0.9844 | train_full 0.8333 | val_acc 0.9231 | val_f1 0.9306 | grad(main/disc) 10.985/1.570 | lr(main/disc) 7.00e-05/3.50e-05 | 122.5s
2026-08-26 00:48:15 | New best val_f1_macro_present: 0.9306 at epoch 20
2026-08-26 00:50:16 | Epoch 021/060 | loss 1.9871 | cls 1.1544 | tal -0.1401 | dual_g 0.8747 | dual_d 0.7704 | train_acc 0.9883 | train_full 0.8438 | val_acc 0.9231 | val_f1 0.9219 | grad(main/disc) 9.517/1.524 | lr(main/disc) 7.00e-05/3.50e-05 | 121.6s
2026-08-26 00:52:19 | Epoch 022/060 | loss 2.0265 | cls 1.2016 | tal -0.1713 | dual_g 0.8762 | dual_d 0.7872 | train_acc 0.9844 | train_full 0.9375 | val_acc 0.9615 | val_f1 0.9663 | grad(main/disc) 13.095/1.572 | lr(main/disc) 7.00e-05/3.50e-05 | 122.5s
2026-08-26 00:52:19 | New best val_f1_macro_present: 0.9663 at epoch 22
2026-08-26 00:54:19 | Epoch 023/060 | loss 1.9715 | cls 1.1598 | tal -0.1823 | dual_g 0.8665 | dual_d 0.8487 | train_acc 0.9922 | train_full 0.9271 | val_acc 0.9231 | val_f1 0.9219 | grad(main/disc) 11.100/1.598 | lr(main/disc) 7.00e-05/3.50e-05 | 120.0s
2026-08-26 00:56:20 | Epoch 024/060 | loss 1.9355 | cls 1.1241 | tal -0.1482 | dual_g 0.8559 | dual_d 0.8575 | train_acc 0.9922 | train_full 0.9375 | val_acc 0.9231 | val_f1 0.9299 | grad(main/disc) 14.748/1.627 | lr(main/disc) 7.00e-05/3.50e-05 | 120.7s
2026-08-26 00:58:19 | Epoch 025/060 | loss 1.9310 | cls 1.1423 | tal -0.0977 | dual_g 0.8180 | dual_d 0.8590 | train_acc 0.9961 | train_full 0.8646 | val_acc 0.9231 | val_f1 0.9247 | grad(main/disc) 9.384/1.620 | lr(main/disc) 7.00e-05/3.50e-05 | 119.8s
2026-08-26 01:00:21 | Epoch 026/060 | loss 1.9336 | cls 1.1360 | tal -0.1066 | dual_g 0.8296 | dual_d 0.9008 | train_acc 1.0000 | train_full 0.9479 | val_acc 0.9231 | val_f1 0.9219 | grad(main/disc) 10.414/1.659 | lr(main/disc) 7.00e-05/3.50e-05 | 121.4s
2026-08-26 01:02:20 | Epoch 027/060 | loss 1.8965 | cls 1.1138 | tal -0.1041 | dual_g 0.8139 | dual_d 0.9745 | train_acc 0.9883 | train_full 0.9375 | val_acc 0.9231 | val_f1 0.9247 | grad(main/disc) 6.618/1.673 | lr(main/disc) 7.00e-05/3.50e-05 | 119.7s
2026-08-26 01:04:22 | Epoch 028/060 | loss 1.8983 | cls 1.1088 | tal -0.0711 | dual_g 0.8109 | dual_d 0.9332 | train_acc 0.9805 | train_full 0.9688 | val_acc 0.9615 | val_f1 0.9663 | grad(main/disc) 7.501/1.611 | lr(main/disc) 7.00e-05/3.50e-05 | 121.1s
2026-08-26 01:06:22 | Epoch 029/060 | loss 1.8328 | cls 1.0725 | tal -0.1104 | dual_g 0.7934 | dual_d 0.9660 | train_acc 1.0000 | train_full 0.9792 | val_acc 0.9615 | val_f1 0.9663 | grad(main/disc) 7.479/1.620 | lr(main/disc) 3.50e-05/1.75e-05 | 120.2s
2026-08-26 01:08:22 | Epoch 030/060 | loss 1.8184 | cls 1.0777 | tal -0.1026 | dual_g 0.7715 | dual_d 0.9802 | train_acc 0.9961 | train_full 0.9792 | val_acc 0.9615 | val_f1 0.9663 | grad(main/disc) 6.216/1.640 | lr(main/disc) 3.50e-05/1.75e-05 | 119.8s
2026-08-26 01:10:24 | Epoch 031/060 | loss 1.7628 | cls 1.0533 | tal -0.1714 | dual_g 0.7609 | dual_d 0.9949 | train_acc 1.0000 | train_full 0.9792 | val_acc 0.9615 | val_f1 0.9663 | grad(main/disc) 5.105/1.692 | lr(main/disc) 3.50e-05/1.75e-05 | 122.5s
2026-08-26 01:12:26 | Epoch 032/060 | loss 1.7940 | cls 1.0664 | tal -0.1382 | dual_g 0.7690 | dual_d 0.9768 | train_acc 0.9883 | train_full 0.9792 | val_acc 0.9615 | val_f1 0.9663 | grad(main/disc) 8.375/1.654 | lr(main/disc) 3.50e-05/1.75e-05 | 122.1s
2026-08-26 01:14:30 | Epoch 033/060 | loss 1.8404 | cls 1.0879 | tal -0.1155 | dual_g 0.7872 | dual_d 1.0314 | train_acc 0.9961 | train_full 0.9896 | val_acc 0.9615 | val_f1 0.9663 | grad(main/disc) 7.311/1.685 | lr(main/disc) 3.50e-05/1.75e-05 | 123.8s
2026-08-26 01:16:30 | Epoch 034/060 | loss 1.7734 | cls 1.0576 | tal -0.1669 | dual_g 0.7659 | dual_d 0.9914 | train_acc 1.0000 | train_full 0.9792 | val_acc 0.9615 | val_f1 0.9663 | grad(main/disc) 6.221/1.699 | lr(main/disc) 3.50e-05/1.75e-05 | 120.2s
2026-08-26 01:18:34 | Epoch 035/060 | loss 1.7680 | cls 1.0465 | tal -0.1355 | dual_g 0.7622 | dual_d 1.0156 | train_acc 1.0000 | train_full 0.9896 | val_acc 0.9231 | val_f1 0.9247 | grad(main/disc) 6.990/1.652 | lr(main/disc) 3.50e-05/1.75e-05 | 124.2s
2026-08-26 01:20:37 | Epoch 036/060 | loss 1.7622 | cls 1.0591 | tal -0.1135 | dual_g 0.7371 | dual_d 0.9791 | train_acc 1.0000 | train_full 0.9792 | val_acc 0.9231 | val_f1 0.9247 | grad(main/disc) 5.252/1.599 | lr(main/disc) 1.75e-05/8.75e-06 | 122.4s
2026-08-26 01:22:37 | Epoch 037/060 | loss 1.7852 | cls 1.0775 | tal -0.1750 | dual_g 0.7602 | dual_d 1.0417 | train_acc 0.9844 | train_full 0.9792 | val_acc 0.9615 | val_f1 0.9663 | grad(main/disc) 8.220/1.694 | lr(main/disc) 1.75e-05/8.75e-06 | 120.8s
2026-08-26 01:24:36 | Epoch 038/060 | loss 1.7676 | cls 1.0651 | tal -0.1601 | dual_g 0.7506 | dual_d 1.0789 | train_acc 0.9961 | train_full 1.0000 | val_acc 1.0000 | val_f1 1.0000 | grad(main/disc) 8.056/1.749 | lr(main/disc) 1.75e-05/8.75e-06 | 118.6s
2026-08-26 01:24:36 | New best val_f1_macro_present: 1.0000 at epoch 38
2026-08-26 01:26:40 | Epoch 039/060 | loss 1.7267 | cls 1.0407 | tal -0.1737 | dual_g 0.7381 | dual_d 1.0324 | train_acc 1.0000 | train_full 0.9896 | val_acc 1.0000 | val_f1 1.0000 | grad(main/disc) 3.871/1.702 | lr(main/disc) 1.75e-05/8.75e-06 | 123.9s
2026-08-26 01:28:41 | Epoch 040/060 | loss 1.7400 | cls 1.0501 | tal -0.1818 | dual_g 0.7444 | dual_d 1.0161 | train_acc 1.0000 | train_full 0.9583 | val_acc 0.9615 | val_f1 0.9663 | grad(main/disc) 4.881/1.636 | lr(main/disc) 1.75e-05/8.75e-06 | 121.0s
2026-08-26 01:30:42 | Epoch 041/060 | loss 1.7426 | cls 1.0569 | tal -0.1988 | dual_g 0.7453 | dual_d 0.9863 | train_acc 1.0000 | train_full 0.9792 | val_acc 0.9615 | val_f1 0.9663 | grad(main/disc) 6.201/1.612 | lr(main/disc) 1.75e-05/8.75e-06 | 121.3s
2026-08-26 01:32:45 | Epoch 042/060 | loss 1.7193 | cls 1.0411 | tal -0.1937 | dual_g 0.7363 | dual_d 1.0517 | train_acc 1.0000 | train_full 0.9896 | val_acc 0.9615 | val_f1 0.9663 | grad(main/disc) 4.721/1.680 | lr(main/disc) 1.75e-05/8.75e-06 | 123.1s
2026-08-26 01:34:49 | Epoch 043/060 | loss 1.7053 | cls 1.0276 | tal -0.1571 | dual_g 0.7248 | dual_d 1.0463 | train_acc 1.0000 | train_full 0.9896 | val_acc 0.9615 | val_f1 0.9663 | grad(main/disc) 4.349/1.658 | lr(main/disc) 1.75e-05/8.75e-06 | 123.9s
2026-08-26 01:36:51 | Epoch 044/060 | loss 1.7386 | cls 1.0475 | tal -0.1628 | dual_g 0.7400 | dual_d 0.9992 | train_acc 1.0000 | train_full 0.9792 | val_acc 0.9615 | val_f1 0.9663 | grad(main/disc) 7.010/1.632 | lr(main/disc) 1.75e-05/8.75e-06 | 121.3s
2026-08-26 01:38:53 | Epoch 045/060 | loss 1.7036 | cls 1.0184 | tal -0.1224 | dual_g 0.7219 | dual_d 1.0891 | train_acc 1.0000 | train_full 0.9896 | val_acc 0.9615 | val_f1 0.9663 | grad(main/disc) 3.434/1.715 | lr(main/disc) 8.75e-06/4.37e-06 | 122.0s
2026-08-26 01:40:54 | Epoch 046/060 | loss 1.7260 | cls 1.0455 | tal -0.1716 | dual_g 0.7319 | dual_d 1.0485 | train_acc 1.0000 | train_full 0.9896 | val_acc 0.9615 | val_f1 0.9663 | grad(main/disc) 5.046/1.748 | lr(main/disc) 8.75e-06/4.37e-06 | 121.7s
2026-08-26 01:42:51 | Epoch 047/060 | loss 1.6967 | cls 1.0334 | tal -0.1997 | dual_g 0.7233 | dual_d 1.0231 | train_acc 1.0000 | train_full 0.9896 | val_acc 0.9615 | val_f1 0.9663 | grad(main/disc) 5.046/1.645 | lr(main/disc) 8.75e-06/4.37e-06 | 116.3s
2026-08-26 01:44:53 | Epoch 048/060 | loss 1.7121 | cls 1.0410 | tal -0.1675 | dual_g 0.7213 | dual_d 1.0495 | train_acc 1.0000 | train_full 0.9896 | val_acc 0.9615 | val_f1 0.9663 | grad(main/disc) 4.230/1.743 | lr(main/disc) 8.75e-06/4.37e-06 | 122.2s
2026-08-26 01:46:57 | Epoch 049/060 | loss 1.7037 | cls 1.0348 | tal -0.1964 | dual_g 0.7278 | dual_d 1.0086 | train_acc 1.0000 | train_full 0.9896 | val_acc 0.9615 | val_f1 0.9663 | grad(main/disc) 5.429/1.610 | lr(main/disc) 8.75e-06/4.37e-06 | 123.7s
2026-08-26 01:49:00 | Epoch 050/060 | loss 1.6882 | cls 1.0139 | tal -0.1670 | dual_g 0.7244 | dual_d 1.0574 | train_acc 1.0000 | train_full 1.0000 | val_acc 1.0000 | val_f1 1.0000 | grad(main/disc) 4.648/1.697 | lr(main/disc) 8.75e-06/4.37e-06 | 123.6s
2026-08-26 01:51:01 | Epoch 051/060 | loss 1.6911 | cls 1.0169 | tal -0.1819 | dual_g 0.7287 | dual_d 1.1061 | train_acc 1.0000 | train_full 1.0000 | val_acc 1.0000 | val_f1 1.0000 | grad(main/disc) 3.579/1.736 | lr(main/disc) 8.75e-06/4.37e-06 | 120.7s
2026-08-26 01:53:04 | Epoch 052/060 | loss 1.7058 | cls 1.0446 | tal -0.2145 | dual_g 0.7255 | dual_d 1.0764 | train_acc 0.9961 | train_full 0.9896 | val_acc 1.0000 | val_f1 1.0000 | grad(main/disc) 5.064/1.710 | lr(main/disc) 4.37e-06/2.19e-06 | 123.0s
2026-08-26 01:55:02 | Epoch 053/060 | loss 1.7070 | cls 1.0368 | tal -0.1959 | dual_g 0.7290 | dual_d 1.0602 | train_acc 1.0000 | train_full 1.0000 | val_acc 1.0000 | val_f1 1.0000 | grad(main/disc) 4.840/1.632 | lr(main/disc) 4.37e-06/2.19e-06 | 118.4s
2026-08-26 01:57:02 | Epoch 054/060 | loss 1.6764 | cls 1.0293 | tal -0.2058 | dual_g 0.7089 | dual_d 1.0758 | train_acc 1.0000 | train_full 1.0000 | val_acc 1.0000 | val_f1 1.0000 | grad(main/disc) 4.626/1.722 | lr(main/disc) 4.37e-06/2.19e-06 | 119.7s
2026-08-26 01:59:04 | Epoch 055/060 | loss 1.7171 | cls 1.0425 | tal -0.1948 | dual_g 0.7331 | dual_d 1.0836 | train_acc 0.9922 | train_full 1.0000 | val_acc 1.0000 | val_f1 1.0000 | grad(main/disc) 5.755/1.672 | lr(main/disc) 4.37e-06/2.19e-06 | 121.9s
2026-08-26 02:01:06 | Epoch 056/060 | loss 1.7086 | cls 1.0325 | tal -0.1414 | dual_g 0.7185 | dual_d 1.0835 | train_acc 0.9961 | train_full 0.9792 | val_acc 1.0000 | val_f1 1.0000 | grad(main/disc) 4.877/1.660 | lr(main/disc) 4.37e-06/2.19e-06 | 122.5s
2026-08-26 02:03:08 | Epoch 057/060 | loss 1.6701 | cls 1.0273 | tal -0.1983 | dual_g 0.7023 | dual_d 1.0972 | train_acc 1.0000 | train_full 1.0000 | val_acc 1.0000 | val_f1 1.0000 | grad(main/disc) 4.100/1.688 | lr(main/disc) 4.37e-06/2.19e-06 | 121.3s
2026-08-26 02:05:10 | Epoch 058/060 | loss 1.6902 | cls 1.0279 | tal -0.1747 | dual_g 0.7147 | dual_d 1.0911 | train_acc 0.9961 | train_full 1.0000 | val_acc 1.0000 | val_f1 1.0000 | grad(main/disc) 4.958/1.673 | lr(main/disc) 4.37e-06/2.19e-06 | 121.8s
2026-08-26 02:07:10 | Epoch 059/060 | loss 1.6968 | cls 1.0275 | tal -0.1706 | dual_g 0.7205 | dual_d 1.0692 | train_acc 1.0000 | train_full 1.0000 | val_acc 1.0000 | val_f1 1.0000 | grad(main/disc) 4.073/1.665 | lr(main/disc) 2.19e-06/1.09e-06 | 120.2s
2026-08-26 02:09:10 | Epoch 060/060 | loss 1.6989 | cls 1.0295 | tal -0.1686 | dual_g 0.7200 | dual_d 1.0495 | train_acc 1.0000 | train_full 1.0000 | val_acc 1.0000 | val_f1 1.0000 | grad(main/disc) 4.513/1.640 | lr(main/disc) 2.19e-06/1.09e-06 | 120.6s
2026-08-26 02:09:10 | Early stopping at epoch 60 after 22 epochs without val_f1_macro_present improvement.
2026-08-26 02:09:10 | Training complete. Best validation accuracy: 1.0000 | best val_f1_macro_present: 1.0000
Dual_D experiment matrix complete.
Batch summary: runs/combined_60/full/batch_summary_20260825_184001.json
逆光: best val acc 0.9910 ± 0.0127 over 3 run(s)
雨天: best val acc 1.0000 ± 0.0000 over 3 run(s)
=== Finished Full experiment ===
=== Starting Module-C ablation ===
/home/lixiang/envs/lx_pytorch/bin/python /home/lixiang/lx/Dual_D/scripts/ablate_module_c.py --run --base-train-config configs/train_dual_d_default.json --base-dual-config configs/dual_d_default_config.json --weather-profile-config configs/module_c_weather_profiles.json --source-root /home/lixiang/lx/Data/晴天 --target-parent-root /home/lixiang/lx/Data --target-domains 黑天 逆光 雾天 雨天 --iterations 3 --epochs 60 --device cuda --group-iterations --output-dir runs/combined_60/module_c_ablation --num-workers 8
/home/lixiang/envs/lx_pytorch/lib/python3.11/site-packages/torch/cuda/__init__.py:1061: UserWarning: Can't initialize NVML
  raw_cnt = _raw_device_count_nvml()
2026-08-26 02:09:12 | Starting Dual_D standalone training
2026-08-26 02:09:12 | Run directory: runs/combined_60/module_c_ablation/module_c_20260826_020911/module_c_full_黑天_20260826_020912
2026-08-26 02:09:12 | Device: cuda
2026-08-26 02:09:12 | Source train samples: 992
2026-08-26 02:09:12 | Target train samples: 465
2026-08-26 02:09:12 | Target val samples: 120
2026-08-26 02:09:12 | Classes: 14
2026-08-26 02:09:12 | Data audit: same_dir=False | path_overlap(vis/ir/ais)=0/0/0 | content_overlap(vis/ir/ais)=0/0/0 | ais_index_overlap=0 | stem_mismatch(vis-ir/vis-ais)=578/0
2026-08-26 02:09:12 | source_train classes: present 14/14 | absent 0 | counts [0:120, 1:44, 2:69, 3:45, 4:40, 5:30, 6:64, 7:80, 8:116, 9:68, 10:57, 11:83, 12:48, 13:128]
2026-08-26 02:09:12 | target_train classes: present 8/14 | absent 6 | counts [0:100, 2:11, 3:16, 6:89, 9:162, 10:12, 11:44, 13:31]
2026-08-26 02:09:12 | target_val classes: present 8/14 | absent 6 | counts [0:26, 2:3, 3:5, 6:23, 9:41, 10:3, 11:11, 13:8]
2026-08-26 02:09:12 | Paired training classes: 8/14 | class ids [0, 2, 3, 6, 9, 10, 11, 13]
2026-08-26 02:09:12 | VIS/IR pairing: class-level-unpaired | count-mismatch classes train/val: 10/0 | AIS alignment: none | AIS rows train/val: 0/0
2026-08-26 02:09:14 | Model parameters: total=17277714 | trainable=17120210
Starting run 1/12: domain=黑天, iteration=1, seed=42
2026-08-26 02:12:56 | Epoch 001/060 | loss 5.0060 | cls 4.9563 | tal 0.1657 | dual_g 0.0000 | dual_d 0.0000 | train_acc 0.1771 | train_full 0.0774 | val_acc 0.0583 | val_f1 0.0661 | grad(main/disc) 22.820/0.000 | lr(main/disc) 7.00e-05/3.50e-05 | 222.4s
2026-08-26 02:13:00 | New best val_f1_macro_present: 0.0661 at epoch 1
2026-08-26 02:16:46 | Epoch 002/060 | loss 3.7491 | cls 3.7407 | tal 0.0279 | dual_g 0.0000 | dual_d 0.0000 | train_acc 0.3646 | train_full 0.2774 | val_acc 0.2833 | val_f1 0.2891 | grad(main/disc) 18.430/0.000 | lr(main/disc) 7.00e-05/3.50e-05 | 226.4s
2026-08-26 02:16:50 | New best val_f1_macro_present: 0.2891 at epoch 2
2026-08-26 02:20:36 | Epoch 003/060 | loss 3.1721 | cls 3.1859 | tal -0.0461 | dual_g 0.0000 | dual_d 0.0000 | train_acc 0.4500 | train_full 0.3742 | val_acc 0.3750 | val_f1 0.4776 | grad(main/disc) 16.961/0.000 | lr(main/disc) 7.00e-05/3.50e-05 | 226.0s
2026-08-26 02:20:39 | New best val_f1_macro_present: 0.4776 at epoch 3
2026-08-26 02:24:22 | Epoch 004/060 | loss 2.9690 | cls 2.7180 | tal -0.0080 | dual_g 0.2534 | dual_d 0.0000 | train_acc 0.5604 | train_full 0.5720 | val_acc 0.5667 | val_f1 0.5994 | grad(main/disc) 16.045/0.000 | lr(main/disc) 7.00e-05/3.50e-05 | 222.5s
2026-08-26 02:24:25 | New best val_f1_macro_present: 0.5994 at epoch 4
2026-08-26 02:28:17 | Epoch 005/060 | loss 2.8558 | cls 2.3913 | tal 0.0395 | dual_g 0.4527 | dual_d 0.0000 | train_acc 0.6292 | train_full 0.6624 | val_acc 0.6500 | val_f1 0.6775 | grad(main/disc) 15.349/0.000 | lr(main/disc) 7.00e-05/3.50e-05 | 231.4s
2026-08-26 02:28:20 | New best val_f1_macro_present: 0.6775 at epoch 5
2026-08-26 02:32:09 | Epoch 006/060 | loss 2.5745 | cls 1.9956 | tal 0.0214 | dual_g 0.5724 | dual_d 0.9306 | train_acc 0.7458 | train_full 0.6043 | val_acc 0.6333 | val_f1 0.6341 | grad(main/disc) 13.957/2.025 | lr(main/disc) 7.00e-05/3.50e-05 | 229.1s
2026-08-26 02:35:57 | Epoch 007/060 | loss 2.6290 | cls 1.9151 | tal 0.0094 | dual_g 0.7111 | dual_d 0.8937 | train_acc 0.7458 | train_full 0.7226 | val_acc 0.7083 | val_f1 0.7355 | grad(main/disc) 14.256/1.930 | lr(main/disc) 7.00e-05/3.50e-05 | 227.8s
2026-08-26 02:36:01 | New best val_f1_macro_present: 0.7355 at epoch 7
2026-08-26 02:39:48 | Epoch 008/060 | loss 2.4704 | cls 1.6737 | tal -0.0536 | dual_g 0.8127 | dual_d 0.8199 | train_acc 0.8083 | train_full 0.7204 | val_acc 0.6833 | val_f1 0.6770 | grad(main/disc) 13.287/1.751 | lr(main/disc) 7.00e-05/3.50e-05 | 227.3s
2026-08-26 02:43:32 | Epoch 009/060 | loss 2.5721 | cls 1.6478 | tal -0.0043 | dual_g 0.9256 | dual_d 0.8210 | train_acc 0.8167 | train_full 0.7591 | val_acc 0.7417 | val_f1 0.7260 | grad(main/disc) 14.323/1.782 | lr(main/disc) 7.00e-05/3.50e-05 | 224.5s
2026-08-26 02:47:19 | Epoch 010/060 | loss 2.4585 | cls 1.4568 | tal -0.0546 | dual_g 1.0181 | dual_d 0.8028 | train_acc 0.8729 | train_full 0.7957 | val_acc 0.7750 | val_f1 0.7358 | grad(main/disc) 13.309/1.716 | lr(main/disc) 7.00e-05/3.50e-05 | 226.4s
2026-08-26 02:51:03 | Epoch 011/060 | loss 2.5017 | cls 1.4118 | tal -0.0589 | dual_g 1.1075 | dual_d 0.7776 | train_acc 0.8833 | train_full 0.8968 | val_acc 0.8583 | val_f1 0.8266 | grad(main/disc) 13.813/1.629 | lr(main/disc) 7.00e-05/3.50e-05 | 223.8s
2026-08-26 02:51:06 | New best val_f1_macro_present: 0.8266 at epoch 11
2026-08-26 02:54:49 | Epoch 012/060 | loss 2.3713 | cls 1.3770 | tal -0.0506 | dual_g 1.0094 | dual_d 0.7753 | train_acc 0.8917 | train_full 0.7247 | val_acc 0.7417 | val_f1 0.7383 | grad(main/disc) 13.231/1.616 | lr(main/disc) 7.00e-05/3.50e-05 | 222.4s
2026-08-26 02:58:36 | Epoch 013/060 | loss 2.2937 | cls 1.3115 | tal -0.0794 | dual_g 1.0061 | dual_d 0.7455 | train_acc 0.9208 | train_full 0.9032 | val_acc 0.8917 | val_f1 0.8604 | grad(main/disc) 12.585/1.564 | lr(main/disc) 7.00e-05/3.50e-05 | 227.0s
2026-08-26 02:58:39 | New best val_f1_macro_present: 0.8604 at epoch 13
2026-08-26 03:02:25 | Epoch 014/060 | loss 2.2865 | cls 1.3100 | tal -0.0531 | dual_g 0.9925 | dual_d 0.8187 | train_acc 0.9062 | train_full 0.8409 | val_acc 0.7917 | val_f1 0.7787 | grad(main/disc) 11.980/1.598 | lr(main/disc) 7.00e-05/3.50e-05 | 226.0s
2026-08-26 03:06:15 | Epoch 015/060 | loss 2.0695 | cls 1.1830 | tal -0.0721 | dual_g 0.9081 | dual_d 0.7591 | train_acc 0.9542 | train_full 0.8925 | val_acc 0.8500 | val_f1 0.8173 | grad(main/disc) 9.626/1.512 | lr(main/disc) 7.00e-05/3.50e-05 | 230.3s
2026-08-26 03:10:01 | Epoch 016/060 | loss 2.0691 | cls 1.1768 | tal -0.0669 | dual_g 0.9123 | dual_d 0.7885 | train_acc 0.9521 | train_full 0.8710 | val_acc 0.8500 | val_f1 0.8128 | grad(main/disc) 10.740/1.502 | lr(main/disc) 7.00e-05/3.50e-05 | 225.5s
2026-08-26 03:13:49 | Epoch 017/060 | loss 2.0464 | cls 1.1695 | tal -0.0634 | dual_g 0.8959 | dual_d 0.8090 | train_acc 0.9479 | train_full 0.8882 | val_acc 0.8750 | val_f1 0.8279 | grad(main/disc) 10.967/1.505 | lr(main/disc) 7.00e-05/3.50e-05 | 228.0s
2026-08-26 03:17:37 | Epoch 018/060 | loss 1.9614 | cls 1.1269 | tal -0.0830 | dual_g 0.8593 | dual_d 0.8245 | train_acc 0.9542 | train_full 0.9032 | val_acc 0.8583 | val_f1 0.8230 | grad(main/disc) 9.084/1.497 | lr(main/disc) 7.00e-05/3.50e-05 | 228.0s
2026-08-26 03:21:24 | Epoch 019/060 | loss 1.9627 | cls 1.1216 | tal -0.0720 | dual_g 0.8627 | dual_d 0.8568 | train_acc 0.9729 | train_full 0.9226 | val_acc 0.9167 | val_f1 0.9084 | grad(main/disc) 9.101/1.538 | lr(main/disc) 7.00e-05/3.50e-05 | 227.4s
2026-08-26 03:21:28 | New best val_f1_macro_present: 0.9084 at epoch 19
2026-08-26 03:25:14 | Epoch 020/060 | loss 1.9673 | cls 1.1175 | tal -0.0597 | dual_g 0.8677 | dual_d 0.8795 | train_acc 0.9688 | train_full 0.9183 | val_acc 0.8917 | val_f1 0.8693 | grad(main/disc) 9.807/1.567 | lr(main/disc) 7.00e-05/3.50e-05 | 225.9s
2026-08-26 03:29:00 | Epoch 021/060 | loss 1.8778 | cls 1.0710 | tal -0.0929 | dual_g 0.8347 | dual_d 0.8748 | train_acc 0.9729 | train_full 0.9118 | val_acc 0.9083 | val_f1 0.8772 | grad(main/disc) 8.194/1.556 | lr(main/disc) 7.00e-05/3.50e-05 | 226.1s
2026-08-26 03:32:47 | Epoch 022/060 | loss 1.8967 | cls 1.1025 | tal -0.1446 | dual_g 0.8376 | dual_d 0.9042 | train_acc 0.9750 | train_full 0.9656 | val_acc 0.9250 | val_f1 0.8973 | grad(main/disc) 8.210/1.543 | lr(main/disc) 7.00e-05/3.50e-05 | 227.5s
2026-08-26 03:36:32 | Epoch 023/060 | loss 1.8215 | cls 1.0602 | tal -0.1358 | dual_g 0.8020 | dual_d 0.8942 | train_acc 0.9812 | train_full 0.9548 | val_acc 0.9417 | val_f1 0.9153 | grad(main/disc) 6.511/1.506 | lr(main/disc) 7.00e-05/3.50e-05 | 225.2s
2026-08-26 03:36:36 | New best val_f1_macro_present: 0.9153 at epoch 23
2026-08-26 03:40:25 | Epoch 024/060 | loss 1.7848 | cls 1.0268 | tal -0.1478 | dual_g 0.8023 | dual_d 0.9582 | train_acc 0.9896 | train_full 0.9656 | val_acc 0.9417 | val_f1 0.9382 | grad(main/disc) 6.084/1.561 | lr(main/disc) 7.00e-05/3.50e-05 | 229.5s
2026-08-26 03:40:29 | New best val_f1_macro_present: 0.9382 at epoch 24
2026-08-26 03:44:10 | Epoch 025/060 | loss 1.8116 | cls 1.0580 | tal -0.1272 | dual_g 0.7918 | dual_d 0.9625 | train_acc 0.9833 | train_full 0.9355 | val_acc 0.9333 | val_f1 0.9126 | grad(main/disc) 7.158/1.608 | lr(main/disc) 7.00e-05/3.50e-05 | 221.2s
2026-08-26 03:47:58 | Epoch 026/060 | loss 1.7480 | cls 1.0228 | tal -0.1587 | dual_g 0.7728 | dual_d 1.0160 | train_acc 0.9812 | train_full 0.9806 | val_acc 0.9583 | val_f1 0.9266 | grad(main/disc) 5.688/1.580 | lr(main/disc) 7.00e-05/3.50e-05 | 227.8s
2026-08-26 03:51:43 | Epoch 027/060 | loss 1.7508 | cls 1.0344 | tal -0.1612 | dual_g 0.7647 | dual_d 1.0562 | train_acc 0.9875 | train_full 0.9785 | val_acc 0.9500 | val_f1 0.9400 | grad(main/disc) 6.003/1.676 | lr(main/disc) 7.00e-05/3.50e-05 | 224.7s
2026-08-26 03:51:46 | New best val_f1_macro_present: 0.9400 at epoch 27
2026-08-26 03:55:30 | Epoch 028/060 | loss 1.7183 | cls 1.0110 | tal -0.1706 | dual_g 0.7584 | dual_d 1.0741 | train_acc 0.9854 | train_full 0.9462 | val_acc 0.9333 | val_f1 0.9193 | grad(main/disc) 5.408/1.689 | lr(main/disc) 7.00e-05/3.50e-05 | 224.0s
2026-08-26 03:59:20 | Epoch 029/060 | loss 1.6852 | cls 0.9994 | tal -0.1843 | dual_g 0.7412 | dual_d 1.0487 | train_acc 0.9958 | train_full 0.9677 | val_acc 0.9583 | val_f1 0.9369 | grad(main/disc) 4.472/1.586 | lr(main/disc) 7.00e-05/3.50e-05 | 230.0s
2026-08-26 04:03:04 | Epoch 030/060 | loss 1.6871 | cls 0.9994 | tal -0.1651 | dual_g 0.7373 | dual_d 1.0541 | train_acc 0.9958 | train_full 0.9312 | val_acc 0.9167 | val_f1 0.9182 | grad(main/disc) 5.055/1.584 | lr(main/disc) 7.00e-05/3.50e-05 | 224.3s
2026-08-26 04:06:53 | Epoch 031/060 | loss 1.6785 | cls 0.9925 | tal -0.1639 | dual_g 0.7352 | dual_d 1.0376 | train_acc 1.0000 | train_full 0.9140 | val_acc 0.9167 | val_f1 0.9110 | grad(main/disc) 4.383/1.546 | lr(main/disc) 7.00e-05/3.50e-05 | 228.2s
2026-08-26 04:10:37 | Epoch 032/060 | loss 1.6538 | cls 0.9925 | tal -0.1971 | dual_g 0.7205 | dual_d 1.0939 | train_acc 0.9938 | train_full 0.9720 | val_acc 0.9417 | val_f1 0.9272 | grad(main/disc) 4.562/1.572 | lr(main/disc) 7.00e-05/3.50e-05 | 223.8s
2026-08-26 04:14:23 | Epoch 033/060 | loss 1.6758 | cls 1.0058 | tal -0.1987 | dual_g 0.7296 | dual_d 1.0906 | train_acc 0.9917 | train_full 0.8946 | val_acc 0.8750 | val_f1 0.8659 | grad(main/disc) 5.552/1.594 | lr(main/disc) 7.00e-05/3.50e-05 | 226.6s
2026-08-26 04:18:10 | Epoch 034/060 | loss 1.6142 | cls 0.9763 | tal -0.2314 | dual_g 0.7074 | dual_d 1.0960 | train_acc 0.9979 | train_full 0.9699 | val_acc 0.9500 | val_f1 0.9368 | grad(main/disc) 3.806/1.608 | lr(main/disc) 3.50e-05/1.75e-05 | 226.4s
2026-08-26 04:21:54 | Epoch 035/060 | loss 1.6127 | cls 0.9773 | tal -0.2158 | dual_g 0.7002 | dual_d 1.0542 | train_acc 1.0000 | train_full 0.9785 | val_acc 0.9667 | val_f1 0.9489 | grad(main/disc) 4.077/1.551 | lr(main/disc) 3.50e-05/1.75e-05 | 224.3s
2026-08-26 04:21:57 | New best val_f1_macro_present: 0.9489 at epoch 35
2026-08-26 04:25:46 | Epoch 036/060 | loss 1.6200 | cls 0.9755 | tal -0.2071 | dual_g 0.7066 | dual_d 1.0608 | train_acc 0.9875 | train_full 0.9613 | val_acc 0.9250 | val_f1 0.9267 | grad(main/disc) 3.947/1.520 | lr(main/disc) 3.50e-05/1.75e-05 | 228.3s
2026-08-26 04:29:31 | Epoch 037/060 | loss 1.6066 | cls 0.9710 | tal -0.2078 | dual_g 0.6980 | dual_d 1.0465 | train_acc 0.9917 | train_full 0.9677 | val_acc 0.9583 | val_f1 0.9493 | grad(main/disc) 3.547/1.504 | lr(main/disc) 3.50e-05/1.75e-05 | 225.3s
2026-08-26 04:33:19 | Epoch 038/060 | loss 1.6052 | cls 0.9677 | tal -0.1934 | dual_g 0.6956 | dual_d 1.0377 | train_acc 1.0000 | train_full 0.9656 | val_acc 0.9500 | val_f1 0.9269 | grad(main/disc) 3.658/1.515 | lr(main/disc) 3.50e-05/1.75e-05 | 227.6s
2026-08-26 04:37:01 | Epoch 039/060 | loss 1.6127 | cls 0.9701 | tal -0.1904 | dual_g 0.6996 | dual_d 1.0576 | train_acc 1.0000 | train_full 0.9871 | val_acc 0.9667 | val_f1 0.9466 | grad(main/disc) 3.574/1.500 | lr(main/disc) 3.50e-05/1.75e-05 | 222.8s
2026-08-26 04:40:50 | Epoch 040/060 | loss 1.5962 | cls 0.9696 | tal -0.1978 | dual_g 0.6859 | dual_d 1.0722 | train_acc 1.0000 | train_full 0.9763 | val_acc 0.9500 | val_f1 0.9431 | grad(main/disc) 3.216/1.537 | lr(main/disc) 3.50e-05/1.75e-05 | 228.4s
2026-08-26 04:44:37 | Epoch 041/060 | loss 1.5676 | cls 0.9598 | tal -0.2601 | dual_g 0.6858 | dual_d 1.0676 | train_acc 1.0000 | train_full 0.9656 | val_acc 0.9500 | val_f1 0.9369 | grad(main/disc) 3.195/1.504 | lr(main/disc) 3.50e-05/1.75e-05 | 227.3s
2026-08-26 04:48:27 | Epoch 042/060 | loss 1.5822 | cls 0.9689 | tal -0.2495 | dual_g 0.6882 | dual_d 1.1496 | train_acc 0.9979 | train_full 0.9935 | val_acc 0.9833 | val_f1 0.9738 | grad(main/disc) 3.659/1.611 | lr(main/disc) 3.50e-05/1.75e-05 | 229.3s
2026-08-26 04:48:30 | New best val_f1_macro_present: 0.9738 at epoch 42
2026-08-26 04:52:18 | Epoch 043/060 | loss 1.5608 | cls 0.9438 | tal -0.2371 | dual_g 0.6881 | dual_d 1.0928 | train_acc 1.0000 | train_full 0.9828 | val_acc 0.9583 | val_f1 0.9492 | grad(main/disc) 2.939/1.525 | lr(main/disc) 3.50e-05/1.75e-05 | 227.8s
2026-08-26 04:56:04 | Epoch 044/060 | loss 1.5543 | cls 0.9480 | tal -0.2399 | dual_g 0.6783 | dual_d 1.0533 | train_acc 1.0000 | train_full 0.9677 | val_acc 0.9333 | val_f1 0.9351 | grad(main/disc) 2.441/1.501 | lr(main/disc) 3.50e-05/1.75e-05 | 226.4s
2026-08-26 04:59:50 | Epoch 045/060 | loss 1.5455 | cls 0.9489 | tal -0.2667 | dual_g 0.6767 | dual_d 1.0708 | train_acc 0.9979 | train_full 0.9785 | val_acc 0.9667 | val_f1 0.9533 | grad(main/disc) 2.444/1.486 | lr(main/disc) 3.50e-05/1.75e-05 | 225.7s
2026-08-26 05:03:36 | Epoch 046/060 | loss 1.5577 | cls 0.9537 | tal -0.2349 | dual_g 0.6745 | dual_d 1.0530 | train_acc 0.9958 | train_full 0.9785 | val_acc 0.9667 | val_f1 0.9446 | grad(main/disc) 3.048/1.468 | lr(main/disc) 3.50e-05/1.75e-05 | 225.6s
2026-08-26 05:07:23 | Epoch 047/060 | loss 1.5650 | cls 0.9540 | tal -0.2329 | dual_g 0.6809 | dual_d 1.0775 | train_acc 1.0000 | train_full 0.9849 | val_acc 0.9750 | val_f1 0.9598 | grad(main/disc) 3.188/1.503 | lr(main/disc) 3.50e-05/1.75e-05 | 227.1s
2026-08-26 05:11:10 | Epoch 048/060 | loss 1.5403 | cls 0.9443 | tal -0.2834 | dual_g 0.6811 | dual_d 1.0385 | train_acc 1.0000 | train_full 0.9806 | val_acc 0.9667 | val_f1 0.9395 | grad(main/disc) 3.027/1.494 | lr(main/disc) 3.50e-05/1.75e-05 | 227.5s
2026-08-26 05:14:55 | Epoch 049/060 | loss 1.5533 | cls 0.9498 | tal -0.2616 | dual_g 0.6819 | dual_d 1.0580 | train_acc 1.0000 | train_full 0.9849 | val_acc 0.9750 | val_f1 0.9598 | grad(main/disc) 3.243/1.463 | lr(main/disc) 1.75e-05/8.75e-06 | 224.8s
2026-08-26 05:18:40 | Epoch 050/060 | loss 1.5457 | cls 0.9519 | tal -0.2614 | dual_g 0.6722 | dual_d 1.0553 | train_acc 0.9979 | train_full 0.9742 | val_acc 0.9667 | val_f1 0.9631 | grad(main/disc) 2.876/1.455 | lr(main/disc) 1.75e-05/8.75e-06 | 224.6s
2026-08-26 05:22:24 | Epoch 051/060 | loss 1.5424 | cls 0.9510 | tal -0.2586 | dual_g 0.6690 | dual_d 1.1064 | train_acc 0.9958 | train_full 0.9871 | val_acc 0.9750 | val_f1 0.9554 | grad(main/disc) 3.064/1.474 | lr(main/disc) 1.75e-05/8.75e-06 | 224.7s
2026-08-26 05:26:10 | Epoch 052/060 | loss 1.5392 | cls 0.9490 | tal -0.2537 | dual_g 0.6663 | dual_d 1.0303 | train_acc 1.0000 | train_full 0.9828 | val_acc 0.9667 | val_f1 0.9489 | grad(main/disc) 2.535/1.399 | lr(main/disc) 1.75e-05/8.75e-06 | 225.3s
2026-08-26 05:29:58 | Epoch 053/060 | loss 1.5282 | cls 0.9462 | tal -0.2712 | dual_g 0.6634 | dual_d 1.0315 | train_acc 1.0000 | train_full 0.9935 | val_acc 0.9667 | val_f1 0.9395 | grad(main/disc) 2.557/1.426 | lr(main/disc) 1.75e-05/8.75e-06 | 227.8s
2026-08-26 05:33:45 | Epoch 054/060 | loss 1.5203 | cls 0.9394 | tal -0.2683 | dual_g 0.6614 | dual_d 1.1348 | train_acc 1.0000 | train_full 0.9892 | val_acc 0.9667 | val_f1 0.9502 | grad(main/disc) 2.523/1.540 | lr(main/disc) 1.75e-05/8.75e-06 | 227.2s
2026-08-26 05:37:32 | Epoch 055/060 | loss 1.5385 | cls 0.9431 | tal -0.2390 | dual_g 0.6671 | dual_d 1.0276 | train_acc 1.0000 | train_full 0.9892 | val_acc 0.9833 | val_f1 0.9757 | grad(main/disc) 2.772/1.405 | lr(main/disc) 1.75e-05/8.75e-06 | 227.1s
2026-08-26 05:37:35 | New best val_f1_macro_present: 0.9757 at epoch 55
2026-08-26 05:41:26 | Epoch 056/060 | loss 1.5252 | cls 0.9331 | tal -0.2416 | dual_g 0.6646 | dual_d 1.0370 | train_acc 0.9979 | train_full 0.9914 | val_acc 0.9833 | val_f1 0.9757 | grad(main/disc) 2.357/1.407 | lr(main/disc) 1.75e-05/8.75e-06 | 230.6s
2026-08-26 05:45:14 | Epoch 057/060 | loss 1.5277 | cls 0.9390 | tal -0.2720 | dual_g 0.6704 | dual_d 1.0441 | train_acc 1.0000 | train_full 0.9763 | val_acc 0.9667 | val_f1 0.9631 | grad(main/disc) 2.575/1.410 | lr(main/disc) 1.75e-05/8.75e-06 | 228.3s
2026-08-26 05:49:01 | Epoch 058/060 | loss 1.5044 | cls 0.9295 | tal -0.2695 | dual_g 0.6557 | dual_d 1.0712 | train_acc 1.0000 | train_full 0.9742 | val_acc 0.9667 | val_f1 0.9631 | grad(main/disc) 1.946/1.453 | lr(main/disc) 1.75e-05/8.75e-06 | 226.5s
2026-08-26 05:52:49 | Epoch 059/060 | loss 1.5180 | cls 0.9343 | tal -0.2890 | dual_g 0.6704 | dual_d 1.0322 | train_acc 1.0000 | train_full 0.9914 | val_acc 0.9750 | val_f1 0.9782 | grad(main/disc) 2.546/1.438 | lr(main/disc) 1.75e-05/8.75e-06 | 228.1s
2026-08-26 05:52:52 | New best val_f1_macro_present: 0.9782 at epoch 59
2026-08-26 05:56:40 | Epoch 060/060 | loss 1.5154 | cls 0.9400 | tal -0.2817 | dual_g 0.6600 | dual_d 1.0238 | train_acc 1.0000 | train_full 0.9892 | val_acc 0.9750 | val_f1 0.9464 | grad(main/disc) 2.560/1.408 | lr(main/disc) 1.75e-05/8.75e-06 | 228.0s
2026-08-26 05:56:40 | Training complete. Best validation accuracy: 0.9833 | best val_f1_macro_present: 0.9782
2026-08-26 05:56:40 | Starting Dual_D standalone training
2026-08-26 05:56:40 | Run directory: runs/combined_60/module_c_ablation/module_c_20260826_020911/module_c_full_黑天_20260826_020912
2026-08-26 05:56:40 | Device: cuda
2026-08-26 05:56:40 | Source train samples: 992
2026-08-26 05:56:40 | Target train samples: 465
2026-08-26 05:56:40 | Target val samples: 120
2026-08-26 05:56:40 | Classes: 14
2026-08-26 05:56:40 | Data audit: same_dir=False | path_overlap(vis/ir/ais)=0/0/0 | content_overlap(vis/ir/ais)=0/0/0 | ais_index_overlap=0 | stem_mismatch(vis-ir/vis-ais)=578/0
2026-08-26 05:56:40 | source_train classes: present 14/14 | absent 0 | counts [0:120, 1:44, 2:69, 3:45, 4:40, 5:30, 6:64, 7:80, 8:116, 9:68, 10:57, 11:83, 12:48, 13:128]
2026-08-26 05:56:40 | target_train classes: present 8/14 | absent 6 | counts [0:100, 2:11, 3:16, 6:89, 9:162, 10:12, 11:44, 13:31]
2026-08-26 05:56:40 | target_val classes: present 8/14 | absent 6 | counts [0:26, 2:3, 3:5, 6:23, 9:41, 10:3, 11:11, 13:8]
2026-08-26 05:56:40 | Paired training classes: 8/14 | class ids [0, 2, 3, 6, 9, 10, 11, 13]
2026-08-26 05:56:40 | VIS/IR pairing: class-level-unpaired | count-mismatch classes train/val: 10/0 | AIS alignment: none | AIS rows train/val: 0/0
2026-08-26 05:56:42 | Model parameters: total=17277714 | trainable=17120210
Starting run 2/12: domain=黑天, iteration=2, seed=43
2026-08-26 06:00:32 | Epoch 001/060 | loss 5.2360 | cls 5.1673 | tal 0.2291 | dual_g 0.0000 | dual_d 0.0000 | train_acc 0.1396 | train_full 0.3269 | val_acc 0.2583 | val_f1 0.0899 | grad(main/disc) 22.081/0.000 | lr(main/disc) 7.00e-05/3.50e-05 | 229.9s
2026-08-26 06:00:36 | New best val_f1_macro_present: 0.0899 at epoch 1
2026-08-26 06:04:23 | Epoch 002/060 | loss 3.8400 | cls 3.8014 | tal 0.1286 | dual_g 0.0000 | dual_d 0.0000 | train_acc 0.3208 | train_full 0.1505 | val_acc 0.1667 | val_f1 0.1728 | grad(main/disc) 17.271/0.000 | lr(main/disc) 7.00e-05/3.50e-05 | 227.6s
2026-08-26 06:04:27 | New best val_f1_macro_present: 0.1728 at epoch 2
2026-08-26 06:08:17 | Epoch 003/060 | loss 3.2393 | cls 3.2437 | tal -0.0147 | dual_g 0.0000 | dual_d 0.0000 | train_acc 0.4104 | train_full 0.3140 | val_acc 0.3250 | val_f1 0.4394 | grad(main/disc) 16.100/0.000 | lr(main/disc) 7.00e-05/3.50e-05 | 230.0s
2026-08-26 06:08:20 | New best val_f1_macro_present: 0.4394 at epoch 3
2026-08-26 06:12:07 | Epoch 004/060 | loss 3.0133 | cls 2.7726 | tal -0.0153 | dual_g 0.2453 | dual_d 0.0000 | train_acc 0.5333 | train_full 0.4710 | val_acc 0.4583 | val_f1 0.5027 | grad(main/disc) 15.568/0.000 | lr(main/disc) 7.00e-05/3.50e-05 | 226.5s
2026-08-26 06:12:10 | New best val_f1_macro_present: 0.5027 at epoch 4
2026-08-26 06:16:02 | Epoch 005/060 | loss 2.7701 | cls 2.3320 | tal -0.0051 | dual_g 0.4396 | dual_d 0.0000 | train_acc 0.6604 | train_full 0.4065 | val_acc 0.4417 | val_f1 0.5325 | grad(main/disc) 14.889/0.000 | lr(main/disc) 7.00e-05/3.50e-05 | 231.5s
2026-08-26 06:16:05 | New best val_f1_macro_present: 0.5325 at epoch 5
2026-08-26 06:19:52 | Epoch 006/060 | loss 2.8120 | cls 2.1941 | tal -0.0055 | dual_g 0.6196 | dual_d 0.9792 | train_acc 0.6875 | train_full 0.5333 | val_acc 0.5000 | val_f1 0.5821 | grad(main/disc) 15.523/1.901 | lr(main/disc) 7.00e-05/3.50e-05 | 226.3s
2026-08-26 06:19:55 | New best val_f1_macro_present: 0.5821 at epoch 6
2026-08-26 06:23:39 | Epoch 007/060 | loss 2.6346 | cls 1.9308 | tal -0.0024 | dual_g 0.7044 | dual_d 0.9296 | train_acc 0.7688 | train_full 0.7097 | val_acc 0.6750 | val_f1 0.6686 | grad(main/disc) 14.239/1.794 | lr(main/disc) 7.00e-05/3.50e-05 | 224.1s
2026-08-26 06:23:43 | New best val_f1_macro_present: 0.6686 at epoch 7
2026-08-26 06:27:29 | Epoch 008/060 | loss 2.6415 | cls 1.8031 | tal 0.0163 | dual_g 0.8335 | dual_d 0.8916 | train_acc 0.7896 | train_full 0.6796 | val_acc 0.7083 | val_f1 0.7067 | grad(main/disc) 14.861/1.745 | lr(main/disc) 7.00e-05/3.50e-05 | 226.7s
2026-08-26 06:27:33 | New best val_f1_macro_present: 0.7067 at epoch 8
2026-08-26 06:31:24 | Epoch 009/060 | loss 2.6342 | cls 1.6919 | tal 0.0310 | dual_g 0.9329 | dual_d 0.8732 | train_acc 0.8396 | train_full 0.7247 | val_acc 0.6583 | val_f1 0.6872 | grad(main/disc) 14.984/1.706 | lr(main/disc) 7.00e-05/3.50e-05 | 231.4s
2026-08-26 06:35:08 | Epoch 010/060 | loss 2.5038 | cls 1.4892 | tal -0.0098 | dual_g 1.0176 | dual_d 0.8493 | train_acc 0.8729 | train_full 0.8194 | val_acc 0.7917 | val_f1 0.7724 | grad(main/disc) 14.113/1.555 | lr(main/disc) 7.00e-05/3.50e-05 | 223.6s
2026-08-26 06:35:11 | New best val_f1_macro_present: 0.7724 at epoch 10
2026-08-26 06:39:04 | Epoch 011/060 | loss 2.4715 | cls 1.3978 | tal -0.0137 | dual_g 1.0779 | dual_d 0.8643 | train_acc 0.8979 | train_full 0.7957 | val_acc 0.7083 | val_f1 0.7153 | grad(main/disc) 13.509/1.569 | lr(main/disc) 7.00e-05/3.50e-05 | 232.6s
2026-08-26 06:42:47 | Epoch 012/060 | loss 2.3438 | cls 1.3132 | tal 0.0072 | dual_g 1.0284 | dual_d 0.8476 | train_acc 0.9354 | train_full 0.9032 | val_acc 0.8917 | val_f1 0.8646 | grad(main/disc) 12.430/1.527 | lr(main/disc) 7.00e-05/3.50e-05 | 223.1s
2026-08-26 06:42:50 | New best val_f1_macro_present: 0.8646 at epoch 12
2026-08-26 06:46:38 | Epoch 013/060 | loss 2.2976 | cls 1.2925 | tal 0.0012 | dual_g 1.0048 | dual_d 0.8385 | train_acc 0.9375 | train_full 0.8000 | val_acc 0.7417 | val_f1 0.7344 | grad(main/disc) 12.807/1.501 | lr(main/disc) 7.00e-05/3.50e-05 | 227.4s
2026-08-26 06:50:26 | Epoch 014/060 | loss 2.2377 | cls 1.2558 | tal 0.0222 | dual_g 0.9753 | dual_d 0.8425 | train_acc 0.9333 | train_full 0.7871 | val_acc 0.7333 | val_f1 0.7482 | grad(main/disc) 11.493/1.491 | lr(main/disc) 7.00e-05/3.50e-05 | 228.2s
2026-08-26 06:54:11 | Epoch 015/060 | loss 2.1805 | cls 1.2231 | tal -0.0037 | dual_g 0.9585 | dual_d 0.8137 | train_acc 0.9479 | train_full 0.9548 | val_acc 0.9083 | val_f1 0.8825 | grad(main/disc) 11.538/1.421 | lr(main/disc) 7.00e-05/3.50e-05 | 224.7s
2026-08-26 06:54:14 | New best val_f1_macro_present: 0.8825 at epoch 15
2026-08-26 06:57:59 | Epoch 016/060 | loss 2.1881 | cls 1.2483 | tal 0.0057 | dual_g 0.9381 | dual_d 0.8279 | train_acc 0.9458 | train_full 0.8688 | val_acc 0.8250 | val_f1 0.8034 | grad(main/disc) 11.534/1.404 | lr(main/disc) 7.00e-05/3.50e-05 | 224.6s
2026-08-26 07:01:46 | Epoch 017/060 | loss 2.0352 | cls 1.1492 | tal -0.0337 | dual_g 0.8962 | dual_d 0.8517 | train_acc 0.9646 | train_full 0.9097 | val_acc 0.8583 | val_f1 0.8374 | grad(main/disc) 9.187/1.403 | lr(main/disc) 7.00e-05/3.50e-05 | 227.3s
2026-08-26 07:05:28 | Epoch 018/060 | loss 2.0495 | cls 1.1624 | tal -0.0291 | dual_g 0.8958 | dual_d 0.8486 | train_acc 0.9542 | train_full 0.7914 | val_acc 0.7250 | val_f1 0.7393 | grad(main/disc) 10.180/1.370 | lr(main/disc) 7.00e-05/3.50e-05 | 221.9s
2026-08-26 07:09:15 | Epoch 019/060 | loss 1.9782 | cls 1.1461 | tal -0.1184 | dual_g 0.8677 | dual_d 0.8948 | train_acc 0.9458 | train_full 0.9355 | val_acc 0.8667 | val_f1 0.8419 | grad(main/disc) 10.278/1.429 | lr(main/disc) 7.00e-05/3.50e-05 | 227.3s
2026-08-26 07:13:04 | Epoch 020/060 | loss 1.9183 | cls 1.1053 | tal -0.1039 | dual_g 0.8442 | dual_d 0.8554 | train_acc 0.9792 | train_full 0.9677 | val_acc 0.9000 | val_f1 0.8757 | grad(main/disc) 8.047/1.341 | lr(main/disc) 7.00e-05/3.50e-05 | 228.6s
2026-08-26 07:16:51 | Epoch 021/060 | loss 1.9012 | cls 1.0855 | tal -0.0878 | dual_g 0.8420 | dual_d 0.8739 | train_acc 0.9771 | train_full 0.8968 | val_acc 0.8667 | val_f1 0.8442 | grad(main/disc) 8.328/1.362 | lr(main/disc) 7.00e-05/3.50e-05 | 227.2s
2026-08-26 07:20:35 | Epoch 022/060 | loss 1.8962 | cls 1.0833 | tal -0.0544 | dual_g 0.8292 | dual_d 0.9206 | train_acc 0.9812 | train_full 0.9419 | val_acc 0.8917 | val_f1 0.8755 | grad(main/disc) 8.494/1.398 | lr(main/disc) 3.50e-05/1.75e-05 | 223.9s
2026-08-26 07:24:24 | Epoch 023/060 | loss 1.8440 | cls 1.0507 | tal -0.0694 | dual_g 0.8141 | dual_d 0.9044 | train_acc 0.9854 | train_full 0.9269 | val_acc 0.8583 | val_f1 0.8506 | grad(main/disc) 7.153/1.354 | lr(main/disc) 3.50e-05/1.75e-05 | 229.2s
2026-08-26 07:28:12 | Epoch 024/060 | loss 1.7916 | cls 1.0369 | tal -0.1090 | dual_g 0.7874 | dual_d 0.9381 | train_acc 0.9792 | train_full 0.9097 | val_acc 0.8667 | val_f1 0.8580 | grad(main/disc) 5.949/1.384 | lr(main/disc) 3.50e-05/1.75e-05 | 227.4s
2026-08-26 07:32:00 | Epoch 025/060 | loss 1.7724 | cls 1.0180 | tal -0.0922 | dual_g 0.7821 | dual_d 0.9595 | train_acc 0.9875 | train_full 0.9204 | val_acc 0.8667 | val_f1 0.8547 | grad(main/disc) 5.585/1.435 | lr(main/disc) 3.50e-05/1.75e-05 | 228.4s
2026-08-26 07:35:47 | Epoch 026/060 | loss 1.7633 | cls 1.0301 | tal -0.1406 | dual_g 0.7753 | dual_d 0.9495 | train_acc 0.9875 | train_full 0.8903 | val_acc 0.8417 | val_f1 0.8438 | grad(main/disc) 5.255/1.402 | lr(main/disc) 3.50e-05/1.75e-05 | 227.2s
2026-08-26 07:39:33 | Epoch 027/060 | loss 1.7544 | cls 1.0207 | tal -0.1449 | dual_g 0.7772 | dual_d 0.9843 | train_acc 0.9958 | train_full 0.9097 | val_acc 0.8667 | val_f1 0.8611 | grad(main/disc) 5.446/1.405 | lr(main/disc) 3.50e-05/1.75e-05 | 225.9s
2026-08-26 07:43:24 | Epoch 028/060 | loss 1.7666 | cls 1.0285 | tal -0.1495 | dual_g 0.7829 | dual_d 0.9917 | train_acc 0.9833 | train_full 0.9548 | val_acc 0.9000 | val_f1 0.8973 | grad(main/disc) 6.067/1.438 | lr(main/disc) 3.50e-05/1.75e-05 | 230.7s
2026-08-26 07:43:27 | New best val_f1_macro_present: 0.8973 at epoch 28
2026-08-26 07:47:15 | Epoch 029/060 | loss 1.7563 | cls 1.0178 | tal -0.1233 | dual_g 0.7755 | dual_d 0.9995 | train_acc 0.9979 | train_full 0.9398 | val_acc 0.9000 | val_f1 0.8630 | grad(main/disc) 5.800/1.411 | lr(main/disc) 3.50e-05/1.75e-05 | 227.9s
2026-08-26 07:51:01 | Epoch 030/060 | loss 1.7533 | cls 1.0217 | tal -0.1164 | dual_g 0.7666 | dual_d 1.0150 | train_acc 0.9875 | train_full 0.9226 | val_acc 0.9083 | val_f1 0.8967 | grad(main/disc) 6.156/1.414 | lr(main/disc) 3.50e-05/1.75e-05 | 225.8s
2026-08-26 07:54:45 | Epoch 031/060 | loss 1.7259 | cls 1.0010 | tal -0.1434 | dual_g 0.7679 | dual_d 0.9954 | train_acc 0.9958 | train_full 0.9570 | val_acc 0.9167 | val_f1 0.9000 | grad(main/disc) 5.288/1.389 | lr(main/disc) 3.50e-05/1.75e-05 | 224.2s
2026-08-26 07:54:49 | New best val_f1_macro_present: 0.9000 at epoch 31
2026-08-26 07:58:36 | Epoch 032/060 | loss 1.7231 | cls 0.9999 | tal -0.1129 | dual_g 0.7571 | dual_d 1.0071 | train_acc 0.9875 | train_full 0.9570 | val_acc 0.9083 | val_f1 0.8922 | grad(main/disc) 4.671/1.387 | lr(main/disc) 3.50e-05/1.75e-05 | 227.9s
2026-08-26 08:02:21 | Epoch 033/060 | loss 1.7527 | cls 1.0091 | tal -0.0778 | dual_g 0.7669 | dual_d 0.9827 | train_acc 0.9938 | train_full 0.9699 | val_acc 0.9417 | val_f1 0.9020 | grad(main/disc) 5.334/1.375 | lr(main/disc) 3.50e-05/1.75e-05 | 224.8s
2026-08-26 08:02:25 | New best val_f1_macro_present: 0.9020 at epoch 33
2026-08-26 08:06:15 | Epoch 034/060 | loss 1.7399 | cls 1.0056 | tal -0.0927 | dual_g 0.7620 | dual_d 0.9991 | train_acc 0.9917 | train_full 0.9828 | val_acc 0.9333 | val_f1 0.9314 | grad(main/disc) 4.857/1.389 | lr(main/disc) 3.50e-05/1.75e-05 | 230.6s
2026-08-26 08:06:19 | New best val_f1_macro_present: 0.9314 at epoch 34
2026-08-26 08:10:03 | Epoch 035/060 | loss 1.7320 | cls 1.0101 | tal -0.1057 | dual_g 0.7536 | dual_d 1.0300 | train_acc 0.9896 | train_full 0.8903 | val_acc 0.8250 | val_f1 0.8163 | grad(main/disc) 5.847/1.421 | lr(main/disc) 3.50e-05/1.75e-05 | 224.0s
2026-08-26 08:13:49 | Epoch 036/060 | loss 1.7123 | cls 1.0127 | tal -0.1353 | dual_g 0.7402 | dual_d 1.0522 | train_acc 0.9917 | train_full 0.9849 | val_acc 0.9417 | val_f1 0.9438 | grad(main/disc) 5.092/1.416 | lr(main/disc) 3.50e-05/1.75e-05 | 226.0s
2026-08-26 08:13:52 | New best val_f1_macro_present: 0.9438 at epoch 36
2026-08-26 08:17:38 | Epoch 037/060 | loss 1.7031 | cls 1.0004 | tal -0.1204 | dual_g 0.7388 | dual_d 1.0394 | train_acc 0.9958 | train_full 0.9462 | val_acc 0.9000 | val_f1 0.8923 | grad(main/disc) 5.133/1.431 | lr(main/disc) 3.50e-05/1.75e-05 | 226.1s
2026-08-26 08:21:26 | Epoch 038/060 | loss 1.7138 | cls 1.0172 | tal -0.1358 | dual_g 0.7373 | dual_d 1.0164 | train_acc 0.9875 | train_full 0.9849 | val_acc 0.9333 | val_f1 0.9185 | grad(main/disc) 5.392/1.366 | lr(main/disc) 3.50e-05/1.75e-05 | 227.7s
2026-08-26 08:25:15 | Epoch 039/060 | loss 1.6850 | cls 0.9851 | tal -0.1080 | dual_g 0.7323 | dual_d 1.0028 | train_acc 0.9979 | train_full 0.9355 | val_acc 0.8917 | val_f1 0.8897 | grad(main/disc) 4.079/1.355 | lr(main/disc) 3.50e-05/1.75e-05 | 229.3s
2026-08-26 08:29:02 | Epoch 040/060 | loss 1.7074 | cls 0.9956 | tal -0.0774 | dual_g 0.7350 | dual_d 0.9730 | train_acc 0.9958 | train_full 0.9269 | val_acc 0.9000 | val_f1 0.9178 | grad(main/disc) 4.561/1.374 | lr(main/disc) 3.50e-05/1.75e-05 | 226.1s
2026-08-26 08:32:54 | Epoch 041/060 | loss 1.6988 | cls 0.9888 | tal -0.0777 | dual_g 0.7333 | dual_d 1.0047 | train_acc 0.9958 | train_full 0.9548 | val_acc 0.9083 | val_f1 0.8857 | grad(main/disc) 4.367/1.347 | lr(main/disc) 3.50e-05/1.75e-05 | 232.3s
2026-08-26 08:36:41 | Epoch 042/060 | loss 1.6775 | cls 0.9863 | tal -0.0926 | dual_g 0.7190 | dual_d 1.0159 | train_acc 0.9917 | train_full 0.9462 | val_acc 0.9083 | val_f1 0.8916 | grad(main/disc) 3.959/1.360 | lr(main/disc) 3.50e-05/1.75e-05 | 226.7s
2026-08-26 08:40:29 | Epoch 043/060 | loss 1.6970 | cls 0.9940 | tal -0.0724 | dual_g 0.7247 | dual_d 1.0124 | train_acc 0.9958 | train_full 0.9613 | val_acc 0.9333 | val_f1 0.9229 | grad(main/disc) 4.356/1.348 | lr(main/disc) 1.75e-05/8.75e-06 | 228.9s
2026-08-26 08:44:13 | Epoch 044/060 | loss 1.6804 | cls 0.9953 | tal -0.1145 | dual_g 0.7194 | dual_d 1.0121 | train_acc 0.9958 | train_full 0.9677 | val_acc 0.9333 | val_f1 0.9111 | grad(main/disc) 5.047/1.358 | lr(main/disc) 1.75e-05/8.75e-06 | 223.8s
2026-08-26 08:48:01 | Epoch 045/060 | loss 1.6612 | cls 0.9756 | tal -0.0885 | dual_g 0.7122 | dual_d 1.0250 | train_acc 1.0000 | train_full 0.9591 | val_acc 0.9250 | val_f1 0.9127 | grad(main/disc) 3.606/1.385 | lr(main/disc) 1.75e-05/8.75e-06 | 227.6s
2026-08-26 08:51:46 | Epoch 046/060 | loss 1.6540 | cls 0.9779 | tal -0.1114 | dual_g 0.7095 | dual_d 1.0013 | train_acc 0.9958 | train_full 0.9548 | val_acc 0.9083 | val_f1 0.9014 | grad(main/disc) 4.021/1.335 | lr(main/disc) 1.75e-05/8.75e-06 | 225.3s
2026-08-26 08:55:35 | Epoch 047/060 | loss 1.6337 | cls 0.9615 | tal -0.1339 | dual_g 0.7124 | dual_d 0.9930 | train_acc 0.9979 | train_full 0.9742 | val_acc 0.9167 | val_f1 0.9208 | grad(main/disc) 3.333/1.332 | lr(main/disc) 1.75e-05/8.75e-06 | 229.3s
2026-08-26 08:59:23 | Epoch 048/060 | loss 1.6206 | cls 0.9670 | tal -0.1668 | dual_g 0.7036 | dual_d 1.0160 | train_acc 1.0000 | train_full 0.9505 | val_acc 0.8917 | val_f1 0.8968 | grad(main/disc) 3.088/1.355 | lr(main/disc) 1.75e-05/8.75e-06 | 227.1s
2026-08-26 09:03:11 | Epoch 049/060 | loss 1.6271 | cls 0.9721 | tal -0.1694 | dual_g 0.7058 | dual_d 1.0516 | train_acc 0.9958 | train_full 0.9376 | val_acc 0.9000 | val_f1 0.9021 | grad(main/disc) 3.759/1.368 | lr(main/disc) 1.75e-05/8.75e-06 | 228.3s
2026-08-26 09:06:55 | Epoch 050/060 | loss 1.6252 | cls 0.9688 | tal -0.1771 | dual_g 0.7095 | dual_d 1.0269 | train_acc 1.0000 | train_full 0.9613 | val_acc 0.9167 | val_f1 0.9075 | grad(main/disc) 3.604/1.337 | lr(main/disc) 8.75e-06/4.37e-06 | 224.0s
2026-08-26 09:10:43 | Epoch 051/060 | loss 1.6239 | cls 0.9608 | tal -0.1344 | dual_g 0.7034 | dual_d 1.0246 | train_acc 1.0000 | train_full 0.9140 | val_acc 0.8833 | val_f1 0.9088 | grad(main/disc) 2.828/1.335 | lr(main/disc) 8.75e-06/4.37e-06 | 228.0s
2026-08-26 09:14:32 | Epoch 052/060 | loss 1.6227 | cls 0.9682 | tal -0.1541 | dual_g 0.7008 | dual_d 1.0248 | train_acc 0.9938 | train_full 0.9226 | val_acc 0.9000 | val_f1 0.8977 | grad(main/disc) 3.420/1.348 | lr(main/disc) 8.75e-06/4.37e-06 | 229.1s
2026-08-26 09:18:16 | Epoch 053/060 | loss 1.6089 | cls 0.9631 | tal -0.1662 | dual_g 0.6957 | dual_d 1.0384 | train_acc 0.9979 | train_full 0.9161 | val_acc 0.8833 | val_f1 0.8775 | grad(main/disc) 3.255/1.350 | lr(main/disc) 8.75e-06/4.37e-06 | 223.9s
2026-08-26 09:22:05 | Epoch 054/060 | loss 1.6136 | cls 0.9571 | tal -0.1279 | dual_g 0.6948 | dual_d 1.0209 | train_acc 0.9958 | train_full 0.9204 | val_acc 0.9167 | val_f1 0.9126 | grad(main/disc) 3.188/1.363 | lr(main/disc) 8.75e-06/4.37e-06 | 229.2s
2026-08-26 09:25:49 | Epoch 055/060 | loss 1.6153 | cls 0.9592 | tal -0.1558 | dual_g 0.7029 | dual_d 1.0263 | train_acc 0.9979 | train_full 0.9634 | val_acc 0.9333 | val_f1 0.9373 | grad(main/disc) 3.304/1.348 | lr(main/disc) 8.75e-06/4.37e-06 | 223.7s
2026-08-26 09:29:40 | Epoch 056/060 | loss 1.6144 | cls 0.9659 | tal -0.1690 | dual_g 0.6991 | dual_d 1.0398 | train_acc 0.9979 | train_full 0.9570 | val_acc 0.9250 | val_f1 0.9176 | grad(main/disc) 3.103/1.354 | lr(main/disc) 8.75e-06/4.37e-06 | 231.6s
2026-08-26 09:33:27 | Epoch 057/060 | loss 1.5969 | cls 0.9564 | tal -0.2019 | dual_g 0.7011 | dual_d 1.0632 | train_acc 0.9938 | train_full 0.9656 | val_acc 0.9250 | val_f1 0.9069 | grad(main/disc) 3.027/1.390 | lr(main/disc) 4.37e-06/2.19e-06 | 226.2s
2026-08-26 09:37:11 | Epoch 058/060 | loss 1.6043 | cls 0.9600 | tal -0.1860 | dual_g 0.7001 | dual_d 1.0288 | train_acc 0.9979 | train_full 0.9548 | val_acc 0.9333 | val_f1 0.9229 | grad(main/disc) 3.523/1.374 | lr(main/disc) 4.37e-06/2.19e-06 | 224.5s
2026-08-26 09:40:56 | Epoch 059/060 | loss 1.6016 | cls 0.9714 | tal -0.2039 | dual_g 0.6914 | dual_d 1.0610 | train_acc 0.9958 | train_full 0.9527 | val_acc 0.9250 | val_f1 0.9176 | grad(main/disc) 3.514/1.406 | lr(main/disc) 4.37e-06/2.19e-06 | 224.4s
2026-08-26 09:44:42 | Epoch 060/060 | loss 1.6248 | cls 0.9770 | tal -0.1806 | dual_g 0.7020 | dual_d 1.0288 | train_acc 0.9979 | train_full 0.9720 | val_acc 0.9333 | val_f1 0.9229 | grad(main/disc) 4.151/1.342 | lr(main/disc) 4.37e-06/2.19e-06 | 226.8s
2026-08-26 09:44:42 | Early stopping at epoch 60 after 24 epochs without val_f1_macro_present improvement.
2026-08-26 09:44:42 | Training complete. Best validation accuracy: 0.9417 | best val_f1_macro_present: 0.9438
2026-08-26 09:44:42 | Starting Dual_D standalone training
2026-08-26 09:44:42 | Run directory: runs/combined_60/module_c_ablation/module_c_20260826_020911/module_c_full_黑天_20260826_020912
2026-08-26 09:44:42 | Device: cuda
2026-08-26 09:44:42 | Source train samples: 992
2026-08-26 09:44:42 | Target train samples: 465
2026-08-26 09:44:42 | Target val samples: 120
2026-08-26 09:44:42 | Classes: 14
2026-08-26 09:44:42 | Data audit: same_dir=False | path_overlap(vis/ir/ais)=0/0/0 | content_overlap(vis/ir/ais)=0/0/0 | ais_index_overlap=0 | stem_mismatch(vis-ir/vis-ais)=578/0
2026-08-26 09:44:42 | source_train classes: present 14/14 | absent 0 | counts [0:120, 1:44, 2:69, 3:45, 4:40, 5:30, 6:64, 7:80, 8:116, 9:68, 10:57, 11:83, 12:48, 13:128]
2026-08-26 09:44:42 | target_train classes: present 8/14 | absent 6 | counts [0:100, 2:11, 3:16, 6:89, 9:162, 10:12, 11:44, 13:31]
2026-08-26 09:44:42 | target_val classes: present 8/14 | absent 6 | counts [0:26, 2:3, 3:5, 6:23, 9:41, 10:3, 11:11, 13:8]
2026-08-26 09:44:42 | Paired training classes: 8/14 | class ids [0, 2, 3, 6, 9, 10, 11, 13]
2026-08-26 09:44:42 | VIS/IR pairing: class-level-unpaired | count-mismatch classes train/val: 10/0 | AIS alignment: none | AIS rows train/val: 0/0
2026-08-26 09:44:44 | Model parameters: total=17277714 | trainable=17120210
Starting run 3/12: domain=黑天, iteration=3, seed=44
2026-08-26 09:48:28 | Epoch 001/060 | loss 5.0410 | cls 4.9755 | tal 0.2184 | dual_g 0.0000 | dual_d 0.0000 | train_acc 0.1146 | train_full 0.0774 | val_acc 0.1250 | val_f1 0.0792 | grad(main/disc) 21.051/0.000 | lr(main/disc) 7.00e-05/3.50e-05 | 223.4s
2026-08-26 09:48:31 | New best val_f1_macro_present: 0.0792 at epoch 1
