nohup: 忽略输入
/home/lixiang/envs/lx_pytorch/lib/python3.11/site-packages/torch/cuda/__init__.py:1061: UserWarning: Can't initialize NVML
  raw_cnt = _raw_device_count_nvml()
2026-08-30 14:44:06 | Starting Dual_D standalone training
2026-08-30 14:44:06 | Run directory: runs/module_c_v10_full_gate/module_c_20260830_144405/module_c_full_黑天_20260830_144406
2026-08-30 14:44:06 | Device: cuda
2026-08-30 14:44:06 | Source train samples: 992
2026-08-30 14:44:06 | Target train samples: 465
2026-08-30 14:44:06 | Target val samples: 120
2026-08-30 14:44:06 | Classes: 14
2026-08-30 14:44:06 | Data audit: same_dir=False | path_overlap(vis/ir/ais)=0/0/0 | content_overlap(vis/ir/ais)=0/0/0 | ais_index_overlap=0 | stem_mismatch(vis-ir/vis-ais)=578/0
2026-08-30 14:44:06 | source_train classes: present 14/14 | absent 0 | counts [0:120, 1:44, 2:69, 3:45, 4:40, 5:30, 6:64, 7:80, 8:116, 9:68, 10:57, 11:83, 12:48, 13:128]
2026-08-30 14:44:06 | target_train classes: present 8/14 | absent 6 | counts [0:100, 2:11, 3:16, 6:89, 9:162, 10:12, 11:44, 13:31]
2026-08-30 14:44:06 | target_val classes: present 8/14 | absent 6 | counts [0:26, 2:3, 3:5, 6:23, 9:41, 10:3, 11:11, 13:8]
2026-08-30 14:44:06 | Paired training classes: 8/14 | class ids [0, 2, 3, 6, 9, 10, 11, 13]
2026-08-30 14:44:06 | Runtime profile: batch=16 | paired_steps=30 | workers=16 | train_eval_every=5 | raw_eval_every=5 | stability_window=3 | lr_scheduler_start=24 | early_stop=15 after min_epoch=50
2026-08-30 14:44:06 | Augmentation profile: base=0.500 | visible=0.500 | infrared=0.500 | freeze_frozen_batch_norm_stats=True
2026-08-30 14:44:06 | VIS/IR pairing: class-level-unpaired | count-mismatch classes train/val: 10/0 | AIS alignment: none | AIS rows train/val: 0/0
2026-08-30 14:44:07 | Effective Dual-D loss weights: {"adv_auxiliary": 0.025, "adv_primary": 0.025, "classification": 0.65, "contrastive": 0.055, "cycle": 0.12, "identity": 0.025, "prototype_contrastive": 0.025}
2026-08-30 14:44:07 | Model parameters: total=17277714 | trainable=17120210
Starting run 1/9: domain=黑天, iteration=1, seed=42
2026-08-30 14:44:12 | Epoch 001/060 | loss 4.6224 | cls 4.5844 | tal 0.1267 | dual_g 0.0000 | dual_d 0.0000 | train_acc 0.2583 | train_full 0.2151 | val_acc 0.2333 | val_f1 0.2431 | adv/moduleC 0.00/0.00 | disc_steps 0 | grad(main/disc) 28.189/0.000 | lr(main/disc) 1.00e-04/3.20e-05 | cuda_peak(alloc/resv) 4.09/5.12GB | phase(train/val/raw/train_eval) 3.6/0.4/0.4/0.6s | 4.9s
2026-08-30 14:44:15 | Epoch 002/060 | loss 3.0305 | cls 3.0226 | tal 0.0263 | dual_g 0.0000 | dual_d 0.0000 | train_acc 0.5396 | train_full n/a | val_acc 0.5583 | val_f1 0.6138 | adv/moduleC 0.00/0.00 | disc_steps 0 | grad(main/disc) 21.707/0.000 | lr(main/disc) 1.00e-04/3.20e-05 | cuda_peak(alloc/resv) 4.09/5.12GB | phase(train/val/raw/train_eval) 2.6/0.4/0.0/0.0s | 2.9s
2026-08-30 14:44:18 | Epoch 003/060 | loss 2.3774 | cls 2.3544 | tal 0.0765 | dual_g 0.0000 | dual_d 0.0000 | train_acc 0.6917 | train_full n/a | val_acc 0.6750 | val_f1 0.6498 | adv/moduleC 0.00/0.00 | disc_steps 0 | grad(main/disc) 19.578/0.000 | lr(main/disc) 1.00e-04/3.20e-05 | cuda_peak(alloc/resv) 4.09/5.12GB | phase(train/val/raw/train_eval) 2.5/0.4/0.4/0.0s | 3.3s
2026-08-30 14:44:20 | New best val_f1_macro_present: raw=0.6498 stable_score=0.2431 at epoch 3
2026-08-30 14:44:24 | Epoch 004/060 | loss 2.0506 | cls 1.8428 | tal 0.0650 | dual_g 0.1883 | dual_d 0.0000 | train_acc 0.7604 | train_full n/a | val_acc 0.8417 | val_f1 0.8052 | adv/moduleC 0.00/0.12 | disc_steps 0 | grad(main/disc) 17.840/0.000 | lr(main/disc) 1.00e-04/3.20e-05 | cuda_peak(alloc/resv) 4.09/5.12GB | phase(train/val/raw/train_eval) 2.6/0.4/0.4/0.0s | 3.3s
2026-08-30 14:44:26 | New best val_f1_macro_present: raw=0.8052 stable_score=0.6138 at epoch 4
2026-08-30 14:44:29 | Epoch 005/060 | loss 2.0101 | cls 1.6387 | tal 0.1112 | dual_g 0.3381 | dual_d 0.0000 | train_acc 0.8229 | train_full 0.8602 | val_acc 0.8333 | val_f1 0.8136 | adv/moduleC 0.00/0.25 | disc_steps 0 | grad(main/disc) 17.371/0.000 | lr(main/disc) 1.00e-04/3.20e-05 | cuda_peak(alloc/resv) 4.09/5.12GB | phase(train/val/raw/train_eval) 2.5/0.4/0.4/0.6s | 3.8s
2026-08-30 14:44:32 | New best val_f1_macro_present: raw=0.8136 stable_score=0.6498 at epoch 5
2026-08-30 14:44:35 | Epoch 006/060 | loss 1.8322 | cls 1.3616 | tal 0.1109 | dual_g 0.4374 | dual_d 0.8975 | train_acc 0.8500 | train_full n/a | val_acc 0.8500 | val_f1 0.8063 | adv/moduleC 0.07/0.38 | disc_steps 15 | grad(main/disc) 15.692/2.157 | lr(main/disc) 1.00e-04/3.20e-05 | cuda_peak(alloc/resv) 4.09/5.12GB | phase(train/val/raw/train_eval) 2.6/0.4/0.4/0.0s | 3.4s
2026-08-30 14:44:37 | New best val_f1_macro_present: raw=0.8063 stable_score=0.8052 at epoch 6
2026-08-30 14:44:40 | Epoch 007/060 | loss 1.7554 | cls 1.2343 | tal 0.0522 | dual_g 0.5054 | dual_d 0.8550 | train_acc 0.9167 | train_full n/a | val_acc 0.9250 | val_f1 0.8950 | adv/moduleC 0.13/0.50 | disc_steps 15 | grad(main/disc) 14.337/2.058 | lr(main/disc) 1.00e-04/3.20e-05 | cuda_peak(alloc/resv) 4.09/5.12GB | phase(train/val/raw/train_eval) 2.6/0.4/0.4/0.0s | 3.3s
2026-08-30 14:44:43 | New best val_f1_macro_present: raw=0.8950 stable_score=0.8063 at epoch 7
2026-08-30 14:44:45 | Epoch 008/060 | loss 1.7427 | cls 1.1313 | tal 0.0866 | dual_g 0.5855 | dual_d 0.8065 | train_acc 0.9250 | train_full n/a | val_acc 0.9167 | val_f1 0.8704 | adv/moduleC 0.20/0.62 | disc_steps 15 | grad(main/disc) 14.337/1.926 | lr(main/disc) 1.00e-04/3.20e-05 | cuda_peak(alloc/resv) 4.09/5.12GB | phase(train/val/raw/train_eval) 2.6/0.4/0.0/0.0s | 2.9s
2026-08-30 14:44:49 | Epoch 009/060 | loss 1.7781 | cls 1.0944 | tal 0.0345 | dual_g 0.6734 | dual_d 0.7448 | train_acc 0.9458 | train_full n/a | val_acc 0.9500 | val_f1 0.9232 | adv/moduleC 0.27/0.75 | disc_steps 15 | grad(main/disc) 14.178/1.823 | lr(main/disc) 1.00e-04/3.20e-05 | cuda_peak(alloc/resv) 4.09/5.12GB | phase(train/val/raw/train_eval) 2.6/0.4/0.4/0.0s | 3.3s
2026-08-30 14:44:51 | New best val_f1_macro_present: raw=0.9232 stable_score=0.8704 at epoch 9
2026-08-30 14:44:55 | Epoch 010/060 | loss 1.8137 | cls 1.0532 | tal 0.0746 | dual_g 0.7381 | dual_d 0.7166 | train_acc 0.9583 | train_full 0.9828 | val_acc 0.9333 | val_f1 0.9176 | adv/moduleC 0.33/0.88 | disc_steps 15 | grad(main/disc) 14.183/1.751 | lr(main/disc) 1.00e-04/3.20e-05 | cuda_peak(alloc/resv) 4.09/5.12GB | phase(train/val/raw/train_eval) 2.7/0.4/0.4/0.7s | 4.1s
2026-08-30 14:44:59 | Epoch 011/060 | loss 1.7383 | cls 0.9447 | tal 0.0267 | dual_g 0.7856 | dual_d 0.7912 | train_acc 0.9646 | train_full n/a | val_acc 0.9333 | val_f1 0.9093 | adv/moduleC 0.40/1.00 | disc_steps 15 | grad(main/disc) 10.666/1.804 | lr(main/disc) 1.00e-04/3.20e-05 | cuda_peak(alloc/resv) 4.09/5.12GB | phase(train/val/raw/train_eval) 3.0/0.4/0.4/0.0s | 3.7s
2026-08-30 14:45:01 | New best val_f1_macro_present: raw=0.9093 stable_score=0.9093 at epoch 11
2026-08-30 14:45:04 | Epoch 012/060 | loss 1.7042 | cls 0.9312 | tal 0.0069 | dual_g 0.7709 | dual_d 0.8014 | train_acc 0.9792 | train_full n/a | val_acc 0.9750 | val_f1 0.9644 | adv/moduleC 0.47/1.00 | disc_steps 15 | grad(main/disc) 10.831/1.792 | lr(main/disc) 1.00e-04/3.20e-05 | cuda_peak(alloc/resv) 4.09/5.12GB | phase(train/val/raw/train_eval) 2.6/0.4/0.0/0.0s | 3.0s
2026-08-30 14:45:07 | Epoch 013/060 | loss 1.6066 | cls 0.8903 | tal -0.0604 | dual_g 0.7344 | dual_d 0.8339 | train_acc 0.9812 | train_full n/a | val_acc 0.9833 | val_f1 0.9714 | adv/moduleC 0.53/1.00 | disc_steps 15 | grad(main/disc) 9.014/1.861 | lr(main/disc) 1.00e-04/3.20e-05 | cuda_peak(alloc/resv) 4.09/5.12GB | phase(train/val/raw/train_eval) 2.7/0.4/0.0/0.0s | 3.0s
2026-08-30 14:45:10 | Epoch 014/060 | loss 1.5888 | cls 0.8880 | tal -0.1076 | dual_g 0.7331 | dual_d 0.8912 | train_acc 0.9875 | train_full n/a | val_acc 0.9917 | val_f1 0.9827 | adv/moduleC 0.60/1.00 | disc_steps 15 | grad(main/disc) 9.191/1.895 | lr(main/disc) 1.00e-04/3.20e-05 | cuda_peak(alloc/resv) 4.09/5.12GB | phase(train/val/raw/train_eval) 2.7/0.4/0.4/0.0s | 3.4s
2026-08-30 14:45:12 | New best val_f1_macro_present: raw=0.9827 stable_score=0.9644 at epoch 14
2026-08-30 14:45:17 | Epoch 015/060 | loss 1.5345 | cls 0.8560 | tal -0.1026 | dual_g 0.7093 | dual_d 0.9107 | train_acc 0.9938 | train_full 0.9914 | val_acc 0.9833 | val_f1 0.9624 | adv/moduleC 0.67/1.00 | disc_steps 15 | grad(main/disc) 7.869/1.868 | lr(main/disc) 1.00e-04/3.20e-05 | cuda_peak(alloc/resv) 4.09/5.12GB | phase(train/val/raw/train_eval) 2.7/0.4/0.4/0.6s | 4.1s
2026-08-30 14:45:20 | Epoch 016/060 | loss 1.5440 | cls 0.8697 | tal -0.1153 | dual_g 0.7088 | dual_d 0.9427 | train_acc 0.9938 | train_full n/a | val_acc 0.9833 | val_f1 0.9624 | adv/moduleC 0.73/1.00 | disc_steps 15 | grad(main/disc) 8.430/1.862 | lr(main/disc) 1.00e-04/3.20e-05 | cuda_peak(alloc/resv) 4.09/5.12GB | phase(train/val/raw/train_eval) 2.6/0.4/0.0/0.0s | 3.0s
2026-08-30 14:45:23 | Epoch 017/060 | loss 1.4889 | cls 0.8476 | tal -0.1463 | dual_g 0.6852 | dual_d 0.9386 | train_acc 0.9875 | train_full n/a | val_acc 0.9917 | val_f1 0.9827 | adv/moduleC 0.80/1.00 | disc_steps 15 | grad(main/disc) 7.138/1.870 | lr(main/disc) 1.00e-04/3.20e-05 | cuda_peak(alloc/resv) 4.09/5.12GB | phase(train/val/raw/train_eval) 2.7/0.4/0.0/0.0s | 3.1s
2026-08-30 14:45:26 | Epoch 018/060 | loss 1.4370 | cls 0.8171 | tal -0.1622 | dual_g 0.6685 | dual_d 1.0368 | train_acc 0.9938 | train_full n/a | val_acc 0.9833 | val_f1 0.9633 | adv/moduleC 0.87/1.00 | disc_steps 15 | grad(main/disc) 5.708/1.986 | lr(main/disc) 1.00e-04/3.20e-05 | cuda_peak(alloc/resv) 4.09/5.12GB | phase(train/val/raw/train_eval) 3.0/0.4/0.0/0.0s | 3.4s
2026-08-30 14:45:29 | Epoch 019/060 | loss 1.4404 | cls 0.8200 | tal -0.1252 | dual_g 0.6579 | dual_d 1.0198 | train_acc 0.9958 | train_full n/a | val_acc 0.9833 | val_f1 0.9757 | adv/moduleC 0.93/1.00 | disc_steps 15 | grad(main/disc) 5.618/1.944 | lr(main/disc) 1.00e-04/3.20e-05 | cuda_peak(alloc/resv) 4.09/5.12GB | phase(train/val/raw/train_eval) 2.7/0.4/0.0/0.0s | 3.0s
2026-08-30 14:45:33 | Epoch 020/060 | loss 1.4509 | cls 0.8223 | tal -0.1229 | dual_g 0.6654 | dual_d 1.0331 | train_acc 1.0000 | train_full 0.9935 | val_acc 0.9833 | val_f1 0.9708 | adv/moduleC 1.00/1.00 | disc_steps 15 | grad(main/disc) 6.148/1.948 | lr(main/disc) 1.00e-04/3.20e-05 | cuda_peak(alloc/resv) 4.09/5.12GB | phase(train/val/raw/train_eval) 2.8/0.4/0.4/0.6s | 4.2s
2026-08-30 14:45:37 | Epoch 021/060 | loss 1.4463 | cls 0.8254 | tal -0.1366 | dual_g 0.6618 | dual_d 1.0627 | train_acc 0.9938 | train_full n/a | val_acc 0.9917 | val_f1 0.9827 | adv/moduleC 1.00/1.00 | disc_steps 15 | grad(main/disc) 5.955/1.946 | lr(main/disc) 1.00e-04/3.20e-05 | cuda_peak(alloc/resv) 4.09/5.12GB | phase(train/val/raw/train_eval) 2.7/0.4/0.4/0.0s | 3.4s
2026-08-30 14:45:39 | New best val_f1_macro_present: raw=0.9827 stable_score=0.9708 at epoch 21
2026-08-30 14:45:42 | Epoch 022/060 | loss 1.4029 | cls 0.8061 | tal -0.1828 | dual_g 0.6516 | dual_d 1.0713 | train_acc 0.9979 | train_full n/a | val_acc 0.9917 | val_f1 0.9827 | adv/moduleC 1.00/1.00 | disc_steps 15 | grad(main/disc) 4.558/1.929 | lr(main/disc) 1.00e-04/3.20e-05 | cuda_peak(alloc/resv) 4.09/5.12GB | phase(train/val/raw/train_eval) 2.7/0.4/0.0/0.0s | 3.0s
2026-08-30 14:45:45 | Epoch 023/060 | loss 1.3899 | cls 0.8112 | tal -0.2379 | dual_g 0.6501 | dual_d 1.0824 | train_acc 0.9938 | train_full n/a | val_acc 0.9917 | val_f1 0.9827 | adv/moduleC 1.00/1.00 | disc_steps 15 | grad(main/disc) 4.946/1.950 | lr(main/disc) 1.00e-04/3.20e-05 | cuda_peak(alloc/resv) 4.09/5.12GB | phase(train/val/raw/train_eval) 2.5/0.4/0.4/0.0s | 3.3s
2026-08-30 14:45:47 | New best val_f1_macro_present: raw=0.9827 stable_score=0.9827 at epoch 23
2026-08-30 14:45:50 | Epoch 024/060 | loss 1.4051 | cls 0.8165 | tal -0.2220 | dual_g 0.6552 | dual_d 1.0659 | train_acc 0.9958 | train_full n/a | val_acc 0.9917 | val_f1 0.9827 | adv/moduleC 1.00/1.00 | disc_steps 15 | grad(main/disc) 5.880/1.914 | lr(main/disc) 1.00e-04/3.20e-05 | cuda_peak(alloc/resv) 4.09/5.12GB | phase(train/val/raw/train_eval) 2.6/0.4/0.0/0.0s | 3.0s
2026-08-30 14:45:54 | Epoch 025/060 | loss 1.3934 | cls 0.7959 | tal -0.1312 | dual_g 0.6368 | dual_d 1.0442 | train_acc 0.9979 | train_full 0.9935 | val_acc 0.9917 | val_f1 0.9827 | adv/moduleC 1.00/1.00 | disc_steps 15 | grad(main/disc) 4.505/1.833 | lr(main/disc) 1.00e-04/3.20e-05 | cuda_peak(alloc/resv) 4.09/5.12GB | phase(train/val/raw/train_eval) 2.7/0.4/0.4/0.6s | 4.1s
2026-08-30 14:45:57 | Epoch 026/060 | loss 1.3688 | cls 0.7930 | tal -0.1921 | dual_g 0.6334 | dual_d 1.0827 | train_acc 0.9979 | train_full n/a | val_acc 0.9833 | val_f1 0.9757 | adv/moduleC 1.00/1.00 | disc_steps 15 | grad(main/disc) 4.281/1.878 | lr(main/disc) 1.00e-04/3.20e-05 | cuda_peak(alloc/resv) 4.09/5.12GB | phase(train/val/raw/train_eval) 2.7/0.4/0.0/0.0s | 3.1s
2026-08-30 14:46:00 | Epoch 027/060 | loss 1.3664 | cls 0.7996 | tal -0.1946 | dual_g 0.6252 | dual_d 1.0443 | train_acc 0.9979 | train_full n/a | val_acc 0.9917 | val_f1 0.9827 | adv/moduleC 1.00/1.00 | disc_steps 15 | grad(main/disc) 4.715/1.837 | lr(main/disc) 1.00e-04/3.20e-05 | cuda_peak(alloc/resv) 4.09/5.12GB | phase(train/val/raw/train_eval) 2.6/0.4/0.0/0.0s | 2.9s
2026-08-30 14:46:03 | Epoch 028/060 | loss 1.3762 | cls 0.7867 | tal -0.1358 | dual_g 0.6302 | dual_d 1.0502 | train_acc 1.0000 | train_full n/a | val_acc 0.9917 | val_f1 0.9827 | adv/moduleC 1.00/1.00 | disc_steps 15 | grad(main/disc) 4.402/1.847 | lr(main/disc) 1.00e-04/3.20e-05 | cuda_peak(alloc/resv) 4.09/5.12GB | phase(train/val/raw/train_eval) 2.7/0.4/0.0/0.0s | 3.1s
2026-08-30 14:46:06 | Epoch 029/060 | loss 1.3443 | cls 0.7716 | tal -0.1500 | dual_g 0.6177 | dual_d 1.0064 | train_acc 0.9979 | train_full n/a | val_acc 0.9917 | val_f1 0.9827 | adv/moduleC 1.00/1.00 | disc_steps 15 | grad(main/disc) 3.071/1.777 | lr(main/disc) 1.00e-04/3.20e-05 | cuda_peak(alloc/resv) 4.09/5.12GB | phase(train/val/raw/train_eval) 2.7/0.4/0.0/0.0s | 3.0s
2026-08-30 14:46:10 | Epoch 030/060 | loss 1.3289 | cls 0.7688 | tal -0.1589 | dual_g 0.6077 | dual_d 1.0462 | train_acc 0.9979 | train_full 1.0000 | val_acc 0.9833 | val_f1 0.9624 | adv/moduleC 1.00/1.00 | disc_steps 15 | grad(main/disc) 2.739/1.830 | lr(main/disc) 1.00e-04/3.20e-05 | cuda_peak(alloc/resv) 4.09/5.12GB | phase(train/val/raw/train_eval) 2.6/0.4/0.4/0.6s | 4.0s
2026-08-30 14:46:13 | Epoch 031/060 | loss 1.3190 | cls 0.7646 | tal -0.1880 | dual_g 0.6108 | dual_d 1.0139 | train_acc 1.0000 | train_full n/a | val_acc 0.9833 | val_f1 0.9757 | adv/moduleC 1.00/1.00 | disc_steps 15 | grad(main/disc) 2.939/1.811 | lr(main/disc) 1.00e-04/3.20e-05 | cuda_peak(alloc/resv) 4.09/5.12GB | phase(train/val/raw/train_eval) 2.7/0.4/0.0/0.0s | 3.0s
2026-08-30 14:46:17 | Epoch 032/060 | loss 1.3073 | cls 0.7661 | tal -0.2168 | dual_g 0.6062 | dual_d 1.0129 | train_acc 1.0000 | train_full n/a | val_acc 0.9833 | val_f1 0.9757 | adv/moduleC 1.00/1.00 | disc_steps 15 | grad(main/disc) 2.882/1.761 | lr(main/disc) 1.00e-04/3.20e-05 | cuda_peak(alloc/resv) 4.09/5.12GB | phase(train/val/raw/train_eval) 2.7/0.4/0.0/0.0s | 3.1s
2026-08-30 14:46:20 | Epoch 033/060 | loss 1.3290 | cls 0.7719 | tal -0.2061 | dual_g 0.6190 | dual_d 1.0147 | train_acc 1.0000 | train_full n/a | val_acc 0.9833 | val_f1 0.9757 | adv/moduleC 1.00/1.00 | disc_steps 15 | grad(main/disc) 3.516/1.747 | lr(main/disc) 5.00e-05/1.60e-05 | cuda_peak(alloc/resv) 4.09/5.12GB | phase(train/val/raw/train_eval) 2.6/0.4/0.0/0.0s | 3.0s
2026-08-30 14:46:22 | Epoch 034/060 | loss 1.3211 | cls 0.7637 | tal -0.1779 | dual_g 0.6108 | dual_d 1.0016 | train_acc 1.0000 | train_full n/a | val_acc 0.9833 | val_f1 0.9757 | adv/moduleC 1.00/1.00 | disc_steps 15 | grad(main/disc) 3.056/1.733 | lr(main/disc) 5.00e-05/1.60e-05 | cuda_peak(alloc/resv) 4.09/5.12GB | phase(train/val/raw/train_eval) 2.6/0.4/0.0/0.0s | 3.0s
2026-08-30 14:46:27 | Epoch 035/060 | loss 1.2963 | cls 0.7592 | tal -0.2369 | dual_g 0.6082 | dual_d 0.9728 | train_acc 0.9979 | train_full 0.9978 | val_acc 0.9833 | val_f1 0.9847 | adv/moduleC 1.00/1.00 | disc_steps 15 | grad(main/disc) 2.759/1.683 | lr(main/disc) 5.00e-05/1.60e-05 | cuda_peak(alloc/resv) 4.09/5.12GB | phase(train/val/raw/train_eval) 2.7/0.4/0.4/0.6s | 4.1s
2026-08-30 14:46:30 | Epoch 036/060 | loss 1.2918 | cls 0.7656 | tal -0.2574 | dual_g 0.6034 | dual_d 0.9689 | train_acc 1.0000 | train_full n/a | val_acc 0.9833 | val_f1 0.9757 | adv/moduleC 1.00/1.00 | disc_steps 15 | grad(main/disc) 2.935/1.699 | lr(main/disc) 5.00e-05/1.60e-05 | cuda_peak(alloc/resv) 4.09/5.12GB | phase(train/val/raw/train_eval) 2.7/0.4/0.0/0.0s | 3.1s
2026-08-30 14:46:33 | Epoch 037/060 | loss 1.2779 | cls 0.7552 | tal -0.2560 | dual_g 0.5994 | dual_d 1.0013 | train_acc 0.9979 | train_full n/a | val_acc 0.9917 | val_f1 0.9827 | adv/moduleC 1.00/1.00 | disc_steps 15 | grad(main/disc) 2.348/1.711 | lr(main/disc) 5.00e-05/1.60e-05 | cuda_peak(alloc/resv) 4.09/5.12GB | phase(train/val/raw/train_eval) 2.6/0.4/0.0/0.0s | 3.0s
2026-08-30 14:46:36 | Epoch 038/060 | loss 1.2690 | cls 0.7550 | tal -0.2837 | dual_g 0.5991 | dual_d 0.9942 | train_acc 1.0000 | train_full n/a | val_acc 0.9833 | val_f1 0.9847 | adv/moduleC 1.00/1.00 | disc_steps 15 | grad(main/disc) 2.361/1.701 | lr(main/disc) 5.00e-05/1.60e-05 | cuda_peak(alloc/resv) 4.09/5.12GB | phase(train/val/raw/train_eval) 2.7/0.4/0.0/0.0s | 3.0s
2026-08-30 14:46:39 | Epoch 039/060 | loss 1.2731 | cls 0.7564 | tal -0.2668 | dual_g 0.5968 | dual_d 0.9626 | train_acc 0.9979 | train_full n/a | val_acc 0.9833 | val_f1 0.9757 | adv/moduleC 1.00/1.00 | disc_steps 15 | grad(main/disc) 2.485/1.658 | lr(main/disc) 5.00e-05/1.60e-05 | cuda_peak(alloc/resv) 4.09/5.12GB | phase(train/val/raw/train_eval) 2.6/0.4/0.0/0.0s | 3.0s
2026-08-30 14:46:43 | Epoch 040/060 | loss 1.2818 | cls 0.7547 | tal -0.2299 | dual_g 0.5960 | dual_d 0.9812 | train_acc 1.0000 | train_full 1.0000 | val_acc 0.9917 | val_f1 0.9917 | adv/moduleC 1.00/1.00 | disc_steps 15 | grad(main/disc) 2.643/1.647 | lr(main/disc) 5.00e-05/1.60e-05 | cuda_peak(alloc/resv) 4.09/5.12GB | phase(train/val/raw/train_eval) 2.7/0.4/0.4/0.6s | 4.1s
2026-08-30 14:46:46 | Epoch 041/060 | loss 1.2914 | cls 0.7543 | tal -0.2025 | dual_g 0.5978 | dual_d 0.9912 | train_acc 1.0000 | train_full n/a | val_acc 0.9917 | val_f1 0.9917 | adv/moduleC 1.00/1.00 | disc_steps 15 | grad(main/disc) 2.831/1.675 | lr(main/disc) 5.00e-05/1.60e-05 | cuda_peak(alloc/resv) 4.09/5.12GB | phase(train/val/raw/train_eval) 2.6/0.4/0.0/0.0s | 3.0s
2026-08-30 14:46:49 | Epoch 042/060 | loss 1.2820 | cls 0.7500 | tal -0.1998 | dual_g 0.5919 | dual_d 0.9735 | train_acc 1.0000 | train_full n/a | val_acc 0.9917 | val_f1 0.9827 | adv/moduleC 1.00/1.00 | disc_steps 15 | grad(main/disc) 2.149/1.677 | lr(main/disc) 5.00e-05/1.60e-05 | cuda_peak(alloc/resv) 4.09/5.12GB | phase(train/val/raw/train_eval) 2.7/0.4/0.0/0.0s | 3.0s
2026-08-30 14:46:52 | Epoch 043/060 | loss 1.2863 | cls 0.7497 | tal -0.2139 | dual_g 0.6007 | dual_d 0.9166 | train_acc 1.0000 | train_full n/a | val_acc 0.9917 | val_f1 0.9827 | adv/moduleC 1.00/1.00 | disc_steps 15 | grad(main/disc) 2.700/1.564 | lr(main/disc) 5.00e-05/1.60e-05 | cuda_peak(alloc/resv) 4.09/5.12GB | phase(train/val/raw/train_eval) 2.8/0.4/0.0/0.0s | 3.2s
2026-08-30 14:46:55 | Epoch 044/060 | loss 1.2753 | cls 0.7518 | tal -0.2351 | dual_g 0.5941 | dual_d 0.9586 | train_acc 1.0000 | train_full n/a | val_acc 0.9917 | val_f1 0.9917 | adv/moduleC 1.00/1.00 | disc_steps 15 | grad(main/disc) 2.857/1.588 | lr(main/disc) 5.00e-05/1.60e-05 | cuda_peak(alloc/resv) 4.09/5.12GB | phase(train/val/raw/train_eval) 2.5/0.4/0.0/0.0s | 2.9s
2026-08-30 14:46:59 | Epoch 045/060 | loss 1.2449 | cls 0.7475 | tal -0.2929 | dual_g 0.5853 | dual_d 0.9636 | train_acc 1.0000 | train_full 1.0000 | val_acc 0.9917 | val_f1 0.9827 | adv/moduleC 1.00/1.00 | disc_steps 15 | grad(main/disc) 1.952/1.579 | lr(main/disc) 5.00e-05/1.60e-05 | cuda_peak(alloc/resv) 4.09/5.12GB | phase(train/val/raw/train_eval) 2.9/0.4/0.4/0.6s | 4.3s
2026-08-30 14:47:02 | Epoch 046/060 | loss 1.2679 | cls 0.7540 | tal -0.2436 | dual_g 0.5870 | dual_d 0.9304 | train_acc 0.9979 | train_full n/a | val_acc 0.9833 | val_f1 0.9757 | adv/moduleC 1.00/1.00 | disc_steps 15 | grad(main/disc) 2.834/1.595 | lr(main/disc) 5.00e-05/1.60e-05 | cuda_peak(alloc/resv) 4.09/5.12GB | phase(train/val/raw/train_eval) 2.6/0.4/0.0/0.0s | 3.0s
2026-08-30 14:47:05 | Epoch 047/060 | loss 1.2399 | cls 0.7421 | tal -0.2905 | dual_g 0.5849 | dual_d 0.9379 | train_acc 1.0000 | train_full n/a | val_acc 0.9833 | val_f1 0.9757 | adv/moduleC 1.00/1.00 | disc_steps 15 | grad(main/disc) 1.996/1.565 | lr(main/disc) 5.00e-05/1.60e-05 | cuda_peak(alloc/resv) 4.09/5.12GB | phase(train/val/raw/train_eval) 2.7/0.4/0.0/0.0s | 3.0s
2026-08-30 14:47:08 | Epoch 048/060 | loss 1.2503 | cls 0.7429 | tal -0.2669 | dual_g 0.5875 | dual_d 0.9389 | train_acc 1.0000 | train_full n/a | val_acc 0.9917 | val_f1 0.9917 | adv/moduleC 1.00/1.00 | disc_steps 15 | grad(main/disc) 1.942/1.562 | lr(main/disc) 5.00e-05/1.60e-05 | cuda_peak(alloc/resv) 4.09/5.12GB | phase(train/val/raw/train_eval) 2.5/0.4/0.0/0.0s | 2.9s
2026-08-30 14:47:11 | Epoch 049/060 | loss 1.2675 | cls 0.7523 | tal -0.2457 | dual_g 0.5889 | dual_d 0.8949 | train_acc 0.9979 | train_full n/a | val_acc 0.9917 | val_f1 0.9917 | adv/moduleC 1.00/1.00 | disc_steps 15 | grad(main/disc) 2.510/1.468 | lr(main/disc) 2.50e-05/8.00e-06 | cuda_peak(alloc/resv) 4.09/5.12GB | phase(train/val/raw/train_eval) 2.7/0.4/0.0/0.0s | 3.1s
2026-08-30 14:47:15 | Epoch 050/060 | loss 1.2631 | cls 0.7432 | tal -0.2316 | dual_g 0.5894 | dual_d 0.9463 | train_acc 1.0000 | train_full 1.0000 | val_acc 0.9917 | val_f1 0.9827 | adv/moduleC 1.00/1.00 | disc_steps 15 | grad(main/disc) 2.442/1.550 | lr(main/disc) 2.50e-05/8.00e-06 | cuda_peak(alloc/resv) 4.09/5.12GB | phase(train/val/raw/train_eval) 2.6/0.4/0.4/0.7s | 4.0s
2026-08-30 14:47:15 | Early stopping at epoch 50 after 27 epochs without val_f1_macro_present improvement.
2026-08-30 14:47:15 | Training complete. Peak validation accuracy: 0.9917 | selected val_f1_macro_present: 0.9827
2026-08-30 14:47:15 | Starting Dual_D standalone training
2026-08-30 14:47:15 | Run directory: runs/module_c_v10_full_gate/module_c_20260830_144405/module_c_full_黑天_20260830_144406
2026-08-30 14:47:15 | Device: cuda
2026-08-30 14:47:15 | Source train samples: 992
2026-08-30 14:47:15 | Target train samples: 465
2026-08-30 14:47:15 | Target val samples: 120
2026-08-30 14:47:15 | Classes: 14
2026-08-30 14:47:15 | Data audit: same_dir=False | path_overlap(vis/ir/ais)=0/0/0 | content_overlap(vis/ir/ais)=0/0/0 | ais_index_overlap=0 | stem_mismatch(vis-ir/vis-ais)=578/0
2026-08-30 14:47:15 | source_train classes: present 14/14 | absent 0 | counts [0:120, 1:44, 2:69, 3:45, 4:40, 5:30, 6:64, 7:80, 8:116, 9:68, 10:57, 11:83, 12:48, 13:128]
2026-08-30 14:47:15 | target_train classes: present 8/14 | absent 6 | counts [0:100, 2:11, 3:16, 6:89, 9:162, 10:12, 11:44, 13:31]
2026-08-30 14:47:15 | target_val classes: present 8/14 | absent 6 | counts [0:26, 2:3, 3:5, 6:23, 9:41, 10:3, 11:11, 13:8]
2026-08-30 14:47:15 | Paired training classes: 8/14 | class ids [0, 2, 3, 6, 9, 10, 11, 13]
2026-08-30 14:47:15 | Runtime profile: batch=16 | paired_steps=30 | workers=16 | train_eval_every=5 | raw_eval_every=5 | stability_window=3 | lr_scheduler_start=24 | early_stop=15 after min_epoch=50
2026-08-30 14:47:15 | Augmentation profile: base=0.500 | visible=0.500 | infrared=0.500 | freeze_frozen_batch_norm_stats=True
2026-08-30 14:47:15 | VIS/IR pairing: class-level-unpaired | count-mismatch classes train/val: 10/0 | AIS alignment: none | AIS rows train/val: 0/0
2026-08-30 14:47:16 | Effective Dual-D loss weights: {"adv_auxiliary": 0.025, "adv_primary": 0.025, "classification": 0.65, "contrastive": 0.055, "cycle": 0.12, "identity": 0.025, "prototype_contrastive": 0.025}
2026-08-30 14:47:16 | Model parameters: total=17277714 | trainable=17120210
Starting run 2/9: domain=黑天, iteration=2, seed=43
2026-08-30 14:47:20 | Epoch 001/060 | loss 4.6027 | cls 4.5969 | tal 0.0192 | dual_g 0.0000 | dual_d 0.0000 | train_acc 0.2354 | train_full 0.1505 | val_acc 0.1750 | val_f1 0.1803 | adv/moduleC 0.00/0.00 | disc_steps 0 | grad(main/disc) 27.564/0.000 | lr(main/disc) 1.00e-04/3.20e-05 | cuda_peak(alloc/resv) 4.09/5.12GB | phase(train/val/raw/train_eval) 3.1/0.4/0.4/0.6s | 4.5s
2026-08-30 14:47:23 | Epoch 002/060 | loss 3.0260 | cls 3.1162 | tal -0.3007 | dual_g 0.0000 | dual_d 0.0000 | train_acc 0.4854 | train_full n/a | val_acc 0.2917 | val_f1 0.3929 | adv/moduleC 0.00/0.00 | disc_steps 0 | grad(main/disc) 21.553/0.000 | lr(main/disc) 1.00e-04/3.20e-05 | cuda_peak(alloc/resv) 4.09/5.12GB | phase(train/val/raw/train_eval) 2.5/0.4/0.0/0.0s | 2.9s
2026-08-30 14:47:27 | Epoch 003/060 | loss 2.5163 | cls 2.5417 | tal -0.0849 | dual_g 0.0000 | dual_d 0.0000 | train_acc 0.6146 | train_full n/a | val_acc 0.5500 | val_f1 0.5763 | adv/moduleC 0.00/0.00 | disc_steps 0 | grad(main/disc) 20.510/0.000 | lr(main/disc) 1.00e-04/3.20e-05 | cuda_peak(alloc/resv) 4.09/5.12GB | phase(train/val/raw/train_eval) 2.6/0.4/0.4/0.0s | 3.4s
2026-08-30 14:47:29 | New best val_f1_macro_present: raw=0.5763 stable_score=0.1803 at epoch 3
2026-08-30 14:47:32 | Epoch 004/060 | loss 2.2252 | cls 2.0045 | tal 0.0555 | dual_g 0.2040 | dual_d 0.0000 | train_acc 0.7583 | train_full n/a | val_acc 0.7250 | val_f1 0.7267 | adv/moduleC 0.00/0.12 | disc_steps 0 | grad(main/disc) 18.568/0.000 | lr(main/disc) 1.00e-04/3.20e-05 | cuda_peak(alloc/resv) 4.09/5.12GB | phase(train/val/raw/train_eval) 2.5/0.4/0.4/0.0s | 3.3s
2026-08-30 14:47:34 | New best val_f1_macro_present: raw=0.7267 stable_score=0.3929 at epoch 4
2026-08-30 14:47:38 | Epoch 005/060 | loss 1.9660 | cls 1.6551 | tal -0.0602 | dual_g 0.3289 | dual_d 0.0000 | train_acc 0.8167 | train_full 0.8258 | val_acc 0.7667 | val_f1 0.7566 | adv/moduleC 0.00/0.25 | disc_steps 0 | grad(main/disc) 17.082/0.000 | lr(main/disc) 1.00e-04/3.20e-05 | cuda_peak(alloc/resv) 4.09/5.12GB | phase(train/val/raw/train_eval) 2.6/0.4/0.4/0.7s | 4.0s
2026-08-30 14:47:40 | New best val_f1_macro_present: raw=0.7566 stable_score=0.5763 at epoch 5
2026-08-30 14:47:44 | Epoch 006/060 | loss 1.7906 | cls 1.3503 | tal 0.0698 | dual_g 0.4194 | dual_d 0.9282 | train_acc 0.8917 | train_full n/a | val_acc 0.8333 | val_f1 0.8051 | adv/moduleC 0.07/0.38 | disc_steps 15 | grad(main/disc) 14.598/2.078 | lr(main/disc) 1.00e-04/3.20e-05 | cuda_peak(alloc/resv) 4.09/5.12GB | phase(train/val/raw/train_eval) 2.6/0.4/0.4/0.0s | 3.4s
2026-08-30 14:47:46 | New best val_f1_macro_present: raw=0.8051 stable_score=0.7267 at epoch 6
2026-08-30 14:47:49 | Epoch 007/060 | loss 1.7717 | cls 1.2473 | tal 0.0551 | dual_g 0.5079 | dual_d 0.8625 | train_acc 0.9208 | train_full n/a | val_acc 0.7833 | val_f1 0.7888 | adv/moduleC 0.13/0.50 | disc_steps 15 | grad(main/disc) 14.397/1.954 | lr(main/disc) 1.00e-04/3.20e-05 | cuda_peak(alloc/resv) 4.09/5.12GB | phase(train/val/raw/train_eval) 2.6/0.4/0.4/0.0s | 3.4s
2026-08-30 14:47:51 | New best val_f1_macro_present: raw=0.7888 stable_score=0.7566 at epoch 7
2026-08-30 14:47:55 | Epoch 008/060 | loss 1.7449 | cls 1.1540 | tal -0.0285 | dual_g 0.5994 | dual_d 0.8492 | train_acc 0.9229 | train_full n/a | val_acc 0.8750 | val_f1 0.8459 | adv/moduleC 0.20/0.62 | disc_steps 15 | grad(main/disc) 14.364/1.864 | lr(main/disc) 1.00e-04/3.20e-05 | cuda_peak(alloc/resv) 4.09/5.12GB | phase(train/val/raw/train_eval) 2.7/0.4/0.4/0.0s | 3.5s
2026-08-30 14:47:57 | New best val_f1_macro_present: raw=0.8459 stable_score=0.7888 at epoch 8
2026-08-30 14:48:00 | Epoch 009/060 | loss 1.7483 | cls 1.0819 | tal -0.0662 | dual_g 0.6862 | dual_d 0.8286 | train_acc 0.9521 | train_full n/a | val_acc 0.9167 | val_f1 0.8849 | adv/moduleC 0.27/0.75 | disc_steps 15 | grad(main/disc) 13.211/1.827 | lr(main/disc) 1.00e-04/3.20e-05 | cuda_peak(alloc/resv) 4.09/5.12GB | phase(train/val/raw/train_eval) 2.8/0.4/0.0/0.0s | 3.1s
2026-08-30 14:48:04 | Epoch 010/060 | loss 1.7209 | cls 0.9915 | tal 0.0448 | dual_g 0.7160 | dual_d 0.8032 | train_acc 0.9667 | train_full 0.9591 | val_acc 0.9333 | val_f1 0.8935 | adv/moduleC 0.33/0.88 | disc_steps 15 | grad(main/disc) 11.325/1.768 | lr(main/disc) 1.00e-04/3.20e-05 | cuda_peak(alloc/resv) 4.09/5.12GB | phase(train/val/raw/train_eval) 2.7/0.4/0.4/0.7s | 4.1s
2026-08-30 14:48:06 | New best val_f1_macro_present: raw=0.8935 stable_score=0.8459 at epoch 10
2026-08-30 14:48:10 | Epoch 011/060 | loss 1.7481 | cls 0.9619 | tal -0.0377 | dual_g 0.7975 | dual_d 0.7852 | train_acc 0.9750 | train_full n/a | val_acc 0.9667 | val_f1 0.9696 | adv/moduleC 0.40/1.00 | disc_steps 15 | grad(main/disc) 10.920/1.715 | lr(main/disc) 1.00e-04/3.20e-05 | cuda_peak(alloc/resv) 4.09/5.12GB | phase(train/val/raw/train_eval) 2.6/0.4/0.4/0.0s | 3.4s
2026-08-30 14:48:12 | New best val_f1_macro_present: raw=0.9696 stable_score=0.8849 at epoch 11
2026-08-30 14:48:15 | Epoch 012/060 | loss 1.6495 | cls 0.9132 | tal -0.0658 | dual_g 0.7560 | dual_d 0.7728 | train_acc 0.9833 | train_full n/a | val_acc 0.9417 | val_f1 0.9197 | adv/moduleC 0.47/1.00 | disc_steps 15 | grad(main/disc) 9.491/1.674 | lr(main/disc) 1.00e-04/3.20e-05 | cuda_peak(alloc/resv) 4.09/5.12GB | phase(train/val/raw/train_eval) 2.6/0.4/0.4/0.0s | 3.4s
2026-08-30 14:48:17 | New best val_f1_macro_present: raw=0.9197 stable_score=0.8935 at epoch 12
2026-08-30 14:48:21 | Epoch 013/060 | loss 1.5949 | cls 0.8863 | tal -0.0990 | dual_g 0.7384 | dual_d 0.8212 | train_acc 0.9875 | train_full n/a | val_acc 0.9333 | val_f1 0.9158 | adv/moduleC 0.53/1.00 | disc_steps 15 | grad(main/disc) 8.533/1.670 | lr(main/disc) 1.00e-04/3.20e-05 | cuda_peak(alloc/resv) 4.09/5.12GB | phase(train/val/raw/train_eval) 2.6/0.4/0.4/0.0s | 3.4s
2026-08-30 14:48:23 | New best val_f1_macro_present: raw=0.9158 stable_score=0.9158 at epoch 13
2026-08-30 14:48:26 | Epoch 014/060 | loss 1.5944 | cls 0.8739 | tal -0.0166 | dual_g 0.7254 | dual_d 0.8958 | train_acc 0.9854 | train_full n/a | val_acc 0.9833 | val_f1 0.9787 | adv/moduleC 0.60/1.00 | disc_steps 15 | grad(main/disc) 8.413/1.781 | lr(main/disc) 1.00e-04/3.20e-05 | cuda_peak(alloc/resv) 4.09/5.12GB | phase(train/val/raw/train_eval) 2.7/0.4/0.0/0.0s | 3.1s
2026-08-30 14:48:30 | Epoch 015/060 | loss 1.6176 | cls 0.9128 | tal -0.0886 | dual_g 0.7313 | dual_d 0.9211 | train_acc 0.9833 | train_full 0.9892 | val_acc 0.9750 | val_f1 0.9686 | adv/moduleC 0.67/1.00 | disc_steps 15 | grad(main/disc) 9.384/1.792 | lr(main/disc) 1.00e-04/3.20e-05 | cuda_peak(alloc/resv) 4.09/5.12GB | phase(train/val/raw/train_eval) 2.6/0.4/0.4/0.7s | 4.0s
2026-08-30 14:48:34 | Epoch 016/060 | loss 1.5559 | cls 0.8555 | tal -0.0467 | dual_g 0.7144 | dual_d 0.9303 | train_acc 0.9896 | train_full n/a | val_acc 0.9917 | val_f1 0.9762 | adv/moduleC 0.73/1.00 | disc_steps 15 | grad(main/disc) 7.524/1.748 | lr(main/disc) 1.00e-04/3.20e-05 | cuda_peak(alloc/resv) 4.09/5.12GB | phase(train/val/raw/train_eval) 2.7/0.4/0.4/0.0s | 3.4s
2026-08-30 14:48:36 | New best val_f1_macro_present: raw=0.9762 stable_score=0.9686 at epoch 16
2026-08-30 14:48:39 | Epoch 017/060 | loss 1.5366 | cls 0.8611 | tal -0.0619 | dual_g 0.6940 | dual_d 0.9177 | train_acc 0.9917 | train_full n/a | val_acc 0.9917 | val_f1 0.9762 | adv/moduleC 0.80/1.00 | disc_steps 15 | grad(main/disc) 7.291/1.710 | lr(main/disc) 1.00e-04/3.20e-05 | cuda_peak(alloc/resv) 4.09/5.12GB | phase(train/val/raw/train_eval) 2.8/0.4/0.0/0.0s | 3.2s
2026-08-30 14:48:42 | Epoch 018/060 | loss 1.5666 | cls 0.8712 | tal -0.0564 | dual_g 0.7124 | dual_d 0.9454 | train_acc 0.9812 | train_full n/a | val_acc 0.9417 | val_f1 0.9324 | adv/moduleC 0.87/1.00 | disc_steps 15 | grad(main/disc) 8.950/1.747 | lr(main/disc) 1.00e-04/3.20e-05 | cuda_peak(alloc/resv) 4.09/5.12GB | phase(train/val/raw/train_eval) 2.8/0.4/0.0/0.0s | 3.2s
2026-08-30 14:48:45 | Epoch 019/060 | loss 1.5248 | cls 0.8594 | tal -0.0780 | dual_g 0.6887 | dual_d 0.9934 | train_acc 0.9833 | train_full n/a | val_acc 0.9583 | val_f1 0.9411 | adv/moduleC 0.93/1.00 | disc_steps 15 | grad(main/disc) 7.791/1.804 | lr(main/disc) 1.00e-04/3.20e-05 | cuda_peak(alloc/resv) 4.09/5.12GB | phase(train/val/raw/train_eval) 2.6/0.4/0.0/0.0s | 3.0s
2026-08-30 14:48:49 | Epoch 020/060 | loss 1.4854 | cls 0.8313 | tal -0.0718 | dual_g 0.6757 | dual_d 0.9908 | train_acc 0.9938 | train_full 0.9849 | val_acc 0.9750 | val_f1 0.9673 | adv/moduleC 1.00/1.00 | disc_steps 15 | grad(main/disc) 5.894/1.762 | lr(main/disc) 1.00e-04/3.20e-05 | cuda_peak(alloc/resv) 4.09/5.12GB | phase(train/val/raw/train_eval) 2.7/0.4/0.4/0.7s | 4.1s
2026-08-30 14:48:52 | Epoch 021/060 | loss 1.4382 | cls 0.8039 | tal -0.1112 | dual_g 0.6676 | dual_d 1.0282 | train_acc 1.0000 | train_full n/a | val_acc 0.9667 | val_f1 0.9572 | adv/moduleC 1.00/1.00 | disc_steps 15 | grad(main/disc) 4.541/1.769 | lr(main/disc) 1.00e-04/3.20e-05 | cuda_peak(alloc/resv) 4.09/5.12GB | phase(train/val/raw/train_eval) 2.7/0.4/0.0/0.0s | 3.1s
2026-08-30 14:48:55 | Epoch 022/060 | loss 1.4292 | cls 0.8100 | tal -0.1279 | dual_g 0.6575 | dual_d 1.0011 | train_acc 0.9958 | train_full n/a | val_acc 0.9917 | val_f1 0.9827 | adv/moduleC 1.00/1.00 | disc_steps 15 | grad(main/disc) 5.083/1.728 | lr(main/disc) 1.00e-04/3.20e-05 | cuda_peak(alloc/resv) 4.09/5.12GB | phase(train/val/raw/train_eval) 2.7/0.4/0.0/0.0s | 3.1s
2026-08-30 14:48:58 | Epoch 023/060 | loss 1.4203 | cls 0.8051 | tal -0.1267 | dual_g 0.6532 | dual_d 1.0373 | train_acc 1.0000 | train_full n/a | val_acc 0.9917 | val_f1 0.9827 | adv/moduleC 1.00/1.00 | disc_steps 15 | grad(main/disc) 4.290/1.752 | lr(main/disc) 1.00e-04/3.20e-05 | cuda_peak(alloc/resv) 4.09/5.12GB | phase(train/val/raw/train_eval) 2.6/0.4/0.0/0.0s | 3.0s
2026-08-30 14:49:01 | Epoch 024/060 | loss 1.4092 | cls 0.7946 | tal -0.1075 | dual_g 0.6468 | dual_d 1.0894 | train_acc 1.0000 | train_full n/a | val_acc 0.9750 | val_f1 0.9656 | adv/moduleC 1.00/1.00 | disc_steps 15 | grad(main/disc) 3.821/1.761 | lr(main/disc) 1.00e-04/3.20e-05 | cuda_peak(alloc/resv) 4.09/5.12GB | phase(train/val/raw/train_eval) 2.7/0.4/0.0/0.0s | 3.2s
2026-08-30 14:49:06 | Epoch 025/060 | loss 1.3842 | cls 0.7861 | tal -0.1378 | dual_g 0.6395 | dual_d 1.0442 | train_acc 0.9979 | train_full 0.9978 | val_acc 0.9750 | val_f1 0.9591 | adv/moduleC 1.00/1.00 | disc_steps 15 | grad(main/disc) 3.640/1.724 | lr(main/disc) 1.00e-04/3.20e-05 | cuda_peak(alloc/resv) 4.09/5.12GB | phase(train/val/raw/train_eval) 2.8/0.4/0.4/0.7s | 4.2s
2026-08-30 14:49:09 | Epoch 026/060 | loss 1.4170 | cls 0.7968 | tal -0.0798 | dual_g 0.6442 | dual_d 1.0272 | train_acc 0.9979 | train_full n/a | val_acc 0.9750 | val_f1 0.9618 | adv/moduleC 1.00/1.00 | disc_steps 15 | grad(main/disc) 4.358/1.693 | lr(main/disc) 1.00e-04/3.20e-05 | cuda_peak(alloc/resv) 4.09/5.12GB | phase(train/val/raw/train_eval) 2.8/0.4/0.0/0.0s | 3.1s
2026-08-30 14:49:12 | Epoch 027/060 | loss 1.3862 | cls 0.7897 | tal -0.1565 | dual_g 0.6434 | dual_d 1.0495 | train_acc 0.9979 | train_full n/a | val_acc 0.9917 | val_f1 0.9827 | adv/moduleC 1.00/1.00 | disc_steps 15 | grad(main/disc) 4.356/1.692 | lr(main/disc) 1.00e-04/3.20e-05 | cuda_peak(alloc/resv) 4.09/5.12GB | phase(train/val/raw/train_eval) 2.7/0.4/0.0/0.0s | 3.0s
2026-08-30 14:49:15 | Epoch 028/060 | loss 1.3836 | cls 0.7836 | tal -0.0949 | dual_g 0.6284 | dual_d 1.0024 | train_acc 1.0000 | train_full n/a | val_acc 0.9750 | val_f1 0.9554 | adv/moduleC 1.00/1.00 | disc_steps 15 | grad(main/disc) 3.658/1.654 | lr(main/disc) 1.00e-04/3.20e-05 | cuda_peak(alloc/resv) 4.09/5.12GB | phase(train/val/raw/train_eval) 2.8/0.4/0.0/0.0s | 3.1s
2026-08-30 14:49:18 | Epoch 029/060 | loss 1.3602 | cls 0.7791 | tal -0.1540 | dual_g 0.6273 | dual_d 0.9648 | train_acc 1.0000 | train_full n/a | val_acc 0.9917 | val_f1 0.9827 | adv/moduleC 1.00/1.00 | disc_steps 15 | grad(main/disc) 3.318/1.583 | lr(main/disc) 1.00e-04/3.20e-05 | cuda_peak(alloc/resv) 4.09/5.12GB | phase(train/val/raw/train_eval) 2.7/0.4/0.0/0.0s | 3.1s
2026-08-30 14:49:22 | Epoch 030/060 | loss 1.3754 | cls 0.7895 | tal -0.1287 | dual_g 0.6245 | dual_d 0.9998 | train_acc 0.9938 | train_full 1.0000 | val_acc 0.9833 | val_f1 0.9692 | adv/moduleC 1.00/1.00 | disc_steps 15 | grad(main/disc) 4.055/1.631 | lr(main/disc) 1.00e-04/3.20e-05 | cuda_peak(alloc/resv) 4.09/5.12GB | phase(train/val/raw/train_eval) 2.8/0.4/0.4/0.7s | 4.3s
2026-08-30 14:49:25 | Epoch 031/060 | loss 1.3222 | cls 0.7680 | tal -0.2208 | dual_g 0.6204 | dual_d 0.9807 | train_acc 1.0000 | train_full n/a | val_acc 0.9917 | val_f1 0.9827 | adv/moduleC 1.00/1.00 | disc_steps 15 | grad(main/disc) 2.899/1.607 | lr(main/disc) 1.00e-04/3.20e-05 | cuda_peak(alloc/resv) 4.09/5.12GB | phase(train/val/raw/train_eval) 2.5/0.4/0.0/0.0s | 2.9s
2026-08-30 14:49:28 | Epoch 032/060 | loss 1.3217 | cls 0.7776 | tal -0.2424 | dual_g 0.6168 | dual_d 0.9874 | train_acc 0.9958 | train_full n/a | val_acc 0.9833 | val_f1 0.9757 | adv/moduleC 1.00/1.00 | disc_steps 15 | grad(main/disc) 3.669/1.594 | lr(main/disc) 1.00e-04/3.20e-05 | cuda_peak(alloc/resv) 4.09/5.12GB | phase(train/val/raw/train_eval) 2.6/0.4/0.0/0.0s | 2.9s
2026-08-30 14:49:32 | Epoch 033/060 | loss 1.3224 | cls 0.7696 | tal -0.1970 | dual_g 0.6119 | dual_d 1.0049 | train_acc 0.9979 | train_full n/a | val_acc 0.9917 | val_f1 0.9827 | adv/moduleC 1.00/1.00 | disc_steps 15 | grad(main/disc) 3.394/1.633 | lr(main/disc) 1.00e-04/3.20e-05 | cuda_peak(alloc/resv) 4.09/5.12GB | phase(train/val/raw/train_eval) 2.7/0.4/0.4/0.0s | 3.4s
2026-08-30 14:49:34 | New best val_f1_macro_present: raw=0.9827 stable_score=0.9757 at epoch 33
2026-08-30 14:49:37 | Epoch 034/060 | loss 1.3057 | cls 0.7634 | tal -0.2225 | dual_g 0.6090 | dual_d 0.9816 | train_acc 1.0000 | train_full n/a | val_acc 0.9833 | val_f1 0.9757 | adv/moduleC 1.00/1.00 | disc_steps 15 | grad(main/disc) 2.784/1.557 | lr(main/disc) 1.00e-04/3.20e-05 | cuda_peak(alloc/resv) 4.09/5.12GB | phase(train/val/raw/train_eval) 2.7/0.4/0.0/0.0s | 3.0s
2026-08-30 14:49:41 | Epoch 035/060 | loss 1.2807 | cls 0.7631 | tal -0.3057 | dual_g 0.6094 | dual_d 0.9523 | train_acc 1.0000 | train_full 0.9978 | val_acc 0.9833 | val_f1 0.9757 | adv/moduleC 1.00/1.00 | disc_steps 15 | grad(main/disc) 2.664/1.517 | lr(main/disc) 1.00e-04/3.20e-05 | cuda_peak(alloc/resv) 4.09/5.12GB | phase(train/val/raw/train_eval) 2.7/0.4/0.4/0.7s | 4.1s
2026-08-30 14:49:44 | Epoch 036/060 | loss 1.2954 | cls 0.7652 | tal -0.2542 | dual_g 0.6064 | dual_d 0.9467 | train_acc 0.9979 | train_full n/a | val_acc 0.9917 | val_f1 0.9827 | adv/moduleC 1.00/1.00 | disc_steps 15 | grad(main/disc) 3.041/1.496 | lr(main/disc) 5.00e-05/1.60e-05 | cuda_peak(alloc/resv) 4.09/5.12GB | phase(train/val/raw/train_eval) 2.6/0.4/0.0/0.0s | 3.0s
2026-08-30 14:49:47 | Epoch 037/060 | loss 1.2892 | cls 0.7601 | tal -0.2267 | dual_g 0.5971 | dual_d 0.9536 | train_acc 0.9979 | train_full n/a | val_acc 0.9917 | val_f1 0.9827 | adv/moduleC 1.00/1.00 | disc_steps 15 | grad(main/disc) 2.478/1.517 | lr(main/disc) 5.00e-05/1.60e-05 | cuda_peak(alloc/resv) 4.09/5.12GB | phase(train/val/raw/train_eval) 2.8/0.4/0.0/0.0s | 3.2s
2026-08-30 14:49:51 | Epoch 038/060 | loss 1.2602 | cls 0.7485 | tal -0.2823 | dual_g 0.5965 | dual_d 0.9911 | train_acc 0.9979 | train_full n/a | val_acc 0.9917 | val_f1 0.9827 | adv/moduleC 1.00/1.00 | disc_steps 15 | grad(main/disc) 2.000/1.504 | lr(main/disc) 5.00e-05/1.60e-05 | cuda_peak(alloc/resv) 4.09/5.12GB | phase(train/val/raw/train_eval) 2.7/0.4/0.4/0.0s | 3.5s
2026-08-30 14:49:53 | New best val_f1_macro_present: raw=0.9827 stable_score=0.9827 at epoch 38
2026-08-30 14:49:56 | Epoch 039/060 | loss 1.2583 | cls 0.7521 | tal -0.2903 | dual_g 0.5933 | dual_d 0.9571 | train_acc 1.0000 | train_full n/a | val_acc 0.9917 | val_f1 0.9827 | adv/moduleC 1.00/1.00 | disc_steps 15 | grad(main/disc) 2.227/1.481 | lr(main/disc) 5.00e-05/1.60e-05 | cuda_peak(alloc/resv) 4.09/5.12GB | phase(train/val/raw/train_eval) 2.7/0.4/0.0/0.0s | 3.1s
2026-08-30 14:50:00 | Epoch 040/060 | loss 1.2478 | cls 0.7481 | tal -0.3080 | dual_g 0.5921 | dual_d 0.9619 | train_acc 1.0000 | train_full 1.0000 | val_acc 0.9917 | val_f1 0.9827 | adv/moduleC 1.00/1.00 | disc_steps 15 | grad(main/disc) 1.860/1.499 | lr(main/disc) 5.00e-05/1.60e-05 | cuda_peak(alloc/resv) 4.09/5.12GB | phase(train/val/raw/train_eval) 2.7/0.4/0.4/0.6s | 4.2s
2026-08-30 14:50:03 | Epoch 041/060 | loss 1.2503 | cls 0.7535 | tal -0.3264 | dual_g 0.5947 | dual_d 0.9436 | train_acc 1.0000 | train_full n/a | val_acc 0.9750 | val_f1 0.9656 | adv/moduleC 1.00/1.00 | disc_steps 15 | grad(main/disc) 2.404/1.461 | lr(main/disc) 5.00e-05/1.60e-05 | cuda_peak(alloc/resv) 4.09/5.12GB | phase(train/val/raw/train_eval) 2.9/0.4/0.0/0.0s | 3.2s
2026-08-30 14:50:06 | Epoch 042/060 | loss 1.2268 | cls 0.7460 | tal -0.3731 | dual_g 0.5928 | dual_d 0.9391 | train_acc 1.0000 | train_full n/a | val_acc 0.9833 | val_f1 0.9726 | adv/moduleC 1.00/1.00 | disc_steps 15 | grad(main/disc) 1.811/1.443 | lr(main/disc) 5.00e-05/1.60e-05 | cuda_peak(alloc/resv) 4.09/5.12GB | phase(train/val/raw/train_eval) 2.7/0.4/0.0/0.0s | 3.0s
2026-08-30 14:50:10 | Epoch 043/060 | loss 1.2341 | cls 0.7458 | tal -0.3453 | dual_g 0.5918 | dual_d 0.9412 | train_acc 0.9979 | train_full n/a | val_acc 0.9833 | val_f1 0.9757 | adv/moduleC 1.00/1.00 | disc_steps 15 | grad(main/disc) 1.877/1.447 | lr(main/disc) 5.00e-05/1.60e-05 | cuda_peak(alloc/resv) 4.09/5.12GB | phase(train/val/raw/train_eval) 2.9/0.4/0.0/0.0s | 3.2s
2026-08-30 14:50:12 | Epoch 044/060 | loss 1.2292 | cls 0.7510 | tal -0.3716 | dual_g 0.5897 | dual_d 0.9353 | train_acc 1.0000 | train_full n/a | val_acc 0.9833 | val_f1 0.9757 | adv/moduleC 1.00/1.00 | disc_steps 15 | grad(main/disc) 2.428/1.455 | lr(main/disc) 5.00e-05/1.60e-05 | cuda_peak(alloc/resv) 4.09/5.12GB | phase(train/val/raw/train_eval) 2.6/0.4/0.0/0.0s | 3.0s
2026-08-30 14:50:17 | Epoch 045/060 | loss 1.2370 | cls 0.7523 | tal -0.3575 | dual_g 0.5919 | dual_d 0.9131 | train_acc 1.0000 | train_full 1.0000 | val_acc 0.9833 | val_f1 0.9757 | adv/moduleC 1.00/1.00 | disc_steps 15 | grad(main/disc) 2.529/1.425 | lr(main/disc) 2.50e-05/8.00e-06 | cuda_peak(alloc/resv) 4.09/5.12GB | phase(train/val/raw/train_eval) 2.6/0.4/0.4/0.6s | 4.0s
2026-08-30 14:50:20 | Epoch 046/060 | loss 1.2178 | cls 0.7409 | tal -0.3732 | dual_g 0.5888 | dual_d 0.9579 | train_acc 1.0000 | train_full n/a | val_acc 0.9917 | val_f1 0.9827 | adv/moduleC 1.00/1.00 | disc_steps 15 | grad(main/disc) 1.774/1.444 | lr(main/disc) 2.50e-05/8.00e-06 | cuda_peak(alloc/resv) 4.09/5.12GB | phase(train/val/raw/train_eval) 2.7/0.4/0.0/0.0s | 3.1s
2026-08-30 14:50:23 | Epoch 047/060 | loss 1.2165 | cls 0.7427 | tal -0.3712 | dual_g 0.5851 | dual_d 0.8915 | train_acc 1.0000 | train_full n/a | val_acc 0.9917 | val_f1 0.9827 | adv/moduleC 1.00/1.00 | disc_steps 15 | grad(main/disc) 1.867/1.389 | lr(main/disc) 2.50e-05/8.00e-06 | cuda_peak(alloc/resv) 4.09/5.12GB | phase(train/val/raw/train_eval) 2.9/0.4/0.0/0.0s | 3.3s
2026-08-30 14:50:26 | Epoch 048/060 | loss 1.2172 | cls 0.7422 | tal -0.3592 | dual_g 0.5827 | dual_d 0.9106 | train_acc 1.0000 | train_full n/a | val_acc 0.9917 | val_f1 0.9827 | adv/moduleC 1.00/1.00 | disc_steps 15 | grad(main/disc) 1.816/1.405 | lr(main/disc) 2.50e-05/8.00e-06 | cuda_peak(alloc/resv) 4.09/5.12GB | phase(train/val/raw/train_eval) 2.7/0.4/0.0/0.0s | 3.1s
2026-08-30 14:50:29 | Epoch 049/060 | loss 1.2191 | cls 0.7486 | tal -0.3795 | dual_g 0.5844 | dual_d 0.9322 | train_acc 1.0000 | train_full n/a | val_acc 0.9833 | val_f1 0.9757 | adv/moduleC 1.00/1.00 | disc_steps 15 | grad(main/disc) 2.171/1.425 | lr(main/disc) 2.50e-05/8.00e-06 | cuda_peak(alloc/resv) 4.09/5.12GB | phase(train/val/raw/train_eval) 2.8/0.4/0.0/0.0s | 3.1s
2026-08-30 14:50:33 | Epoch 050/060 | loss 1.2357 | cls 0.7403 | tal -0.3028 | dual_g 0.5863 | dual_d 0.9213 | train_acc 1.0000 | train_full 1.0000 | val_acc 0.9917 | val_f1 0.9827 | adv/moduleC 1.00/1.00 | disc_steps 15 | grad(main/disc) 1.801/1.419 | lr(main/disc) 2.50e-05/8.00e-06 | cuda_peak(alloc/resv) 4.09/5.12GB | phase(train/val/raw/train_eval) 2.8/0.4/0.4/0.6s | 4.2s
2026-08-30 14:50:36 | Epoch 051/060 | loss 1.2303 | cls 0.7434 | tal -0.3315 | dual_g 0.5863 | dual_d 0.9108 | train_acc 1.0000 | train_full n/a | val_acc 0.9917 | val_f1 0.9827 | adv/moduleC 1.00/1.00 | disc_steps 15 | grad(main/disc) 1.881/1.406 | lr(main/disc) 2.50e-05/8.00e-06 | cuda_peak(alloc/resv) 4.09/5.12GB | phase(train/val/raw/train_eval) 2.7/0.4/0.0/0.0s | 3.1s
2026-08-30 14:50:39 | Epoch 052/060 | loss 1.2037 | cls 0.7398 | tal -0.3862 | dual_g 0.5797 | dual_d 0.9033 | train_acc 1.0000 | train_full n/a | val_acc 0.9833 | val_f1 0.9757 | adv/moduleC 1.00/1.00 | disc_steps 15 | grad(main/disc) 1.564/1.415 | lr(main/disc) 2.50e-05/8.00e-06 | cuda_peak(alloc/resv) 4.09/5.12GB | phase(train/val/raw/train_eval) 2.6/0.4/0.0/0.0s | 3.0s
2026-08-30 14:50:42 | Epoch 053/060 | loss 1.2189 | cls 0.7400 | tal -0.3503 | dual_g 0.5840 | dual_d 0.9004 | train_acc 1.0000 | train_full n/a | val_acc 0.9917 | val_f1 0.9827 | adv/moduleC 1.00/1.00 | disc_steps 15 | grad(main/disc) 1.649/1.402 | lr(main/disc) 2.50e-05/8.00e-06 | cuda_peak(alloc/resv) 4.09/5.12GB | phase(train/val/raw/train_eval) 2.7/0.4/0.0/0.0s | 3.0s
2026-08-30 14:50:42 | Early stopping at epoch 53 after 15 epochs without val_f1_macro_present improvement.
2026-08-30 14:50:42 | Training complete. Peak validation accuracy: 0.9917 | selected val_f1_macro_present: 0.9827
2026-08-30 14:50:42 | Starting Dual_D standalone training
2026-08-30 14:50:42 | Run directory: runs/module_c_v10_full_gate/module_c_20260830_144405/module_c_full_黑天_20260830_144406
2026-08-30 14:50:42 | Device: cuda
2026-08-30 14:50:42 | Source train samples: 992
2026-08-30 14:50:42 | Target train samples: 465
2026-08-30 14:50:42 | Target val samples: 120
2026-08-30 14:50:42 | Classes: 14
2026-08-30 14:50:42 | Data audit: same_dir=False | path_overlap(vis/ir/ais)=0/0/0 | content_overlap(vis/ir/ais)=0/0/0 | ais_index_overlap=0 | stem_mismatch(vis-ir/vis-ais)=578/0
2026-08-30 14:50:42 | source_train classes: present 14/14 | absent 0 | counts [0:120, 1:44, 2:69, 3:45, 4:40, 5:30, 6:64, 7:80, 8:116, 9:68, 10:57, 11:83, 12:48, 13:128]
2026-08-30 14:50:42 | target_train classes: present 8/14 | absent 6 | counts [0:100, 2:11, 3:16, 6:89, 9:162, 10:12, 11:44, 13:31]
2026-08-30 14:50:42 | target_val classes: present 8/14 | absent 6 | counts [0:26, 2:3, 3:5, 6:23, 9:41, 10:3, 11:11, 13:8]
2026-08-30 14:50:42 | Paired training classes: 8/14 | class ids [0, 2, 3, 6, 9, 10, 11, 13]
2026-08-30 14:50:42 | Runtime profile: batch=16 | paired_steps=30 | workers=16 | train_eval_every=5 | raw_eval_every=5 | stability_window=3 | lr_scheduler_start=24 | early_stop=15 after min_epoch=50
2026-08-30 14:50:42 | Augmentation profile: base=0.500 | visible=0.500 | infrared=0.500 | freeze_frozen_batch_norm_stats=True
2026-08-30 14:50:42 | VIS/IR pairing: class-level-unpaired | count-mismatch classes train/val: 10/0 | AIS alignment: none | AIS rows train/val: 0/0
2026-08-30 14:50:43 | Effective Dual-D loss weights: {"adv_auxiliary": 0.025, "adv_primary": 0.025, "classification": 0.65, "contrastive": 0.055, "cycle": 0.12, "identity": 0.025, "prototype_contrastive": 0.025}
2026-08-30 14:50:43 | Model parameters: total=17277714 | trainable=17120210
Starting run 3/9: domain=黑天, iteration=3, seed=44
2026-08-30 14:50:48 | Epoch 001/060 | loss 4.6367 | cls 4.5786 | tal 0.1938 | dual_g 0.0000 | dual_d 0.0000 | train_acc 0.2271 | train_full 0.2000 | val_acc 0.2083 | val_f1 0.2836 | adv/moduleC 0.00/0.00 | disc_steps 0 | grad(main/disc) 25.506/0.000 | lr(main/disc) 1.00e-04/3.20e-05 | cuda_peak(alloc/resv) 4.09/5.12GB | phase(train/val/raw/train_eval) 2.8/0.4/0.4/0.7s | 4.2s
2026-08-30 14:50:51 | Epoch 002/060 | loss 3.1227 | cls 3.0708 | tal 0.1729 | dual_g 0.0000 | dual_d 0.0000 | train_acc 0.4958 | train_full n/a | val_acc 0.6250 | val_f1 0.6281 | adv/moduleC 0.00/0.00 | disc_steps 0 | grad(main/disc) 20.029/0.000 | lr(main/disc) 1.00e-04/3.20e-05 | cuda_peak(alloc/resv) 4.09/5.12GB | phase(train/val/raw/train_eval) 2.6/0.4/0.0/0.0s | 3.0s
2026-08-30 14:50:54 | Epoch 003/060 | loss 2.4448 | cls 2.4109 | tal 0.1131 | dual_g 0.0000 | dual_d 0.0000 | train_acc 0.6813 | train_full n/a | val_acc 0.5417 | val_f1 0.5967 | adv/moduleC 0.00/0.00 | disc_steps 0 | grad(main/disc) 18.982/0.000 | lr(main/disc) 1.00e-04/3.20e-05 | cuda_peak(alloc/resv) 4.09/5.12GB | phase(train/val/raw/train_eval) 2.6/0.4/0.4/0.0s | 3.3s
2026-08-30 14:50:56 | New best val_f1_macro_present: raw=0.5967 stable_score=0.2836 at epoch 3
2026-08-30 14:50:59 | Epoch 004/060 | loss 2.2368 | cls 1.9864 | tal 0.1530 | dual_g 0.2045 | dual_d 0.0000 | train_acc 0.7625 | train_full n/a | val_acc 0.7667 | val_f1 0.7260 | adv/moduleC 0.00/0.12 | disc_steps 0 | grad(main/disc) 18.350/0.000 | lr(main/disc) 1.00e-04/3.20e-05 | cuda_peak(alloc/resv) 4.09/5.12GB | phase(train/val/raw/train_eval) 2.6/0.4/0.4/0.0s | 3.4s
2026-08-30 14:51:02 | New best val_f1_macro_present: raw=0.7260 stable_score=0.5967 at epoch 4
2026-08-30 14:51:06 | Epoch 005/060 | loss 1.9976 | cls 1.6512 | tal 0.0362 | dual_g 0.3355 | dual_d 0.0000 | train_acc 0.8229 | train_full 0.8559 | val_acc 0.8500 | val_f1 0.8146 | adv/moduleC 0.00/0.25 | disc_steps 0 | grad(main/disc) 16.477/0.000 | lr(main/disc) 1.00e-04/3.20e-05 | cuda_peak(alloc/resv) 4.09/5.12GB | phase(train/val/raw/train_eval) 2.7/0.4/0.4/0.6s | 4.1s
2026-08-30 14:51:09 | Epoch 006/060 | loss 1.7743 | cls 1.3507 | tal -0.0046 | dual_g 0.4250 | dual_d 0.8808 | train_acc 0.9146 | train_full n/a | val_acc 0.8333 | val_f1 0.8193 | adv/moduleC 0.07/0.38 | disc_steps 15 | grad(main/disc) 14.027/1.937 | lr(main/disc) 1.00e-04/3.20e-05 | cuda_peak(alloc/resv) 4.09/5.12GB | phase(train/val/raw/train_eval) 2.7/0.4/0.4/0.0s | 3.4s
2026-08-30 14:51:12 | New best val_f1_macro_present: raw=0.8193 stable_score=0.7260 at epoch 6
2026-08-30 14:51:15 | Epoch 007/060 | loss 1.8827 | cls 1.3324 | tal 0.0210 | dual_g 0.5440 | dual_d 0.8033 | train_acc 0.9333 | train_full n/a | val_acc 0.9250 | val_f1 0.8961 | adv/moduleC 0.13/0.50 | disc_steps 15 | grad(main/disc) 16.401/1.794 | lr(main/disc) 1.00e-04/3.20e-05 | cuda_peak(alloc/resv) 4.09/5.12GB | phase(train/val/raw/train_eval) 2.7/0.4/0.4/0.0s | 3.4s
2026-08-30 14:51:17 | New best val_f1_macro_present: raw=0.8961 stable_score=0.8146 at epoch 7
2026-08-30 14:51:20 | Epoch 008/060 | loss 1.8753 | cls 1.2303 | tal 0.1050 | dual_g 0.6136 | dual_d 0.8220 | train_acc 0.9250 | train_full n/a | val_acc 0.9333 | val_f1 0.9280 | adv/moduleC 0.20/0.62 | disc_steps 15 | grad(main/disc) 14.377/1.814 | lr(main/disc) 1.00e-04/3.20e-05 | cuda_peak(alloc/resv) 4.09/5.12GB | phase(train/val/raw/train_eval) 2.6/0.4/0.4/0.0s | 3.3s
2026-08-30 14:51:23 | New best val_f1_macro_present: raw=0.9280 stable_score=0.8193 at epoch 8
2026-08-30 14:51:26 | Epoch 009/060 | loss 1.6956 | cls 1.0450 | tal -0.0273 | dual_g 0.6588 | dual_d 0.7909 | train_acc 0.9542 | train_full n/a | val_acc 0.9750 | val_f1 0.9634 | adv/moduleC 0.27/0.75 | disc_steps 15 | grad(main/disc) 11.696/1.756 | lr(main/disc) 1.00e-04/3.20e-05 | cuda_peak(alloc/resv) 4.09/5.12GB | phase(train/val/raw/train_eval) 2.6/0.4/0.4/0.0s | 3.3s
2026-08-30 14:51:28 | New best val_f1_macro_present: raw=0.9634 stable_score=0.8961 at epoch 9
2026-08-30 14:51:32 | Epoch 010/060 | loss 1.7641 | cls 1.0318 | tal -0.0391 | dual_g 0.7440 | dual_d 0.7694 | train_acc 0.9646 | train_full 0.9634 | val_acc 0.9250 | val_f1 0.9087 | adv/moduleC 0.33/0.88 | disc_steps 15 | grad(main/disc) 12.764/1.690 | lr(main/disc) 1.00e-04/3.20e-05 | cuda_peak(alloc/resv) 4.09/5.12GB | phase(train/val/raw/train_eval) 2.6/0.4/0.4/0.7s | 4.1s
2026-08-30 14:51:34 | New best val_f1_macro_present: raw=0.9087 stable_score=0.9087 at epoch 10
2026-08-30 14:51:37 | Epoch 011/060 | loss 1.7598 | cls 0.9545 | tal 0.0019 | dual_g 0.8047 | dual_d 0.7664 | train_acc 0.9812 | train_full n/a | val_acc 0.9667 | val_f1 0.9569 | adv/moduleC 0.40/1.00 | disc_steps 15 | grad(main/disc) 11.190/1.662 | lr(main/disc) 1.00e-04/3.20e-05 | cuda_peak(alloc/resv) 4.09/5.12GB | phase(train/val/raw/train_eval) 2.6/0.4/0.0/0.0s | 3.0s
2026-08-30 14:51:40 | Epoch 012/060 | loss 1.7239 | cls 0.9454 | tal 0.0038 | dual_g 0.7774 | dual_d 0.7479 | train_acc 0.9792 | train_full n/a | val_acc 0.9750 | val_f1 0.9585 | adv/moduleC 0.47/1.00 | disc_steps 15 | grad(main/disc) 11.654/1.624 | lr(main/disc) 1.00e-04/3.20e-05 | cuda_peak(alloc/resv) 4.09/5.12GB | phase(train/val/raw/train_eval) 2.7/0.4/0.0/0.0s | 3.1s
2026-08-30 14:51:44 | Epoch 013/060 | loss 1.6620 | cls 0.9044 | tal 0.0201 | dual_g 0.7515 | dual_d 0.7415 | train_acc 0.9792 | train_full n/a | val_acc 0.9833 | val_f1 0.9714 | adv/moduleC 0.53/1.00 | disc_steps 15 | grad(main/disc) 9.147/1.623 | lr(main/disc) 1.00e-04/3.20e-05 | cuda_peak(alloc/resv) 4.09/5.12GB | phase(train/val/raw/train_eval) 2.5/0.4/0.4/0.0s | 3.3s
2026-08-30 14:51:46 | New best val_f1_macro_present: raw=0.9714 stable_score=0.9569 at epoch 13
2026-08-30 14:51:49 | Epoch 014/060 | loss 1.5858 | cls 0.8929 | tal -0.1061 | dual_g 0.7247 | dual_d 0.7892 | train_acc 0.9833 | train_full n/a | val_acc 0.9583 | val_f1 0.9440 | adv/moduleC 0.60/1.00 | disc_steps 15 | grad(main/disc) 8.730/1.653 | lr(main/disc) 1.00e-04/3.20e-05 | cuda_peak(alloc/resv) 4.09/5.12GB | phase(train/val/raw/train_eval) 2.7/0.4/0.0/0.0s | 3.1s
2026-08-30 14:51:53 | Epoch 015/060 | loss 1.5687 | cls 0.8855 | tal -0.0957 | dual_g 0.7119 | dual_d 0.8326 | train_acc 0.9812 | train_full 0.9914 | val_acc 0.9833 | val_f1 0.9847 | adv/moduleC 0.67/1.00 | disc_steps 15 | grad(main/disc) 8.418/1.730 | lr(main/disc) 1.00e-04/3.20e-05 | cuda_peak(alloc/resv) 4.09/5.12GB | phase(train/val/raw/train_eval) 2.6/0.4/0.4/0.7s | 4.0s
2026-08-30 14:51:56 | Epoch 016/060 | loss 1.5837 | cls 0.8748 | tal -0.0776 | dual_g 0.7323 | dual_d 0.8710 | train_acc 0.9958 | train_full n/a | val_acc 0.9750 | val_f1 0.9749 | adv/moduleC 0.73/1.00 | disc_steps 15 | grad(main/disc) 9.438/1.729 | lr(main/disc) 1.00e-04/3.20e-05 | cuda_peak(alloc/resv) 4.09/5.12GB | phase(train/val/raw/train_eval) 2.6/0.4/0.0/0.0s | 3.0s
2026-08-30 14:51:59 | Epoch 017/060 | loss 1.4715 | cls 0.8190 | tal -0.1160 | dual_g 0.6873 | dual_d 0.8469 | train_acc 1.0000 | train_full n/a | val_acc 0.9667 | val_f1 0.9515 | adv/moduleC 0.80/1.00 | disc_steps 15 | grad(main/disc) 5.435/1.669 | lr(main/disc) 1.00e-04/3.20e-05 | cuda_peak(alloc/resv) 4.09/5.12GB | phase(train/val/raw/train_eval) 2.6/0.4/0.0/0.0s | 3.0s
2026-08-30 14:52:02 | Epoch 018/060 | loss 1.4774 | cls 0.8544 | tal -0.1986 | dual_g 0.6826 | dual_d 0.9278 | train_acc 0.9875 | train_full n/a | val_acc 0.9667 | val_f1 0.9444 | adv/moduleC 0.87/1.00 | disc_steps 15 | grad(main/disc) 6.722/1.782 | lr(main/disc) 1.00e-04/3.20e-05 | cuda_peak(alloc/resv) 4.09/5.12GB | phase(train/val/raw/train_eval) 2.6/0.4/0.0/0.0s | 3.0s
2026-08-30 14:52:05 | Epoch 019/060 | loss 1.4285 | cls 0.8269 | tal -0.2098 | dual_g 0.6646 | dual_d 0.9610 | train_acc 0.9917 | train_full n/a | val_acc 0.9750 | val_f1 0.9644 | adv/moduleC 0.93/1.00 | disc_steps 15 | grad(main/disc) 5.138/1.795 | lr(main/disc) 1.00e-04/3.20e-05 | cuda_peak(alloc/resv) 4.09/5.12GB | phase(train/val/raw/train_eval) 2.6/0.4/0.0/0.0s | 3.0s
2026-08-30 14:52:09 | Epoch 020/060 | loss 1.4322 | cls 0.8138 | tal -0.1680 | dual_g 0.6688 | dual_d 1.0252 | train_acc 0.9979 | train_full 1.0000 | val_acc 0.9750 | val_f1 0.9554 | adv/moduleC 1.00/1.00 | disc_steps 15 | grad(main/disc) 4.901/1.866 | lr(main/disc) 1.00e-04/3.20e-05 | cuda_peak(alloc/resv) 4.09/5.12GB | phase(train/val/raw/train_eval) 2.9/0.4/0.4/0.7s | 4.3s
2026-08-30 14:52:12 | Epoch 021/060 | loss 1.4089 | cls 0.7994 | tal -0.1713 | dual_g 0.6609 | dual_d 1.0186 | train_acc 1.0000 | train_full n/a | val_acc 0.9833 | val_f1 0.9714 | adv/moduleC 1.00/1.00 | disc_steps 15 | grad(main/disc) 4.599/1.825 | lr(main/disc) 1.00e-04/3.20e-05 | cuda_peak(alloc/resv) 4.09/5.12GB | phase(train/val/raw/train_eval) 2.7/0.4/0.0/0.0s | 3.1s
2026-08-30 14:52:15 | Epoch 022/060 | loss 1.4219 | cls 0.8174 | tal -0.1945 | dual_g 0.6629 | dual_d 0.9548 | train_acc 0.9979 | train_full n/a | val_acc 0.9833 | val_f1 0.9757 | adv/moduleC 1.00/1.00 | disc_steps 15 | grad(main/disc) 5.356/1.725 | lr(main/disc) 1.00e-04/3.20e-05 | cuda_peak(alloc/resv) 4.09/5.12GB | phase(train/val/raw/train_eval) 2.6/0.4/0.0/0.0s | 3.0s
2026-08-30 14:52:19 | Epoch 023/060 | loss 1.4101 | cls 0.8120 | tal -0.1967 | dual_g 0.6572 | dual_d 1.0102 | train_acc 0.9979 | train_full n/a | val_acc 0.9833 | val_f1 0.9847 | adv/moduleC 1.00/1.00 | disc_steps 15 | grad(main/disc) 5.435/1.778 | lr(main/disc) 1.00e-04/3.20e-05 | cuda_peak(alloc/resv) 4.09/5.12GB | phase(train/val/raw/train_eval) 3.0/0.4/0.4/0.0s | 3.8s
2026-08-30 14:52:21 | New best val_f1_macro_present: raw=0.9847 stable_score=0.9714 at epoch 23
2026-08-30 14:52:24 | Epoch 024/060 | loss 1.3878 | cls 0.7930 | tal -0.1698 | dual_g 0.6457 | dual_d 0.9655 | train_acc 0.9958 | train_full n/a | val_acc 0.9750 | val_f1 0.9683 | adv/moduleC 1.00/1.00 | disc_steps 15 | grad(main/disc) 4.710/1.708 | lr(main/disc) 1.00e-04/3.20e-05 | cuda_peak(alloc/resv) 4.09/5.12GB | phase(train/val/raw/train_eval) 2.8/0.4/0.0/0.0s | 3.2s
2026-08-30 14:52:28 | Epoch 025/060 | loss 1.4192 | cls 0.8069 | tal -0.1542 | dual_g 0.6586 | dual_d 0.9275 | train_acc 0.9938 | train_full 1.0000 | val_acc 0.9833 | val_f1 0.9847 | adv/moduleC 1.00/1.00 | disc_steps 15 | grad(main/disc) 4.704/1.677 | lr(main/disc) 1.00e-04/3.20e-05 | cuda_peak(alloc/resv) 4.09/5.12GB | phase(train/val/raw/train_eval) 2.7/0.4/0.4/0.6s | 4.1s
2026-08-30 14:52:31 | Epoch 026/060 | loss 1.3510 | cls 0.7875 | tal -0.2625 | dual_g 0.6422 | dual_d 0.9319 | train_acc 1.0000 | train_full n/a | val_acc 0.9833 | val_f1 0.9847 | adv/moduleC 1.00/1.00 | disc_steps 15 | grad(main/disc) 4.169/1.663 | lr(main/disc) 1.00e-04/3.20e-05 | cuda_peak(alloc/resv) 4.09/5.12GB | phase(train/val/raw/train_eval) 2.7/0.4/0.0/0.0s | 3.1s
2026-08-30 14:52:35 | Epoch 027/060 | loss 1.3602 | cls 0.7908 | tal -0.2507 | dual_g 0.6447 | dual_d 0.9792 | train_acc 1.0000 | train_full n/a | val_acc 0.9833 | val_f1 0.9847 | adv/moduleC 1.00/1.00 | disc_steps 15 | grad(main/disc) 4.310/1.671 | lr(main/disc) 1.00e-04/3.20e-05 | cuda_peak(alloc/resv) 4.09/5.12GB | phase(train/val/raw/train_eval) 2.6/0.4/0.4/0.0s | 3.4s
2026-08-30 14:52:37 | New best val_f1_macro_present: raw=0.9847 stable_score=0.9847 at epoch 27
2026-08-30 14:52:40 | Epoch 028/060 | loss 1.3261 | cls 0.7695 | tal -0.2173 | dual_g 0.6218 | dual_d 0.9630 | train_acc 1.0000 | train_full n/a | val_acc 0.9833 | val_f1 0.9757 | adv/moduleC 1.00/1.00 | disc_steps 15 | grad(main/disc) 2.604/1.661 | lr(main/disc) 1.00e-04/3.20e-05 | cuda_peak(alloc/resv) 4.09/5.12GB | phase(train/val/raw/train_eval) 2.6/0.4/0.0/0.0s | 3.0s
2026-08-30 14:52:43 | Epoch 029/060 | loss 1.3290 | cls 0.7791 | tal -0.2522 | dual_g 0.6256 | dual_d 0.9401 | train_acc 0.9979 | train_full n/a | val_acc 0.9833 | val_f1 0.9847 | adv/moduleC 1.00/1.00 | disc_steps 15 | grad(main/disc) 3.243/1.620 | lr(main/disc) 1.00e-04/3.20e-05 | cuda_peak(alloc/resv) 4.09/5.12GB | phase(train/val/raw/train_eval) 2.6/0.4/0.0/0.0s | 3.0s
2026-08-30 14:52:47 | Epoch 030/060 | loss 1.3130 | cls 0.7703 | tal -0.2746 | dual_g 0.6251 | dual_d 0.9071 | train_acc 1.0000 | train_full 1.0000 | val_acc 0.9917 | val_f1 0.9917 | adv/moduleC 1.00/1.00 | disc_steps 15 | grad(main/disc) 3.563/1.545 | lr(main/disc) 1.00e-04/3.20e-05 | cuda_peak(alloc/resv) 4.09/5.12GB | phase(train/val/raw/train_eval) 2.5/0.4/0.4/0.6s | 3.9s
2026-08-30 14:52:50 | Epoch 031/060 | loss 1.3169 | cls 0.7688 | tal -0.2411 | dual_g 0.6204 | dual_d 0.9468 | train_acc 0.9979 | train_full n/a | val_acc 0.9917 | val_f1 0.9917 | adv/moduleC 1.00/1.00 | disc_steps 15 | grad(main/disc) 3.392/1.593 | lr(main/disc) 1.00e-04/3.20e-05 | cuda_peak(alloc/resv) 4.09/5.12GB | phase(train/val/raw/train_eval) 2.7/0.4/0.0/0.0s | 3.0s
2026-08-30 14:52:53 | Epoch 032/060 | loss 1.3339 | cls 0.7750 | tal -0.1913 | dual_g 0.6162 | dual_d 0.9150 | train_acc 0.9938 | train_full n/a | val_acc 0.9833 | val_f1 0.9847 | adv/moduleC 1.00/1.00 | disc_steps 15 | grad(main/disc) 4.287/1.565 | lr(main/disc) 1.00e-04/3.20e-05 | cuda_peak(alloc/resv) 4.09/5.12GB | phase(train/val/raw/train_eval) 2.6/0.4/0.0/0.0s | 3.0s
2026-08-30 14:52:56 | Epoch 033/060 | loss 1.3568 | cls 0.7621 | tal -0.0569 | dual_g 0.6118 | dual_d 0.9424 | train_acc 0.9979 | train_full n/a | val_acc 0.9833 | val_f1 0.9847 | adv/moduleC 1.00/1.00 | disc_steps 15 | grad(main/disc) 3.001/1.569 | lr(main/disc) 1.00e-04/3.20e-05 | cuda_peak(alloc/resv) 4.09/5.12GB | phase(train/val/raw/train_eval) 2.7/0.4/0.0/0.0s | 3.1s
2026-08-30 14:52:59 | Epoch 034/060 | loss 1.3361 | cls 0.7608 | tal -0.1314 | dual_g 0.6147 | dual_d 0.9618 | train_acc 1.0000 | train_full n/a | val_acc 0.9917 | val_f1 0.9917 | adv/moduleC 1.00/1.00 | disc_steps 15 | grad(main/disc) 2.747/1.595 | lr(main/disc) 1.00e-04/3.20e-05 | cuda_peak(alloc/resv) 4.09/5.12GB | phase(train/val/raw/train_eval) 2.9/0.4/0.0/0.0s | 3.2s
2026-08-30 14:53:03 | Epoch 035/060 | loss 1.3170 | cls 0.7534 | tal -0.1403 | dual_g 0.6058 | dual_d 0.9068 | train_acc 1.0000 | train_full 1.0000 | val_acc 0.9917 | val_f1 0.9917 | adv/moduleC 1.00/1.00 | disc_steps 15 | grad(main/disc) 2.509/1.532 | lr(main/disc) 1.00e-04/3.20e-05 | cuda_peak(alloc/resv) 4.09/5.12GB | phase(train/val/raw/train_eval) 2.6/0.4/0.4/0.7s | 4.0s
2026-08-30 14:53:07 | Epoch 036/060 | loss 1.2799 | cls 0.7510 | tal -0.2336 | dual_g 0.5990 | dual_d 0.9151 | train_acc 1.0000 | train_full n/a | val_acc 0.9917 | val_f1 0.9917 | adv/moduleC 1.00/1.00 | disc_steps 15 | grad(main/disc) 2.119/1.505 | lr(main/disc) 1.00e-04/3.20e-05 | cuda_peak(alloc/resv) 4.09/5.12GB | phase(train/val/raw/train_eval) 2.5/0.4/0.4/0.0s | 3.3s
2026-08-30 14:53:09 | New best val_f1_macro_present: raw=0.9917 stable_score=0.9917 at epoch 36
2026-08-30 14:53:12 | Epoch 037/060 | loss 1.2963 | cls 0.7582 | tal -0.2141 | dual_g 0.6023 | dual_d 0.9042 | train_acc 0.9979 | train_full n/a | val_acc 0.9833 | val_f1 0.9714 | adv/moduleC 1.00/1.00 | disc_steps 15 | grad(main/disc) 2.683/1.472 | lr(main/disc) 1.00e-04/3.20e-05 | cuda_peak(alloc/resv) 4.09/5.12GB | phase(train/val/raw/train_eval) 2.7/0.4/0.0/0.0s | 3.1s
2026-08-30 14:53:15 | Epoch 038/060 | loss 1.2858 | cls 0.7507 | tal -0.2373 | dual_g 0.6063 | dual_d 0.8899 | train_acc 1.0000 | train_full n/a | val_acc 0.9833 | val_f1 0.9847 | adv/moduleC 1.00/1.00 | disc_steps 15 | grad(main/disc) 2.482/1.424 | lr(main/disc) 1.00e-04/3.20e-05 | cuda_peak(alloc/resv) 4.09/5.12GB | phase(train/val/raw/train_eval) 2.8/0.4/0.0/0.0s | 3.1s
2026-08-30 14:53:18 | Epoch 039/060 | loss 1.2541 | cls 0.7430 | tal -0.2978 | dual_g 0.6005 | dual_d 0.8778 | train_acc 1.0000 | train_full n/a | val_acc 0.9833 | val_f1 0.9757 | adv/moduleC 1.00/1.00 | disc_steps 15 | grad(main/disc) 2.238/1.401 | lr(main/disc) 5.00e-05/1.60e-05 | cuda_peak(alloc/resv) 4.09/5.12GB | phase(train/val/raw/train_eval) 2.7/0.4/0.0/0.0s | 3.0s
2026-08-30 14:53:22 | Epoch 040/060 | loss 1.2657 | cls 0.7591 | tal -0.3058 | dual_g 0.5983 | dual_d 0.8835 | train_acc 0.9979 | train_full 1.0000 | val_acc 0.9833 | val_f1 0.9847 | adv/moduleC 1.00/1.00 | disc_steps 15 | grad(main/disc) 2.469/1.418 | lr(main/disc) 5.00e-05/1.60e-05 | cuda_peak(alloc/resv) 4.09/5.12GB | phase(train/val/raw/train_eval) 2.7/0.4/0.4/0.7s | 4.1s
2026-08-30 14:53:25 | Epoch 041/060 | loss 1.2538 | cls 0.7445 | tal -0.2766 | dual_g 0.5923 | dual_d 0.8719 | train_acc 1.0000 | train_full n/a | val_acc 0.9833 | val_f1 0.9847 | adv/moduleC 1.00/1.00 | disc_steps 15 | grad(main/disc) 2.108/1.407 | lr(main/disc) 5.00e-05/1.60e-05 | cuda_peak(alloc/resv) 4.09/5.12GB | phase(train/val/raw/train_eval) 2.6/0.4/0.0/0.0s | 3.0s
2026-08-30 14:53:28 | Epoch 042/060 | loss 1.2508 | cls 0.7466 | tal -0.2926 | dual_g 0.5920 | dual_d 0.8741 | train_acc 0.9979 | train_full n/a | val_acc 0.9833 | val_f1 0.9847 | adv/moduleC 1.00/1.00 | disc_steps 15 | grad(main/disc) 1.904/1.402 | lr(main/disc) 5.00e-05/1.60e-05 | cuda_peak(alloc/resv) 4.09/5.12GB | phase(train/val/raw/train_eval) 2.7/0.4/0.0/0.0s | 3.1s
2026-08-30 14:53:31 | Epoch 043/060 | loss 1.2707 | cls 0.7598 | tal -0.3061 | dual_g 0.6027 | dual_d 0.9170 | train_acc 0.9979 | train_full n/a | val_acc 0.9917 | val_f1 0.9917 | adv/moduleC 1.00/1.00 | disc_steps 15 | grad(main/disc) 3.203/1.440 | lr(main/disc) 5.00e-05/1.60e-05 | cuda_peak(alloc/resv) 4.09/5.12GB | phase(train/val/raw/train_eval) 2.7/0.4/0.0/0.0s | 3.0s
2026-08-30 14:53:34 | Epoch 044/060 | loss 1.2441 | cls 0.7381 | tal -0.2770 | dual_g 0.5891 | dual_d 0.9223 | train_acc 1.0000 | train_full n/a | val_acc 0.9917 | val_f1 0.9917 | adv/moduleC 1.00/1.00 | disc_steps 15 | grad(main/disc) 1.832/1.481 | lr(main/disc) 5.00e-05/1.60e-05 | cuda_peak(alloc/resv) 4.09/5.12GB | phase(train/val/raw/train_eval) 2.7/0.4/0.0/0.0s | 3.1s
2026-08-30 14:53:38 | Epoch 045/060 | loss 1.2404 | cls 0.7483 | tal -0.3361 | dual_g 0.5929 | dual_d 0.9106 | train_acc 1.0000 | train_full 1.0000 | val_acc 0.9917 | val_f1 0.9917 | adv/moduleC 1.00/1.00 | disc_steps 15 | grad(main/disc) 2.361/1.448 | lr(main/disc) 5.00e-05/1.60e-05 | cuda_peak(alloc/resv) 4.09/5.12GB | phase(train/val/raw/train_eval) 2.6/0.4/0.4/0.7s | 4.0s
2026-08-30 14:53:41 | Epoch 046/060 | loss 1.2252 | cls 0.7441 | tal -0.3711 | dual_g 0.5925 | dual_d 0.8835 | train_acc 0.9979 | train_full n/a | val_acc 0.9833 | val_f1 0.9847 | adv/moduleC 1.00/1.00 | disc_steps 15 | grad(main/disc) 2.406/1.424 | lr(main/disc) 5.00e-05/1.60e-05 | cuda_peak(alloc/resv) 4.09/5.12GB | phase(train/val/raw/train_eval) 2.8/0.4/0.0/0.0s | 3.1s
2026-08-30 14:53:44 | Epoch 047/060 | loss 1.2205 | cls 0.7381 | tal -0.3439 | dual_g 0.5855 | dual_d 0.8864 | train_acc 1.0000 | train_full n/a | val_acc 0.9917 | val_f1 0.9917 | adv/moduleC 1.00/1.00 | disc_steps 15 | grad(main/disc) 1.542/1.406 | lr(main/disc) 5.00e-05/1.60e-05 | cuda_peak(alloc/resv) 4.09/5.12GB | phase(train/val/raw/train_eval) 2.7/0.4/0.0/0.0s | 3.1s
2026-08-30 14:53:48 | Epoch 048/060 | loss 1.2263 | cls 0.7420 | tal -0.3366 | dual_g 0.5852 | dual_d 0.8749 | train_acc 1.0000 | train_full n/a | val_acc 0.9917 | val_f1 0.9917 | adv/moduleC 1.00/1.00 | disc_steps 15 | grad(main/disc) 1.863/1.370 | lr(main/disc) 2.50e-05/8.00e-06 | cuda_peak(alloc/resv) 4.09/5.12GB | phase(train/val/raw/train_eval) 2.6/0.4/0.0/0.0s | 3.0s
2026-08-30 14:53:51 | Epoch 049/060 | loss 1.2151 | cls 0.7402 | tal -0.3516 | dual_g 0.5803 | dual_d 0.8813 | train_acc 1.0000 | train_full n/a | val_acc 0.9833 | val_f1 0.9847 | adv/moduleC 1.00/1.00 | disc_steps 15 | grad(main/disc) 1.860/1.373 | lr(main/disc) 2.50e-05/8.00e-06 | cuda_peak(alloc/resv) 4.09/5.12GB | phase(train/val/raw/train_eval) 2.6/0.4/0.0/0.0s | 3.0s
2026-08-30 14:53:55 | Epoch 050/060 | loss 1.2228 | cls 0.7386 | tal -0.3324 | dual_g 0.5840 | dual_d 0.8835 | train_acc 1.0000 | train_full 1.0000 | val_acc 0.9833 | val_f1 0.9847 | adv/moduleC 1.00/1.00 | disc_steps 15 | grad(main/disc) 1.965/1.385 | lr(main/disc) 2.50e-05/8.00e-06 | cuda_peak(alloc/resv) 4.09/5.12GB | phase(train/val/raw/train_eval) 2.8/0.4/0.4/0.7s | 4.2s
2026-08-30 14:53:58 | Epoch 051/060 | loss 1.2262 | cls 0.7416 | tal -0.3389 | dual_g 0.5862 | dual_d 0.8702 | train_acc 0.9979 | train_full n/a | val_acc 0.9833 | val_f1 0.9847 | adv/moduleC 1.00/1.00 | disc_steps 15 | grad(main/disc) 2.236/1.359 | lr(main/disc) 2.50e-05/8.00e-06 | cuda_peak(alloc/resv) 4.09/5.12GB | phase(train/val/raw/train_eval) 2.8/0.4/0.0/0.0s | 3.2s
2026-08-30 14:53:58 | Early stopping at epoch 51 after 15 epochs without val_f1_macro_present improvement.
2026-08-30 14:53:58 | Training complete. Peak validation accuracy: 0.9917 | selected val_f1_macro_present: 0.9917
2026-08-30 14:53:58 | Starting Dual_D standalone training
2026-08-30 14:53:58 | Run directory: runs/module_c_v10_full_gate/module_c_20260830_144405/module_c_full_逆光_20260830_144406
2026-08-30 14:53:58 | Device: cuda
2026-08-30 14:53:58 | Source train samples: 992
2026-08-30 14:53:58 | Target train samples: 132
2026-08-30 14:53:58 | Target val samples: 37
2026-08-30 14:53:58 | Classes: 14
2026-08-30 14:53:58 | Data audit: same_dir=False | path_overlap(vis/ir/ais)=0/0/0 | content_overlap(vis/ir/ais)=0/0/0 | ais_index_overlap=0 | stem_mismatch(vis-ir/vis-ais)=157/0
2026-08-30 14:53:58 | source_train classes: present 14/14 | absent 0 | counts [0:120, 1:44, 2:69, 3:45, 4:40, 5:30, 6:64, 7:80, 8:116, 9:68, 10:57, 11:83, 12:48, 13:128]
2026-08-30 14:53:58 | target_train classes: present 9/14 | absent 5 | counts [0:20, 2:12, 4:12, 5:2, 9:16, 10:16, 11:29, 12:4, 13:21]
2026-08-30 14:53:58 | target_val classes: present 9/14 | absent 5 | counts [0:6, 2:3, 4:4, 5:1, 9:4, 10:4, 11:8, 12:1, 13:6]
2026-08-30 14:53:58 | Paired training classes: 9/14 | class ids [0, 2, 4, 5, 9, 10, 11, 12, 13]
2026-08-30 14:53:58 | Runtime profile: batch=16 | paired_steps=9 | workers=16 | train_eval_every=5 | raw_eval_every=5 | stability_window=3 | lr_scheduler_start=24 | early_stop=12 after min_epoch=35
2026-08-30 14:53:58 | Augmentation profile: base=0.650 | visible=0.700 | infrared=0.400 | freeze_frozen_batch_norm_stats=True
2026-08-30 14:53:58 | VIS/IR pairing: class-level-unpaired | count-mismatch classes train/val: 10/1 | AIS alignment: none | AIS rows train/val: 0/0
2026-08-30 14:53:58 | Effective Dual-D loss weights: {"adv_auxiliary": 0.025, "adv_primary": 0.025, "classification": 0.15, "contrastive": 0.02, "cycle": 0.12, "identity": 0.03, "prototype_contrastive": 0.06}
2026-08-30 14:53:58 | Model parameters: total=17277714 | trainable=17120210
Starting run 4/9: domain=逆光, iteration=1, seed=45
2026-08-30 14:54:01 | Epoch 001/060 | loss 5.8640 | cls 5.9348 | tal -0.2357 | dual_g 0.0000 | dual_d 0.0000 | train_acc 0.0694 | train_full 0.0076 | val_acc 0.0270 | val_f1 0.0278 | adv/moduleC 0.00/0.00 | disc_steps 0 | grad(main/disc) 32.710/0.000 | lr(main/disc) 7.00e-05/2.75e-05 | cuda_peak(alloc/resv) 4.09/5.12GB | phase(train/val/raw/train_eval) 1.2/0.4/0.4/0.4s | 2.4s
2026-08-30 14:54:02 | Epoch 002/060 | loss 4.8307 | cls 4.9087 | tal -0.2599 | dual_g 0.0000 | dual_d 0.0000 | train_acc 0.1944 | train_full n/a | val_acc 0.2973 | val_f1 0.2765 | adv/moduleC 0.00/0.00 | disc_steps 0 | grad(main/disc) 26.752/0.000 | lr(main/disc) 7.00e-05/2.75e-05 | cuda_peak(alloc/resv) 4.09/5.12GB | phase(train/val/raw/train_eval) 1.1/0.4/0.0/0.0s | 1.5s
2026-08-30 14:54:04 | Epoch 003/060 | loss 4.3406 | cls 4.4096 | tal -0.2299 | dual_g 0.0000 | dual_d 0.0000 | train_acc 0.2222 | train_full n/a | val_acc 0.3784 | val_f1 0.3832 | adv/moduleC 0.00/0.00 | disc_steps 0 | grad(main/disc) 24.144/0.000 | lr(main/disc) 7.00e-05/2.75e-05 | cuda_peak(alloc/resv) 4.09/5.12GB | phase(train/val/raw/train_eval) 1.1/0.4/0.4/0.0s | 1.8s
2026-08-30 14:54:06 | New best val_f1_macro_present: raw=0.3832 stable_score=0.0278 at epoch 3
2026-08-30 14:54:08 | Epoch 004/060 | loss 4.0300 | cls 4.0849 | tal -0.1830 | dual_g 0.0000 | dual_d 0.0000 | train_acc 0.2639 | train_full n/a | val_acc 0.4595 | val_f1 0.5436 | adv/moduleC 0.00/0.00 | disc_steps 0 | grad(main/disc) 23.252/0.000 | lr(main/disc) 7.00e-05/2.75e-05 | cuda_peak(alloc/resv) 4.09/5.12GB | phase(train/val/raw/train_eval) 0.9/0.4/0.4/0.0s | 1.7s
2026-08-30 14:54:10 | New best val_f1_macro_present: raw=0.5436 stable_score=0.2765 at epoch 4
2026-08-30 14:54:12 | Epoch 005/060 | loss 3.6912 | cls 3.6919 | tal -0.2808 | dual_g 0.0836 | dual_d 0.0000 | train_acc 0.3681 | train_full 0.6970 | val_acc 0.6216 | val_f1 0.6262 | adv/moduleC 0.00/0.10 | disc_steps 0 | grad(main/disc) 22.901/0.000 | lr(main/disc) 7.00e-05/2.75e-05 | cuda_peak(alloc/resv) 4.09/5.12GB | phase(train/val/raw/train_eval) 1.1/0.4/0.4/0.4s | 2.3s
2026-08-30 14:54:14 | New best val_f1_macro_present: raw=0.6262 stable_score=0.3832 at epoch 5
2026-08-30 14:54:16 | Epoch 006/060 | loss 3.4995 | cls 3.4141 | tal -0.2644 | dual_g 0.1647 | dual_d 0.0000 | train_acc 0.4583 | train_full n/a | val_acc 0.7027 | val_f1 0.7154 | adv/moduleC 0.00/0.20 | disc_steps 0 | grad(main/disc) 21.142/0.000 | lr(main/disc) 7.00e-05/2.75e-05 | cuda_peak(alloc/resv) 4.09/5.12GB | phase(train/val/raw/train_eval) 1.0/0.4/0.4/0.0s | 1.8s
2026-08-30 14:54:18 | New best val_f1_macro_present: raw=0.7154 stable_score=0.5436 at epoch 6
2026-08-30 14:54:20 | Epoch 007/060 | loss 3.4014 | cls 3.2239 | tal -0.2228 | dual_g 0.2444 | dual_d 0.7912 | train_acc 0.4792 | train_full n/a | val_acc 0.7297 | val_f1 0.7397 | adv/moduleC 0.07/0.30 | disc_steps 4 | grad(main/disc) 21.340/2.227 | lr(main/disc) 7.00e-05/2.75e-05 | cuda_peak(alloc/resv) 4.09/5.12GB | phase(train/val/raw/train_eval) 1.1/0.4/0.4/0.0s | 1.9s
2026-08-30 14:54:22 | New best val_f1_macro_present: raw=0.7397 stable_score=0.6262 at epoch 7
2026-08-30 14:54:24 | Epoch 008/060 | loss 3.2252 | cls 2.9794 | tal -0.1861 | dual_g 0.3017 | dual_d 0.7409 | train_acc 0.5069 | train_full n/a | val_acc 0.5946 | val_f1 0.5934 | adv/moduleC 0.14/0.40 | disc_steps 4 | grad(main/disc) 19.661/2.112 | lr(main/disc) 7.00e-05/2.75e-05 | cuda_peak(alloc/resv) 4.09/5.12GB | phase(train/val/raw/train_eval) 1.1/0.4/0.0/0.0s | 1.4s
2026-08-30 14:54:25 | Epoch 009/060 | loss 3.0412 | cls 2.7520 | tal -0.2266 | dual_g 0.3572 | dual_d 0.7627 | train_acc 0.6250 | train_full n/a | val_acc 0.7297 | val_f1 0.7452 | adv/moduleC 0.21/0.50 | disc_steps 4 | grad(main/disc) 19.297/2.029 | lr(main/disc) 7.00e-05/2.75e-05 | cuda_peak(alloc/resv) 4.09/5.12GB | phase(train/val/raw/train_eval) 1.0/0.4/0.0/0.0s | 1.4s
2026-08-30 14:54:27 | Epoch 010/060 | loss 3.1795 | cls 2.8384 | tal -0.2332 | dual_g 0.4111 | dual_d 0.7415 | train_acc 0.5764 | train_full 0.8561 | val_acc 0.7838 | val_f1 0.7946 | adv/moduleC 0.29/0.60 | disc_steps 4 | grad(main/disc) 20.306/2.014 | lr(main/disc) 7.00e-05/2.75e-05 | cuda_peak(alloc/resv) 4.09/5.12GB | phase(train/val/raw/train_eval) 1.1/0.4/0.4/0.4s | 2.3s
2026-08-30 14:54:29 | Epoch 011/060 | loss 2.8439 | cls 2.4422 | tal -0.2344 | dual_g 0.4720 | dual_d 0.6939 | train_acc 0.6528 | train_full n/a | val_acc 0.8108 | val_f1 0.8387 | adv/moduleC 0.36/0.70 | disc_steps 4 | grad(main/disc) 18.566/1.897 | lr(main/disc) 7.00e-05/2.75e-05 | cuda_peak(alloc/resv) 4.09/5.12GB | phase(train/val/raw/train_eval) 1.0/0.4/0.4/0.0s | 1.8s
2026-08-30 14:54:31 | New best val_f1_macro_present: raw=0.8387 stable_score=0.7452 at epoch 11
2026-08-30 14:54:33 | Epoch 012/060 | loss 2.9192 | cls 2.4936 | tal -0.3188 | dual_g 0.5213 | dual_d 0.7436 | train_acc 0.6389 | train_full n/a | val_acc 0.7838 | val_f1 0.8166 | adv/moduleC 0.43/0.80 | disc_steps 4 | grad(main/disc) 18.883/2.004 | lr(main/disc) 7.00e-05/2.75e-05 | cuda_peak(alloc/resv) 4.09/5.12GB | phase(train/val/raw/train_eval) 1.1/0.4/0.4/0.0s | 1.8s
2026-08-30 14:54:35 | New best val_f1_macro_present: raw=0.8166 stable_score=0.7946 at epoch 12
2026-08-30 14:54:37 | Epoch 013/060 | loss 2.8175 | cls 2.3331 | tal -0.2330 | dual_g 0.5543 | dual_d 0.8035 | train_acc 0.6944 | train_full n/a | val_acc 0.8919 | val_f1 0.9055 | adv/moduleC 0.50/0.90 | disc_steps 4 | grad(main/disc) 18.300/2.020 | lr(main/disc) 7.00e-05/2.75e-05 | cuda_peak(alloc/resv) 4.09/5.12GB | phase(train/val/raw/train_eval) 1.2/0.5/0.4/0.0s | 2.2s
2026-08-30 14:54:40 | New best val_f1_macro_present: raw=0.9055 stable_score=0.8166 at epoch 13
2026-08-30 14:54:41 | Epoch 014/060 | loss 2.8847 | cls 2.3439 | tal -0.2501 | dual_g 0.6159 | dual_d 0.8608 | train_acc 0.7222 | train_full n/a | val_acc 0.8378 | val_f1 0.8474 | adv/moduleC 0.57/1.00 | disc_steps 4 | grad(main/disc) 19.470/2.100 | lr(main/disc) 7.00e-05/2.75e-05 | cuda_peak(alloc/resv) 4.09/5.12GB | phase(train/val/raw/train_eval) 1.0/0.4/0.0/0.0s | 1.3s
2026-08-30 14:54:43 | Epoch 015/060 | loss 2.8406 | cls 2.2817 | tal -0.2081 | dual_g 0.6213 | dual_d 0.7630 | train_acc 0.7083 | train_full 0.8485 | val_acc 0.8108 | val_f1 0.8228 | adv/moduleC 0.64/1.00 | disc_steps 4 | grad(main/disc) 18.379/1.918 | lr(main/disc) 7.00e-05/2.75e-05 | cuda_peak(alloc/resv) 4.09/5.12GB | phase(train/val/raw/train_eval) 1.2/0.4/0.4/0.4s | 2.4s
2026-08-30 14:54:46 | New best val_f1_macro_present: raw=0.8228 stable_score=0.8228 at epoch 15
2026-08-30 14:54:47 | Epoch 016/060 | loss 2.7178 | cls 2.1964 | tal -0.2291 | dual_g 0.5901 | dual_d 0.7733 | train_acc 0.7292 | train_full n/a | val_acc 0.8108 | val_f1 0.8494 | adv/moduleC 0.71/1.00 | disc_steps 4 | grad(main/disc) 19.204/1.949 | lr(main/disc) 7.00e-05/2.75e-05 | cuda_peak(alloc/resv) 4.09/5.12GB | phase(train/val/raw/train_eval) 0.9/0.4/0.0/0.0s | 1.3s
2026-08-30 14:54:48 | Epoch 017/060 | loss 2.7394 | cls 2.2106 | tal -0.1802 | dual_g 0.5829 | dual_d 0.8233 | train_acc 0.7569 | train_full n/a | val_acc 0.8919 | val_f1 0.8887 | adv/moduleC 0.79/1.00 | disc_steps 4 | grad(main/disc) 19.795/2.058 | lr(main/disc) 7.00e-05/2.75e-05 | cuda_peak(alloc/resv) 4.09/5.12GB | phase(train/val/raw/train_eval) 1.0/0.4/0.0/0.0s | 1.4s
2026-08-30 14:54:50 | Epoch 018/060 | loss 2.4723 | cls 1.9913 | tal -0.2635 | dual_g 0.5601 | dual_d 0.8059 | train_acc 0.7917 | train_full n/a | val_acc 0.9189 | val_f1 0.9335 | adv/moduleC 0.86/1.00 | disc_steps 4 | grad(main/disc) 17.361/1.968 | lr(main/disc) 7.00e-05/2.75e-05 | cuda_peak(alloc/resv) 4.09/5.12GB | phase(train/val/raw/train_eval) 1.0/0.4/0.4/0.0s | 1.7s
2026-08-30 14:54:52 | New best val_f1_macro_present: raw=0.9335 stable_score=0.8494 at epoch 18
2026-08-30 14:54:54 | Epoch 019/060 | loss 2.4434 | cls 1.9314 | tal -0.1709 | dual_g 0.5632 | dual_d 0.7605 | train_acc 0.7986 | train_full n/a | val_acc 0.9459 | val_f1 0.9458 | adv/moduleC 0.93/1.00 | disc_steps 4 | grad(main/disc) 16.443/1.851 | lr(main/disc) 7.00e-05/2.75e-05 | cuda_peak(alloc/resv) 4.09/5.12GB | phase(train/val/raw/train_eval) 1.1/0.4/0.4/0.0s | 1.8s
2026-08-30 14:54:56 | New best val_f1_macro_present: raw=0.9458 stable_score=0.8887 at epoch 19
2026-08-30 14:54:58 | Epoch 020/060 | loss 2.5421 | cls 2.0071 | tal -0.1032 | dual_g 0.5660 | dual_d 0.8495 | train_acc 0.8194 | train_full 0.9394 | val_acc 0.9189 | val_f1 0.9358 | adv/moduleC 1.00/1.00 | disc_steps 4 | grad(main/disc) 18.295/2.036 | lr(main/disc) 7.00e-05/2.75e-05 | cuda_peak(alloc/resv) 4.09/5.12GB | phase(train/val/raw/train_eval) 1.1/0.4/0.4/0.4s | 2.3s
2026-08-30 14:55:00 | New best val_f1_macro_present: raw=0.9358 stable_score=0.9335 at epoch 20
2026-08-30 14:55:02 | Epoch 021/060 | loss 2.2852 | cls 1.7997 | tal -0.1084 | dual_g 0.5181 | dual_d 0.7429 | train_acc 0.8611 | train_full n/a | val_acc 0.9459 | val_f1 0.9556 | adv/moduleC 1.00/1.00 | disc_steps 4 | grad(main/disc) 14.760/1.892 | lr(main/disc) 7.00e-05/2.75e-05 | cuda_peak(alloc/resv) 4.09/5.12GB | phase(train/val/raw/train_eval) 1.0/0.4/0.4/0.0s | 1.8s
2026-08-30 14:55:04 | New best val_f1_macro_present: raw=0.9556 stable_score=0.9358 at epoch 21
2026-08-30 14:55:06 | Epoch 022/060 | loss 2.3413 | cls 1.8516 | tal -0.1297 | dual_g 0.5287 | dual_d 0.8284 | train_acc 0.8472 | train_full n/a | val_acc 0.9459 | val_f1 0.9578 | adv/moduleC 1.00/1.00 | disc_steps 4 | grad(main/disc) 17.260/2.002 | lr(main/disc) 7.00e-05/2.75e-05 | cuda_peak(alloc/resv) 4.09/5.12GB | phase(train/val/raw/train_eval) 1.0/0.4/0.0/0.0s | 1.4s
2026-08-30 14:55:08 | Epoch 023/060 | loss 2.2930 | cls 1.8243 | tal -0.1361 | dual_g 0.5095 | dual_d 0.7609 | train_acc 0.8264 | train_full n/a | val_acc 0.9459 | val_f1 0.9458 | adv/moduleC 1.00/1.00 | disc_steps 4 | grad(main/disc) 15.796/1.903 | lr(main/disc) 7.00e-05/2.75e-05 | cuda_peak(alloc/resv) 4.09/5.12GB | phase(train/val/raw/train_eval) 1.2/0.4/0.4/0.0s | 1.9s
2026-08-30 14:55:10 | New best val_f1_macro_present: raw=0.9458 stable_score=0.9458 at epoch 23
2026-08-30 14:55:11 | Epoch 024/060 | loss 2.1466 | cls 1.6770 | tal -0.0911 | dual_g 0.4969 | dual_d 0.8223 | train_acc 0.8472 | train_full n/a | val_acc 0.9459 | val_f1 0.9578 | adv/moduleC 1.00/1.00 | disc_steps 4 | grad(main/disc) 14.391/1.925 | lr(main/disc) 7.00e-05/2.75e-05 | cuda_peak(alloc/resv) 4.09/5.12GB | phase(train/val/raw/train_eval) 1.2/0.4/0.0/0.0s | 1.6s
2026-08-30 14:55:14 | Epoch 025/060 | loss 2.1671 | cls 1.7068 | tal -0.1542 | dual_g 0.5066 | dual_d 0.7292 | train_acc 0.8958 | train_full 0.9545 | val_acc 0.9459 | val_f1 0.9556 | adv/moduleC 1.00/1.00 | disc_steps 4 | grad(main/disc) 15.588/1.902 | lr(main/disc) 7.00e-05/2.75e-05 | cuda_peak(alloc/resv) 4.09/5.12GB | phase(train/val/raw/train_eval) 1.1/0.4/0.4/0.4s | 2.3s
2026-08-30 14:55:16 | Epoch 026/060 | loss 1.9724 | cls 1.5654 | tal -0.1834 | dual_g 0.4620 | dual_d 0.8395 | train_acc 0.9167 | train_full n/a | val_acc 0.9730 | val_f1 0.9776 | adv/moduleC 1.00/1.00 | disc_steps 4 | grad(main/disc) 13.124/1.927 | lr(main/disc) 7.00e-05/2.75e-05 | cuda_peak(alloc/resv) 4.09/5.12GB | phase(train/val/raw/train_eval) 1.0/0.4/0.4/0.0s | 1.8s
2026-08-30 14:55:18 | New best val_f1_macro_present: raw=0.9776 stable_score=0.9556 at epoch 26
2026-08-30 14:55:19 | Epoch 027/060 | loss 1.9529 | cls 1.5436 | tal -0.1819 | dual_g 0.4639 | dual_d 0.8204 | train_acc 0.9097 | train_full n/a | val_acc 0.9459 | val_f1 0.9556 | adv/moduleC 1.00/1.00 | disc_steps 4 | grad(main/disc) 12.331/1.944 | lr(main/disc) 7.00e-05/2.75e-05 | cuda_peak(alloc/resv) 4.09/5.12GB | phase(train/val/raw/train_eval) 1.2/0.4/0.0/0.0s | 1.6s
2026-08-30 14:55:21 | Epoch 028/060 | loss 2.2623 | cls 1.8032 | tal -0.1462 | dual_g 0.5029 | dual_d 0.8593 | train_acc 0.9028 | train_full n/a | val_acc 0.9730 | val_f1 0.9776 | adv/moduleC 1.00/1.00 | disc_steps 4 | grad(main/disc) 15.987/2.017 | lr(main/disc) 7.00e-05/2.75e-05 | cuda_peak(alloc/resv) 4.09/5.12GB | phase(train/val/raw/train_eval) 1.2/0.4/0.0/0.0s | 1.6s
2026-08-30 14:55:22 | Epoch 029/060 | loss 2.0361 | cls 1.6043 | tal -0.1107 | dual_g 0.4650 | dual_d 0.8096 | train_acc 0.9514 | train_full n/a | val_acc 0.9459 | val_f1 0.9458 | adv/moduleC 1.00/1.00 | disc_steps 4 | grad(main/disc) 13.579/1.937 | lr(main/disc) 7.00e-05/2.75e-05 | cuda_peak(alloc/resv) 4.09/5.12GB | phase(train/val/raw/train_eval) 1.0/0.4/0.0/0.0s | 1.4s
2026-08-30 14:55:24 | Epoch 030/060 | loss 1.9010 | cls 1.4827 | tal -0.1066 | dual_g 0.4503 | dual_d 0.8686 | train_acc 0.9236 | train_full 0.9924 | val_acc 0.9459 | val_f1 0.9578 | adv/moduleC 1.00/1.00 | disc_steps 4 | grad(main/disc) 12.033/1.960 | lr(main/disc) 7.00e-05/2.75e-05 | cuda_peak(alloc/resv) 4.09/5.12GB | phase(train/val/raw/train_eval) 1.0/0.4/0.4/0.4s | 2.2s
2026-08-30 14:55:26 | Epoch 031/060 | loss 1.9341 | cls 1.5175 | tal -0.1302 | dual_g 0.4557 | dual_d 0.9171 | train_acc 0.9306 | train_full n/a | val_acc 0.9730 | val_f1 0.9776 | adv/moduleC 1.00/1.00 | disc_steps 4 | grad(main/disc) 12.154/2.039 | lr(main/disc) 7.00e-05/2.75e-05 | cuda_peak(alloc/resv) 4.09/5.12GB | phase(train/val/raw/train_eval) 1.1/0.4/0.0/0.0s | 1.4s
2026-08-30 14:55:28 | Epoch 032/060 | loss 1.9442 | cls 1.5231 | tal -0.0898 | dual_g 0.4481 | dual_d 0.8850 | train_acc 0.9028 | train_full n/a | val_acc 0.9459 | val_f1 0.9556 | adv/moduleC 1.00/1.00 | disc_steps 4 | grad(main/disc) 13.350/2.049 | lr(main/disc) 7.00e-05/2.75e-05 | cuda_peak(alloc/resv) 4.09/5.12GB | phase(train/val/raw/train_eval) 1.4/0.4/0.0/0.0s | 1.8s
2026-08-30 14:55:29 | Epoch 033/060 | loss 1.8679 | cls 1.4718 | tal -0.1468 | dual_g 0.4401 | dual_d 0.8880 | train_acc 0.9444 | train_full n/a | val_acc 1.0000 | val_f1 1.0000 | adv/moduleC 1.00/1.00 | disc_steps 4 | grad(main/disc) 12.004/1.959 | lr(main/disc) 7.00e-05/2.75e-05 | cuda_peak(alloc/resv) 4.09/5.12GB | phase(train/val/raw/train_eval) 1.0/0.4/0.0/0.0s | 1.3s
2026-08-30 14:55:30 | Epoch 034/060 | loss 1.8017 | cls 1.4517 | tal -0.2186 | dual_g 0.4156 | dual_d 0.7964 | train_acc 0.9514 | train_full n/a | val_acc 1.0000 | val_f1 1.0000 | adv/moduleC 1.00/1.00 | disc_steps 4 | grad(main/disc) 11.864/1.803 | lr(main/disc) 7.00e-05/2.75e-05 | cuda_peak(alloc/resv) 4.09/5.12GB | phase(train/val/raw/train_eval) 1.0/0.4/0.0/0.0s | 1.4s
2026-08-30 14:55:33 | Epoch 035/060 | loss 1.7191 | cls 1.3853 | tal -0.2308 | dual_g 0.4030 | dual_d 0.9417 | train_acc 0.9722 | train_full 1.0000 | val_acc 0.9730 | val_f1 0.9776 | adv/moduleC 1.00/1.00 | disc_steps 4 | grad(main/disc) 10.200/1.992 | lr(main/disc) 7.00e-05/2.75e-05 | cuda_peak(alloc/resv) 4.09/5.12GB | phase(train/val/raw/train_eval) 1.1/0.4/0.4/0.4s | 2.3s
2026-08-30 14:55:35 | New best val_f1_macro_present: raw=0.9776 stable_score=0.9776 at epoch 35
2026-08-30 14:55:36 | Epoch 036/060 | loss 1.8242 | cls 1.4632 | tal -0.1682 | dual_g 0.4115 | dual_d 0.8887 | train_acc 0.9653 | train_full n/a | val_acc 1.0000 | val_f1 1.0000 | adv/moduleC 1.00/1.00 | disc_steps 4 | grad(main/disc) 10.586/1.968 | lr(main/disc) 7.00e-05/2.75e-05 | cuda_peak(alloc/resv) 4.09/5.12GB | phase(train/val/raw/train_eval) 1.1/0.4/0.0/0.0s | 1.5s
2026-08-30 14:55:38 | Epoch 037/060 | loss 1.7610 | cls 1.4164 | tal -0.2161 | dual_g 0.4095 | dual_d 0.8821 | train_acc 0.9722 | train_full n/a | val_acc 0.9730 | val_f1 0.9776 | adv/moduleC 1.00/1.00 | disc_steps 4 | grad(main/disc) 10.860/1.901 | lr(main/disc) 7.00e-05/2.75e-05 | cuda_peak(alloc/resv) 4.09/5.12GB | phase(train/val/raw/train_eval) 1.0/0.4/0.0/0.0s | 1.4s
2026-08-30 14:55:39 | Epoch 038/060 | loss 1.7321 | cls 1.3917 | tal -0.2300 | dual_g 0.4094 | dual_d 0.9584 | train_acc 0.9583 | train_full n/a | val_acc 0.9730 | val_f1 0.9776 | adv/moduleC 1.00/1.00 | disc_steps 4 | grad(main/disc) 10.173/2.037 | lr(main/disc) 7.00e-05/2.75e-05 | cuda_peak(alloc/resv) 4.09/5.12GB | phase(train/val/raw/train_eval) 1.2/0.4/0.0/0.0s | 1.6s
2026-08-30 14:55:41 | Epoch 039/060 | loss 1.7061 | cls 1.3714 | tal -0.1861 | dual_g 0.3905 | dual_d 0.9178 | train_acc 0.9236 | train_full n/a | val_acc 1.0000 | val_f1 1.0000 | adv/moduleC 1.00/1.00 | disc_steps 4 | grad(main/disc) 8.800/2.043 | lr(main/disc) 7.00e-05/2.75e-05 | cuda_peak(alloc/resv) 4.09/5.12GB | phase(train/val/raw/train_eval) 1.2/0.4/0.0/0.0s | 1.5s
2026-08-30 14:55:43 | Epoch 040/060 | loss 1.7284 | cls 1.3713 | tal -0.1211 | dual_g 0.3934 | dual_d 0.8820 | train_acc 0.9583 | train_full 1.0000 | val_acc 0.9459 | val_f1 0.9578 | adv/moduleC 1.00/1.00 | disc_steps 4 | grad(main/disc) 10.117/1.945 | lr(main/disc) 7.00e-05/2.75e-05 | cuda_peak(alloc/resv) 4.09/5.12GB | phase(train/val/raw/train_eval) 1.1/0.4/0.4/0.4s | 2.3s
2026-08-30 14:55:45 | Epoch 041/060 | loss 1.6590 | cls 1.3352 | tal -0.2271 | dual_g 0.3919 | dual_d 0.9642 | train_acc 0.9583 | train_full n/a | val_acc 1.0000 | val_f1 1.0000 | adv/moduleC 1.00/1.00 | disc_steps 4 | grad(main/disc) 9.317/2.045 | lr(main/disc) 7.00e-05/2.75e-05 | cuda_peak(alloc/resv) 4.09/5.12GB | phase(train/val/raw/train_eval) 1.1/0.4/0.0/0.0s | 1.5s
2026-08-30 14:55:46 | Epoch 042/060 | loss 1.6403 | cls 1.3094 | tal -0.1639 | dual_g 0.3801 | dual_d 0.9276 | train_acc 0.9861 | train_full n/a | val_acc 1.0000 | val_f1 1.0000 | adv/moduleC 1.00/1.00 | disc_steps 4 | grad(main/disc) 8.474/1.913 | lr(main/disc) 3.50e-05/1.38e-05 | cuda_peak(alloc/resv) 4.09/5.12GB | phase(train/val/raw/train_eval) 1.0/0.4/0.0/0.0s | 1.4s
2026-08-30 14:55:47 | Epoch 043/060 | loss 1.7191 | cls 1.3758 | tal -0.1852 | dual_g 0.3988 | dual_d 0.8964 | train_acc 0.9792 | train_full n/a | val_acc 0.9730 | val_f1 0.9776 | adv/moduleC 1.00/1.00 | disc_steps 4 | grad(main/disc) 9.504/1.988 | lr(main/disc) 3.50e-05/1.38e-05 | cuda_peak(alloc/resv) 4.09/5.12GB | phase(train/val/raw/train_eval) 1.1/0.4/0.0/0.0s | 1.5s
2026-08-30 14:55:49 | Epoch 044/060 | loss 1.6855 | cls 1.3474 | tal -0.1462 | dual_g 0.3820 | dual_d 0.9309 | train_acc 0.9722 | train_full n/a | val_acc 1.0000 | val_f1 1.0000 | adv/moduleC 1.00/1.00 | disc_steps 4 | grad(main/disc) 9.717/1.902 | lr(main/disc) 3.50e-05/1.38e-05 | cuda_peak(alloc/resv) 4.09/5.12GB | phase(train/val/raw/train_eval) 1.0/0.4/0.0/0.0s | 1.3s
2026-08-30 14:55:51 | Epoch 045/060 | loss 1.6806 | cls 1.3376 | tal -0.1398 | dual_g 0.3850 | dual_d 0.8970 | train_acc 0.9792 | train_full 1.0000 | val_acc 0.9730 | val_f1 0.9776 | adv/moduleC 1.00/1.00 | disc_steps 4 | grad(main/disc) 9.471/1.856 | lr(main/disc) 3.50e-05/1.38e-05 | cuda_peak(alloc/resv) 4.09/5.12GB | phase(train/val/raw/train_eval) 1.1/0.4/0.4/0.4s | 2.3s
2026-08-30 14:55:53 | Epoch 046/060 | loss 1.6681 | cls 1.3332 | tal -0.1536 | dual_g 0.3810 | dual_d 0.9326 | train_acc 0.9861 | train_full n/a | val_acc 1.0000 | val_f1 1.0000 | adv/moduleC 1.00/1.00 | disc_steps 4 | grad(main/disc) 8.978/2.000 | lr(main/disc) 3.50e-05/1.38e-05 | cuda_peak(alloc/resv) 4.09/5.12GB | phase(train/val/raw/train_eval) 1.2/0.4/0.0/0.0s | 1.6s
2026-08-30 14:55:54 | Epoch 047/060 | loss 1.6632 | cls 1.3622 | tal -0.2271 | dual_g 0.3691 | dual_d 0.8578 | train_acc 0.9861 | train_full n/a | val_acc 1.0000 | val_f1 1.0000 | adv/moduleC 1.00/1.00 | disc_steps 4 | grad(main/disc) 10.637/1.812 | lr(main/disc) 3.50e-05/1.38e-05 | cuda_peak(alloc/resv) 4.09/5.12GB | phase(train/val/raw/train_eval) 1.2/0.4/0.0/0.0s | 1.6s
2026-08-30 14:55:54 | Early stopping at epoch 47 after 12 epochs without val_f1_macro_present improvement.
2026-08-30 14:55:54 | Training complete. Peak validation accuracy: 1.0000 | selected val_f1_macro_present: 0.9776
2026-08-30 14:55:54 | Starting Dual_D standalone training
2026-08-30 14:55:54 | Run directory: runs/module_c_v10_full_gate/module_c_20260830_144405/module_c_full_逆光_20260830_144406
2026-08-30 14:55:54 | Device: cuda
2026-08-30 14:55:54 | Source train samples: 992
2026-08-30 14:55:54 | Target train samples: 132
2026-08-30 14:55:54 | Target val samples: 37
2026-08-30 14:55:54 | Classes: 14
2026-08-30 14:55:54 | Data audit: same_dir=False | path_overlap(vis/ir/ais)=0/0/0 | content_overlap(vis/ir/ais)=0/0/0 | ais_index_overlap=0 | stem_mismatch(vis-ir/vis-ais)=157/0
2026-08-30 14:55:54 | source_train classes: present 14/14 | absent 0 | counts [0:120, 1:44, 2:69, 3:45, 4:40, 5:30, 6:64, 7:80, 8:116, 9:68, 10:57, 11:83, 12:48, 13:128]
2026-08-30 14:55:54 | target_train classes: present 9/14 | absent 5 | counts [0:20, 2:12, 4:12, 5:2, 9:16, 10:16, 11:29, 12:4, 13:21]
2026-08-30 14:55:54 | target_val classes: present 9/14 | absent 5 | counts [0:6, 2:3, 4:4, 5:1, 9:4, 10:4, 11:8, 12:1, 13:6]
2026-08-30 14:55:54 | Paired training classes: 9/14 | class ids [0, 2, 4, 5, 9, 10, 11, 12, 13]
2026-08-30 14:55:54 | Runtime profile: batch=16 | paired_steps=9 | workers=16 | train_eval_every=5 | raw_eval_every=5 | stability_window=3 | lr_scheduler_start=24 | early_stop=12 after min_epoch=35
2026-08-30 14:55:54 | Augmentation profile: base=0.650 | visible=0.700 | infrared=0.400 | freeze_frozen_batch_norm_stats=True
2026-08-30 14:55:54 | VIS/IR pairing: class-level-unpaired | count-mismatch classes train/val: 10/1 | AIS alignment: none | AIS rows train/val: 0/0
2026-08-30 14:55:55 | Effective Dual-D loss weights: {"adv_auxiliary": 0.025, "adv_primary": 0.025, "classification": 0.15, "contrastive": 0.02, "cycle": 0.12, "identity": 0.03, "prototype_contrastive": 0.06}
2026-08-30 14:55:55 | Model parameters: total=17277714 | trainable=17120210
Starting run 5/9: domain=逆光, iteration=2, seed=46
2026-08-30 14:55:58 | Epoch 001/060 | loss 5.6233 | cls 5.6282 | tal -0.0163 | dual_g 0.0000 | dual_d 0.0000 | train_acc 0.0556 | train_full 0.1742 | val_acc 0.2162 | val_f1 0.1176 | adv/moduleC 0.00/0.00 | disc_steps 0 | grad(main/disc) 31.954/0.000 | lr(main/disc) 7.00e-05/2.75e-05 | cuda_peak(alloc/resv) 4.09/5.12GB | phase(train/val/raw/train_eval) 1.4/0.4/0.4/0.5s | 2.6s
2026-08-30 14:56:00 | Epoch 002/060 | loss 4.6586 | cls 4.5935 | tal 0.2168 | dual_g 0.0000 | dual_d 0.0000 | train_acc 0.2708 | train_full n/a | val_acc 0.1892 | val_f1 0.1289 | adv/moduleC 0.00/0.00 | disc_steps 0 | grad(main/disc) 26.876/0.000 | lr(main/disc) 7.00e-05/2.75e-05 | cuda_peak(alloc/resv) 4.09/5.12GB | phase(train/val/raw/train_eval) 1.2/0.4/0.0/0.0s | 1.6s
2026-08-30 14:56:02 | Epoch 003/060 | loss 4.2910 | cls 4.2414 | tal 0.1653 | dual_g 0.0000 | dual_d 0.0000 | train_acc 0.2708 | train_full n/a | val_acc 0.4054 | val_f1 0.4345 | adv/moduleC 0.00/0.00 | disc_steps 0 | grad(main/disc) 24.863/0.000 | lr(main/disc) 7.00e-05/2.75e-05 | cuda_peak(alloc/resv) 4.09/5.12GB | phase(train/val/raw/train_eval) 1.1/0.4/0.4/0.0s | 1.9s
2026-08-30 14:56:04 | New best val_f1_macro_present: raw=0.4345 stable_score=0.1176 at epoch 3
2026-08-30 14:56:05 | Epoch 004/060 | loss 3.9887 | cls 3.9148 | tal 0.2462 | dual_g 0.0000 | dual_d 0.0000 | train_acc 0.3472 | train_full n/a | val_acc 0.6486 | val_f1 0.6550 | adv/moduleC 0.00/0.00 | disc_steps 0 | grad(main/disc) 23.468/0.000 | lr(main/disc) 7.00e-05/2.75e-05 | cuda_peak(alloc/resv) 4.09/5.12GB | phase(train/val/raw/train_eval) 1.0/0.4/0.4/0.0s | 1.8s
2026-08-30 14:56:08 | New best val_f1_macro_present: raw=0.6550 stable_score=0.1289 at epoch 4
2026-08-30 14:56:10 | Epoch 005/060 | loss 3.6423 | cls 3.4801 | tal 0.2638 | dual_g 0.0830 | dual_d 0.0000 | train_acc 0.4236 | train_full 0.7424 | val_acc 0.8108 | val_f1 0.8190 | adv/moduleC 0.00/0.10 | disc_steps 0 | grad(main/disc) 21.842/0.000 | lr(main/disc) 7.00e-05/2.75e-05 | cuda_peak(alloc/resv) 4.09/5.12GB | phase(train/val/raw/train_eval) 1.0/0.4/0.4/0.4s | 2.2s
2026-08-30 14:56:12 | New best val_f1_macro_present: raw=0.8190 stable_score=0.4345 at epoch 5
2026-08-30 14:56:14 | Epoch 006/060 | loss 3.4301 | cls 3.2475 | tal 0.0753 | dual_g 0.1600 | dual_d 0.0000 | train_acc 0.4653 | train_full n/a | val_acc 0.8378 | val_f1 0.8388 | adv/moduleC 0.00/0.20 | disc_steps 0 | grad(main/disc) 21.833/0.000 | lr(main/disc) 7.00e-05/2.75e-05 | cuda_peak(alloc/resv) 4.09/5.12GB | phase(train/val/raw/train_eval) 1.1/0.4/0.4/0.0s | 1.9s
2026-08-30 14:56:16 | New best val_f1_macro_present: raw=0.8388 stable_score=0.6550 at epoch 6
2026-08-30 14:56:18 | Epoch 007/060 | loss 3.4771 | cls 3.2291 | tal 0.0575 | dual_g 0.2307 | dual_d 0.8964 | train_acc 0.5625 | train_full n/a | val_acc 0.8378 | val_f1 0.8386 | adv/moduleC 0.07/0.30 | disc_steps 4 | grad(main/disc) 21.614/2.337 | lr(main/disc) 7.00e-05/2.75e-05 | cuda_peak(alloc/resv) 4.09/5.12GB | phase(train/val/raw/train_eval) 1.2/0.4/0.4/0.0s | 1.9s
2026-08-30 14:56:20 | New best val_f1_macro_present: raw=0.8386 stable_score=0.8190 at epoch 7
2026-08-30 14:56:22 | Epoch 008/060 | loss 3.3284 | cls 2.9845 | tal 0.1918 | dual_g 0.2863 | dual_d 0.7825 | train_acc 0.6111 | train_full n/a | val_acc 0.8378 | val_f1 0.8262 | adv/moduleC 0.14/0.40 | disc_steps 4 | grad(main/disc) 20.599/2.074 | lr(main/disc) 7.00e-05/2.75e-05 | cuda_peak(alloc/resv) 4.09/5.12GB | phase(train/val/raw/train_eval) 1.1/0.4/0.4/0.0s | 1.9s
2026-08-30 14:56:24 | New best val_f1_macro_present: raw=0.8262 stable_score=0.8262 at epoch 8
2026-08-30 14:56:26 | Epoch 009/060 | loss 3.2354 | cls 2.8388 | tal 0.1290 | dual_g 0.3579 | dual_d 0.8145 | train_acc 0.6042 | train_full n/a | val_acc 0.8378 | val_f1 0.8302 | adv/moduleC 0.21/0.50 | disc_steps 4 | grad(main/disc) 20.453/2.140 | lr(main/disc) 7.00e-05/2.75e-05 | cuda_peak(alloc/resv) 4.09/5.12GB | phase(train/val/raw/train_eval) 1.0/0.4/0.0/0.0s | 1.4s
2026-08-30 14:56:28 | Epoch 010/060 | loss 3.3987 | cls 2.9179 | tal 0.1763 | dual_g 0.4279 | dual_d 0.7453 | train_acc 0.5208 | train_full 0.9015 | val_acc 0.9189 | val_f1 0.9068 | adv/moduleC 0.29/0.60 | disc_steps 4 | grad(main/disc) 22.163/2.053 | lr(main/disc) 7.00e-05/2.75e-05 | cuda_peak(alloc/resv) 4.09/5.12GB | phase(train/val/raw/train_eval) 1.0/0.4/0.4/0.4s | 2.2s
2026-08-30 14:56:30 | Epoch 011/060 | loss 3.0935 | cls 2.5628 | tal 0.2280 | dual_g 0.4624 | dual_d 0.8385 | train_acc 0.7500 | train_full n/a | val_acc 0.8919 | val_f1 0.9111 | adv/moduleC 0.36/0.70 | disc_steps 4 | grad(main/disc) 19.778/2.203 | lr(main/disc) 7.00e-05/2.75e-05 | cuda_peak(alloc/resv) 4.09/5.12GB | phase(train/val/raw/train_eval) 1.2/0.4/0.4/0.0s | 2.0s
2026-08-30 14:56:32 | New best val_f1_macro_present: raw=0.9111 stable_score=0.8302 at epoch 11
2026-08-30 14:56:34 | Epoch 012/060 | loss 3.1148 | cls 2.5108 | tal 0.2625 | dual_g 0.5252 | dual_d 0.8289 | train_acc 0.7014 | train_full n/a | val_acc 0.9459 | val_f1 0.9551 | adv/moduleC 0.43/0.80 | disc_steps 4 | grad(main/disc) 19.747/2.156 | lr(main/disc) 7.00e-05/2.75e-05 | cuda_peak(alloc/resv) 4.09/5.12GB | phase(train/val/raw/train_eval) 1.1/0.4/0.4/0.0s | 1.9s
2026-08-30 14:56:36 | New best val_f1_macro_present: raw=0.9551 stable_score=0.9068 at epoch 12
2026-08-30 14:56:38 | Epoch 013/060 | loss 2.9375 | cls 2.3331 | tal 0.1936 | dual_g 0.5463 | dual_d 0.8379 | train_acc 0.6667 | train_full n/a | val_acc 0.9189 | val_f1 0.9047 | adv/moduleC 0.50/0.90 | disc_steps 4 | grad(main/disc) 18.990/2.138 | lr(main/disc) 7.00e-05/2.75e-05 | cuda_peak(alloc/resv) 4.09/5.12GB | phase(train/val/raw/train_eval) 1.3/0.4/0.0/0.0s | 1.7s
2026-08-30 14:56:39 | Epoch 014/060 | loss 3.0196 | cls 2.3901 | tal 0.1509 | dual_g 0.5842 | dual_d 0.7895 | train_acc 0.6806 | train_full n/a | val_acc 0.9189 | val_f1 0.9218 | adv/moduleC 0.57/1.00 | disc_steps 4 | grad(main/disc) 19.150/2.143 | lr(main/disc) 7.00e-05/2.75e-05 | cuda_peak(alloc/resv) 4.09/5.12GB | phase(train/val/raw/train_eval) 1.3/0.4/0.0/0.0s | 1.7s
2026-08-30 14:56:42 | Epoch 015/060 | loss 2.8340 | cls 2.1874 | tal 0.0439 | dual_g 0.6334 | dual_d 0.8283 | train_acc 0.7708 | train_full 0.9621 | val_acc 0.9189 | val_f1 0.9022 | adv/moduleC 0.64/1.00 | disc_steps 4 | grad(main/disc) 19.247/2.157 | lr(main/disc) 7.00e-05/2.75e-05 | cuda_peak(alloc/resv) 4.09/5.12GB | phase(train/val/raw/train_eval) 1.1/0.4/0.4/0.4s | 2.3s
2026-08-30 14:56:43 | Epoch 016/060 | loss 2.7823 | cls 2.1609 | tal 0.1208 | dual_g 0.5851 | dual_d 0.7667 | train_acc 0.7917 | train_full n/a | val_acc 0.9459 | val_f1 0.9578 | adv/moduleC 0.71/1.00 | disc_steps 4 | grad(main/disc) 18.548/1.924 | lr(main/disc) 7.00e-05/2.75e-05 | cuda_peak(alloc/resv) 4.09/5.12GB | phase(train/val/raw/train_eval) 1.0/0.4/0.0/0.0s | 1.3s
2026-08-30 14:56:45 | Epoch 017/060 | loss 2.6150 | cls 1.9985 | tal 0.1283 | dual_g 0.5779 | dual_d 0.7866 | train_acc 0.8264 | train_full n/a | val_acc 0.9189 | val_f1 0.9087 | adv/moduleC 0.79/1.00 | disc_steps 4 | grad(main/disc) 17.270/2.012 | lr(main/disc) 7.00e-05/2.75e-05 | cuda_peak(alloc/resv) 4.09/5.12GB | phase(train/val/raw/train_eval) 1.3/0.4/0.0/0.0s | 1.7s
2026-08-30 14:56:47 | Epoch 018/060 | loss 2.6741 | cls 2.0616 | tal 0.1393 | dual_g 0.5707 | dual_d 0.7635 | train_acc 0.7153 | train_full n/a | val_acc 0.9459 | val_f1 0.9533 | adv/moduleC 0.86/1.00 | disc_steps 4 | grad(main/disc) 18.125/2.026 | lr(main/disc) 7.00e-05/2.75e-05 | cuda_peak(alloc/resv) 4.09/5.12GB | phase(train/val/raw/train_eval) 1.3/0.4/0.4/0.0s | 2.1s
2026-08-30 14:56:49 | New best val_f1_macro_present: raw=0.9533 stable_score=0.9087 at epoch 18
2026-08-30 14:56:50 | Epoch 019/060 | loss 2.5057 | cls 1.9250 | tal 0.0222 | dual_g 0.5740 | dual_d 0.7113 | train_acc 0.8056 | train_full n/a | val_acc 0.9730 | val_f1 0.9471 | adv/moduleC 0.93/1.00 | disc_steps 4 | grad(main/disc) 17.674/1.875 | lr(main/disc) 7.00e-05/2.75e-05 | cuda_peak(alloc/resv) 4.09/5.12GB | phase(train/val/raw/train_eval) 1.1/0.4/0.0/0.0s | 1.5s
2026-08-30 14:56:53 | Epoch 020/060 | loss 2.6623 | cls 2.0860 | tal -0.0097 | dual_g 0.5792 | dual_d 0.7468 | train_acc 0.7569 | train_full 0.9848 | val_acc 0.9189 | val_f1 0.9261 | adv/moduleC 1.00/1.00 | disc_steps 4 | grad(main/disc) 19.546/1.919 | lr(main/disc) 7.00e-05/2.75e-05 | cuda_peak(alloc/resv) 4.09/5.12GB | phase(train/val/raw/train_eval) 1.1/0.4/0.4/0.4s | 2.3s
2026-08-30 14:56:55 | New best val_f1_macro_present: raw=0.9261 stable_score=0.9261 at epoch 20
2026-08-30 14:56:56 | Epoch 021/060 | loss 2.3836 | cls 1.8645 | tal -0.0353 | dual_g 0.5296 | dual_d 0.7677 | train_acc 0.8056 | train_full n/a | val_acc 0.9459 | val_f1 0.9551 | adv/moduleC 1.00/1.00 | disc_steps 4 | grad(main/disc) 16.858/1.895 | lr(main/disc) 7.00e-05/2.75e-05 | cuda_peak(alloc/resv) 4.09/5.12GB | phase(train/val/raw/train_eval) 1.1/0.4/0.0/0.0s | 1.4s
2026-08-30 14:56:58 | Epoch 022/060 | loss 2.4734 | cls 1.9590 | tal -0.0684 | dual_g 0.5349 | dual_d 0.8360 | train_acc 0.8472 | train_full n/a | val_acc 0.9730 | val_f1 0.9776 | adv/moduleC 1.00/1.00 | disc_steps 4 | grad(main/disc) 17.594/1.967 | lr(main/disc) 7.00e-05/2.75e-05 | cuda_peak(alloc/resv) 4.09/5.12GB | phase(train/val/raw/train_eval) 1.2/0.4/0.0/0.0s | 1.6s
2026-08-30 14:56:59 | Epoch 023/060 | loss 2.2486 | cls 1.7524 | tal -0.0485 | dual_g 0.5107 | dual_d 0.7671 | train_acc 0.8750 | train_full n/a | val_acc 0.9459 | val_f1 0.9246 | adv/moduleC 1.00/1.00 | disc_steps 4 | grad(main/disc) 15.752/1.917 | lr(main/disc) 7.00e-05/2.75e-05 | cuda_peak(alloc/resv) 4.09/5.12GB | phase(train/val/raw/train_eval) 1.2/0.4/0.0/0.0s | 1.6s
2026-08-30 14:57:01 | Epoch 024/060 | loss 2.3271 | cls 1.8132 | tal -0.0316 | dual_g 0.5234 | dual_d 0.8267 | train_acc 0.8472 | train_full n/a | val_acc 0.9730 | val_f1 0.9840 | adv/moduleC 1.00/1.00 | disc_steps 4 | grad(main/disc) 15.952/1.866 | lr(main/disc) 7.00e-05/2.75e-05 | cuda_peak(alloc/resv) 4.09/5.12GB | phase(train/val/raw/train_eval) 1.0/0.4/0.0/0.0s | 1.4s
2026-08-30 14:57:03 | Epoch 025/060 | loss 2.3480 | cls 1.8370 | tal 0.0018 | dual_g 0.5104 | dual_d 0.7426 | train_acc 0.8681 | train_full 0.9924 | val_acc 1.0000 | val_f1 1.0000 | adv/moduleC 1.00/1.00 | disc_steps 4 | grad(main/disc) 17.637/1.801 | lr(main/disc) 7.00e-05/2.75e-05 | cuda_peak(alloc/resv) 4.09/5.12GB | phase(train/val/raw/train_eval) 1.1/0.4/0.4/0.4s | 2.3s
2026-08-30 14:57:05 | Epoch 026/060 | loss 2.1623 | cls 1.6999 | tal -0.0385 | dual_g 0.4740 | dual_d 0.8018 | train_acc 0.8819 | train_full n/a | val_acc 0.9730 | val_f1 0.9776 | adv/moduleC 1.00/1.00 | disc_steps 4 | grad(main/disc) 15.289/1.866 | lr(main/disc) 7.00e-05/2.75e-05 | cuda_peak(alloc/resv) 4.09/5.12GB | phase(train/val/raw/train_eval) 1.0/0.4/0.4/0.0s | 1.8s
2026-08-30 14:57:07 | New best val_f1_macro_present: raw=0.9776 stable_score=0.9776 at epoch 26
2026-08-30 14:57:08 | Epoch 027/060 | loss 2.2437 | cls 1.7507 | tal -0.0204 | dual_g 0.4991 | dual_d 0.8105 | train_acc 0.9167 | train_full n/a | val_acc 0.9459 | val_f1 0.9578 | adv/moduleC 1.00/1.00 | disc_steps 4 | grad(main/disc) 16.966/1.939 | lr(main/disc) 7.00e-05/2.75e-05 | cuda_peak(alloc/resv) 4.09/5.12GB | phase(train/val/raw/train_eval) 0.9/0.4/0.0/0.0s | 1.3s
2026-08-30 14:57:10 | Epoch 028/060 | loss 2.2054 | cls 1.7213 | tal -0.0200 | dual_g 0.4901 | dual_d 0.8813 | train_acc 0.8403 | train_full n/a | val_acc 0.9730 | val_f1 0.9802 | adv/moduleC 1.00/1.00 | disc_steps 4 | grad(main/disc) 15.784/1.987 | lr(main/disc) 7.00e-05/2.75e-05 | cuda_peak(alloc/resv) 4.09/5.12GB | phase(train/val/raw/train_eval) 1.2/0.4/0.0/0.0s | 1.6s
2026-08-30 14:57:11 | Epoch 029/060 | loss 2.0099 | cls 1.5499 | tal -0.0050 | dual_g 0.4615 | dual_d 0.7448 | train_acc 0.9167 | train_full n/a | val_acc 0.9730 | val_f1 0.9802 | adv/moduleC 1.00/1.00 | disc_steps 4 | grad(main/disc) 13.336/1.854 | lr(main/disc) 7.00e-05/2.75e-05 | cuda_peak(alloc/resv) 4.09/5.12GB | phase(train/val/raw/train_eval) 1.1/0.4/0.0/0.0s | 1.5s
2026-08-30 14:57:13 | Epoch 030/060 | loss 2.0875 | cls 1.6295 | tal 0.0258 | dual_g 0.4502 | dual_d 0.8090 | train_acc 0.9444 | train_full 1.0000 | val_acc 1.0000 | val_f1 1.0000 | adv/moduleC 1.00/1.00 | disc_steps 4 | grad(main/disc) 15.990/1.884 | lr(main/disc) 7.00e-05/2.75e-05 | cuda_peak(alloc/resv) 4.09/5.12GB | phase(train/val/raw/train_eval) 1.1/0.4/0.4/0.4s | 2.3s
2026-08-30 14:57:16 | New best val_f1_macro_present: raw=1.0000 stable_score=0.9802 at epoch 30
2026-08-30 14:57:17 | Epoch 031/060 | loss 1.9360 | cls 1.4678 | tal 0.0620 | dual_g 0.4495 | dual_d 0.8684 | train_acc 0.9514 | train_full n/a | val_acc 0.9730 | val_f1 0.9776 | adv/moduleC 1.00/1.00 | disc_steps 4 | grad(main/disc) 13.076/1.922 | lr(main/disc) 7.00e-05/2.75e-05 | cuda_peak(alloc/resv) 4.09/5.12GB | phase(train/val/raw/train_eval) 1.3/0.4/0.0/0.0s | 1.7s
2026-08-30 14:57:19 | Epoch 032/060 | loss 2.0353 | cls 1.5938 | tal 0.0043 | dual_g 0.4402 | dual_d 0.8986 | train_acc 0.9306 | train_full n/a | val_acc 0.9730 | val_f1 0.9471 | adv/moduleC 1.00/1.00 | disc_steps 4 | grad(main/disc) 14.488/1.960 | lr(main/disc) 7.00e-05/2.75e-05 | cuda_peak(alloc/resv) 4.09/5.12GB | phase(train/val/raw/train_eval) 1.1/0.4/0.0/0.0s | 1.4s
2026-08-30 14:57:20 | Epoch 033/060 | loss 1.8944 | cls 1.4817 | tal -0.0741 | dual_g 0.4349 | dual_d 0.9251 | train_acc 0.9028 | train_full n/a | val_acc 1.0000 | val_f1 1.0000 | adv/moduleC 1.00/1.00 | disc_steps 4 | grad(main/disc) 11.975/2.044 | lr(main/disc) 7.00e-05/2.75e-05 | cuda_peak(alloc/resv) 4.09/5.12GB | phase(train/val/raw/train_eval) 1.1/0.4/0.0/0.0s | 1.5s
2026-08-30 14:57:22 | Epoch 034/060 | loss 1.9976 | cls 1.5643 | tal -0.0443 | dual_g 0.4466 | dual_d 0.8230 | train_acc 0.9583 | train_full n/a | val_acc 1.0000 | val_f1 1.0000 | adv/moduleC 1.00/1.00 | disc_steps 4 | grad(main/disc) 14.551/1.896 | lr(main/disc) 3.50e-05/1.38e-05 | cuda_peak(alloc/resv) 4.09/5.12GB | phase(train/val/raw/train_eval) 1.3/0.4/0.0/0.0s | 1.7s
2026-08-30 14:57:24 | Epoch 035/060 | loss 1.9579 | cls 1.5298 | tal -0.0209 | dual_g 0.4343 | dual_d 0.8169 | train_acc 0.9444 | train_full 1.0000 | val_acc 1.0000 | val_f1 1.0000 | adv/moduleC 1.00/1.00 | disc_steps 4 | grad(main/disc) 14.223/1.863 | lr(main/disc) 3.50e-05/1.38e-05 | cuda_peak(alloc/resv) 4.09/5.12GB | phase(train/val/raw/train_eval) 1.2/0.4/0.4/0.4s | 2.4s
2026-08-30 14:57:27 | New best val_f1_macro_present: raw=1.0000 stable_score=1.0000 at epoch 35
2026-08-30 14:57:28 | Epoch 036/060 | loss 2.0199 | cls 1.5987 | tal -0.0295 | dual_g 0.4300 | dual_d 0.9617 | train_acc 0.9375 | train_full n/a | val_acc 1.0000 | val_f1 1.0000 | adv/moduleC 1.00/1.00 | disc_steps 4 | grad(main/disc) 14.493/2.048 | lr(main/disc) 3.50e-05/1.38e-05 | cuda_peak(alloc/resv) 4.09/5.12GB | phase(train/val/raw/train_eval) 1.2/0.4/0.0/0.0s | 1.6s
2026-08-30 14:57:30 | Epoch 037/060 | loss 1.8902 | cls 1.4499 | tal 0.0583 | dual_g 0.4228 | dual_d 0.9345 | train_acc 0.9375 | train_full n/a | val_acc 1.0000 | val_f1 1.0000 | adv/moduleC 1.00/1.00 | disc_steps 4 | grad(main/disc) 12.888/2.000 | lr(main/disc) 3.50e-05/1.38e-05 | cuda_peak(alloc/resv) 4.09/5.12GB | phase(train/val/raw/train_eval) 1.1/0.4/0.0/0.0s | 1.5s
2026-08-30 14:57:31 | Epoch 038/060 | loss 1.9068 | cls 1.4888 | tal 0.0288 | dual_g 0.4093 | dual_d 0.9197 | train_acc 0.9444 | train_full n/a | val_acc 1.0000 | val_f1 1.0000 | adv/moduleC 1.00/1.00 | disc_steps 4 | grad(main/disc) 12.640/2.027 | lr(main/disc) 3.50e-05/1.38e-05 | cuda_peak(alloc/resv) 4.09/5.12GB | phase(train/val/raw/train_eval) 1.3/0.4/0.0/0.0s | 1.7s
2026-08-30 14:57:33 | Epoch 039/060 | loss 1.9291 | cls 1.5235 | tal -0.0386 | dual_g 0.4172 | dual_d 0.9262 | train_acc 0.9306 | train_full n/a | val_acc 1.0000 | val_f1 1.0000 | adv/moduleC 1.00/1.00 | disc_steps 4 | grad(main/disc) 13.356/2.006 | lr(main/disc) 3.50e-05/1.38e-05 | cuda_peak(alloc/resv) 4.09/5.12GB | phase(train/val/raw/train_eval) 1.2/0.4/0.0/0.0s | 1.6s
2026-08-30 14:57:35 | Epoch 040/060 | loss 1.8123 | cls 1.4141 | tal -0.0466 | dual_g 0.4122 | dual_d 0.8644 | train_acc 0.9236 | train_full 1.0000 | val_acc 1.0000 | val_f1 1.0000 | adv/moduleC 1.00/1.00 | disc_steps 4 | grad(main/disc) 10.623/1.927 | lr(main/disc) 3.50e-05/1.38e-05 | cuda_peak(alloc/resv) 4.09/5.12GB | phase(train/val/raw/train_eval) 1.1/0.4/0.4/0.4s | 2.3s
2026-08-30 14:57:37 | Epoch 041/060 | loss 1.8027 | cls 1.3969 | tal -0.0306 | dual_g 0.4150 | dual_d 0.8932 | train_acc 0.9792 | train_full n/a | val_acc 1.0000 | val_f1 1.0000 | adv/moduleC 1.00/1.00 | disc_steps 4 | grad(main/disc) 11.319/1.971 | lr(main/disc) 3.50e-05/1.38e-05 | cuda_peak(alloc/resv) 4.09/5.12GB | phase(train/val/raw/train_eval) 1.1/0.4/0.0/0.0s | 1.5s
2026-08-30 14:57:38 | Epoch 042/060 | loss 1.8075 | cls 1.4059 | tal -0.0146 | dual_g 0.4060 | dual_d 0.8995 | train_acc 0.9375 | train_full n/a | val_acc 1.0000 | val_f1 1.0000 | adv/moduleC 1.00/1.00 | disc_steps 4 | grad(main/disc) 11.355/1.979 | lr(main/disc) 3.50e-05/1.38e-05 | cuda_peak(alloc/resv) 4.09/5.12GB | phase(train/val/raw/train_eval) 1.1/0.4/0.0/0.0s | 1.5s
2026-08-30 14:57:40 | Epoch 043/060 | loss 1.8593 | cls 1.4355 | tal 0.0773 | dual_g 0.4006 | dual_d 0.9475 | train_acc 0.9514 | train_full n/a | val_acc 1.0000 | val_f1 1.0000 | adv/moduleC 1.00/1.00 | disc_steps 4 | grad(main/disc) 11.403/1.971 | lr(main/disc) 1.75e-05/6.88e-06 | cuda_peak(alloc/resv) 4.09/5.12GB | phase(train/val/raw/train_eval) 1.3/0.4/0.0/0.0s | 1.6s
2026-08-30 14:57:41 | Epoch 044/060 | loss 1.8158 | cls 1.4367 | tal -0.0512 | dual_g 0.3944 | dual_d 1.0166 | train_acc 0.9514 | train_full n/a | val_acc 1.0000 | val_f1 1.0000 | adv/moduleC 1.00/1.00 | disc_steps 4 | grad(main/disc) 12.205/2.057 | lr(main/disc) 1.75e-05/6.88e-06 | cuda_peak(alloc/resv) 4.09/5.12GB | phase(train/val/raw/train_eval) 0.9/0.4/0.0/0.0s | 1.3s
2026-08-30 14:57:43 | Epoch 045/060 | loss 1.6964 | cls 1.3073 | tal 0.0038 | dual_g 0.3879 | dual_d 0.9186 | train_acc 0.9861 | train_full 1.0000 | val_acc 1.0000 | val_f1 1.0000 | adv/moduleC 1.00/1.00 | disc_steps 4 | grad(main/disc) 9.303/1.916 | lr(main/disc) 1.75e-05/6.88e-06 | cuda_peak(alloc/resv) 4.09/5.12GB | phase(train/val/raw/train_eval) 1.2/0.4/0.4/0.4s | 2.4s
2026-08-30 14:57:45 | Epoch 046/060 | loss 1.6963 | cls 1.3287 | tal -0.0559 | dual_g 0.3845 | dual_d 0.9726 | train_acc 0.9792 | train_full n/a | val_acc 1.0000 | val_f1 1.0000 | adv/moduleC 1.00/1.00 | disc_steps 4 | grad(main/disc) 9.332/1.985 | lr(main/disc) 1.75e-05/6.88e-06 | cuda_peak(alloc/resv) 4.09/5.12GB | phase(train/val/raw/train_eval) 1.3/0.4/0.0/0.0s | 1.7s
2026-08-30 14:57:47 | Epoch 047/060 | loss 1.7027 | cls 1.3162 | tal -0.0056 | dual_g 0.3881 | dual_d 0.9797 | train_acc 0.9792 | train_full n/a | val_acc 1.0000 | val_f1 1.0000 | adv/moduleC 1.00/1.00 | disc_steps 4 | grad(main/disc) 8.942/1.989 | lr(main/disc) 1.75e-05/6.88e-06 | cuda_peak(alloc/resv) 4.09/5.12GB | phase(train/val/raw/train_eval) 1.1/0.4/0.0/0.0s | 1.5s
2026-08-30 14:57:47 | Early stopping at epoch 47 after 12 epochs without val_f1_macro_present improvement.
2026-08-30 14:57:47 | Training complete. Peak validation accuracy: 1.0000 | selected val_f1_macro_present: 1.0000
2026-08-30 14:57:47 | Starting Dual_D standalone training
2026-08-30 14:57:47 | Run directory: runs/module_c_v10_full_gate/module_c_20260830_144405/module_c_full_逆光_20260830_144406
2026-08-30 14:57:47 | Device: cuda
2026-08-30 14:57:47 | Source train samples: 992
2026-08-30 14:57:47 | Target train samples: 132
2026-08-30 14:57:47 | Target val samples: 37
2026-08-30 14:57:47 | Classes: 14
2026-08-30 14:57:47 | Data audit: same_dir=False | path_overlap(vis/ir/ais)=0/0/0 | content_overlap(vis/ir/ais)=0/0/0 | ais_index_overlap=0 | stem_mismatch(vis-ir/vis-ais)=157/0
2026-08-30 14:57:47 | source_train classes: present 14/14 | absent 0 | counts [0:120, 1:44, 2:69, 3:45, 4:40, 5:30, 6:64, 7:80, 8:116, 9:68, 10:57, 11:83, 12:48, 13:128]
2026-08-30 14:57:47 | target_train classes: present 9/14 | absent 5 | counts [0:20, 2:12, 4:12, 5:2, 9:16, 10:16, 11:29, 12:4, 13:21]
2026-08-30 14:57:47 | target_val classes: present 9/14 | absent 5 | counts [0:6, 2:3, 4:4, 5:1, 9:4, 10:4, 11:8, 12:1, 13:6]
2026-08-30 14:57:47 | Paired training classes: 9/14 | class ids [0, 2, 4, 5, 9, 10, 11, 12, 13]
2026-08-30 14:57:47 | Runtime profile: batch=16 | paired_steps=9 | workers=16 | train_eval_every=5 | raw_eval_every=5 | stability_window=3 | lr_scheduler_start=24 | early_stop=12 after min_epoch=35
2026-08-30 14:57:47 | Augmentation profile: base=0.650 | visible=0.700 | infrared=0.400 | freeze_frozen_batch_norm_stats=True
2026-08-30 14:57:47 | VIS/IR pairing: class-level-unpaired | count-mismatch classes train/val: 10/1 | AIS alignment: none | AIS rows train/val: 0/0
2026-08-30 14:57:47 | Effective Dual-D loss weights: {"adv_auxiliary": 0.025, "adv_primary": 0.025, "classification": 0.15, "contrastive": 0.02, "cycle": 0.12, "identity": 0.03, "prototype_contrastive": 0.06}
2026-08-30 14:57:47 | Model parameters: total=17277714 | trainable=17120210
Starting run 6/9: domain=逆光, iteration=3, seed=47
2026-08-30 14:57:50 | Epoch 001/060 | loss 5.7025 | cls 5.7093 | tal -0.0227 | dual_g 0.0000 | dual_d 0.0000 | train_acc 0.0764 | train_full 0.1136 | val_acc 0.2162 | val_f1 0.0730 | adv/moduleC 0.00/0.00 | disc_steps 0 | grad(main/disc) 29.246/0.000 | lr(main/disc) 7.00e-05/2.75e-05 | cuda_peak(alloc/resv) 4.09/5.12GB | phase(train/val/raw/train_eval) 1.4/0.4/0.4/0.4s | 2.6s
2026-08-30 14:57:51 | Epoch 002/060 | loss 4.7833 | cls 4.7297 | tal 0.1787 | dual_g 0.0000 | dual_d 0.0000 | train_acc 0.1319 | train_full n/a | val_acc 0.2703 | val_f1 0.1636 | adv/moduleC 0.00/0.00 | disc_steps 0 | grad(main/disc) 25.530/0.000 | lr(main/disc) 7.00e-05/2.75e-05 | cuda_peak(alloc/resv) 4.09/5.12GB | phase(train/val/raw/train_eval) 1.0/0.4/0.0/0.0s | 1.4s
2026-08-30 14:57:53 | Epoch 003/060 | loss 4.1832 | cls 4.1634 | tal 0.0659 | dual_g 0.0000 | dual_d 0.0000 | train_acc 0.2639 | train_full n/a | val_acc 0.4865 | val_f1 0.4903 | adv/moduleC 0.00/0.00 | disc_steps 0 | grad(main/disc) 23.056/0.000 | lr(main/disc) 7.00e-05/2.75e-05 | cuda_peak(alloc/resv) 4.09/5.12GB | phase(train/val/raw/train_eval) 1.2/0.4/0.4/0.0s | 2.0s
2026-08-30 14:57:56 | New best val_f1_macro_present: raw=0.4903 stable_score=0.0730 at epoch 3
2026-08-30 14:57:57 | Epoch 004/060 | loss 3.8946 | cls 3.8932 | tal 0.0048 | dual_g 0.0000 | dual_d 0.0000 | train_acc 0.3403 | train_full n/a | val_acc 0.6216 | val_f1 0.5577 | adv/moduleC 0.00/0.00 | disc_steps 0 | grad(main/disc) 22.028/0.000 | lr(main/disc) 7.00e-05/2.75e-05 | cuda_peak(alloc/resv) 4.09/5.12GB | phase(train/val/raw/train_eval) 1.1/0.4/0.4/0.0s | 1.9s
2026-08-30 14:58:00 | New best val_f1_macro_present: raw=0.5577 stable_score=0.1636 at epoch 4
2026-08-30 14:58:02 | Epoch 005/060 | loss 3.7631 | cls 3.6895 | tal -0.0295 | dual_g 0.0825 | dual_d 0.0000 | train_acc 0.4236 | train_full 0.7273 | val_acc 0.6486 | val_f1 0.6564 | adv/moduleC 0.00/0.10 | disc_steps 0 | grad(main/disc) 21.076/0.000 | lr(main/disc) 7.00e-05/2.75e-05 | cuda_peak(alloc/resv) 4.09/5.12GB | phase(train/val/raw/train_eval) 1.1/0.4/0.4/0.4s | 2.3s
2026-08-30 14:58:04 | New best val_f1_macro_present: raw=0.6564 stable_score=0.4903 at epoch 5
2026-08-30 14:58:06 | Epoch 006/060 | loss 3.5311 | cls 3.3822 | tal -0.0400 | dual_g 0.1609 | dual_d 0.0000 | train_acc 0.4236 | train_full n/a | val_acc 0.8108 | val_f1 0.8481 | adv/moduleC 0.00/0.20 | disc_steps 0 | grad(main/disc) 20.476/0.000 | lr(main/disc) 7.00e-05/2.75e-05 | cuda_peak(alloc/resv) 4.09/5.12GB | phase(train/val/raw/train_eval) 1.1/0.4/0.4/0.0s | 1.9s
2026-08-30 14:58:08 | New best val_f1_macro_present: raw=0.8481 stable_score=0.5577 at epoch 6
2026-08-30 14:58:10 | Epoch 007/060 | loss 3.3877 | cls 3.1910 | tal -0.1269 | dual_g 0.2347 | dual_d 0.9315 | train_acc 0.5625 | train_full n/a | val_acc 0.8378 | val_f1 0.8610 | adv/moduleC 0.07/0.30 | disc_steps 4 | grad(main/disc) 19.642/2.322 | lr(main/disc) 7.00e-05/2.75e-05 | cuda_peak(alloc/resv) 4.09/5.12GB | phase(train/val/raw/train_eval) 1.1/0.4/0.4/0.0s | 1.8s
2026-08-30 14:58:12 | New best val_f1_macro_present: raw=0.8610 stable_score=0.6564 at epoch 7
2026-08-30 14:58:14 | Epoch 008/060 | loss 3.3685 | cls 3.1269 | tal -0.1680 | dual_g 0.2920 | dual_d 0.8885 | train_acc 0.5278 | train_full n/a | val_acc 0.9459 | val_f1 0.9537 | adv/moduleC 0.14/0.40 | disc_steps 4 | grad(main/disc) 20.593/2.294 | lr(main/disc) 7.00e-05/2.75e-05 | cuda_peak(alloc/resv) 4.09/5.12GB | phase(train/val/raw/train_eval) 1.2/0.4/0.4/0.0s | 2.0s
2026-08-30 14:58:16 | New best val_f1_macro_present: raw=0.9537 stable_score=0.8481 at epoch 8
2026-08-30 14:58:18 | Epoch 009/060 | loss 3.2690 | cls 2.9360 | tal -0.0871 | dual_g 0.3592 | dual_d 0.8372 | train_acc 0.6042 | train_full n/a | val_acc 0.8649 | val_f1 0.8470 | adv/moduleC 0.21/0.50 | disc_steps 4 | grad(main/disc) 20.831/2.174 | lr(main/disc) 7.00e-05/2.75e-05 | cuda_peak(alloc/resv) 4.09/5.12GB | phase(train/val/raw/train_eval) 1.0/0.4/0.0/0.0s | 1.4s
2026-08-30 14:58:20 | Epoch 010/060 | loss 3.2157 | cls 2.8213 | tal -0.0543 | dual_g 0.4107 | dual_d 0.8628 | train_acc 0.5208 | train_full 0.7955 | val_acc 0.7027 | val_f1 0.7052 | adv/moduleC 0.29/0.60 | disc_steps 4 | grad(main/disc) 19.780/2.109 | lr(main/disc) 7.00e-05/2.75e-05 | cuda_peak(alloc/resv) 4.09/5.12GB | phase(train/val/raw/train_eval) 1.1/0.4/0.4/0.5s | 2.3s
2026-08-30 14:58:21 | Epoch 011/060 | loss 3.1674 | cls 2.7240 | tal -0.0456 | dual_g 0.4571 | dual_d 0.8400 | train_acc 0.6181 | train_full n/a | val_acc 0.8378 | val_f1 0.8588 | adv/moduleC 0.36/0.70 | disc_steps 4 | grad(main/disc) 20.087/2.113 | lr(main/disc) 7.00e-05/2.75e-05 | cuda_peak(alloc/resv) 4.09/5.12GB | phase(train/val/raw/train_eval) 1.0/0.4/0.0/0.0s | 1.4s
2026-08-30 14:58:23 | Epoch 012/060 | loss 3.1069 | cls 2.6272 | tal -0.1059 | dual_g 0.5115 | dual_d 0.8008 | train_acc 0.6389 | train_full n/a | val_acc 0.8649 | val_f1 0.8999 | adv/moduleC 0.43/0.80 | disc_steps 4 | grad(main/disc) 20.331/2.041 | lr(main/disc) 7.00e-05/2.75e-05 | cuda_peak(alloc/resv) 4.09/5.12GB | phase(train/val/raw/train_eval) 1.1/0.4/0.0/0.0s | 1.5s
2026-08-30 14:58:25 | Epoch 013/060 | loss 2.8735 | cls 2.3661 | tal -0.1043 | dual_g 0.5387 | dual_d 0.7756 | train_acc 0.6458 | train_full n/a | val_acc 0.8919 | val_f1 0.9167 | adv/moduleC 0.50/0.90 | disc_steps 4 | grad(main/disc) 18.605/1.961 | lr(main/disc) 7.00e-05/2.75e-05 | cuda_peak(alloc/resv) 4.09/5.12GB | phase(train/val/raw/train_eval) 1.1/0.4/0.4/0.0s | 1.8s
2026-08-30 14:58:27 | New best val_f1_macro_present: raw=0.9167 stable_score=0.8588 at epoch 13
2026-08-30 14:58:29 | Epoch 014/060 | loss 2.8579 | cls 2.2850 | tal -0.1355 | dual_g 0.6135 | dual_d 0.8062 | train_acc 0.7222 | train_full n/a | val_acc 0.9189 | val_f1 0.9249 | adv/moduleC 0.57/1.00 | disc_steps 4 | grad(main/disc) 17.547/2.031 | lr(main/disc) 7.00e-05/2.75e-05 | cuda_peak(alloc/resv) 4.09/5.12GB | phase(train/val/raw/train_eval) 1.2/0.4/0.4/0.0s | 2.0s
2026-08-30 14:58:31 | New best val_f1_macro_present: raw=0.9249 stable_score=0.8999 at epoch 14
2026-08-30 14:58:33 | Epoch 015/060 | loss 2.9372 | cls 2.4028 | tal -0.1594 | dual_g 0.5822 | dual_d 0.7784 | train_acc 0.6250 | train_full 0.9545 | val_acc 0.9730 | val_f1 0.9776 | adv/moduleC 0.64/1.00 | disc_steps 4 | grad(main/disc) 19.181/2.021 | lr(main/disc) 7.00e-05/2.75e-05 | cuda_peak(alloc/resv) 4.09/5.12GB | phase(train/val/raw/train_eval) 1.0/0.4/0.4/0.4s | 2.2s
2026-08-30 14:58:35 | New best val_f1_macro_present: raw=0.9776 stable_score=0.9167 at epoch 15
2026-08-30 14:58:37 | Epoch 016/060 | loss 2.6994 | cls 2.2266 | tal -0.2101 | dual_g 0.5358 | dual_d 0.7730 | train_acc 0.6944 | train_full n/a | val_acc 0.9730 | val_f1 0.9776 | adv/moduleC 0.71/1.00 | disc_steps 4 | grad(main/disc) 17.692/2.050 | lr(main/disc) 7.00e-05/2.75e-05 | cuda_peak(alloc/resv) 4.09/5.12GB | phase(train/val/raw/train_eval) 1.1/0.4/0.4/0.0s | 1.8s
2026-08-30 14:58:39 | New best val_f1_macro_present: raw=0.9776 stable_score=0.9249 at epoch 16
2026-08-30 14:58:41 | Epoch 017/060 | loss 2.5221 | cls 2.0259 | tal -0.1905 | dual_g 0.5534 | dual_d 0.8130 | train_acc 0.8264 | train_full n/a | val_acc 0.8919 | val_f1 0.9164 | adv/moduleC 0.79/1.00 | disc_steps 4 | grad(main/disc) 16.671/1.996 | lr(main/disc) 7.00e-05/2.75e-05 | cuda_peak(alloc/resv) 4.09/5.12GB | phase(train/val/raw/train_eval) 1.3/0.4/0.0/0.0s | 1.6s
2026-08-30 14:58:42 | Epoch 018/060 | loss 2.5753 | cls 2.0875 | tal -0.1846 | dual_g 0.5431 | dual_d 0.7623 | train_acc 0.8125 | train_full n/a | val_acc 0.9730 | val_f1 0.9776 | adv/moduleC 0.86/1.00 | disc_steps 4 | grad(main/disc) 18.476/1.983 | lr(main/disc) 7.00e-05/2.75e-05 | cuda_peak(alloc/resv) 4.09/5.12GB | phase(train/val/raw/train_eval) 1.1/0.4/0.0/0.0s | 1.5s
2026-08-30 14:58:44 | Epoch 019/060 | loss 2.3140 | cls 1.8438 | tal -0.1831 | dual_g 0.5251 | dual_d 0.8270 | train_acc 0.8542 | train_full n/a | val_acc 0.9459 | val_f1 0.9616 | adv/moduleC 0.93/1.00 | disc_steps 4 | grad(main/disc) 15.699/1.947 | lr(main/disc) 7.00e-05/2.75e-05 | cuda_peak(alloc/resv) 4.09/5.12GB | phase(train/val/raw/train_eval) 1.4/0.4/0.0/0.0s | 1.8s
2026-08-30 14:58:46 | Epoch 020/060 | loss 2.4510 | cls 1.9821 | tal -0.2022 | dual_g 0.5296 | dual_d 0.8185 | train_acc 0.8333 | train_full 0.9848 | val_acc 0.9730 | val_f1 0.9776 | adv/moduleC 1.00/1.00 | disc_steps 4 | grad(main/disc) 17.512/2.018 | lr(main/disc) 7.00e-05/2.75e-05 | cuda_peak(alloc/resv) 4.09/5.12GB | phase(train/val/raw/train_eval) 1.2/0.4/0.4/0.5s | 2.4s
2026-08-30 14:58:49 | New best val_f1_macro_present: raw=0.9776 stable_score=0.9616 at epoch 20
2026-08-30 14:58:50 | Epoch 021/060 | loss 2.3107 | cls 1.8674 | tal -0.2537 | dual_g 0.5194 | dual_d 0.8482 | train_acc 0.8264 | train_full n/a | val_acc 1.0000 | val_f1 1.0000 | adv/moduleC 1.00/1.00 | disc_steps 4 | grad(main/disc) 18.124/2.039 | lr(main/disc) 7.00e-05/2.75e-05 | cuda_peak(alloc/resv) 4.09/5.12GB | phase(train/val/raw/train_eval) 1.2/0.4/0.0/0.0s | 1.6s
2026-08-30 14:58:52 | Epoch 022/060 | loss 2.2851 | cls 1.8814 | tal -0.2963 | dual_g 0.4927 | dual_d 0.8365 | train_acc 0.8333 | train_full n/a | val_acc 0.9189 | val_f1 0.9401 | adv/moduleC 1.00/1.00 | disc_steps 4 | grad(main/disc) 17.851/2.001 | lr(main/disc) 7.00e-05/2.75e-05 | cuda_peak(alloc/resv) 4.09/5.12GB | phase(train/val/raw/train_eval) 0.9/0.4/0.0/0.0s | 1.3s
2026-08-30 14:58:53 | Epoch 023/060 | loss 2.1400 | cls 1.7296 | tal -0.2318 | dual_g 0.4800 | dual_d 0.8674 | train_acc 0.8819 | train_full n/a | val_acc 0.9730 | val_f1 0.9776 | adv/moduleC 1.00/1.00 | disc_steps 4 | grad(main/disc) 15.617/1.955 | lr(main/disc) 7.00e-05/2.75e-05 | cuda_peak(alloc/resv) 4.09/5.12GB | phase(train/val/raw/train_eval) 1.2/0.4/0.0/0.0s | 1.5s
2026-08-30 14:58:55 | Epoch 024/060 | loss 2.1249 | cls 1.7275 | tal -0.2400 | dual_g 0.4694 | dual_d 0.9003 | train_acc 0.8472 | train_full n/a | val_acc 0.9459 | val_f1 0.9616 | adv/moduleC 1.00/1.00 | disc_steps 4 | grad(main/disc) 14.432/2.101 | lr(main/disc) 7.00e-05/2.75e-05 | cuda_peak(alloc/resv) 4.09/5.12GB | phase(train/val/raw/train_eval) 1.3/0.4/0.0/0.0s | 1.6s
2026-08-30 14:58:57 | Epoch 025/060 | loss 2.1338 | cls 1.7362 | tal -0.2427 | dual_g 0.4704 | dual_d 0.8472 | train_acc 0.8681 | train_full 0.9773 | val_acc 0.9459 | val_f1 0.9616 | adv/moduleC 1.00/1.00 | disc_steps 4 | grad(main/disc) 16.017/1.938 | lr(main/disc) 7.00e-05/2.75e-05 | cuda_peak(alloc/resv) 4.09/5.12GB | phase(train/val/raw/train_eval) 1.1/0.4/0.4/0.4s | 2.3s
2026-08-30 14:58:59 | Epoch 026/060 | loss 1.9961 | cls 1.5745 | tal -0.1314 | dual_g 0.4610 | dual_d 0.8162 | train_acc 0.9028 | train_full n/a | val_acc 0.9730 | val_f1 0.9776 | adv/moduleC 1.00/1.00 | disc_steps 4 | grad(main/disc) 13.796/1.843 | lr(main/disc) 7.00e-05/2.75e-05 | cuda_peak(alloc/resv) 4.09/5.12GB | phase(train/val/raw/train_eval) 1.2/0.4/0.0/0.0s | 1.5s
2026-08-30 14:59:00 | Epoch 027/060 | loss 2.0370 | cls 1.6445 | tal -0.1815 | dual_g 0.4470 | dual_d 0.8725 | train_acc 0.9444 | train_full n/a | val_acc 0.9730 | val_f1 0.9840 | adv/moduleC 1.00/1.00 | disc_steps 4 | grad(main/disc) 13.869/1.913 | lr(main/disc) 7.00e-05/2.75e-05 | cuda_peak(alloc/resv) 4.09/5.12GB | phase(train/val/raw/train_eval) 1.1/0.4/0.0/0.0s | 1.5s
2026-08-30 14:59:02 | Epoch 028/060 | loss 2.1602 | cls 1.7571 | tal -0.2471 | dual_g 0.4773 | dual_d 0.9148 | train_acc 0.8750 | train_full n/a | val_acc 1.0000 | val_f1 1.0000 | adv/moduleC 1.00/1.00 | disc_steps 4 | grad(main/disc) 18.529/2.024 | lr(main/disc) 7.00e-05/2.75e-05 | cuda_peak(alloc/resv) 4.09/5.12GB | phase(train/val/raw/train_eval) 1.2/0.4/0.4/0.0s | 2.0s
2026-08-30 14:59:04 | New best val_f1_macro_present: raw=1.0000 stable_score=0.9776 at epoch 28
2026-08-30 14:59:06 | Epoch 029/060 | loss 1.9674 | cls 1.5725 | tal -0.1654 | dual_g 0.4446 | dual_d 0.8763 | train_acc 0.8958 | train_full n/a | val_acc 0.9730 | val_f1 0.9840 | adv/moduleC 1.00/1.00 | disc_steps 4 | grad(main/disc) 14.616/1.996 | lr(main/disc) 7.00e-05/2.75e-05 | cuda_peak(alloc/resv) 4.09/5.12GB | phase(train/val/raw/train_eval) 1.0/0.4/0.4/0.0s | 1.8s
2026-08-30 14:59:08 | New best val_f1_macro_present: raw=0.9840 stable_score=0.9840 at epoch 29
2026-08-30 14:59:10 | Epoch 030/060 | loss 1.9244 | cls 1.5507 | tal -0.1804 | dual_g 0.4279 | dual_d 0.8370 | train_acc 0.8611 | train_full 1.0000 | val_acc 0.9730 | val_f1 0.9776 | adv/moduleC 1.00/1.00 | disc_steps 4 | grad(main/disc) 13.089/1.915 | lr(main/disc) 7.00e-05/2.75e-05 | cuda_peak(alloc/resv) 4.09/5.12GB | phase(train/val/raw/train_eval) 1.1/0.4/0.4/0.4s | 2.3s
2026-08-30 14:59:12 | Epoch 031/060 | loss 1.9232 | cls 1.5656 | tal -0.2387 | dual_g 0.4292 | dual_d 0.8971 | train_acc 0.9306 | train_full n/a | val_acc 0.9459 | val_f1 0.9551 | adv/moduleC 1.00/1.00 | disc_steps 4 | grad(main/disc) 13.044/1.940 | lr(main/disc) 7.00e-05/2.75e-05 | cuda_peak(alloc/resv) 4.09/5.12GB | phase(train/val/raw/train_eval) 1.1/0.4/0.0/0.0s | 1.5s
2026-08-30 14:59:13 | Epoch 032/060 | loss 1.8289 | cls 1.4527 | tal -0.1769 | dual_g 0.4292 | dual_d 0.9168 | train_acc 0.9514 | train_full n/a | val_acc 1.0000 | val_f1 1.0000 | adv/moduleC 1.00/1.00 | disc_steps 4 | grad(main/disc) 11.724/2.035 | lr(main/disc) 7.00e-05/2.75e-05 | cuda_peak(alloc/resv) 4.09/5.12GB | phase(train/val/raw/train_eval) 1.3/0.4/0.0/0.0s | 1.6s
2026-08-30 14:59:15 | Epoch 033/060 | loss 1.9051 | cls 1.5398 | tal -0.1914 | dual_g 0.4227 | dual_d 0.8641 | train_acc 0.9306 | train_full n/a | val_acc 1.0000 | val_f1 1.0000 | adv/moduleC 1.00/1.00 | disc_steps 4 | grad(main/disc) 13.650/2.008 | lr(main/disc) 7.00e-05/2.75e-05 | cuda_peak(alloc/resv) 4.09/5.12GB | phase(train/val/raw/train_eval) 1.1/0.4/0.0/0.0s | 1.5s
2026-08-30 14:59:16 | Epoch 034/060 | loss 1.8571 | cls 1.5015 | tal -0.2072 | dual_g 0.4178 | dual_d 0.9155 | train_acc 0.9306 | train_full n/a | val_acc 0.9730 | val_f1 0.9776 | adv/moduleC 1.00/1.00 | disc_steps 4 | grad(main/disc) 13.079/2.006 | lr(main/disc) 7.00e-05/2.75e-05 | cuda_peak(alloc/resv) 4.09/5.12GB | phase(train/val/raw/train_eval) 1.1/0.4/0.0/0.0s | 1.5s
2026-08-30 14:59:19 | Epoch 035/060 | loss 1.8181 | cls 1.5087 | tal -0.3344 | dual_g 0.4097 | dual_d 1.0205 | train_acc 0.9792 | train_full 1.0000 | val_acc 1.0000 | val_f1 1.0000 | adv/moduleC 1.00/1.00 | disc_steps 4 | grad(main/disc) 12.974/2.111 | lr(main/disc) 7.00e-05/2.75e-05 | cuda_peak(alloc/resv) 4.09/5.12GB | phase(train/val/raw/train_eval) 1.1/0.4/0.4/0.4s | 2.3s
2026-08-30 14:59:20 | Epoch 036/060 | loss 1.7547 | cls 1.4250 | tal -0.1984 | dual_g 0.3892 | dual_d 0.8869 | train_acc 0.9722 | train_full n/a | val_acc 1.0000 | val_f1 1.0000 | adv/moduleC 1.00/1.00 | disc_steps 4 | grad(main/disc) 10.652/1.892 | lr(main/disc) 7.00e-05/2.75e-05 | cuda_peak(alloc/resv) 4.09/5.12GB | phase(train/val/raw/train_eval) 1.1/0.4/0.0/0.0s | 1.5s
2026-08-30 14:59:22 | Epoch 037/060 | loss 1.8057 | cls 1.4770 | tal -0.2428 | dual_g 0.4015 | dual_d 0.9892 | train_acc 0.9722 | train_full n/a | val_acc 1.0000 | val_f1 1.0000 | adv/moduleC 1.00/1.00 | disc_steps 4 | grad(main/disc) 12.524/2.093 | lr(main/disc) 3.50e-05/1.38e-05 | cuda_peak(alloc/resv) 4.09/5.12GB | phase(train/val/raw/train_eval) 1.0/0.4/0.4/0.0s | 1.7s
2026-08-30 14:59:24 | New best val_f1_macro_present: raw=1.0000 stable_score=1.0000 at epoch 37
2026-08-30 14:59:26 | Epoch 038/060 | loss 1.6704 | cls 1.3585 | tal -0.2581 | dual_g 0.3893 | dual_d 0.8791 | train_acc 0.9514 | train_full n/a | val_acc 1.0000 | val_f1 1.0000 | adv/moduleC 1.00/1.00 | disc_steps 4 | grad(main/disc) 9.754/1.896 | lr(main/disc) 3.50e-05/1.38e-05 | cuda_peak(alloc/resv) 4.09/5.12GB | phase(train/val/raw/train_eval) 1.1/0.4/0.0/0.0s | 1.5s
2026-08-30 14:59:27 | Epoch 039/060 | loss 1.5970 | cls 1.3261 | tal -0.3369 | dual_g 0.3720 | dual_d 0.9645 | train_acc 0.9861 | train_full n/a | val_acc 1.0000 | val_f1 1.0000 | adv/moduleC 1.00/1.00 | disc_steps 4 | grad(main/disc) 8.190/1.935 | lr(main/disc) 3.50e-05/1.38e-05 | cuda_peak(alloc/resv) 4.09/5.12GB | phase(train/val/raw/train_eval) 1.3/0.4/0.0/0.0s | 1.7s
2026-08-30 14:59:29 | Epoch 040/060 | loss 1.6829 | cls 1.3801 | tal -0.2540 | dual_g 0.3790 | dual_d 0.9491 | train_acc 0.9722 | train_full 1.0000 | val_acc 1.0000 | val_f1 1.0000 | adv/moduleC 1.00/1.00 | disc_steps 4 | grad(main/disc) 10.561/1.974 | lr(main/disc) 3.50e-05/1.38e-05 | cuda_peak(alloc/resv) 4.09/5.12GB | phase(train/val/raw/train_eval) 1.0/0.4/0.4/0.4s | 2.2s
2026-08-30 14:59:31 | Epoch 041/060 | loss 1.6632 | cls 1.3633 | tal -0.2555 | dual_g 0.3765 | dual_d 0.9972 | train_acc 0.9722 | train_full n/a | val_acc 1.0000 | val_f1 1.0000 | adv/moduleC 1.00/1.00 | disc_steps 4 | grad(main/disc) 9.398/2.058 | lr(main/disc) 3.50e-05/1.38e-05 | cuda_peak(alloc/resv) 4.09/5.12GB | phase(train/val/raw/train_eval) 1.1/0.4/0.0/0.0s | 1.5s
2026-08-30 14:59:33 | Epoch 042/060 | loss 1.5958 | cls 1.3186 | tal -0.3274 | dual_g 0.3754 | dual_d 0.9313 | train_acc 0.9792 | train_full n/a | val_acc 1.0000 | val_f1 1.0000 | adv/moduleC 1.00/1.00 | disc_steps 4 | grad(main/disc) 9.878/1.881 | lr(main/disc) 3.50e-05/1.38e-05 | cuda_peak(alloc/resv) 4.09/5.12GB | phase(train/val/raw/train_eval) 1.2/0.4/0.0/0.0s | 1.6s
2026-08-30 14:59:34 | Epoch 043/060 | loss 1.6727 | cls 1.3698 | tal -0.2381 | dual_g 0.3744 | dual_d 0.9337 | train_acc 0.9583 | train_full n/a | val_acc 1.0000 | val_f1 1.0000 | adv/moduleC 1.00/1.00 | disc_steps 4 | grad(main/disc) 10.844/1.948 | lr(main/disc) 3.50e-05/1.38e-05 | cuda_peak(alloc/resv) 4.09/5.12GB | phase(train/val/raw/train_eval) 1.0/0.4/0.0/0.0s | 1.4s
2026-08-30 14:59:36 | Epoch 044/060 | loss 1.5926 | cls 1.2924 | tal -0.2541 | dual_g 0.3765 | dual_d 0.9600 | train_acc 0.9583 | train_full n/a | val_acc 1.0000 | val_f1 1.0000 | adv/moduleC 1.00/1.00 | disc_steps 4 | grad(main/disc) 8.641/1.981 | lr(main/disc) 3.50e-05/1.38e-05 | cuda_peak(alloc/resv) 4.09/5.12GB | phase(train/val/raw/train_eval) 1.2/0.4/0.0/0.0s | 1.6s
2026-08-30 14:59:38 | Epoch 045/060 | loss 1.5905 | cls 1.3011 | tal -0.2313 | dual_g 0.3588 | dual_d 0.9918 | train_acc 0.9722 | train_full 1.0000 | val_acc 1.0000 | val_f1 1.0000 | adv/moduleC 1.00/1.00 | disc_steps 4 | grad(main/disc) 8.532/1.947 | lr(main/disc) 3.50e-05/1.38e-05 | cuda_peak(alloc/resv) 4.09/5.12GB | phase(train/val/raw/train_eval) 1.1/0.4/0.4/0.4s | 2.3s
2026-08-30 14:59:39 | Epoch 046/060 | loss 1.5449 | cls 1.2527 | tal -0.2114 | dual_g 0.3557 | dual_d 0.9445 | train_acc 0.9931 | train_full n/a | val_acc 1.0000 | val_f1 1.0000 | adv/moduleC 1.00/1.00 | disc_steps 4 | grad(main/disc) 6.778/1.929 | lr(main/disc) 1.75e-05/6.88e-06 | cuda_peak(alloc/resv) 4.09/5.12GB | phase(train/val/raw/train_eval) 1.0/0.4/0.0/0.0s | 1.4s
2026-08-30 14:59:41 | Epoch 047/060 | loss 1.6289 | cls 1.3371 | tal -0.2241 | dual_g 0.3591 | dual_d 0.9903 | train_acc 0.9722 | train_full n/a | val_acc 1.0000 | val_f1 1.0000 | adv/moduleC 1.00/1.00 | disc_steps 4 | grad(main/disc) 9.667/1.919 | lr(main/disc) 1.75e-05/6.88e-06 | cuda_peak(alloc/resv) 4.09/5.12GB | phase(train/val/raw/train_eval) 1.2/0.4/0.0/0.0s | 1.6s
2026-08-30 14:59:42 | Epoch 048/060 | loss 1.6393 | cls 1.3589 | tal -0.2966 | dual_g 0.3694 | dual_d 1.0036 | train_acc 0.9792 | train_full n/a | val_acc 1.0000 | val_f1 1.0000 | adv/moduleC 1.00/1.00 | disc_steps 4 | grad(main/disc) 10.960/2.024 | lr(main/disc) 1.75e-05/6.88e-06 | cuda_peak(alloc/resv) 4.09/5.12GB | phase(train/val/raw/train_eval) 1.1/0.4/0.0/0.0s | 1.5s
2026-08-30 14:59:44 | Epoch 049/060 | loss 1.6431 | cls 1.3268 | tal -0.1857 | dual_g 0.3720 | dual_d 0.9901 | train_acc 0.9792 | train_full n/a | val_acc 1.0000 | val_f1 1.0000 | adv/moduleC 1.00/1.00 | disc_steps 4 | grad(main/disc) 9.810/1.918 | lr(main/disc) 1.75e-05/6.88e-06 | cuda_peak(alloc/resv) 4.09/5.12GB | phase(train/val/raw/train_eval) 1.1/0.4/0.0/0.0s | 1.5s
2026-08-30 14:59:44 | Early stopping at epoch 49 after 12 epochs without val_f1_macro_present improvement.
2026-08-30 14:59:44 | Training complete. Peak validation accuracy: 1.0000 | selected val_f1_macro_present: 1.0000
2026-08-30 14:59:44 | Starting Dual_D standalone training
2026-08-30 14:59:44 | Run directory: runs/module_c_v10_full_gate/module_c_20260830_144405/module_c_full_雨天_20260830_144406
2026-08-30 14:59:44 | Device: cuda
2026-08-30 14:59:44 | Source train samples: 992
2026-08-30 14:59:44 | Target train samples: 96
2026-08-30 14:59:44 | Target val samples: 26
2026-08-30 14:59:44 | Classes: 14
2026-08-30 14:59:44 | Data audit: same_dir=False | path_overlap(vis/ir/ais)=0/0/0 | content_overlap(vis/ir/ais)=0/0/0 | ais_index_overlap=0 | stem_mismatch(vis-ir/vis-ais)=117/0
2026-08-30 14:59:44 | source_train classes: present 14/14 | absent 0 | counts [0:120, 1:44, 2:69, 3:45, 4:40, 5:30, 6:64, 7:80, 8:116, 9:68, 10:57, 11:83, 12:48, 13:128]
2026-08-30 14:59:44 | target_train classes: present 6/14 | absent 8 | counts [0:7, 2:19, 9:32, 10:12, 11:6, 13:20]
2026-08-30 14:59:44 | target_val classes: present 6/14 | absent 8 | counts [0:2, 2:5, 9:8, 10:4, 11:2, 13:5]
2026-08-30 14:59:44 | Paired training classes: 6/14 | class ids [0, 2, 9, 10, 11, 13]
2026-08-30 14:59:44 | Runtime profile: batch=16 | paired_steps=6 | workers=16 | train_eval_every=5 | raw_eval_every=5 | stability_window=3 | lr_scheduler_start=24 | early_stop=12 after min_epoch=35
2026-08-30 14:59:44 | Augmentation profile: base=0.550 | visible=0.600 | infrared=0.400 | freeze_frozen_batch_norm_stats=True
2026-08-30 14:59:44 | VIS/IR pairing: class-level-unpaired | count-mismatch classes train/val: 10/0 | AIS alignment: none | AIS rows train/val: 0/0
2026-08-30 14:59:45 | Effective Dual-D loss weights: {"adv_auxiliary": 0.02, "adv_primary": 0.02, "classification": 0.6, "contrastive": 0.025, "cycle": 0.12, "identity": 0.025, "prototype_contrastive": 0.015}
2026-08-30 14:59:45 | Model parameters: total=17277714 | trainable=17120210
Starting run 7/9: domain=雨天, iteration=1, seed=48
2026-08-30 14:59:47 | Epoch 001/060 | loss 6.1324 | cls 6.1606 | tal -0.0938 | dual_g 0.0000 | dual_d 0.0000 | train_acc 0.0312 | train_full 0.1354 | val_acc 0.0385 | val_f1 0.0175 | adv/moduleC 0.00/0.00 | disc_steps 0 | grad(main/disc) 36.692/0.000 | lr(main/disc) 9.00e-05/2.75e-05 | cuda_peak(alloc/resv) 4.09/5.12GB | phase(train/val/raw/train_eval) 1.2/0.3/0.3/0.4s | 2.2s
2026-08-30 14:59:48 | Epoch 002/060 | loss 4.5979 | cls 4.6603 | tal -0.2080 | dual_g 0.0000 | dual_d 0.0000 | train_acc 0.2188 | train_full n/a | val_acc 0.1154 | val_f1 0.0385 | adv/moduleC 0.00/0.00 | disc_steps 0 | grad(main/disc) 29.655/0.000 | lr(main/disc) 9.00e-05/2.75e-05 | cuda_peak(alloc/resv) 4.09/5.12GB | phase(train/val/raw/train_eval) 0.9/0.3/0.0/0.0s | 1.2s
2026-08-30 14:59:50 | Epoch 003/060 | loss 4.0638 | cls 4.0721 | tal -0.0277 | dual_g 0.0000 | dual_d 0.0000 | train_acc 0.3542 | train_full n/a | val_acc 0.1923 | val_f1 0.1885 | adv/moduleC 0.00/0.00 | disc_steps 0 | grad(main/disc) 25.816/0.000 | lr(main/disc) 9.00e-05/2.75e-05 | cuda_peak(alloc/resv) 4.09/5.12GB | phase(train/val/raw/train_eval) 0.9/0.3/0.3/0.0s | 1.6s
2026-08-30 14:59:52 | New best val_f1_macro_present: raw=0.1885 stable_score=0.0175 at epoch 3
2026-08-30 14:59:53 | Epoch 004/060 | loss 4.1783 | cls 3.8547 | tal -0.0192 | dual_g 0.3294 | dual_d 0.0000 | train_acc 0.3646 | train_full n/a | val_acc 0.2692 | val_f1 0.2851 | adv/moduleC 0.00/0.12 | disc_steps 0 | grad(main/disc) 25.821/0.000 | lr(main/disc) 9.00e-05/2.75e-05 | cuda_peak(alloc/resv) 4.09/5.12GB | phase(train/val/raw/train_eval) 0.7/0.3/0.3/0.0s | 1.3s
2026-08-30 14:59:55 | New best val_f1_macro_present: raw=0.2851 stable_score=0.0385 at epoch 4
2026-08-30 14:59:57 | Epoch 005/060 | loss 4.1267 | cls 3.5270 | tal 0.0204 | dual_g 0.5936 | dual_d 0.0000 | train_acc 0.4792 | train_full 0.2708 | val_acc 0.3462 | val_f1 0.3132 | adv/moduleC 0.00/0.25 | disc_steps 0 | grad(main/disc) 23.542/0.000 | lr(main/disc) 9.00e-05/2.75e-05 | cuda_peak(alloc/resv) 4.09/5.12GB | phase(train/val/raw/train_eval) 0.8/0.3/0.3/0.4s | 1.9s
2026-08-30 14:59:59 | New best val_f1_macro_present: raw=0.3132 stable_score=0.1885 at epoch 5
2026-08-30 15:00:01 | Epoch 006/060 | loss 4.0209 | cls 3.1865 | tal 0.0203 | dual_g 0.8283 | dual_d 0.0000 | train_acc 0.5625 | train_full n/a | val_acc 0.2692 | val_f1 0.2619 | adv/moduleC 0.00/0.38 | disc_steps 0 | grad(main/disc) 22.506/0.000 | lr(main/disc) 9.00e-05/2.75e-05 | cuda_peak(alloc/resv) 4.09/5.12GB | phase(train/val/raw/train_eval) 0.8/0.4/0.3/0.0s | 1.6s
2026-08-30 15:00:03 | New best val_f1_macro_present: raw=0.2619 stable_score=0.2619 at epoch 6
2026-08-30 15:00:04 | Epoch 007/060 | loss 4.0450 | cls 3.0128 | tal 0.0455 | dual_g 1.0185 | dual_d 0.9050 | train_acc 0.6250 | train_full n/a | val_acc 0.2692 | val_f1 0.2692 | adv/moduleC 0.07/0.50 | disc_steps 3 | grad(main/disc) 23.542/2.441 | lr(main/disc) 9.00e-05/2.75e-05 | cuda_peak(alloc/resv) 4.09/5.12GB | phase(train/val/raw/train_eval) 0.8/0.3/0.0/0.0s | 1.1s
2026-08-30 15:00:05 | Epoch 008/060 | loss 4.1033 | cls 2.8477 | tal 0.1031 | dual_g 1.2246 | dual_d 0.8919 | train_acc 0.7292 | train_full n/a | val_acc 0.3462 | val_f1 0.3637 | adv/moduleC 0.13/0.62 | disc_steps 3 | grad(main/disc) 22.963/2.424 | lr(main/disc) 9.00e-05/2.75e-05 | cuda_peak(alloc/resv) 4.09/5.12GB | phase(train/val/raw/train_eval) 0.9/0.3/0.0/0.0s | 1.3s
2026-08-30 15:00:07 | Epoch 009/060 | loss 4.0750 | cls 2.7169 | tal 0.0226 | dual_g 1.3513 | dual_d 0.8830 | train_acc 0.6354 | train_full n/a | val_acc 0.4231 | val_f1 0.4026 | adv/moduleC 0.20/0.75 | disc_steps 3 | grad(main/disc) 23.326/2.351 | lr(main/disc) 9.00e-05/2.75e-05 | cuda_peak(alloc/resv) 4.09/5.12GB | phase(train/val/raw/train_eval) 0.7/0.3/0.3/0.0s | 1.4s
2026-08-30 15:00:09 | New best val_f1_macro_present: raw=0.4026 stable_score=0.2692 at epoch 9
2026-08-30 15:00:10 | Epoch 010/060 | loss 3.7529 | cls 2.3066 | tal -0.0033 | dual_g 1.4473 | dual_d 0.9816 | train_acc 0.8229 | train_full 0.4583 | val_acc 0.4231 | val_f1 0.3959 | adv/moduleC 0.27/0.88 | disc_steps 3 | grad(main/disc) 19.768/2.482 | lr(main/disc) 9.00e-05/2.75e-05 | cuda_peak(alloc/resv) 4.09/5.12GB | phase(train/val/raw/train_eval) 0.6/0.3/0.3/0.4s | 1.7s
2026-08-30 15:00:13 | New best val_f1_macro_present: raw=0.3959 stable_score=0.3637 at epoch 10
2026-08-30 15:00:14 | Epoch 011/060 | loss 3.8781 | cls 2.3260 | tal -0.0665 | dual_g 1.5720 | dual_d 0.9347 | train_acc 0.7500 | train_full n/a | val_acc 0.5385 | val_f1 0.5359 | adv/moduleC 0.33/1.00 | disc_steps 3 | grad(main/disc) 22.749/2.385 | lr(main/disc) 9.00e-05/2.75e-05 | cuda_peak(alloc/resv) 4.09/5.12GB | phase(train/val/raw/train_eval) 0.7/0.3/0.3/0.0s | 1.4s
2026-08-30 15:00:16 | New best val_f1_macro_present: raw=0.5359 stable_score=0.3959 at epoch 11
2026-08-30 15:00:17 | Epoch 012/060 | loss 3.6659 | cls 2.2410 | tal -0.1610 | dual_g 1.4732 | dual_d 0.8919 | train_acc 0.7396 | train_full n/a | val_acc 0.6154 | val_f1 0.6258 | adv/moduleC 0.40/1.00 | disc_steps 3 | grad(main/disc) 21.307/2.441 | lr(main/disc) 9.00e-05/2.75e-05 | cuda_peak(alloc/resv) 4.09/5.12GB | phase(train/val/raw/train_eval) 0.9/0.3/0.0/0.0s | 1.2s
2026-08-30 15:00:19 | Epoch 013/060 | loss 3.7543 | cls 2.3005 | tal -0.1962 | dual_g 1.5126 | dual_d 0.8059 | train_acc 0.8021 | train_full n/a | val_acc 0.5000 | val_f1 0.5006 | adv/moduleC 0.47/1.00 | disc_steps 3 | grad(main/disc) 22.308/2.341 | lr(main/disc) 9.00e-05/2.75e-05 | cuda_peak(alloc/resv) 4.09/5.12GB | phase(train/val/raw/train_eval) 0.9/0.3/0.3/0.0s | 1.5s
2026-08-30 15:00:21 | New best val_f1_macro_present: raw=0.5006 stable_score=0.5006 at epoch 13
2026-08-30 15:00:22 | Epoch 014/060 | loss 3.5562 | cls 2.0874 | tal -0.1040 | dual_g 1.5001 | dual_d 0.7725 | train_acc 0.8854 | train_full n/a | val_acc 0.5769 | val_f1 0.6095 | adv/moduleC 0.53/1.00 | disc_steps 3 | grad(main/disc) 21.671/2.143 | lr(main/disc) 9.00e-05/2.75e-05 | cuda_peak(alloc/resv) 4.09/5.12GB | phase(train/val/raw/train_eval) 0.7/0.3/0.0/0.0s | 1.0s
2026-08-30 15:00:24 | Epoch 015/060 | loss 3.1646 | cls 1.8730 | tal -0.1866 | dual_g 1.3475 | dual_d 0.8206 | train_acc 0.8854 | train_full 0.7083 | val_acc 0.6538 | val_f1 0.6944 | adv/moduleC 0.60/1.00 | disc_steps 3 | grad(main/disc) 18.766/2.302 | lr(main/disc) 9.00e-05/2.75e-05 | cuda_peak(alloc/resv) 4.09/5.12GB | phase(train/val/raw/train_eval) 0.8/0.3/0.3/0.4s | 1.8s
2026-08-30 15:00:26 | Epoch 016/060 | loss 3.3126 | cls 1.9565 | tal -0.0985 | dual_g 1.3857 | dual_d 0.9047 | train_acc 0.8021 | train_full n/a | val_acc 0.6923 | val_f1 0.7008 | adv/moduleC 0.67/1.00 | disc_steps 3 | grad(main/disc) 22.934/2.348 | lr(main/disc) 9.00e-05/2.75e-05 | cuda_peak(alloc/resv) 4.09/5.12GB | phase(train/val/raw/train_eval) 1.1/0.3/0.3/0.0s | 1.8s
2026-08-30 15:00:28 | New best val_f1_macro_present: raw=0.7008 stable_score=0.6095 at epoch 16
2026-08-30 15:00:29 | Epoch 017/060 | loss 2.9110 | cls 1.7100 | tal -0.1317 | dual_g 1.2405 | dual_d 0.8635 | train_acc 0.9062 | train_full n/a | val_acc 0.7692 | val_f1 0.7759 | adv/moduleC 0.73/1.00 | disc_steps 3 | grad(main/disc) 16.606/2.293 | lr(main/disc) 9.00e-05/2.75e-05 | cuda_peak(alloc/resv) 4.09/5.12GB | phase(train/val/raw/train_eval) 0.8/0.3/0.4/0.0s | 1.5s
2026-08-30 15:00:31 | New best val_f1_macro_present: raw=0.7759 stable_score=0.6944 at epoch 17
2026-08-30 15:00:32 | Epoch 018/060 | loss 2.9487 | cls 1.7640 | tal -0.1633 | dual_g 1.2337 | dual_d 0.8484 | train_acc 0.9167 | train_full n/a | val_acc 0.6923 | val_f1 0.6925 | adv/moduleC 0.80/1.00 | disc_steps 3 | grad(main/disc) 17.762/2.155 | lr(main/disc) 9.00e-05/2.75e-05 | cuda_peak(alloc/resv) 4.09/5.12GB | phase(train/val/raw/train_eval) 0.7/0.3/0.0/0.0s | 1.0s
2026-08-30 15:00:33 | Epoch 019/060 | loss 2.8495 | cls 1.7154 | tal -0.1567 | dual_g 1.1811 | dual_d 0.9131 | train_acc 0.8854 | train_full n/a | val_acc 0.5385 | val_f1 0.5190 | adv/moduleC 0.87/1.00 | disc_steps 3 | grad(main/disc) 16.491/2.143 | lr(main/disc) 9.00e-05/2.75e-05 | cuda_peak(alloc/resv) 4.09/5.12GB | phase(train/val/raw/train_eval) 0.8/0.3/0.0/0.0s | 1.1s
2026-08-30 15:00:35 | Epoch 020/060 | loss 2.9716 | cls 1.8334 | tal -0.2018 | dual_g 1.1987 | dual_d 0.8443 | train_acc 0.8646 | train_full 0.8750 | val_acc 0.8077 | val_f1 0.8319 | adv/moduleC 0.93/1.00 | disc_steps 3 | grad(main/disc) 19.001/2.150 | lr(main/disc) 9.00e-05/2.75e-05 | cuda_peak(alloc/resv) 4.09/5.12GB | phase(train/val/raw/train_eval) 0.7/0.3/0.3/0.4s | 1.8s
2026-08-30 15:00:36 | Epoch 021/060 | loss 2.7396 | cls 1.6528 | tal -0.1989 | dual_g 1.1465 | dual_d 0.8286 | train_acc 0.9375 | train_full n/a | val_acc 0.8846 | val_f1 0.9004 | adv/moduleC 1.00/1.00 | disc_steps 3 | grad(main/disc) 19.853/2.119 | lr(main/disc) 9.00e-05/2.75e-05 | cuda_peak(alloc/resv) 4.09/5.12GB | phase(train/val/raw/train_eval) 0.9/0.3/0.0/0.0s | 1.2s
2026-08-30 15:00:38 | Epoch 022/060 | loss 2.7326 | cls 1.6167 | tal -0.1793 | dual_g 1.1697 | dual_d 0.8465 | train_acc 0.9479 | train_full n/a | val_acc 0.8846 | val_f1 0.9004 | adv/moduleC 1.00/1.00 | disc_steps 3 | grad(main/disc) 17.304/2.222 | lr(main/disc) 9.00e-05/2.75e-05 | cuda_peak(alloc/resv) 4.09/5.12GB | phase(train/val/raw/train_eval) 0.8/0.3/0.4/0.0s | 1.5s
2026-08-30 15:00:40 | New best val_f1_macro_present: raw=0.9004 stable_score=0.8319 at epoch 22
2026-08-30 15:00:41 | Epoch 023/060 | loss 2.9265 | cls 1.7617 | tal -0.2190 | dual_g 1.2304 | dual_d 0.8732 | train_acc 0.9583 | train_full n/a | val_acc 0.9231 | val_f1 0.9484 | adv/moduleC 1.00/1.00 | disc_steps 3 | grad(main/disc) 20.646/2.179 | lr(main/disc) 9.00e-05/2.75e-05 | cuda_peak(alloc/resv) 4.09/5.12GB | phase(train/val/raw/train_eval) 0.8/0.3/0.3/0.0s | 1.5s
2026-08-30 15:00:44 | New best val_f1_macro_present: raw=0.9484 stable_score=0.9004 at epoch 23
2026-08-30 15:00:45 | Epoch 024/060 | loss 2.6758 | cls 1.6222 | tal -0.2000 | dual_g 1.1136 | dual_d 0.8707 | train_acc 0.9792 | train_full n/a | val_acc 0.8077 | val_f1 0.8315 | adv/moduleC 1.00/1.00 | disc_steps 3 | grad(main/disc) 14.733/2.174 | lr(main/disc) 9.00e-05/2.75e-05 | cuda_peak(alloc/resv) 4.09/5.12GB | phase(train/val/raw/train_eval) 0.7/0.3/0.0/0.0s | 1.0s
2026-08-30 15:00:46 | Epoch 025/060 | loss 2.9954 | cls 1.7883 | tal -0.1713 | dual_g 1.2585 | dual_d 0.8571 | train_acc 0.9271 | train_full 0.9062 | val_acc 0.8846 | val_f1 0.8861 | adv/moduleC 1.00/1.00 | disc_steps 3 | grad(main/disc) 19.015/2.141 | lr(main/disc) 9.00e-05/2.75e-05 | cuda_peak(alloc/resv) 4.09/5.12GB | phase(train/val/raw/train_eval) 0.8/0.3/0.3/0.4s | 1.9s
2026-08-30 15:00:47 | Epoch 026/060 | loss 2.7196 | cls 1.6484 | tal -0.1912 | dual_g 1.1285 | dual_d 0.8350 | train_acc 0.9688 | train_full n/a | val_acc 0.9231 | val_f1 0.9219 | adv/moduleC 1.00/1.00 | disc_steps 3 | grad(main/disc) 18.253/2.085 | lr(main/disc) 9.00e-05/2.75e-05 | cuda_peak(alloc/resv) 4.09/5.12GB | phase(train/val/raw/train_eval) 0.7/0.4/0.0/0.0s | 1.1s
2026-08-30 15:00:49 | Epoch 027/060 | loss 2.4686 | cls 1.4519 | tal -0.1904 | dual_g 1.0738 | dual_d 0.8445 | train_acc 0.9896 | train_full n/a | val_acc 0.8462 | val_f1 0.8612 | adv/moduleC 1.00/1.00 | disc_steps 3 | grad(main/disc) 13.190/2.121 | lr(main/disc) 9.00e-05/2.75e-05 | cuda_peak(alloc/resv) 4.09/5.12GB | phase(train/val/raw/train_eval) 1.1/0.3/0.0/0.0s | 1.4s
2026-08-30 15:00:50 | Epoch 028/060 | loss 2.7944 | cls 1.6665 | tal -0.1626 | dual_g 1.1767 | dual_d 0.8099 | train_acc 0.9792 | train_full n/a | val_acc 1.0000 | val_f1 1.0000 | adv/moduleC 1.00/1.00 | disc_steps 3 | grad(main/disc) 19.479/2.034 | lr(main/disc) 9.00e-05/2.75e-05 | cuda_peak(alloc/resv) 4.09/5.12GB | phase(train/val/raw/train_eval) 0.8/0.3/0.0/0.0s | 1.1s
2026-08-30 15:00:51 | Epoch 029/060 | loss 2.5332 | cls 1.5268 | tal -0.1881 | dual_g 1.0628 | dual_d 0.9035 | train_acc 0.9479 | train_full n/a | val_acc 1.0000 | val_f1 1.0000 | adv/moduleC 1.00/1.00 | disc_steps 3 | grad(main/disc) 15.073/2.300 | lr(main/disc) 9.00e-05/2.75e-05 | cuda_peak(alloc/resv) 4.09/5.12GB | phase(train/val/raw/train_eval) 0.8/0.3/0.0/0.0s | 1.1s
2026-08-30 15:00:53 | Epoch 030/060 | loss 2.5380 | cls 1.4761 | tal -0.2071 | dual_g 1.1240 | dual_d 0.9129 | train_acc 0.9792 | train_full 0.9688 | val_acc 1.0000 | val_f1 1.0000 | adv/moduleC 1.00/1.00 | disc_steps 3 | grad(main/disc) 13.453/2.299 | lr(main/disc) 9.00e-05/2.75e-05 | cuda_peak(alloc/resv) 4.09/5.12GB | phase(train/val/raw/train_eval) 0.7/0.3/0.3/0.4s | 1.8s
2026-08-30 15:00:55 | New best val_f1_macro_present: raw=1.0000 stable_score=1.0000 at epoch 30
2026-08-30 15:00:56 | Epoch 031/060 | loss 2.4018 | cls 1.4121 | tal -0.0935 | dual_g 1.0177 | dual_d 0.8696 | train_acc 0.9688 | train_full n/a | val_acc 0.9615 | val_f1 0.9556 | adv/moduleC 1.00/1.00 | disc_steps 3 | grad(main/disc) 10.080/2.098 | lr(main/disc) 9.00e-05/2.75e-05 | cuda_peak(alloc/resv) 4.09/5.12GB | phase(train/val/raw/train_eval) 0.7/0.3/0.0/0.0s | 1.0s
2026-08-30 15:00:57 | Epoch 032/060 | loss 2.4056 | cls 1.4384 | tal -0.1598 | dual_g 1.0151 | dual_d 0.9310 | train_acc 1.0000 | train_full n/a | val_acc 0.9615 | val_f1 0.9630 | adv/moduleC 1.00/1.00 | disc_steps 3 | grad(main/disc) 11.200/2.151 | lr(main/disc) 9.00e-05/2.75e-05 | cuda_peak(alloc/resv) 4.09/5.12GB | phase(train/val/raw/train_eval) 0.7/0.3/0.0/0.0s | 1.0s
2026-08-30 15:00:58 | Epoch 033/060 | loss 2.4670 | cls 1.4697 | tal -0.1551 | dual_g 1.0438 | dual_d 0.8599 | train_acc 0.9688 | train_full n/a | val_acc 0.9615 | val_f1 0.9630 | adv/moduleC 1.00/1.00 | disc_steps 3 | grad(main/disc) 13.216/2.073 | lr(main/disc) 9.00e-05/2.75e-05 | cuda_peak(alloc/resv) 4.09/5.12GB | phase(train/val/raw/train_eval) 1.0/0.3/0.0/0.0s | 1.3s
2026-08-30 15:01:00 | Epoch 034/060 | loss 2.4097 | cls 1.4381 | tal -0.1250 | dual_g 1.0092 | dual_d 0.8812 | train_acc 0.9896 | train_full n/a | val_acc 0.9615 | val_f1 0.9630 | adv/moduleC 1.00/1.00 | disc_steps 3 | grad(main/disc) 13.119/2.184 | lr(main/disc) 9.00e-05/2.75e-05 | cuda_peak(alloc/resv) 4.09/5.12GB | phase(train/val/raw/train_eval) 1.0/0.3/0.0/0.0s | 1.3s
2026-08-30 15:01:02 | Epoch 035/060 | loss 2.4054 | cls 1.4588 | tal -0.1960 | dual_g 1.0054 | dual_d 0.8253 | train_acc 0.9688 | train_full 0.9688 | val_acc 0.9615 | val_f1 0.9556 | adv/moduleC 1.00/1.00 | disc_steps 3 | grad(main/disc) 11.833/2.119 | lr(main/disc) 9.00e-05/2.75e-05 | cuda_peak(alloc/resv) 4.09/5.12GB | phase(train/val/raw/train_eval) 0.8/0.3/0.3/0.4s | 1.8s
2026-08-30 15:01:03 | Epoch 036/060 | loss 2.3909 | cls 1.4227 | tal -0.1329 | dual_g 1.0080 | dual_d 0.8335 | train_acc 0.9688 | train_full n/a | val_acc 1.0000 | val_f1 1.0000 | adv/moduleC 1.00/1.00 | disc_steps 3 | grad(main/disc) 12.139/2.074 | lr(main/disc) 9.00e-05/2.75e-05 | cuda_peak(alloc/resv) 4.09/5.12GB | phase(train/val/raw/train_eval) 0.7/0.3/0.0/0.0s | 1.0s
2026-08-30 15:01:04 | Epoch 037/060 | loss 2.3319 | cls 1.3836 | tal -0.1423 | dual_g 0.9910 | dual_d 0.8688 | train_acc 1.0000 | train_full n/a | val_acc 0.9615 | val_f1 0.9556 | adv/moduleC 1.00/1.00 | disc_steps 3 | grad(main/disc) 11.003/2.125 | lr(main/disc) 4.50e-05/1.38e-05 | cuda_peak(alloc/resv) 4.09/5.12GB | phase(train/val/raw/train_eval) 0.9/0.3/0.0/0.0s | 1.2s
2026-08-30 15:01:05 | Epoch 038/060 | loss 2.3886 | cls 1.4271 | tal -0.1866 | dual_g 1.0175 | dual_d 0.8235 | train_acc 0.9896 | train_full n/a | val_acc 0.9615 | val_f1 0.9556 | adv/moduleC 1.00/1.00 | disc_steps 3 | grad(main/disc) 11.094/2.071 | lr(main/disc) 4.50e-05/1.38e-05 | cuda_peak(alloc/resv) 4.09/5.12GB | phase(train/val/raw/train_eval) 1.0/0.3/0.0/0.0s | 1.3s
2026-08-30 15:01:06 | Epoch 039/060 | loss 2.2104 | cls 1.2940 | tal -0.1947 | dual_g 0.9748 | dual_d 0.9607 | train_acc 1.0000 | train_full n/a | val_acc 0.9615 | val_f1 0.9556 | adv/moduleC 1.00/1.00 | disc_steps 3 | grad(main/disc) 7.071/2.218 | lr(main/disc) 4.50e-05/1.38e-05 | cuda_peak(alloc/resv) 4.09/5.12GB | phase(train/val/raw/train_eval) 0.9/0.3/0.0/0.0s | 1.2s
2026-08-30 15:01:08 | Epoch 040/060 | loss 2.3351 | cls 1.3901 | tal -0.1337 | dual_g 0.9851 | dual_d 0.9130 | train_acc 1.0000 | train_full 1.0000 | val_acc 1.0000 | val_f1 1.0000 | adv/moduleC 1.00/1.00 | disc_steps 3 | grad(main/disc) 10.511/2.117 | lr(main/disc) 4.50e-05/1.38e-05 | cuda_peak(alloc/resv) 4.09/5.12GB | phase(train/val/raw/train_eval) 0.8/0.3/0.3/0.4s | 1.8s
2026-08-30 15:01:09 | Epoch 041/060 | loss 2.2525 | cls 1.3156 | tal -0.0304 | dual_g 0.9460 | dual_d 0.9046 | train_acc 0.9896 | train_full n/a | val_acc 1.0000 | val_f1 1.0000 | adv/moduleC 1.00/1.00 | disc_steps 3 | grad(main/disc) 7.650/2.266 | lr(main/disc) 4.50e-05/1.38e-05 | cuda_peak(alloc/resv) 4.09/5.12GB | phase(train/val/raw/train_eval) 0.8/0.3/0.0/0.0s | 1.1s
2026-08-30 15:01:11 | Epoch 042/060 | loss 2.3413 | cls 1.4091 | tal -0.1612 | dual_g 0.9806 | dual_d 0.8040 | train_acc 0.9896 | train_full n/a | val_acc 1.0000 | val_f1 1.0000 | adv/moduleC 1.00/1.00 | disc_steps 3 | grad(main/disc) 11.058/2.076 | lr(main/disc) 4.50e-05/1.38e-05 | cuda_peak(alloc/resv) 4.09/5.12GB | phase(train/val/raw/train_eval) 1.0/0.3/0.0/0.0s | 1.3s
2026-08-30 15:01:11 | Early stopping at epoch 42 after 12 epochs without val_f1_macro_present improvement.
2026-08-30 15:01:11 | Training complete. Peak validation accuracy: 1.0000 | selected val_f1_macro_present: 1.0000
2026-08-30 15:01:11 | Starting Dual_D standalone training
2026-08-30 15:01:11 | Run directory: runs/module_c_v10_full_gate/module_c_20260830_144405/module_c_full_雨天_20260830_144406
2026-08-30 15:01:11 | Device: cuda
2026-08-30 15:01:11 | Source train samples: 992
2026-08-30 15:01:11 | Target train samples: 96
2026-08-30 15:01:11 | Target val samples: 26
2026-08-30 15:01:11 | Classes: 14
2026-08-30 15:01:11 | Data audit: same_dir=False | path_overlap(vis/ir/ais)=0/0/0 | content_overlap(vis/ir/ais)=0/0/0 | ais_index_overlap=0 | stem_mismatch(vis-ir/vis-ais)=117/0
2026-08-30 15:01:11 | source_train classes: present 14/14 | absent 0 | counts [0:120, 1:44, 2:69, 3:45, 4:40, 5:30, 6:64, 7:80, 8:116, 9:68, 10:57, 11:83, 12:48, 13:128]
2026-08-30 15:01:11 | target_train classes: present 6/14 | absent 8 | counts [0:7, 2:19, 9:32, 10:12, 11:6, 13:20]
2026-08-30 15:01:11 | target_val classes: present 6/14 | absent 8 | counts [0:2, 2:5, 9:8, 10:4, 11:2, 13:5]
2026-08-30 15:01:11 | Paired training classes: 6/14 | class ids [0, 2, 9, 10, 11, 13]
2026-08-30 15:01:11 | Runtime profile: batch=16 | paired_steps=6 | workers=16 | train_eval_every=5 | raw_eval_every=5 | stability_window=3 | lr_scheduler_start=24 | early_stop=12 after min_epoch=35
2026-08-30 15:01:11 | Augmentation profile: base=0.550 | visible=0.600 | infrared=0.400 | freeze_frozen_batch_norm_stats=True
2026-08-30 15:01:11 | VIS/IR pairing: class-level-unpaired | count-mismatch classes train/val: 10/0 | AIS alignment: none | AIS rows train/val: 0/0
2026-08-30 15:01:11 | Effective Dual-D loss weights: {"adv_auxiliary": 0.02, "adv_primary": 0.02, "classification": 0.6, "contrastive": 0.025, "cycle": 0.12, "identity": 0.025, "prototype_contrastive": 0.015}
2026-08-30 15:01:11 | Model parameters: total=17277714 | trainable=17120210
Starting run 8/9: domain=雨天, iteration=2, seed=49
2026-08-30 15:01:13 | Epoch 001/060 | loss 5.7176 | cls 5.7871 | tal -0.2317 | dual_g 0.0000 | dual_d 0.0000 | train_acc 0.0833 | train_full 0.1458 | val_acc 0.2308 | val_f1 0.2077 | adv/moduleC 0.00/0.00 | disc_steps 0 | grad(main/disc) 32.526/0.000 | lr(main/disc) 9.00e-05/2.75e-05 | cuda_peak(alloc/resv) 4.09/5.12GB | phase(train/val/raw/train_eval) 1.0/0.3/0.3/0.4s | 2.1s
2026-08-30 15:01:15 | Epoch 002/060 | loss 4.6905 | cls 4.7458 | tal -0.1843 | dual_g 0.0000 | dual_d 0.0000 | train_acc 0.2396 | train_full n/a | val_acc 0.2692 | val_f1 0.1481 | adv/moduleC 0.00/0.00 | disc_steps 0 | grad(main/disc) 28.120/0.000 | lr(main/disc) 9.00e-05/2.75e-05 | cuda_peak(alloc/resv) 4.09/5.12GB | phase(train/val/raw/train_eval) 0.7/0.3/0.0/0.0s | 1.0s
2026-08-30 15:01:16 | Epoch 003/060 | loss 4.2155 | cls 4.2016 | tal 0.0465 | dual_g 0.0000 | dual_d 0.0000 | train_acc 0.3750 | train_full n/a | val_acc 0.2308 | val_f1 0.1071 | adv/moduleC 0.00/0.00 | disc_steps 0 | grad(main/disc) 24.592/0.000 | lr(main/disc) 9.00e-05/2.75e-05 | cuda_peak(alloc/resv) 4.09/5.12GB | phase(train/val/raw/train_eval) 0.7/0.3/0.3/0.0s | 1.4s
2026-08-30 15:01:18 | New best val_f1_macro_present: raw=0.1071 stable_score=0.1071 at epoch 3
2026-08-30 15:01:19 | Epoch 004/060 | loss 4.0370 | cls 3.6813 | tal 0.1508 | dual_g 0.3105 | dual_d 0.0000 | train_acc 0.4479 | train_full n/a | val_acc 0.1923 | val_f1 0.0556 | adv/moduleC 0.00/0.12 | disc_steps 0 | grad(main/disc) 23.528/0.000 | lr(main/disc) 9.00e-05/2.75e-05 | cuda_peak(alloc/resv) 4.09/5.12GB | phase(train/val/raw/train_eval) 0.9/0.3/0.0/0.0s | 1.2s
2026-08-30 15:01:21 | Epoch 005/060 | loss 4.1183 | cls 3.5012 | tal 0.0505 | dual_g 0.6020 | dual_d 0.0000 | train_acc 0.5000 | train_full 0.3125 | val_acc 0.3077 | val_f1 0.2286 | adv/moduleC 0.00/0.25 | disc_steps 0 | grad(main/disc) 21.964/0.000 | lr(main/disc) 9.00e-05/2.75e-05 | cuda_peak(alloc/resv) 4.09/5.12GB | phase(train/val/raw/train_eval) 0.8/0.3/0.3/0.4s | 1.9s
2026-08-30 15:01:22 | Epoch 006/060 | loss 3.9502 | cls 3.0985 | tal 0.0291 | dual_g 0.8430 | dual_d 0.0000 | train_acc 0.4792 | train_full n/a | val_acc 0.4615 | val_f1 0.3756 | adv/moduleC 0.00/0.38 | disc_steps 0 | grad(main/disc) 22.700/0.000 | lr(main/disc) 9.00e-05/2.75e-05 | cuda_peak(alloc/resv) 4.09/5.12GB | phase(train/val/raw/train_eval) 0.8/0.3/0.0/0.0s | 1.1s
2026-08-30 15:01:24 | Epoch 007/060 | loss 3.8184 | cls 2.8036 | tal 0.0440 | dual_g 1.0015 | dual_d 0.7623 | train_acc 0.6667 | train_full n/a | val_acc 0.5769 | val_f1 0.5240 | adv/moduleC 0.07/0.50 | disc_steps 3 | grad(main/disc) 21.552/2.002 | lr(main/disc) 9.00e-05/2.75e-05 | cuda_peak(alloc/resv) 4.09/5.12GB | phase(train/val/raw/train_eval) 1.0/0.3/0.3/0.0s | 1.6s
2026-08-30 15:01:26 | New best val_f1_macro_present: raw=0.5240 stable_score=0.2286 at epoch 7
2026-08-30 15:01:27 | Epoch 008/060 | loss 4.1043 | cls 2.9525 | tal 0.0960 | dual_g 1.1230 | dual_d 0.7806 | train_acc 0.6562 | train_full n/a | val_acc 0.5385 | val_f1 0.4954 | adv/moduleC 0.13/0.62 | disc_steps 3 | grad(main/disc) 21.719/1.998 | lr(main/disc) 9.00e-05/2.75e-05 | cuda_peak(alloc/resv) 4.09/5.12GB | phase(train/val/raw/train_eval) 0.7/0.3/0.3/0.0s | 1.4s
2026-08-30 15:01:29 | New best val_f1_macro_present: raw=0.4954 stable_score=0.3756 at epoch 8
2026-08-30 15:01:31 | Epoch 009/060 | loss 3.8415 | cls 2.5300 | tal 0.0038 | dual_g 1.3104 | dual_d 0.7319 | train_acc 0.7292 | train_full n/a | val_acc 0.5769 | val_f1 0.5847 | adv/moduleC 0.20/0.75 | disc_steps 3 | grad(main/disc) 21.048/1.757 | lr(main/disc) 9.00e-05/2.75e-05 | cuda_peak(alloc/resv) 4.09/5.12GB | phase(train/val/raw/train_eval) 1.0/0.3/0.3/0.0s | 1.6s
2026-08-30 15:01:33 | New best val_f1_macro_present: raw=0.5847 stable_score=0.4954 at epoch 9
2026-08-30 15:01:35 | Epoch 010/060 | loss 3.7455 | cls 2.3730 | tal -0.0442 | dual_g 1.3857 | dual_d 0.7720 | train_acc 0.7292 | train_full 0.7292 | val_acc 0.7692 | val_f1 0.7153 | adv/moduleC 0.27/0.88 | disc_steps 3 | grad(main/disc) 20.968/1.885 | lr(main/disc) 9.00e-05/2.75e-05 | cuda_peak(alloc/resv) 4.09/5.12GB | phase(train/val/raw/train_eval) 0.9/0.3/0.4/0.4s | 2.0s
2026-08-30 15:01:37 | Epoch 011/060 | loss 4.1116 | cls 2.4408 | tal -0.0144 | dual_g 1.6752 | dual_d 0.8390 | train_acc 0.7812 | train_full n/a | val_acc 0.6538 | val_f1 0.7102 | adv/moduleC 0.33/1.00 | disc_steps 3 | grad(main/disc) 24.092/1.961 | lr(main/disc) 9.00e-05/2.75e-05 | cuda_peak(alloc/resv) 4.09/5.12GB | phase(train/val/raw/train_eval) 0.8/0.3/0.3/0.0s | 1.5s
2026-08-30 15:01:39 | New best val_f1_macro_present: raw=0.7102 stable_score=0.5847 at epoch 11
2026-08-30 15:01:40 | Epoch 012/060 | loss 3.3068 | cls 1.9493 | tal -0.0588 | dual_g 1.3751 | dual_d 0.6779 | train_acc 0.8333 | train_full n/a | val_acc 0.6538 | val_f1 0.7267 | adv/moduleC 0.40/1.00 | disc_steps 3 | grad(main/disc) 18.505/1.781 | lr(main/disc) 9.00e-05/2.75e-05 | cuda_peak(alloc/resv) 4.09/5.12GB | phase(train/val/raw/train_eval) 0.6/0.3/0.3/0.0s | 1.3s
2026-08-30 15:01:42 | New best val_f1_macro_present: raw=0.7267 stable_score=0.7102 at epoch 12
2026-08-30 15:01:43 | Epoch 013/060 | loss 3.5136 | cls 2.0645 | tal -0.0176 | dual_g 1.4544 | dual_d 0.7073 | train_acc 0.8438 | train_full n/a | val_acc 0.7692 | val_f1 0.8190 | adv/moduleC 0.47/1.00 | disc_steps 3 | grad(main/disc) 20.349/1.813 | lr(main/disc) 9.00e-05/2.75e-05 | cuda_peak(alloc/resv) 4.09/5.12GB | phase(train/val/raw/train_eval) 0.8/0.3/0.0/0.0s | 1.1s
2026-08-30 15:01:45 | Epoch 014/060 | loss 3.4731 | cls 2.1421 | tal -0.0226 | dual_g 1.3378 | dual_d 0.7778 | train_acc 0.8750 | train_full n/a | val_acc 0.7692 | val_f1 0.8190 | adv/moduleC 0.53/1.00 | disc_steps 3 | grad(main/disc) 22.831/1.899 | lr(main/disc) 9.00e-05/2.75e-05 | cuda_peak(alloc/resv) 4.09/5.12GB | phase(train/val/raw/train_eval) 0.7/0.3/0.3/0.0s | 1.4s
2026-08-30 15:01:47 | New best val_f1_macro_present: raw=0.8190 stable_score=0.7267 at epoch 14
2026-08-30 15:01:49 | Epoch 015/060 | loss 3.2973 | cls 1.9413 | tal -0.0271 | dual_g 1.3642 | dual_d 0.6857 | train_acc 0.9375 | train_full 0.7812 | val_acc 0.7692 | val_f1 0.8190 | adv/moduleC 0.60/1.00 | disc_steps 3 | grad(main/disc) 23.785/1.782 | lr(main/disc) 9.00e-05/2.75e-05 | cuda_peak(alloc/resv) 4.09/5.12GB | phase(train/val/raw/train_eval) 0.9/0.3/0.3/0.4s | 2.0s
2026-08-30 15:01:51 | New best val_f1_macro_present: raw=0.8190 stable_score=0.8190 at epoch 15
2026-08-30 15:01:52 | Epoch 016/060 | loss 2.9422 | cls 1.7120 | tal -0.0475 | dual_g 1.2445 | dual_d 0.7061 | train_acc 0.9479 | train_full n/a | val_acc 0.7308 | val_f1 0.7895 | adv/moduleC 0.67/1.00 | disc_steps 3 | grad(main/disc) 17.876/1.822 | lr(main/disc) 9.00e-05/2.75e-05 | cuda_peak(alloc/resv) 4.09/5.12GB | phase(train/val/raw/train_eval) 0.8/0.3/0.0/0.0s | 1.1s
2026-08-30 15:01:53 | Epoch 017/060 | loss 3.3589 | cls 2.0200 | tal -0.0416 | dual_g 1.3514 | dual_d 0.6943 | train_acc 0.9479 | train_full n/a | val_acc 0.7692 | val_f1 0.8248 | adv/moduleC 0.73/1.00 | disc_steps 3 | grad(main/disc) 20.483/1.791 | lr(main/disc) 9.00e-05/2.75e-05 | cuda_peak(alloc/resv) 4.09/5.12GB | phase(train/val/raw/train_eval) 1.0/0.3/0.0/0.0s | 1.3s
2026-08-30 15:01:54 | Epoch 018/060 | loss 3.0262 | cls 1.7475 | tal -0.0527 | dual_g 1.2945 | dual_d 0.7394 | train_acc 0.9375 | train_full n/a | val_acc 0.7692 | val_f1 0.8079 | adv/moduleC 0.80/1.00 | disc_steps 3 | grad(main/disc) 17.326/1.866 | lr(main/disc) 9.00e-05/2.75e-05 | cuda_peak(alloc/resv) 4.09/5.12GB | phase(train/val/raw/train_eval) 0.8/0.3/0.0/0.0s | 1.1s
2026-08-30 15:01:55 | Epoch 019/060 | loss 2.9317 | cls 1.7052 | tal -0.0893 | dual_g 1.2533 | dual_d 0.6312 | train_acc 0.9062 | train_full n/a | val_acc 0.8077 | val_f1 0.8319 | adv/moduleC 0.87/1.00 | disc_steps 3 | grad(main/disc) 17.317/1.700 | lr(main/disc) 9.00e-05/2.75e-05 | cuda_peak(alloc/resv) 4.09/5.12GB | phase(train/val/raw/train_eval) 0.7/0.3/0.0/0.0s | 1.1s
2026-08-30 15:01:57 | Epoch 020/060 | loss 2.8324 | cls 1.7178 | tal -0.0752 | dual_g 1.1372 | dual_d 0.7504 | train_acc 0.9375 | train_full 0.9167 | val_acc 0.9231 | val_f1 0.9484 | adv/moduleC 0.93/1.00 | disc_steps 3 | grad(main/disc) 16.387/1.762 | lr(main/disc) 9.00e-05/2.75e-05 | cuda_peak(alloc/resv) 4.09/5.12GB | phase(train/val/raw/train_eval) 0.8/0.3/0.3/0.4s | 1.9s
2026-08-30 15:01:59 | Epoch 021/060 | loss 2.7225 | cls 1.6034 | tal 0.0047 | dual_g 1.1177 | dual_d 0.7238 | train_acc 0.9688 | train_full n/a | val_acc 0.8846 | val_f1 0.8966 | adv/moduleC 1.00/1.00 | disc_steps 3 | grad(main/disc) 15.564/1.729 | lr(main/disc) 9.00e-05/2.75e-05 | cuda_peak(alloc/resv) 4.09/5.12GB | phase(train/val/raw/train_eval) 1.0/0.3/0.3/0.0s | 1.6s
2026-08-30 15:02:01 | New best val_f1_macro_present: raw=0.8966 stable_score=0.8319 at epoch 21
2026-08-30 15:02:03 | Epoch 022/060 | loss 2.8142 | cls 1.7154 | tal 0.0319 | dual_g 1.0892 | dual_d 0.6881 | train_acc 0.9375 | train_full n/a | val_acc 0.9231 | val_f1 0.9484 | adv/moduleC 1.00/1.00 | disc_steps 3 | grad(main/disc) 15.517/1.737 | lr(main/disc) 9.00e-05/2.75e-05 | cuda_peak(alloc/resv) 4.09/5.12GB | phase(train/val/raw/train_eval) 1.2/0.3/0.3/0.0s | 1.8s
2026-08-30 15:02:05 | New best val_f1_macro_present: raw=0.9484 stable_score=0.8966 at epoch 22
2026-08-30 15:02:06 | Epoch 023/060 | loss 2.5697 | cls 1.5371 | tal 0.0039 | dual_g 1.0315 | dual_d 0.6987 | train_acc 0.9583 | train_full n/a | val_acc 0.9231 | val_f1 0.9277 | adv/moduleC 1.00/1.00 | disc_steps 3 | grad(main/disc) 12.626/1.685 | lr(main/disc) 9.00e-05/2.75e-05 | cuda_peak(alloc/resv) 4.09/5.12GB | phase(train/val/raw/train_eval) 0.8/0.3/0.0/0.0s | 1.1s
2026-08-30 15:02:07 | Epoch 024/060 | loss 2.5486 | cls 1.4736 | tal 0.0321 | dual_g 1.0653 | dual_d 0.7362 | train_acc 0.9896 | train_full n/a | val_acc 0.9231 | val_f1 0.9277 | adv/moduleC 1.00/1.00 | disc_steps 3 | grad(main/disc) 12.175/1.772 | lr(main/disc) 9.00e-05/2.75e-05 | cuda_peak(alloc/resv) 4.09/5.12GB | phase(train/val/raw/train_eval) 0.7/0.3/0.4/0.0s | 1.4s
2026-08-30 15:02:09 | New best val_f1_macro_present: raw=0.9277 stable_score=0.9277 at epoch 24
2026-08-30 15:02:11 | Epoch 025/060 | loss 2.6308 | cls 1.5027 | tal -0.0397 | dual_g 1.1399 | dual_d 0.6766 | train_acc 0.9896 | train_full 0.9271 | val_acc 0.9231 | val_f1 0.9484 | adv/moduleC 1.00/1.00 | disc_steps 3 | grad(main/disc) 15.638/1.711 | lr(main/disc) 9.00e-05/2.75e-05 | cuda_peak(alloc/resv) 4.09/5.12GB | phase(train/val/raw/train_eval) 0.8/0.3/0.3/0.4s | 1.8s
2026-08-30 15:02:12 | Epoch 026/060 | loss 2.7142 | cls 1.6152 | tal -0.0119 | dual_g 1.1026 | dual_d 0.7470 | train_acc 0.9688 | train_full n/a | val_acc 0.8846 | val_f1 0.9192 | adv/moduleC 1.00/1.00 | disc_steps 3 | grad(main/disc) 16.734/1.862 | lr(main/disc) 9.00e-05/2.75e-05 | cuda_peak(alloc/resv) 4.09/5.12GB | phase(train/val/raw/train_eval) 0.9/0.3/0.0/0.0s | 1.2s
2026-08-30 15:02:14 | Epoch 027/060 | loss 2.6148 | cls 1.5087 | tal -0.0383 | dual_g 1.1177 | dual_d 0.8373 | train_acc 1.0000 | train_full n/a | val_acc 0.9615 | val_f1 0.9737 | adv/moduleC 1.00/1.00 | disc_steps 3 | grad(main/disc) 14.446/1.779 | lr(main/disc) 9.00e-05/2.75e-05 | cuda_peak(alloc/resv) 4.09/5.12GB | phase(train/val/raw/train_eval) 0.7/0.3/0.0/0.0s | 1.0s
2026-08-30 15:02:15 | Epoch 028/060 | loss 2.4721 | cls 1.5098 | tal -0.0995 | dual_g 0.9922 | dual_d 0.7494 | train_acc 0.9896 | train_full n/a | val_acc 0.9615 | val_f1 0.9737 | adv/moduleC 1.00/1.00 | disc_steps 3 | grad(main/disc) 13.198/1.742 | lr(main/disc) 9.00e-05/2.75e-05 | cuda_peak(alloc/resv) 4.09/5.12GB | phase(train/val/raw/train_eval) 0.8/0.3/0.0/0.0s | 1.1s
2026-08-30 15:02:16 | Epoch 029/060 | loss 2.6988 | cls 1.6303 | tal -0.0673 | dual_g 1.0887 | dual_d 0.7061 | train_acc 0.9479 | train_full n/a | val_acc 1.0000 | val_f1 1.0000 | adv/moduleC 1.00/1.00 | disc_steps 3 | grad(main/disc) 15.537/1.720 | lr(main/disc) 9.00e-05/2.75e-05 | cuda_peak(alloc/resv) 4.09/5.12GB | phase(train/val/raw/train_eval) 0.9/0.3/0.3/0.0s | 1.5s
2026-08-30 15:02:18 | New best val_f1_macro_present: raw=1.0000 stable_score=0.9737 at epoch 29
2026-08-30 15:02:20 | Epoch 030/060 | loss 2.4128 | cls 1.4123 | tal -0.1103 | dual_g 1.0335 | dual_d 0.7395 | train_acc 1.0000 | train_full 0.9479 | val_acc 0.9231 | val_f1 0.9426 | adv/moduleC 1.00/1.00 | disc_steps 3 | grad(main/disc) 10.086/1.695 | lr(main/disc) 9.00e-05/2.75e-05 | cuda_peak(alloc/resv) 4.09/5.12GB | phase(train/val/raw/train_eval) 0.8/0.3/0.3/0.4s | 1.8s
2026-08-30 15:02:21 | Epoch 031/060 | loss 2.3638 | cls 1.3870 | tal -0.1682 | dual_g 1.0273 | dual_d 0.6992 | train_acc 0.9792 | train_full n/a | val_acc 0.9615 | val_f1 0.9737 | adv/moduleC 1.00/1.00 | disc_steps 3 | grad(main/disc) 12.129/1.668 | lr(main/disc) 9.00e-05/2.75e-05 | cuda_peak(alloc/resv) 4.09/5.12GB | phase(train/val/raw/train_eval) 0.7/0.3/0.0/0.0s | 1.0s
2026-08-30 15:02:22 | Epoch 032/060 | loss 2.4080 | cls 1.4395 | tal -0.1970 | dual_g 1.0276 | dual_d 0.7409 | train_acc 0.9688 | train_full n/a | val_acc 1.0000 | val_f1 1.0000 | adv/moduleC 1.00/1.00 | disc_steps 3 | grad(main/disc) 12.118/1.821 | lr(main/disc) 9.00e-05/2.75e-05 | cuda_peak(alloc/resv) 4.09/5.12GB | phase(train/val/raw/train_eval) 0.9/0.3/0.0/0.0s | 1.2s
2026-08-30 15:02:24 | Epoch 033/060 | loss 2.5547 | cls 1.5664 | tal -0.2367 | dual_g 1.0593 | dual_d 0.6677 | train_acc 0.9583 | train_full n/a | val_acc 1.0000 | val_f1 1.0000 | adv/moduleC 1.00/1.00 | disc_steps 3 | grad(main/disc) 14.613/1.636 | lr(main/disc) 9.00e-05/2.75e-05 | cuda_peak(alloc/resv) 4.09/5.12GB | phase(train/val/raw/train_eval) 1.1/0.3/0.0/0.0s | 1.4s
2026-08-30 15:02:25 | Epoch 034/060 | loss 2.3327 | cls 1.4138 | tal -0.2377 | dual_g 0.9902 | dual_d 0.7253 | train_acc 0.9896 | train_full n/a | val_acc 0.9615 | val_f1 0.9556 | adv/moduleC 1.00/1.00 | disc_steps 3 | grad(main/disc) 10.552/1.773 | lr(main/disc) 9.00e-05/2.75e-05 | cuda_peak(alloc/resv) 4.09/5.12GB | phase(train/val/raw/train_eval) 0.8/0.3/0.0/0.0s | 1.1s
2026-08-30 15:02:27 | Epoch 035/060 | loss 2.3391 | cls 1.4321 | tal -0.1891 | dual_g 0.9637 | dual_d 0.7086 | train_acc 0.9896 | train_full 0.9896 | val_acc 1.0000 | val_f1 1.0000 | adv/moduleC 1.00/1.00 | disc_steps 3 | grad(main/disc) 10.078/1.664 | lr(main/disc) 9.00e-05/2.75e-05 | cuda_peak(alloc/resv) 4.09/5.12GB | phase(train/val/raw/train_eval) 0.8/0.3/0.3/0.4s | 1.8s
2026-08-30 15:02:28 | Epoch 036/060 | loss 2.2824 | cls 1.3592 | tal -0.2105 | dual_g 0.9864 | dual_d 0.6660 | train_acc 0.9792 | train_full n/a | val_acc 1.0000 | val_f1 1.0000 | adv/moduleC 1.00/1.00 | disc_steps 3 | grad(main/disc) 11.804/1.669 | lr(main/disc) 9.00e-05/2.75e-05 | cuda_peak(alloc/resv) 4.09/5.12GB | phase(train/val/raw/train_eval) 0.8/0.3/0.0/0.0s | 1.1s
2026-08-30 15:02:29 | Epoch 037/060 | loss 2.3609 | cls 1.4480 | tal -0.1880 | dual_g 0.9692 | dual_d 0.7226 | train_acc 0.9792 | train_full n/a | val_acc 1.0000 | val_f1 1.0000 | adv/moduleC 1.00/1.00 | disc_steps 3 | grad(main/disc) 12.212/1.766 | lr(main/disc) 9.00e-05/2.75e-05 | cuda_peak(alloc/resv) 4.09/5.12GB | phase(train/val/raw/train_eval) 0.7/0.3/0.4/0.0s | 1.4s
2026-08-30 15:02:31 | New best val_f1_macro_present: raw=1.0000 stable_score=1.0000 at epoch 37
2026-08-30 15:02:32 | Epoch 038/060 | loss 2.4044 | cls 1.4851 | tal -0.2235 | dual_g 0.9864 | dual_d 0.7181 | train_acc 0.9896 | train_full n/a | val_acc 1.0000 | val_f1 1.0000 | adv/moduleC 1.00/1.00 | disc_steps 3 | grad(main/disc) 14.605/1.652 | lr(main/disc) 4.50e-05/1.38e-05 | cuda_peak(alloc/resv) 4.09/5.12GB | phase(train/val/raw/train_eval) 0.7/0.3/0.0/0.0s | 1.0s
2026-08-30 15:02:33 | Epoch 039/060 | loss 2.2670 | cls 1.3480 | tal -0.1085 | dual_g 0.9516 | dual_d 0.7500 | train_acc 0.9896 | train_full n/a | val_acc 1.0000 | val_f1 1.0000 | adv/moduleC 1.00/1.00 | disc_steps 3 | grad(main/disc) 8.542/1.788 | lr(main/disc) 4.50e-05/1.38e-05 | cuda_peak(alloc/resv) 4.09/5.12GB | phase(train/val/raw/train_eval) 0.7/0.3/0.0/0.0s | 1.0s
2026-08-30 15:02:35 | Epoch 040/060 | loss 2.3880 | cls 1.4049 | tal -0.0807 | dual_g 1.0074 | dual_d 0.7550 | train_acc 0.9896 | train_full 0.9792 | val_acc 1.0000 | val_f1 1.0000 | adv/moduleC 1.00/1.00 | disc_steps 3 | grad(main/disc) 11.979/1.768 | lr(main/disc) 4.50e-05/1.38e-05 | cuda_peak(alloc/resv) 4.09/5.12GB | phase(train/val/raw/train_eval) 0.9/0.3/0.3/0.4s | 1.9s
2026-08-30 15:02:36 | Epoch 041/060 | loss 2.3860 | cls 1.4251 | tal -0.0784 | dual_g 0.9844 | dual_d 0.7259 | train_acc 0.9896 | train_full n/a | val_acc 1.0000 | val_f1 1.0000 | adv/moduleC 1.00/1.00 | disc_steps 3 | grad(main/disc) 10.440/1.761 | lr(main/disc) 4.50e-05/1.38e-05 | cuda_peak(alloc/resv) 4.09/5.12GB | phase(train/val/raw/train_eval) 0.6/0.3/0.0/0.0s | 1.0s
2026-08-30 15:02:37 | Epoch 042/060 | loss 2.1717 | cls 1.3190 | tal -0.1838 | dual_g 0.9078 | dual_d 0.7938 | train_acc 0.9896 | train_full n/a | val_acc 1.0000 | val_f1 1.0000 | adv/moduleC 1.00/1.00 | disc_steps 3 | grad(main/disc) 8.586/1.926 | lr(main/disc) 4.50e-05/1.38e-05 | cuda_peak(alloc/resv) 4.09/5.12GB | phase(train/val/raw/train_eval) 0.9/0.3/0.0/0.0s | 1.2s
2026-08-30 15:02:39 | Epoch 043/060 | loss 2.2415 | cls 1.3536 | tal -0.1687 | dual_g 0.9385 | dual_d 0.7539 | train_acc 0.9792 | train_full n/a | val_acc 1.0000 | val_f1 1.0000 | adv/moduleC 1.00/1.00 | disc_steps 3 | grad(main/disc) 10.412/1.774 | lr(main/disc) 4.50e-05/1.38e-05 | cuda_peak(alloc/resv) 4.09/5.12GB | phase(train/val/raw/train_eval) 0.8/0.3/0.0/0.0s | 1.1s
2026-08-30 15:02:40 | Epoch 044/060 | loss 2.2248 | cls 1.3514 | tal -0.2369 | dual_g 0.9444 | dual_d 0.8211 | train_acc 0.9896 | train_full n/a | val_acc 1.0000 | val_f1 1.0000 | adv/moduleC 1.00/1.00 | disc_steps 3 | grad(main/disc) 9.413/1.920 | lr(main/disc) 4.50e-05/1.38e-05 | cuda_peak(alloc/resv) 4.09/5.12GB | phase(train/val/raw/train_eval) 1.0/0.4/0.0/0.0s | 1.3s
2026-08-30 15:02:42 | Epoch 045/060 | loss 2.2230 | cls 1.3045 | tal -0.1526 | dual_g 0.9643 | dual_d 0.8105 | train_acc 1.0000 | train_full 1.0000 | val_acc 1.0000 | val_f1 1.0000 | adv/moduleC 1.00/1.00 | disc_steps 3 | grad(main/disc) 7.664/1.871 | lr(main/disc) 4.50e-05/1.38e-05 | cuda_peak(alloc/resv) 4.09/5.12GB | phase(train/val/raw/train_eval) 0.9/0.3/0.3/0.4s | 2.0s
2026-08-30 15:02:43 | Epoch 046/060 | loss 2.4283 | cls 1.4570 | tal -0.1462 | dual_g 1.0152 | dual_d 0.8141 | train_acc 0.9896 | train_full n/a | val_acc 1.0000 | val_f1 1.0000 | adv/moduleC 1.00/1.00 | disc_steps 3 | grad(main/disc) 13.412/1.814 | lr(main/disc) 4.50e-05/1.38e-05 | cuda_peak(alloc/resv) 4.09/5.12GB | phase(train/val/raw/train_eval) 0.9/0.3/0.0/0.0s | 1.2s
2026-08-30 15:02:44 | Epoch 047/060 | loss 2.1672 | cls 1.3170 | tal -0.1903 | dual_g 0.9073 | dual_d 0.8201 | train_acc 1.0000 | train_full n/a | val_acc 1.0000 | val_f1 1.0000 | adv/moduleC 1.00/1.00 | disc_steps 3 | grad(main/disc) 7.518/1.841 | lr(main/disc) 2.25e-05/6.88e-06 | cuda_peak(alloc/resv) 4.09/5.12GB | phase(train/val/raw/train_eval) 0.7/0.3/0.0/0.0s | 1.1s
2026-08-30 15:02:45 | Epoch 048/060 | loss 2.2381 | cls 1.3293 | tal -0.0553 | dual_g 0.9254 | dual_d 0.8474 | train_acc 1.0000 | train_full n/a | val_acc 1.0000 | val_f1 1.0000 | adv/moduleC 1.00/1.00 | disc_steps 3 | grad(main/disc) 9.082/1.895 | lr(main/disc) 2.25e-05/6.88e-06 | cuda_peak(alloc/resv) 4.09/5.12GB | phase(train/val/raw/train_eval) 0.8/0.3/0.0/0.0s | 1.2s
2026-08-30 15:02:46 | Epoch 049/060 | loss 2.1362 | cls 1.2590 | tal -0.1882 | dual_g 0.9337 | dual_d 0.8178 | train_acc 1.0000 | train_full n/a | val_acc 1.0000 | val_f1 1.0000 | adv/moduleC 1.00/1.00 | disc_steps 3 | grad(main/disc) 5.843/1.753 | lr(main/disc) 2.25e-05/6.88e-06 | cuda_peak(alloc/resv) 4.09/5.12GB | phase(train/val/raw/train_eval) 0.8/0.3/0.0/0.0s | 1.1s
2026-08-30 15:02:46 | Early stopping at epoch 49 after 12 epochs without val_f1_macro_present improvement.
2026-08-30 15:02:46 | Training complete. Peak validation accuracy: 1.0000 | selected val_f1_macro_present: 1.0000
2026-08-30 15:02:47 | Starting Dual_D standalone training
2026-08-30 15:02:47 | Run directory: runs/module_c_v10_full_gate/module_c_20260830_144405/module_c_full_雨天_20260830_144406
2026-08-30 15:02:47 | Device: cuda
2026-08-30 15:02:47 | Source train samples: 992
2026-08-30 15:02:47 | Target train samples: 96
2026-08-30 15:02:47 | Target val samples: 26
2026-08-30 15:02:47 | Classes: 14
2026-08-30 15:02:47 | Data audit: same_dir=False | path_overlap(vis/ir/ais)=0/0/0 | content_overlap(vis/ir/ais)=0/0/0 | ais_index_overlap=0 | stem_mismatch(vis-ir/vis-ais)=117/0
2026-08-30 15:02:47 | source_train classes: present 14/14 | absent 0 | counts [0:120, 1:44, 2:69, 3:45, 4:40, 5:30, 6:64, 7:80, 8:116, 9:68, 10:57, 11:83, 12:48, 13:128]
2026-08-30 15:02:47 | target_train classes: present 6/14 | absent 8 | counts [0:7, 2:19, 9:32, 10:12, 11:6, 13:20]
2026-08-30 15:02:47 | target_val classes: present 6/14 | absent 8 | counts [0:2, 2:5, 9:8, 10:4, 11:2, 13:5]
2026-08-30 15:02:47 | Paired training classes: 6/14 | class ids [0, 2, 9, 10, 11, 13]
2026-08-30 15:02:47 | Runtime profile: batch=16 | paired_steps=6 | workers=16 | train_eval_every=5 | raw_eval_every=5 | stability_window=3 | lr_scheduler_start=24 | early_stop=12 after min_epoch=35
2026-08-30 15:02:47 | Augmentation profile: base=0.550 | visible=0.600 | infrared=0.400 | freeze_frozen_batch_norm_stats=True
2026-08-30 15:02:47 | VIS/IR pairing: class-level-unpaired | count-mismatch classes train/val: 10/0 | AIS alignment: none | AIS rows train/val: 0/0
2026-08-30 15:02:48 | Effective Dual-D loss weights: {"adv_auxiliary": 0.02, "adv_primary": 0.02, "classification": 0.6, "contrastive": 0.025, "cycle": 0.12, "identity": 0.025, "prototype_contrastive": 0.015}
2026-08-30 15:02:48 | Model parameters: total=17277714 | trainable=17120210
Starting run 9/9: domain=雨天, iteration=3, seed=50
2026-08-30 15:02:50 | Epoch 001/060 | loss 5.8939 | cls 5.9656 | tal -0.2388 | dual_g 0.0000 | dual_d 0.0000 | train_acc 0.1146 | train_full 0.0938 | val_acc 0.1154 | val_f1 0.0751 | adv/moduleC 0.00/0.00 | disc_steps 0 | grad(main/disc) 34.101/0.000 | lr(main/disc) 9.00e-05/2.75e-05 | cuda_peak(alloc/resv) 4.09/5.12GB | phase(train/val/raw/train_eval) 1.1/0.3/0.4/0.4s | 2.2s
2026-08-30 15:02:51 | Epoch 002/060 | loss 4.2337 | cls 4.3865 | tal -0.5094 | dual_g 0.0000 | dual_d 0.0000 | train_acc 0.2708 | train_full n/a | val_acc 0.0769 | val_f1 0.0238 | adv/moduleC 0.00/0.00 | disc_steps 0 | grad(main/disc) 27.487/0.000 | lr(main/disc) 9.00e-05/2.75e-05 | cuda_peak(alloc/resv) 4.09/5.12GB | phase(train/val/raw/train_eval) 0.8/0.3/0.0/0.0s | 1.1s
2026-08-30 15:02:52 | Epoch 003/060 | loss 3.6477 | cls 3.8044 | tal -0.5223 | dual_g 0.0000 | dual_d 0.0000 | train_acc 0.4062 | train_full n/a | val_acc 0.1538 | val_f1 0.1600 | adv/moduleC 0.00/0.00 | disc_steps 0 | grad(main/disc) 23.851/0.000 | lr(main/disc) 9.00e-05/2.75e-05 | cuda_peak(alloc/resv) 4.09/5.12GB | phase(train/val/raw/train_eval) 0.8/0.3/0.3/0.0s | 1.5s
2026-08-30 15:02:54 | New best val_f1_macro_present: raw=0.1600 stable_score=0.0238 at epoch 3
2026-08-30 15:02:56 | Epoch 004/060 | loss 3.4881 | cls 3.3034 | tal -0.4274 | dual_g 0.3129 | dual_d 0.0000 | train_acc 0.3958 | train_full n/a | val_acc 0.3846 | val_f1 0.3651 | adv/moduleC 0.00/0.12 | disc_steps 0 | grad(main/disc) 21.569/0.000 | lr(main/disc) 9.00e-05/2.75e-05 | cuda_peak(alloc/resv) 4.09/5.12GB | phase(train/val/raw/train_eval) 0.9/0.3/0.0/0.0s | 1.2s
2026-08-30 15:02:58 | Epoch 005/060 | loss 4.0243 | cls 3.5576 | tal -0.3587 | dual_g 0.5743 | dual_d 0.0000 | train_acc 0.5104 | train_full 0.3125 | val_acc 0.3846 | val_f1 0.3662 | adv/moduleC 0.00/0.25 | disc_steps 0 | grad(main/disc) 22.683/0.000 | lr(main/disc) 9.00e-05/2.75e-05 | cuda_peak(alloc/resv) 4.09/5.12GB | phase(train/val/raw/train_eval) 0.8/0.3/0.3/0.4s | 1.9s
2026-08-30 15:03:00 | New best val_f1_macro_present: raw=0.3662 stable_score=0.1600 at epoch 5
2026-08-30 15:03:01 | Epoch 006/060 | loss 3.7925 | cls 3.0707 | tal -0.2032 | dual_g 0.7828 | dual_d 0.0000 | train_acc 0.5312 | train_full n/a | val_acc 0.4615 | val_f1 0.4545 | adv/moduleC 0.00/0.38 | disc_steps 0 | grad(main/disc) 21.104/0.000 | lr(main/disc) 9.00e-05/2.75e-05 | cuda_peak(alloc/resv) 4.09/5.12GB | phase(train/val/raw/train_eval) 0.8/0.3/0.3/0.0s | 1.5s
2026-08-30 15:03:03 | New best val_f1_macro_present: raw=0.4545 stable_score=0.3651 at epoch 6
2026-08-30 15:03:05 | Epoch 007/060 | loss 4.0030 | cls 3.0170 | tal -0.1905 | dual_g 1.0432 | dual_d 0.7697 | train_acc 0.6042 | train_full n/a | val_acc 0.4615 | val_f1 0.4286 | adv/moduleC 0.07/0.50 | disc_steps 3 | grad(main/disc) 21.721/2.229 | lr(main/disc) 9.00e-05/2.75e-05 | cuda_peak(alloc/resv) 4.09/5.12GB | phase(train/val/raw/train_eval) 1.0/0.3/0.3/0.0s | 1.7s
2026-08-30 15:03:07 | New best val_f1_macro_present: raw=0.4286 stable_score=0.3662 at epoch 7
2026-08-30 15:03:08 | Epoch 008/060 | loss 3.7431 | cls 2.6489 | tal -0.1781 | dual_g 1.1476 | dual_d 0.7509 | train_acc 0.6667 | train_full n/a | val_acc 0.3462 | val_f1 0.3346 | adv/moduleC 0.13/0.62 | disc_steps 3 | grad(main/disc) 20.973/2.141 | lr(main/disc) 9.00e-05/2.75e-05 | cuda_peak(alloc/resv) 4.09/5.12GB | phase(train/val/raw/train_eval) 0.8/0.3/0.0/0.0s | 1.1s
2026-08-30 15:03:09 | Epoch 009/060 | loss 4.0058 | cls 2.7375 | tal -0.1905 | dual_g 1.3255 | dual_d 0.7786 | train_acc 0.6354 | train_full n/a | val_acc 0.5385 | val_f1 0.5619 | adv/moduleC 0.20/0.75 | disc_steps 3 | grad(main/disc) 21.657/2.127 | lr(main/disc) 9.00e-05/2.75e-05 | cuda_peak(alloc/resv) 4.09/5.12GB | phase(train/val/raw/train_eval) 0.7/0.3/0.0/0.0s | 1.0s
2026-08-30 15:03:11 | Epoch 010/060 | loss 3.5321 | cls 2.2082 | tal -0.1810 | dual_g 1.3783 | dual_d 0.7869 | train_acc 0.8438 | train_full 0.6354 | val_acc 0.5385 | val_f1 0.5460 | adv/moduleC 0.27/0.88 | disc_steps 3 | grad(main/disc) 17.856/2.248 | lr(main/disc) 9.00e-05/2.75e-05 | cuda_peak(alloc/resv) 4.09/5.12GB | phase(train/val/raw/train_eval) 0.7/0.3/0.3/0.4s | 1.8s
2026-08-30 15:03:12 | Epoch 011/060 | loss 3.9061 | cls 2.3998 | tal -0.1520 | dual_g 1.5519 | dual_d 0.8028 | train_acc 0.7188 | train_full n/a | val_acc 0.5769 | val_f1 0.5654 | adv/moduleC 0.33/1.00 | disc_steps 3 | grad(main/disc) 21.566/2.079 | lr(main/disc) 9.00e-05/2.75e-05 | cuda_peak(alloc/resv) 4.09/5.12GB | phase(train/val/raw/train_eval) 0.9/0.3/0.3/0.0s | 1.6s
2026-08-30 15:03:15 | New best val_f1_macro_present: raw=0.5654 stable_score=0.5460 at epoch 11
2026-08-30 15:03:16 | Epoch 012/060 | loss 3.7074 | cls 2.2742 | tal -0.1263 | dual_g 1.4712 | dual_d 0.7697 | train_acc 0.7708 | train_full n/a | val_acc 0.6154 | val_f1 0.5967 | adv/moduleC 0.40/1.00 | disc_steps 3 | grad(main/disc) 20.767/2.164 | lr(main/disc) 9.00e-05/2.75e-05 | cuda_peak(alloc/resv) 4.09/5.12GB | phase(train/val/raw/train_eval) 0.9/0.3/0.0/0.0s | 1.2s
2026-08-30 15:03:17 | Epoch 013/060 | loss 3.5338 | cls 2.1166 | tal -0.0895 | dual_g 1.4440 | dual_d 0.7137 | train_acc 0.8021 | train_full n/a | val_acc 0.6538 | val_f1 0.6674 | adv/moduleC 0.47/1.00 | disc_steps 3 | grad(main/disc) 20.023/1.910 | lr(main/disc) 9.00e-05/2.75e-05 | cuda_peak(alloc/resv) 4.09/5.12GB | phase(train/val/raw/train_eval) 0.8/0.3/0.3/0.0s | 1.5s
2026-08-30 15:03:19 | New best val_f1_macro_present: raw=0.6674 stable_score=0.5654 at epoch 13
2026-08-30 15:03:21 | Epoch 014/060 | loss 3.5618 | cls 2.1179 | tal -0.1034 | dual_g 1.4750 | dual_d 0.7689 | train_acc 0.8646 | train_full n/a | val_acc 0.8462 | val_f1 0.8611 | adv/moduleC 0.53/1.00 | disc_steps 3 | grad(main/disc) 20.093/2.036 | lr(main/disc) 9.00e-05/2.75e-05 | cuda_peak(alloc/resv) 4.09/5.12GB | phase(train/val/raw/train_eval) 0.9/0.3/0.3/0.0s | 1.6s
2026-08-30 15:03:23 | New best val_f1_macro_present: raw=0.8611 stable_score=0.5967 at epoch 14
2026-08-30 15:03:25 | Epoch 015/060 | loss 3.1155 | cls 1.8507 | tal -0.1214 | dual_g 1.3011 | dual_d 0.7319 | train_acc 0.9479 | train_full 0.8125 | val_acc 0.7308 | val_f1 0.7416 | adv/moduleC 0.60/1.00 | disc_steps 3 | grad(main/disc) 15.777/1.946 | lr(main/disc) 9.00e-05/2.75e-05 | cuda_peak(alloc/resv) 4.09/5.12GB | phase(train/val/raw/train_eval) 0.9/0.3/0.3/0.4s | 1.9s
2026-08-30 15:03:27 | New best val_f1_macro_present: raw=0.7416 stable_score=0.6674 at epoch 15
2026-08-30 15:03:28 | Epoch 016/060 | loss 2.9297 | cls 1.6952 | tal -0.1299 | dual_g 1.2735 | dual_d 0.7835 | train_acc 0.9688 | train_full n/a | val_acc 0.6923 | val_f1 0.6944 | adv/moduleC 0.67/1.00 | disc_steps 3 | grad(main/disc) 17.619/1.950 | lr(main/disc) 9.00e-05/2.75e-05 | cuda_peak(alloc/resv) 4.09/5.12GB | phase(train/val/raw/train_eval) 0.8/0.3/0.3/0.0s | 1.5s
2026-08-30 15:03:31 | New best val_f1_macro_present: raw=0.6944 stable_score=0.6944 at epoch 16
2026-08-30 15:03:32 | Epoch 017/060 | loss 2.9259 | cls 1.7642 | tal -0.2609 | dual_g 1.2400 | dual_d 0.8048 | train_acc 0.9688 | train_full n/a | val_acc 0.6538 | val_f1 0.6783 | adv/moduleC 0.73/1.00 | disc_steps 3 | grad(main/disc) 15.421/1.943 | lr(main/disc) 9.00e-05/2.75e-05 | cuda_peak(alloc/resv) 4.09/5.12GB | phase(train/val/raw/train_eval) 1.0/0.3/0.0/0.0s | 1.3s
2026-08-30 15:03:33 | Epoch 018/060 | loss 2.8342 | cls 1.6782 | tal -0.1988 | dual_g 1.2156 | dual_d 0.8140 | train_acc 0.9375 | train_full n/a | val_acc 0.6538 | val_f1 0.6652 | adv/moduleC 0.80/1.00 | disc_steps 3 | grad(main/disc) 16.069/2.018 | lr(main/disc) 9.00e-05/2.75e-05 | cuda_peak(alloc/resv) 4.09/5.12GB | phase(train/val/raw/train_eval) 0.7/0.3/0.0/0.0s | 1.0s
2026-08-30 15:03:34 | Epoch 019/060 | loss 2.7885 | cls 1.6885 | tal -0.2318 | dual_g 1.1695 | dual_d 0.7707 | train_acc 0.9271 | train_full n/a | val_acc 0.6538 | val_f1 0.6641 | adv/moduleC 0.87/1.00 | disc_steps 3 | grad(main/disc) 16.662/2.076 | lr(main/disc) 9.00e-05/2.75e-05 | cuda_peak(alloc/resv) 4.09/5.12GB | phase(train/val/raw/train_eval) 0.9/0.3/0.0/0.0s | 1.2s
2026-08-30 15:03:36 | Epoch 020/060 | loss 2.7877 | cls 1.6431 | tal -0.1754 | dual_g 1.1972 | dual_d 0.7310 | train_acc 0.9896 | train_full 0.7917 | val_acc 0.7692 | val_f1 0.7833 | adv/moduleC 0.93/1.00 | disc_steps 3 | grad(main/disc) 16.432/1.895 | lr(main/disc) 9.00e-05/2.75e-05 | cuda_peak(alloc/resv) 4.09/5.12GB | phase(train/val/raw/train_eval) 0.9/0.3/0.3/0.4s | 1.9s
2026-08-30 15:03:37 | Epoch 021/060 | loss 2.8743 | cls 1.7620 | tal -0.1980 | dual_g 1.1717 | dual_d 0.8053 | train_acc 0.9375 | train_full n/a | val_acc 0.7692 | val_f1 0.7833 | adv/moduleC 1.00/1.00 | disc_steps 3 | grad(main/disc) 17.403/1.984 | lr(main/disc) 9.00e-05/2.75e-05 | cuda_peak(alloc/resv) 4.09/5.12GB | phase(train/val/raw/train_eval) 0.6/0.3/0.0/0.0s | 1.0s
2026-08-30 15:03:38 | Epoch 022/060 | loss 2.8770 | cls 1.7209 | tal -0.1523 | dual_g 1.2017 | dual_d 0.7755 | train_acc 0.9271 | train_full n/a | val_acc 0.6538 | val_f1 0.6674 | adv/moduleC 1.00/1.00 | disc_steps 3 | grad(main/disc) 18.787/2.051 | lr(main/disc) 9.00e-05/2.75e-05 | cuda_peak(alloc/resv) 4.09/5.12GB | phase(train/val/raw/train_eval) 0.8/0.3/0.0/0.0s | 1.2s
2026-08-30 15:03:39 | Epoch 023/060 | loss 2.8726 | cls 1.7115 | tal -0.2099 | dual_g 1.2242 | dual_d 0.7473 | train_acc 0.9271 | train_full n/a | val_acc 0.6538 | val_f1 0.6674 | adv/moduleC 1.00/1.00 | disc_steps 3 | grad(main/disc) 17.226/1.844 | lr(main/disc) 9.00e-05/2.75e-05 | cuda_peak(alloc/resv) 4.09/5.12GB | phase(train/val/raw/train_eval) 0.8/0.3/0.0/0.0s | 1.1s
2026-08-30 15:03:40 | Epoch 024/060 | loss 2.4763 | cls 1.4571 | tal -0.1426 | dual_g 1.0619 | dual_d 0.8012 | train_acc 0.9688 | train_full n/a | val_acc 0.7692 | val_f1 0.7833 | adv/moduleC 1.00/1.00 | disc_steps 3 | grad(main/disc) 12.104/2.066 | lr(main/disc) 9.00e-05/2.75e-05 | cuda_peak(alloc/resv) 4.09/5.12GB | phase(train/val/raw/train_eval) 0.8/0.3/0.0/0.0s | 1.1s
2026-08-30 15:03:42 | Epoch 025/060 | loss 2.7367 | cls 1.6875 | tal -0.1411 | dual_g 1.0916 | dual_d 0.8217 | train_acc 0.9375 | train_full 0.8958 | val_acc 0.8462 | val_f1 0.8579 | adv/moduleC 1.00/1.00 | disc_steps 3 | grad(main/disc) 16.661/1.994 | lr(main/disc) 9.00e-05/2.75e-05 | cuda_peak(alloc/resv) 4.09/5.12GB | phase(train/val/raw/train_eval) 0.7/0.3/0.3/0.4s | 1.8s
2026-08-30 15:03:44 | Epoch 026/060 | loss 2.4809 | cls 1.4833 | tal -0.2546 | dual_g 1.0740 | dual_d 0.8781 | train_acc 0.9583 | train_full n/a | val_acc 0.8846 | val_f1 0.8908 | adv/moduleC 1.00/1.00 | disc_steps 3 | grad(main/disc) 13.898/2.079 | lr(main/disc) 9.00e-05/2.75e-05 | cuda_peak(alloc/resv) 4.09/5.12GB | phase(train/val/raw/train_eval) 0.9/0.3/0.3/0.0s | 1.6s
2026-08-30 15:03:46 | New best val_f1_macro_present: raw=0.8908 stable_score=0.7833 at epoch 26
2026-08-30 15:03:47 | Epoch 027/060 | loss 2.7239 | cls 1.6145 | tal -0.1581 | dual_g 1.1568 | dual_d 0.8247 | train_acc 0.9688 | train_full n/a | val_acc 1.0000 | val_f1 1.0000 | adv/moduleC 1.00/1.00 | disc_steps 3 | grad(main/disc) 17.704/2.080 | lr(main/disc) 9.00e-05/2.75e-05 | cuda_peak(alloc/resv) 4.09/5.12GB | phase(train/val/raw/train_eval) 0.7/0.3/0.3/0.0s | 1.4s
2026-08-30 15:03:49 | New best val_f1_macro_present: raw=1.0000 stable_score=0.8579 at epoch 27
2026-08-30 15:03:51 | Epoch 028/060 | loss 2.5444 | cls 1.5614 | tal -0.2298 | dual_g 1.0520 | dual_d 0.8001 | train_acc 0.9688 | train_full n/a | val_acc 0.9231 | val_f1 0.9429 | adv/moduleC 1.00/1.00 | disc_steps 3 | grad(main/disc) 13.921/1.921 | lr(main/disc) 9.00e-05/2.75e-05 | cuda_peak(alloc/resv) 4.09/5.12GB | phase(train/val/raw/train_eval) 0.7/0.3/0.3/0.0s | 1.4s
2026-08-30 15:03:53 | New best val_f1_macro_present: raw=0.9429 stable_score=0.8908 at epoch 28
2026-08-30 15:03:54 | Epoch 029/060 | loss 2.3486 | cls 1.4077 | tal -0.2297 | dual_g 1.0099 | dual_d 0.7788 | train_acc 0.9792 | train_full n/a | val_acc 1.0000 | val_f1 1.0000 | adv/moduleC 1.00/1.00 | disc_steps 3 | grad(main/disc) 10.558/1.855 | lr(main/disc) 9.00e-05/2.75e-05 | cuda_peak(alloc/resv) 4.09/5.12GB | phase(train/val/raw/train_eval) 0.9/0.3/0.3/0.0s | 1.5s
2026-08-30 15:03:56 | New best val_f1_macro_present: raw=1.0000 stable_score=0.9429 at epoch 29
2026-08-30 15:03:58 | Epoch 030/060 | loss 2.6963 | cls 1.6381 | tal -0.2211 | dual_g 1.1245 | dual_d 0.7452 | train_acc 0.9375 | train_full 0.9479 | val_acc 0.9615 | val_f1 0.9556 | adv/moduleC 1.00/1.00 | disc_steps 3 | grad(main/disc) 16.528/1.826 | lr(main/disc) 9.00e-05/2.75e-05 | cuda_peak(alloc/resv) 4.09/5.12GB | phase(train/val/raw/train_eval) 0.8/0.3/0.3/0.4s | 1.8s
2026-08-30 15:04:00 | Epoch 031/060 | loss 2.4255 | cls 1.4566 | tal -0.2312 | dual_g 1.0383 | dual_d 0.8317 | train_acc 0.9792 | train_full n/a | val_acc 0.9615 | val_f1 0.9556 | adv/moduleC 1.00/1.00 | disc_steps 3 | grad(main/disc) 12.938/1.991 | lr(main/disc) 9.00e-05/2.75e-05 | cuda_peak(alloc/resv) 4.09/5.12GB | phase(train/val/raw/train_eval) 0.8/0.3/0.3/0.0s | 1.5s
2026-08-30 15:04:02 | New best val_f1_macro_present: raw=0.9556 stable_score=0.9556 at epoch 31
2026-08-30 15:04:03 | Epoch 032/060 | loss 2.3675 | cls 1.4132 | tal -0.1845 | dual_g 1.0096 | dual_d 0.7923 | train_acc 0.9688 | train_full n/a | val_acc 1.0000 | val_f1 1.0000 | adv/moduleC 1.00/1.00 | disc_steps 3 | grad(main/disc) 11.961/1.921 | lr(main/disc) 9.00e-05/2.75e-05 | cuda_peak(alloc/resv) 4.09/5.12GB | phase(train/val/raw/train_eval) 0.9/0.3/0.0/0.0s | 1.2s
2026-08-30 15:04:04 | Epoch 033/060 | loss 2.2956 | cls 1.3479 | tal -0.1258 | dual_g 0.9855 | dual_d 0.8050 | train_acc 0.9896 | train_full n/a | val_acc 1.0000 | val_f1 1.0000 | adv/moduleC 1.00/1.00 | disc_steps 3 | grad(main/disc) 9.022/1.872 | lr(main/disc) 9.00e-05/2.75e-05 | cuda_peak(alloc/resv) 4.09/5.12GB | phase(train/val/raw/train_eval) 0.9/0.3/0.0/0.0s | 1.2s
2026-08-30 15:04:05 | Epoch 034/060 | loss 2.4634 | cls 1.4416 | tal -0.0598 | dual_g 1.0398 | dual_d 0.9363 | train_acc 0.9896 | train_full n/a | val_acc 1.0000 | val_f1 1.0000 | adv/moduleC 1.00/1.00 | disc_steps 3 | grad(main/disc) 11.206/2.094 | lr(main/disc) 9.00e-05/2.75e-05 | cuda_peak(alloc/resv) 4.09/5.12GB | phase(train/val/raw/train_eval) 0.6/0.3/0.3/0.0s | 1.3s
2026-08-30 15:04:08 | New best val_f1_macro_present: raw=1.0000 stable_score=1.0000 at epoch 34
2026-08-30 15:04:09 | Epoch 035/060 | loss 2.2691 | cls 1.3521 | tal -0.1254 | dual_g 0.9546 | dual_d 0.8376 | train_acc 0.9792 | train_full 0.9792 | val_acc 1.0000 | val_f1 1.0000 | adv/moduleC 1.00/1.00 | disc_steps 3 | grad(main/disc) 8.658/1.974 | lr(main/disc) 9.00e-05/2.75e-05 | cuda_peak(alloc/resv) 4.09/5.12GB | phase(train/val/raw/train_eval) 0.8/0.3/0.3/0.4s | 1.9s
2026-08-30 15:04:11 | Epoch 036/060 | loss 2.4553 | cls 1.4777 | tal -0.1351 | dual_g 1.0181 | dual_d 0.8221 | train_acc 0.9688 | train_full n/a | val_acc 1.0000 | val_f1 1.0000 | adv/moduleC 1.00/1.00 | disc_steps 3 | grad(main/disc) 12.386/1.941 | lr(main/disc) 4.50e-05/1.38e-05 | cuda_peak(alloc/resv) 4.09/5.12GB | phase(train/val/raw/train_eval) 0.9/0.3/0.0/0.0s | 1.2s
2026-08-30 15:04:12 | Epoch 037/060 | loss 2.2700 | cls 1.3399 | tal -0.0694 | dual_g 0.9509 | dual_d 0.8903 | train_acc 0.9896 | train_full n/a | val_acc 0.9615 | val_f1 0.9556 | adv/moduleC 1.00/1.00 | disc_steps 3 | grad(main/disc) 8.313/1.954 | lr(main/disc) 4.50e-05/1.38e-05 | cuda_peak(alloc/resv) 4.09/5.12GB | phase(train/val/raw/train_eval) 0.7/0.3/0.0/0.0s | 1.1s
2026-08-30 15:04:13 | Epoch 038/060 | loss 2.4040 | cls 1.3834 | tal 0.0651 | dual_g 1.0011 | dual_d 0.8896 | train_acc 1.0000 | train_full n/a | val_acc 0.9231 | val_f1 0.9206 | adv/moduleC 1.00/1.00 | disc_steps 3 | grad(main/disc) 11.930/1.964 | lr(main/disc) 4.50e-05/1.38e-05 | cuda_peak(alloc/resv) 4.09/5.12GB | phase(train/val/raw/train_eval) 0.8/0.3/0.0/0.0s | 1.1s
2026-08-30 15:04:14 | Epoch 039/060 | loss 2.2586 | cls 1.3211 | tal -0.0883 | dual_g 0.9640 | dual_d 0.9129 | train_acc 0.9896 | train_full n/a | val_acc 0.9231 | val_f1 0.9206 | adv/moduleC 1.00/1.00 | disc_steps 3 | grad(main/disc) 7.393/2.135 | lr(main/disc) 4.50e-05/1.38e-05 | cuda_peak(alloc/resv) 4.09/5.12GB | phase(train/val/raw/train_eval) 0.9/0.3/0.0/0.0s | 1.2s
2026-08-30 15:04:16 | Epoch 040/060 | loss 2.3499 | cls 1.3834 | tal -0.0460 | dual_g 0.9803 | dual_d 0.8304 | train_acc 0.9688 | train_full 0.9688 | val_acc 0.9231 | val_f1 0.9206 | adv/moduleC 1.00/1.00 | disc_steps 3 | grad(main/disc) 9.143/1.837 | lr(main/disc) 4.50e-05/1.38e-05 | cuda_peak(alloc/resv) 4.09/5.12GB | phase(train/val/raw/train_eval) 0.6/0.3/0.3/0.4s | 1.7s
2026-08-30 15:04:17 | Epoch 041/060 | loss 2.3154 | cls 1.3715 | tal -0.1267 | dual_g 0.9818 | dual_d 0.8684 | train_acc 0.9688 | train_full n/a | val_acc 1.0000 | val_f1 1.0000 | adv/moduleC 1.00/1.00 | disc_steps 3 | grad(main/disc) 9.448/1.914 | lr(main/disc) 4.50e-05/1.38e-05 | cuda_peak(alloc/resv) 4.09/5.12GB | phase(train/val/raw/train_eval) 0.8/0.3/0.0/0.0s | 1.1s
2026-08-30 15:04:18 | Epoch 042/060 | loss 2.2757 | cls 1.3495 | tal -0.0890 | dual_g 0.9529 | dual_d 0.8935 | train_acc 0.9792 | train_full n/a | val_acc 0.9615 | val_f1 0.9556 | adv/moduleC 1.00/1.00 | disc_steps 3 | grad(main/disc) 9.317/2.024 | lr(main/disc) 4.50e-05/1.38e-05 | cuda_peak(alloc/resv) 4.09/5.12GB | phase(train/val/raw/train_eval) 0.9/0.3/0.0/0.0s | 1.2s
2026-08-30 15:04:19 | Epoch 043/060 | loss 2.3066 | cls 1.3799 | tal -0.1475 | dual_g 0.9710 | dual_d 0.9447 | train_acc 1.0000 | train_full n/a | val_acc 0.9231 | val_f1 0.9206 | adv/moduleC 1.00/1.00 | disc_steps 3 | grad(main/disc) 10.452/1.992 | lr(main/disc) 4.50e-05/1.38e-05 | cuda_peak(alloc/resv) 4.09/5.12GB | phase(train/val/raw/train_eval) 0.8/0.3/0.0/0.0s | 1.2s
2026-08-30 15:04:20 | Epoch 044/060 | loss 2.3150 | cls 1.3873 | tal -0.0716 | dual_g 0.9492 | dual_d 0.8616 | train_acc 0.9896 | train_full n/a | val_acc 0.9231 | val_f1 0.9206 | adv/moduleC 1.00/1.00 | disc_steps 3 | grad(main/disc) 9.944/1.958 | lr(main/disc) 4.50e-05/1.38e-05 | cuda_peak(alloc/resv) 4.09/5.12GB | phase(train/val/raw/train_eval) 0.8/0.3/0.0/0.0s | 1.1s
2026-08-30 15:04:22 | Epoch 045/060 | loss 2.2414 | cls 1.3355 | tal -0.1424 | dual_g 0.9486 | dual_d 0.9283 | train_acc 1.0000 | train_full 0.9896 | val_acc 1.0000 | val_f1 1.0000 | adv/moduleC 1.00/1.00 | disc_steps 3 | grad(main/disc) 9.268/2.128 | lr(main/disc) 2.25e-05/6.88e-06 | cuda_peak(alloc/resv) 4.09/5.12GB | phase(train/val/raw/train_eval) 0.8/0.3/0.3/0.4s | 1.8s
2026-08-30 15:04:23 | Epoch 046/060 | loss 2.2965 | cls 1.3811 | tal -0.0842 | dual_g 0.9406 | dual_d 0.8551 | train_acc 0.9896 | train_full n/a | val_acc 1.0000 | val_f1 1.0000 | adv/moduleC 1.00/1.00 | disc_steps 3 | grad(main/disc) 9.661/1.975 | lr(main/disc) 2.25e-05/6.88e-06 | cuda_peak(alloc/resv) 4.09/5.12GB | phase(train/val/raw/train_eval) 0.8/0.3/0.0/0.0s | 1.1s
2026-08-30 15:04:23 | Early stopping at epoch 46 after 12 epochs without val_f1_macro_present improvement.
2026-08-30 15:04:23 | Training complete. Peak validation accuracy: 1.0000 | selected val_f1_macro_present: 1.0000
Dual_D experiment matrix complete.
Batch summary: runs/module_c_v10_full_gate/module_c_20260830_144405/batch_summary_20260830_144406.json
黑天: selected-epoch val ACC 0.9917 ± 0.0000 | Precision 0.9846 | Recall 0.9886 | F1 0.9857 over 3 run(s)
逆光: selected-epoch val ACC 0.9910 ± 0.0127 | Precision 0.9926 | Recall 0.9938 | F1 0.9925 over 3 run(s)
雨天: selected-epoch val ACC 1.0000 ± 0.0000 | Precision 1.0000 | Recall 1.0000 | F1 1.0000 over 3 run(s)
Running Module-C variant: full
/home/lixiang/envs/lx_pytorch/bin/python /home/lixiang/lx/Dual_D/scripts/train_dual_d.py --config configs/train_dual_d_default.json --dual-config runs/module_c_v10_full_gate/module_c_20260830_144405/configs/dual_d_full.json --source-root /home/lixiang/lx/Data/晴天 --output-dir runs/module_c_v10_full_gate/module_c_20260830_144405 --run-name module_c_full --iterations 3 --epochs 60 --group-iterations --no-save-checkpoints --save-feature-embeddings --feature-visualization-samples 512 --monitor-metric val_f1_macro_present --no-use-ais --no-multi-gpu --deterministic-training --target-parent-root /home/lixiang/lx/Data --target-domains 黑天 逆光 雨天 --weather-profile-config configs/module_c_weather_profiles_v10.json --num-workers 16 --device cuda --seed 42
Analysed 9 runs; wrote results to runs/module_c_v10_full_gate/module_c_20260830_144405
