nohup: 忽略输入
=== Starting Full and Module-C ablation matrix ===
/home/lixiang/envs/lx_pytorch/bin/python /home/lixiang/lx/Dual_D/scripts/ablate_module_c.py --run --base-train-config /home/lixiang/lx/Dual_D/configs/train_dual_d_default.json --base-dual-config /home/lixiang/lx/Dual_D/configs/dual_d_default_config.json --weather-profile-config configs/module_c_weather_profiles_v8.json --source-root /home/lixiang/lx/Data/晴天 --target-parent-root /home/lixiang/lx/Data --target-domains 黑天 逆光 雨天 --variants full no_cycle no_identity no_paired_contrastive no_prototype_contrastive no_classification_feedback no_module_c --iterations 3 --epochs 60 --device cuda --group-iterations --no-pca-feature-view --no-tsne-feature-view --output-dir runs/module_c_ablation_60_v8 --seed 42
/home/lixiang/envs/lx_pytorch/lib/python3.11/site-packages/torch/cuda/__init__.py:1061: UserWarning: Can't initialize NVML
  raw_cnt = _raw_device_count_nvml()
2026-08-29 20:53:32 | Starting Dual_D standalone training
2026-08-29 20:53:32 | Run directory: runs/module_c_ablation_60_v8/module_c_20260829_205331/module_c_full_黑天_20260829_205332
2026-08-29 20:53:32 | Device: cuda
2026-08-29 20:53:32 | Source train samples: 992
2026-08-29 20:53:32 | Target train samples: 465
2026-08-29 20:53:32 | Target val samples: 120
2026-08-29 20:53:32 | Classes: 14
2026-08-29 20:53:32 | Data audit: same_dir=False | path_overlap(vis/ir/ais)=0/0/0 | content_overlap(vis/ir/ais)=0/0/0 | ais_index_overlap=0 | stem_mismatch(vis-ir/vis-ais)=578/0
2026-08-29 20:53:32 | source_train classes: present 14/14 | absent 0 | counts [0:120, 1:44, 2:69, 3:45, 4:40, 5:30, 6:64, 7:80, 8:116, 9:68, 10:57, 11:83, 12:48, 13:128]
2026-08-29 20:53:32 | target_train classes: present 8/14 | absent 6 | counts [0:100, 2:11, 3:16, 6:89, 9:162, 10:12, 11:44, 13:31]
2026-08-29 20:53:32 | target_val classes: present 8/14 | absent 6 | counts [0:26, 2:3, 3:5, 6:23, 9:41, 10:3, 11:11, 13:8]
2026-08-29 20:53:32 | Paired training classes: 8/14 | class ids [0, 2, 3, 6, 9, 10, 11, 13]
2026-08-29 20:53:32 | Runtime profile: batch=92 | paired_steps=6 | workers=16 | train_eval_every=5 | raw_eval_every=5 | stability_window=1 | lr_scheduler_start=24 | early_stop=15 after min_epoch=48
2026-08-29 20:53:32 | VIS/IR pairing: class-level-unpaired | count-mismatch classes train/val: 10/0 | AIS alignment: none | AIS rows train/val: 0/0
2026-08-29 20:53:33 | Effective Dual-D loss weights: {"adv_auxiliary": 0.03, "adv_primary": 0.03, "classification": 0.65, "contrastive": 0.055, "cycle": 0.16, "identity": 0.04, "prototype_contrastive": 0.03}
2026-08-29 20:53:33 | Model parameters: total=17277714 | trainable=17120210
Starting run 1/9: domain=黑天, iteration=1, seed=42
2026-08-29 20:53:39 | Epoch 001/060 | loss 5.6796 | cls 5.6332 | tal 0.1547 | dual_g 0.0000 | dual_d 0.0000 | train_acc 0.0996 | train_full 0.1032 | val_acc 0.0667 | val_f1 0.0287 | adv/moduleC 0.00/0.00 | disc_steps 0 | grad(main/disc) 16.483/0.000 | lr(main/disc) 8.50e-05/3.20e-05 | cuda_peak(alloc/resv) 21.78/28.18GB | phase(train/val/raw/train_eval) 4.5/0.5/0.5/0.8s | 6.3s
2026-08-29 20:53:42 | New best val_f1_macro_present: raw=0.0287 stable_score=0.0287 at epoch 1
2026-08-29 20:53:46 | Epoch 002/060 | loss 4.4902 | cls 4.4693 | tal 0.0697 | dual_g 0.0000 | dual_d 0.0000 | train_acc 0.2373 | train_full n/a | val_acc 0.2167 | val_f1 0.1650 | adv/moduleC 0.00/0.00 | disc_steps 0 | grad(main/disc) 12.548/0.000 | lr(main/disc) 8.50e-05/3.20e-05 | cuda_peak(alloc/resv) 21.78/28.18GB | phase(train/val/raw/train_eval) 3.2/0.5/0.5/0.0s | 4.3s
2026-08-29 20:53:49 | New best val_f1_macro_present: raw=0.1650 stable_score=0.1650 at epoch 2
2026-08-29 20:53:53 | Epoch 003/060 | loss 3.6365 | cls 3.6368 | tal -0.0012 | dual_g 0.0000 | dual_d 0.0000 | train_acc 0.3678 | train_full n/a | val_acc 0.1750 | val_f1 0.1369 | adv/moduleC 0.00/0.00 | disc_steps 0 | grad(main/disc) 10.783/0.000 | lr(main/disc) 8.50e-05/3.20e-05 | cuda_peak(alloc/resv) 21.78/28.18GB | phase(train/val/raw/train_eval) 3.4/0.6/0.0/0.0s | 3.9s
2026-08-29 20:53:57 | Epoch 004/060 | loss 3.5263 | cls 3.2091 | tal -0.0068 | dual_g 0.3193 | dual_d 0.0000 | train_acc 0.5435 | train_full n/a | val_acc 0.1917 | val_f1 0.1367 | adv/moduleC 0.00/0.12 | disc_steps 0 | grad(main/disc) 10.193/0.000 | lr(main/disc) 8.50e-05/3.20e-05 | cuda_peak(alloc/resv) 21.78/28.18GB | phase(train/val/raw/train_eval) 3.4/0.5/0.0/0.0s | 3.9s
2026-08-29 20:54:02 | Epoch 005/060 | loss 3.4123 | cls 2.8616 | tal -0.0610 | dual_g 0.5690 | dual_d 0.0000 | train_acc 0.5960 | train_full 0.3097 | val_acc 0.3167 | val_f1 0.2877 | adv/moduleC 0.00/0.25 | disc_steps 0 | grad(main/disc) 9.859/0.000 | lr(main/disc) 8.50e-05/3.20e-05 | cuda_peak(alloc/resv) 21.78/28.18GB | phase(train/val/raw/train_eval) 3.4/0.5/0.5/0.8s | 5.2s
2026-08-29 20:54:04 | New best val_f1_macro_present: raw=0.2877 stable_score=0.2877 at epoch 5
2026-08-29 20:54:09 | Epoch 006/060 | loss 3.3809 | cls 2.5908 | tal 0.0188 | dual_g 0.7844 | dual_d 0.9478 | train_acc 0.6504 | train_full n/a | val_acc 0.4750 | val_f1 0.5314 | adv/moduleC 0.07/0.38 | disc_steps 3 | grad(main/disc) 9.874/1.888 | lr(main/disc) 8.50e-05/3.20e-05 | cuda_peak(alloc/resv) 21.78/28.18GB | phase(train/val/raw/train_eval) 3.7/0.5/0.5/0.0s | 4.8s
2026-08-29 20:54:12 | New best val_f1_macro_present: raw=0.5314 stable_score=0.5314 at epoch 6
2026-08-29 20:54:17 | Epoch 007/060 | loss 3.3853 | cls 2.4051 | tal 0.0355 | dual_g 0.9696 | dual_d 0.8854 | train_acc 0.7120 | train_full n/a | val_acc 0.6667 | val_f1 0.6904 | adv/moduleC 0.13/0.50 | disc_steps 3 | grad(main/disc) 9.947/1.765 | lr(main/disc) 8.50e-05/3.20e-05 | cuda_peak(alloc/resv) 21.78/28.18GB | phase(train/val/raw/train_eval) 3.5/0.5/0.5/0.0s | 4.6s
2026-08-29 20:54:19 | New best val_f1_macro_present: raw=0.6904 stable_score=0.6904 at epoch 7
2026-08-29 20:54:24 | Epoch 008/060 | loss 3.3711 | cls 2.2319 | tal 0.0692 | dual_g 1.1184 | dual_d 0.9114 | train_acc 0.7391 | train_full n/a | val_acc 0.6500 | val_f1 0.6876 | adv/moduleC 0.20/0.62 | disc_steps 3 | grad(main/disc) 10.060/1.763 | lr(main/disc) 8.50e-05/3.20e-05 | cuda_peak(alloc/resv) 21.78/28.18GB | phase(train/val/raw/train_eval) 3.7/0.5/0.0/0.0s | 4.2s
2026-08-29 20:54:28 | Epoch 009/060 | loss 3.1760 | cls 1.9646 | tal 0.0264 | dual_g 1.2035 | dual_d 0.9013 | train_acc 0.8007 | train_full n/a | val_acc 0.6833 | val_f1 0.7134 | adv/moduleC 0.27/0.75 | disc_steps 3 | grad(main/disc) 9.603/1.729 | lr(main/disc) 8.50e-05/3.20e-05 | cuda_peak(alloc/resv) 21.78/28.18GB | phase(train/val/raw/train_eval) 3.3/0.5/0.5/0.0s | 4.3s
2026-08-29 20:54:31 | New best val_f1_macro_present: raw=0.7134 stable_score=0.7134 at epoch 9
2026-08-29 20:54:36 | Epoch 010/060 | loss 3.2353 | cls 1.8866 | tal 0.0309 | dual_g 1.3394 | dual_d 0.8479 | train_acc 0.8297 | train_full 0.7720 | val_acc 0.7167 | val_f1 0.6913 | adv/moduleC 0.33/0.88 | disc_steps 3 | grad(main/disc) 12.895/1.651 | lr(main/disc) 8.50e-05/3.20e-05 | cuda_peak(alloc/resv) 21.78/28.18GB | phase(train/val/raw/train_eval) 3.5/0.5/0.5/0.8s | 5.4s
2026-08-29 20:54:41 | Epoch 011/060 | loss 3.1874 | cls 1.7407 | tal 0.0155 | dual_g 1.4421 | dual_d 0.8305 | train_acc 0.8641 | train_full n/a | val_acc 0.8583 | val_f1 0.8210 | adv/moduleC 0.40/1.00 | disc_steps 3 | grad(main/disc) 12.061/1.567 | lr(main/disc) 8.50e-05/3.20e-05 | cuda_peak(alloc/resv) 21.78/28.18GB | phase(train/val/raw/train_eval) 3.6/0.5/0.5/0.0s | 4.6s
2026-08-29 20:54:43 | New best val_f1_macro_present: raw=0.8210 stable_score=0.8210 at epoch 11
2026-08-29 20:54:47 | Epoch 012/060 | loss 3.0154 | cls 1.6501 | tal -0.0064 | dual_g 1.3672 | dual_d 0.8745 | train_acc 0.8841 | train_full n/a | val_acc 0.8333 | val_f1 0.7964 | adv/moduleC 0.47/1.00 | disc_steps 3 | grad(main/disc) 9.858/1.581 | lr(main/disc) 8.50e-05/3.20e-05 | cuda_peak(alloc/resv) 21.78/28.18GB | phase(train/val/raw/train_eval) 3.7/0.5/0.0/0.0s | 4.2s
2026-08-29 20:54:51 | Epoch 013/060 | loss 2.9190 | cls 1.6025 | tal -0.0246 | dual_g 1.3238 | dual_d 0.8512 | train_acc 0.8859 | train_full n/a | val_acc 0.7917 | val_f1 0.7597 | adv/moduleC 0.53/1.00 | disc_steps 3 | grad(main/disc) 9.432/1.504 | lr(main/disc) 8.50e-05/3.20e-05 | cuda_peak(alloc/resv) 21.78/28.18GB | phase(train/val/raw/train_eval) 3.4/0.5/0.0/0.0s | 3.9s
2026-08-29 20:54:55 | Epoch 014/060 | loss 2.8011 | cls 1.5360 | tal -0.0599 | dual_g 1.2830 | dual_d 0.8384 | train_acc 0.9094 | train_full n/a | val_acc 0.8417 | val_f1 0.8033 | adv/moduleC 0.60/1.00 | disc_steps 3 | grad(main/disc) 8.500/1.546 | lr(main/disc) 8.50e-05/3.20e-05 | cuda_peak(alloc/resv) 21.78/28.18GB | phase(train/val/raw/train_eval) 3.4/0.5/0.0/0.0s | 3.9s
2026-08-29 20:55:01 | Epoch 015/060 | loss 2.6920 | cls 1.4993 | tal -0.0818 | dual_g 1.2172 | dual_d 0.8336 | train_acc 0.9293 | train_full 0.8624 | val_acc 0.8667 | val_f1 0.8346 | adv/moduleC 0.67/1.00 | disc_steps 3 | grad(main/disc) 8.991/1.462 | lr(main/disc) 8.50e-05/3.20e-05 | cuda_peak(alloc/resv) 21.78/28.18GB | phase(train/val/raw/train_eval) 3.4/0.6/0.5/0.8s | 5.3s
2026-08-29 20:55:03 | New best val_f1_macro_present: raw=0.8346 stable_score=0.8346 at epoch 15
2026-08-29 20:55:07 | Epoch 016/060 | loss 2.6650 | cls 1.4739 | tal -0.0155 | dual_g 1.1958 | dual_d 0.8808 | train_acc 0.9312 | train_full n/a | val_acc 0.8750 | val_f1 0.8290 | adv/moduleC 0.73/1.00 | disc_steps 3 | grad(main/disc) 8.937/1.479 | lr(main/disc) 8.50e-05/3.20e-05 | cuda_peak(alloc/resv) 21.78/28.18GB | phase(train/val/raw/train_eval) 3.4/0.5/0.0/0.0s | 3.9s
2026-08-29 20:55:12 | Epoch 017/060 | loss 2.6098 | cls 1.4226 | tal -0.0130 | dual_g 1.1911 | dual_d 0.9103 | train_acc 0.9565 | train_full n/a | val_acc 0.8750 | val_f1 0.8400 | adv/moduleC 0.80/1.00 | disc_steps 3 | grad(main/disc) 7.980/1.479 | lr(main/disc) 8.50e-05/3.20e-05 | cuda_peak(alloc/resv) 21.78/28.18GB | phase(train/val/raw/train_eval) 3.5/0.5/0.5/0.0s | 4.5s
2026-08-29 20:55:14 | New best val_f1_macro_present: raw=0.8400 stable_score=0.8400 at epoch 17
2026-08-29 20:55:19 | Epoch 018/060 | loss 2.5400 | cls 1.3750 | tal 0.0239 | dual_g 1.1579 | dual_d 0.9028 | train_acc 0.9710 | train_full n/a | val_acc 0.9000 | val_f1 0.8547 | adv/moduleC 0.87/1.00 | disc_steps 3 | grad(main/disc) 7.036/1.507 | lr(main/disc) 8.50e-05/3.20e-05 | cuda_peak(alloc/resv) 21.78/28.18GB | phase(train/val/raw/train_eval) 3.2/0.5/0.5/0.0s | 4.3s
2026-08-29 20:55:21 | New best val_f1_macro_present: raw=0.8547 stable_score=0.8547 at epoch 18
2026-08-29 20:55:26 | Epoch 019/060 | loss 2.5381 | cls 1.3773 | tal 0.0022 | dual_g 1.1601 | dual_d 0.9429 | train_acc 0.9801 | train_full n/a | val_acc 0.8917 | val_f1 0.8535 | adv/moduleC 0.93/1.00 | disc_steps 3 | grad(main/disc) 7.639/1.531 | lr(main/disc) 8.50e-05/3.20e-05 | cuda_peak(alloc/resv) 21.78/28.18GB | phase(train/val/raw/train_eval) 3.5/0.5/0.0/0.0s | 4.0s
2026-08-29 20:55:31 | Epoch 020/060 | loss 2.4977 | cls 1.3471 | tal 0.0026 | dual_g 1.1498 | dual_d 0.9664 | train_acc 0.9728 | train_full 0.9419 | val_acc 0.9000 | val_f1 0.8534 | adv/moduleC 1.00/1.00 | disc_steps 3 | grad(main/disc) 7.209/1.550 | lr(main/disc) 8.50e-05/3.20e-05 | cuda_peak(alloc/resv) 21.78/28.18GB | phase(train/val/raw/train_eval) 3.4/0.5/0.5/0.8s | 5.2s
2026-08-29 20:55:35 | Epoch 021/060 | loss 2.4569 | cls 1.3390 | tal 0.0311 | dual_g 1.1085 | dual_d 0.9452 | train_acc 0.9783 | train_full n/a | val_acc 0.9333 | val_f1 0.8831 | adv/moduleC 1.00/1.00 | disc_steps 3 | grad(main/disc) 5.862/1.480 | lr(main/disc) 8.50e-05/3.20e-05 | cuda_peak(alloc/resv) 21.78/28.18GB | phase(train/val/raw/train_eval) 3.1/0.5/0.5/0.0s | 4.2s
2026-08-29 20:55:38 | New best val_f1_macro_present: raw=0.8831 stable_score=0.8831 at epoch 21
2026-08-29 20:55:41 | Epoch 022/060 | loss 2.4260 | cls 1.3326 | tal 0.0080 | dual_g 1.0910 | dual_d 0.9660 | train_acc 0.9746 | train_full n/a | val_acc 0.9000 | val_f1 0.8498 | adv/moduleC 1.00/1.00 | disc_steps 3 | grad(main/disc) 5.611/1.501 | lr(main/disc) 8.50e-05/3.20e-05 | cuda_peak(alloc/resv) 21.78/28.18GB | phase(train/val/raw/train_eval) 3.2/0.5/0.0/0.0s | 3.8s
2026-08-29 20:55:45 | Epoch 023/060 | loss 2.4054 | cls 1.3213 | tal -0.0354 | dual_g 1.0947 | dual_d 0.9714 | train_acc 0.9819 | train_full n/a | val_acc 0.9000 | val_f1 0.8652 | adv/moduleC 1.00/1.00 | disc_steps 3 | grad(main/disc) 6.084/1.482 | lr(main/disc) 8.50e-05/3.20e-05 | cuda_peak(alloc/resv) 21.78/28.18GB | phase(train/val/raw/train_eval) 3.4/0.5/0.0/0.0s | 3.9s
2026-08-29 20:55:49 | Epoch 024/060 | loss 2.3577 | cls 1.3044 | tal -0.0654 | dual_g 1.0729 | dual_d 1.0068 | train_acc 0.9855 | train_full n/a | val_acc 0.9250 | val_f1 0.8740 | adv/moduleC 1.00/1.00 | disc_steps 3 | grad(main/disc) 5.296/1.530 | lr(main/disc) 8.50e-05/3.20e-05 | cuda_peak(alloc/resv) 21.78/28.18GB | phase(train/val/raw/train_eval) 3.2/0.5/0.0/0.0s | 3.7s
2026-08-29 20:55:54 | Epoch 025/060 | loss 2.3699 | cls 1.3111 | tal -0.0101 | dual_g 1.0619 | dual_d 0.9820 | train_acc 0.9764 | train_full 0.9742 | val_acc 0.9167 | val_f1 0.8717 | adv/moduleC 1.00/1.00 | disc_steps 3 | grad(main/disc) 5.038/1.452 | lr(main/disc) 8.50e-05/3.20e-05 | cuda_peak(alloc/resv) 21.78/28.18GB | phase(train/val/raw/train_eval) 3.4/0.5/0.5/0.8s | 5.2s
2026-08-29 20:55:58 | Epoch 026/060 | loss 2.3314 | cls 1.2810 | tal 0.0050 | dual_g 1.0489 | dual_d 1.0605 | train_acc 0.9837 | train_full n/a | val_acc 0.9083 | val_f1 0.8651 | adv/moduleC 1.00/1.00 | disc_steps 3 | grad(main/disc) 4.883/1.554 | lr(main/disc) 8.50e-05/3.20e-05 | cuda_peak(alloc/resv) 21.78/28.18GB | phase(train/val/raw/train_eval) 3.3/0.5/0.0/0.0s | 3.8s
2026-08-29 20:56:03 | Epoch 027/060 | loss 2.3334 | cls 1.2904 | tal -0.0176 | dual_g 1.0482 | dual_d 1.0105 | train_acc 0.9837 | train_full n/a | val_acc 0.9333 | val_f1 0.9242 | adv/moduleC 1.00/1.00 | disc_steps 3 | grad(main/disc) 5.679/1.462 | lr(main/disc) 8.50e-05/3.20e-05 | cuda_peak(alloc/resv) 21.78/28.18GB | phase(train/val/raw/train_eval) 3.3/0.5/0.5/0.0s | 4.3s
2026-08-29 20:56:05 | New best val_f1_macro_present: raw=0.9242 stable_score=0.9242 at epoch 27
2026-08-29 20:56:09 | Epoch 028/060 | loss 2.2907 | cls 1.2605 | tal -0.0491 | dual_g 1.0450 | dual_d 1.0615 | train_acc 0.9891 | train_full n/a | val_acc 0.9167 | val_f1 0.8746 | adv/moduleC 1.00/1.00 | disc_steps 3 | grad(main/disc) 5.174/1.546 | lr(main/disc) 8.50e-05/3.20e-05 | cuda_peak(alloc/resv) 21.78/28.18GB | phase(train/val/raw/train_eval) 3.3/0.5/0.0/0.0s | 3.8s
2026-08-29 20:56:13 | Epoch 029/060 | loss 2.2832 | cls 1.2639 | tal -0.0361 | dual_g 1.0302 | dual_d 1.0598 | train_acc 0.9873 | train_full n/a | val_acc 0.9250 | val_f1 0.8956 | adv/moduleC 1.00/1.00 | disc_steps 3 | grad(main/disc) 4.373/1.504 | lr(main/disc) 8.50e-05/3.20e-05 | cuda_peak(alloc/resv) 21.78/28.18GB | phase(train/val/raw/train_eval) 3.4/0.5/0.0/0.0s | 3.9s
2026-08-29 20:56:18 | Epoch 030/060 | loss 2.2607 | cls 1.2530 | tal -0.0680 | dual_g 1.0281 | dual_d 1.0342 | train_acc 0.9928 | train_full 0.9591 | val_acc 0.9417 | val_f1 0.9351 | adv/moduleC 1.00/1.00 | disc_steps 3 | grad(main/disc) 3.556/1.448 | lr(main/disc) 8.50e-05/3.20e-05 | cuda_peak(alloc/resv) 21.78/28.18GB | phase(train/val/raw/train_eval) 3.6/0.5/0.5/0.8s | 5.4s
2026-08-29 20:56:21 | New best val_f1_macro_present: raw=0.9351 stable_score=0.9351 at epoch 30
2026-08-29 20:56:25 | Epoch 031/060 | loss 2.2068 | cls 1.2351 | tal -0.1262 | dual_g 1.0096 | dual_d 1.0997 | train_acc 0.9982 | train_full n/a | val_acc 0.9250 | val_f1 0.9125 | adv/moduleC 1.00/1.00 | disc_steps 3 | grad(main/disc) 3.388/1.512 | lr(main/disc) 8.50e-05/3.20e-05 | cuda_peak(alloc/resv) 21.78/28.18GB | phase(train/val/raw/train_eval) 3.3/0.5/0.0/0.0s | 3.8s
2026-08-29 20:56:29 | Epoch 032/060 | loss 2.1829 | cls 1.2258 | tal -0.1482 | dual_g 1.0016 | dual_d 1.1225 | train_acc 0.9982 | train_full n/a | val_acc 0.9417 | val_f1 0.9085 | adv/moduleC 1.00/1.00 | disc_steps 3 | grad(main/disc) 3.159/1.528 | lr(main/disc) 8.50e-05/3.20e-05 | cuda_peak(alloc/resv) 21.78/28.18GB | phase(train/val/raw/train_eval) 3.3/0.5/0.0/0.0s | 3.8s
2026-08-29 20:56:33 | Epoch 033/060 | loss 2.2170 | cls 1.2445 | tal -0.1286 | dual_g 1.0110 | dual_d 1.1020 | train_acc 0.9891 | train_full n/a | val_acc 0.9417 | val_f1 0.9147 | adv/moduleC 1.00/1.00 | disc_steps 3 | grad(main/disc) 3.357/1.444 | lr(main/disc) 8.50e-05/3.20e-05 | cuda_peak(alloc/resv) 21.78/28.18GB | phase(train/val/raw/train_eval) 3.3/0.5/0.0/0.0s | 3.8s
2026-08-29 20:56:37 | Epoch 034/060 | loss 2.2020 | cls 1.2280 | tal -0.0907 | dual_g 1.0013 | dual_d 1.0942 | train_acc 0.9946 | train_full n/a | val_acc 0.9333 | val_f1 0.9079 | adv/moduleC 1.00/1.00 | disc_steps 3 | grad(main/disc) 3.281/1.409 | lr(main/disc) 8.50e-05/3.20e-05 | cuda_peak(alloc/resv) 21.78/28.18GB | phase(train/val/raw/train_eval) 3.5/0.5/0.0/0.0s | 4.0s
2026-08-29 20:56:42 | Epoch 035/060 | loss 2.1967 | cls 1.2237 | tal -0.0901 | dual_g 1.0000 | dual_d 1.1386 | train_acc 0.9982 | train_full 0.9613 | val_acc 0.9250 | val_f1 0.8855 | adv/moduleC 1.00/1.00 | disc_steps 3 | grad(main/disc) 3.286/1.468 | lr(main/disc) 8.50e-05/3.20e-05 | cuda_peak(alloc/resv) 21.78/28.18GB | phase(train/val/raw/train_eval) 3.4/0.5/0.5/0.8s | 5.3s
2026-08-29 20:56:46 | Epoch 036/060 | loss 2.2003 | cls 1.2328 | tal -0.0955 | dual_g 0.9961 | dual_d 1.1353 | train_acc 0.9855 | train_full n/a | val_acc 0.9667 | val_f1 0.9686 | adv/moduleC 1.00/1.00 | disc_steps 3 | grad(main/disc) 3.558/1.480 | lr(main/disc) 8.50e-05/3.20e-05 | cuda_peak(alloc/resv) 21.78/28.18GB | phase(train/val/raw/train_eval) 3.4/0.5/0.5/0.0s | 4.4s
2026-08-29 20:56:49 | New best val_f1_macro_present: raw=0.9686 stable_score=0.9686 at epoch 36
2026-08-29 20:56:53 | Epoch 037/060 | loss 2.1565 | cls 1.2164 | tal -0.1240 | dual_g 0.9773 | dual_d 1.1299 | train_acc 0.9964 | train_full n/a | val_acc 0.9417 | val_f1 0.9227 | adv/moduleC 1.00/1.00 | disc_steps 3 | grad(main/disc) 2.701/1.464 | lr(main/disc) 8.50e-05/3.20e-05 | cuda_peak(alloc/resv) 21.78/28.18GB | phase(train/val/raw/train_eval) 3.2/0.5/0.0/0.0s | 3.7s
2026-08-29 20:56:57 | Epoch 038/060 | loss 2.1423 | cls 1.2115 | tal -0.1324 | dual_g 0.9705 | dual_d 1.1052 | train_acc 0.9982 | train_full n/a | val_acc 0.9417 | val_f1 0.9136 | adv/moduleC 1.00/1.00 | disc_steps 3 | grad(main/disc) 2.335/1.438 | lr(main/disc) 8.50e-05/3.20e-05 | cuda_peak(alloc/resv) 21.78/28.18GB | phase(train/val/raw/train_eval) 3.7/0.5/0.0/0.0s | 4.3s
2026-08-29 20:57:01 | Epoch 039/060 | loss 2.1333 | cls 1.2054 | tal -0.1357 | dual_g 0.9686 | dual_d 1.1237 | train_acc 0.9964 | train_full n/a | val_acc 0.9333 | val_f1 0.8994 | adv/moduleC 1.00/1.00 | disc_steps 3 | grad(main/disc) 2.506/1.456 | lr(main/disc) 8.50e-05/3.20e-05 | cuda_peak(alloc/resv) 21.78/28.18GB | phase(train/val/raw/train_eval) 3.5/0.5/0.0/0.0s | 4.0s
2026-08-29 20:57:06 | Epoch 040/060 | loss 2.1447 | cls 1.2104 | tal -0.1265 | dual_g 0.9722 | dual_d 1.1731 | train_acc 0.9946 | train_full 0.9785 | val_acc 0.9250 | val_f1 0.8870 | adv/moduleC 1.00/1.00 | disc_steps 3 | grad(main/disc) 2.794/1.507 | lr(main/disc) 8.50e-05/3.20e-05 | cuda_peak(alloc/resv) 21.78/28.18GB | phase(train/val/raw/train_eval) 3.2/0.5/0.5/0.8s | 5.1s
2026-08-29 20:57:10 | Epoch 041/060 | loss 2.1420 | cls 1.2094 | tal -0.1323 | dual_g 0.9722 | dual_d 1.0996 | train_acc 0.9982 | train_full n/a | val_acc 0.9583 | val_f1 0.9317 | adv/moduleC 1.00/1.00 | disc_steps 3 | grad(main/disc) 3.036/1.377 | lr(main/disc) 8.50e-05/3.20e-05 | cuda_peak(alloc/resv) 21.78/28.18GB | phase(train/val/raw/train_eval) 3.4/0.6/0.0/0.0s | 3.9s
2026-08-29 20:57:14 | Epoch 042/060 | loss 2.1358 | cls 1.2070 | tal -0.1049 | dual_g 0.9603 | dual_d 1.1388 | train_acc 1.0000 | train_full n/a | val_acc 0.9333 | val_f1 0.9229 | adv/moduleC 1.00/1.00 | disc_steps 3 | grad(main/disc) 2.597/1.435 | lr(main/disc) 8.50e-05/3.20e-05 | cuda_peak(alloc/resv) 21.78/28.18GB | phase(train/val/raw/train_eval) 3.4/0.5/0.0/0.0s | 3.9s
2026-08-29 20:57:18 | Epoch 043/060 | loss 2.1221 | cls 1.1993 | tal -0.1210 | dual_g 0.9590 | dual_d 1.1271 | train_acc 0.9982 | train_full n/a | val_acc 0.9583 | val_f1 0.9262 | adv/moduleC 1.00/1.00 | disc_steps 3 | grad(main/disc) 2.513/1.393 | lr(main/disc) 8.50e-05/3.20e-05 | cuda_peak(alloc/resv) 21.78/28.18GB | phase(train/val/raw/train_eval) 3.2/0.5/0.0/0.0s | 3.7s
2026-08-29 20:57:22 | Epoch 044/060 | loss 2.1137 | cls 1.1979 | tal -0.1459 | dual_g 0.9596 | dual_d 1.1840 | train_acc 1.0000 | train_full n/a | val_acc 0.9583 | val_f1 0.9134 | adv/moduleC 1.00/1.00 | disc_steps 3 | grad(main/disc) 2.495/1.476 | lr(main/disc) 8.50e-05/3.20e-05 | cuda_peak(alloc/resv) 21.78/28.18GB | phase(train/val/raw/train_eval) 3.5/0.5/0.0/0.0s | 4.1s
2026-08-29 20:57:27 | Epoch 045/060 | loss 2.1158 | cls 1.1971 | tal -0.1370 | dual_g 0.9598 | dual_d 1.1338 | train_acc 0.9982 | train_full 0.9957 | val_acc 0.9750 | val_f1 0.9626 | adv/moduleC 1.00/1.00 | disc_steps 3 | grad(main/disc) 2.260/1.448 | lr(main/disc) 4.25e-05/1.60e-05 | cuda_peak(alloc/resv) 21.78/28.18GB | phase(train/val/raw/train_eval) 3.5/0.5/0.5/0.8s | 5.3s
2026-08-29 20:57:31 | Epoch 046/060 | loss 2.1044 | cls 1.1892 | tal -0.1369 | dual_g 0.9563 | dual_d 1.1849 | train_acc 0.9982 | train_full n/a | val_acc 0.9750 | val_f1 0.9535 | adv/moduleC 1.00/1.00 | disc_steps 3 | grad(main/disc) 2.212/1.487 | lr(main/disc) 4.25e-05/1.60e-05 | cuda_peak(alloc/resv) 21.78/28.18GB | phase(train/val/raw/train_eval) 3.3/0.5/0.0/0.0s | 3.9s
2026-08-29 20:57:35 | Epoch 047/060 | loss 2.1039 | cls 1.1835 | tal -0.1076 | dual_g 0.9526 | dual_d 1.1503 | train_acc 1.0000 | train_full n/a | val_acc 0.9750 | val_f1 0.9554 | adv/moduleC 1.00/1.00 | disc_steps 3 | grad(main/disc) 2.023/1.417 | lr(main/disc) 4.25e-05/1.60e-05 | cuda_peak(alloc/resv) 21.78/28.18GB | phase(train/val/raw/train_eval) 3.5/0.5/0.0/0.0s | 4.0s
2026-08-29 20:57:39 | Epoch 048/060 | loss 2.0945 | cls 1.1828 | tal -0.1166 | dual_g 0.9467 | dual_d 1.1479 | train_acc 0.9964 | train_full n/a | val_acc 0.9833 | val_f1 0.9624 | adv/moduleC 1.00/1.00 | disc_steps 3 | grad(main/disc) 1.829/1.427 | lr(main/disc) 4.25e-05/1.60e-05 | cuda_peak(alloc/resv) 21.78/28.18GB | phase(train/val/raw/train_eval) 3.6/0.5/0.0/0.0s | 4.1s
2026-08-29 20:57:43 | Epoch 049/060 | loss 2.0968 | cls 1.1930 | tal -0.1376 | dual_g 0.9450 | dual_d 1.1577 | train_acc 1.0000 | train_full n/a | val_acc 0.9583 | val_f1 0.9262 | adv/moduleC 1.00/1.00 | disc_steps 3 | grad(main/disc) 2.130/1.413 | lr(main/disc) 4.25e-05/1.60e-05 | cuda_peak(alloc/resv) 21.78/28.18GB | phase(train/val/raw/train_eval) 3.2/0.5/0.0/0.0s | 3.8s
2026-08-29 20:57:48 | Epoch 050/060 | loss 2.0847 | cls 1.1911 | tal -0.1398 | dual_g 0.9356 | dual_d 1.1437 | train_acc 0.9982 | train_full 0.9763 | val_acc 0.9500 | val_f1 0.9431 | adv/moduleC 1.00/1.00 | disc_steps 3 | grad(main/disc) 2.129/1.424 | lr(main/disc) 4.25e-05/1.60e-05 | cuda_peak(alloc/resv) 21.78/28.18GB | phase(train/val/raw/train_eval) 3.6/0.5/0.5/0.8s | 5.5s
2026-08-29 20:57:52 | Epoch 051/060 | loss 2.0942 | cls 1.1879 | tal -0.1288 | dual_g 0.9449 | dual_d 1.1552 | train_acc 0.9982 | train_full n/a | val_acc 0.9667 | val_f1 0.9489 | adv/moduleC 1.00/1.00 | disc_steps 3 | grad(main/disc) 1.978/1.406 | lr(main/disc) 4.25e-05/1.60e-05 | cuda_peak(alloc/resv) 21.78/28.18GB | phase(train/val/raw/train_eval) 3.4/0.5/0.0/0.0s | 3.9s
2026-08-29 20:57:52 | Early stopping at epoch 51 after 15 epochs without val_f1_macro_present improvement.
2026-08-29 20:57:52 | Training complete. Peak validation accuracy: 0.9833 | selected val_f1_macro_present: 0.9686
2026-08-29 20:57:52 | Starting Dual_D standalone training
2026-08-29 20:57:52 | Run directory: runs/module_c_ablation_60_v8/module_c_20260829_205331/module_c_full_黑天_20260829_205332
2026-08-29 20:57:52 | Device: cuda
2026-08-29 20:57:52 | Source train samples: 992
2026-08-29 20:57:52 | Target train samples: 465
2026-08-29 20:57:52 | Target val samples: 120
2026-08-29 20:57:52 | Classes: 14
2026-08-29 20:57:52 | Data audit: same_dir=False | path_overlap(vis/ir/ais)=0/0/0 | content_overlap(vis/ir/ais)=0/0/0 | ais_index_overlap=0 | stem_mismatch(vis-ir/vis-ais)=578/0
2026-08-29 20:57:52 | source_train classes: present 14/14 | absent 0 | counts [0:120, 1:44, 2:69, 3:45, 4:40, 5:30, 6:64, 7:80, 8:116, 9:68, 10:57, 11:83, 12:48, 13:128]
2026-08-29 20:57:52 | target_train classes: present 8/14 | absent 6 | counts [0:100, 2:11, 3:16, 6:89, 9:162, 10:12, 11:44, 13:31]
2026-08-29 20:57:52 | target_val classes: present 8/14 | absent 6 | counts [0:26, 2:3, 3:5, 6:23, 9:41, 10:3, 11:11, 13:8]
2026-08-29 20:57:52 | Paired training classes: 8/14 | class ids [0, 2, 3, 6, 9, 10, 11, 13]
2026-08-29 20:57:52 | Runtime profile: batch=92 | paired_steps=6 | workers=16 | train_eval_every=5 | raw_eval_every=5 | stability_window=1 | lr_scheduler_start=24 | early_stop=15 after min_epoch=48
2026-08-29 20:57:52 | VIS/IR pairing: class-level-unpaired | count-mismatch classes train/val: 10/0 | AIS alignment: none | AIS rows train/val: 0/0
2026-08-29 20:57:53 | Effective Dual-D loss weights: {"adv_auxiliary": 0.03, "adv_primary": 0.03, "classification": 0.65, "contrastive": 0.055, "cycle": 0.16, "identity": 0.04, "prototype_contrastive": 0.03}
2026-08-29 20:57:53 | Model parameters: total=17277714 | trainable=17120210
Starting run 2/9: domain=黑天, iteration=2, seed=43
2026-08-29 20:58:00 | Epoch 001/060 | loss 6.0125 | cls 5.9495 | tal 0.2100 | dual_g 0.0000 | dual_d 0.0000 | train_acc 0.1051 | train_full 0.0688 | val_acc 0.0250 | val_f1 0.0079 | adv/moduleC 0.00/0.00 | disc_steps 0 | grad(main/disc) 16.883/0.000 | lr(main/disc) 8.50e-05/3.20e-05 | cuda_peak(alloc/resv) 21.77/28.18GB | phase(train/val/raw/train_eval) 4.5/0.5/0.5/0.8s | 6.3s
2026-08-29 20:58:03 | New best val_f1_macro_present: raw=0.0079 stable_score=0.0079 at epoch 1
2026-08-29 20:58:07 | Epoch 002/060 | loss 4.6147 | cls 4.5378 | tal 0.2564 | dual_g 0.0000 | dual_d 0.0000 | train_acc 0.2391 | train_full n/a | val_acc 0.2750 | val_f1 0.1328 | adv/moduleC 0.00/0.00 | disc_steps 0 | grad(main/disc) 12.631/0.000 | lr(main/disc) 8.50e-05/3.20e-05 | cuda_peak(alloc/resv) 21.77/28.18GB | phase(train/val/raw/train_eval) 3.3/0.5/0.5/0.0s | 4.3s
2026-08-29 20:58:10 | New best val_f1_macro_present: raw=0.1328 stable_score=0.1328 at epoch 2
2026-08-29 20:58:14 | Epoch 003/060 | loss 3.9222 | cls 3.8540 | tal 0.2272 | dual_g 0.0000 | dual_d 0.0000 | train_acc 0.3623 | train_full n/a | val_acc 0.0667 | val_f1 0.0898 | adv/moduleC 0.00/0.00 | disc_steps 0 | grad(main/disc) 10.879/0.000 | lr(main/disc) 8.50e-05/3.20e-05 | cuda_peak(alloc/resv) 21.77/28.18GB | phase(train/val/raw/train_eval) 3.4/0.5/0.0/0.0s | 3.9s
2026-08-29 20:58:17 | Epoch 004/060 | loss 3.7387 | cls 3.3675 | tal 0.1091 | dual_g 0.3384 | dual_d 0.0000 | train_acc 0.4529 | train_full n/a | val_acc 0.0583 | val_f1 0.0654 | adv/moduleC 0.00/0.12 | disc_steps 0 | grad(main/disc) 10.107/0.000 | lr(main/disc) 8.50e-05/3.20e-05 | cuda_peak(alloc/resv) 21.77/28.18GB | phase(train/val/raw/train_eval) 3.1/0.5/0.0/0.0s | 3.7s
2026-08-29 20:58:23 | Epoch 005/060 | loss 3.5128 | cls 2.9153 | tal 0.0055 | dual_g 0.5959 | dual_d 0.0000 | train_acc 0.5525 | train_full 0.1677 | val_acc 0.1833 | val_f1 0.2313 | adv/moduleC 0.00/0.25 | disc_steps 0 | grad(main/disc) 10.044/0.000 | lr(main/disc) 8.50e-05/3.20e-05 | cuda_peak(alloc/resv) 21.77/28.18GB | phase(train/val/raw/train_eval) 3.7/0.5/0.5/0.8s | 5.6s
2026-08-29 20:58:25 | New best val_f1_macro_present: raw=0.2313 stable_score=0.2313 at epoch 5
2026-08-29 20:58:30 | Epoch 006/060 | loss 3.5071 | cls 2.6869 | tal 0.0274 | dual_g 0.8120 | dual_d 0.9368 | train_acc 0.6576 | train_full n/a | val_acc 0.5167 | val_f1 0.5506 | adv/moduleC 0.07/0.38 | disc_steps 3 | grad(main/disc) 10.316/1.812 | lr(main/disc) 8.50e-05/3.20e-05 | cuda_peak(alloc/resv) 21.77/28.18GB | phase(train/val/raw/train_eval) 3.6/0.5/0.5/0.0s | 4.7s
2026-08-29 20:58:33 | New best val_f1_macro_present: raw=0.5506 stable_score=0.5506 at epoch 6
2026-08-29 20:58:38 | Epoch 007/060 | loss 3.2774 | cls 2.3311 | tal -0.0000 | dual_g 0.9463 | dual_d 0.9212 | train_acc 0.7627 | train_full n/a | val_acc 0.5583 | val_f1 0.5729 | adv/moduleC 0.13/0.50 | disc_steps 3 | grad(main/disc) 9.655/1.654 | lr(main/disc) 8.50e-05/3.20e-05 | cuda_peak(alloc/resv) 21.77/28.18GB | phase(train/val/raw/train_eval) 3.6/0.5/0.5/0.0s | 4.7s
2026-08-29 20:58:41 | New best val_f1_macro_present: raw=0.5729 stable_score=0.5729 at epoch 7
2026-08-29 20:58:46 | Epoch 008/060 | loss 3.2945 | cls 2.1849 | tal -0.0098 | dual_g 1.1125 | dual_d 0.9289 | train_acc 0.7772 | train_full n/a | val_acc 0.5917 | val_f1 0.6289 | adv/moduleC 0.20/0.62 | disc_steps 3 | grad(main/disc) 9.993/1.603 | lr(main/disc) 8.50e-05/3.20e-05 | cuda_peak(alloc/resv) 21.77/28.18GB | phase(train/val/raw/train_eval) 3.8/0.5/0.5/0.0s | 4.8s
2026-08-29 20:58:48 | New best val_f1_macro_present: raw=0.6289 stable_score=0.6289 at epoch 8
2026-08-29 20:58:53 | Epoch 009/060 | loss 3.2325 | cls 2.0023 | tal -0.0031 | dual_g 1.2311 | dual_d 0.9359 | train_acc 0.8170 | train_full n/a | val_acc 0.7583 | val_f1 0.7234 | adv/moduleC 0.27/0.75 | disc_steps 3 | grad(main/disc) 10.007/1.598 | lr(main/disc) 8.50e-05/3.20e-05 | cuda_peak(alloc/resv) 21.77/28.18GB | phase(train/val/raw/train_eval) 3.3/0.5/0.5/0.0s | 4.3s
2026-08-29 20:58:56 | New best val_f1_macro_present: raw=0.7234 stable_score=0.7234 at epoch 9
2026-08-29 20:59:01 | Epoch 010/060 | loss 3.2212 | cls 1.8865 | tal -0.0030 | dual_g 1.3356 | dual_d 0.9060 | train_acc 0.8424 | train_full 0.7355 | val_acc 0.7333 | val_f1 0.7218 | adv/moduleC 0.33/0.88 | disc_steps 3 | grad(main/disc) 9.861/1.487 | lr(main/disc) 8.50e-05/3.20e-05 | cuda_peak(alloc/resv) 21.77/28.18GB | phase(train/val/raw/train_eval) 3.7/0.5/0.5/0.8s | 5.5s
2026-08-29 20:59:05 | Epoch 011/060 | loss 3.1751 | cls 1.7653 | tal -0.0959 | dual_g 1.4385 | dual_d 0.9652 | train_acc 0.8967 | train_full n/a | val_acc 0.5417 | val_f1 0.6175 | adv/moduleC 0.40/1.00 | disc_steps 3 | grad(main/disc) 10.533/1.511 | lr(main/disc) 8.50e-05/3.20e-05 | cuda_peak(alloc/resv) 21.77/28.18GB | phase(train/val/raw/train_eval) 3.5/0.5/0.0/0.0s | 4.0s
2026-08-29 20:59:09 | Epoch 012/060 | loss 3.0911 | cls 1.7040 | tal -0.0157 | dual_g 1.3919 | dual_d 0.9166 | train_acc 0.8913 | train_full n/a | val_acc 0.6417 | val_f1 0.6869 | adv/moduleC 0.47/1.00 | disc_steps 3 | grad(main/disc) 10.666/1.498 | lr(main/disc) 8.50e-05/3.20e-05 | cuda_peak(alloc/resv) 21.77/28.18GB | phase(train/val/raw/train_eval) 3.7/0.5/0.0/0.0s | 4.3s
2026-08-29 20:59:14 | Epoch 013/060 | loss 2.9294 | cls 1.5870 | tal -0.0174 | dual_g 1.3477 | dual_d 0.9107 | train_acc 0.9076 | train_full n/a | val_acc 0.8000 | val_f1 0.7612 | adv/moduleC 0.53/1.00 | disc_steps 3 | grad(main/disc) 9.906/1.387 | lr(main/disc) 8.50e-05/3.20e-05 | cuda_peak(alloc/resv) 21.77/28.18GB | phase(train/val/raw/train_eval) 3.7/0.5/0.5/0.0s | 4.8s
2026-08-29 20:59:17 | New best val_f1_macro_present: raw=0.7612 stable_score=0.7612 at epoch 13
2026-08-29 20:59:22 | Epoch 014/060 | loss 2.9323 | cls 1.5970 | tal 0.0225 | dual_g 1.3285 | dual_d 0.9139 | train_acc 0.9203 | train_full n/a | val_acc 0.8000 | val_f1 0.7906 | adv/moduleC 0.60/1.00 | disc_steps 3 | grad(main/disc) 11.941/1.438 | lr(main/disc) 8.50e-05/3.20e-05 | cuda_peak(alloc/resv) 21.77/28.18GB | phase(train/val/raw/train_eval) 4.0/0.5/0.6/0.0s | 5.1s
2026-08-29 20:59:25 | New best val_f1_macro_present: raw=0.7906 stable_score=0.7906 at epoch 14
2026-08-29 20:59:31 | Epoch 015/060 | loss 2.8469 | cls 1.5533 | tal 0.0344 | dual_g 1.2832 | dual_d 0.8946 | train_acc 0.9257 | train_full 0.9054 | val_acc 0.8417 | val_f1 0.8047 | adv/moduleC 0.67/1.00 | disc_steps 3 | grad(main/disc) 9.451/1.358 | lr(main/disc) 8.50e-05/3.20e-05 | cuda_peak(alloc/resv) 21.77/28.18GB | phase(train/val/raw/train_eval) 4.0/0.5/0.5/0.8s | 5.9s
2026-08-29 20:59:33 | New best val_f1_macro_present: raw=0.8047 stable_score=0.8047 at epoch 15
2026-08-29 20:59:38 | Epoch 016/060 | loss 2.7054 | cls 1.4683 | tal 0.0428 | dual_g 1.2244 | dual_d 0.8618 | train_acc 0.9511 | train_full n/a | val_acc 0.8000 | val_f1 0.7727 | adv/moduleC 0.73/1.00 | disc_steps 3 | grad(main/disc) 8.467/1.300 | lr(main/disc) 8.50e-05/3.20e-05 | cuda_peak(alloc/resv) 21.77/28.18GB | phase(train/val/raw/train_eval) 3.9/0.5/0.0/0.0s | 4.4s
2026-08-29 20:59:42 | Epoch 017/060 | loss 2.6912 | cls 1.4615 | tal 0.0263 | dual_g 1.2218 | dual_d 0.9027 | train_acc 0.9493 | train_full n/a | val_acc 0.8167 | val_f1 0.7854 | adv/moduleC 0.80/1.00 | disc_steps 3 | grad(main/disc) 8.968/1.315 | lr(main/disc) 8.50e-05/3.20e-05 | cuda_peak(alloc/resv) 21.77/28.18GB | phase(train/val/raw/train_eval) 3.8/0.5/0.0/0.0s | 4.3s
2026-08-29 20:59:47 | Epoch 018/060 | loss 2.6414 | cls 1.4337 | tal 0.0264 | dual_g 1.1997 | dual_d 0.8895 | train_acc 0.9511 | train_full n/a | val_acc 0.8333 | val_f1 0.8141 | adv/moduleC 0.87/1.00 | disc_steps 3 | grad(main/disc) 7.946/1.280 | lr(main/disc) 8.50e-05/3.20e-05 | cuda_peak(alloc/resv) 21.77/28.18GB | phase(train/val/raw/train_eval) 3.4/0.5/0.5/0.0s | 4.5s
2026-08-29 20:59:49 | New best val_f1_macro_present: raw=0.8141 stable_score=0.8141 at epoch 18
2026-08-29 20:59:53 | Epoch 019/060 | loss 2.5642 | cls 1.3909 | tal 0.0344 | dual_g 1.1630 | dual_d 0.9128 | train_acc 0.9601 | train_full n/a | val_acc 0.8250 | val_f1 0.8074 | adv/moduleC 0.93/1.00 | disc_steps 3 | grad(main/disc) 7.187/1.262 | lr(main/disc) 8.50e-05/3.20e-05 | cuda_peak(alloc/resv) 21.77/28.18GB | phase(train/val/raw/train_eval) 3.5/0.5/0.0/0.0s | 4.0s
2026-08-29 20:59:59 | Epoch 020/060 | loss 2.4741 | cls 1.3435 | tal -0.0238 | dual_g 1.1378 | dual_d 0.9116 | train_acc 0.9728 | train_full 0.9527 | val_acc 0.9000 | val_f1 0.8612 | adv/moduleC 1.00/1.00 | disc_steps 3 | grad(main/disc) 6.372/1.303 | lr(main/disc) 8.50e-05/3.20e-05 | cuda_peak(alloc/resv) 21.77/28.18GB | phase(train/val/raw/train_eval) 3.9/0.5/0.5/0.8s | 5.8s
2026-08-29 21:00:02 | New best val_f1_macro_present: raw=0.8612 stable_score=0.8612 at epoch 20
2026-08-29 21:00:07 | Epoch 021/060 | loss 2.4568 | cls 1.3535 | tal -0.0815 | dual_g 1.1278 | dual_d 0.9665 | train_acc 0.9783 | train_full n/a | val_acc 0.9250 | val_f1 0.8995 | adv/moduleC 1.00/1.00 | disc_steps 3 | grad(main/disc) 6.400/1.337 | lr(main/disc) 8.50e-05/3.20e-05 | cuda_peak(alloc/resv) 21.77/28.18GB | phase(train/val/raw/train_eval) 3.4/0.5/0.5/0.0s | 4.5s
2026-08-29 21:00:09 | New best val_f1_macro_present: raw=0.8995 stable_score=0.8995 at epoch 21
2026-08-29 21:00:13 | Epoch 022/060 | loss 2.4373 | cls 1.3438 | tal -0.0996 | dual_g 1.1234 | dual_d 0.9780 | train_acc 0.9728 | train_full n/a | val_acc 0.8417 | val_f1 0.8480 | adv/moduleC 1.00/1.00 | disc_steps 3 | grad(main/disc) 7.595/1.307 | lr(main/disc) 8.50e-05/3.20e-05 | cuda_peak(alloc/resv) 21.77/28.18GB | phase(train/val/raw/train_eval) 3.4/0.5/0.0/0.0s | 3.9s
2026-08-29 21:00:18 | Epoch 023/060 | loss 2.4028 | cls 1.3136 | tal -0.0582 | dual_g 1.1067 | dual_d 1.0002 | train_acc 0.9746 | train_full n/a | val_acc 0.8333 | val_f1 0.8360 | adv/moduleC 1.00/1.00 | disc_steps 3 | grad(main/disc) 6.169/1.323 | lr(main/disc) 8.50e-05/3.20e-05 | cuda_peak(alloc/resv) 21.77/28.18GB | phase(train/val/raw/train_eval) 3.9/0.5/0.0/0.0s | 4.5s
2026-08-29 21:00:22 | Epoch 024/060 | loss 2.3830 | cls 1.3121 | tal -0.0290 | dual_g 1.0796 | dual_d 0.9946 | train_acc 0.9928 | train_full n/a | val_acc 0.8417 | val_f1 0.8348 | adv/moduleC 1.00/1.00 | disc_steps 3 | grad(main/disc) 5.198/1.309 | lr(main/disc) 8.50e-05/3.20e-05 | cuda_peak(alloc/resv) 21.77/28.18GB | phase(train/val/raw/train_eval) 3.8/0.5/0.0/0.0s | 4.4s
2026-08-29 21:00:28 | Epoch 025/060 | loss 2.4210 | cls 1.3291 | tal -0.0583 | dual_g 1.1094 | dual_d 0.9978 | train_acc 0.9783 | train_full 0.8946 | val_acc 0.8000 | val_f1 0.8018 | adv/moduleC 1.00/1.00 | disc_steps 3 | grad(main/disc) 6.870/1.281 | lr(main/disc) 8.50e-05/3.20e-05 | cuda_peak(alloc/resv) 21.77/28.18GB | phase(train/val/raw/train_eval) 3.6/0.5/0.5/0.8s | 5.4s
2026-08-29 21:00:33 | Epoch 026/060 | loss 2.3728 | cls 1.3063 | tal -0.0408 | dual_g 1.0787 | dual_d 1.0235 | train_acc 0.9909 | train_full n/a | val_acc 0.9167 | val_f1 0.9117 | adv/moduleC 1.00/1.00 | disc_steps 3 | grad(main/disc) 5.177/1.283 | lr(main/disc) 8.50e-05/3.20e-05 | cuda_peak(alloc/resv) 21.77/28.18GB | phase(train/val/raw/train_eval) 3.9/0.5/0.5/0.0s | 5.0s
2026-08-29 21:00:35 | New best val_f1_macro_present: raw=0.9117 stable_score=0.9117 at epoch 26
2026-08-29 21:00:39 | Epoch 027/060 | loss 2.3387 | cls 1.2820 | tal -0.0359 | dual_g 1.0675 | dual_d 1.0218 | train_acc 0.9946 | train_full n/a | val_acc 0.9167 | val_f1 0.9108 | adv/moduleC 1.00/1.00 | disc_steps 3 | grad(main/disc) 4.885/1.256 | lr(main/disc) 8.50e-05/3.20e-05 | cuda_peak(alloc/resv) 21.77/28.18GB | phase(train/val/raw/train_eval) 3.4/0.5/0.0/0.0s | 4.0s
2026-08-29 21:00:43 | Epoch 028/060 | loss 2.3229 | cls 1.2771 | tal -0.0498 | dual_g 1.0607 | dual_d 1.0498 | train_acc 0.9946 | train_full n/a | val_acc 0.9333 | val_f1 0.8935 | adv/moduleC 1.00/1.00 | disc_steps 3 | grad(main/disc) 4.613/1.307 | lr(main/disc) 8.50e-05/3.20e-05 | cuda_peak(alloc/resv) 21.77/28.18GB | phase(train/val/raw/train_eval) 3.4/0.5/0.0/0.0s | 3.9s
2026-08-29 21:00:47 | Epoch 029/060 | loss 2.3302 | cls 1.2899 | tal -0.0473 | dual_g 1.0545 | dual_d 1.0349 | train_acc 0.9819 | train_full n/a | val_acc 0.9000 | val_f1 0.8643 | adv/moduleC 1.00/1.00 | disc_steps 3 | grad(main/disc) 4.545/1.279 | lr(main/disc) 8.50e-05/3.20e-05 | cuda_peak(alloc/resv) 21.77/28.18GB | phase(train/val/raw/train_eval) 3.5/0.5/0.0/0.0s | 4.1s
2026-08-29 21:00:53 | Epoch 030/060 | loss 2.2733 | cls 1.2666 | tal -0.1223 | dual_g 1.0434 | dual_d 1.0072 | train_acc 0.9964 | train_full 0.9505 | val_acc 0.9000 | val_f1 0.8737 | adv/moduleC 1.00/1.00 | disc_steps 3 | grad(main/disc) 4.014/1.255 | lr(main/disc) 8.50e-05/3.20e-05 | cuda_peak(alloc/resv) 21.77/28.18GB | phase(train/val/raw/train_eval) 3.9/0.5/0.5/0.8s | 5.7s
2026-08-29 21:00:57 | Epoch 031/060 | loss 2.2774 | cls 1.2665 | tal -0.0994 | dual_g 1.0408 | dual_d 1.0575 | train_acc 0.9909 | train_full n/a | val_acc 0.8750 | val_f1 0.8647 | adv/moduleC 1.00/1.00 | disc_steps 3 | grad(main/disc) 4.318/1.291 | lr(main/disc) 8.50e-05/3.20e-05 | cuda_peak(alloc/resv) 21.77/28.18GB | phase(train/val/raw/train_eval) 3.6/0.5/0.0/0.0s | 4.1s
2026-08-29 21:01:01 | Epoch 032/060 | loss 2.2440 | cls 1.2456 | tal -0.0730 | dual_g 1.0202 | dual_d 1.0474 | train_acc 0.9964 | train_full n/a | val_acc 0.8417 | val_f1 0.8190 | adv/moduleC 1.00/1.00 | disc_steps 3 | grad(main/disc) 3.651/1.304 | lr(main/disc) 8.50e-05/3.20e-05 | cuda_peak(alloc/resv) 21.77/28.18GB | phase(train/val/raw/train_eval) 3.4/0.5/0.0/0.0s | 3.9s
2026-08-29 21:01:05 | Epoch 033/060 | loss 2.2359 | cls 1.2390 | tal -0.0872 | dual_g 1.0231 | dual_d 1.0524 | train_acc 0.9964 | train_full n/a | val_acc 0.9000 | val_f1 0.8690 | adv/moduleC 1.00/1.00 | disc_steps 3 | grad(main/disc) 3.167/1.262 | lr(main/disc) 8.50e-05/3.20e-05 | cuda_peak(alloc/resv) 21.77/28.18GB | phase(train/val/raw/train_eval) 3.2/0.5/0.0/0.0s | 3.8s
2026-08-29 21:01:09 | Epoch 034/060 | loss 2.2476 | cls 1.2464 | tal -0.0295 | dual_g 1.0100 | dual_d 1.0465 | train_acc 0.9946 | train_full n/a | val_acc 0.9000 | val_f1 0.8764 | adv/moduleC 1.00/1.00 | disc_steps 3 | grad(main/disc) 3.782/1.267 | lr(main/disc) 8.50e-05/3.20e-05 | cuda_peak(alloc/resv) 21.77/28.18GB | phase(train/val/raw/train_eval) 3.3/0.5/0.0/0.0s | 3.8s
2026-08-29 21:01:14 | Epoch 035/060 | loss 2.2558 | cls 1.2509 | tal -0.0546 | dual_g 1.0213 | dual_d 1.0504 | train_acc 0.9946 | train_full 0.9527 | val_acc 0.9333 | val_f1 0.9244 | adv/moduleC 1.00/1.00 | disc_steps 3 | grad(main/disc) 3.698/1.239 | lr(main/disc) 8.50e-05/3.20e-05 | cuda_peak(alloc/resv) 21.77/28.18GB | phase(train/val/raw/train_eval) 3.8/0.5/0.5/0.8s | 5.7s
2026-08-29 21:01:17 | New best val_f1_macro_present: raw=0.9244 stable_score=0.9244 at epoch 35
2026-08-29 21:01:21 | Epoch 036/060 | loss 2.2389 | cls 1.2362 | tal -0.0255 | dual_g 1.0103 | dual_d 1.0464 | train_acc 0.9946 | train_full n/a | val_acc 0.9333 | val_f1 0.9235 | adv/moduleC 1.00/1.00 | disc_steps 3 | grad(main/disc) 3.433/1.252 | lr(main/disc) 8.50e-05/3.20e-05 | cuda_peak(alloc/resv) 21.77/28.18GB | phase(train/val/raw/train_eval) 3.6/0.5/0.0/0.0s | 4.2s
2026-08-29 21:01:25 | Epoch 037/060 | loss 2.2348 | cls 1.2290 | tal -0.0187 | dual_g 1.0114 | dual_d 1.0897 | train_acc 0.9964 | train_full n/a | val_acc 0.9167 | val_f1 0.8863 | adv/moduleC 1.00/1.00 | disc_steps 3 | grad(main/disc) 4.357/1.304 | lr(main/disc) 8.50e-05/3.20e-05 | cuda_peak(alloc/resv) 21.77/28.18GB | phase(train/val/raw/train_eval) 3.4/0.5/0.0/0.0s | 4.0s
2026-08-29 21:01:30 | Epoch 038/060 | loss 2.2038 | cls 1.2301 | tal -0.0564 | dual_g 0.9907 | dual_d 1.0957 | train_acc 1.0000 | train_full n/a | val_acc 0.9333 | val_f1 0.9206 | adv/moduleC 1.00/1.00 | disc_steps 3 | grad(main/disc) 3.048/1.254 | lr(main/disc) 8.50e-05/3.20e-05 | cuda_peak(alloc/resv) 21.77/28.18GB | phase(train/val/raw/train_eval) 4.0/0.5/0.0/0.0s | 4.5s
2026-08-29 21:01:34 | Epoch 039/060 | loss 2.1868 | cls 1.2151 | tal -0.0591 | dual_g 0.9895 | dual_d 1.0821 | train_acc 0.9982 | train_full n/a | val_acc 0.9167 | val_f1 0.8863 | adv/moduleC 1.00/1.00 | disc_steps 3 | grad(main/disc) 2.655/1.254 | lr(main/disc) 8.50e-05/3.20e-05 | cuda_peak(alloc/resv) 21.77/28.18GB | phase(train/val/raw/train_eval) 3.7/0.5/0.0/0.0s | 4.3s
2026-08-29 21:01:39 | Epoch 040/060 | loss 2.1760 | cls 1.2110 | tal -0.0690 | dual_g 0.9858 | dual_d 1.0589 | train_acc 0.9964 | train_full 0.9462 | val_acc 0.9083 | val_f1 0.9110 | adv/moduleC 1.00/1.00 | disc_steps 3 | grad(main/disc) 2.851/1.241 | lr(main/disc) 8.50e-05/3.20e-05 | cuda_peak(alloc/resv) 21.77/28.18GB | phase(train/val/raw/train_eval) 3.2/0.5/0.5/0.8s | 5.1s
2026-08-29 21:01:43 | Epoch 041/060 | loss 2.1568 | cls 1.2051 | tal -0.0909 | dual_g 0.9789 | dual_d 1.0580 | train_acc 0.9982 | train_full n/a | val_acc 0.8833 | val_f1 0.8740 | adv/moduleC 1.00/1.00 | disc_steps 3 | grad(main/disc) 2.320/1.221 | lr(main/disc) 8.50e-05/3.20e-05 | cuda_peak(alloc/resv) 21.77/28.18GB | phase(train/val/raw/train_eval) 3.6/0.5/0.0/0.0s | 4.2s
2026-08-29 21:01:47 | Epoch 042/060 | loss 2.1552 | cls 1.2084 | tal -0.0984 | dual_g 0.9764 | dual_d 1.1105 | train_acc 1.0000 | train_full n/a | val_acc 0.9167 | val_f1 0.8961 | adv/moduleC 1.00/1.00 | disc_steps 3 | grad(main/disc) 2.607/1.278 | lr(main/disc) 8.50e-05/3.20e-05 | cuda_peak(alloc/resv) 21.77/28.18GB | phase(train/val/raw/train_eval) 3.3/0.5/0.0/0.0s | 3.8s
2026-08-29 21:01:51 | Epoch 043/060 | loss 2.1566 | cls 1.2142 | tal -0.0978 | dual_g 0.9717 | dual_d 1.0803 | train_acc 0.9964 | train_full n/a | val_acc 0.9250 | val_f1 0.9014 | adv/moduleC 1.00/1.00 | disc_steps 3 | grad(main/disc) 2.761/1.251 | lr(main/disc) 8.50e-05/3.20e-05 | cuda_peak(alloc/resv) 21.77/28.18GB | phase(train/val/raw/train_eval) 3.5/0.5/0.0/0.0s | 4.1s
2026-08-29 21:01:55 | Epoch 044/060 | loss 2.1402 | cls 1.2081 | tal -0.1022 | dual_g 0.9628 | dual_d 1.0796 | train_acc 1.0000 | train_full n/a | val_acc 0.9250 | val_f1 0.8887 | adv/moduleC 1.00/1.00 | disc_steps 3 | grad(main/disc) 2.359/1.227 | lr(main/disc) 4.25e-05/1.60e-05 | cuda_peak(alloc/resv) 21.77/28.18GB | phase(train/val/raw/train_eval) 3.8/0.5/0.0/0.0s | 4.3s
2026-08-29 21:02:01 | Epoch 045/060 | loss 2.1290 | cls 1.1978 | tal -0.1216 | dual_g 0.9677 | dual_d 1.0440 | train_acc 0.9982 | train_full 0.9527 | val_acc 0.9250 | val_f1 0.8961 | adv/moduleC 1.00/1.00 | disc_steps 3 | grad(main/disc) 2.437/1.186 | lr(main/disc) 4.25e-05/1.60e-05 | cuda_peak(alloc/resv) 21.77/28.18GB | phase(train/val/raw/train_eval) 3.5/0.5/0.5/0.8s | 5.3s
2026-08-29 21:02:05 | Epoch 046/060 | loss 2.1296 | cls 1.2020 | tal -0.1206 | dual_g 0.9637 | dual_d 1.0594 | train_acc 1.0000 | train_full n/a | val_acc 0.8917 | val_f1 0.8865 | adv/moduleC 1.00/1.00 | disc_steps 3 | grad(main/disc) 1.999/1.170 | lr(main/disc) 4.25e-05/1.60e-05 | cuda_peak(alloc/resv) 21.77/28.18GB | phase(train/val/raw/train_eval) 3.4/0.5/0.0/0.0s | 4.0s
2026-08-29 21:02:09 | Epoch 047/060 | loss 2.1296 | cls 1.1966 | tal -0.0968 | dual_g 0.9621 | dual_d 1.0986 | train_acc 0.9964 | train_full n/a | val_acc 0.9333 | val_f1 0.9124 | adv/moduleC 1.00/1.00 | disc_steps 3 | grad(main/disc) 2.074/1.240 | lr(main/disc) 4.25e-05/1.60e-05 | cuda_peak(alloc/resv) 21.77/28.18GB | phase(train/val/raw/train_eval) 3.3/0.5/0.0/0.0s | 3.9s
2026-08-29 21:02:13 | Epoch 048/060 | loss 2.1308 | cls 1.2033 | tal -0.1142 | dual_g 0.9618 | dual_d 1.1008 | train_acc 0.9982 | train_full n/a | val_acc 0.9250 | val_f1 0.8905 | adv/moduleC 1.00/1.00 | disc_steps 3 | grad(main/disc) 2.232/1.276 | lr(main/disc) 4.25e-05/1.60e-05 | cuda_peak(alloc/resv) 21.77/28.18GB | phase(train/val/raw/train_eval) 3.5/0.5/0.0/0.0s | 4.1s
2026-08-29 21:02:17 | Epoch 049/060 | loss 2.0931 | cls 1.1857 | tal -0.1664 | dual_g 0.9574 | dual_d 1.1122 | train_acc 0.9964 | train_full n/a | val_acc 0.9333 | val_f1 0.9206 | adv/moduleC 1.00/1.00 | disc_steps 3 | grad(main/disc) 2.147/1.221 | lr(main/disc) 4.25e-05/1.60e-05 | cuda_peak(alloc/resv) 21.77/28.18GB | phase(train/val/raw/train_eval) 3.4/0.6/0.0/0.0s | 4.0s
2026-08-29 21:02:22 | Epoch 050/060 | loss 2.0951 | cls 1.1941 | tal -0.1749 | dual_g 0.9534 | dual_d 1.0596 | train_acc 1.0000 | train_full 0.9742 | val_acc 0.9417 | val_f1 0.9424 | adv/moduleC 1.00/1.00 | disc_steps 3 | grad(main/disc) 2.148/1.194 | lr(main/disc) 4.25e-05/1.60e-05 | cuda_peak(alloc/resv) 21.77/28.18GB | phase(train/val/raw/train_eval) 3.7/0.5/0.5/0.8s | 5.6s
2026-08-29 21:02:25 | New best val_f1_macro_present: raw=0.9424 stable_score=0.9424 at epoch 50
2026-08-29 21:02:29 | Epoch 051/060 | loss 2.0931 | cls 1.1867 | tal -0.1481 | dual_g 0.9508 | dual_d 1.0656 | train_acc 1.0000 | train_full n/a | val_acc 0.9333 | val_f1 0.9124 | adv/moduleC 1.00/1.00 | disc_steps 3 | grad(main/disc) 2.024/1.164 | lr(main/disc) 4.25e-05/1.60e-05 | cuda_peak(alloc/resv) 21.77/28.18GB | phase(train/val/raw/train_eval) 3.6/0.5/0.0/0.0s | 4.1s
2026-08-29 21:02:33 | Epoch 052/060 | loss 2.0986 | cls 1.1947 | tal -0.1481 | dual_g 0.9483 | dual_d 1.0763 | train_acc 0.9982 | train_full n/a | val_acc 0.9000 | val_f1 0.8634 | adv/moduleC 1.00/1.00 | disc_steps 3 | grad(main/disc) 2.152/1.195 | lr(main/disc) 4.25e-05/1.60e-05 | cuda_peak(alloc/resv) 21.77/28.18GB | phase(train/val/raw/train_eval) 3.4/0.5/0.0/0.0s | 3.9s
2026-08-29 21:02:37 | Epoch 053/060 | loss 2.1065 | cls 1.1952 | tal -0.1583 | dual_g 0.9588 | dual_d 1.1076 | train_acc 0.9982 | train_full n/a | val_acc 0.9167 | val_f1 0.8946 | adv/moduleC 1.00/1.00 | disc_steps 3 | grad(main/disc) 2.457/1.205 | lr(main/disc) 4.25e-05/1.60e-05 | cuda_peak(alloc/resv) 21.77/28.18GB | phase(train/val/raw/train_eval) 3.4/0.5/0.0/0.0s | 4.0s
2026-08-29 21:02:41 | Epoch 054/060 | loss 2.1024 | cls 1.1993 | tal -0.1687 | dual_g 0.9538 | dual_d 1.0761 | train_acc 1.0000 | train_full n/a | val_acc 0.9333 | val_f1 0.9229 | adv/moduleC 1.00/1.00 | disc_steps 3 | grad(main/disc) 2.503/1.193 | lr(main/disc) 4.25e-05/1.60e-05 | cuda_peak(alloc/resv) 21.77/28.18GB | phase(train/val/raw/train_eval) 3.6/0.5/0.0/0.0s | 4.1s
2026-08-29 21:02:46 | Epoch 055/060 | loss 2.0877 | cls 1.1922 | tal -0.1895 | dual_g 0.9523 | dual_d 1.0754 | train_acc 1.0000 | train_full 0.9634 | val_acc 0.9167 | val_f1 0.9164 | adv/moduleC 1.00/1.00 | disc_steps 3 | grad(main/disc) 2.035/1.197 | lr(main/disc) 4.25e-05/1.60e-05 | cuda_peak(alloc/resv) 21.77/28.18GB | phase(train/val/raw/train_eval) 3.2/0.5/0.6/0.8s | 5.1s
2026-08-29 21:02:50 | Epoch 056/060 | loss 2.0766 | cls 1.1842 | tal -0.1824 | dual_g 0.9471 | dual_d 1.0785 | train_acc 0.9982 | train_full n/a | val_acc 0.9000 | val_f1 0.8965 | adv/moduleC 1.00/1.00 | disc_steps 3 | grad(main/disc) 2.109/1.165 | lr(main/disc) 4.25e-05/1.60e-05 | cuda_peak(alloc/resv) 21.77/28.18GB | phase(train/val/raw/train_eval) 3.5/0.5/0.0/0.0s | 4.0s
2026-08-29 21:02:55 | Epoch 057/060 | loss 2.0838 | cls 1.1938 | tal -0.1939 | dual_g 0.9481 | dual_d 1.0582 | train_acc 1.0000 | train_full n/a | val_acc 0.9250 | val_f1 0.9176 | adv/moduleC 1.00/1.00 | disc_steps 3 | grad(main/disc) 2.097/1.179 | lr(main/disc) 4.25e-05/1.60e-05 | cuda_peak(alloc/resv) 21.77/28.18GB | phase(train/val/raw/train_eval) 3.7/0.5/0.0/0.0s | 4.2s
2026-08-29 21:02:59 | Epoch 058/060 | loss 2.0607 | cls 1.1797 | tal -0.2076 | dual_g 0.9433 | dual_d 1.0996 | train_acc 1.0000 | train_full n/a | val_acc 0.9500 | val_f1 0.9341 | adv/moduleC 1.00/1.00 | disc_steps 3 | grad(main/disc) 2.056/1.167 | lr(main/disc) 4.25e-05/1.60e-05 | cuda_peak(alloc/resv) 21.77/28.18GB | phase(train/val/raw/train_eval) 3.4/0.5/0.0/0.0s | 4.0s
2026-08-29 21:03:02 | Epoch 059/060 | loss 2.0704 | cls 1.1882 | tal -0.2089 | dual_g 0.9449 | dual_d 1.0797 | train_acc 1.0000 | train_full n/a | val_acc 0.9417 | val_f1 0.9283 | adv/moduleC 1.00/1.00 | disc_steps 3 | grad(main/disc) 2.179/1.161 | lr(main/disc) 2.13e-05/8.00e-06 | cuda_peak(alloc/resv) 21.77/28.18GB | phase(train/val/raw/train_eval) 3.2/0.5/0.0/0.0s | 3.8s
2026-08-29 21:03:08 | Epoch 060/060 | loss 2.0763 | cls 1.1848 | tal -0.1800 | dual_g 0.9454 | dual_d 1.0447 | train_acc 0.9982 | train_full 0.9849 | val_acc 0.9500 | val_f1 0.9478 | adv/moduleC 1.00/1.00 | disc_steps 3 | grad(main/disc) 2.396/1.132 | lr(main/disc) 2.13e-05/8.00e-06 | cuda_peak(alloc/resv) 21.77/28.18GB | phase(train/val/raw/train_eval) 3.4/0.5/0.6/0.8s | 5.3s
2026-08-29 21:03:10 | New best val_f1_macro_present: raw=0.9478 stable_score=0.9478 at epoch 60
2026-08-29 21:03:10 | Training complete. Peak validation accuracy: 0.9500 | selected val_f1_macro_present: 0.9478
2026-08-29 21:03:11 | Starting Dual_D standalone training
2026-08-29 21:03:11 | Run directory: runs/module_c_ablation_60_v8/module_c_20260829_205331/module_c_full_黑天_20260829_205332
2026-08-29 21:03:11 | Device: cuda
2026-08-29 21:03:11 | Source train samples: 992
2026-08-29 21:03:11 | Target train samples: 465
2026-08-29 21:03:11 | Target val samples: 120
2026-08-29 21:03:11 | Classes: 14
2026-08-29 21:03:11 | Data audit: same_dir=False | path_overlap(vis/ir/ais)=0/0/0 | content_overlap(vis/ir/ais)=0/0/0 | ais_index_overlap=0 | stem_mismatch(vis-ir/vis-ais)=578/0
2026-08-29 21:03:11 | source_train classes: present 14/14 | absent 0 | counts [0:120, 1:44, 2:69, 3:45, 4:40, 5:30, 6:64, 7:80, 8:116, 9:68, 10:57, 11:83, 12:48, 13:128]
2026-08-29 21:03:11 | target_train classes: present 8/14 | absent 6 | counts [0:100, 2:11, 3:16, 6:89, 9:162, 10:12, 11:44, 13:31]
2026-08-29 21:03:11 | target_val classes: present 8/14 | absent 6 | counts [0:26, 2:3, 3:5, 6:23, 9:41, 10:3, 11:11, 13:8]
2026-08-29 21:03:11 | Paired training classes: 8/14 | class ids [0, 2, 3, 6, 9, 10, 11, 13]
2026-08-29 21:03:11 | Runtime profile: batch=92 | paired_steps=6 | workers=16 | train_eval_every=5 | raw_eval_every=5 | stability_window=1 | lr_scheduler_start=24 | early_stop=15 after min_epoch=48
2026-08-29 21:03:11 | VIS/IR pairing: class-level-unpaired | count-mismatch classes train/val: 10/0 | AIS alignment: none | AIS rows train/val: 0/0
2026-08-29 21:03:11 | Effective Dual-D loss weights: {"adv_auxiliary": 0.03, "adv_primary": 0.03, "classification": 0.65, "contrastive": 0.055, "cycle": 0.16, "identity": 0.04, "prototype_contrastive": 0.03}
2026-08-29 21:03:11 | Model parameters: total=17277714 | trainable=17120210
Starting run 3/9: domain=黑天, iteration=3, seed=44
2026-08-29 21:03:17 | Epoch 001/060 | loss 5.9307 | cls 5.8513 | tal 0.2647 | dual_g 0.0000 | dual_d 0.0000 | train_acc 0.0906 | train_full 0.1978 | val_acc 0.2167 | val_f1 0.0947 | adv/moduleC 0.00/0.00 | disc_steps 0 | grad(main/disc) 15.919/0.000 | lr(main/disc) 8.50e-05/3.20e-05 | cuda_peak(alloc/resv) 21.77/28.18GB | phase(train/val/raw/train_eval) 4.0/0.5/0.5/0.8s | 5.8s
2026-08-29 21:03:20 | New best val_f1_macro_present: raw=0.0947 stable_score=0.0947 at epoch 1
2026-08-29 21:03:24 | Epoch 002/060 | loss 4.4228 | cls 4.4122 | tal 0.0352 | dual_g 0.0000 | dual_d 0.0000 | train_acc 0.2464 | train_full n/a | val_acc 0.1250 | val_f1 0.0692 | adv/moduleC 0.00/0.00 | disc_steps 0 | grad(main/disc) 11.707/0.000 | lr(main/disc) 8.50e-05/3.20e-05 | cuda_peak(alloc/resv) 21.77/28.18GB | phase(train/val/raw/train_eval) 3.4/0.5/0.0/0.0s | 3.9s
2026-08-29 21:03:28 | Epoch 003/060 | loss 3.8063 | cls 3.8144 | tal -0.0269 | dual_g 0.0000 | dual_d 0.0000 | train_acc 0.3949 | train_full n/a | val_acc 0.0833 | val_f1 0.0747 | adv/moduleC 0.00/0.00 | disc_steps 0 | grad(main/disc) 10.108/0.000 | lr(main/disc) 8.50e-05/3.20e-05 | cuda_peak(alloc/resv) 21.77/28.18GB | phase(train/val/raw/train_eval) 3.6/0.5/0.0/0.0s | 4.1s
2026-08-29 21:03:33 | Epoch 004/060 | loss 3.5795 | cls 3.2804 | tal -0.0816 | dual_g 0.3236 | dual_d 0.0000 | train_acc 0.4964 | train_full n/a | val_acc 0.1667 | val_f1 0.2174 | adv/moduleC 0.00/0.12 | disc_steps 0 | grad(main/disc) 9.750/0.000 | lr(main/disc) 8.50e-05/3.20e-05 | cuda_peak(alloc/resv) 21.77/28.18GB | phase(train/val/raw/train_eval) 3.8/0.5/0.5/0.0s | 4.8s
2026-08-29 21:03:35 | New best val_f1_macro_present: raw=0.2174 stable_score=0.2174 at epoch 4
2026-08-29 21:03:40 | Epoch 005/060 | loss 3.4508 | cls 2.9070 | tal -0.1368 | dual_g 0.5848 | dual_d 0.0000 | train_acc 0.5851 | train_full 0.2667 | val_acc 0.2667 | val_f1 0.3298 | adv/moduleC 0.00/0.25 | disc_steps 0 | grad(main/disc) 9.282/0.000 | lr(main/disc) 8.50e-05/3.20e-05 | cuda_peak(alloc/resv) 21.77/28.18GB | phase(train/val/raw/train_eval) 3.2/0.5/0.5/0.8s | 5.1s
2026-08-29 21:03:43 | New best val_f1_macro_present: raw=0.3298 stable_score=0.3298 at epoch 5
2026-08-29 21:03:48 | Epoch 006/060 | loss 3.4352 | cls 2.6643 | tal -0.1020 | dual_g 0.8015 | dual_d 0.8728 | train_acc 0.6250 | train_full n/a | val_acc 0.3667 | val_f1 0.4925 | adv/moduleC 0.07/0.38 | disc_steps 3 | grad(main/disc) 9.402/1.544 | lr(main/disc) 8.50e-05/3.20e-05 | cuda_peak(alloc/resv) 21.77/28.18GB | phase(train/val/raw/train_eval) 3.9/0.5/0.5/0.0s | 5.0s
2026-08-29 21:03:51 | New best val_f1_macro_present: raw=0.4925 stable_score=0.4925 at epoch 6
2026-08-29 21:03:56 | Epoch 007/060 | loss 3.4134 | cls 2.4347 | tal -0.0819 | dual_g 1.0033 | dual_d 0.8478 | train_acc 0.6957 | train_full n/a | val_acc 0.6750 | val_f1 0.7163 | adv/moduleC 0.13/0.50 | disc_steps 3 | grad(main/disc) 10.306/1.510 | lr(main/disc) 8.50e-05/3.20e-05 | cuda_peak(alloc/resv) 21.77/28.18GB | phase(train/val/raw/train_eval) 3.6/0.5/0.5/0.0s | 4.7s
2026-08-29 21:03:58 | New best val_f1_macro_present: raw=0.7163 stable_score=0.7163 at epoch 7
2026-08-29 21:04:03 | Epoch 008/060 | loss 3.4601 | cls 2.2982 | tal -0.0736 | dual_g 1.1840 | dual_d 0.8623 | train_acc 0.7391 | train_full n/a | val_acc 0.7583 | val_f1 0.7379 | adv/moduleC 0.20/0.62 | disc_steps 3 | grad(main/disc) 11.199/1.505 | lr(main/disc) 8.50e-05/3.20e-05 | cuda_peak(alloc/resv) 21.77/28.18GB | phase(train/val/raw/train_eval) 3.9/0.5/0.5/0.0s | 5.0s
2026-08-29 21:04:06 | New best val_f1_macro_present: raw=0.7379 stable_score=0.7379 at epoch 8
2026-08-29 21:04:10 | Epoch 009/060 | loss 3.3588 | cls 2.0822 | tal -0.0527 | dual_g 1.2924 | dual_d 0.8906 | train_acc 0.7808 | train_full n/a | val_acc 0.8167 | val_f1 0.7816 | adv/moduleC 0.27/0.75 | disc_steps 3 | grad(main/disc) 10.636/1.491 | lr(main/disc) 8.50e-05/3.20e-05 | cuda_peak(alloc/resv) 21.77/28.18GB | phase(train/val/raw/train_eval) 3.3/0.5/0.5/0.0s | 4.3s
2026-08-29 21:04:13 | New best val_f1_macro_present: raw=0.7816 stable_score=0.7816 at epoch 9
2026-08-29 21:04:19 | Epoch 010/060 | loss 3.3862 | cls 1.9956 | tal -0.0531 | dual_g 1.4065 | dual_d 0.8879 | train_acc 0.8243 | train_full 0.7935 | val_acc 0.7583 | val_f1 0.7270 | adv/moduleC 0.33/0.88 | disc_steps 3 | grad(main/disc) 10.409/1.474 | lr(main/disc) 8.50e-05/3.20e-05 | cuda_peak(alloc/resv) 21.77/28.18GB | phase(train/val/raw/train_eval) 3.7/0.5/0.5/0.8s | 5.6s
2026-08-29 21:04:24 | Epoch 011/060 | loss 3.4181 | cls 1.8672 | tal -0.0468 | dual_g 1.5649 | dual_d 0.8759 | train_acc 0.8569 | train_full n/a | val_acc 0.8500 | val_f1 0.8236 | adv/moduleC 0.40/1.00 | disc_steps 3 | grad(main/disc) 13.701/1.476 | lr(main/disc) 8.50e-05/3.20e-05 | cuda_peak(alloc/resv) 21.77/28.18GB | phase(train/val/raw/train_eval) 3.7/0.5/0.5/0.0s | 4.8s
2026-08-29 21:04:27 | New best val_f1_macro_present: raw=0.8236 stable_score=0.8236 at epoch 11
2026-08-29 21:04:32 | Epoch 012/060 | loss 3.1958 | cls 1.7655 | tal -0.0693 | dual_g 1.4511 | dual_d 0.8434 | train_acc 0.8696 | train_full n/a | val_acc 0.8667 | val_f1 0.8493 | adv/moduleC 0.47/1.00 | disc_steps 3 | grad(main/disc) 10.243/1.364 | lr(main/disc) 8.50e-05/3.20e-05 | cuda_peak(alloc/resv) 21.77/28.18GB | phase(train/val/raw/train_eval) 3.9/0.5/0.5/0.0s | 5.0s
2026-08-29 21:04:34 | New best val_f1_macro_present: raw=0.8493 stable_score=0.8493 at epoch 12
2026-08-29 21:04:38 | Epoch 013/060 | loss 2.9870 | cls 1.6496 | tal -0.0627 | dual_g 1.3563 | dual_d 0.8317 | train_acc 0.8931 | train_full n/a | val_acc 0.8667 | val_f1 0.8378 | adv/moduleC 0.53/1.00 | disc_steps 3 | grad(main/disc) 9.691/1.340 | lr(main/disc) 8.50e-05/3.20e-05 | cuda_peak(alloc/resv) 21.77/28.18GB | phase(train/val/raw/train_eval) 3.4/0.5/0.0/0.0s | 4.0s
2026-08-29 21:04:42 | Epoch 014/060 | loss 2.9206 | cls 1.6078 | tal -0.0706 | dual_g 1.3340 | dual_d 0.8139 | train_acc 0.9130 | train_full n/a | val_acc 0.8500 | val_f1 0.8077 | adv/moduleC 0.60/1.00 | disc_steps 3 | grad(main/disc) 9.267/1.251 | lr(main/disc) 8.50e-05/3.20e-05 | cuda_peak(alloc/resv) 21.77/28.18GB | phase(train/val/raw/train_eval) 3.4/0.5/0.0/0.0s | 3.9s
2026-08-29 21:04:48 | Epoch 015/060 | loss 2.8734 | cls 1.5872 | tal -0.1187 | dual_g 1.3219 | dual_d 0.8310 | train_acc 0.9094 | train_full 0.8796 | val_acc 0.8583 | val_f1 0.8298 | adv/moduleC 0.67/1.00 | disc_steps 3 | grad(main/disc) 9.961/1.297 | lr(main/disc) 8.50e-05/3.20e-05 | cuda_peak(alloc/resv) 21.77/28.18GB | phase(train/val/raw/train_eval) 3.9/0.5/0.5/0.8s | 5.8s
2026-08-29 21:04:53 | Epoch 016/060 | loss 2.8172 | cls 1.5627 | tal -0.1193 | dual_g 1.2903 | dual_d 0.8849 | train_acc 0.9239 | train_full n/a | val_acc 0.9083 | val_f1 0.8878 | adv/moduleC 0.73/1.00 | disc_steps 3 | grad(main/disc) 9.405/1.342 | lr(main/disc) 8.50e-05/3.20e-05 | cuda_peak(alloc/resv) 21.77/28.18GB | phase(train/val/raw/train_eval) 3.6/0.5/0.5/0.0s | 4.7s
2026-08-29 21:04:56 | New best val_f1_macro_present: raw=0.8878 stable_score=0.8878 at epoch 16
2026-08-29 21:05:00 | Epoch 017/060 | loss 2.7694 | cls 1.5471 | tal -0.1306 | dual_g 1.2615 | dual_d 0.8422 | train_acc 0.9257 | train_full n/a | val_acc 0.8917 | val_f1 0.8558 | adv/moduleC 0.80/1.00 | disc_steps 3 | grad(main/disc) 9.956/1.261 | lr(main/disc) 8.50e-05/3.20e-05 | cuda_peak(alloc/resv) 21.77/28.18GB | phase(train/val/raw/train_eval) 3.6/0.5/0.0/0.0s | 4.1s
2026-08-29 21:05:04 | Epoch 018/060 | loss 2.6479 | cls 1.4640 | tal -0.1101 | dual_g 1.2169 | dual_d 0.8371 | train_acc 0.9493 | train_full n/a | val_acc 0.9250 | val_f1 0.8990 | adv/moduleC 0.87/1.00 | disc_steps 3 | grad(main/disc) 7.513/1.257 | lr(main/disc) 8.50e-05/3.20e-05 | cuda_peak(alloc/resv) 21.77/28.18GB | phase(train/val/raw/train_eval) 3.5/0.5/0.5/0.0s | 4.5s
2026-08-29 21:05:07 | New best val_f1_macro_present: raw=0.8990 stable_score=0.8990 at epoch 18
2026-08-29 21:05:12 | Epoch 019/060 | loss 2.5596 | cls 1.3991 | tal -0.0849 | dual_g 1.1859 | dual_d 0.8382 | train_acc 0.9493 | train_full n/a | val_acc 0.9250 | val_f1 0.9080 | adv/moduleC 0.93/1.00 | disc_steps 3 | grad(main/disc) 6.993/1.238 | lr(main/disc) 8.50e-05/3.20e-05 | cuda_peak(alloc/resv) 21.77/28.18GB | phase(train/val/raw/train_eval) 3.6/0.5/0.5/0.0s | 4.7s
2026-08-29 21:05:15 | New best val_f1_macro_present: raw=0.9080 stable_score=0.9080 at epoch 19
2026-08-29 21:05:20 | Epoch 020/060 | loss 2.5475 | cls 1.4026 | tal -0.0795 | dual_g 1.1687 | dual_d 0.8662 | train_acc 0.9692 | train_full 0.9591 | val_acc 0.9333 | val_f1 0.9049 | adv/moduleC 1.00/1.00 | disc_steps 3 | grad(main/disc) 7.208/1.267 | lr(main/disc) 8.50e-05/3.20e-05 | cuda_peak(alloc/resv) 21.77/28.18GB | phase(train/val/raw/train_eval) 3.4/0.5/0.5/0.8s | 5.2s
2026-08-29 21:05:24 | Epoch 021/060 | loss 2.4751 | cls 1.3802 | tal -0.1073 | dual_g 1.1271 | dual_d 0.8620 | train_acc 0.9783 | train_full n/a | val_acc 0.9417 | val_f1 0.9125 | adv/moduleC 1.00/1.00 | disc_steps 3 | grad(main/disc) 6.818/1.246 | lr(main/disc) 8.50e-05/3.20e-05 | cuda_peak(alloc/resv) 21.77/28.18GB | phase(train/val/raw/train_eval) 3.5/0.5/0.5/0.0s | 4.6s
2026-08-29 21:05:27 | New best val_f1_macro_present: raw=0.9125 stable_score=0.9125 at epoch 21
2026-08-29 21:05:31 | Epoch 022/060 | loss 2.4226 | cls 1.3418 | tal -0.1284 | dual_g 1.1193 | dual_d 0.8612 | train_acc 0.9837 | train_full n/a | val_acc 0.9000 | val_f1 0.9022 | adv/moduleC 1.00/1.00 | disc_steps 3 | grad(main/disc) 5.835/1.241 | lr(main/disc) 8.50e-05/3.20e-05 | cuda_peak(alloc/resv) 21.77/28.18GB | phase(train/val/raw/train_eval) 3.5/0.5/0.0/0.0s | 4.1s
2026-08-29 21:05:36 | Epoch 023/060 | loss 2.4239 | cls 1.3553 | tal -0.1366 | dual_g 1.1096 | dual_d 0.9154 | train_acc 0.9783 | train_full n/a | val_acc 0.9083 | val_f1 0.8835 | adv/moduleC 1.00/1.00 | disc_steps 3 | grad(main/disc) 7.307/1.290 | lr(main/disc) 8.50e-05/3.20e-05 | cuda_peak(alloc/resv) 21.77/28.18GB | phase(train/val/raw/train_eval) 3.7/0.5/0.0/0.0s | 4.2s
2026-08-29 21:05:40 | Epoch 024/060 | loss 2.3881 | cls 1.3190 | tal -0.1334 | dual_g 1.1090 | dual_d 0.9189 | train_acc 0.9710 | train_full n/a | val_acc 0.9500 | val_f1 0.9330 | adv/moduleC 1.00/1.00 | disc_steps 3 | grad(main/disc) 6.569/1.296 | lr(main/disc) 8.50e-05/3.20e-05 | cuda_peak(alloc/resv) 21.77/28.18GB | phase(train/val/raw/train_eval) 3.4/0.5/0.5/0.0s | 4.5s
2026-08-29 21:05:43 | New best val_f1_macro_present: raw=0.9330 stable_score=0.9330 at epoch 24
2026-08-29 21:05:49 | Epoch 025/060 | loss 2.3382 | cls 1.3108 | tal -0.1756 | dual_g 1.0801 | dual_d 0.9044 | train_acc 0.9873 | train_full 0.9785 | val_acc 0.9417 | val_f1 0.9099 | adv/moduleC 1.00/1.00 | disc_steps 3 | grad(main/disc) 5.822/1.256 | lr(main/disc) 8.50e-05/3.20e-05 | cuda_peak(alloc/resv) 21.77/28.18GB | phase(train/val/raw/train_eval) 3.8/0.5/0.5/0.8s | 5.6s
2026-08-29 21:05:53 | Epoch 026/060 | loss 2.3477 | cls 1.2991 | tal -0.1590 | dual_g 1.0963 | dual_d 0.8987 | train_acc 0.9819 | train_full n/a | val_acc 0.9500 | val_f1 0.9418 | adv/moduleC 1.00/1.00 | disc_steps 3 | grad(main/disc) 8.495/1.234 | lr(main/disc) 8.50e-05/3.20e-05 | cuda_peak(alloc/resv) 21.77/28.18GB | phase(train/val/raw/train_eval) 3.4/0.5/0.5/0.0s | 4.5s
2026-08-29 21:05:56 | New best val_f1_macro_present: raw=0.9418 stable_score=0.9418 at epoch 26
2026-08-29 21:06:00 | Epoch 027/060 | loss 2.2509 | cls 1.2571 | tal -0.1943 | dual_g 1.0520 | dual_d 0.9422 | train_acc 0.9909 | train_full n/a | val_acc 0.9333 | val_f1 0.9305 | adv/moduleC 1.00/1.00 | disc_steps 3 | grad(main/disc) 4.906/1.299 | lr(main/disc) 8.50e-05/3.20e-05 | cuda_peak(alloc/resv) 21.77/28.18GB | phase(train/val/raw/train_eval) 3.9/0.5/0.0/0.0s | 4.4s
2026-08-29 21:06:04 | Epoch 028/060 | loss 2.3088 | cls 1.2935 | tal -0.1617 | dual_g 1.0637 | dual_d 0.9213 | train_acc 0.9873 | train_full n/a | val_acc 0.9333 | val_f1 0.9152 | adv/moduleC 1.00/1.00 | disc_steps 3 | grad(main/disc) 4.968/1.293 | lr(main/disc) 8.50e-05/3.20e-05 | cuda_peak(alloc/resv) 21.77/28.18GB | phase(train/val/raw/train_eval) 3.4/0.5/0.0/0.0s | 3.9s
2026-08-29 21:06:08 | Epoch 029/060 | loss 2.2616 | cls 1.2643 | tal -0.1895 | dual_g 1.0541 | dual_d 0.8994 | train_acc 0.9909 | train_full n/a | val_acc 0.9333 | val_f1 0.8952 | adv/moduleC 1.00/1.00 | disc_steps 3 | grad(main/disc) 4.149/1.245 | lr(main/disc) 8.50e-05/3.20e-05 | cuda_peak(alloc/resv) 21.77/28.18GB | phase(train/val/raw/train_eval) 3.4/0.5/0.0/0.0s | 4.0s
2026-08-29 21:06:13 | Epoch 030/060 | loss 2.2796 | cls 1.2747 | tal -0.1831 | dual_g 1.0599 | dual_d 0.9612 | train_acc 0.9909 | train_full 0.9570 | val_acc 0.9000 | val_f1 0.8972 | adv/moduleC 1.00/1.00 | disc_steps 3 | grad(main/disc) 5.241/1.255 | lr(main/disc) 8.50e-05/3.20e-05 | cuda_peak(alloc/resv) 21.77/28.18GB | phase(train/val/raw/train_eval) 3.4/0.5/0.6/0.8s | 5.2s
2026-08-29 21:06:18 | Epoch 031/060 | loss 2.2287 | cls 1.2435 | tal -0.1561 | dual_g 1.0320 | dual_d 0.9255 | train_acc 0.9946 | train_full n/a | val_acc 0.9667 | val_f1 0.9495 | adv/moduleC 1.00/1.00 | disc_steps 3 | grad(main/disc) 3.496/1.207 | lr(main/disc) 8.50e-05/3.20e-05 | cuda_peak(alloc/resv) 21.77/28.18GB | phase(train/val/raw/train_eval) 3.5/0.5/0.6/0.0s | 4.6s
2026-08-29 21:06:21 | New best val_f1_macro_present: raw=0.9495 stable_score=0.9495 at epoch 31
2026-08-29 21:06:26 | Epoch 032/060 | loss 2.2431 | cls 1.2523 | tal -0.1356 | dual_g 1.0315 | dual_d 0.9503 | train_acc 0.9891 | train_full n/a | val_acc 0.9750 | val_f1 0.9626 | adv/moduleC 1.00/1.00 | disc_steps 3 | grad(main/disc) 4.893/1.250 | lr(main/disc) 8.50e-05/3.20e-05 | cuda_peak(alloc/resv) 21.77/28.18GB | phase(train/val/raw/train_eval) 3.8/0.5/0.5/0.0s | 4.9s
2026-08-29 21:06:29 | New best val_f1_macro_present: raw=0.9626 stable_score=0.9626 at epoch 32
2026-08-29 21:06:33 | Epoch 033/060 | loss 2.2286 | cls 1.2403 | tal -0.1195 | dual_g 1.0242 | dual_d 0.9711 | train_acc 0.9928 | train_full n/a | val_acc 0.9500 | val_f1 0.9380 | adv/moduleC 1.00/1.00 | disc_steps 3 | grad(main/disc) 3.540/1.267 | lr(main/disc) 8.50e-05/3.20e-05 | cuda_peak(alloc/resv) 21.77/28.18GB | phase(train/val/raw/train_eval) 3.6/0.5/0.0/0.0s | 4.1s
2026-08-29 21:06:37 | Epoch 034/060 | loss 2.2105 | cls 1.2284 | tal -0.1304 | dual_g 1.0212 | dual_d 0.9807 | train_acc 0.9946 | train_full n/a | val_acc 0.9667 | val_f1 0.9594 | adv/moduleC 1.00/1.00 | disc_steps 3 | grad(main/disc) 3.425/1.312 | lr(main/disc) 8.50e-05/3.20e-05 | cuda_peak(alloc/resv) 21.77/28.18GB | phase(train/val/raw/train_eval) 3.5/0.5/0.0/0.0s | 4.0s
2026-08-29 21:06:42 | Epoch 035/060 | loss 2.2042 | cls 1.2329 | tal -0.1392 | dual_g 1.0131 | dual_d 1.0081 | train_acc 0.9946 | train_full 0.9785 | val_acc 0.9667 | val_f1 0.9456 | adv/moduleC 1.00/1.00 | disc_steps 3 | grad(main/disc) 3.540/1.249 | lr(main/disc) 8.50e-05/3.20e-05 | cuda_peak(alloc/resv) 21.77/28.18GB | phase(train/val/raw/train_eval) 3.8/0.5/0.5/0.8s | 5.6s
2026-08-29 21:06:46 | Epoch 036/060 | loss 2.1746 | cls 1.2210 | tal -0.1758 | dual_g 1.0064 | dual_d 1.0052 | train_acc 0.9964 | train_full n/a | val_acc 0.9500 | val_f1 0.9265 | adv/moduleC 1.00/1.00 | disc_steps 3 | grad(main/disc) 2.893/1.304 | lr(main/disc) 8.50e-05/3.20e-05 | cuda_peak(alloc/resv) 21.77/28.18GB | phase(train/val/raw/train_eval) 3.3/0.5/0.0/0.0s | 3.8s
2026-08-29 21:06:50 | Epoch 037/060 | loss 2.1838 | cls 1.2275 | tal -0.1753 | dual_g 1.0089 | dual_d 0.9754 | train_acc 0.9964 | train_full n/a | val_acc 0.9667 | val_f1 0.9579 | adv/moduleC 1.00/1.00 | disc_steps 3 | grad(main/disc) 3.601/1.222 | lr(main/disc) 8.50e-05/3.20e-05 | cuda_peak(alloc/resv) 21.77/28.18GB | phase(train/val/raw/train_eval) 3.4/0.5/0.0/0.0s | 3.9s
2026-08-29 21:06:54 | Epoch 038/060 | loss 2.1662 | cls 1.2228 | tal -0.1762 | dual_g 0.9963 | dual_d 0.9968 | train_acc 0.9964 | train_full n/a | val_acc 0.9333 | val_f1 0.9355 | adv/moduleC 1.00/1.00 | disc_steps 3 | grad(main/disc) 2.978/1.269 | lr(main/disc) 8.50e-05/3.20e-05 | cuda_peak(alloc/resv) 21.77/28.18GB | phase(train/val/raw/train_eval) 3.7/0.5/0.0/0.0s | 4.2s
2026-08-29 21:06:59 | Epoch 039/060 | loss 2.1571 | cls 1.2223 | tal -0.1973 | dual_g 0.9940 | dual_d 0.9972 | train_acc 0.9946 | train_full n/a | val_acc 0.9417 | val_f1 0.9409 | adv/moduleC 1.00/1.00 | disc_steps 3 | grad(main/disc) 4.465/1.228 | lr(main/disc) 8.50e-05/3.20e-05 | cuda_peak(alloc/resv) 21.77/28.18GB | phase(train/val/raw/train_eval) 3.7/0.5/0.0/0.0s | 4.2s
2026-08-29 21:07:04 | Epoch 040/060 | loss 2.1501 | cls 1.2247 | tal -0.2017 | dual_g 0.9860 | dual_d 1.0207 | train_acc 0.9946 | train_full 0.9935 | val_acc 0.9667 | val_f1 0.9576 | adv/moduleC 1.00/1.00 | disc_steps 3 | grad(main/disc) 3.547/1.263 | lr(main/disc) 8.50e-05/3.20e-05 | cuda_peak(alloc/resv) 21.77/28.18GB | phase(train/val/raw/train_eval) 3.4/0.5/0.5/0.8s | 5.2s
2026-08-29 21:07:08 | Epoch 041/060 | loss 2.1369 | cls 1.2077 | tal -0.2199 | dual_g 0.9951 | dual_d 1.0056 | train_acc 1.0000 | train_full n/a | val_acc 0.9833 | val_f1 0.9714 | adv/moduleC 1.00/1.00 | disc_steps 3 | grad(main/disc) 3.531/1.224 | lr(main/disc) 8.50e-05/3.20e-05 | cuda_peak(alloc/resv) 21.77/28.18GB | phase(train/val/raw/train_eval) 3.4/0.5/0.5/0.0s | 4.4s
2026-08-29 21:07:11 | New best val_f1_macro_present: raw=0.9714 stable_score=0.9714 at epoch 41
2026-08-29 21:07:16 | Epoch 042/060 | loss 2.1152 | cls 1.1999 | tal -0.2275 | dual_g 0.9836 | dual_d 0.9955 | train_acc 0.9982 | train_full n/a | val_acc 0.9750 | val_f1 0.9572 | adv/moduleC 1.00/1.00 | disc_steps 3 | grad(main/disc) 2.740/1.236 | lr(main/disc) 8.50e-05/3.20e-05 | cuda_peak(alloc/resv) 21.77/28.18GB | phase(train/val/raw/train_eval) 3.9/0.5/0.0/0.0s | 4.4s
2026-08-29 21:07:20 | Epoch 043/060 | loss 2.1374 | cls 1.2032 | tal -0.1573 | dual_g 0.9814 | dual_d 1.0237 | train_acc 0.9964 | train_full n/a | val_acc 0.9667 | val_f1 0.9592 | adv/moduleC 1.00/1.00 | disc_steps 3 | grad(main/disc) 3.425/1.248 | lr(main/disc) 8.50e-05/3.20e-05 | cuda_peak(alloc/resv) 21.77/28.18GB | phase(train/val/raw/train_eval) 3.6/0.5/0.0/0.0s | 4.2s
2026-08-29 21:07:24 | Epoch 044/060 | loss 2.1196 | cls 1.2011 | tal -0.1786 | dual_g 0.9721 | dual_d 1.0180 | train_acc 0.9964 | train_full n/a | val_acc 0.9667 | val_f1 0.9594 | adv/moduleC 1.00/1.00 | disc_steps 3 | grad(main/disc) 2.455/1.233 | lr(main/disc) 8.50e-05/3.20e-05 | cuda_peak(alloc/resv) 21.77/28.18GB | phase(train/val/raw/train_eval) 3.8/0.5/0.0/0.0s | 4.3s
2026-08-29 21:07:30 | Epoch 045/060 | loss 2.1269 | cls 1.2077 | tal -0.1932 | dual_g 0.9772 | dual_d 1.0643 | train_acc 0.9946 | train_full 0.9935 | val_acc 0.9667 | val_f1 0.9557 | adv/moduleC 1.00/1.00 | disc_steps 3 | grad(main/disc) 2.709/1.263 | lr(main/disc) 8.50e-05/3.20e-05 | cuda_peak(alloc/resv) 21.77/28.18GB | phase(train/val/raw/train_eval) 3.6/0.5/0.5/0.8s | 5.5s
2026-08-29 21:07:34 | Epoch 046/060 | loss 2.1059 | cls 1.1948 | tal -0.1889 | dual_g 0.9678 | dual_d 0.9987 | train_acc 0.9982 | train_full n/a | val_acc 0.9750 | val_f1 0.9634 | adv/moduleC 1.00/1.00 | disc_steps 3 | grad(main/disc) 2.297/1.196 | lr(main/disc) 8.50e-05/3.20e-05 | cuda_peak(alloc/resv) 21.77/28.18GB | phase(train/val/raw/train_eval) 3.6/0.5/0.0/0.0s | 4.1s
2026-08-29 21:07:38 | Epoch 047/060 | loss 2.1022 | cls 1.1997 | tal -0.2014 | dual_g 0.9629 | dual_d 1.0012 | train_acc 1.0000 | train_full n/a | val_acc 0.9833 | val_f1 0.9714 | adv/moduleC 1.00/1.00 | disc_steps 3 | grad(main/disc) 2.437/1.210 | lr(main/disc) 8.50e-05/3.20e-05 | cuda_peak(alloc/resv) 21.77/28.18GB | phase(train/val/raw/train_eval) 3.4/0.5/0.0/0.0s | 3.9s
2026-08-29 21:07:42 | Epoch 048/060 | loss 2.0982 | cls 1.1999 | tal -0.2121 | dual_g 0.9620 | dual_d 1.0369 | train_acc 0.9964 | train_full n/a | val_acc 0.9750 | val_f1 0.9626 | adv/moduleC 1.00/1.00 | disc_steps 3 | grad(main/disc) 2.444/1.216 | lr(main/disc) 8.50e-05/3.20e-05 | cuda_peak(alloc/resv) 21.77/28.18GB | phase(train/val/raw/train_eval) 3.3/0.5/0.0/0.0s | 3.8s
2026-08-29 21:07:46 | Epoch 049/060 | loss 2.0983 | cls 1.2015 | tal -0.2532 | dual_g 0.9728 | dual_d 0.9954 | train_acc 1.0000 | train_full n/a | val_acc 0.9500 | val_f1 0.9455 | adv/moduleC 1.00/1.00 | disc_steps 3 | grad(main/disc) 2.747/1.145 | lr(main/disc) 8.50e-05/3.20e-05 | cuda_peak(alloc/resv) 21.77/28.18GB | phase(train/val/raw/train_eval) 3.7/0.5/0.0/0.0s | 4.2s
2026-08-29 21:07:51 | Epoch 050/060 | loss 2.0562 | cls 1.1847 | tal -0.2799 | dual_g 0.9555 | dual_d 0.9840 | train_acc 1.0000 | train_full 0.9935 | val_acc 0.9500 | val_f1 0.9440 | adv/moduleC 1.00/1.00 | disc_steps 3 | grad(main/disc) 1.820/1.168 | lr(main/disc) 4.25e-05/1.60e-05 | cuda_peak(alloc/resv) 21.77/28.18GB | phase(train/val/raw/train_eval) 3.4/0.5/0.6/0.8s | 5.3s
2026-08-29 21:07:55 | Epoch 051/060 | loss 2.0556 | cls 1.1815 | tal -0.2640 | dual_g 0.9533 | dual_d 0.9996 | train_acc 1.0000 | train_full n/a | val_acc 0.9583 | val_f1 0.9518 | adv/moduleC 1.00/1.00 | disc_steps 3 | grad(main/disc) 1.852/1.181 | lr(main/disc) 4.25e-05/1.60e-05 | cuda_peak(alloc/resv) 21.77/28.18GB | phase(train/val/raw/train_eval) 3.5/0.5/0.0/0.0s | 4.1s
2026-08-29 21:07:59 | Epoch 052/060 | loss 2.0626 | cls 1.1916 | tal -0.2695 | dual_g 0.9519 | dual_d 0.9708 | train_acc 0.9964 | train_full n/a | val_acc 0.9750 | val_f1 0.9644 | adv/moduleC 1.00/1.00 | disc_steps 3 | grad(main/disc) 1.965/1.158 | lr(main/disc) 4.25e-05/1.60e-05 | cuda_peak(alloc/resv) 21.77/28.18GB | phase(train/val/raw/train_eval) 3.7/0.5/0.0/0.0s | 4.2s
2026-08-29 21:08:04 | Epoch 053/060 | loss 2.0571 | cls 1.1844 | tal -0.2534 | dual_g 0.9488 | dual_d 1.0003 | train_acc 0.9982 | train_full n/a | val_acc 0.9750 | val_f1 0.9535 | adv/moduleC 1.00/1.00 | disc_steps 3 | grad(main/disc) 1.977/1.183 | lr(main/disc) 4.25e-05/1.60e-05 | cuda_peak(alloc/resv) 21.77/28.18GB | phase(train/val/raw/train_eval) 3.7/0.5/0.0/0.0s | 4.2s
2026-08-29 21:08:07 | Epoch 054/060 | loss 2.0508 | cls 1.1828 | tal -0.2786 | dual_g 0.9516 | dual_d 1.0056 | train_acc 0.9982 | train_full n/a | val_acc 0.9667 | val_f1 0.9466 | adv/moduleC 1.00/1.00 | disc_steps 3 | grad(main/disc) 1.853/1.183 | lr(main/disc) 4.25e-05/1.60e-05 | cuda_peak(alloc/resv) 21.77/28.18GB | phase(train/val/raw/train_eval) 3.3/0.5/0.0/0.0s | 3.8s
2026-08-29 21:08:13 | Epoch 055/060 | loss 2.0622 | cls 1.1913 | tal -0.2381 | dual_g 0.9423 | dual_d 1.0245 | train_acc 0.9964 | train_full 0.9957 | val_acc 0.9750 | val_f1 0.9644 | adv/moduleC 1.00/1.00 | disc_steps 3 | grad(main/disc) 2.350/1.197 | lr(main/disc) 4.25e-05/1.60e-05 | cuda_peak(alloc/resv) 21.77/28.18GB | phase(train/val/raw/train_eval) 3.4/0.5/0.5/0.8s | 5.3s
2026-08-29 21:08:17 | Epoch 056/060 | loss 2.0702 | cls 1.1815 | tal -0.2085 | dual_g 0.9512 | dual_d 0.9975 | train_acc 0.9982 | train_full n/a | val_acc 0.9667 | val_f1 0.9557 | adv/moduleC 1.00/1.00 | disc_steps 3 | grad(main/disc) 2.153/1.194 | lr(main/disc) 4.25e-05/1.60e-05 | cuda_peak(alloc/resv) 21.77/28.18GB | phase(train/val/raw/train_eval) 3.4/0.5/0.0/0.0s | 4.0s
2026-08-29 21:08:17 | Early stopping at epoch 56 after 15 epochs without val_f1_macro_present improvement.
2026-08-29 21:08:17 | Training complete. Peak validation accuracy: 0.9833 | selected val_f1_macro_present: 0.9714
2026-08-29 21:08:17 | Starting Dual_D standalone training
2026-08-29 21:08:17 | Run directory: runs/module_c_ablation_60_v8/module_c_20260829_205331/module_c_full_逆光_20260829_205332
2026-08-29 21:08:17 | Device: cuda
2026-08-29 21:08:17 | Source train samples: 992
2026-08-29 21:08:17 | Target train samples: 132
2026-08-29 21:08:17 | Target val samples: 37
2026-08-29 21:08:17 | Classes: 14
2026-08-29 21:08:17 | Data audit: same_dir=False | path_overlap(vis/ir/ais)=0/0/0 | content_overlap(vis/ir/ais)=0/0/0 | ais_index_overlap=0 | stem_mismatch(vis-ir/vis-ais)=157/0
2026-08-29 21:08:17 | source_train classes: present 14/14 | absent 0 | counts [0:120, 1:44, 2:69, 3:45, 4:40, 5:30, 6:64, 7:80, 8:116, 9:68, 10:57, 11:83, 12:48, 13:128]
2026-08-29 21:08:17 | target_train classes: present 9/14 | absent 5 | counts [0:20, 2:12, 4:12, 5:2, 9:16, 10:16, 11:29, 12:4, 13:21]
2026-08-29 21:08:17 | target_val classes: present 9/14 | absent 5 | counts [0:6, 2:3, 4:4, 5:1, 9:4, 10:4, 11:8, 12:1, 13:6]
2026-08-29 21:08:17 | Paired training classes: 9/14 | class ids [0, 2, 4, 5, 9, 10, 11, 12, 13]
2026-08-29 21:08:17 | Runtime profile: batch=92 | paired_steps=4 | workers=16 | train_eval_every=5 | raw_eval_every=5 | stability_window=3 | lr_scheduler_start=28 | early_stop=18 after min_epoch=45
2026-08-29 21:08:17 | VIS/IR pairing: class-level-unpaired | count-mismatch classes train/val: 10/1 | AIS alignment: none | AIS rows train/val: 0/0
2026-08-29 21:08:18 | Effective Dual-D loss weights: {"adv_auxiliary": 0.025, "adv_primary": 0.025, "classification": 0.2, "contrastive": 0.04, "cycle": 0.12, "identity": 0.045, "prototype_contrastive": 0.06}
2026-08-29 21:08:18 | Model parameters: total=17277714 | trainable=17120210
Starting run 4/9: domain=逆光, iteration=1, seed=45
2026-08-29 21:08:23 | Epoch 001/060 | loss 6.1941 | cls 6.2475 | tal -0.1781 | dual_g 0.0000 | dual_d 0.0000 | train_acc 0.0543 | train_full 0.0152 | val_acc 0.0000 | val_f1 0.0000 | adv/moduleC 0.00/0.00 | disc_steps 0 | grad(main/disc) 16.991/0.000 | lr(main/disc) 5.50e-05/2.40e-05 | cuda_peak(alloc/resv) 21.77/28.18GB | phase(train/val/raw/train_eval) 3.7/0.4/0.4/0.7s | 5.3s
2026-08-29 21:08:27 | Epoch 002/060 | loss 5.2852 | cls 5.3111 | tal -0.0862 | dual_g 0.0000 | dual_d 0.0000 | train_acc 0.1033 | train_full n/a | val_acc 0.1081 | val_f1 0.0638 | adv/moduleC 0.00/0.00 | disc_steps 0 | grad(main/disc) 14.702/0.000 | lr(main/disc) 5.50e-05/2.40e-05 | cuda_peak(alloc/resv) 21.77/28.18GB | phase(train/val/raw/train_eval) 3.1/0.4/0.0/0.0s | 3.5s
2026-08-29 21:08:31 | Epoch 003/060 | loss 4.6546 | cls 4.6939 | tal -0.1308 | dual_g 0.0000 | dual_d 0.0000 | train_acc 0.2418 | train_full n/a | val_acc 0.2162 | val_f1 0.1241 | adv/moduleC 0.00/0.00 | disc_steps 0 | grad(main/disc) 12.524/0.000 | lr(main/disc) 5.50e-05/2.40e-05 | cuda_peak(alloc/resv) 21.77/28.18GB | phase(train/val/raw/train_eval) 3.5/0.4/0.4/0.0s | 4.4s
2026-08-29 21:08:34 | New best val_f1_macro_present: raw=0.1241 stable_score=0.0000 at epoch 3
2026-08-29 21:08:38 | Epoch 004/060 | loss 4.1762 | cls 4.2346 | tal -0.1949 | dual_g 0.0000 | dual_d 0.0000 | train_acc 0.2962 | train_full n/a | val_acc 0.3243 | val_f1 0.2224 | adv/moduleC 0.00/0.00 | disc_steps 0 | grad(main/disc) 11.609/0.000 | lr(main/disc) 5.50e-05/2.40e-05 | cuda_peak(alloc/resv) 21.77/28.18GB | phase(train/val/raw/train_eval) 3.4/0.4/0.4/0.0s | 4.3s
2026-08-29 21:08:41 | New best val_f1_macro_present: raw=0.2224 stable_score=0.0638 at epoch 4
2026-08-29 21:08:46 | Epoch 005/060 | loss 3.9555 | cls 4.0161 | tal -0.2018 | dual_g 0.0000 | dual_d 0.0000 | train_acc 0.3587 | train_full 0.4773 | val_acc 0.5405 | val_f1 0.4952 | adv/moduleC 0.00/0.00 | disc_steps 0 | grad(main/disc) 11.018/0.000 | lr(main/disc) 5.50e-05/2.40e-05 | cuda_peak(alloc/resv) 21.77/28.18GB | phase(train/val/raw/train_eval) 3.5/0.4/0.4/0.7s | 5.1s
2026-08-29 21:08:48 | New best val_f1_macro_present: raw=0.4952 stable_score=0.1241 at epoch 5
2026-08-29 21:08:52 | Epoch 006/060 | loss 3.8005 | cls 3.7570 | tal -0.2273 | dual_g 0.1116 | dual_d 0.0000 | train_acc 0.4158 | train_full n/a | val_acc 0.5946 | val_f1 0.5816 | adv/moduleC 0.00/0.10 | disc_steps 0 | grad(main/disc) 10.470/0.000 | lr(main/disc) 5.50e-05/2.40e-05 | cuda_peak(alloc/resv) 21.77/28.18GB | phase(train/val/raw/train_eval) 2.9/0.4/0.5/0.0s | 3.8s
2026-08-29 21:08:55 | New best val_f1_macro_present: raw=0.5816 stable_score=0.2224 at epoch 6
2026-08-29 21:08:59 | Epoch 007/060 | loss 3.6387 | cls 3.5014 | tal -0.2432 | dual_g 0.2103 | dual_d 0.0000 | train_acc 0.4321 | train_full n/a | val_acc 0.6216 | val_f1 0.5842 | adv/moduleC 0.00/0.20 | disc_steps 0 | grad(main/disc) 9.958/0.000 | lr(main/disc) 5.50e-05/2.40e-05 | cuda_peak(alloc/resv) 21.77/28.18GB | phase(train/val/raw/train_eval) 3.2/0.4/0.4/0.0s | 4.1s
2026-08-29 21:09:02 | New best val_f1_macro_present: raw=0.5842 stable_score=0.4952 at epoch 7
2026-08-29 21:09:06 | Epoch 008/060 | loss 3.5130 | cls 3.2883 | tal -0.2635 | dual_g 0.3038 | dual_d 0.7948 | train_acc 0.5027 | train_full n/a | val_acc 0.7838 | val_f1 0.8170 | adv/moduleC 0.07/0.30 | disc_steps 2 | grad(main/disc) 9.837/1.547 | lr(main/disc) 5.50e-05/2.40e-05 | cuda_peak(alloc/resv) 21.77/28.18GB | phase(train/val/raw/train_eval) 3.4/0.4/0.4/0.0s | 4.3s
2026-08-29 21:09:09 | New best val_f1_macro_present: raw=0.8170 stable_score=0.5816 at epoch 8
2026-08-29 21:09:13 | Epoch 009/060 | loss 3.4954 | cls 3.1795 | tal -0.2848 | dual_g 0.4014 | dual_d 0.8083 | train_acc 0.5245 | train_full n/a | val_acc 0.7838 | val_f1 0.8111 | adv/moduleC 0.13/0.40 | disc_steps 2 | grad(main/disc) 10.207/1.595 | lr(main/disc) 5.50e-05/2.40e-05 | cuda_peak(alloc/resv) 21.77/28.18GB | phase(train/val/raw/train_eval) 3.2/0.4/0.4/0.0s | 4.1s
2026-08-29 21:09:15 | New best val_f1_macro_present: raw=0.8111 stable_score=0.5842 at epoch 9
2026-08-29 21:09:20 | Epoch 010/060 | loss 3.3675 | cls 2.9782 | tal -0.2799 | dual_g 0.4733 | dual_d 0.7951 | train_acc 0.5625 | train_full 0.8561 | val_acc 0.8649 | val_f1 0.8829 | adv/moduleC 0.20/0.50 | disc_steps 2 | grad(main/disc) 9.817/1.575 | lr(main/disc) 5.50e-05/2.40e-05 | cuda_peak(alloc/resv) 21.77/28.18GB | phase(train/val/raw/train_eval) 3.3/0.4/0.4/0.7s | 4.8s
2026-08-29 21:09:23 | New best val_f1_macro_present: raw=0.8829 stable_score=0.8111 at epoch 10
2026-08-29 21:09:27 | Epoch 011/060 | loss 3.4178 | cls 2.9200 | tal -0.2164 | dual_g 0.5627 | dual_d 0.7821 | train_acc 0.6087 | train_full n/a | val_acc 0.8378 | val_f1 0.8532 | adv/moduleC 0.27/0.60 | disc_steps 2 | grad(main/disc) 9.695/1.479 | lr(main/disc) 5.50e-05/2.40e-05 | cuda_peak(alloc/resv) 21.77/28.18GB | phase(train/val/raw/train_eval) 3.3/0.5/0.0/0.0s | 3.8s
2026-08-29 21:09:31 | Epoch 012/060 | loss 3.3386 | cls 2.7925 | tal -0.1904 | dual_g 0.6032 | dual_d 0.7898 | train_acc 0.6848 | train_full n/a | val_acc 0.8919 | val_f1 0.9118 | adv/moduleC 0.33/0.70 | disc_steps 2 | grad(main/disc) 9.716/1.520 | lr(main/disc) 5.50e-05/2.40e-05 | cuda_peak(alloc/resv) 21.77/28.18GB | phase(train/val/raw/train_eval) 3.1/0.4/0.4/0.0s | 4.0s
2026-08-29 21:09:33 | New best val_f1_macro_present: raw=0.9118 stable_score=0.8532 at epoch 12
2026-08-29 21:09:37 | Epoch 013/060 | loss 3.1841 | cls 2.5733 | tal -0.1698 | dual_g 0.6617 | dual_d 0.7974 | train_acc 0.6875 | train_full n/a | val_acc 0.8919 | val_f1 0.9118 | adv/moduleC 0.40/0.80 | disc_steps 2 | grad(main/disc) 9.419/1.448 | lr(main/disc) 5.50e-05/2.40e-05 | cuda_peak(alloc/resv) 21.77/28.18GB | phase(train/val/raw/train_eval) 3.1/0.4/0.0/0.0s | 3.5s
2026-08-29 21:09:41 | Epoch 014/060 | loss 3.1753 | cls 2.5012 | tal -0.1760 | dual_g 0.7269 | dual_d 0.8164 | train_acc 0.7364 | train_full n/a | val_acc 0.8649 | val_f1 0.8674 | adv/moduleC 0.47/0.90 | disc_steps 2 | grad(main/disc) 8.961/1.500 | lr(main/disc) 5.50e-05/2.40e-05 | cuda_peak(alloc/resv) 21.77/28.18GB | phase(train/val/raw/train_eval) 3.4/0.4/0.5/0.0s | 4.3s
2026-08-29 21:09:44 | New best val_f1_macro_present: raw=0.8674 stable_score=0.8674 at epoch 14
2026-08-29 21:09:49 | Epoch 015/060 | loss 3.1896 | cls 2.4450 | tal -0.1990 | dual_g 0.8043 | dual_d 0.8090 | train_acc 0.7283 | train_full 0.8864 | val_acc 0.9189 | val_f1 0.9327 | adv/moduleC 0.53/1.00 | disc_steps 2 | grad(main/disc) 9.249/1.454 | lr(main/disc) 5.50e-05/2.40e-05 | cuda_peak(alloc/resv) 21.77/28.18GB | phase(train/val/raw/train_eval) 3.3/0.4/0.4/0.7s | 4.8s
2026-08-29 21:09:53 | Epoch 016/060 | loss 2.9511 | cls 2.2568 | tal -0.2405 | dual_g 0.7664 | dual_d 0.8136 | train_acc 0.7745 | train_full n/a | val_acc 0.8649 | val_f1 0.8820 | adv/moduleC 0.60/1.00 | disc_steps 2 | grad(main/disc) 8.448/1.427 | lr(main/disc) 5.50e-05/2.40e-05 | cuda_peak(alloc/resv) 21.77/28.18GB | phase(train/val/raw/train_eval) 3.4/0.4/0.0/0.0s | 3.8s
2026-08-29 21:09:57 | Epoch 017/060 | loss 2.8699 | cls 2.2010 | tal -0.2648 | dual_g 0.7484 | dual_d 0.8380 | train_acc 0.8125 | train_full n/a | val_acc 0.9189 | val_f1 0.9358 | adv/moduleC 0.67/1.00 | disc_steps 2 | grad(main/disc) 8.766/1.428 | lr(main/disc) 5.50e-05/2.40e-05 | cuda_peak(alloc/resv) 21.77/28.18GB | phase(train/val/raw/train_eval) 3.1/0.4/0.4/0.0s | 4.0s
2026-08-29 21:09:59 | New best val_f1_macro_present: raw=0.9358 stable_score=0.8820 at epoch 17
2026-08-29 21:10:03 | Epoch 018/060 | loss 2.7919 | cls 2.1260 | tal -0.2217 | dual_g 0.7325 | dual_d 0.8258 | train_acc 0.8098 | train_full n/a | val_acc 0.9459 | val_f1 0.9616 | adv/moduleC 0.73/1.00 | disc_steps 2 | grad(main/disc) 9.824/1.477 | lr(main/disc) 5.50e-05/2.40e-05 | cuda_peak(alloc/resv) 21.77/28.18GB | phase(train/val/raw/train_eval) 3.5/0.4/0.0/0.0s | 4.0s
2026-08-29 21:10:07 | Epoch 019/060 | loss 2.8541 | cls 2.1711 | tal -0.2017 | dual_g 0.7435 | dual_d 0.8949 | train_acc 0.8261 | train_full n/a | val_acc 0.9730 | val_f1 0.9802 | adv/moduleC 0.80/1.00 | disc_steps 2 | grad(main/disc) 8.724/1.536 | lr(main/disc) 5.50e-05/2.40e-05 | cuda_peak(alloc/resv) 21.77/28.18GB | phase(train/val/raw/train_eval) 3.0/0.4/0.4/0.0s | 3.9s
2026-08-29 21:10:10 | New best val_f1_macro_present: raw=0.9802 stable_score=0.9358 at epoch 19
2026-08-29 21:10:14 | Epoch 020/060 | loss 2.7839 | cls 2.1093 | tal -0.1551 | dual_g 0.7212 | dual_d 0.8303 | train_acc 0.8397 | train_full 0.9621 | val_acc 0.9730 | val_f1 0.9802 | adv/moduleC 0.87/1.00 | disc_steps 2 | grad(main/disc) 9.879/1.410 | lr(main/disc) 5.50e-05/2.40e-05 | cuda_peak(alloc/resv) 21.77/28.18GB | phase(train/val/raw/train_eval) 3.0/0.4/0.4/0.7s | 4.6s
2026-08-29 21:10:17 | New best val_f1_macro_present: raw=0.9802 stable_score=0.9616 at epoch 20
2026-08-29 21:10:21 | Epoch 021/060 | loss 2.6822 | cls 2.0111 | tal -0.1266 | dual_g 0.7091 | dual_d 0.8359 | train_acc 0.8750 | train_full n/a | val_acc 0.9459 | val_f1 0.9578 | adv/moduleC 0.93/1.00 | disc_steps 2 | grad(main/disc) 7.925/1.408 | lr(main/disc) 5.50e-05/2.40e-05 | cuda_peak(alloc/resv) 21.77/28.18GB | phase(train/val/raw/train_eval) 3.4/0.4/0.0/0.0s | 3.8s
2026-08-29 21:10:24 | Epoch 022/060 | loss 2.6350 | cls 1.9683 | tal -0.1096 | dual_g 0.6997 | dual_d 0.8591 | train_acc 0.8886 | train_full n/a | val_acc 0.9459 | val_f1 0.9578 | adv/moduleC 1.00/1.00 | disc_steps 2 | grad(main/disc) 7.839/1.406 | lr(main/disc) 5.50e-05/2.40e-05 | cuda_peak(alloc/resv) 21.77/28.18GB | phase(train/val/raw/train_eval) 2.9/0.4/0.0/0.0s | 3.4s
2026-08-29 21:10:28 | Epoch 023/060 | loss 2.5718 | cls 1.9203 | tal -0.0984 | dual_g 0.6811 | dual_d 0.8107 | train_acc 0.9212 | train_full n/a | val_acc 0.9459 | val_f1 0.9578 | adv/moduleC 1.00/1.00 | disc_steps 2 | grad(main/disc) 7.620/1.397 | lr(main/disc) 5.50e-05/2.40e-05 | cuda_peak(alloc/resv) 21.77/28.18GB | phase(train/val/raw/train_eval) 3.1/0.4/0.0/0.0s | 3.5s
2026-08-29 21:10:31 | Epoch 024/060 | loss 2.5148 | cls 1.8757 | tal -0.1160 | dual_g 0.6740 | dual_d 0.8293 | train_acc 0.8995 | train_full n/a | val_acc 0.9459 | val_f1 0.9578 | adv/moduleC 1.00/1.00 | disc_steps 2 | grad(main/disc) 7.863/1.408 | lr(main/disc) 5.50e-05/2.40e-05 | cuda_peak(alloc/resv) 21.77/28.18GB | phase(train/val/raw/train_eval) 3.1/0.4/0.0/0.0s | 3.5s
2026-08-29 21:10:36 | Epoch 025/060 | loss 2.4174 | cls 1.8271 | tal -0.2004 | dual_g 0.6504 | dual_d 0.9018 | train_acc 0.9049 | train_full 0.9848 | val_acc 0.9459 | val_f1 0.9578 | adv/moduleC 1.00/1.00 | disc_steps 2 | grad(main/disc) 7.313/1.430 | lr(main/disc) 5.50e-05/2.40e-05 | cuda_peak(alloc/resv) 21.77/28.18GB | phase(train/val/raw/train_eval) 3.4/0.4/0.4/0.7s | 5.0s
2026-08-29 21:10:40 | Epoch 026/060 | loss 2.4301 | cls 1.8301 | tal -0.1636 | dual_g 0.6491 | dual_d 0.8996 | train_acc 0.8886 | train_full n/a | val_acc 0.9459 | val_f1 0.9578 | adv/moduleC 1.00/1.00 | disc_steps 2 | grad(main/disc) 8.222/1.438 | lr(main/disc) 5.50e-05/2.40e-05 | cuda_peak(alloc/resv) 21.77/28.18GB | phase(train/val/raw/train_eval) 3.3/0.4/0.0/0.0s | 3.7s
2026-08-29 21:10:44 | Epoch 027/060 | loss 2.3566 | cls 1.7605 | tal -0.1470 | dual_g 0.6402 | dual_d 0.9242 | train_acc 0.9185 | train_full n/a | val_acc 0.9459 | val_f1 0.9578 | adv/moduleC 1.00/1.00 | disc_steps 2 | grad(main/disc) 8.979/1.442 | lr(main/disc) 5.50e-05/2.40e-05 | cuda_peak(alloc/resv) 21.77/28.18GB | phase(train/val/raw/train_eval) 3.1/0.4/0.0/0.0s | 3.6s
2026-08-29 21:10:47 | Epoch 028/060 | loss 2.2940 | cls 1.7101 | tal -0.1111 | dual_g 0.6172 | dual_d 0.9243 | train_acc 0.9375 | train_full n/a | val_acc 0.9730 | val_f1 0.9776 | adv/moduleC 1.00/1.00 | disc_steps 2 | grad(main/disc) 7.495/1.422 | lr(main/disc) 5.50e-05/2.40e-05 | cuda_peak(alloc/resv) 21.77/28.18GB | phase(train/val/raw/train_eval) 3.3/0.4/0.0/0.0s | 3.7s
2026-08-29 21:10:51 | Epoch 029/060 | loss 2.3029 | cls 1.7159 | tal -0.0948 | dual_g 0.6154 | dual_d 0.8854 | train_acc 0.9266 | train_full n/a | val_acc 0.9730 | val_f1 0.9802 | adv/moduleC 1.00/1.00 | disc_steps 2 | grad(main/disc) 8.122/1.363 | lr(main/disc) 5.50e-05/2.40e-05 | cuda_peak(alloc/resv) 21.77/28.18GB | phase(train/val/raw/train_eval) 3.2/0.4/0.0/0.0s | 3.6s
2026-08-29 21:10:56 | Epoch 030/060 | loss 2.3197 | cls 1.7111 | tal 0.0078 | dual_g 0.6062 | dual_d 0.8965 | train_acc 0.9321 | train_full 0.9848 | val_acc 1.0000 | val_f1 1.0000 | adv/moduleC 1.00/1.00 | disc_steps 2 | grad(main/disc) 8.027/1.354 | lr(main/disc) 5.50e-05/2.40e-05 | cuda_peak(alloc/resv) 21.77/28.18GB | phase(train/val/raw/train_eval) 3.4/0.4/0.4/0.7s | 5.0s
2026-08-29 21:10:58 | New best val_f1_macro_present: raw=1.0000 stable_score=0.9776 at epoch 30
2026-08-29 21:11:02 | Epoch 031/060 | loss 2.2469 | cls 1.6872 | tal -0.1261 | dual_g 0.5975 | dual_d 0.9446 | train_acc 0.9321 | train_full n/a | val_acc 1.0000 | val_f1 1.0000 | adv/moduleC 1.00/1.00 | disc_steps 2 | grad(main/disc) 8.062/1.458 | lr(main/disc) 5.50e-05/2.40e-05 | cuda_peak(alloc/resv) 21.77/28.18GB | phase(train/val/raw/train_eval) 3.1/0.4/0.4/0.0s | 4.0s
2026-08-29 21:11:05 | New best val_f1_macro_present: raw=1.0000 stable_score=0.9802 at epoch 31
2026-08-29 21:11:09 | Epoch 032/060 | loss 2.2053 | cls 1.6608 | tal -0.1327 | dual_g 0.5843 | dual_d 0.8646 | train_acc 0.9565 | train_full n/a | val_acc 1.0000 | val_f1 1.0000 | adv/moduleC 1.00/1.00 | disc_steps 2 | grad(main/disc) 7.326/1.320 | lr(main/disc) 5.50e-05/2.40e-05 | cuda_peak(alloc/resv) 21.77/28.18GB | phase(train/val/raw/train_eval) 3.4/0.4/0.4/0.0s | 4.3s
2026-08-29 21:11:12 | New best val_f1_macro_present: raw=1.0000 stable_score=1.0000 at epoch 32
2026-08-29 21:11:16 | Epoch 033/060 | loss 2.2203 | cls 1.6720 | tal -0.1139 | dual_g 0.5825 | dual_d 0.8880 | train_acc 0.9429 | train_full n/a | val_acc 0.9730 | val_f1 0.9776 | adv/moduleC 1.00/1.00 | disc_steps 2 | grad(main/disc) 7.395/1.350 | lr(main/disc) 5.50e-05/2.40e-05 | cuda_peak(alloc/resv) 21.77/28.18GB | phase(train/val/raw/train_eval) 3.2/0.4/0.0/0.0s | 3.7s
2026-08-29 21:11:19 | Epoch 034/060 | loss 2.1362 | cls 1.6055 | tal -0.1560 | dual_g 0.5775 | dual_d 0.9701 | train_acc 0.9592 | train_full n/a | val_acc 0.9730 | val_f1 0.9776 | adv/moduleC 1.00/1.00 | disc_steps 2 | grad(main/disc) 6.533/1.404 | lr(main/disc) 5.50e-05/2.40e-05 | cuda_peak(alloc/resv) 21.77/28.18GB | phase(train/val/raw/train_eval) 3.2/0.4/0.0/0.0s | 3.7s
2026-08-29 21:11:24 | Epoch 035/060 | loss 2.1695 | cls 1.6435 | tal -0.1782 | dual_g 0.5794 | dual_d 0.9361 | train_acc 0.9565 | train_full 0.9848 | val_acc 0.9730 | val_f1 0.9802 | adv/moduleC 1.00/1.00 | disc_steps 2 | grad(main/disc) 7.347/1.408 | lr(main/disc) 5.50e-05/2.40e-05 | cuda_peak(alloc/resv) 21.77/28.18GB | phase(train/val/raw/train_eval) 3.1/0.4/0.4/0.7s | 4.7s
2026-08-29 21:11:28 | Epoch 036/060 | loss 2.0905 | cls 1.5873 | tal -0.2027 | dual_g 0.5640 | dual_d 0.9224 | train_acc 0.9565 | train_full n/a | val_acc 0.9730 | val_f1 0.9776 | adv/moduleC 1.00/1.00 | disc_steps 2 | grad(main/disc) 6.429/1.349 | lr(main/disc) 5.50e-05/2.40e-05 | cuda_peak(alloc/resv) 21.77/28.18GB | phase(train/val/raw/train_eval) 3.3/0.4/0.0/0.0s | 3.8s
2026-08-29 21:11:32 | Epoch 037/060 | loss 2.1602 | cls 1.6609 | tal -0.2214 | dual_g 0.5657 | dual_d 0.9514 | train_acc 0.9457 | train_full n/a | val_acc 0.9730 | val_f1 0.9776 | adv/moduleC 1.00/1.00 | disc_steps 2 | grad(main/disc) 7.980/1.402 | lr(main/disc) 5.50e-05/2.40e-05 | cuda_peak(alloc/resv) 21.77/28.18GB | phase(train/val/raw/train_eval) 3.4/0.4/0.0/0.0s | 3.8s
2026-08-29 21:11:35 | Epoch 038/060 | loss 2.0367 | cls 1.5629 | tal -0.2521 | dual_g 0.5494 | dual_d 0.9029 | train_acc 0.9647 | train_full n/a | val_acc 1.0000 | val_f1 1.0000 | adv/moduleC 1.00/1.00 | disc_steps 2 | grad(main/disc) 6.736/1.332 | lr(main/disc) 5.50e-05/2.40e-05 | cuda_peak(alloc/resv) 21.77/28.18GB | phase(train/val/raw/train_eval) 3.4/0.4/0.0/0.0s | 3.8s
2026-08-29 21:11:39 | Epoch 039/060 | loss 2.0570 | cls 1.5714 | tal -0.2143 | dual_g 0.5499 | dual_d 0.9814 | train_acc 0.9565 | train_full n/a | val_acc 1.0000 | val_f1 1.0000 | adv/moduleC 1.00/1.00 | disc_steps 2 | grad(main/disc) 7.695/1.400 | lr(main/disc) 5.50e-05/2.40e-05 | cuda_peak(alloc/resv) 21.77/28.18GB | phase(train/val/raw/train_eval) 3.5/0.4/0.0/0.0s | 4.0s
2026-08-29 21:11:44 | Epoch 040/060 | loss 1.9937 | cls 1.5350 | tal -0.2702 | dual_g 0.5397 | dual_d 0.9467 | train_acc 0.9728 | train_full 0.9697 | val_acc 0.9730 | val_f1 0.9776 | adv/moduleC 1.00/1.00 | disc_steps 2 | grad(main/disc) 5.898/1.330 | lr(main/disc) 5.50e-05/2.40e-05 | cuda_peak(alloc/resv) 21.77/28.18GB | phase(train/val/raw/train_eval) 3.5/0.4/0.4/0.7s | 5.1s
2026-08-29 21:11:48 | Epoch 041/060 | loss 2.0185 | cls 1.5509 | tal -0.2467 | dual_g 0.5416 | dual_d 0.9505 | train_acc 0.9783 | train_full n/a | val_acc 1.0000 | val_f1 1.0000 | adv/moduleC 1.00/1.00 | disc_steps 2 | grad(main/disc) 6.099/1.364 | lr(main/disc) 2.75e-05/1.20e-05 | cuda_peak(alloc/resv) 21.77/28.18GB | phase(train/val/raw/train_eval) 3.4/0.4/0.0/0.0s | 3.8s
2026-08-29 21:11:52 | Epoch 042/060 | loss 1.9928 | cls 1.5297 | tal -0.2325 | dual_g 0.5329 | dual_d 0.9188 | train_acc 0.9783 | train_full n/a | val_acc 0.9730 | val_f1 0.9802 | adv/moduleC 1.00/1.00 | disc_steps 2 | grad(main/disc) 5.669/1.291 | lr(main/disc) 2.75e-05/1.20e-05 | cuda_peak(alloc/resv) 21.77/28.18GB | phase(train/val/raw/train_eval) 3.1/0.4/0.0/0.0s | 3.5s
2026-08-29 21:11:56 | Epoch 043/060 | loss 1.9611 | cls 1.5045 | tal -0.2105 | dual_g 0.5198 | dual_d 0.9445 | train_acc 0.9946 | train_full n/a | val_acc 0.9730 | val_f1 0.9802 | adv/moduleC 1.00/1.00 | disc_steps 2 | grad(main/disc) 4.581/1.318 | lr(main/disc) 2.75e-05/1.20e-05 | cuda_peak(alloc/resv) 21.77/28.18GB | phase(train/val/raw/train_eval) 3.6/0.4/0.0/0.0s | 4.0s
2026-08-29 21:11:59 | Epoch 044/060 | loss 1.9950 | cls 1.5201 | tal -0.1912 | dual_g 0.5323 | dual_d 0.9591 | train_acc 0.9755 | train_full n/a | val_acc 0.9730 | val_f1 0.9776 | adv/moduleC 1.00/1.00 | disc_steps 2 | grad(main/disc) 5.681/1.318 | lr(main/disc) 2.75e-05/1.20e-05 | cuda_peak(alloc/resv) 21.77/28.18GB | phase(train/val/raw/train_eval) 3.1/0.4/0.0/0.0s | 3.6s
2026-08-29 21:12:04 | Epoch 045/060 | loss 1.9953 | cls 1.5344 | tal -0.2170 | dual_g 0.5259 | dual_d 0.9886 | train_acc 0.9620 | train_full 1.0000 | val_acc 1.0000 | val_f1 1.0000 | adv/moduleC 1.00/1.00 | disc_steps 2 | grad(main/disc) 5.519/1.348 | lr(main/disc) 2.75e-05/1.20e-05 | cuda_peak(alloc/resv) 21.77/28.18GB | phase(train/val/raw/train_eval) 3.3/0.4/0.4/0.7s | 4.9s
2026-08-29 21:12:08 | Epoch 046/060 | loss 1.9955 | cls 1.5209 | tal -0.1733 | dual_g 0.5266 | dual_d 0.9710 | train_acc 0.9755 | train_full n/a | val_acc 1.0000 | val_f1 1.0000 | adv/moduleC 1.00/1.00 | disc_steps 2 | grad(main/disc) 5.180/1.343 | lr(main/disc) 2.75e-05/1.20e-05 | cuda_peak(alloc/resv) 21.77/28.18GB | phase(train/val/raw/train_eval) 3.3/0.4/0.0/0.0s | 3.8s
2026-08-29 21:12:12 | Epoch 047/060 | loss 2.0096 | cls 1.5458 | tal -0.1854 | dual_g 0.5194 | dual_d 0.9720 | train_acc 0.9701 | train_full n/a | val_acc 1.0000 | val_f1 1.0000 | adv/moduleC 1.00/1.00 | disc_steps 2 | grad(main/disc) 5.574/1.349 | lr(main/disc) 2.75e-05/1.20e-05 | cuda_peak(alloc/resv) 21.77/28.18GB | phase(train/val/raw/train_eval) 3.3/0.5/0.0/0.0s | 3.8s
2026-08-29 21:12:16 | Epoch 048/060 | loss 1.9512 | cls 1.4896 | tal -0.1938 | dual_g 0.5198 | dual_d 0.9721 | train_acc 0.9918 | train_full n/a | val_acc 1.0000 | val_f1 1.0000 | adv/moduleC 1.00/1.00 | disc_steps 2 | grad(main/disc) 4.917/1.325 | lr(main/disc) 2.75e-05/1.20e-05 | cuda_peak(alloc/resv) 21.77/28.18GB | phase(train/val/raw/train_eval) 3.7/0.4/0.0/0.0s | 4.2s
2026-08-29 21:12:20 | Epoch 049/060 | loss 1.9114 | cls 1.4795 | tal -0.2715 | dual_g 0.5133 | dual_d 0.9938 | train_acc 0.9946 | train_full n/a | val_acc 1.0000 | val_f1 1.0000 | adv/moduleC 1.00/1.00 | disc_steps 2 | grad(main/disc) 4.237/1.376 | lr(main/disc) 2.75e-05/1.20e-05 | cuda_peak(alloc/resv) 21.77/28.18GB | phase(train/val/raw/train_eval) 3.1/0.4/0.0/0.0s | 3.6s
2026-08-29 21:12:25 | Epoch 050/060 | loss 1.9341 | cls 1.4894 | tal -0.2364 | dual_g 0.5156 | dual_d 0.9956 | train_acc 0.9891 | train_full 1.0000 | val_acc 1.0000 | val_f1 1.0000 | adv/moduleC 1.00/1.00 | disc_steps 2 | grad(main/disc) 5.334/1.351 | lr(main/disc) 2.75e-05/1.20e-05 | cuda_peak(alloc/resv) 21.77/28.18GB | phase(train/val/raw/train_eval) 3.4/0.4/0.4/0.7s | 5.0s
2026-08-29 21:12:25 | Early stopping at epoch 50 after 18 epochs without val_f1_macro_present improvement.
2026-08-29 21:12:25 | Training complete. Peak validation accuracy: 1.0000 | selected val_f1_macro_present: 1.0000
2026-08-29 21:12:25 | Starting Dual_D standalone training
2026-08-29 21:12:25 | Run directory: runs/module_c_ablation_60_v8/module_c_20260829_205331/module_c_full_逆光_20260829_205332
2026-08-29 21:12:25 | Device: cuda
2026-08-29 21:12:25 | Source train samples: 992
2026-08-29 21:12:25 | Target train samples: 132
2026-08-29 21:12:25 | Target val samples: 37
2026-08-29 21:12:25 | Classes: 14
2026-08-29 21:12:25 | Data audit: same_dir=False | path_overlap(vis/ir/ais)=0/0/0 | content_overlap(vis/ir/ais)=0/0/0 | ais_index_overlap=0 | stem_mismatch(vis-ir/vis-ais)=157/0
2026-08-29 21:12:25 | source_train classes: present 14/14 | absent 0 | counts [0:120, 1:44, 2:69, 3:45, 4:40, 5:30, 6:64, 7:80, 8:116, 9:68, 10:57, 11:83, 12:48, 13:128]
2026-08-29 21:12:25 | target_train classes: present 9/14 | absent 5 | counts [0:20, 2:12, 4:12, 5:2, 9:16, 10:16, 11:29, 12:4, 13:21]
2026-08-29 21:12:25 | target_val classes: present 9/14 | absent 5 | counts [0:6, 2:3, 4:4, 5:1, 9:4, 10:4, 11:8, 12:1, 13:6]
2026-08-29 21:12:25 | Paired training classes: 9/14 | class ids [0, 2, 4, 5, 9, 10, 11, 12, 13]
2026-08-29 21:12:25 | Runtime profile: batch=92 | paired_steps=4 | workers=16 | train_eval_every=5 | raw_eval_every=5 | stability_window=3 | lr_scheduler_start=28 | early_stop=18 after min_epoch=45
2026-08-29 21:12:25 | VIS/IR pairing: class-level-unpaired | count-mismatch classes train/val: 10/1 | AIS alignment: none | AIS rows train/val: 0/0
2026-08-29 21:12:26 | Effective Dual-D loss weights: {"adv_auxiliary": 0.025, "adv_primary": 0.025, "classification": 0.2, "contrastive": 0.04, "cycle": 0.12, "identity": 0.045, "prototype_contrastive": 0.06}
2026-08-29 21:12:26 | Model parameters: total=17277714 | trainable=17120210
Starting run 5/9: domain=逆光, iteration=2, seed=46
2026-08-29 21:12:31 | Epoch 001/060 | loss 5.8524 | cls 5.9163 | tal -0.2129 | dual_g 0.0000 | dual_d 0.0000 | train_acc 0.0516 | train_full 0.1212 | val_acc 0.2162 | val_f1 0.1115 | adv/moduleC 0.00/0.00 | disc_steps 0 | grad(main/disc) 16.786/0.000 | lr(main/disc) 5.50e-05/2.40e-05 | cuda_peak(alloc/resv) 21.77/28.18GB | phase(train/val/raw/train_eval) 3.9/0.4/0.4/0.7s | 5.4s
2026-08-29 21:12:34 | Epoch 002/060 | loss 5.1042 | cls 5.0945 | tal 0.0324 | dual_g 0.0000 | dual_d 0.0000 | train_acc 0.1712 | train_full n/a | val_acc 0.1622 | val_f1 0.0971 | adv/moduleC 0.00/0.00 | disc_steps 0 | grad(main/disc) 14.129/0.000 | lr(main/disc) 5.50e-05/2.40e-05 | cuda_peak(alloc/resv) 21.77/28.18GB | phase(train/val/raw/train_eval) 3.0/0.4/0.0/0.0s | 3.4s
2026-08-29 21:12:39 | Epoch 003/060 | loss 4.7459 | cls 4.7299 | tal 0.0535 | dual_g 0.0000 | dual_d 0.0000 | train_acc 0.1984 | train_full n/a | val_acc 0.2162 | val_f1 0.1117 | adv/moduleC 0.00/0.00 | disc_steps 0 | grad(main/disc) 13.045/0.000 | lr(main/disc) 5.50e-05/2.40e-05 | cuda_peak(alloc/resv) 21.77/28.18GB | phase(train/val/raw/train_eval) 3.4/0.4/0.4/0.0s | 4.2s
2026-08-29 21:12:41 | New best val_f1_macro_present: raw=0.1117 stable_score=0.0971 at epoch 3
2026-08-29 21:12:45 | Epoch 004/060 | loss 4.1326 | cls 4.1105 | tal 0.0736 | dual_g 0.0000 | dual_d 0.0000 | train_acc 0.3533 | train_full n/a | val_acc 0.3514 | val_f1 0.2868 | adv/moduleC 0.00/0.00 | disc_steps 0 | grad(main/disc) 11.382/0.000 | lr(main/disc) 5.50e-05/2.40e-05 | cuda_peak(alloc/resv) 21.77/28.18GB | phase(train/val/raw/train_eval) 3.2/0.4/0.0/0.0s | 3.6s
2026-08-29 21:12:49 | Epoch 005/060 | loss 4.0910 | cls 4.0551 | tal 0.1197 | dual_g 0.0000 | dual_d 0.0000 | train_acc 0.3315 | train_full 0.3939 | val_acc 0.4865 | val_f1 0.6227 | adv/moduleC 0.00/0.00 | disc_steps 0 | grad(main/disc) 11.256/0.000 | lr(main/disc) 5.50e-05/2.40e-05 | cuda_peak(alloc/resv) 21.77/28.18GB | phase(train/val/raw/train_eval) 3.0/0.4/0.4/0.7s | 4.6s
2026-08-29 21:12:52 | New best val_f1_macro_present: raw=0.6227 stable_score=0.1117 at epoch 5
2026-08-29 21:12:56 | Epoch 006/060 | loss 3.9288 | cls 3.7889 | tal 0.1048 | dual_g 0.1085 | dual_d 0.0000 | train_acc 0.4185 | train_full n/a | val_acc 0.6757 | val_f1 0.7192 | adv/moduleC 0.00/0.10 | disc_steps 0 | grad(main/disc) 10.846/0.000 | lr(main/disc) 5.50e-05/2.40e-05 | cuda_peak(alloc/resv) 21.77/28.18GB | phase(train/val/raw/train_eval) 3.1/0.4/0.4/0.0s | 4.0s
2026-08-29 21:12:59 | New best val_f1_macro_present: raw=0.7192 stable_score=0.2868 at epoch 6
2026-08-29 21:13:03 | Epoch 007/060 | loss 3.7903 | cls 3.5480 | tal 0.1171 | dual_g 0.2071 | dual_d 0.0000 | train_acc 0.4728 | train_full n/a | val_acc 0.7568 | val_f1 0.8188 | adv/moduleC 0.00/0.20 | disc_steps 0 | grad(main/disc) 10.206/0.000 | lr(main/disc) 5.50e-05/2.40e-05 | cuda_peak(alloc/resv) 21.77/28.18GB | phase(train/val/raw/train_eval) 3.2/0.4/0.4/0.0s | 4.1s
2026-08-29 21:13:06 | New best val_f1_macro_present: raw=0.8188 stable_score=0.6227 at epoch 7
2026-08-29 21:13:10 | Epoch 008/060 | loss 3.6673 | cls 3.3228 | tal 0.1315 | dual_g 0.3050 | dual_d 0.8461 | train_acc 0.5299 | train_full n/a | val_acc 0.8649 | val_f1 0.8877 | adv/moduleC 0.07/0.30 | disc_steps 2 | grad(main/disc) 9.968/1.742 | lr(main/disc) 5.50e-05/2.40e-05 | cuda_peak(alloc/resv) 21.77/28.18GB | phase(train/val/raw/train_eval) 3.4/0.4/0.4/0.0s | 4.3s
2026-08-29 21:13:13 | New best val_f1_macro_present: raw=0.8877 stable_score=0.7192 at epoch 8
2026-08-29 21:13:17 | Epoch 009/060 | loss 3.5360 | cls 3.1145 | tal 0.0902 | dual_g 0.3944 | dual_d 0.8226 | train_acc 0.5625 | train_full n/a | val_acc 0.8919 | val_f1 0.9084 | adv/moduleC 0.13/0.40 | disc_steps 2 | grad(main/disc) 9.543/1.646 | lr(main/disc) 5.50e-05/2.40e-05 | cuda_peak(alloc/resv) 21.77/28.18GB | phase(train/val/raw/train_eval) 3.2/0.4/0.5/0.0s | 4.1s
2026-08-29 21:13:19 | New best val_f1_macro_present: raw=0.9084 stable_score=0.8188 at epoch 9
2026-08-29 21:13:24 | Epoch 010/060 | loss 3.5068 | cls 2.9904 | tal 0.1284 | dual_g 0.4779 | dual_d 0.8471 | train_acc 0.5924 | train_full 0.9015 | val_acc 0.9459 | val_f1 0.9616 | adv/moduleC 0.20/0.50 | disc_steps 2 | grad(main/disc) 9.676/1.663 | lr(main/disc) 5.50e-05/2.40e-05 | cuda_peak(alloc/resv) 21.77/28.18GB | phase(train/val/raw/train_eval) 3.3/0.4/0.4/0.7s | 4.9s
2026-08-29 21:13:27 | New best val_f1_macro_present: raw=0.9616 stable_score=0.8877 at epoch 10
2026-08-29 21:13:31 | Epoch 011/060 | loss 3.4454 | cls 2.8658 | tal 0.0853 | dual_g 0.5540 | dual_d 0.8294 | train_acc 0.6413 | train_full n/a | val_acc 0.9459 | val_f1 0.9556 | adv/moduleC 0.27/0.60 | disc_steps 2 | grad(main/disc) 10.019/1.632 | lr(main/disc) 5.50e-05/2.40e-05 | cuda_peak(alloc/resv) 21.77/28.18GB | phase(train/val/raw/train_eval) 3.2/0.4/0.4/0.0s | 4.1s
2026-08-29 21:13:34 | New best val_f1_macro_present: raw=0.9556 stable_score=0.9084 at epoch 11
2026-08-29 21:13:38 | Epoch 012/060 | loss 3.4102 | cls 2.7730 | tal 0.0698 | dual_g 0.6163 | dual_d 0.8176 | train_acc 0.6576 | train_full n/a | val_acc 0.9189 | val_f1 0.9396 | adv/moduleC 0.33/0.70 | disc_steps 2 | grad(main/disc) 9.272/1.578 | lr(main/disc) 5.50e-05/2.40e-05 | cuda_peak(alloc/resv) 21.77/28.18GB | phase(train/val/raw/train_eval) 3.5/0.4/0.4/0.0s | 4.4s
2026-08-29 21:13:41 | New best val_f1_macro_present: raw=0.9396 stable_score=0.9396 at epoch 12
2026-08-29 21:13:45 | Epoch 013/060 | loss 3.2814 | cls 2.5927 | tal 0.0565 | dual_g 0.6717 | dual_d 0.8432 | train_acc 0.6766 | train_full n/a | val_acc 0.9189 | val_f1 0.9396 | adv/moduleC 0.40/0.80 | disc_steps 2 | grad(main/disc) 9.269/1.575 | lr(main/disc) 5.50e-05/2.40e-05 | cuda_peak(alloc/resv) 21.77/28.18GB | phase(train/val/raw/train_eval) 3.1/0.4/0.0/0.0s | 3.5s
2026-08-29 21:13:48 | Epoch 014/060 | loss 3.2537 | cls 2.5235 | tal -0.0216 | dual_g 0.7367 | dual_d 0.8276 | train_acc 0.7364 | train_full n/a | val_acc 0.9189 | val_f1 0.9087 | adv/moduleC 0.47/0.90 | disc_steps 2 | grad(main/disc) 8.968/1.626 | lr(main/disc) 5.50e-05/2.40e-05 | cuda_peak(alloc/resv) 21.77/28.18GB | phase(train/val/raw/train_eval) 3.6/0.4/0.0/0.0s | 4.0s
2026-08-29 21:13:53 | Epoch 015/060 | loss 3.2007 | cls 2.4079 | tal 0.0075 | dual_g 0.7906 | dual_d 0.8599 | train_acc 0.7554 | train_full 0.9394 | val_acc 0.9189 | val_f1 0.9303 | adv/moduleC 0.53/1.00 | disc_steps 2 | grad(main/disc) 9.484/1.627 | lr(main/disc) 5.50e-05/2.40e-05 | cuda_peak(alloc/resv) 21.77/28.18GB | phase(train/val/raw/train_eval) 3.4/0.4/0.4/0.7s | 4.9s
2026-08-29 21:13:57 | Epoch 016/060 | loss 3.1370 | cls 2.3750 | tal 0.0015 | dual_g 0.7615 | dual_d 0.8392 | train_acc 0.7636 | train_full n/a | val_acc 0.9189 | val_f1 0.9261 | adv/moduleC 0.60/1.00 | disc_steps 2 | grad(main/disc) 9.221/1.578 | lr(main/disc) 5.50e-05/2.40e-05 | cuda_peak(alloc/resv) 21.77/28.18GB | phase(train/val/raw/train_eval) 3.3/0.4/0.0/0.0s | 3.7s
2026-08-29 21:14:01 | Epoch 017/060 | loss 3.0328 | cls 2.2717 | tal 0.0021 | dual_g 0.7604 | dual_d 0.8212 | train_acc 0.7690 | train_full n/a | val_acc 0.9730 | val_f1 0.9802 | adv/moduleC 0.67/1.00 | disc_steps 2 | grad(main/disc) 10.019/1.530 | lr(main/disc) 5.50e-05/2.40e-05 | cuda_peak(alloc/resv) 21.77/28.18GB | phase(train/val/raw/train_eval) 3.2/0.4/0.0/0.0s | 3.6s
2026-08-29 21:14:04 | Epoch 018/060 | loss 2.9432 | cls 2.1981 | tal 0.0503 | dual_g 0.7300 | dual_d 0.8165 | train_acc 0.7935 | train_full n/a | val_acc 0.9730 | val_f1 0.9683 | adv/moduleC 0.73/1.00 | disc_steps 2 | grad(main/disc) 9.227/1.467 | lr(main/disc) 5.50e-05/2.40e-05 | cuda_peak(alloc/resv) 21.77/28.18GB | phase(train/val/raw/train_eval) 3.1/0.4/0.0/0.0s | 3.5s
2026-08-29 21:14:08 | Epoch 019/060 | loss 2.9081 | cls 2.1600 | tal 0.0314 | dual_g 0.7387 | dual_d 0.8595 | train_acc 0.8016 | train_full n/a | val_acc 1.0000 | val_f1 1.0000 | adv/moduleC 0.80/1.00 | disc_steps 2 | grad(main/disc) 9.291/1.580 | lr(main/disc) 5.50e-05/2.40e-05 | cuda_peak(alloc/resv) 21.77/28.18GB | phase(train/val/raw/train_eval) 3.3/0.4/0.4/0.0s | 4.2s
2026-08-29 21:14:11 | New best val_f1_macro_present: raw=1.0000 stable_score=0.9683 at epoch 19
2026-08-29 21:14:16 | Epoch 020/060 | loss 2.8745 | cls 2.1084 | tal 0.0490 | dual_g 0.7514 | dual_d 0.7680 | train_acc 0.8451 | train_full 0.9394 | val_acc 1.0000 | val_f1 1.0000 | adv/moduleC 0.87/1.00 | disc_steps 2 | grad(main/disc) 9.364/1.413 | lr(main/disc) 5.50e-05/2.40e-05 | cuda_peak(alloc/resv) 21.77/28.18GB | phase(train/val/raw/train_eval) 3.6/0.4/0.5/0.7s | 5.2s
2026-08-29 21:14:20 | Epoch 021/060 | loss 2.8161 | cls 2.0698 | tal 0.0656 | dual_g 0.7266 | dual_d 0.7975 | train_acc 0.8505 | train_full n/a | val_acc 0.9459 | val_f1 0.9523 | adv/moduleC 0.93/1.00 | disc_steps 2 | grad(main/disc) 9.778/1.468 | lr(main/disc) 5.50e-05/2.40e-05 | cuda_peak(alloc/resv) 21.77/28.18GB | phase(train/val/raw/train_eval) 3.3/0.5/0.0/0.0s | 3.7s
2026-08-29 21:14:24 | Epoch 022/060 | loss 2.7251 | cls 2.0276 | tal 0.0128 | dual_g 0.6938 | dual_d 0.7868 | train_acc 0.8451 | train_full n/a | val_acc 0.9459 | val_f1 0.9616 | adv/moduleC 1.00/1.00 | disc_steps 2 | grad(main/disc) 7.807/1.408 | lr(main/disc) 5.50e-05/2.40e-05 | cuda_peak(alloc/resv) 21.77/28.18GB | phase(train/val/raw/train_eval) 3.3/0.4/0.0/0.0s | 3.8s
2026-08-29 21:14:28 | Epoch 023/060 | loss 2.6902 | cls 1.9959 | tal 0.0164 | dual_g 0.6894 | dual_d 0.8699 | train_acc 0.8560 | train_full n/a | val_acc 0.9730 | val_f1 0.9802 | adv/moduleC 1.00/1.00 | disc_steps 2 | grad(main/disc) 9.838/1.489 | lr(main/disc) 5.50e-05/2.40e-05 | cuda_peak(alloc/resv) 21.77/28.18GB | phase(train/val/raw/train_eval) 3.5/0.4/0.0/0.0s | 4.0s
2026-08-29 21:14:31 | Epoch 024/060 | loss 2.6041 | cls 1.9168 | tal 0.0455 | dual_g 0.6736 | dual_d 0.7835 | train_acc 0.8777 | train_full n/a | val_acc 0.9730 | val_f1 0.9802 | adv/moduleC 1.00/1.00 | disc_steps 2 | grad(main/disc) 8.692/1.363 | lr(main/disc) 5.50e-05/2.40e-05 | cuda_peak(alloc/resv) 21.77/28.18GB | phase(train/val/raw/train_eval) 3.1/0.4/0.0/0.0s | 3.5s
2026-08-29 21:14:36 | Epoch 025/060 | loss 2.5363 | cls 1.8547 | tal 0.0296 | dual_g 0.6727 | dual_d 0.8449 | train_acc 0.8967 | train_full 0.9848 | val_acc 0.9730 | val_f1 0.9802 | adv/moduleC 1.00/1.00 | disc_steps 2 | grad(main/disc) 7.550/1.422 | lr(main/disc) 5.50e-05/2.40e-05 | cuda_peak(alloc/resv) 21.77/28.18GB | phase(train/val/raw/train_eval) 3.4/0.4/0.4/0.7s | 4.9s
2026-08-29 21:14:39 | New best val_f1_macro_present: raw=0.9802 stable_score=0.9802 at epoch 25
2026-08-29 21:14:43 | Epoch 026/060 | loss 2.5626 | cls 1.8932 | tal 0.0631 | dual_g 0.6505 | dual_d 0.8366 | train_acc 0.9103 | train_full n/a | val_acc 0.9459 | val_f1 0.9578 | adv/moduleC 1.00/1.00 | disc_steps 2 | grad(main/disc) 8.372/1.390 | lr(main/disc) 5.50e-05/2.40e-05 | cuda_peak(alloc/resv) 21.77/28.18GB | phase(train/val/raw/train_eval) 3.4/0.4/0.0/0.0s | 3.9s
2026-08-29 21:14:46 | Epoch 027/060 | loss 2.3964 | cls 1.7623 | tal 0.0147 | dual_g 0.6296 | dual_d 0.8417 | train_acc 0.9212 | train_full n/a | val_acc 0.9730 | val_f1 0.9802 | adv/moduleC 1.00/1.00 | disc_steps 2 | grad(main/disc) 7.112/1.365 | lr(main/disc) 5.50e-05/2.40e-05 | cuda_peak(alloc/resv) 21.77/28.18GB | phase(train/val/raw/train_eval) 3.1/0.4/0.0/0.0s | 3.5s
2026-08-29 21:14:50 | Epoch 028/060 | loss 2.3938 | cls 1.7630 | tal 0.0205 | dual_g 0.6247 | dual_d 0.8549 | train_acc 0.9266 | train_full n/a | val_acc 0.9730 | val_f1 0.9802 | adv/moduleC 1.00/1.00 | disc_steps 2 | grad(main/disc) 8.216/1.329 | lr(main/disc) 5.50e-05/2.40e-05 | cuda_peak(alloc/resv) 21.77/28.18GB | phase(train/val/raw/train_eval) 3.4/0.4/0.0/0.0s | 3.8s
2026-08-29 21:14:54 | Epoch 029/060 | loss 2.3360 | cls 1.7219 | tal 0.0005 | dual_g 0.6139 | dual_d 0.8514 | train_acc 0.9321 | train_full n/a | val_acc 0.9730 | val_f1 0.9802 | adv/moduleC 1.00/1.00 | disc_steps 2 | grad(main/disc) 7.595/1.334 | lr(main/disc) 5.50e-05/2.40e-05 | cuda_peak(alloc/resv) 21.77/28.18GB | phase(train/val/raw/train_eval) 3.3/0.4/0.0/0.0s | 3.7s
2026-08-29 21:14:59 | Epoch 030/060 | loss 2.3145 | cls 1.7037 | tal -0.0054 | dual_g 0.6124 | dual_d 0.8588 | train_acc 0.9592 | train_full 1.0000 | val_acc 1.0000 | val_f1 1.0000 | adv/moduleC 1.00/1.00 | disc_steps 2 | grad(main/disc) 7.844/1.350 | lr(main/disc) 5.50e-05/2.40e-05 | cuda_peak(alloc/resv) 21.77/28.18GB | phase(train/val/raw/train_eval) 3.3/0.4/0.4/0.7s | 4.9s
2026-08-29 21:15:03 | Epoch 031/060 | loss 2.2892 | cls 1.6915 | tal -0.0166 | dual_g 0.6027 | dual_d 0.8797 | train_acc 0.9321 | train_full n/a | val_acc 0.9730 | val_f1 0.9802 | adv/moduleC 1.00/1.00 | disc_steps 2 | grad(main/disc) 7.691/1.392 | lr(main/disc) 5.50e-05/2.40e-05 | cuda_peak(alloc/resv) 21.77/28.18GB | phase(train/val/raw/train_eval) 3.6/0.4/0.0/0.0s | 4.1s
2026-08-29 21:15:07 | Epoch 032/060 | loss 2.2813 | cls 1.6836 | tal 0.0192 | dual_g 0.5920 | dual_d 0.8770 | train_acc 0.9266 | train_full n/a | val_acc 0.9730 | val_f1 0.9802 | adv/moduleC 1.00/1.00 | disc_steps 2 | grad(main/disc) 7.511/1.291 | lr(main/disc) 5.50e-05/2.40e-05 | cuda_peak(alloc/resv) 21.77/28.18GB | phase(train/val/raw/train_eval) 3.2/0.4/0.0/0.0s | 3.7s
2026-08-29 21:15:11 | Epoch 033/060 | loss 2.1979 | cls 1.6214 | tal 0.0023 | dual_g 0.5759 | dual_d 0.8680 | train_acc 0.9457 | train_full n/a | val_acc 0.9730 | val_f1 0.9802 | adv/moduleC 1.00/1.00 | disc_steps 2 | grad(main/disc) 6.179/1.337 | lr(main/disc) 5.50e-05/2.40e-05 | cuda_peak(alloc/resv) 21.77/28.18GB | phase(train/val/raw/train_eval) 3.7/0.4/0.0/0.0s | 4.2s
2026-08-29 21:15:15 | Epoch 034/060 | loss 2.1888 | cls 1.6096 | tal 0.0207 | dual_g 0.5729 | dual_d 0.9148 | train_acc 0.9592 | train_full n/a | val_acc 0.9730 | val_f1 0.9802 | adv/moduleC 1.00/1.00 | disc_steps 2 | grad(main/disc) 6.376/1.364 | lr(main/disc) 5.50e-05/2.40e-05 | cuda_peak(alloc/resv) 21.77/28.18GB | phase(train/val/raw/train_eval) 3.6/0.4/0.0/0.0s | 4.1s
2026-08-29 21:15:20 | Epoch 035/060 | loss 2.1577 | cls 1.5991 | tal -0.0227 | dual_g 0.5654 | dual_d 0.8885 | train_acc 0.9402 | train_full 1.0000 | val_acc 0.9730 | val_f1 0.9802 | adv/moduleC 1.00/1.00 | disc_steps 2 | grad(main/disc) 6.034/1.315 | lr(main/disc) 5.50e-05/2.40e-05 | cuda_peak(alloc/resv) 21.77/28.18GB | phase(train/val/raw/train_eval) 3.4/0.4/0.5/0.7s | 5.0s
2026-08-29 21:15:24 | Epoch 036/060 | loss 2.1496 | cls 1.5761 | tal 0.0584 | dual_g 0.5560 | dual_d 0.9076 | train_acc 0.9701 | train_full n/a | val_acc 0.9730 | val_f1 0.9802 | adv/moduleC 1.00/1.00 | disc_steps 2 | grad(main/disc) 6.025/1.343 | lr(main/disc) 5.50e-05/2.40e-05 | cuda_peak(alloc/resv) 21.77/28.18GB | phase(train/val/raw/train_eval) 3.8/0.4/0.0/0.0s | 4.3s
2026-08-29 21:15:28 | Epoch 037/060 | loss 2.1462 | cls 1.5746 | tal 0.0383 | dual_g 0.5601 | dual_d 0.8948 | train_acc 0.9647 | train_full n/a | val_acc 0.9730 | val_f1 0.9802 | adv/moduleC 1.00/1.00 | disc_steps 2 | grad(main/disc) 6.408/1.304 | lr(main/disc) 5.50e-05/2.40e-05 | cuda_peak(alloc/resv) 21.77/28.18GB | phase(train/val/raw/train_eval) 3.2/0.4/0.0/0.0s | 3.7s
2026-08-29 21:15:31 | Epoch 038/060 | loss 2.1735 | cls 1.6079 | tal 0.0297 | dual_g 0.5567 | dual_d 0.9044 | train_acc 0.9375 | train_full n/a | val_acc 0.9730 | val_f1 0.9802 | adv/moduleC 1.00/1.00 | disc_steps 2 | grad(main/disc) 7.417/1.301 | lr(main/disc) 5.50e-05/2.40e-05 | cuda_peak(alloc/resv) 21.77/28.18GB | phase(train/val/raw/train_eval) 3.1/0.4/0.0/0.0s | 3.5s
2026-08-29 21:15:35 | Epoch 039/060 | loss 2.1373 | cls 1.5770 | tal 0.0089 | dual_g 0.5576 | dual_d 0.8880 | train_acc 0.9755 | train_full n/a | val_acc 0.9730 | val_f1 0.9802 | adv/moduleC 1.00/1.00 | disc_steps 2 | grad(main/disc) 6.846/1.271 | lr(main/disc) 5.50e-05/2.40e-05 | cuda_peak(alloc/resv) 21.77/28.18GB | phase(train/val/raw/train_eval) 3.3/0.4/0.0/0.0s | 3.7s
2026-08-29 21:15:40 | Epoch 040/060 | loss 2.0998 | cls 1.5717 | tal -0.0389 | dual_g 0.5397 | dual_d 0.9264 | train_acc 0.9755 | train_full 1.0000 | val_acc 0.9730 | val_f1 0.9802 | adv/moduleC 1.00/1.00 | disc_steps 2 | grad(main/disc) 6.626/1.307 | lr(main/disc) 5.50e-05/2.40e-05 | cuda_peak(alloc/resv) 21.77/28.18GB | phase(train/val/raw/train_eval) 3.2/0.4/0.4/0.7s | 4.7s
2026-08-29 21:15:44 | Epoch 041/060 | loss 2.0793 | cls 1.5396 | tal -0.0104 | dual_g 0.5428 | dual_d 0.9617 | train_acc 0.9755 | train_full n/a | val_acc 0.9730 | val_f1 0.9802 | adv/moduleC 1.00/1.00 | disc_steps 2 | grad(main/disc) 5.556/1.353 | lr(main/disc) 2.75e-05/1.20e-05 | cuda_peak(alloc/resv) 21.77/28.18GB | phase(train/val/raw/train_eval) 3.4/0.4/0.0/0.0s | 3.9s
2026-08-29 21:15:47 | Epoch 042/060 | loss 2.0479 | cls 1.5190 | tal -0.0177 | dual_g 0.5342 | dual_d 0.9212 | train_acc 0.9810 | train_full n/a | val_acc 0.9730 | val_f1 0.9802 | adv/moduleC 1.00/1.00 | disc_steps 2 | grad(main/disc) 6.715/1.291 | lr(main/disc) 2.75e-05/1.20e-05 | cuda_peak(alloc/resv) 21.77/28.18GB | phase(train/val/raw/train_eval) 3.2/0.4/0.0/0.0s | 3.6s
2026-08-29 21:15:51 | Epoch 043/060 | loss 2.0204 | cls 1.5063 | tal -0.0332 | dual_g 0.5240 | dual_d 0.9424 | train_acc 0.9755 | train_full n/a | val_acc 0.9730 | val_f1 0.9802 | adv/moduleC 1.00/1.00 | disc_steps 2 | grad(main/disc) 4.614/1.287 | lr(main/disc) 2.75e-05/1.20e-05 | cuda_peak(alloc/resv) 21.77/28.18GB | phase(train/val/raw/train_eval) 3.3/0.4/0.0/0.0s | 3.8s
2026-08-29 21:15:55 | Epoch 044/060 | loss 2.0198 | cls 1.5037 | tal -0.0119 | dual_g 0.5196 | dual_d 0.9216 | train_acc 0.9891 | train_full n/a | val_acc 0.9730 | val_f1 0.9802 | adv/moduleC 1.00/1.00 | disc_steps 2 | grad(main/disc) 4.837/1.275 | lr(main/disc) 2.75e-05/1.20e-05 | cuda_peak(alloc/resv) 21.77/28.18GB | phase(train/val/raw/train_eval) 3.5/0.4/0.0/0.0s | 4.0s
2026-08-29 21:16:00 | Epoch 045/060 | loss 2.0486 | cls 1.5213 | tal 0.0003 | dual_g 0.5272 | dual_d 0.9262 | train_acc 0.9701 | train_full 1.0000 | val_acc 0.9730 | val_f1 0.9802 | adv/moduleC 1.00/1.00 | disc_steps 2 | grad(main/disc) 5.191/1.294 | lr(main/disc) 2.75e-05/1.20e-05 | cuda_peak(alloc/resv) 21.77/28.18GB | phase(train/val/raw/train_eval) 3.4/0.4/0.5/0.7s | 5.0s
2026-08-29 21:16:00 | Early stopping at epoch 45 after 20 epochs without val_f1_macro_present improvement.
2026-08-29 21:16:00 | Training complete. Peak validation accuracy: 1.0000 | selected val_f1_macro_present: 0.9802
2026-08-29 21:16:00 | Starting Dual_D standalone training
2026-08-29 21:16:00 | Run directory: runs/module_c_ablation_60_v8/module_c_20260829_205331/module_c_full_逆光_20260829_205332
2026-08-29 21:16:00 | Device: cuda
2026-08-29 21:16:00 | Source train samples: 992
2026-08-29 21:16:00 | Target train samples: 132
2026-08-29 21:16:00 | Target val samples: 37
2026-08-29 21:16:00 | Classes: 14
2026-08-29 21:16:00 | Data audit: same_dir=False | path_overlap(vis/ir/ais)=0/0/0 | content_overlap(vis/ir/ais)=0/0/0 | ais_index_overlap=0 | stem_mismatch(vis-ir/vis-ais)=157/0
2026-08-29 21:16:00 | source_train classes: present 14/14 | absent 0 | counts [0:120, 1:44, 2:69, 3:45, 4:40, 5:30, 6:64, 7:80, 8:116, 9:68, 10:57, 11:83, 12:48, 13:128]
2026-08-29 21:16:00 | target_train classes: present 9/14 | absent 5 | counts [0:20, 2:12, 4:12, 5:2, 9:16, 10:16, 11:29, 12:4, 13:21]
2026-08-29 21:16:00 | target_val classes: present 9/14 | absent 5 | counts [0:6, 2:3, 4:4, 5:1, 9:4, 10:4, 11:8, 12:1, 13:6]
2026-08-29 21:16:00 | Paired training classes: 9/14 | class ids [0, 2, 4, 5, 9, 10, 11, 12, 13]
2026-08-29 21:16:00 | Runtime profile: batch=92 | paired_steps=4 | workers=16 | train_eval_every=5 | raw_eval_every=5 | stability_window=3 | lr_scheduler_start=28 | early_stop=18 after min_epoch=45
2026-08-29 21:16:00 | VIS/IR pairing: class-level-unpaired | count-mismatch classes train/val: 10/1 | AIS alignment: none | AIS rows train/val: 0/0
2026-08-29 21:16:01 | Effective Dual-D loss weights: {"adv_auxiliary": 0.025, "adv_primary": 0.025, "classification": 0.2, "contrastive": 0.04, "cycle": 0.12, "identity": 0.045, "prototype_contrastive": 0.06}
2026-08-29 21:16:01 | Model parameters: total=17277714 | trainable=17120210
Starting run 6/9: domain=逆光, iteration=3, seed=47
2026-08-29 21:16:06 | Epoch 001/060 | loss 6.0087 | cls 5.9965 | tal 0.0405 | dual_g 0.0000 | dual_d 0.0000 | train_acc 0.0870 | train_full 0.1288 | val_acc 0.2162 | val_f1 0.0718 | adv/moduleC 0.00/0.00 | disc_steps 0 | grad(main/disc) 16.112/0.000 | lr(main/disc) 5.50e-05/2.40e-05 | cuda_peak(alloc/resv) 21.77/28.18GB | phase(train/val/raw/train_eval) 3.6/0.4/0.4/0.7s | 5.2s
2026-08-29 21:16:10 | Epoch 002/060 | loss 5.2289 | cls 5.2179 | tal 0.0365 | dual_g 0.0000 | dual_d 0.0000 | train_acc 0.1495 | train_full n/a | val_acc 0.2432 | val_f1 0.0792 | adv/moduleC 0.00/0.00 | disc_steps 0 | grad(main/disc) 13.614/0.000 | lr(main/disc) 5.50e-05/2.40e-05 | cuda_peak(alloc/resv) 21.77/28.18GB | phase(train/val/raw/train_eval) 3.4/0.4/0.0/0.0s | 3.9s
2026-08-29 21:16:14 | Epoch 003/060 | loss 4.6395 | cls 4.6202 | tal 0.0646 | dual_g 0.0000 | dual_d 0.0000 | train_acc 0.2391 | train_full n/a | val_acc 0.1892 | val_f1 0.0611 | adv/moduleC 0.00/0.00 | disc_steps 0 | grad(main/disc) 12.112/0.000 | lr(main/disc) 5.50e-05/2.40e-05 | cuda_peak(alloc/resv) 21.77/28.18GB | phase(train/val/raw/train_eval) 3.4/0.4/0.4/0.0s | 4.3s
2026-08-29 21:16:17 | New best val_f1_macro_present: raw=0.0611 stable_score=0.0611 at epoch 3
2026-08-29 21:16:21 | Epoch 004/060 | loss 4.2484 | cls 4.2282 | tal 0.0672 | dual_g 0.0000 | dual_d 0.0000 | train_acc 0.2962 | train_full n/a | val_acc 0.2973 | val_f1 0.2564 | adv/moduleC 0.00/0.00 | disc_steps 0 | grad(main/disc) 11.127/0.000 | lr(main/disc) 5.50e-05/2.40e-05 | cuda_peak(alloc/resv) 21.77/28.18GB | phase(train/val/raw/train_eval) 3.5/0.4/0.0/0.0s | 4.0s
2026-08-29 21:16:26 | Epoch 005/060 | loss 4.0350 | cls 4.0109 | tal 0.0804 | dual_g 0.0000 | dual_d 0.0000 | train_acc 0.3560 | train_full 0.4621 | val_acc 0.3784 | val_f1 0.4016 | adv/moduleC 0.00/0.00 | disc_steps 0 | grad(main/disc) 10.484/0.000 | lr(main/disc) 5.50e-05/2.40e-05 | cuda_peak(alloc/resv) 21.77/28.18GB | phase(train/val/raw/train_eval) 3.4/0.4/0.4/0.7s | 5.0s
2026-08-29 21:16:30 | Epoch 006/060 | loss 3.7116 | cls 3.5833 | tal 0.0768 | dual_g 0.1052 | dual_d 0.0000 | train_acc 0.4375 | train_full n/a | val_acc 0.5946 | val_f1 0.6029 | adv/moduleC 0.00/0.10 | disc_steps 0 | grad(main/disc) 9.971/0.000 | lr(main/disc) 5.50e-05/2.40e-05 | cuda_peak(alloc/resv) 21.77/28.18GB | phase(train/val/raw/train_eval) 3.4/0.4/0.4/0.0s | 4.3s
2026-08-29 21:16:33 | New best val_f1_macro_present: raw=0.6029 stable_score=0.2564 at epoch 6
2026-08-29 21:16:37 | Epoch 007/060 | loss 3.5933 | cls 3.3653 | tal 0.0769 | dual_g 0.2049 | dual_d 0.0000 | train_acc 0.5054 | train_full n/a | val_acc 0.7297 | val_f1 0.7894 | adv/moduleC 0.00/0.20 | disc_steps 0 | grad(main/disc) 9.228/0.000 | lr(main/disc) 5.50e-05/2.40e-05 | cuda_peak(alloc/resv) 21.77/28.18GB | phase(train/val/raw/train_eval) 3.4/0.4/0.4/0.0s | 4.3s
2026-08-29 21:16:40 | New best val_f1_macro_present: raw=0.7894 stable_score=0.4016 at epoch 7
2026-08-29 21:16:44 | Epoch 008/060 | loss 3.7606 | cls 3.4162 | tal 0.1213 | dual_g 0.3080 | dual_d 0.8258 | train_acc 0.4728 | train_full n/a | val_acc 0.8378 | val_f1 0.8766 | adv/moduleC 0.07/0.30 | disc_steps 2 | grad(main/disc) 9.795/1.603 | lr(main/disc) 5.50e-05/2.40e-05 | cuda_peak(alloc/resv) 21.77/28.18GB | phase(train/val/raw/train_eval) 3.3/0.4/0.5/0.0s | 4.2s
2026-08-29 21:16:47 | New best val_f1_macro_present: raw=0.8766 stable_score=0.6029 at epoch 8
2026-08-29 21:16:51 | Epoch 009/060 | loss 3.6021 | cls 3.1770 | tal 0.0911 | dual_g 0.3977 | dual_d 0.8244 | train_acc 0.5842 | train_full n/a | val_acc 0.8919 | val_f1 0.9173 | adv/moduleC 0.13/0.40 | disc_steps 2 | grad(main/disc) 9.235/1.596 | lr(main/disc) 5.50e-05/2.40e-05 | cuda_peak(alloc/resv) 21.77/28.18GB | phase(train/val/raw/train_eval) 3.6/0.4/0.4/0.0s | 4.5s
2026-08-29 21:16:54 | New best val_f1_macro_present: raw=0.9173 stable_score=0.7894 at epoch 9
2026-08-29 21:16:59 | Epoch 010/060 | loss 3.4957 | cls 3.0042 | tal 0.0669 | dual_g 0.4714 | dual_d 0.8567 | train_acc 0.6005 | train_full 0.9242 | val_acc 0.8919 | val_f1 0.9173 | adv/moduleC 0.20/0.50 | disc_steps 2 | grad(main/disc) 9.256/1.601 | lr(main/disc) 5.50e-05/2.40e-05 | cuda_peak(alloc/resv) 21.77/28.18GB | phase(train/val/raw/train_eval) 3.4/0.4/0.4/0.7s | 5.0s
2026-08-29 21:17:02 | New best val_f1_macro_present: raw=0.9173 stable_score=0.8766 at epoch 10
2026-08-29 21:17:06 | Epoch 011/060 | loss 3.4964 | cls 2.9314 | tal 0.0667 | dual_g 0.5449 | dual_d 0.8017 | train_acc 0.6060 | train_full n/a | val_acc 0.9189 | val_f1 0.9371 | adv/moduleC 0.27/0.60 | disc_steps 2 | grad(main/disc) 9.198/1.559 | lr(main/disc) 5.50e-05/2.40e-05 | cuda_peak(alloc/resv) 21.77/28.18GB | phase(train/val/raw/train_eval) 3.3/0.4/0.5/0.0s | 4.2s
2026-08-29 21:17:09 | New best val_f1_macro_present: raw=0.9371 stable_score=0.9173 at epoch 11
2026-08-29 21:17:12 | Epoch 012/060 | loss 3.3211 | cls 2.6955 | tal 0.0813 | dual_g 0.6012 | dual_d 0.8186 | train_acc 0.6549 | train_full n/a | val_acc 0.8919 | val_f1 0.9058 | adv/moduleC 0.33/0.70 | disc_steps 2 | grad(main/disc) 8.903/1.565 | lr(main/disc) 5.50e-05/2.40e-05 | cuda_peak(alloc/resv) 21.77/28.18GB | phase(train/val/raw/train_eval) 3.2/0.4/0.0/0.0s | 3.6s
2026-08-29 21:17:16 | Epoch 013/060 | loss 3.1796 | cls 2.5218 | tal 0.0561 | dual_g 0.6409 | dual_d 0.8188 | train_acc 0.7391 | train_full n/a | val_acc 0.8919 | val_f1 0.9058 | adv/moduleC 0.40/0.80 | disc_steps 2 | grad(main/disc) 9.205/1.527 | lr(main/disc) 5.50e-05/2.40e-05 | cuda_peak(alloc/resv) 21.77/28.18GB | phase(train/val/raw/train_eval) 3.2/0.4/0.0/0.0s | 3.7s
2026-08-29 21:17:20 | Epoch 014/060 | loss 3.2380 | cls 2.4853 | tal 0.0788 | dual_g 0.7291 | dual_d 0.7954 | train_acc 0.7255 | train_full n/a | val_acc 0.8919 | val_f1 0.9058 | adv/moduleC 0.47/0.90 | disc_steps 2 | grad(main/disc) 9.009/1.485 | lr(main/disc) 5.50e-05/2.40e-05 | cuda_peak(alloc/resv) 21.77/28.18GB | phase(train/val/raw/train_eval) 3.5/0.4/0.0/0.0s | 3.9s
2026-08-29 21:17:25 | Epoch 015/060 | loss 3.1548 | cls 2.3630 | tal 0.0576 | dual_g 0.7746 | dual_d 0.8040 | train_acc 0.7364 | train_full 0.9545 | val_acc 0.9189 | val_f1 0.9358 | adv/moduleC 0.53/1.00 | disc_steps 2 | grad(main/disc) 8.516/1.450 | lr(main/disc) 5.50e-05/2.40e-05 | cuda_peak(alloc/resv) 21.77/28.18GB | phase(train/val/raw/train_eval) 3.2/0.4/0.5/0.7s | 4.8s
2026-08-29 21:17:29 | Epoch 016/060 | loss 3.1207 | cls 2.3395 | tal 0.0452 | dual_g 0.7677 | dual_d 0.7785 | train_acc 0.7663 | train_full n/a | val_acc 0.8919 | val_f1 0.9079 | adv/moduleC 0.60/1.00 | disc_steps 2 | grad(main/disc) 9.542/1.422 | lr(main/disc) 5.50e-05/2.40e-05 | cuda_peak(alloc/resv) 21.77/28.18GB | phase(train/val/raw/train_eval) 3.4/0.4/0.0/0.0s | 3.9s
2026-08-29 21:17:32 | Epoch 017/060 | loss 2.9266 | cls 2.2050 | tal -0.0096 | dual_g 0.7244 | dual_d 0.7881 | train_acc 0.8071 | train_full n/a | val_acc 0.9189 | val_f1 0.9396 | adv/moduleC 0.67/1.00 | disc_steps 2 | grad(main/disc) 8.595/1.413 | lr(main/disc) 5.50e-05/2.40e-05 | cuda_peak(alloc/resv) 21.77/28.18GB | phase(train/val/raw/train_eval) 3.4/0.4/0.0/0.0s | 3.9s
2026-08-29 21:17:36 | Epoch 018/060 | loss 2.8576 | cls 2.1495 | tal -0.0228 | dual_g 0.7149 | dual_d 0.8007 | train_acc 0.8207 | train_full n/a | val_acc 0.8919 | val_f1 0.9164 | adv/moduleC 0.73/1.00 | disc_steps 2 | grad(main/disc) 10.252/1.424 | lr(main/disc) 5.50e-05/2.40e-05 | cuda_peak(alloc/resv) 21.77/28.18GB | phase(train/val/raw/train_eval) 3.4/0.4/0.0/0.0s | 3.8s
2026-08-29 21:17:40 | Epoch 019/060 | loss 2.8213 | cls 2.1256 | tal -0.0192 | dual_g 0.7015 | dual_d 0.8575 | train_acc 0.8207 | train_full n/a | val_acc 0.9189 | val_f1 0.9358 | adv/moduleC 0.80/1.00 | disc_steps 2 | grad(main/disc) 11.340/1.452 | lr(main/disc) 5.50e-05/2.40e-05 | cuda_peak(alloc/resv) 21.77/28.18GB | phase(train/val/raw/train_eval) 3.4/0.4/0.0/0.0s | 3.9s
2026-08-29 21:17:45 | Epoch 020/060 | loss 2.6391 | cls 1.9684 | tal 0.0075 | dual_g 0.6684 | dual_d 0.8127 | train_acc 0.8614 | train_full 0.9621 | val_acc 0.9189 | val_f1 0.9396 | adv/moduleC 0.87/1.00 | disc_steps 2 | grad(main/disc) 8.118/1.370 | lr(main/disc) 5.50e-05/2.40e-05 | cuda_peak(alloc/resv) 21.77/28.18GB | phase(train/val/raw/train_eval) 3.6/0.4/0.4/0.7s | 5.2s
2026-08-29 21:17:49 | Epoch 021/060 | loss 2.6764 | cls 2.0010 | tal -0.0279 | dual_g 0.6838 | dual_d 0.8734 | train_acc 0.8451 | train_full n/a | val_acc 0.9459 | val_f1 0.9616 | adv/moduleC 0.93/1.00 | disc_steps 2 | grad(main/disc) 10.287/1.461 | lr(main/disc) 5.50e-05/2.40e-05 | cuda_peak(alloc/resv) 21.77/28.18GB | phase(train/val/raw/train_eval) 3.0/0.4/0.4/0.0s | 3.9s
2026-08-29 21:17:52 | New best val_f1_macro_present: raw=0.9616 stable_score=0.9358 at epoch 21
2026-08-29 21:17:56 | Epoch 022/060 | loss 2.5835 | cls 1.9420 | tal -0.0365 | dual_g 0.6524 | dual_d 0.8622 | train_acc 0.8832 | train_full n/a | val_acc 0.9459 | val_f1 0.9578 | adv/moduleC 1.00/1.00 | disc_steps 2 | grad(main/disc) 9.153/1.429 | lr(main/disc) 5.50e-05/2.40e-05 | cuda_peak(alloc/resv) 21.77/28.18GB | phase(train/val/raw/train_eval) 3.0/0.4/0.4/0.0s | 3.9s
2026-08-29 21:17:59 | New best val_f1_macro_present: raw=0.9578 stable_score=0.9396 at epoch 22
2026-08-29 21:18:03 | Epoch 023/060 | loss 2.5448 | cls 1.9027 | tal -0.0139 | dual_g 0.6462 | dual_d 0.8631 | train_acc 0.8886 | train_full n/a | val_acc 0.9459 | val_f1 0.9616 | adv/moduleC 1.00/1.00 | disc_steps 2 | grad(main/disc) 9.592/1.454 | lr(main/disc) 5.50e-05/2.40e-05 | cuda_peak(alloc/resv) 21.77/28.18GB | phase(train/val/raw/train_eval) 3.2/0.4/0.4/0.0s | 4.1s
2026-08-29 21:18:06 | New best val_f1_macro_present: raw=0.9616 stable_score=0.9578 at epoch 23
2026-08-29 21:18:09 | Epoch 024/060 | loss 2.4806 | cls 1.8530 | tal -0.0363 | dual_g 0.6385 | dual_d 0.8688 | train_acc 0.8967 | train_full n/a | val_acc 0.9459 | val_f1 0.9616 | adv/moduleC 1.00/1.00 | disc_steps 2 | grad(main/disc) 10.660/1.395 | lr(main/disc) 5.50e-05/2.40e-05 | cuda_peak(alloc/resv) 21.77/28.18GB | phase(train/val/raw/train_eval) 3.1/0.4/0.0/0.0s | 3.6s
2026-08-29 21:18:14 | Epoch 025/060 | loss 2.4289 | cls 1.8252 | tal -0.0688 | dual_g 0.6243 | dual_d 0.8868 | train_acc 0.8913 | train_full 0.9924 | val_acc 0.9730 | val_f1 0.9840 | adv/moduleC 1.00/1.00 | disc_steps 2 | grad(main/disc) 9.992/1.425 | lr(main/disc) 5.50e-05/2.40e-05 | cuda_peak(alloc/resv) 21.77/28.18GB | phase(train/val/raw/train_eval) 3.2/0.4/0.4/0.7s | 4.8s
2026-08-29 21:18:17 | New best val_f1_macro_present: raw=0.9840 stable_score=0.9616 at epoch 25
2026-08-29 21:18:21 | Epoch 026/060 | loss 2.3634 | cls 1.7685 | tal -0.0631 | dual_g 0.6137 | dual_d 0.9298 | train_acc 0.9103 | train_full n/a | val_acc 0.9459 | val_f1 0.9616 | adv/moduleC 1.00/1.00 | disc_steps 2 | grad(main/disc) 8.653/1.455 | lr(main/disc) 5.50e-05/2.40e-05 | cuda_peak(alloc/resv) 21.77/28.18GB | phase(train/val/raw/train_eval) 3.9/0.4/0.0/0.0s | 4.4s
2026-08-29 21:18:25 | Epoch 027/060 | loss 2.2923 | cls 1.7189 | tal -0.1074 | dual_g 0.6056 | dual_d 0.8682 | train_acc 0.9565 | train_full n/a | val_acc 0.9730 | val_f1 0.9840 | adv/moduleC 1.00/1.00 | disc_steps 2 | grad(main/disc) 9.794/1.375 | lr(main/disc) 5.50e-05/2.40e-05 | cuda_peak(alloc/resv) 21.77/28.18GB | phase(train/val/raw/train_eval) 3.4/0.4/0.0/0.0s | 3.8s
2026-08-29 21:18:28 | Epoch 028/060 | loss 2.3114 | cls 1.7324 | tal -0.0594 | dual_g 0.5969 | dual_d 0.9151 | train_acc 0.9348 | train_full n/a | val_acc 0.9730 | val_f1 0.9802 | adv/moduleC 1.00/1.00 | disc_steps 2 | grad(main/disc) 9.081/1.402 | lr(main/disc) 5.50e-05/2.40e-05 | cuda_peak(alloc/resv) 21.77/28.18GB | phase(train/val/raw/train_eval) 3.1/0.4/0.0/0.0s | 3.5s
2026-08-29 21:18:33 | Epoch 029/060 | loss 2.2404 | cls 1.6824 | tal -0.0945 | dual_g 0.5863 | dual_d 0.9488 | train_acc 0.9348 | train_full n/a | val_acc 0.9459 | val_f1 0.9578 | adv/moduleC 1.00/1.00 | disc_steps 2 | grad(main/disc) 8.706/1.433 | lr(main/disc) 5.50e-05/2.40e-05 | cuda_peak(alloc/resv) 21.77/28.18GB | phase(train/val/raw/train_eval) 3.8/0.4/0.0/0.0s | 4.3s
2026-08-29 21:18:38 | Epoch 030/060 | loss 2.2175 | cls 1.6685 | tal -0.0849 | dual_g 0.5744 | dual_d 0.9320 | train_acc 0.9674 | train_full 1.0000 | val_acc 1.0000 | val_f1 1.0000 | adv/moduleC 1.00/1.00 | disc_steps 2 | grad(main/disc) 8.103/1.394 | lr(main/disc) 5.50e-05/2.40e-05 | cuda_peak(alloc/resv) 21.77/28.18GB | phase(train/val/raw/train_eval) 3.3/0.4/0.4/0.7s | 4.9s
2026-08-29 21:18:41 | Epoch 031/060 | loss 2.2245 | cls 1.6800 | tal -0.0556 | dual_g 0.5611 | dual_d 0.9356 | train_acc 0.9538 | train_full n/a | val_acc 0.9459 | val_f1 0.9616 | adv/moduleC 1.00/1.00 | disc_steps 2 | grad(main/disc) 8.149/1.418 | lr(main/disc) 5.50e-05/2.40e-05 | cuda_peak(alloc/resv) 21.77/28.18GB | phase(train/val/raw/train_eval) 3.2/0.4/0.0/0.0s | 3.7s
2026-08-29 21:18:45 | Epoch 032/060 | loss 2.2153 | cls 1.6805 | tal -0.1158 | dual_g 0.5696 | dual_d 0.9442 | train_acc 0.9484 | train_full n/a | val_acc 0.9459 | val_f1 0.9578 | adv/moduleC 1.00/1.00 | disc_steps 2 | grad(main/disc) 9.810/1.343 | lr(main/disc) 5.50e-05/2.40e-05 | cuda_peak(alloc/resv) 21.77/28.18GB | phase(train/val/raw/train_eval) 3.2/0.4/0.0/0.0s | 3.7s
2026-08-29 21:18:49 | Epoch 033/060 | loss 2.1662 | cls 1.6365 | tal -0.1230 | dual_g 0.5666 | dual_d 0.9384 | train_acc 0.9348 | train_full n/a | val_acc 0.9730 | val_f1 0.9802 | adv/moduleC 1.00/1.00 | disc_steps 2 | grad(main/disc) 7.811/1.378 | lr(main/disc) 5.50e-05/2.40e-05 | cuda_peak(alloc/resv) 21.77/28.18GB | phase(train/val/raw/train_eval) 3.4/0.4/0.0/0.0s | 3.8s
2026-08-29 21:18:52 | Epoch 034/060 | loss 2.1418 | cls 1.6048 | tal -0.0299 | dual_g 0.5460 | dual_d 0.9237 | train_acc 0.9701 | train_full n/a | val_acc 1.0000 | val_f1 1.0000 | adv/moduleC 1.00/1.00 | disc_steps 2 | grad(main/disc) 7.908/1.339 | lr(main/disc) 5.50e-05/2.40e-05 | cuda_peak(alloc/resv) 21.77/28.18GB | phase(train/val/raw/train_eval) 2.9/0.4/0.0/0.0s | 3.4s
2026-08-29 21:18:57 | Epoch 035/060 | loss 2.1990 | cls 1.6594 | tal -0.0430 | dual_g 0.5525 | dual_d 0.9335 | train_acc 0.9620 | train_full 1.0000 | val_acc 1.0000 | val_f1 1.0000 | adv/moduleC 1.00/1.00 | disc_steps 2 | grad(main/disc) 10.237/1.384 | lr(main/disc) 5.50e-05/2.40e-05 | cuda_peak(alloc/resv) 21.77/28.18GB | phase(train/val/raw/train_eval) 3.3/0.4/0.5/0.7s | 4.9s
2026-08-29 21:19:00 | New best val_f1_macro_present: raw=1.0000 stable_score=0.9802 at epoch 35
2026-08-29 21:19:04 | Epoch 036/060 | loss 2.0892 | cls 1.5572 | tal -0.0348 | dual_g 0.5424 | dual_d 0.9544 | train_acc 0.9674 | train_full n/a | val_acc 0.9730 | val_f1 0.9840 | adv/moduleC 1.00/1.00 | disc_steps 2 | grad(main/disc) 7.077/1.331 | lr(main/disc) 5.50e-05/2.40e-05 | cuda_peak(alloc/resv) 21.77/28.18GB | phase(train/val/raw/train_eval) 3.2/0.4/0.4/0.0s | 4.1s
2026-08-29 21:19:07 | New best val_f1_macro_present: raw=0.9840 stable_score=0.9840 at epoch 36
2026-08-29 21:19:10 | Epoch 037/060 | loss 2.0802 | cls 1.5657 | tal -0.0531 | dual_g 0.5304 | dual_d 0.9458 | train_acc 0.9864 | train_full n/a | val_acc 0.9730 | val_f1 0.9776 | adv/moduleC 1.00/1.00 | disc_steps 2 | grad(main/disc) 7.904/1.359 | lr(main/disc) 5.50e-05/2.40e-05 | cuda_peak(alloc/resv) 21.77/28.18GB | phase(train/val/raw/train_eval) 3.2/0.4/0.0/0.0s | 3.6s
2026-08-29 21:19:14 | Epoch 038/060 | loss 2.1369 | cls 1.6159 | tal -0.0587 | dual_g 0.5386 | dual_d 0.9516 | train_acc 0.9674 | train_full n/a | val_acc 0.9459 | val_f1 0.9616 | adv/moduleC 1.00/1.00 | disc_steps 2 | grad(main/disc) 7.879/1.358 | lr(main/disc) 5.50e-05/2.40e-05 | cuda_peak(alloc/resv) 21.77/28.18GB | phase(train/val/raw/train_eval) 3.1/0.4/0.0/0.0s | 3.6s
2026-08-29 21:19:18 | Epoch 039/060 | loss 2.0841 | cls 1.5788 | tal -0.1051 | dual_g 0.5369 | dual_d 0.9345 | train_acc 0.9783 | train_full n/a | val_acc 1.0000 | val_f1 1.0000 | adv/moduleC 1.00/1.00 | disc_steps 2 | grad(main/disc) 7.127/1.310 | lr(main/disc) 5.50e-05/2.40e-05 | cuda_peak(alloc/resv) 21.77/28.18GB | phase(train/val/raw/train_eval) 3.4/0.4/0.0/0.0s | 3.9s
2026-08-29 21:19:23 | Epoch 040/060 | loss 2.0024 | cls 1.5173 | tal -0.1095 | dual_g 0.5180 | dual_d 0.9617 | train_acc 0.9783 | train_full 1.0000 | val_acc 1.0000 | val_f1 1.0000 | adv/moduleC 1.00/1.00 | disc_steps 2 | grad(main/disc) 5.960/1.314 | lr(main/disc) 5.50e-05/2.40e-05 | cuda_peak(alloc/resv) 21.77/28.18GB | phase(train/val/raw/train_eval) 3.4/0.4/0.4/0.7s | 4.9s
2026-08-29 21:19:27 | Epoch 041/060 | loss 2.0676 | cls 1.5655 | tal -0.0628 | dual_g 0.5209 | dual_d 0.9292 | train_acc 0.9755 | train_full n/a | val_acc 1.0000 | val_f1 1.0000 | adv/moduleC 1.00/1.00 | disc_steps 2 | grad(main/disc) 8.357/1.290 | lr(main/disc) 2.75e-05/1.20e-05 | cuda_peak(alloc/resv) 21.77/28.18GB | phase(train/val/raw/train_eval) 3.6/0.4/0.4/0.0s | 4.5s
2026-08-29 21:19:30 | New best val_f1_macro_present: raw=1.0000 stable_score=1.0000 at epoch 41
2026-08-29 21:19:34 | Epoch 042/060 | loss 2.0084 | cls 1.5170 | tal -0.0864 | dual_g 0.5173 | dual_d 0.9407 | train_acc 0.9783 | train_full n/a | val_acc 1.0000 | val_f1 1.0000 | adv/moduleC 1.00/1.00 | disc_steps 2 | grad(main/disc) 6.543/1.321 | lr(main/disc) 2.75e-05/1.20e-05 | cuda_peak(alloc/resv) 21.77/28.18GB | phase(train/val/raw/train_eval) 3.6/0.4/0.0/0.0s | 4.1s
2026-08-29 21:19:38 | Epoch 043/060 | loss 2.0066 | cls 1.5219 | tal -0.0881 | dual_g 0.5111 | dual_d 0.9547 | train_acc 0.9755 | train_full n/a | val_acc 0.9730 | val_f1 0.9840 | adv/moduleC 1.00/1.00 | disc_steps 2 | grad(main/disc) 6.305/1.361 | lr(main/disc) 2.75e-05/1.20e-05 | cuda_peak(alloc/resv) 21.77/28.18GB | phase(train/val/raw/train_eval) 3.6/0.4/0.0/0.0s | 4.0s
2026-08-29 21:19:42 | Epoch 044/060 | loss 1.9957 | cls 1.5298 | tal -0.1497 | dual_g 0.5108 | dual_d 0.9046 | train_acc 0.9810 | train_full n/a | val_acc 1.0000 | val_f1 1.0000 | adv/moduleC 1.00/1.00 | disc_steps 2 | grad(main/disc) 6.066/1.250 | lr(main/disc) 2.75e-05/1.20e-05 | cuda_peak(alloc/resv) 21.77/28.18GB | phase(train/val/raw/train_eval) 3.4/0.4/0.0/0.0s | 3.9s
2026-08-29 21:19:47 | Epoch 045/060 | loss 2.0187 | cls 1.5427 | tal -0.1217 | dual_g 0.5125 | dual_d 0.9385 | train_acc 0.9783 | train_full 1.0000 | val_acc 1.0000 | val_f1 1.0000 | adv/moduleC 1.00/1.00 | disc_steps 2 | grad(main/disc) 7.312/1.315 | lr(main/disc) 2.75e-05/1.20e-05 | cuda_peak(alloc/resv) 21.77/28.18GB | phase(train/val/raw/train_eval) 3.4/0.4/0.5/0.7s | 5.0s
2026-08-29 21:19:51 | Epoch 046/060 | loss 2.0157 | cls 1.5330 | tal -0.0988 | dual_g 0.5123 | dual_d 0.8980 | train_acc 0.9783 | train_full n/a | val_acc 1.0000 | val_f1 1.0000 | adv/moduleC 1.00/1.00 | disc_steps 2 | grad(main/disc) 6.417/1.220 | lr(main/disc) 2.75e-05/1.20e-05 | cuda_peak(alloc/resv) 21.77/28.18GB | phase(train/val/raw/train_eval) 3.8/0.4/0.0/0.0s | 4.2s
2026-08-29 21:19:55 | Epoch 047/060 | loss 1.9987 | cls 1.5295 | tal -0.1372 | dual_g 0.5104 | dual_d 0.9655 | train_acc 0.9810 | train_full n/a | val_acc 1.0000 | val_f1 1.0000 | adv/moduleC 1.00/1.00 | disc_steps 2 | grad(main/disc) 6.969/1.358 | lr(main/disc) 2.75e-05/1.20e-05 | cuda_peak(alloc/resv) 21.77/28.18GB | phase(train/val/raw/train_eval) 3.3/0.4/0.0/0.0s | 3.7s
2026-08-29 21:19:58 | Epoch 048/060 | loss 2.0019 | cls 1.5215 | tal -0.1191 | dual_g 0.5161 | dual_d 0.9426 | train_acc 0.9891 | train_full n/a | val_acc 0.9730 | val_f1 0.9802 | adv/moduleC 1.00/1.00 | disc_steps 2 | grad(main/disc) 6.677/1.292 | lr(main/disc) 2.75e-05/1.20e-05 | cuda_peak(alloc/resv) 21.77/28.18GB | phase(train/val/raw/train_eval) 2.8/0.4/0.0/0.0s | 3.2s
2026-08-29 21:20:02 | Epoch 049/060 | loss 1.9862 | cls 1.5133 | tal -0.1168 | dual_g 0.5079 | dual_d 0.9716 | train_acc 0.9728 | train_full n/a | val_acc 0.9730 | val_f1 0.9802 | adv/moduleC 1.00/1.00 | disc_steps 2 | grad(main/disc) 5.576/1.333 | lr(main/disc) 2.75e-05/1.20e-05 | cuda_peak(alloc/resv) 21.77/28.18GB | phase(train/val/raw/train_eval) 3.2/0.4/0.0/0.0s | 3.7s
2026-08-29 21:20:07 | Epoch 050/060 | loss 1.9849 | cls 1.5225 | tal -0.1257 | dual_g 0.5001 | dual_d 1.0077 | train_acc 0.9837 | train_full 1.0000 | val_acc 1.0000 | val_f1 1.0000 | adv/moduleC 1.00/1.00 | disc_steps 2 | grad(main/disc) 9.385/1.355 | lr(main/disc) 2.75e-05/1.20e-05 | cuda_peak(alloc/resv) 21.77/28.18GB | phase(train/val/raw/train_eval) 3.5/0.4/0.5/0.7s | 5.1s
2026-08-29 21:20:10 | Epoch 051/060 | loss 1.9723 | cls 1.5088 | tal -0.1331 | dual_g 0.5034 | dual_d 1.0088 | train_acc 0.9837 | train_full n/a | val_acc 1.0000 | val_f1 1.0000 | adv/moduleC 1.00/1.00 | disc_steps 2 | grad(main/disc) 6.111/1.345 | lr(main/disc) 2.75e-05/1.20e-05 | cuda_peak(alloc/resv) 21.77/28.18GB | phase(train/val/raw/train_eval) 3.2/0.4/0.0/0.0s | 3.6s
2026-08-29 21:20:14 | Epoch 052/060 | loss 1.9830 | cls 1.5168 | tal -0.1282 | dual_g 0.5046 | dual_d 0.9894 | train_acc 0.9864 | train_full n/a | val_acc 1.0000 | val_f1 1.0000 | adv/moduleC 1.00/1.00 | disc_steps 2 | grad(main/disc) 6.920/1.357 | lr(main/disc) 1.38e-05/6.00e-06 | cuda_peak(alloc/resv) 21.77/28.18GB | phase(train/val/raw/train_eval) 3.1/0.4/0.0/0.0s | 3.5s
2026-08-29 21:20:18 | Epoch 053/060 | loss 1.9424 | cls 1.4899 | tal -0.1291 | dual_g 0.4912 | dual_d 0.9284 | train_acc 0.9837 | train_full n/a | val_acc 1.0000 | val_f1 1.0000 | adv/moduleC 1.00/1.00 | disc_steps 2 | grad(main/disc) 5.535/1.267 | lr(main/disc) 1.38e-05/6.00e-06 | cuda_peak(alloc/resv) 21.77/28.18GB | phase(train/val/raw/train_eval) 3.2/0.4/0.0/0.0s | 3.6s
2026-08-29 21:20:22 | Epoch 054/060 | loss 1.9481 | cls 1.4951 | tal -0.1393 | dual_g 0.4949 | dual_d 0.9890 | train_acc 0.9918 | train_full n/a | val_acc 1.0000 | val_f1 1.0000 | adv/moduleC 1.00/1.00 | disc_steps 2 | grad(main/disc) 5.687/1.333 | lr(main/disc) 1.38e-05/6.00e-06 | cuda_peak(alloc/resv) 21.77/28.18GB | phase(train/val/raw/train_eval) 3.7/0.4/0.0/0.0s | 4.1s
2026-08-29 21:20:27 | Epoch 055/060 | loss 1.9064 | cls 1.4671 | tal -0.1689 | dual_g 0.4900 | dual_d 0.9568 | train_acc 0.9783 | train_full 1.0000 | val_acc 1.0000 | val_f1 1.0000 | adv/moduleC 1.00/1.00 | disc_steps 2 | grad(main/disc) 4.656/1.283 | lr(main/disc) 1.38e-05/6.00e-06 | cuda_peak(alloc/resv) 21.77/28.18GB | phase(train/val/raw/train_eval) 3.5/0.4/0.4/0.7s | 5.1s
2026-08-29 21:20:30 | Epoch 056/060 | loss 1.9134 | cls 1.4665 | tal -0.1496 | dual_g 0.4918 | dual_d 0.9953 | train_acc 0.9891 | train_full n/a | val_acc 1.0000 | val_f1 1.0000 | adv/moduleC 1.00/1.00 | disc_steps 2 | grad(main/disc) 5.767/1.334 | lr(main/disc) 1.38e-05/6.00e-06 | cuda_peak(alloc/resv) 21.77/28.18GB | phase(train/val/raw/train_eval) 3.2/0.4/0.0/0.0s | 3.7s
2026-08-29 21:20:34 | Epoch 057/060 | loss 1.9323 | cls 1.4867 | tal -0.1752 | dual_g 0.4982 | dual_d 0.9380 | train_acc 0.9864 | train_full n/a | val_acc 1.0000 | val_f1 1.0000 | adv/moduleC 1.00/1.00 | disc_steps 2 | grad(main/disc) 5.649/1.252 | lr(main/disc) 1.38e-05/6.00e-06 | cuda_peak(alloc/resv) 21.77/28.18GB | phase(train/val/raw/train_eval) 3.2/0.4/0.0/0.0s | 3.7s
2026-08-29 21:20:38 | Epoch 058/060 | loss 1.9249 | cls 1.4631 | tal -0.1276 | dual_g 0.5001 | dual_d 0.9726 | train_acc 0.9946 | train_full n/a | val_acc 1.0000 | val_f1 1.0000 | adv/moduleC 1.00/1.00 | disc_steps 2 | grad(main/disc) 5.584/1.346 | lr(main/disc) 1.38e-05/6.00e-06 | cuda_peak(alloc/resv) 21.77/28.18GB | phase(train/val/raw/train_eval) 3.1/0.4/0.0/0.0s | 3.5s
2026-08-29 21:20:41 | Epoch 059/060 | loss 1.9388 | cls 1.4844 | tal -0.1169 | dual_g 0.4894 | dual_d 0.9442 | train_acc 0.9864 | train_full n/a | val_acc 1.0000 | val_f1 1.0000 | adv/moduleC 1.00/1.00 | disc_steps 2 | grad(main/disc) 4.978/1.253 | lr(main/disc) 1.38e-05/6.00e-06 | cuda_peak(alloc/resv) 21.77/28.18GB | phase(train/val/raw/train_eval) 3.0/0.4/0.0/0.0s | 3.4s
2026-08-29 21:20:41 | Early stopping at epoch 59 after 18 epochs without val_f1_macro_present improvement.
2026-08-29 21:20:41 | Training complete. Peak validation accuracy: 1.0000 | selected val_f1_macro_present: 1.0000
2026-08-29 21:20:41 | Starting Dual_D standalone training
2026-08-29 21:20:41 | Run directory: runs/module_c_ablation_60_v8/module_c_20260829_205331/module_c_full_雨天_20260829_205332
2026-08-29 21:20:41 | Device: cuda
2026-08-29 21:20:41 | Source train samples: 992
2026-08-29 21:20:41 | Target train samples: 96
2026-08-29 21:20:41 | Target val samples: 26
2026-08-29 21:20:41 | Classes: 14
2026-08-29 21:20:41 | Data audit: same_dir=False | path_overlap(vis/ir/ais)=0/0/0 | content_overlap(vis/ir/ais)=0/0/0 | ais_index_overlap=0 | stem_mismatch(vis-ir/vis-ais)=117/0
2026-08-29 21:20:41 | source_train classes: present 14/14 | absent 0 | counts [0:120, 1:44, 2:69, 3:45, 4:40, 5:30, 6:64, 7:80, 8:116, 9:68, 10:57, 11:83, 12:48, 13:128]
2026-08-29 21:20:41 | target_train classes: present 6/14 | absent 8 | counts [0:7, 2:19, 9:32, 10:12, 11:6, 13:20]
2026-08-29 21:20:41 | target_val classes: present 6/14 | absent 8 | counts [0:2, 2:5, 9:8, 10:4, 11:2, 13:5]
2026-08-29 21:20:41 | Paired training classes: 6/14 | class ids [0, 2, 9, 10, 11, 13]
2026-08-29 21:20:41 | Runtime profile: batch=92 | paired_steps=4 | workers=16 | train_eval_every=5 | raw_eval_every=5 | stability_window=3 | lr_scheduler_start=28 | early_stop=20 after min_epoch=50
2026-08-29 21:20:41 | VIS/IR pairing: class-level-unpaired | count-mismatch classes train/val: 10/0 | AIS alignment: none | AIS rows train/val: 0/0
2026-08-29 21:20:42 | Effective Dual-D loss weights: {"adv_auxiliary": 0.02, "adv_primary": 0.02, "classification": 0.6, "contrastive": 0.025, "cycle": 0.12, "identity": 0.025, "prototype_contrastive": 0.03}
2026-08-29 21:20:42 | Model parameters: total=17277714 | trainable=17120210
Starting run 7/9: domain=雨天, iteration=1, seed=48
2026-08-29 21:20:47 | Epoch 001/060 | loss 6.0781 | cls 6.0900 | tal -0.0396 | dual_g 0.0000 | dual_d 0.0000 | train_acc 0.0815 | train_full 0.0833 | val_acc 0.0385 | val_f1 0.0167 | adv/moduleC 0.00/0.00 | disc_steps 0 | grad(main/disc) 18.973/0.000 | lr(main/disc) 8.50e-05/2.75e-05 | cuda_peak(alloc/resv) 21.77/28.18GB | phase(train/val/raw/train_eval) 3.3/0.4/0.3/0.5s | 4.6s
2026-08-29 21:20:50 | Epoch 002/060 | loss 4.6308 | cls 4.6862 | tal -0.1846 | dual_g 0.0000 | dual_d 0.0000 | train_acc 0.2120 | train_full n/a | val_acc 0.1154 | val_f1 0.0733 | adv/moduleC 0.00/0.00 | disc_steps 0 | grad(main/disc) 15.025/0.000 | lr(main/disc) 8.50e-05/2.75e-05 | cuda_peak(alloc/resv) 21.77/28.18GB | phase(train/val/raw/train_eval) 2.8/0.3/0.0/0.0s | 3.1s
2026-08-29 21:20:54 | Epoch 003/060 | loss 3.7881 | cls 3.8431 | tal -0.1833 | dual_g 0.0000 | dual_d 0.0000 | train_acc 0.4022 | train_full n/a | val_acc 0.1538 | val_f1 0.1381 | adv/moduleC 0.00/0.00 | disc_steps 0 | grad(main/disc) 11.897/0.000 | lr(main/disc) 8.50e-05/2.75e-05 | cuda_peak(alloc/resv) 21.77/28.18GB | phase(train/val/raw/train_eval) 3.1/0.3/0.4/0.0s | 3.8s
2026-08-29 21:20:56 | New best val_f1_macro_present: raw=0.1381 stable_score=0.0167 at epoch 3
2026-08-29 21:21:00 | Epoch 004/060 | loss 3.2944 | cls 3.3584 | tal -0.2135 | dual_g 0.0000 | dual_d 0.0000 | train_acc 0.5136 | train_full n/a | val_acc 0.1154 | val_f1 0.1222 | adv/moduleC 0.00/0.00 | disc_steps 0 | grad(main/disc) 11.038/0.000 | lr(main/disc) 8.50e-05/2.75e-05 | cuda_peak(alloc/resv) 21.77/28.18GB | phase(train/val/raw/train_eval) 3.0/0.3/0.4/0.0s | 3.7s
2026-08-29 21:21:03 | New best val_f1_macro_present: raw=0.1222 stable_score=0.0733 at epoch 4
2026-08-29 21:21:07 | Epoch 005/060 | loss 3.1426 | cls 2.9163 | tal -0.1437 | dual_g 0.2695 | dual_d 0.0000 | train_acc 0.6196 | train_full 0.0938 | val_acc 0.1538 | val_f1 0.1185 | adv/moduleC 0.00/0.12 | disc_steps 0 | grad(main/disc) 9.847/0.000 | lr(main/disc) 8.50e-05/2.75e-05 | cuda_peak(alloc/resv) 21.77/28.18GB | phase(train/val/raw/train_eval) 3.0/0.3/0.4/0.5s | 4.2s
2026-08-29 21:21:09 | New best val_f1_macro_present: raw=0.1185 stable_score=0.1185 at epoch 5
2026-08-29 21:21:13 | Epoch 006/060 | loss 3.1657 | cls 2.7288 | tal -0.1469 | dual_g 0.4810 | dual_d 0.0000 | train_acc 0.6413 | train_full n/a | val_acc 0.2308 | val_f1 0.1581 | adv/moduleC 0.00/0.25 | disc_steps 0 | grad(main/disc) 9.861/0.000 | lr(main/disc) 8.50e-05/2.75e-05 | cuda_peak(alloc/resv) 21.77/28.18GB | phase(train/val/raw/train_eval) 2.9/0.3/0.0/0.0s | 3.2s
2026-08-29 21:21:16 | Epoch 007/060 | loss 3.0659 | cls 2.4489 | tal -0.0797 | dual_g 0.6409 | dual_d 1.0321 | train_acc 0.7255 | train_full n/a | val_acc 0.2692 | val_f1 0.1875 | adv/moduleC 0.07/0.38 | disc_steps 2 | grad(main/disc) 9.477/1.974 | lr(main/disc) 8.50e-05/2.75e-05 | cuda_peak(alloc/resv) 21.77/28.18GB | phase(train/val/raw/train_eval) 3.2/0.3/0.0/0.0s | 3.5s
2026-08-29 21:21:20 | Epoch 008/060 | loss 2.9914 | cls 2.2274 | tal -0.1349 | dual_g 0.8045 | dual_d 1.0043 | train_acc 0.8071 | train_full n/a | val_acc 0.3077 | val_f1 0.2452 | adv/moduleC 0.13/0.50 | disc_steps 2 | grad(main/disc) 9.766/2.007 | lr(main/disc) 8.50e-05/2.75e-05 | cuda_peak(alloc/resv) 21.77/28.18GB | phase(train/val/raw/train_eval) 3.0/0.3/0.3/0.0s | 3.7s
2026-08-29 21:21:22 | New best val_f1_macro_present: raw=0.2452 stable_score=0.1581 at epoch 8
2026-08-29 21:21:26 | Epoch 009/060 | loss 2.8602 | cls 1.9995 | tal -0.0944 | dual_g 0.8890 | dual_d 1.0029 | train_acc 0.8886 | train_full n/a | val_acc 0.3846 | val_f1 0.3202 | adv/moduleC 0.20/0.62 | disc_steps 2 | grad(main/disc) 8.507/1.926 | lr(main/disc) 8.50e-05/2.75e-05 | cuda_peak(alloc/resv) 21.77/28.18GB | phase(train/val/raw/train_eval) 3.0/0.3/0.3/0.0s | 3.7s
2026-08-29 21:21:29 | New best val_f1_macro_present: raw=0.3202 stable_score=0.1875 at epoch 9
2026-08-29 21:21:33 | Epoch 010/060 | loss 2.9361 | cls 1.9324 | tal -0.1157 | dual_g 1.0383 | dual_d 0.9943 | train_acc 0.8641 | train_full 0.3125 | val_acc 0.3077 | val_f1 0.2317 | adv/moduleC 0.27/0.75 | disc_steps 2 | grad(main/disc) 9.669/1.844 | lr(main/disc) 8.50e-05/2.75e-05 | cuda_peak(alloc/resv) 21.77/28.18GB | phase(train/val/raw/train_eval) 3.1/0.3/0.3/0.5s | 4.3s
2026-08-29 21:21:36 | New best val_f1_macro_present: raw=0.2317 stable_score=0.2317 at epoch 10
2026-08-29 21:21:39 | Epoch 011/060 | loss 2.8730 | cls 1.7912 | tal -0.1612 | dual_g 1.1301 | dual_d 1.0031 | train_acc 0.9293 | train_full n/a | val_acc 0.3462 | val_f1 0.2679 | adv/moduleC 0.33/0.88 | disc_steps 2 | grad(main/disc) 8.649/1.854 | lr(main/disc) 8.50e-05/2.75e-05 | cuda_peak(alloc/resv) 21.77/28.18GB | phase(train/val/raw/train_eval) 2.8/0.3/0.0/0.0s | 3.2s
2026-08-29 21:21:42 | Epoch 012/060 | loss 2.8560 | cls 1.6931 | tal -0.1559 | dual_g 1.2096 | dual_d 0.9252 | train_acc 0.9429 | train_full n/a | val_acc 0.3846 | val_f1 0.3826 | adv/moduleC 0.40/1.00 | disc_steps 2 | grad(main/disc) 10.172/1.755 | lr(main/disc) 8.50e-05/2.75e-05 | cuda_peak(alloc/resv) 21.77/28.18GB | phase(train/val/raw/train_eval) 3.3/0.3/0.0/0.0s | 3.6s
2026-08-29 21:21:46 | Epoch 013/060 | loss 2.6451 | cls 1.5575 | tal -0.1532 | dual_g 1.1335 | dual_d 0.9574 | train_acc 0.9565 | train_full n/a | val_acc 0.5000 | val_f1 0.5369 | adv/moduleC 0.47/1.00 | disc_steps 2 | grad(main/disc) 8.352/1.797 | lr(main/disc) 8.50e-05/2.75e-05 | cuda_peak(alloc/resv) 21.77/28.18GB | phase(train/val/raw/train_eval) 3.2/0.3/0.3/0.0s | 3.9s
2026-08-29 21:21:49 | New best val_f1_macro_present: raw=0.5369 stable_score=0.2679 at epoch 13
2026-08-29 21:21:52 | Epoch 014/060 | loss 2.5560 | cls 1.5101 | tal -0.1569 | dual_g 1.0930 | dual_d 1.0085 | train_acc 0.9755 | train_full n/a | val_acc 0.5385 | val_f1 0.5869 | adv/moduleC 0.53/1.00 | disc_steps 2 | grad(main/disc) 6.784/1.781 | lr(main/disc) 8.50e-05/2.75e-05 | cuda_peak(alloc/resv) 21.77/28.18GB | phase(train/val/raw/train_eval) 2.9/0.3/0.3/0.0s | 3.6s
2026-08-29 21:21:55 | New best val_f1_macro_present: raw=0.5869 stable_score=0.3826 at epoch 14
2026-08-29 21:21:59 | Epoch 015/060 | loss 2.5978 | cls 1.5358 | tal -0.1662 | dual_g 1.1118 | dual_d 0.9308 | train_acc 0.9728 | train_full 0.6250 | val_acc 0.4231 | val_f1 0.4412 | adv/moduleC 0.60/1.00 | disc_steps 2 | grad(main/disc) 10.164/1.723 | lr(main/disc) 8.50e-05/2.75e-05 | cuda_peak(alloc/resv) 21.77/28.18GB | phase(train/val/raw/train_eval) 3.0/0.3/0.4/0.5s | 4.2s
2026-08-29 21:22:02 | New best val_f1_macro_present: raw=0.4412 stable_score=0.4412 at epoch 15
2026-08-29 21:22:05 | Epoch 016/060 | loss 2.4299 | cls 1.4466 | tal -0.1906 | dual_g 1.0405 | dual_d 0.9132 | train_acc 0.9864 | train_full n/a | val_acc 0.5769 | val_f1 0.6202 | adv/moduleC 0.67/1.00 | disc_steps 2 | grad(main/disc) 7.094/1.675 | lr(main/disc) 8.50e-05/2.75e-05 | cuda_peak(alloc/resv) 21.77/28.18GB | phase(train/val/raw/train_eval) 2.9/0.3/0.0/0.0s | 3.2s
2026-08-29 21:22:09 | Epoch 017/060 | loss 2.3916 | cls 1.4159 | tal -0.2014 | dual_g 1.0361 | dual_d 0.9086 | train_acc 0.9755 | train_full n/a | val_acc 0.6538 | val_f1 0.6606 | adv/moduleC 0.73/1.00 | disc_steps 2 | grad(main/disc) 6.952/1.667 | lr(main/disc) 8.50e-05/2.75e-05 | cuda_peak(alloc/resv) 21.77/28.18GB | phase(train/val/raw/train_eval) 3.4/0.4/0.0/0.0s | 3.8s
2026-08-29 21:22:13 | Epoch 018/060 | loss 2.3610 | cls 1.3950 | tal -0.1515 | dual_g 1.0115 | dual_d 0.9594 | train_acc 0.9891 | train_full n/a | val_acc 0.7692 | val_f1 0.7888 | adv/moduleC 0.80/1.00 | disc_steps 2 | grad(main/disc) 8.854/1.658 | lr(main/disc) 8.50e-05/2.75e-05 | cuda_peak(alloc/resv) 21.77/28.18GB | phase(train/val/raw/train_eval) 3.2/0.3/0.4/0.0s | 3.9s
2026-08-29 21:22:15 | New best val_f1_macro_present: raw=0.7888 stable_score=0.6202 at epoch 18
2026-08-29 21:22:19 | Epoch 019/060 | loss 2.3202 | cls 1.3644 | tal -0.1785 | dual_g 1.0093 | dual_d 0.9743 | train_acc 0.9891 | train_full n/a | val_acc 0.8846 | val_f1 0.8852 | adv/moduleC 0.87/1.00 | disc_steps 2 | grad(main/disc) 6.717/1.710 | lr(main/disc) 8.50e-05/2.75e-05 | cuda_peak(alloc/resv) 21.77/28.18GB | phase(train/val/raw/train_eval) 3.0/0.3/0.3/0.0s | 3.7s
2026-08-29 21:22:21 | New best val_f1_macro_present: raw=0.8852 stable_score=0.6606 at epoch 19
2026-08-29 21:22:26 | Epoch 020/060 | loss 2.3147 | cls 1.3711 | tal -0.1883 | dual_g 1.0001 | dual_d 1.0208 | train_acc 0.9864 | train_full 0.8542 | val_acc 0.8462 | val_f1 0.8446 | adv/moduleC 0.93/1.00 | disc_steps 2 | grad(main/disc) 6.817/1.784 | lr(main/disc) 8.50e-05/2.75e-05 | cuda_peak(alloc/resv) 21.77/28.18GB | phase(train/val/raw/train_eval) 2.9/0.3/0.4/0.5s | 4.1s
2026-08-29 21:22:28 | New best val_f1_macro_present: raw=0.8446 stable_score=0.7888 at epoch 20
2026-08-29 21:22:32 | Epoch 021/060 | loss 2.2974 | cls 1.3623 | tal -0.2080 | dual_g 0.9975 | dual_d 1.0065 | train_acc 0.9946 | train_full n/a | val_acc 0.8462 | val_f1 0.8201 | adv/moduleC 1.00/1.00 | disc_steps 2 | grad(main/disc) 6.948/1.687 | lr(main/disc) 8.50e-05/2.75e-05 | cuda_peak(alloc/resv) 21.77/28.18GB | phase(train/val/raw/train_eval) 2.9/0.4/0.3/0.0s | 3.6s
2026-08-29 21:22:34 | New best val_f1_macro_present: raw=0.8201 stable_score=0.8201 at epoch 21
2026-08-29 21:22:38 | Epoch 022/060 | loss 2.2746 | cls 1.3510 | tal -0.2145 | dual_g 0.9879 | dual_d 1.0130 | train_acc 0.9837 | train_full n/a | val_acc 0.7692 | val_f1 0.7888 | adv/moduleC 1.00/1.00 | disc_steps 2 | grad(main/disc) 8.372/1.704 | lr(main/disc) 8.50e-05/2.75e-05 | cuda_peak(alloc/resv) 21.77/28.18GB | phase(train/val/raw/train_eval) 2.8/0.3/0.0/0.0s | 3.2s
2026-08-29 21:22:41 | Epoch 023/060 | loss 2.2299 | cls 1.3274 | tal -0.1830 | dual_g 0.9573 | dual_d 0.9853 | train_acc 1.0000 | train_full n/a | val_acc 0.8846 | val_f1 0.8852 | adv/moduleC 1.00/1.00 | disc_steps 2 | grad(main/disc) 5.320/1.618 | lr(main/disc) 8.50e-05/2.75e-05 | cuda_peak(alloc/resv) 21.77/28.18GB | phase(train/val/raw/train_eval) 3.1/0.3/0.0/0.0s | 3.5s
2026-08-29 21:22:44 | Epoch 024/060 | loss 2.2960 | cls 1.3551 | tal -0.1705 | dual_g 0.9921 | dual_d 1.0067 | train_acc 0.9810 | train_full n/a | val_acc 1.0000 | val_f1 1.0000 | adv/moduleC 1.00/1.00 | disc_steps 2 | grad(main/disc) 9.137/1.669 | lr(main/disc) 8.50e-05/2.75e-05 | cuda_peak(alloc/resv) 21.77/28.18GB | phase(train/val/raw/train_eval) 2.9/0.3/0.0/0.0s | 3.3s
2026-08-29 21:22:48 | Epoch 025/060 | loss 2.1839 | cls 1.2907 | tal -0.1761 | dual_g 0.9460 | dual_d 1.0283 | train_acc 0.9891 | train_full 0.9062 | val_acc 0.8462 | val_f1 0.8503 | adv/moduleC 1.00/1.00 | disc_steps 2 | grad(main/disc) 5.465/1.651 | lr(main/disc) 8.50e-05/2.75e-05 | cuda_peak(alloc/resv) 21.77/28.18GB | phase(train/val/raw/train_eval) 2.9/0.3/0.4/0.5s | 4.1s
2026-08-29 21:22:51 | New best val_f1_macro_present: raw=0.8503 stable_score=0.8503 at epoch 25
2026-08-29 21:22:55 | Epoch 026/060 | loss 2.1791 | cls 1.3009 | tal -0.1963 | dual_g 0.9371 | dual_d 1.0336 | train_acc 0.9973 | train_full n/a | val_acc 0.8846 | val_f1 0.8731 | adv/moduleC 1.00/1.00 | disc_steps 2 | grad(main/disc) 4.446/1.683 | lr(main/disc) 8.50e-05/2.75e-05 | cuda_peak(alloc/resv) 21.77/28.18GB | phase(train/val/raw/train_eval) 3.4/0.3/0.0/0.0s | 3.8s
2026-08-29 21:22:58 | Epoch 027/060 | loss 2.1561 | cls 1.2739 | tal -0.2040 | dual_g 0.9434 | dual_d 1.0472 | train_acc 0.9946 | train_full n/a | val_acc 0.9615 | val_f1 0.9630 | adv/moduleC 1.00/1.00 | disc_steps 2 | grad(main/disc) 4.234/1.668 | lr(main/disc) 8.50e-05/2.75e-05 | cuda_peak(alloc/resv) 21.77/28.18GB | phase(train/val/raw/train_eval) 2.9/0.3/0.0/0.0s | 3.2s
2026-08-29 21:23:01 | Epoch 028/060 | loss 2.1586 | cls 1.2911 | tal -0.2197 | dual_g 0.9334 | dual_d 1.0756 | train_acc 0.9973 | train_full n/a | val_acc 0.8462 | val_f1 0.8499 | adv/moduleC 1.00/1.00 | disc_steps 2 | grad(main/disc) 4.490/1.641 | lr(main/disc) 8.50e-05/2.75e-05 | cuda_peak(alloc/resv) 21.77/28.18GB | phase(train/val/raw/train_eval) 3.0/0.3/0.0/0.0s | 3.3s
2026-08-29 21:23:04 | Epoch 029/060 | loss 2.1512 | cls 1.2892 | tal -0.2304 | dual_g 0.9312 | dual_d 1.0951 | train_acc 0.9946 | train_full n/a | val_acc 0.8846 | val_f1 0.9018 | adv/moduleC 1.00/1.00 | disc_steps 2 | grad(main/disc) 4.123/1.663 | lr(main/disc) 8.50e-05/2.75e-05 | cuda_peak(alloc/resv) 21.77/28.18GB | phase(train/val/raw/train_eval) 2.8/0.3/0.0/0.0s | 3.1s
2026-08-29 21:23:09 | Epoch 030/060 | loss 2.1759 | cls 1.2973 | tal -0.1891 | dual_g 0.9354 | dual_d 1.0893 | train_acc 0.9918 | train_full 0.9792 | val_acc 0.9615 | val_f1 0.9630 | adv/moduleC 1.00/1.00 | disc_steps 2 | grad(main/disc) 5.716/1.647 | lr(main/disc) 8.50e-05/2.75e-05 | cuda_peak(alloc/resv) 21.77/28.18GB | phase(train/val/raw/train_eval) 3.0/0.3/0.4/0.5s | 4.3s
2026-08-29 21:23:12 | Epoch 031/060 | loss 2.1289 | cls 1.2780 | tal -0.2143 | dual_g 0.9152 | dual_d 1.1303 | train_acc 1.0000 | train_full n/a | val_acc 0.9615 | val_f1 0.9630 | adv/moduleC 1.00/1.00 | disc_steps 2 | grad(main/disc) 4.176/1.724 | lr(main/disc) 8.50e-05/2.75e-05 | cuda_peak(alloc/resv) 21.77/28.18GB | phase(train/val/raw/train_eval) 2.8/0.3/0.4/0.0s | 3.5s
2026-08-29 21:23:15 | New best val_f1_macro_present: raw=0.9630 stable_score=0.9018 at epoch 31
2026-08-29 21:23:18 | Epoch 032/060 | loss 2.1102 | cls 1.2712 | tal -0.2462 | dual_g 0.9129 | dual_d 1.0869 | train_acc 0.9973 | train_full n/a | val_acc 0.9615 | val_f1 0.9630 | adv/moduleC 1.00/1.00 | disc_steps 2 | grad(main/disc) 5.170/1.576 | lr(main/disc) 8.50e-05/2.75e-05 | cuda_peak(alloc/resv) 21.77/28.18GB | phase(train/val/raw/train_eval) 2.7/0.4/0.4/0.0s | 3.4s
2026-08-29 21:23:21 | New best val_f1_macro_present: raw=0.9630 stable_score=0.9630 at epoch 32
2026-08-29 21:23:24 | Epoch 033/060 | loss 2.1019 | cls 1.2697 | tal -0.2701 | dual_g 0.9132 | dual_d 1.0735 | train_acc 1.0000 | train_full n/a | val_acc 0.9615 | val_f1 0.9630 | adv/moduleC 1.00/1.00 | disc_steps 2 | grad(main/disc) 3.407/1.587 | lr(main/disc) 8.50e-05/2.75e-05 | cuda_peak(alloc/resv) 21.77/28.18GB | phase(train/val/raw/train_eval) 3.1/0.3/0.0/0.0s | 3.5s
2026-08-29 21:23:27 | Epoch 034/060 | loss 2.0814 | cls 1.2566 | tal -0.2505 | dual_g 0.8999 | dual_d 1.1195 | train_acc 1.0000 | train_full n/a | val_acc 0.8462 | val_f1 0.8499 | adv/moduleC 1.00/1.00 | disc_steps 2 | grad(main/disc) 3.075/1.617 | lr(main/disc) 8.50e-05/2.75e-05 | cuda_peak(alloc/resv) 21.77/28.18GB | phase(train/val/raw/train_eval) 2.6/0.3/0.0/0.0s | 2.9s
2026-08-29 21:23:32 | Epoch 035/060 | loss 2.0743 | cls 1.2555 | tal -0.2676 | dual_g 0.8990 | dual_d 1.1416 | train_acc 0.9973 | train_full 0.9688 | val_acc 0.9615 | val_f1 0.9630 | adv/moduleC 1.00/1.00 | disc_steps 2 | grad(main/disc) 3.371/1.629 | lr(main/disc) 8.50e-05/2.75e-05 | cuda_peak(alloc/resv) 21.77/28.18GB | phase(train/val/raw/train_eval) 3.1/0.3/0.4/0.5s | 4.4s
2026-08-29 21:23:35 | Epoch 036/060 | loss 2.1088 | cls 1.2712 | tal -0.2501 | dual_g 0.9126 | dual_d 1.0907 | train_acc 1.0000 | train_full n/a | val_acc 1.0000 | val_f1 1.0000 | adv/moduleC 1.00/1.00 | disc_steps 2 | grad(main/disc) 4.220/1.577 | lr(main/disc) 8.50e-05/2.75e-05 | cuda_peak(alloc/resv) 21.77/28.18GB | phase(train/val/raw/train_eval) 2.8/0.3/0.0/0.0s | 3.1s
2026-08-29 21:23:38 | Epoch 037/060 | loss 2.0521 | cls 1.2401 | tal -0.2527 | dual_g 0.8878 | dual_d 1.1355 | train_acc 1.0000 | train_full n/a | val_acc 0.9615 | val_f1 0.9630 | adv/moduleC 1.00/1.00 | disc_steps 2 | grad(main/disc) 3.641/1.626 | lr(main/disc) 8.50e-05/2.75e-05 | cuda_peak(alloc/resv) 21.77/28.18GB | phase(train/val/raw/train_eval) 3.2/0.4/0.0/0.0s | 3.6s
2026-08-29 21:23:42 | Epoch 038/060 | loss 2.0545 | cls 1.2407 | tal -0.2355 | dual_g 0.8845 | dual_d 1.1711 | train_acc 1.0000 | train_full n/a | val_acc 0.9615 | val_f1 0.9630 | adv/moduleC 1.00/1.00 | disc_steps 2 | grad(main/disc) 2.700/1.663 | lr(main/disc) 8.50e-05/2.75e-05 | cuda_peak(alloc/resv) 21.77/28.18GB | phase(train/val/raw/train_eval) 3.0/0.3/0.0/0.0s | 3.3s
2026-08-29 21:23:45 | Epoch 039/060 | loss 2.0590 | cls 1.2494 | tal -0.2599 | dual_g 0.8876 | dual_d 1.1526 | train_acc 1.0000 | train_full n/a | val_acc 1.0000 | val_f1 1.0000 | adv/moduleC 1.00/1.00 | disc_steps 2 | grad(main/disc) 2.551/1.612 | lr(main/disc) 8.50e-05/2.75e-05 | cuda_peak(alloc/resv) 21.77/28.18GB | phase(train/val/raw/train_eval) 2.9/0.3/0.0/0.0s | 3.2s
2026-08-29 21:23:49 | Epoch 040/060 | loss 2.0515 | cls 1.2524 | tal -0.2825 | dual_g 0.8839 | dual_d 1.1560 | train_acc 0.9973 | train_full 0.9896 | val_acc 1.0000 | val_f1 1.0000 | adv/moduleC 1.00/1.00 | disc_steps 2 | grad(main/disc) 3.377/1.555 | lr(main/disc) 8.50e-05/2.75e-05 | cuda_peak(alloc/resv) 21.77/28.18GB | phase(train/val/raw/train_eval) 3.0/0.3/0.4/0.5s | 4.2s
2026-08-29 21:23:53 | Epoch 041/060 | loss 2.0290 | cls 1.2262 | tal -0.2512 | dual_g 0.8782 | dual_d 1.1773 | train_acc 1.0000 | train_full n/a | val_acc 1.0000 | val_f1 1.0000 | adv/moduleC 1.00/1.00 | disc_steps 2 | grad(main/disc) 2.327/1.621 | lr(main/disc) 8.50e-05/2.75e-05 | cuda_peak(alloc/resv) 21.77/28.18GB | phase(train/val/raw/train_eval) 2.9/0.3/0.4/0.0s | 3.6s
2026-08-29 21:23:55 | New best val_f1_macro_present: raw=1.0000 stable_score=1.0000 at epoch 41
2026-08-29 21:23:59 | Epoch 042/060 | loss 2.0137 | cls 1.2317 | tal -0.3061 | dual_g 0.8739 | dual_d 1.1331 | train_acc 0.9973 | train_full n/a | val_acc 0.9615 | val_f1 0.9481 | adv/moduleC 1.00/1.00 | disc_steps 2 | grad(main/disc) 2.202/1.596 | lr(main/disc) 8.50e-05/2.75e-05 | cuda_peak(alloc/resv) 21.77/28.18GB | phase(train/val/raw/train_eval) 2.9/0.3/0.0/0.0s | 3.3s
2026-08-29 21:24:02 | Epoch 043/060 | loss 2.0300 | cls 1.2387 | tal -0.2927 | dual_g 0.8791 | dual_d 1.1724 | train_acc 1.0000 | train_full n/a | val_acc 0.9615 | val_f1 0.9630 | adv/moduleC 1.00/1.00 | disc_steps 2 | grad(main/disc) 3.077/1.615 | lr(main/disc) 8.50e-05/2.75e-05 | cuda_peak(alloc/resv) 21.77/28.18GB | phase(train/val/raw/train_eval) 2.8/0.3/0.0/0.0s | 3.2s
2026-08-29 21:24:05 | Epoch 044/060 | loss 2.0347 | cls 1.2403 | tal -0.2900 | dual_g 0.8814 | dual_d 1.1728 | train_acc 1.0000 | train_full n/a | val_acc 0.9615 | val_f1 0.9630 | adv/moduleC 1.00/1.00 | disc_steps 2 | grad(main/disc) 3.047/1.607 | lr(main/disc) 8.50e-05/2.75e-05 | cuda_peak(alloc/resv) 21.77/28.18GB | phase(train/val/raw/train_eval) 2.8/0.3/0.0/0.0s | 3.2s
2026-08-29 21:24:09 | Epoch 045/060 | loss 2.0022 | cls 1.2262 | tal -0.3346 | dual_g 0.8764 | dual_d 1.1719 | train_acc 1.0000 | train_full 1.0000 | val_acc 1.0000 | val_f1 1.0000 | adv/moduleC 1.00/1.00 | disc_steps 2 | grad(main/disc) 2.277/1.567 | lr(main/disc) 8.50e-05/2.75e-05 | cuda_peak(alloc/resv) 21.77/28.18GB | phase(train/val/raw/train_eval) 3.3/0.3/0.3/0.5s | 4.5s
2026-08-29 21:24:13 | Epoch 046/060 | loss 1.9788 | cls 1.2211 | tal -0.3544 | dual_g 0.8640 | dual_d 1.2128 | train_acc 0.9973 | train_full n/a | val_acc 1.0000 | val_f1 1.0000 | adv/moduleC 1.00/1.00 | disc_steps 2 | grad(main/disc) 2.354/1.587 | lr(main/disc) 8.50e-05/2.75e-05 | cuda_peak(alloc/resv) 21.77/28.18GB | phase(train/val/raw/train_eval) 3.2/0.3/0.0/0.0s | 3.6s
2026-08-29 21:24:17 | Epoch 047/060 | loss 1.9944 | cls 1.2296 | tal -0.3476 | dual_g 0.8691 | dual_d 1.1717 | train_acc 0.9946 | train_full n/a | val_acc 0.9615 | val_f1 0.9630 | adv/moduleC 1.00/1.00 | disc_steps 2 | grad(main/disc) 3.238/1.591 | lr(main/disc) 8.50e-05/2.75e-05 | cuda_peak(alloc/resv) 21.77/28.18GB | phase(train/val/raw/train_eval) 3.2/0.3/0.0/0.0s | 3.5s
2026-08-29 21:24:20 | Epoch 048/060 | loss 1.9765 | cls 1.2191 | tal -0.3340 | dual_g 0.8576 | dual_d 1.1656 | train_acc 1.0000 | train_full n/a | val_acc 0.9615 | val_f1 0.9630 | adv/moduleC 1.00/1.00 | disc_steps 2 | grad(main/disc) 2.081/1.594 | lr(main/disc) 8.50e-05/2.75e-05 | cuda_peak(alloc/resv) 21.77/28.18GB | phase(train/val/raw/train_eval) 3.3/0.3/0.0/0.0s | 3.7s
2026-08-29 21:24:24 | Epoch 049/060 | loss 1.9894 | cls 1.2229 | tal -0.3314 | dual_g 0.8660 | dual_d 1.1667 | train_acc 0.9973 | train_full n/a | val_acc 1.0000 | val_f1 1.0000 | adv/moduleC 1.00/1.00 | disc_steps 2 | grad(main/disc) 2.303/1.556 | lr(main/disc) 4.25e-05/1.38e-05 | cuda_peak(alloc/resv) 21.77/28.18GB | phase(train/val/raw/train_eval) 3.0/0.3/0.0/0.0s | 3.4s
2026-08-29 21:24:28 | Epoch 050/060 | loss 1.9856 | cls 1.2291 | tal -0.3542 | dual_g 0.8628 | dual_d 1.1803 | train_acc 1.0000 | train_full 0.9792 | val_acc 0.9615 | val_f1 0.9630 | adv/moduleC 1.00/1.00 | disc_steps 2 | grad(main/disc) 2.328/1.585 | lr(main/disc) 4.25e-05/1.38e-05 | cuda_peak(alloc/resv) 21.77/28.18GB | phase(train/val/raw/train_eval) 3.0/0.3/0.4/0.5s | 4.2s
2026-08-29 21:24:31 | Epoch 051/060 | loss 1.9806 | cls 1.2284 | tal -0.3621 | dual_g 0.8609 | dual_d 1.1303 | train_acc 0.9973 | train_full n/a | val_acc 0.9231 | val_f1 0.9185 | adv/moduleC 1.00/1.00 | disc_steps 2 | grad(main/disc) 2.396/1.537 | lr(main/disc) 4.25e-05/1.38e-05 | cuda_peak(alloc/resv) 21.77/28.18GB | phase(train/val/raw/train_eval) 3.2/0.3/0.0/0.0s | 3.5s
2026-08-29 21:24:35 | Epoch 052/060 | loss 1.9791 | cls 1.2248 | tal -0.3566 | dual_g 0.8613 | dual_d 1.1377 | train_acc 0.9973 | train_full n/a | val_acc 0.9231 | val_f1 0.9185 | adv/moduleC 1.00/1.00 | disc_steps 2 | grad(main/disc) 2.570/1.542 | lr(main/disc) 4.25e-05/1.38e-05 | cuda_peak(alloc/resv) 21.77/28.18GB | phase(train/val/raw/train_eval) 3.1/0.3/0.0/0.0s | 3.4s
2026-08-29 21:24:38 | Epoch 053/060 | loss 1.9596 | cls 1.2108 | tal -0.3644 | dual_g 0.8581 | dual_d 1.2033 | train_acc 1.0000 | train_full n/a | val_acc 0.9231 | val_f1 0.9185 | adv/moduleC 1.00/1.00 | disc_steps 2 | grad(main/disc) 1.922/1.537 | lr(main/disc) 4.25e-05/1.38e-05 | cuda_peak(alloc/resv) 21.77/28.18GB | phase(train/val/raw/train_eval) 3.1/0.3/0.0/0.0s | 3.4s
2026-08-29 21:24:41 | Epoch 054/060 | loss 1.9914 | cls 1.2357 | tal -0.3172 | dual_g 0.8508 | dual_d 1.1344 | train_acc 1.0000 | train_full n/a | val_acc 0.9615 | val_f1 0.9630 | adv/moduleC 1.00/1.00 | disc_steps 2 | grad(main/disc) 2.539/1.520 | lr(main/disc) 4.25e-05/1.38e-05 | cuda_peak(alloc/resv) 21.77/28.18GB | phase(train/val/raw/train_eval) 2.9/0.3/0.0/0.0s | 3.2s
2026-08-29 21:24:46 | Epoch 055/060 | loss 1.9652 | cls 1.2220 | tal -0.3626 | dual_g 0.8520 | dual_d 1.1419 | train_acc 1.0000 | train_full 1.0000 | val_acc 0.9615 | val_f1 0.9556 | adv/moduleC 1.00/1.00 | disc_steps 2 | grad(main/disc) 2.203/1.539 | lr(main/disc) 4.25e-05/1.38e-05 | cuda_peak(alloc/resv) 21.77/28.18GB | phase(train/val/raw/train_eval) 3.1/0.3/0.3/0.6s | 4.4s
2026-08-29 21:24:50 | Epoch 056/060 | loss 1.9840 | cls 1.2290 | tal -0.3322 | dual_g 0.8546 | dual_d 1.1488 | train_acc 0.9918 | train_full n/a | val_acc 0.9615 | val_f1 0.9556 | adv/moduleC 1.00/1.00 | disc_steps 2 | grad(main/disc) 2.405/1.551 | lr(main/disc) 4.25e-05/1.38e-05 | cuda_peak(alloc/resv) 21.77/28.18GB | phase(train/val/raw/train_eval) 3.6/0.3/0.0/0.0s | 3.9s
2026-08-29 21:24:53 | Epoch 057/060 | loss 1.9557 | cls 1.2157 | tal -0.3574 | dual_g 0.8472 | dual_d 1.1540 | train_acc 1.0000 | train_full n/a | val_acc 0.9615 | val_f1 0.9556 | adv/moduleC 1.00/1.00 | disc_steps 2 | grad(main/disc) 2.049/1.520 | lr(main/disc) 4.25e-05/1.38e-05 | cuda_peak(alloc/resv) 21.77/28.18GB | phase(train/val/raw/train_eval) 3.2/0.3/0.0/0.0s | 3.6s
2026-08-29 21:24:56 | Epoch 058/060 | loss 1.9558 | cls 1.2213 | tal -0.3837 | dual_g 0.8496 | dual_d 1.1801 | train_acc 1.0000 | train_full n/a | val_acc 0.9231 | val_f1 0.9185 | adv/moduleC 1.00/1.00 | disc_steps 2 | grad(main/disc) 1.890/1.546 | lr(main/disc) 4.25e-05/1.38e-05 | cuda_peak(alloc/resv) 21.77/28.18GB | phase(train/val/raw/train_eval) 2.5/0.3/0.0/0.0s | 2.8s
2026-08-29 21:24:59 | Epoch 059/060 | loss 1.9554 | cls 1.2109 | tal -0.3474 | dual_g 0.8487 | dual_d 1.2056 | train_acc 1.0000 | train_full n/a | val_acc 1.0000 | val_f1 1.0000 | adv/moduleC 1.00/1.00 | disc_steps 2 | grad(main/disc) 1.591/1.560 | lr(main/disc) 4.25e-05/1.38e-05 | cuda_peak(alloc/resv) 21.77/28.18GB | phase(train/val/raw/train_eval) 2.9/0.3/0.0/0.0s | 3.2s
2026-08-29 21:25:04 | Epoch 060/060 | loss 1.9582 | cls 1.2175 | tal -0.3648 | dual_g 0.8501 | dual_d 1.1275 | train_acc 1.0000 | train_full 0.9896 | val_acc 1.0000 | val_f1 1.0000 | adv/moduleC 1.00/1.00 | disc_steps 2 | grad(main/disc) 2.086/1.488 | lr(main/disc) 4.25e-05/1.38e-05 | cuda_peak(alloc/resv) 21.77/28.18GB | phase(train/val/raw/train_eval) 3.0/0.3/0.3/0.5s | 4.2s
2026-08-29 21:25:04 | Training complete. Peak validation accuracy: 1.0000 | selected val_f1_macro_present: 1.0000
2026-08-29 21:25:04 | Starting Dual_D standalone training
2026-08-29 21:25:04 | Run directory: runs/module_c_ablation_60_v8/module_c_20260829_205331/module_c_full_雨天_20260829_205332
2026-08-29 21:25:04 | Device: cuda
2026-08-29 21:25:04 | Source train samples: 992
2026-08-29 21:25:04 | Target train samples: 96
2026-08-29 21:25:04 | Target val samples: 26
2026-08-29 21:25:04 | Classes: 14
2026-08-29 21:25:04 | Data audit: same_dir=False | path_overlap(vis/ir/ais)=0/0/0 | content_overlap(vis/ir/ais)=0/0/0 | ais_index_overlap=0 | stem_mismatch(vis-ir/vis-ais)=117/0
2026-08-29 21:25:04 | source_train classes: present 14/14 | absent 0 | counts [0:120, 1:44, 2:69, 3:45, 4:40, 5:30, 6:64, 7:80, 8:116, 9:68, 10:57, 11:83, 12:48, 13:128]
2026-08-29 21:25:04 | target_train classes: present 6/14 | absent 8 | counts [0:7, 2:19, 9:32, 10:12, 11:6, 13:20]
2026-08-29 21:25:04 | target_val classes: present 6/14 | absent 8 | counts [0:2, 2:5, 9:8, 10:4, 11:2, 13:5]
2026-08-29 21:25:04 | Paired training classes: 6/14 | class ids [0, 2, 9, 10, 11, 13]
2026-08-29 21:25:04 | Runtime profile: batch=92 | paired_steps=4 | workers=16 | train_eval_every=5 | raw_eval_every=5 | stability_window=3 | lr_scheduler_start=28 | early_stop=20 after min_epoch=50
2026-08-29 21:25:04 | VIS/IR pairing: class-level-unpaired | count-mismatch classes train/val: 10/0 | AIS alignment: none | AIS rows train/val: 0/0
2026-08-29 21:25:05 | Effective Dual-D loss weights: {"adv_auxiliary": 0.02, "adv_primary": 0.02, "classification": 0.6, "contrastive": 0.025, "cycle": 0.12, "identity": 0.025, "prototype_contrastive": 0.03}
2026-08-29 21:25:05 | Model parameters: total=17277714 | trainable=17120210
Starting run 8/9: domain=雨天, iteration=2, seed=49
2026-08-29 21:25:09 | Epoch 001/060 | loss 5.5973 | cls 5.6846 | tal -0.2912 | dual_g 0.0000 | dual_d 0.0000 | train_acc 0.1277 | train_full 0.0938 | val_acc 0.1154 | val_f1 0.1378 | adv/moduleC 0.00/0.00 | disc_steps 0 | grad(main/disc) 16.943/0.000 | lr(main/disc) 8.50e-05/2.75e-05 | cuda_peak(alloc/resv) 21.77/28.18GB | phase(train/val/raw/train_eval) 3.6/0.3/0.4/0.5s | 4.8s
2026-08-29 21:25:13 | Epoch 002/060 | loss 4.4404 | cls 4.4849 | tal -0.1484 | dual_g 0.0000 | dual_d 0.0000 | train_acc 0.2636 | train_full n/a | val_acc 0.2308 | val_f1 0.1241 | adv/moduleC 0.00/0.00 | disc_steps 0 | grad(main/disc) 13.706/0.000 | lr(main/disc) 8.50e-05/2.75e-05 | cuda_peak(alloc/resv) 21.77/28.18GB | phase(train/val/raw/train_eval) 2.8/0.3/0.0/0.0s | 3.2s
2026-08-29 21:25:17 | Epoch 003/060 | loss 3.6500 | cls 3.6664 | tal -0.0548 | dual_g 0.0000 | dual_d 0.0000 | train_acc 0.4484 | train_full n/a | val_acc 0.1923 | val_f1 0.0595 | adv/moduleC 0.00/0.00 | disc_steps 0 | grad(main/disc) 11.662/0.000 | lr(main/disc) 8.50e-05/2.75e-05 | cuda_peak(alloc/resv) 21.77/28.18GB | phase(train/val/raw/train_eval) 3.4/0.4/0.4/0.0s | 4.2s
2026-08-29 21:25:19 | New best val_f1_macro_present: raw=0.0595 stable_score=0.0595 at epoch 3
2026-08-29 21:25:23 | Epoch 004/060 | loss 3.2656 | cls 3.3066 | tal -0.1368 | dual_g 0.0000 | dual_d 0.0000 | train_acc 0.5353 | train_full n/a | val_acc 0.1923 | val_f1 0.0538 | adv/moduleC 0.00/0.00 | disc_steps 0 | grad(main/disc) 10.678/0.000 | lr(main/disc) 8.50e-05/2.75e-05 | cuda_peak(alloc/resv) 21.77/28.18GB | phase(train/val/raw/train_eval) 2.8/0.3/0.0/0.0s | 3.1s
2026-08-29 21:25:27 | Epoch 005/060 | loss 2.9419 | cls 2.7433 | tal -0.1588 | dual_g 0.2462 | dual_d 0.0000 | train_acc 0.6495 | train_full 0.2396 | val_acc 0.1923 | val_f1 0.0556 | adv/moduleC 0.00/0.12 | disc_steps 0 | grad(main/disc) 9.149/0.000 | lr(main/disc) 8.50e-05/2.75e-05 | cuda_peak(alloc/resv) 21.77/28.18GB | phase(train/val/raw/train_eval) 3.1/0.3/0.3/0.5s | 4.3s
2026-08-29 21:25:30 | Epoch 006/060 | loss 2.9998 | cls 2.5942 | tal -0.1776 | dual_g 0.4589 | dual_d 0.0000 | train_acc 0.7310 | train_full n/a | val_acc 0.1923 | val_f1 0.0595 | adv/moduleC 0.00/0.25 | disc_steps 0 | grad(main/disc) 9.055/0.000 | lr(main/disc) 8.50e-05/2.75e-05 | cuda_peak(alloc/resv) 21.77/28.18GB | phase(train/val/raw/train_eval) 3.1/0.3/0.0/0.0s | 3.5s
2026-08-29 21:25:34 | Epoch 007/060 | loss 3.0312 | cls 2.4323 | tal -0.1054 | dual_g 0.6305 | dual_d 0.8110 | train_acc 0.7174 | train_full n/a | val_acc 0.3846 | val_f1 0.2500 | adv/moduleC 0.07/0.38 | disc_steps 2 | grad(main/disc) 9.178/1.534 | lr(main/disc) 8.50e-05/2.75e-05 | cuda_peak(alloc/resv) 21.77/28.18GB | phase(train/val/raw/train_eval) 2.9/0.3/0.0/0.0s | 3.2s
2026-08-29 21:25:37 | Epoch 008/060 | loss 3.0119 | cls 2.2208 | tal -0.0366 | dual_g 0.8021 | dual_d 0.8130 | train_acc 0.7935 | train_full n/a | val_acc 0.3846 | val_f1 0.2980 | adv/moduleC 0.13/0.50 | disc_steps 2 | grad(main/disc) 9.012/1.531 | lr(main/disc) 8.50e-05/2.75e-05 | cuda_peak(alloc/resv) 21.77/28.18GB | phase(train/val/raw/train_eval) 2.9/0.3/0.0/0.0s | 3.2s
2026-08-29 21:25:41 | Epoch 009/060 | loss 2.9430 | cls 2.0542 | tal -0.0960 | dual_g 0.9176 | dual_d 0.7952 | train_acc 0.8397 | train_full n/a | val_acc 0.4615 | val_f1 0.4092 | adv/moduleC 0.20/0.62 | disc_steps 2 | grad(main/disc) 8.827/1.497 | lr(main/disc) 8.50e-05/2.75e-05 | cuda_peak(alloc/resv) 21.77/28.18GB | phase(train/val/raw/train_eval) 3.2/0.3/0.3/0.0s | 3.9s
2026-08-29 21:25:43 | New best val_f1_macro_present: raw=0.4092 stable_score=0.2500 at epoch 9
2026-08-29 21:25:47 | Epoch 010/060 | loss 2.8371 | cls 1.8829 | tal -0.1054 | dual_g 0.9858 | dual_d 0.7989 | train_acc 0.9158 | train_full 0.4479 | val_acc 0.4231 | val_f1 0.3571 | adv/moduleC 0.27/0.75 | disc_steps 2 | grad(main/disc) 8.850/1.407 | lr(main/disc) 8.50e-05/2.75e-05 | cuda_peak(alloc/resv) 21.77/28.18GB | phase(train/val/raw/train_eval) 2.7/0.3/0.3/0.6s | 4.0s
2026-08-29 21:25:50 | New best val_f1_macro_present: raw=0.3571 stable_score=0.2980 at epoch 10
2026-08-29 21:25:54 | Epoch 011/060 | loss 2.8557 | cls 1.7798 | tal -0.1442 | dual_g 1.1192 | dual_d 0.7867 | train_acc 0.9239 | train_full n/a | val_acc 0.5385 | val_f1 0.5164 | adv/moduleC 0.33/0.88 | disc_steps 2 | grad(main/disc) 10.333/1.401 | lr(main/disc) 8.50e-05/2.75e-05 | cuda_peak(alloc/resv) 21.77/28.18GB | phase(train/val/raw/train_eval) 3.0/0.3/0.3/0.0s | 3.7s
2026-08-29 21:25:56 | New best val_f1_macro_present: raw=0.5164 stable_score=0.3571 at epoch 11
2026-08-29 21:26:00 | Epoch 012/060 | loss 2.8782 | cls 1.6984 | tal -0.1553 | dual_g 1.2263 | dual_d 0.7707 | train_acc 0.9429 | train_full n/a | val_acc 0.6923 | val_f1 0.7508 | adv/moduleC 0.40/1.00 | disc_steps 2 | grad(main/disc) 8.771/1.323 | lr(main/disc) 8.50e-05/2.75e-05 | cuda_peak(alloc/resv) 21.77/28.18GB | phase(train/val/raw/train_eval) 3.1/0.3/0.0/0.0s | 3.5s
2026-08-29 21:26:04 | Epoch 013/060 | loss 2.7127 | cls 1.6007 | tal -0.1154 | dual_g 1.1466 | dual_d 0.7714 | train_acc 0.9620 | train_full n/a | val_acc 0.5769 | val_f1 0.5090 | adv/moduleC 0.47/1.00 | disc_steps 2 | grad(main/disc) 11.304/1.324 | lr(main/disc) 8.50e-05/2.75e-05 | cuda_peak(alloc/resv) 21.77/28.18GB | phase(train/val/raw/train_eval) 3.2/0.3/0.4/0.0s | 3.8s
2026-08-29 21:26:06 | New best val_f1_macro_present: raw=0.5090 stable_score=0.5090 at epoch 13
2026-08-29 21:26:10 | Epoch 014/060 | loss 2.6585 | cls 1.5720 | tal -0.0994 | dual_g 1.1163 | dual_d 0.7604 | train_acc 0.9701 | train_full n/a | val_acc 0.6923 | val_f1 0.7625 | adv/moduleC 0.53/1.00 | disc_steps 2 | grad(main/disc) 10.538/1.289 | lr(main/disc) 8.50e-05/2.75e-05 | cuda_peak(alloc/resv) 21.77/28.18GB | phase(train/val/raw/train_eval) 3.0/0.3/0.0/0.0s | 3.4s
2026-08-29 21:26:14 | Epoch 015/060 | loss 2.5521 | cls 1.4764 | tal -0.0534 | dual_g 1.0917 | dual_d 0.8045 | train_acc 0.9810 | train_full 0.7188 | val_acc 0.5769 | val_f1 0.6202 | adv/moduleC 0.60/1.00 | disc_steps 2 | grad(main/disc) 10.006/1.295 | lr(main/disc) 8.50e-05/2.75e-05 | cuda_peak(alloc/resv) 21.77/28.18GB | phase(train/val/raw/train_eval) 3.2/0.3/0.3/0.5s | 4.4s
2026-08-29 21:26:18 | Epoch 016/060 | loss 2.5805 | cls 1.5126 | tal -0.0635 | dual_g 1.0870 | dual_d 0.8017 | train_acc 0.9728 | train_full n/a | val_acc 0.7308 | val_f1 0.7531 | adv/moduleC 0.67/1.00 | disc_steps 2 | grad(main/disc) 9.519/1.314 | lr(main/disc) 8.50e-05/2.75e-05 | cuda_peak(alloc/resv) 21.77/28.18GB | phase(train/val/raw/train_eval) 3.0/0.3/0.4/0.0s | 3.7s
2026-08-29 21:26:20 | New best val_f1_macro_present: raw=0.7531 stable_score=0.6202 at epoch 16
2026-08-29 21:26:24 | Epoch 017/060 | loss 2.4144 | cls 1.4333 | tal -0.0730 | dual_g 1.0030 | dual_d 0.7565 | train_acc 0.9837 | train_full n/a | val_acc 0.8077 | val_f1 0.8524 | adv/moduleC 0.73/1.00 | disc_steps 2 | grad(main/disc) 7.284/1.283 | lr(main/disc) 8.50e-05/2.75e-05 | cuda_peak(alloc/resv) 21.77/28.18GB | phase(train/val/raw/train_eval) 2.9/0.4/0.0/0.0s | 3.3s
2026-08-29 21:26:27 | Epoch 018/060 | loss 2.3828 | cls 1.4045 | tal -0.0703 | dual_g 0.9993 | dual_d 0.7864 | train_acc 0.9918 | train_full n/a | val_acc 0.8077 | val_f1 0.8319 | adv/moduleC 0.80/1.00 | disc_steps 2 | grad(main/disc) 7.573/1.286 | lr(main/disc) 8.50e-05/2.75e-05 | cuda_peak(alloc/resv) 21.77/28.18GB | phase(train/val/raw/train_eval) 2.9/0.3/0.3/0.0s | 3.5s
2026-08-29 21:26:30 | New best val_f1_macro_present: raw=0.8319 stable_score=0.7531 at epoch 18
2026-08-29 21:26:34 | Epoch 019/060 | loss 2.4000 | cls 1.3971 | tal -0.0410 | dual_g 1.0152 | dual_d 0.7470 | train_acc 0.9973 | train_full n/a | val_acc 0.8846 | val_f1 0.9004 | adv/moduleC 0.87/1.00 | disc_steps 2 | grad(main/disc) 8.708/1.235 | lr(main/disc) 8.50e-05/2.75e-05 | cuda_peak(alloc/resv) 21.77/28.18GB | phase(train/val/raw/train_eval) 3.0/0.3/0.3/0.0s | 3.7s
2026-08-29 21:26:36 | New best val_f1_macro_present: raw=0.9004 stable_score=0.8319 at epoch 19
2026-08-29 21:26:40 | Epoch 020/060 | loss 2.3911 | cls 1.3903 | tal -0.0215 | dual_g 1.0073 | dual_d 0.7737 | train_acc 0.9783 | train_full 0.8854 | val_acc 0.8846 | val_f1 0.8987 | adv/moduleC 0.93/1.00 | disc_steps 2 | grad(main/disc) 8.868/1.240 | lr(main/disc) 8.50e-05/2.75e-05 | cuda_peak(alloc/resv) 21.77/28.18GB | phase(train/val/raw/train_eval) 2.8/0.3/0.4/0.6s | 4.1s
2026-08-29 21:26:43 | Epoch 021/060 | loss 2.3172 | cls 1.3561 | tal -0.0745 | dual_g 0.9835 | dual_d 0.7703 | train_acc 0.9946 | train_full n/a | val_acc 0.7692 | val_f1 0.8018 | adv/moduleC 1.00/1.00 | disc_steps 2 | grad(main/disc) 6.642/1.314 | lr(main/disc) 8.50e-05/2.75e-05 | cuda_peak(alloc/resv) 21.77/28.18GB | phase(train/val/raw/train_eval) 2.9/0.3/0.0/0.0s | 3.2s
2026-08-29 21:26:47 | Epoch 022/060 | loss 2.3179 | cls 1.3397 | tal -0.0596 | dual_g 0.9960 | dual_d 0.8289 | train_acc 0.9946 | train_full n/a | val_acc 0.8846 | val_f1 0.9231 | adv/moduleC 1.00/1.00 | disc_steps 2 | grad(main/disc) 7.127/1.268 | lr(main/disc) 8.50e-05/2.75e-05 | cuda_peak(alloc/resv) 21.77/28.18GB | phase(train/val/raw/train_eval) 3.1/0.3/0.0/0.0s | 3.5s
2026-08-29 21:26:51 | Epoch 023/060 | loss 2.3721 | cls 1.3910 | tal -0.1102 | dual_g 1.0142 | dual_d 0.8278 | train_acc 0.9837 | train_full n/a | val_acc 0.8462 | val_f1 0.8833 | adv/moduleC 1.00/1.00 | disc_steps 2 | grad(main/disc) 9.159/1.292 | lr(main/disc) 8.50e-05/2.75e-05 | cuda_peak(alloc/resv) 21.77/28.18GB | phase(train/val/raw/train_eval) 3.3/0.3/0.0/0.0s | 3.7s
2026-08-29 21:26:54 | Epoch 024/060 | loss 2.2808 | cls 1.3294 | tal -0.0783 | dual_g 0.9748 | dual_d 0.8691 | train_acc 0.9973 | train_full n/a | val_acc 0.9615 | val_f1 0.9737 | adv/moduleC 1.00/1.00 | disc_steps 2 | grad(main/disc) 6.034/1.363 | lr(main/disc) 8.50e-05/2.75e-05 | cuda_peak(alloc/resv) 21.77/28.18GB | phase(train/val/raw/train_eval) 3.0/0.3/0.3/0.0s | 3.7s
2026-08-29 21:26:57 | New best val_f1_macro_present: raw=0.9737 stable_score=0.8833 at epoch 24
2026-08-29 21:27:01 | Epoch 025/060 | loss 2.2613 | cls 1.3299 | tal -0.0831 | dual_g 0.9563 | dual_d 0.8152 | train_acc 0.9973 | train_full 0.9167 | val_acc 0.9615 | val_f1 0.9293 | adv/moduleC 1.00/1.00 | disc_steps 2 | grad(main/disc) 5.151/1.328 | lr(main/disc) 8.50e-05/2.75e-05 | cuda_peak(alloc/resv) 21.77/28.18GB | phase(train/val/raw/train_eval) 3.1/0.3/0.4/0.5s | 4.4s
2026-08-29 21:27:05 | Epoch 026/060 | loss 2.2446 | cls 1.3207 | tal -0.0605 | dual_g 0.9420 | dual_d 0.8755 | train_acc 0.9891 | train_full n/a | val_acc 1.0000 | val_f1 1.0000 | adv/moduleC 1.00/1.00 | disc_steps 2 | grad(main/disc) 4.655/1.397 | lr(main/disc) 8.50e-05/2.75e-05 | cuda_peak(alloc/resv) 21.77/28.18GB | phase(train/val/raw/train_eval) 3.0/0.3/0.3/0.0s | 3.7s
2026-08-29 21:27:08 | New best val_f1_macro_present: raw=1.0000 stable_score=0.9293 at epoch 26
2026-08-29 21:27:11 | Epoch 027/060 | loss 2.2318 | cls 1.3124 | tal -0.1036 | dual_g 0.9505 | dual_d 0.8264 | train_acc 0.9918 | train_full n/a | val_acc 1.0000 | val_f1 1.0000 | adv/moduleC 1.00/1.00 | disc_steps 2 | grad(main/disc) 4.715/1.340 | lr(main/disc) 8.50e-05/2.75e-05 | cuda_peak(alloc/resv) 21.77/28.18GB | phase(train/val/raw/train_eval) 2.9/0.3/0.0/0.0s | 3.3s
2026-08-29 21:27:15 | Epoch 028/060 | loss 2.2152 | cls 1.3088 | tal -0.1192 | dual_g 0.9422 | dual_d 0.8381 | train_acc 0.9946 | train_full n/a | val_acc 1.0000 | val_f1 1.0000 | adv/moduleC 1.00/1.00 | disc_steps 2 | grad(main/disc) 5.084/1.342 | lr(main/disc) 8.50e-05/2.75e-05 | cuda_peak(alloc/resv) 21.77/28.18GB | phase(train/val/raw/train_eval) 3.0/0.3/0.3/0.0s | 3.7s
2026-08-29 21:27:17 | New best val_f1_macro_present: raw=1.0000 stable_score=1.0000 at epoch 28
2026-08-29 21:27:21 | Epoch 029/060 | loss 2.2342 | cls 1.3225 | tal -0.0810 | dual_g 0.9360 | dual_d 0.9179 | train_acc 0.9946 | train_full n/a | val_acc 1.0000 | val_f1 1.0000 | adv/moduleC 1.00/1.00 | disc_steps 2 | grad(main/disc) 4.647/1.394 | lr(main/disc) 8.50e-05/2.75e-05 | cuda_peak(alloc/resv) 21.77/28.18GB | phase(train/val/raw/train_eval) 2.9/0.3/0.0/0.0s | 3.2s
2026-08-29 21:27:25 | Epoch 030/060 | loss 2.1786 | cls 1.3045 | tal -0.1518 | dual_g 0.9196 | dual_d 0.9385 | train_acc 0.9946 | train_full 0.9375 | val_acc 1.0000 | val_f1 1.0000 | adv/moduleC 1.00/1.00 | disc_steps 2 | grad(main/disc) 4.072/1.415 | lr(main/disc) 8.50e-05/2.75e-05 | cuda_peak(alloc/resv) 21.77/28.18GB | phase(train/val/raw/train_eval) 3.2/0.3/0.4/0.5s | 4.4s
2026-08-29 21:27:28 | Epoch 031/060 | loss 2.1940 | cls 1.3092 | tal -0.1216 | dual_g 0.9213 | dual_d 0.9188 | train_acc 0.9946 | train_full n/a | val_acc 1.0000 | val_f1 1.0000 | adv/moduleC 1.00/1.00 | disc_steps 2 | grad(main/disc) 4.693/1.394 | lr(main/disc) 8.50e-05/2.75e-05 | cuda_peak(alloc/resv) 21.77/28.18GB | phase(train/val/raw/train_eval) 3.0/0.3/0.0/0.0s | 3.3s
2026-08-29 21:27:32 | Epoch 032/060 | loss 2.1912 | cls 1.3038 | tal -0.0815 | dual_g 0.9118 | dual_d 0.9200 | train_acc 0.9946 | train_full n/a | val_acc 1.0000 | val_f1 1.0000 | adv/moduleC 1.00/1.00 | disc_steps 2 | grad(main/disc) 3.724/1.394 | lr(main/disc) 8.50e-05/2.75e-05 | cuda_peak(alloc/resv) 21.77/28.18GB | phase(train/val/raw/train_eval) 3.1/0.3/0.0/0.0s | 3.4s
2026-08-29 21:27:35 | Epoch 033/060 | loss 2.1638 | cls 1.2769 | tal -0.0525 | dual_g 0.9027 | dual_d 0.9510 | train_acc 0.9973 | train_full n/a | val_acc 1.0000 | val_f1 1.0000 | adv/moduleC 1.00/1.00 | disc_steps 2 | grad(main/disc) 3.208/1.418 | lr(main/disc) 8.50e-05/2.75e-05 | cuda_peak(alloc/resv) 21.77/28.18GB | phase(train/val/raw/train_eval) 2.9/0.3/0.0/0.0s | 3.2s
2026-08-29 21:27:39 | Epoch 034/060 | loss 2.1645 | cls 1.2817 | tal -0.0938 | dual_g 0.9110 | dual_d 0.9347 | train_acc 0.9918 | train_full n/a | val_acc 1.0000 | val_f1 1.0000 | adv/moduleC 1.00/1.00 | disc_steps 2 | grad(main/disc) 3.604/1.367 | lr(main/disc) 8.50e-05/2.75e-05 | cuda_peak(alloc/resv) 21.77/28.18GB | phase(train/val/raw/train_eval) 3.3/0.3/0.0/0.0s | 3.6s
2026-08-29 21:27:43 | Epoch 035/060 | loss 2.1405 | cls 1.2650 | tal -0.0796 | dual_g 0.8994 | dual_d 0.9001 | train_acc 1.0000 | train_full 0.9792 | val_acc 1.0000 | val_f1 1.0000 | adv/moduleC 1.00/1.00 | disc_steps 2 | grad(main/disc) 2.922/1.347 | lr(main/disc) 8.50e-05/2.75e-05 | cuda_peak(alloc/resv) 21.77/28.18GB | phase(train/val/raw/train_eval) 3.0/0.3/0.4/0.5s | 4.3s
2026-08-29 21:27:46 | Epoch 036/060 | loss 2.1201 | cls 1.2642 | tal -0.1072 | dual_g 0.8881 | dual_d 0.9590 | train_acc 0.9973 | train_full n/a | val_acc 1.0000 | val_f1 1.0000 | adv/moduleC 1.00/1.00 | disc_steps 2 | grad(main/disc) 3.177/1.402 | lr(main/disc) 8.50e-05/2.75e-05 | cuda_peak(alloc/resv) 21.77/28.18GB | phase(train/val/raw/train_eval) 3.3/0.3/0.0/0.0s | 3.6s
2026-08-29 21:27:50 | Epoch 037/060 | loss 2.1244 | cls 1.2682 | tal -0.1183 | dual_g 0.8917 | dual_d 0.9917 | train_acc 0.9973 | train_full n/a | val_acc 1.0000 | val_f1 1.0000 | adv/moduleC 1.00/1.00 | disc_steps 2 | grad(main/disc) 3.412/1.432 | lr(main/disc) 8.50e-05/2.75e-05 | cuda_peak(alloc/resv) 21.77/28.18GB | phase(train/val/raw/train_eval) 3.2/0.3/0.0/0.0s | 3.6s
2026-08-29 21:27:54 | Epoch 038/060 | loss 2.1113 | cls 1.2632 | tal -0.1356 | dual_g 0.8888 | dual_d 0.9420 | train_acc 1.0000 | train_full n/a | val_acc 1.0000 | val_f1 1.0000 | adv/moduleC 1.00/1.00 | disc_steps 2 | grad(main/disc) 3.844/1.344 | lr(main/disc) 8.50e-05/2.75e-05 | cuda_peak(alloc/resv) 21.77/28.18GB | phase(train/val/raw/train_eval) 3.2/0.3/0.0/0.0s | 3.5s
2026-08-29 21:27:57 | Epoch 039/060 | loss 2.0902 | cls 1.2539 | tal -0.1486 | dual_g 0.8809 | dual_d 1.0074 | train_acc 0.9973 | train_full n/a | val_acc 1.0000 | val_f1 1.0000 | adv/moduleC 1.00/1.00 | disc_steps 2 | grad(main/disc) 3.275/1.419 | lr(main/disc) 8.50e-05/2.75e-05 | cuda_peak(alloc/resv) 21.77/28.18GB | phase(train/val/raw/train_eval) 3.0/0.3/0.0/0.0s | 3.4s
2026-08-29 21:28:01 | Epoch 040/060 | loss 2.0657 | cls 1.2388 | tal -0.1863 | dual_g 0.8828 | dual_d 1.0103 | train_acc 1.0000 | train_full 1.0000 | val_acc 1.0000 | val_f1 1.0000 | adv/moduleC 1.00/1.00 | disc_steps 2 | grad(main/disc) 2.835/1.406 | lr(main/disc) 8.50e-05/2.75e-05 | cuda_peak(alloc/resv) 21.77/28.18GB | phase(train/val/raw/train_eval) 3.3/0.3/0.3/0.6s | 4.5s
2026-08-29 21:28:05 | Epoch 041/060 | loss 2.0594 | cls 1.2357 | tal -0.1895 | dual_g 0.8806 | dual_d 0.9776 | train_acc 1.0000 | train_full n/a | val_acc 1.0000 | val_f1 1.0000 | adv/moduleC 1.00/1.00 | disc_steps 2 | grad(main/disc) 2.185/1.380 | lr(main/disc) 4.25e-05/1.38e-05 | cuda_peak(alloc/resv) 21.77/28.18GB | phase(train/val/raw/train_eval) 2.9/0.3/0.0/0.0s | 3.2s
2026-08-29 21:28:08 | Epoch 042/060 | loss 2.0671 | cls 1.2438 | tal -0.1540 | dual_g 0.8695 | dual_d 0.9962 | train_acc 0.9973 | train_full n/a | val_acc 1.0000 | val_f1 1.0000 | adv/moduleC 1.00/1.00 | disc_steps 2 | grad(main/disc) 2.494/1.413 | lr(main/disc) 4.25e-05/1.38e-05 | cuda_peak(alloc/resv) 21.77/28.18GB | phase(train/val/raw/train_eval) 2.9/0.3/0.0/0.0s | 3.2s
2026-08-29 21:28:11 | Epoch 043/060 | loss 2.0566 | cls 1.2350 | tal -0.1647 | dual_g 0.8710 | dual_d 1.0507 | train_acc 1.0000 | train_full n/a | val_acc 1.0000 | val_f1 1.0000 | adv/moduleC 1.00/1.00 | disc_steps 2 | grad(main/disc) 2.233/1.478 | lr(main/disc) 4.25e-05/1.38e-05 | cuda_peak(alloc/resv) 21.77/28.18GB | phase(train/val/raw/train_eval) 2.9/0.3/0.0/0.0s | 3.2s
2026-08-29 21:28:14 | Epoch 044/060 | loss 2.0690 | cls 1.2519 | tal -0.1870 | dual_g 0.8732 | dual_d 1.0531 | train_acc 0.9973 | train_full n/a | val_acc 1.0000 | val_f1 1.0000 | adv/moduleC 1.00/1.00 | disc_steps 2 | grad(main/disc) 2.459/1.478 | lr(main/disc) 4.25e-05/1.38e-05 | cuda_peak(alloc/resv) 21.77/28.18GB | phase(train/val/raw/train_eval) 2.8/0.3/0.0/0.0s | 3.2s
2026-08-29 21:28:19 | Epoch 045/060 | loss 2.0480 | cls 1.2397 | tal -0.1875 | dual_g 0.8645 | dual_d 1.0458 | train_acc 0.9973 | train_full 0.9688 | val_acc 1.0000 | val_f1 1.0000 | adv/moduleC 1.00/1.00 | disc_steps 2 | grad(main/disc) 2.581/1.480 | lr(main/disc) 4.25e-05/1.38e-05 | cuda_peak(alloc/resv) 21.77/28.18GB | phase(train/val/raw/train_eval) 3.1/0.3/0.4/0.6s | 4.3s
2026-08-29 21:28:22 | Epoch 046/060 | loss 2.0660 | cls 1.2373 | tal -0.1470 | dual_g 0.8727 | dual_d 1.0385 | train_acc 1.0000 | train_full n/a | val_acc 1.0000 | val_f1 1.0000 | adv/moduleC 1.00/1.00 | disc_steps 2 | grad(main/disc) 2.633/1.421 | lr(main/disc) 4.25e-05/1.38e-05 | cuda_peak(alloc/resv) 21.77/28.18GB | phase(train/val/raw/train_eval) 2.8/0.3/0.0/0.0s | 3.1s
2026-08-29 21:28:25 | Epoch 047/060 | loss 2.0446 | cls 1.2370 | tal -0.1734 | dual_g 0.8596 | dual_d 1.0160 | train_acc 0.9973 | train_full n/a | val_acc 1.0000 | val_f1 1.0000 | adv/moduleC 1.00/1.00 | disc_steps 2 | grad(main/disc) 2.091/1.402 | lr(main/disc) 4.25e-05/1.38e-05 | cuda_peak(alloc/resv) 21.77/28.18GB | phase(train/val/raw/train_eval) 2.9/0.3/0.0/0.0s | 3.3s
2026-08-29 21:28:28 | Epoch 048/060 | loss 2.0406 | cls 1.2399 | tal -0.1910 | dual_g 0.8580 | dual_d 1.0283 | train_acc 1.0000 | train_full n/a | val_acc 1.0000 | val_f1 1.0000 | adv/moduleC 1.00/1.00 | disc_steps 2 | grad(main/disc) 2.527/1.430 | lr(main/disc) 4.25e-05/1.38e-05 | cuda_peak(alloc/resv) 21.77/28.18GB | phase(train/val/raw/train_eval) 3.1/0.3/0.0/0.0s | 3.4s
2026-08-29 21:28:32 | Epoch 049/060 | loss 2.0355 | cls 1.2334 | tal -0.2044 | dual_g 0.8634 | dual_d 1.0095 | train_acc 1.0000 | train_full n/a | val_acc 1.0000 | val_f1 1.0000 | adv/moduleC 1.00/1.00 | disc_steps 2 | grad(main/disc) 2.211/1.444 | lr(main/disc) 4.25e-05/1.38e-05 | cuda_peak(alloc/resv) 21.77/28.18GB | phase(train/val/raw/train_eval) 3.2/0.3/0.0/0.0s | 3.6s
2026-08-29 21:28:36 | Epoch 050/060 | loss 2.0307 | cls 1.2346 | tal -0.2121 | dual_g 0.8597 | dual_d 1.0203 | train_acc 1.0000 | train_full 0.9896 | val_acc 1.0000 | val_f1 1.0000 | adv/moduleC 1.00/1.00 | disc_steps 2 | grad(main/disc) 2.052/1.418 | lr(main/disc) 4.25e-05/1.38e-05 | cuda_peak(alloc/resv) 21.77/28.18GB | phase(train/val/raw/train_eval) 2.9/0.3/0.3/0.6s | 4.1s
2026-08-29 21:28:36 | Early stopping at epoch 50 after 22 epochs without val_f1_macro_present improvement.
2026-08-29 21:28:36 | Training complete. Peak validation accuracy: 1.0000 | selected val_f1_macro_present: 1.0000
2026-08-29 21:28:36 | Starting Dual_D standalone training
2026-08-29 21:28:36 | Run directory: runs/module_c_ablation_60_v8/module_c_20260829_205331/module_c_full_雨天_20260829_205332
2026-08-29 21:28:36 | Device: cuda
2026-08-29 21:28:36 | Source train samples: 992
2026-08-29 21:28:36 | Target train samples: 96
2026-08-29 21:28:36 | Target val samples: 26
2026-08-29 21:28:36 | Classes: 14
2026-08-29 21:28:36 | Data audit: same_dir=False | path_overlap(vis/ir/ais)=0/0/0 | content_overlap(vis/ir/ais)=0/0/0 | ais_index_overlap=0 | stem_mismatch(vis-ir/vis-ais)=117/0
2026-08-29 21:28:36 | source_train classes: present 14/14 | absent 0 | counts [0:120, 1:44, 2:69, 3:45, 4:40, 5:30, 6:64, 7:80, 8:116, 9:68, 10:57, 11:83, 12:48, 13:128]
2026-08-29 21:28:36 | target_train classes: present 6/14 | absent 8 | counts [0:7, 2:19, 9:32, 10:12, 11:6, 13:20]
2026-08-29 21:28:36 | target_val classes: present 6/14 | absent 8 | counts [0:2, 2:5, 9:8, 10:4, 11:2, 13:5]
2026-08-29 21:28:36 | Paired training classes: 6/14 | class ids [0, 2, 9, 10, 11, 13]
2026-08-29 21:28:36 | Runtime profile: batch=92 | paired_steps=4 | workers=16 | train_eval_every=5 | raw_eval_every=5 | stability_window=3 | lr_scheduler_start=28 | early_stop=20 after min_epoch=50
2026-08-29 21:28:36 | VIS/IR pairing: class-level-unpaired | count-mismatch classes train/val: 10/0 | AIS alignment: none | AIS rows train/val: 0/0
2026-08-29 21:28:37 | Effective Dual-D loss weights: {"adv_auxiliary": 0.02, "adv_primary": 0.02, "classification": 0.6, "contrastive": 0.025, "cycle": 0.12, "identity": 0.025, "prototype_contrastive": 0.03}
2026-08-29 21:28:37 | Model parameters: total=17277714 | trainable=17120210
Starting run 9/9: domain=雨天, iteration=3, seed=50
2026-08-29 21:28:42 | Epoch 001/060 | loss 6.1647 | cls 6.2144 | tal -0.1656 | dual_g 0.0000 | dual_d 0.0000 | train_acc 0.0924 | train_full 0.0521 | val_acc 0.1538 | val_f1 0.1465 | adv/moduleC 0.00/0.00 | disc_steps 0 | grad(main/disc) 18.818/0.000 | lr(main/disc) 8.50e-05/2.75e-05 | cuda_peak(alloc/resv) 21.77/28.18GB | phase(train/val/raw/train_eval) 3.4/0.3/0.3/0.5s | 4.6s
2026-08-29 21:28:45 | Epoch 002/060 | loss 4.4325 | cls 4.5297 | tal -0.3241 | dual_g 0.0000 | dual_d 0.0000 | train_acc 0.2228 | train_full n/a | val_acc 0.0769 | val_f1 0.0278 | adv/moduleC 0.00/0.00 | disc_steps 0 | grad(main/disc) 14.012/0.000 | lr(main/disc) 8.50e-05/2.75e-05 | cuda_peak(alloc/resv) 21.77/28.18GB | phase(train/val/raw/train_eval) 3.0/0.3/0.0/0.0s | 3.3s
2026-08-29 21:28:49 | Epoch 003/060 | loss 3.5999 | cls 3.7495 | tal -0.4990 | dual_g 0.0000 | dual_d 0.0000 | train_acc 0.3560 | train_full n/a | val_acc 0.0769 | val_f1 0.0238 | adv/moduleC 0.00/0.00 | disc_steps 0 | grad(main/disc) 11.473/0.000 | lr(main/disc) 8.50e-05/2.75e-05 | cuda_peak(alloc/resv) 21.77/28.18GB | phase(train/val/raw/train_eval) 3.1/0.3/0.3/0.0s | 3.8s
2026-08-29 21:28:51 | New best val_f1_macro_present: raw=0.0238 stable_score=0.0238 at epoch 3
2026-08-29 21:28:56 | Epoch 004/060 | loss 3.1511 | cls 3.3079 | tal -0.5226 | dual_g 0.0000 | dual_d 0.0000 | train_acc 0.4592 | train_full n/a | val_acc 0.0769 | val_f1 0.0247 | adv/moduleC 0.00/0.00 | disc_steps 0 | grad(main/disc) 9.848/0.000 | lr(main/disc) 8.50e-05/2.75e-05 | cuda_peak(alloc/resv) 21.77/28.18GB | phase(train/val/raw/train_eval) 4.0/0.3/0.0/0.0s | 4.3s
2026-08-29 21:29:01 | Epoch 005/060 | loss 2.9110 | cls 2.8033 | tal -0.4684 | dual_g 0.2482 | dual_d 0.0000 | train_acc 0.6141 | train_full 0.0833 | val_acc 0.1154 | val_f1 0.0873 | adv/moduleC 0.00/0.12 | disc_steps 0 | grad(main/disc) 8.846/0.000 | lr(main/disc) 8.50e-05/2.75e-05 | cuda_peak(alloc/resv) 21.77/28.18GB | phase(train/val/raw/train_eval) 3.6/0.4/0.3/0.5s | 4.9s
2026-08-29 21:29:04 | Epoch 006/060 | loss 2.8965 | cls 2.5319 | tal -0.3985 | dual_g 0.4842 | dual_d 0.0000 | train_acc 0.6467 | train_full n/a | val_acc 0.0769 | val_f1 0.0370 | adv/moduleC 0.00/0.25 | disc_steps 0 | grad(main/disc) 8.492/0.000 | lr(main/disc) 8.50e-05/2.75e-05 | cuda_peak(alloc/resv) 21.77/28.18GB | phase(train/val/raw/train_eval) 3.3/0.4/0.0/0.0s | 3.6s
2026-08-29 21:29:08 | Epoch 007/060 | loss 2.8487 | cls 2.3333 | tal -0.3954 | dual_g 0.6340 | dual_d 0.8334 | train_acc 0.7283 | train_full n/a | val_acc 0.2692 | val_f1 0.1759 | adv/moduleC 0.07/0.38 | disc_steps 2 | grad(main/disc) 8.907/1.683 | lr(main/disc) 8.50e-05/2.75e-05 | cuda_peak(alloc/resv) 21.77/28.18GB | phase(train/val/raw/train_eval) 3.2/0.3/0.3/0.0s | 3.9s
2026-08-29 21:29:11 | New best val_f1_macro_present: raw=0.1759 stable_score=0.0370 at epoch 7
2026-08-29 21:29:15 | Epoch 008/060 | loss 2.8363 | cls 2.1656 | tal -0.4167 | dual_g 0.7957 | dual_d 0.8255 | train_acc 0.7663 | train_full n/a | val_acc 0.4615 | val_f1 0.4681 | adv/moduleC 0.13/0.50 | disc_steps 2 | grad(main/disc) 8.932/1.651 | lr(main/disc) 8.50e-05/2.75e-05 | cuda_peak(alloc/resv) 21.77/28.18GB | phase(train/val/raw/train_eval) 3.3/0.3/0.0/0.0s | 3.7s
2026-08-29 21:29:18 | Epoch 009/060 | loss 2.7700 | cls 1.9972 | tal -0.4008 | dual_g 0.8930 | dual_d 0.7752 | train_acc 0.8261 | train_full n/a | val_acc 0.5000 | val_f1 0.4571 | adv/moduleC 0.20/0.62 | disc_steps 2 | grad(main/disc) 8.317/1.520 | lr(main/disc) 8.50e-05/2.75e-05 | cuda_peak(alloc/resv) 21.77/28.18GB | phase(train/val/raw/train_eval) 2.9/0.3/0.3/0.0s | 3.6s
2026-08-29 21:29:21 | New best val_f1_macro_present: raw=0.4571 stable_score=0.1759 at epoch 9
2026-08-29 21:29:25 | Epoch 010/060 | loss 2.8732 | cls 1.9248 | tal -0.3167 | dual_g 1.0434 | dual_d 0.7808 | train_acc 0.8451 | train_full 0.5417 | val_acc 0.5769 | val_f1 0.4815 | adv/moduleC 0.27/0.75 | disc_steps 2 | grad(main/disc) 8.981/1.513 | lr(main/disc) 8.50e-05/2.75e-05 | cuda_peak(alloc/resv) 21.77/28.18GB | phase(train/val/raw/train_eval) 3.0/0.3/0.3/0.5s | 4.2s
2026-08-29 21:29:28 | New best val_f1_macro_present: raw=0.4815 stable_score=0.4571 at epoch 10
2026-08-29 21:29:31 | Epoch 011/060 | loss 2.8229 | cls 1.7776 | tal -0.1847 | dual_g 1.1007 | dual_d 0.7937 | train_acc 0.9130 | train_full n/a | val_acc 0.5000 | val_f1 0.4157 | adv/moduleC 0.33/0.88 | disc_steps 2 | grad(main/disc) 8.288/1.489 | lr(main/disc) 8.50e-05/2.75e-05 | cuda_peak(alloc/resv) 21.77/28.18GB | phase(train/val/raw/train_eval) 3.4/0.3/0.0/0.0s | 3.8s
2026-08-29 21:29:35 | Epoch 012/060 | loss 2.9035 | cls 1.7240 | tal -0.2255 | dual_g 1.2471 | dual_d 0.7560 | train_acc 0.9293 | train_full n/a | val_acc 0.4615 | val_f1 0.4655 | adv/moduleC 0.40/1.00 | disc_steps 2 | grad(main/disc) 9.339/1.427 | lr(main/disc) 8.50e-05/2.75e-05 | cuda_peak(alloc/resv) 21.77/28.18GB | phase(train/val/raw/train_eval) 2.8/0.3/0.0/0.0s | 3.2s
2026-08-29 21:29:38 | Epoch 013/060 | loss 2.7357 | cls 1.6493 | tal -0.2160 | dual_g 1.1512 | dual_d 0.7887 | train_acc 0.9348 | train_full n/a | val_acc 0.5000 | val_f1 0.5285 | adv/moduleC 0.47/1.00 | disc_steps 2 | grad(main/disc) 8.773/1.406 | lr(main/disc) 8.50e-05/2.75e-05 | cuda_peak(alloc/resv) 21.77/28.18GB | phase(train/val/raw/train_eval) 3.2/0.3/0.0/0.0s | 3.6s
2026-08-29 21:29:42 | Epoch 014/060 | loss 2.5435 | cls 1.5260 | tal -0.2337 | dual_g 1.0876 | dual_d 0.7807 | train_acc 0.9538 | train_full n/a | val_acc 0.7308 | val_f1 0.7320 | adv/moduleC 0.53/1.00 | disc_steps 2 | grad(main/disc) 8.209/1.437 | lr(main/disc) 8.50e-05/2.75e-05 | cuda_peak(alloc/resv) 21.77/28.18GB | phase(train/val/raw/train_eval) 3.1/0.3/0.4/0.0s | 3.8s
2026-08-29 21:29:45 | New best val_f1_macro_present: raw=0.7320 stable_score=0.4655 at epoch 14
2026-08-29 21:29:49 | Epoch 015/060 | loss 2.4746 | cls 1.4730 | tal -0.2445 | dual_g 1.0750 | dual_d 0.8101 | train_acc 0.9755 | train_full 0.7812 | val_acc 0.6538 | val_f1 0.6946 | adv/moduleC 0.60/1.00 | disc_steps 2 | grad(main/disc) 9.348/1.471 | lr(main/disc) 8.50e-05/2.75e-05 | cuda_peak(alloc/resv) 21.77/28.18GB | phase(train/val/raw/train_eval) 3.2/0.4/0.4/0.5s | 4.4s
2026-08-29 21:29:52 | New best val_f1_macro_present: raw=0.6946 stable_score=0.5285 at epoch 15
2026-08-29 21:29:56 | Epoch 016/060 | loss 2.4827 | cls 1.4793 | tal -0.2339 | dual_g 1.0736 | dual_d 0.8132 | train_acc 0.9728 | train_full n/a | val_acc 0.7692 | val_f1 0.8218 | adv/moduleC 0.67/1.00 | disc_steps 2 | grad(main/disc) 8.102/1.436 | lr(main/disc) 8.50e-05/2.75e-05 | cuda_peak(alloc/resv) 21.77/28.18GB | phase(train/val/raw/train_eval) 3.5/0.3/0.4/0.0s | 4.2s
2026-08-29 21:29:59 | New best val_f1_macro_present: raw=0.8218 stable_score=0.6946 at epoch 16
2026-08-29 21:30:02 | Epoch 017/060 | loss 2.4089 | cls 1.4546 | tal -0.2781 | dual_g 1.0378 | dual_d 0.7865 | train_acc 0.9810 | train_full n/a | val_acc 0.7692 | val_f1 0.8039 | adv/moduleC 0.73/1.00 | disc_steps 2 | grad(main/disc) 10.725/1.392 | lr(main/disc) 8.50e-05/2.75e-05 | cuda_peak(alloc/resv) 21.77/28.18GB | phase(train/val/raw/train_eval) 3.2/0.4/0.0/0.0s | 3.5s
2026-08-29 21:30:06 | Epoch 018/060 | loss 2.3291 | cls 1.3761 | tal -0.1980 | dual_g 1.0124 | dual_d 0.8007 | train_acc 0.9891 | train_full n/a | val_acc 0.9231 | val_f1 0.9429 | adv/moduleC 0.80/1.00 | disc_steps 2 | grad(main/disc) 7.450/1.368 | lr(main/disc) 8.50e-05/2.75e-05 | cuda_peak(alloc/resv) 21.77/28.18GB | phase(train/val/raw/train_eval) 3.6/0.3/0.4/0.0s | 4.3s
2026-08-29 21:30:09 | New best val_f1_macro_present: raw=0.9429 stable_score=0.8039 at epoch 18
2026-08-29 21:30:13 | Epoch 019/060 | loss 2.3958 | cls 1.4299 | tal -0.1879 | dual_g 1.0223 | dual_d 0.8187 | train_acc 0.9810 | train_full n/a | val_acc 0.7308 | val_f1 0.7875 | adv/moduleC 0.87/1.00 | disc_steps 2 | grad(main/disc) 7.815/1.415 | lr(main/disc) 8.50e-05/2.75e-05 | cuda_peak(alloc/resv) 21.77/28.18GB | phase(train/val/raw/train_eval) 3.4/0.3/0.0/0.0s | 3.7s
2026-08-29 21:30:17 | Epoch 020/060 | loss 2.3264 | cls 1.4006 | tal -0.2330 | dual_g 0.9957 | dual_d 0.7591 | train_acc 0.9837 | train_full 0.8646 | val_acc 0.7692 | val_f1 0.7878 | adv/moduleC 0.93/1.00 | disc_steps 2 | grad(main/disc) 8.127/1.260 | lr(main/disc) 8.50e-05/2.75e-05 | cuda_peak(alloc/resv) 21.77/28.18GB | phase(train/val/raw/train_eval) 3.3/0.3/0.3/0.5s | 4.5s
2026-08-29 21:30:21 | Epoch 021/060 | loss 2.2765 | cls 1.3587 | tal -0.2140 | dual_g 0.9820 | dual_d 0.8301 | train_acc 0.9946 | train_full n/a | val_acc 1.0000 | val_f1 1.0000 | adv/moduleC 1.00/1.00 | disc_steps 2 | grad(main/disc) 6.576/1.340 | lr(main/disc) 8.50e-05/2.75e-05 | cuda_peak(alloc/resv) 21.77/28.18GB | phase(train/val/raw/train_eval) 3.1/0.3/0.0/0.0s | 3.4s
2026-08-29 21:30:24 | Epoch 022/060 | loss 2.2392 | cls 1.3313 | tal -0.2120 | dual_g 0.9716 | dual_d 0.8327 | train_acc 0.9946 | train_full n/a | val_acc 0.8846 | val_f1 0.9122 | adv/moduleC 1.00/1.00 | disc_steps 2 | grad(main/disc) 5.172/1.368 | lr(main/disc) 8.50e-05/2.75e-05 | cuda_peak(alloc/resv) 21.77/28.18GB | phase(train/val/raw/train_eval) 3.3/0.3/0.0/0.0s | 3.6s
2026-08-29 21:30:28 | Epoch 023/060 | loss 2.2195 | cls 1.3260 | tal -0.2179 | dual_g 0.9588 | dual_d 0.8559 | train_acc 0.9918 | train_full n/a | val_acc 0.8846 | val_f1 0.9092 | adv/moduleC 1.00/1.00 | disc_steps 2 | grad(main/disc) 4.807/1.363 | lr(main/disc) 8.50e-05/2.75e-05 | cuda_peak(alloc/resv) 21.77/28.18GB | phase(train/val/raw/train_eval) 3.2/0.3/0.4/0.0s | 3.9s
2026-08-29 21:30:31 | New best val_f1_macro_present: raw=0.9092 stable_score=0.9092 at epoch 23
2026-08-29 21:30:34 | Epoch 024/060 | loss 2.2034 | cls 1.3087 | tal -0.1898 | dual_g 0.9516 | dual_d 0.8562 | train_acc 0.9946 | train_full n/a | val_acc 0.9615 | val_f1 0.9704 | adv/moduleC 1.00/1.00 | disc_steps 2 | grad(main/disc) 4.634/1.370 | lr(main/disc) 8.50e-05/2.75e-05 | cuda_peak(alloc/resv) 21.77/28.18GB | phase(train/val/raw/train_eval) 3.1/0.4/0.0/0.0s | 3.4s
2026-08-29 21:30:39 | Epoch 025/060 | loss 2.2341 | cls 1.3277 | tal -0.1946 | dual_g 0.9648 | dual_d 0.8982 | train_acc 0.9973 | train_full 0.9167 | val_acc 0.9231 | val_f1 0.9429 | adv/moduleC 1.00/1.00 | disc_steps 2 | grad(main/disc) 5.478/1.440 | lr(main/disc) 8.50e-05/2.75e-05 | cuda_peak(alloc/resv) 21.77/28.18GB | phase(train/val/raw/train_eval) 3.1/0.3/0.3/0.5s | 4.4s
2026-08-29 21:30:42 | Epoch 026/060 | loss 2.2008 | cls 1.3246 | tal -0.2410 | dual_g 0.9485 | dual_d 0.8719 | train_acc 0.9864 | train_full n/a | val_acc 0.9231 | val_f1 0.9398 | adv/moduleC 1.00/1.00 | disc_steps 2 | grad(main/disc) 6.348/1.395 | lr(main/disc) 8.50e-05/2.75e-05 | cuda_peak(alloc/resv) 21.77/28.18GB | phase(train/val/raw/train_eval) 3.0/0.3/0.3/0.0s | 3.7s
2026-08-29 21:30:45 | New best val_f1_macro_present: raw=0.9398 stable_score=0.9398 at epoch 26
2026-08-29 21:30:49 | Epoch 027/060 | loss 2.2314 | cls 1.3370 | tal -0.1997 | dual_g 0.9544 | dual_d 0.8848 | train_acc 0.9946 | train_full n/a | val_acc 1.0000 | val_f1 1.0000 | adv/moduleC 1.00/1.00 | disc_steps 2 | grad(main/disc) 5.826/1.417 | lr(main/disc) 8.50e-05/2.75e-05 | cuda_peak(alloc/resv) 21.77/28.18GB | phase(train/val/raw/train_eval) 3.3/0.3/0.0/0.0s | 3.6s
2026-08-29 21:30:53 | Epoch 028/060 | loss 2.1705 | cls 1.2942 | tal -0.1671 | dual_g 0.9264 | dual_d 0.9103 | train_acc 1.0000 | train_full n/a | val_acc 1.0000 | val_f1 1.0000 | adv/moduleC 1.00/1.00 | disc_steps 2 | grad(main/disc) 5.173/1.345 | lr(main/disc) 8.50e-05/2.75e-05 | cuda_peak(alloc/resv) 21.77/28.18GB | phase(train/val/raw/train_eval) 3.4/0.3/0.0/0.0s | 3.7s
2026-08-29 21:30:57 | Epoch 029/060 | loss 2.1520 | cls 1.2957 | tal -0.2007 | dual_g 0.9165 | dual_d 0.9058 | train_acc 1.0000 | train_full n/a | val_acc 1.0000 | val_f1 1.0000 | adv/moduleC 1.00/1.00 | disc_steps 2 | grad(main/disc) 5.871/1.398 | lr(main/disc) 8.50e-05/2.75e-05 | cuda_peak(alloc/resv) 21.77/28.18GB | phase(train/val/raw/train_eval) 3.3/0.3/0.4/0.0s | 4.0s
2026-08-29 21:30:59 | New best val_f1_macro_present: raw=1.0000 stable_score=1.0000 at epoch 29
2026-08-29 21:31:04 | Epoch 030/060 | loss 2.1701 | cls 1.2974 | tal -0.1907 | dual_g 0.9299 | dual_d 0.9315 | train_acc 1.0000 | train_full 0.9688 | val_acc 1.0000 | val_f1 1.0000 | adv/moduleC 1.00/1.00 | disc_steps 2 | grad(main/disc) 5.080/1.369 | lr(main/disc) 8.50e-05/2.75e-05 | cuda_peak(alloc/resv) 21.77/28.18GB | phase(train/val/raw/train_eval) 3.2/0.4/0.3/0.6s | 4.5s
2026-08-29 21:31:07 | Epoch 031/060 | loss 2.1419 | cls 1.2856 | tal -0.1775 | dual_g 0.9096 | dual_d 0.9413 | train_acc 0.9946 | train_full n/a | val_acc 1.0000 | val_f1 1.0000 | adv/moduleC 1.00/1.00 | disc_steps 2 | grad(main/disc) 4.733/1.395 | lr(main/disc) 8.50e-05/2.75e-05 | cuda_peak(alloc/resv) 21.77/28.18GB | phase(train/val/raw/train_eval) 3.1/0.3/0.0/0.0s | 3.4s
2026-08-29 21:31:10 | Epoch 032/060 | loss 2.1682 | cls 1.2976 | tal -0.1714 | dual_g 0.9220 | dual_d 0.9795 | train_acc 0.9946 | train_full n/a | val_acc 1.0000 | val_f1 1.0000 | adv/moduleC 1.00/1.00 | disc_steps 2 | grad(main/disc) 5.388/1.430 | lr(main/disc) 8.50e-05/2.75e-05 | cuda_peak(alloc/resv) 21.77/28.18GB | phase(train/val/raw/train_eval) 2.8/0.3/0.0/0.0s | 3.2s
2026-08-29 21:31:14 | Epoch 033/060 | loss 2.1286 | cls 1.2742 | tal -0.1461 | dual_g 0.8982 | dual_d 1.0078 | train_acc 0.9973 | train_full n/a | val_acc 0.9231 | val_f1 0.9426 | adv/moduleC 1.00/1.00 | disc_steps 2 | grad(main/disc) 3.774/1.467 | lr(main/disc) 8.50e-05/2.75e-05 | cuda_peak(alloc/resv) 21.77/28.18GB | phase(train/val/raw/train_eval) 3.1/0.3/0.0/0.0s | 3.4s
2026-08-29 21:31:17 | Epoch 034/060 | loss 2.1261 | cls 1.2840 | tal -0.2035 | dual_g 0.9031 | dual_d 0.9746 | train_acc 0.9946 | train_full n/a | val_acc 0.8462 | val_f1 0.8626 | adv/moduleC 1.00/1.00 | disc_steps 2 | grad(main/disc) 3.759/1.412 | lr(main/disc) 8.50e-05/2.75e-05 | cuda_peak(alloc/resv) 21.77/28.18GB | phase(train/val/raw/train_eval) 3.2/0.3/0.0/0.0s | 3.5s
2026-08-29 21:31:22 | Epoch 035/060 | loss 2.1391 | cls 1.2802 | tal -0.1383 | dual_g 0.9004 | dual_d 0.9430 | train_acc 0.9946 | train_full 0.9792 | val_acc 0.8846 | val_f1 0.8836 | adv/moduleC 1.00/1.00 | disc_steps 2 | grad(main/disc) 4.422/1.350 | lr(main/disc) 8.50e-05/2.75e-05 | cuda_peak(alloc/resv) 21.77/28.18GB | phase(train/val/raw/train_eval) 3.1/0.4/0.4/0.5s | 4.4s
2026-08-29 21:31:25 | Epoch 036/060 | loss 2.1099 | cls 1.2634 | tal -0.1683 | dual_g 0.8970 | dual_d 0.9527 | train_acc 0.9946 | train_full n/a | val_acc 1.0000 | val_f1 1.0000 | adv/moduleC 1.00/1.00 | disc_steps 2 | grad(main/disc) 3.422/1.339 | lr(main/disc) 8.50e-05/2.75e-05 | cuda_peak(alloc/resv) 21.77/28.18GB | phase(train/val/raw/train_eval) 3.1/0.3/0.0/0.0s | 3.5s
2026-08-29 21:31:28 | Epoch 037/060 | loss 2.1305 | cls 1.2757 | tal -0.1622 | dual_g 0.9035 | dual_d 0.9675 | train_acc 1.0000 | train_full n/a | val_acc 1.0000 | val_f1 1.0000 | adv/moduleC 1.00/1.00 | disc_steps 2 | grad(main/disc) 3.891/1.343 | lr(main/disc) 8.50e-05/2.75e-05 | cuda_peak(alloc/resv) 21.77/28.18GB | phase(train/val/raw/train_eval) 3.0/0.3/0.0/0.0s | 3.4s
2026-08-29 21:31:32 | Epoch 038/060 | loss 2.1240 | cls 1.2799 | tal -0.1481 | dual_g 0.8886 | dual_d 1.0204 | train_acc 0.9891 | train_full n/a | val_acc 1.0000 | val_f1 1.0000 | adv/moduleC 1.00/1.00 | disc_steps 2 | grad(main/disc) 3.785/1.400 | lr(main/disc) 8.50e-05/2.75e-05 | cuda_peak(alloc/resv) 21.77/28.18GB | phase(train/val/raw/train_eval) 3.1/0.3/0.0/0.0s | 3.4s
2026-08-29 21:31:36 | Epoch 039/060 | loss 2.0884 | cls 1.2503 | tal -0.1664 | dual_g 0.8880 | dual_d 0.9820 | train_acc 0.9973 | train_full n/a | val_acc 1.0000 | val_f1 1.0000 | adv/moduleC 1.00/1.00 | disc_steps 2 | grad(main/disc) 2.758/1.359 | lr(main/disc) 8.50e-05/2.75e-05 | cuda_peak(alloc/resv) 21.77/28.18GB | phase(train/val/raw/train_eval) 3.5/0.3/0.0/0.0s | 3.8s
2026-08-29 21:31:40 | Epoch 040/060 | loss 2.0903 | cls 1.2531 | tal -0.1228 | dual_g 0.8741 | dual_d 1.0045 | train_acc 0.9973 | train_full 0.9896 | val_acc 0.9615 | val_f1 0.9737 | adv/moduleC 1.00/1.00 | disc_steps 2 | grad(main/disc) 3.347/1.366 | lr(main/disc) 8.50e-05/2.75e-05 | cuda_peak(alloc/resv) 21.77/28.18GB | phase(train/val/raw/train_eval) 2.8/0.3/0.4/0.5s | 4.1s
2026-08-29 21:31:44 | Epoch 041/060 | loss 2.0777 | cls 1.2579 | tal -0.1889 | dual_g 0.8765 | dual_d 1.0246 | train_acc 0.9973 | train_full n/a | val_acc 0.9615 | val_f1 0.9737 | adv/moduleC 1.00/1.00 | disc_steps 2 | grad(main/disc) 3.756/1.379 | lr(main/disc) 4.25e-05/1.38e-05 | cuda_peak(alloc/resv) 21.77/28.18GB | phase(train/val/raw/train_eval) 3.4/0.3/0.0/0.0s | 3.8s
2026-08-29 21:31:47 | Epoch 042/060 | loss 2.0930 | cls 1.2482 | tal -0.1429 | dual_g 0.8877 | dual_d 1.0323 | train_acc 1.0000 | train_full n/a | val_acc 1.0000 | val_f1 1.0000 | adv/moduleC 1.00/1.00 | disc_steps 2 | grad(main/disc) 3.246/1.386 | lr(main/disc) 4.25e-05/1.38e-05 | cuda_peak(alloc/resv) 21.77/28.18GB | phase(train/val/raw/train_eval) 2.8/0.3/0.0/0.0s | 3.2s
2026-08-29 21:31:50 | Epoch 043/060 | loss 2.0649 | cls 1.2451 | tal -0.1695 | dual_g 0.8707 | dual_d 1.0345 | train_acc 1.0000 | train_full n/a | val_acc 1.0000 | val_f1 1.0000 | adv/moduleC 1.00/1.00 | disc_steps 2 | grad(main/disc) 2.438/1.367 | lr(main/disc) 4.25e-05/1.38e-05 | cuda_peak(alloc/resv) 21.77/28.18GB | phase(train/val/raw/train_eval) 3.2/0.3/0.0/0.0s | 3.5s
2026-08-29 21:31:54 | Epoch 044/060 | loss 2.0489 | cls 1.2407 | tal -0.1890 | dual_g 0.8649 | dual_d 1.0484 | train_acc 0.9918 | train_full n/a | val_acc 0.9615 | val_f1 0.9663 | adv/moduleC 1.00/1.00 | disc_steps 2 | grad(main/disc) 2.633/1.363 | lr(main/disc) 4.25e-05/1.38e-05 | cuda_peak(alloc/resv) 21.77/28.18GB | phase(train/val/raw/train_eval) 3.1/0.4/0.0/0.0s | 3.4s
2026-08-29 21:31:58 | Epoch 045/060 | loss 2.0580 | cls 1.2476 | tal -0.1925 | dual_g 0.8682 | dual_d 1.0491 | train_acc 1.0000 | train_full 0.9688 | val_acc 1.0000 | val_f1 1.0000 | adv/moduleC 1.00/1.00 | disc_steps 2 | grad(main/disc) 2.981/1.393 | lr(main/disc) 4.25e-05/1.38e-05 | cuda_peak(alloc/resv) 21.77/28.18GB | phase(train/val/raw/train_eval) 3.1/0.3/0.3/0.5s | 4.3s
2026-08-29 21:32:01 | Epoch 046/060 | loss 2.0450 | cls 1.2332 | tal -0.2040 | dual_g 0.8730 | dual_d 1.0396 | train_acc 1.0000 | train_full n/a | val_acc 1.0000 | val_f1 1.0000 | adv/moduleC 1.00/1.00 | disc_steps 2 | grad(main/disc) 3.171/1.355 | lr(main/disc) 4.25e-05/1.38e-05 | cuda_peak(alloc/resv) 21.77/28.18GB | phase(train/val/raw/train_eval) 2.9/0.3/0.0/0.0s | 3.3s
2026-08-29 21:32:05 | Epoch 047/060 | loss 2.0505 | cls 1.2526 | tal -0.2292 | dual_g 0.8666 | dual_d 1.0478 | train_acc 0.9946 | train_full n/a | val_acc 1.0000 | val_f1 1.0000 | adv/moduleC 1.00/1.00 | disc_steps 2 | grad(main/disc) 3.033/1.369 | lr(main/disc) 4.25e-05/1.38e-05 | cuda_peak(alloc/resv) 21.77/28.18GB | phase(train/val/raw/train_eval) 3.3/0.3/0.0/0.0s | 3.6s
2026-08-29 21:32:08 | Epoch 048/060 | loss 2.0596 | cls 1.2403 | tal -0.1832 | dual_g 0.8743 | dual_d 1.0901 | train_acc 1.0000 | train_full n/a | val_acc 1.0000 | val_f1 1.0000 | adv/moduleC 1.00/1.00 | disc_steps 2 | grad(main/disc) 3.019/1.420 | lr(main/disc) 4.25e-05/1.38e-05 | cuda_peak(alloc/resv) 21.77/28.18GB | phase(train/val/raw/train_eval) 3.3/0.3/0.0/0.0s | 3.6s
2026-08-29 21:32:12 | Epoch 049/060 | loss 2.0451 | cls 1.2365 | tal -0.2074 | dual_g 0.8708 | dual_d 0.9994 | train_acc 1.0000 | train_full n/a | val_acc 1.0000 | val_f1 1.0000 | adv/moduleC 1.00/1.00 | disc_steps 2 | grad(main/disc) 2.771/1.333 | lr(main/disc) 4.25e-05/1.38e-05 | cuda_peak(alloc/resv) 21.77/28.18GB | phase(train/val/raw/train_eval) 2.9/0.3/0.0/0.0s | 3.3s
2026-08-29 21:32:16 | Epoch 050/060 | loss 2.0429 | cls 1.2336 | tal -0.1892 | dual_g 0.8661 | dual_d 1.0640 | train_acc 0.9973 | train_full 1.0000 | val_acc 1.0000 | val_f1 1.0000 | adv/moduleC 1.00/1.00 | disc_steps 2 | grad(main/disc) 2.335/1.376 | lr(main/disc) 4.25e-05/1.38e-05 | cuda_peak(alloc/resv) 21.77/28.18GB | phase(train/val/raw/train_eval) 3.1/0.3/0.4/0.5s | 4.4s
2026-08-29 21:32:16 | Early stopping at epoch 50 after 21 epochs without val_f1_macro_present improvement.
2026-08-29 21:32:16 | Training complete. Peak validation accuracy: 1.0000 | selected val_f1_macro_present: 1.0000
Dual_D experiment matrix complete.
Batch summary: runs/module_c_ablation_60_v8/module_c_20260829_205331/batch_summary_20260829_205332.json
黑天: selected-epoch val ACC 0.9667 ± 0.0136 | Precision 0.9611 | Recall 0.9692 | F1 0.9626 over 3 run(s)
逆光: selected-epoch val ACC 0.9910 ± 0.0127 | Precision 0.9926 | Recall 0.9954 | F1 0.9934 over 3 run(s)
雨天: selected-epoch val ACC 1.0000 ± 0.0000 | Precision 1.0000 | Recall 1.0000 | F1 1.0000 over 3 run(s)
/home/lixiang/envs/lx_pytorch/lib/python3.11/site-packages/torch/cuda/__init__.py:1061: UserWarning: Can't initialize NVML
  raw_cnt = _raw_device_count_nvml()
2026-08-29 21:32:18 | Starting Dual_D standalone training
2026-08-29 21:32:18 | Run directory: runs/module_c_ablation_60_v8/module_c_20260829_205331/module_c_no_cycle_黑天_20260829_213218
2026-08-29 21:32:18 | Device: cuda
2026-08-29 21:32:18 | Source train samples: 992
2026-08-29 21:32:18 | Target train samples: 465
2026-08-29 21:32:18 | Target val samples: 120
2026-08-29 21:32:18 | Classes: 14
2026-08-29 21:32:18 | Data audit: same_dir=False | path_overlap(vis/ir/ais)=0/0/0 | content_overlap(vis/ir/ais)=0/0/0 | ais_index_overlap=0 | stem_mismatch(vis-ir/vis-ais)=578/0
2026-08-29 21:32:18 | source_train classes: present 14/14 | absent 0 | counts [0:120, 1:44, 2:69, 3:45, 4:40, 5:30, 6:64, 7:80, 8:116, 9:68, 10:57, 11:83, 12:48, 13:128]
2026-08-29 21:32:18 | target_train classes: present 8/14 | absent 6 | counts [0:100, 2:11, 3:16, 6:89, 9:162, 10:12, 11:44, 13:31]
2026-08-29 21:32:18 | target_val classes: present 8/14 | absent 6 | counts [0:26, 2:3, 3:5, 6:23, 9:41, 10:3, 11:11, 13:8]
2026-08-29 21:32:18 | Paired training classes: 8/14 | class ids [0, 2, 3, 6, 9, 10, 11, 13]
2026-08-29 21:32:18 | Runtime profile: batch=92 | paired_steps=6 | workers=16 | train_eval_every=5 | raw_eval_every=5 | stability_window=1 | lr_scheduler_start=24 | early_stop=15 after min_epoch=48
2026-08-29 21:32:18 | VIS/IR pairing: class-level-unpaired | count-mismatch classes train/val: 10/0 | AIS alignment: none | AIS rows train/val: 0/0
2026-08-29 21:32:19 | Effective Dual-D loss weights: {"adv_auxiliary": 0.03, "adv_primary": 0.03, "classification": 0.65, "contrastive": 0.055, "cycle": 0.0, "identity": 0.04, "prototype_contrastive": 0.03}
2026-08-29 21:32:19 | Model parameters: total=17277714 | trainable=17120210
Starting run 1/9: domain=黑天, iteration=1, seed=42
2026-08-29 21:32:25 | Epoch 001/060 | loss 5.6796 | cls 5.6332 | tal 0.1547 | dual_g 0.0000 | dual_d 0.0000 | train_acc 0.0996 | train_full 0.1032 | val_acc 0.0667 | val_f1 0.0287 | adv/moduleC 0.00/0.00 | disc_steps 0 | grad(main/disc) 16.483/0.000 | lr(main/disc) 8.50e-05/3.20e-05 | cuda_peak(alloc/resv) 21.78/28.18GB | phase(train/val/raw/train_eval) 4.5/0.6/0.5/0.8s | 6.5s
2026-08-29 21:32:28 | New best val_f1_macro_present: raw=0.0287 stable_score=0.0287 at epoch 1
2026-08-29 21:32:32 | Epoch 002/060 | loss 4.4902 | cls 4.4693 | tal 0.0697 | dual_g 0.0000 | dual_d 0.0000 | train_acc 0.2373 | train_full n/a | val_acc 0.2167 | val_f1 0.1650 | adv/moduleC 0.00/0.00 | disc_steps 0 | grad(main/disc) 12.548/0.000 | lr(main/disc) 8.50e-05/3.20e-05 | cuda_peak(alloc/resv) 21.78/28.18GB | phase(train/val/raw/train_eval) 3.2/0.6/0.6/0.0s | 4.3s
2026-08-29 21:32:35 | New best val_f1_macro_present: raw=0.1650 stable_score=0.1650 at epoch 2
2026-08-29 21:32:39 | Epoch 003/060 | loss 3.6365 | cls 3.6368 | tal -0.0012 | dual_g 0.0000 | dual_d 0.0000 | train_acc 0.3678 | train_full n/a | val_acc 0.1750 | val_f1 0.1369 | adv/moduleC 0.00/0.00 | disc_steps 0 | grad(main/disc) 10.783/0.000 | lr(main/disc) 8.50e-05/3.20e-05 | cuda_peak(alloc/resv) 21.78/28.18GB | phase(train/val/raw/train_eval) 3.4/0.6/0.0/0.0s | 3.9s
2026-08-29 21:32:43 | Epoch 004/060 | loss 3.5192 | cls 3.2091 | tal -0.0068 | dual_g 0.3121 | dual_d 0.0000 | train_acc 0.5435 | train_full n/a | val_acc 0.1917 | val_f1 0.1367 | adv/moduleC 0.00/0.12 | disc_steps 0 | grad(main/disc) 10.190/0.000 | lr(main/disc) 8.50e-05/3.20e-05 | cuda_peak(alloc/resv) 21.78/28.18GB | phase(train/val/raw/train_eval) 3.4/0.6/0.0/0.0s | 4.0s
2026-08-29 21:32:48 | Epoch 005/060 | loss 3.3981 | cls 2.8615 | tal -0.0610 | dual_g 0.5549 | dual_d 0.0000 | train_acc 0.5960 | train_full 0.3097 | val_acc 0.3167 | val_f1 0.2887 | adv/moduleC 0.00/0.25 | disc_steps 0 | grad(main/disc) 9.851/0.000 | lr(main/disc) 8.50e-05/3.20e-05 | cuda_peak(alloc/resv) 21.78/28.18GB | phase(train/val/raw/train_eval) 3.4/0.6/0.6/0.8s | 5.4s
2026-08-29 21:32:51 | New best val_f1_macro_present: raw=0.2887 stable_score=0.2887 at epoch 5
2026-08-29 21:32:56 | Epoch 006/060 | loss 3.3584 | cls 2.5894 | tal 0.0203 | dual_g 0.7629 | dual_d 0.9425 | train_acc 0.6522 | train_full n/a | val_acc 0.4833 | val_f1 0.5393 | adv/moduleC 0.07/0.38 | disc_steps 3 | grad(main/disc) 9.852/1.890 | lr(main/disc) 8.50e-05/3.20e-05 | cuda_peak(alloc/resv) 21.78/28.18GB | phase(train/val/raw/train_eval) 3.5/0.6/0.6/0.0s | 4.7s
2026-08-29 21:32:58 | New best val_f1_macro_present: raw=0.5393 stable_score=0.5393 at epoch 6
2026-08-29 21:33:03 | Epoch 007/060 | loss 3.3587 | cls 2.4051 | tal 0.0396 | dual_g 0.9418 | dual_d 0.8830 | train_acc 0.7101 | train_full n/a | val_acc 0.6667 | val_f1 0.6899 | adv/moduleC 0.13/0.50 | disc_steps 3 | grad(main/disc) 9.919/1.763 | lr(main/disc) 8.50e-05/3.20e-05 | cuda_peak(alloc/resv) 21.78/28.18GB | phase(train/val/raw/train_eval) 3.5/0.6/0.6/0.0s | 4.7s
2026-08-29 21:33:06 | New best val_f1_macro_present: raw=0.6899 stable_score=0.6899 at epoch 7
2026-08-29 21:33:10 | Epoch 008/060 | loss 3.3385 | cls 2.2317 | tal 0.0729 | dual_g 1.0850 | dual_d 0.9076 | train_acc 0.7373 | train_full n/a | val_acc 0.6417 | val_f1 0.6816 | adv/moduleC 0.20/0.62 | disc_steps 3 | grad(main/disc) 9.982/1.760 | lr(main/disc) 8.50e-05/3.20e-05 | cuda_peak(alloc/resv) 21.78/28.18GB | phase(train/val/raw/train_eval) 3.7/0.6/0.0/0.0s | 4.3s
2026-08-29 21:33:15 | Epoch 009/060 | loss 3.1413 | cls 1.9672 | tal 0.0320 | dual_g 1.1646 | dual_d 0.8977 | train_acc 0.7989 | train_full n/a | val_acc 0.6750 | val_f1 0.7034 | adv/moduleC 0.27/0.75 | disc_steps 3 | grad(main/disc) 9.454/1.731 | lr(main/disc) 8.50e-05/3.20e-05 | cuda_peak(alloc/resv) 21.78/28.18GB | phase(train/val/raw/train_eval) 3.3/0.6/0.6/0.0s | 4.4s
2026-08-29 21:33:17 | New best val_f1_macro_present: raw=0.7034 stable_score=0.7034 at epoch 9
2026-08-29 21:33:23 | Epoch 010/060 | loss 3.1887 | cls 1.8866 | tal 0.0321 | dual_g 1.2925 | dual_d 0.8424 | train_acc 0.8297 | train_full 0.7699 | val_acc 0.7167 | val_f1 0.6919 | adv/moduleC 0.33/0.88 | disc_steps 3 | grad(main/disc) 13.014/1.643 | lr(main/disc) 8.50e-05/3.20e-05 | cuda_peak(alloc/resv) 21.78/28.18GB | phase(train/val/raw/train_eval) 3.5/0.6/0.6/0.8s | 5.5s
2026-08-29 21:33:27 | Epoch 011/060 | loss 3.1432 | cls 1.7421 | tal 0.0292 | dual_g 1.3923 | dual_d 0.8307 | train_acc 0.8623 | train_full n/a | val_acc 0.8583 | val_f1 0.8210 | adv/moduleC 0.40/1.00 | disc_steps 3 | grad(main/disc) 12.268/1.572 | lr(main/disc) 8.50e-05/3.20e-05 | cuda_peak(alloc/resv) 21.78/28.18GB | phase(train/val/raw/train_eval) 3.5/0.6/0.6/0.0s | 4.7s
2026-08-29 21:33:30 | New best val_f1_macro_present: raw=0.8210 stable_score=0.8210 at epoch 11
2026-08-29 21:33:34 | Epoch 012/060 | loss 2.9707 | cls 1.6514 | tal -0.0062 | dual_g 1.3212 | dual_d 0.8721 | train_acc 0.8804 | train_full n/a | val_acc 0.8250 | val_f1 0.7870 | adv/moduleC 0.47/1.00 | disc_steps 3 | grad(main/disc) 10.053/1.581 | lr(main/disc) 8.50e-05/3.20e-05 | cuda_peak(alloc/resv) 21.78/28.18GB | phase(train/val/raw/train_eval) 3.7/0.6/0.0/0.0s | 4.2s
2026-08-29 21:33:38 | Epoch 013/060 | loss 2.8647 | cls 1.5985 | tal -0.0188 | dual_g 1.2719 | dual_d 0.8467 | train_acc 0.8931 | train_full n/a | val_acc 0.8167 | val_f1 0.7764 | adv/moduleC 0.53/1.00 | disc_steps 3 | grad(main/disc) 9.564/1.501 | lr(main/disc) 8.50e-05/3.20e-05 | cuda_peak(alloc/resv) 21.78/28.18GB | phase(train/val/raw/train_eval) 3.3/0.6/0.0/0.0s | 3.8s
2026-08-29 21:33:42 | Epoch 014/060 | loss 2.7670 | cls 1.5416 | tal -0.0421 | dual_g 1.2380 | dual_d 0.8262 | train_acc 0.9076 | train_full n/a | val_acc 0.8500 | val_f1 0.8093 | adv/moduleC 0.60/1.00 | disc_steps 3 | grad(main/disc) 8.507/1.528 | lr(main/disc) 8.50e-05/3.20e-05 | cuda_peak(alloc/resv) 21.78/28.18GB | phase(train/val/raw/train_eval) 3.5/0.6/0.0/0.0s | 4.0s
2026-08-29 21:33:47 | Epoch 015/060 | loss 2.6474 | cls 1.4972 | tal -0.0688 | dual_g 1.1709 | dual_d 0.8324 | train_acc 0.9330 | train_full 0.8581 | val_acc 0.8667 | val_f1 0.8240 | adv/moduleC 0.67/1.00 | disc_steps 3 | grad(main/disc) 9.103/1.460 | lr(main/disc) 8.50e-05/3.20e-05 | cuda_peak(alloc/resv) 21.78/28.18GB | phase(train/val/raw/train_eval) 3.2/0.6/0.6/0.8s | 5.2s
2026-08-29 21:33:50 | New best val_f1_macro_present: raw=0.8240 stable_score=0.8240 at epoch 15
2026-08-29 21:33:55 | Epoch 016/060 | loss 2.6207 | cls 1.4714 | tal -0.0045 | dual_g 1.1506 | dual_d 0.8781 | train_acc 0.9402 | train_full n/a | val_acc 0.8750 | val_f1 0.8252 | adv/moduleC 0.73/1.00 | disc_steps 3 | grad(main/disc) 9.651/1.485 | lr(main/disc) 8.50e-05/3.20e-05 | cuda_peak(alloc/resv) 21.78/28.18GB | phase(train/val/raw/train_eval) 3.4/0.6/0.6/0.0s | 4.5s
2026-08-29 21:33:57 | New best val_f1_macro_present: raw=0.8252 stable_score=0.8252 at epoch 16
2026-08-29 21:34:02 | Epoch 017/060 | loss 2.5593 | cls 1.4248 | tal -0.0282 | dual_g 1.1429 | dual_d 0.9119 | train_acc 0.9565 | train_full n/a | val_acc 0.8917 | val_f1 0.8553 | adv/moduleC 0.80/1.00 | disc_steps 3 | grad(main/disc) 8.430/1.489 | lr(main/disc) 8.50e-05/3.20e-05 | cuda_peak(alloc/resv) 21.78/28.18GB | phase(train/val/raw/train_eval) 3.5/0.6/0.6/0.0s | 4.6s
2026-08-29 21:34:05 | New best val_f1_macro_present: raw=0.8553 stable_score=0.8553 at epoch 17
2026-08-29 21:34:09 | Epoch 018/060 | loss 2.5068 | cls 1.3880 | tal -0.0061 | dual_g 1.1206 | dual_d 0.9280 | train_acc 0.9692 | train_full n/a | val_acc 0.9000 | val_f1 0.8617 | adv/moduleC 0.87/1.00 | disc_steps 3 | grad(main/disc) 7.065/1.515 | lr(main/disc) 8.50e-05/3.20e-05 | cuda_peak(alloc/resv) 21.78/28.18GB | phase(train/val/raw/train_eval) 3.2/0.6/0.6/0.0s | 4.4s
2026-08-29 21:34:12 | New best val_f1_macro_present: raw=0.8617 stable_score=0.8617 at epoch 18
2026-08-29 21:34:16 | Epoch 019/060 | loss 2.5107 | cls 1.3947 | tal -0.0596 | dual_g 1.1339 | dual_d 0.9547 | train_acc 0.9746 | train_full n/a | val_acc 0.8917 | val_f1 0.8620 | adv/moduleC 0.93/1.00 | disc_steps 3 | grad(main/disc) 8.311/1.529 | lr(main/disc) 8.50e-05/3.20e-05 | cuda_peak(alloc/resv) 21.78/28.18GB | phase(train/val/raw/train_eval) 3.5/0.6/0.0/0.0s | 4.1s
2026-08-29 21:34:21 | Epoch 020/060 | loss 2.4701 | cls 1.3662 | tal -0.0383 | dual_g 1.1154 | dual_d 0.9712 | train_acc 0.9620 | train_full 0.9161 | val_acc 0.8750 | val_f1 0.8369 | adv/moduleC 1.00/1.00 | disc_steps 3 | grad(main/disc) 7.192/1.539 | lr(main/disc) 8.50e-05/3.20e-05 | cuda_peak(alloc/resv) 21.78/28.18GB | phase(train/val/raw/train_eval) 3.4/0.6/0.6/0.8s | 5.4s
2026-08-29 21:34:26 | Epoch 021/060 | loss 2.4240 | cls 1.3505 | tal 0.0022 | dual_g 1.0728 | dual_d 0.9404 | train_acc 0.9728 | train_full n/a | val_acc 0.9333 | val_f1 0.8982 | adv/moduleC 1.00/1.00 | disc_steps 3 | grad(main/disc) 5.949/1.479 | lr(main/disc) 8.50e-05/3.20e-05 | cuda_peak(alloc/resv) 21.78/28.18GB | phase(train/val/raw/train_eval) 3.1/0.6/0.6/0.0s | 4.3s
2026-08-29 21:34:29 | New best val_f1_macro_present: raw=0.8982 stable_score=0.8982 at epoch 21
2026-08-29 21:34:32 | Epoch 022/060 | loss 2.4007 | cls 1.3500 | tal -0.0261 | dual_g 1.0586 | dual_d 0.9519 | train_acc 0.9638 | train_full n/a | val_acc 0.9333 | val_f1 0.8946 | adv/moduleC 1.00/1.00 | disc_steps 3 | grad(main/disc) 6.439/1.490 | lr(main/disc) 8.50e-05/3.20e-05 | cuda_peak(alloc/resv) 21.78/28.18GB | phase(train/val/raw/train_eval) 3.2/0.6/0.0/0.0s | 3.8s
2026-08-29 21:34:36 | Epoch 023/060 | loss 2.3789 | cls 1.3335 | tal -0.0491 | dual_g 1.0601 | dual_d 0.9678 | train_acc 0.9764 | train_full n/a | val_acc 0.9083 | val_f1 0.8795 | adv/moduleC 1.00/1.00 | disc_steps 3 | grad(main/disc) 5.969/1.453 | lr(main/disc) 8.50e-05/3.20e-05 | cuda_peak(alloc/resv) 21.78/28.18GB | phase(train/val/raw/train_eval) 3.4/0.6/0.0/0.0s | 3.9s
2026-08-29 21:34:41 | Epoch 024/060 | loss 2.3310 | cls 1.3155 | tal -0.0576 | dual_g 1.0328 | dual_d 1.0090 | train_acc 0.9710 | train_full n/a | val_acc 0.9500 | val_f1 0.9331 | adv/moduleC 1.00/1.00 | disc_steps 3 | grad(main/disc) 5.568/1.535 | lr(main/disc) 8.50e-05/3.20e-05 | cuda_peak(alloc/resv) 21.78/28.18GB | phase(train/val/raw/train_eval) 3.2/0.6/0.6/0.0s | 4.3s
2026-08-29 21:34:44 | New best val_f1_macro_present: raw=0.9331 stable_score=0.9331 at epoch 24
2026-08-29 21:34:49 | Epoch 025/060 | loss 2.3435 | cls 1.3203 | tal 0.0030 | dual_g 1.0223 | dual_d 0.9778 | train_acc 0.9764 | train_full 0.9656 | val_acc 0.9167 | val_f1 0.8946 | adv/moduleC 1.00/1.00 | disc_steps 3 | grad(main/disc) 5.226/1.467 | lr(main/disc) 8.50e-05/3.20e-05 | cuda_peak(alloc/resv) 21.78/28.18GB | phase(train/val/raw/train_eval) 3.4/0.6/0.6/0.8s | 5.4s
2026-08-29 21:34:53 | Epoch 026/060 | loss 2.2853 | cls 1.2918 | tal -0.0516 | dual_g 1.0089 | dual_d 1.0629 | train_acc 0.9746 | train_full n/a | val_acc 0.8833 | val_f1 0.8631 | adv/moduleC 1.00/1.00 | disc_steps 3 | grad(main/disc) 4.915/1.555 | lr(main/disc) 8.50e-05/3.20e-05 | cuda_peak(alloc/resv) 21.78/28.18GB | phase(train/val/raw/train_eval) 3.3/0.6/0.0/0.0s | 3.9s
2026-08-29 21:34:57 | Epoch 027/060 | loss 2.2987 | cls 1.2988 | tal -0.0269 | dual_g 1.0079 | dual_d 1.0214 | train_acc 0.9783 | train_full n/a | val_acc 0.9250 | val_f1 0.9164 | adv/moduleC 1.00/1.00 | disc_steps 3 | grad(main/disc) 5.714/1.485 | lr(main/disc) 8.50e-05/3.20e-05 | cuda_peak(alloc/resv) 21.78/28.18GB | phase(train/val/raw/train_eval) 3.3/0.6/0.0/0.0s | 3.9s
2026-08-29 21:35:00 | Epoch 028/060 | loss 2.2422 | cls 1.2640 | tal -0.0664 | dual_g 0.9982 | dual_d 1.0751 | train_acc 0.9891 | train_full n/a | val_acc 0.9167 | val_f1 0.8933 | adv/moduleC 1.00/1.00 | disc_steps 3 | grad(main/disc) 4.761/1.574 | lr(main/disc) 8.50e-05/3.20e-05 | cuda_peak(alloc/resv) 21.78/28.18GB | phase(train/val/raw/train_eval) 3.3/0.6/0.0/0.0s | 3.8s
2026-08-29 21:35:04 | Epoch 029/060 | loss 2.2443 | cls 1.2668 | tal -0.0345 | dual_g 0.9878 | dual_d 1.0918 | train_acc 0.9819 | train_full n/a | val_acc 0.9083 | val_f1 0.8717 | adv/moduleC 1.00/1.00 | disc_steps 3 | grad(main/disc) 4.275/1.543 | lr(main/disc) 8.50e-05/3.20e-05 | cuda_peak(alloc/resv) 21.78/28.18GB | phase(train/val/raw/train_eval) 3.3/0.6/0.0/0.0s | 3.9s
2026-08-29 21:35:10 | Epoch 030/060 | loss 2.2170 | cls 1.2513 | tal -0.0724 | dual_g 0.9874 | dual_d 1.0413 | train_acc 0.9928 | train_full 0.9441 | val_acc 0.9250 | val_f1 0.9143 | adv/moduleC 1.00/1.00 | disc_steps 3 | grad(main/disc) 3.627/1.457 | lr(main/disc) 8.50e-05/3.20e-05 | cuda_peak(alloc/resv) 21.78/28.18GB | phase(train/val/raw/train_eval) 3.5/0.6/0.6/0.8s | 5.5s
2026-08-29 21:35:14 | Epoch 031/060 | loss 2.1712 | cls 1.2357 | tal -0.1170 | dual_g 0.9706 | dual_d 1.0830 | train_acc 0.9982 | train_full n/a | val_acc 0.9417 | val_f1 0.9197 | adv/moduleC 1.00/1.00 | disc_steps 3 | grad(main/disc) 3.392/1.494 | lr(main/disc) 8.50e-05/3.20e-05 | cuda_peak(alloc/resv) 21.78/28.18GB | phase(train/val/raw/train_eval) 3.1/0.6/0.0/0.0s | 3.7s
2026-08-29 21:35:17 | Epoch 032/060 | loss 2.1555 | cls 1.2330 | tal -0.1286 | dual_g 0.9612 | dual_d 1.1117 | train_acc 0.9964 | train_full n/a | val_acc 0.9333 | val_f1 0.9193 | adv/moduleC 1.00/1.00 | disc_steps 3 | grad(main/disc) 3.337/1.513 | lr(main/disc) 8.50e-05/3.20e-05 | cuda_peak(alloc/resv) 21.78/28.18GB | phase(train/val/raw/train_eval) 3.3/0.6/0.0/0.0s | 3.9s
2026-08-29 21:35:21 | Epoch 033/060 | loss 2.1693 | cls 1.2400 | tal -0.1282 | dual_g 0.9677 | dual_d 1.0973 | train_acc 0.9891 | train_full n/a | val_acc 0.9500 | val_f1 0.9341 | adv/moduleC 1.00/1.00 | disc_steps 3 | grad(main/disc) 3.279/1.448 | lr(main/disc) 8.50e-05/3.20e-05 | cuda_peak(alloc/resv) 21.78/28.18GB | phase(train/val/raw/train_eval) 3.2/0.6/0.0/0.0s | 3.8s
2026-08-29 21:35:25 | Epoch 034/060 | loss 2.1537 | cls 1.2308 | tal -0.1351 | dual_g 0.9635 | dual_d 1.0984 | train_acc 0.9928 | train_full n/a | val_acc 0.9333 | val_f1 0.8973 | adv/moduleC 1.00/1.00 | disc_steps 3 | grad(main/disc) 3.690/1.420 | lr(main/disc) 8.50e-05/3.20e-05 | cuda_peak(alloc/resv) 21.78/28.18GB | phase(train/val/raw/train_eval) 3.5/0.6/0.0/0.0s | 4.1s
2026-08-29 21:35:30 | Epoch 035/060 | loss 2.1459 | cls 1.2258 | tal -0.1271 | dual_g 0.9582 | dual_d 1.1400 | train_acc 1.0000 | train_full 0.9398 | val_acc 0.9167 | val_f1 0.8799 | adv/moduleC 1.00/1.00 | disc_steps 3 | grad(main/disc) 3.242/1.493 | lr(main/disc) 8.50e-05/3.20e-05 | cuda_peak(alloc/resv) 21.78/28.18GB | phase(train/val/raw/train_eval) 3.3/0.6/0.6/0.8s | 5.2s
2026-08-29 21:35:35 | Epoch 036/060 | loss 2.1481 | cls 1.2271 | tal -0.1265 | dual_g 0.9589 | dual_d 1.1298 | train_acc 0.9946 | train_full n/a | val_acc 0.9750 | val_f1 0.9643 | adv/moduleC 1.00/1.00 | disc_steps 3 | grad(main/disc) 3.483/1.492 | lr(main/disc) 8.50e-05/3.20e-05 | cuda_peak(alloc/resv) 21.78/28.18GB | phase(train/val/raw/train_eval) 3.4/0.6/0.6/0.0s | 4.5s
2026-08-29 21:35:38 | New best val_f1_macro_present: raw=0.9643 stable_score=0.9643 at epoch 36
2026-08-29 21:35:42 | Epoch 037/060 | loss 2.1039 | cls 1.2150 | tal -0.1614 | dual_g 0.9373 | dual_d 1.1313 | train_acc 0.9946 | train_full n/a | val_acc 0.9167 | val_f1 0.9201 | adv/moduleC 1.00/1.00 | disc_steps 3 | grad(main/disc) 2.768/1.482 | lr(main/disc) 8.50e-05/3.20e-05 | cuda_peak(alloc/resv) 21.78/28.18GB | phase(train/val/raw/train_eval) 3.2/0.6/0.0/0.0s | 3.8s
2026-08-29 21:35:46 | Epoch 038/060 | loss 2.1039 | cls 1.2183 | tal -0.1549 | dual_g 0.9320 | dual_d 1.1085 | train_acc 0.9982 | train_full n/a | val_acc 0.9500 | val_f1 0.9197 | adv/moduleC 1.00/1.00 | disc_steps 3 | grad(main/disc) 2.565/1.446 | lr(main/disc) 8.50e-05/3.20e-05 | cuda_peak(alloc/resv) 21.78/28.18GB | phase(train/val/raw/train_eval) 3.7/0.6/0.0/0.0s | 4.3s
2026-08-29 21:35:50 | Epoch 039/060 | loss 2.0957 | cls 1.2030 | tal -0.1283 | dual_g 0.9312 | dual_d 1.1320 | train_acc 1.0000 | train_full n/a | val_acc 0.9333 | val_f1 0.9069 | adv/moduleC 1.00/1.00 | disc_steps 3 | grad(main/disc) 2.390/1.485 | lr(main/disc) 8.50e-05/3.20e-05 | cuda_peak(alloc/resv) 21.78/28.18GB | phase(train/val/raw/train_eval) 3.5/0.6/0.0/0.0s | 4.1s
2026-08-29 21:35:55 | Epoch 040/060 | loss 2.1044 | cls 1.2117 | tal -0.1395 | dual_g 0.9345 | dual_d 1.1820 | train_acc 0.9946 | train_full 0.9785 | val_acc 0.9417 | val_f1 0.9305 | adv/moduleC 1.00/1.00 | disc_steps 3 | grad(main/disc) 2.667/1.524 | lr(main/disc) 8.50e-05/3.20e-05 | cuda_peak(alloc/resv) 21.78/28.18GB | phase(train/val/raw/train_eval) 3.2/0.6/0.6/0.8s | 5.2s
2026-08-29 21:35:59 | Epoch 041/060 | loss 2.0949 | cls 1.2030 | tal -0.1329 | dual_g 0.9318 | dual_d 1.1134 | train_acc 0.9982 | train_full n/a | val_acc 0.9500 | val_f1 0.9236 | adv/moduleC 1.00/1.00 | disc_steps 3 | grad(main/disc) 2.782/1.387 | lr(main/disc) 8.50e-05/3.20e-05 | cuda_peak(alloc/resv) 21.78/28.18GB | phase(train/val/raw/train_eval) 3.4/0.6/0.0/0.0s | 4.0s
2026-08-29 21:36:03 | Epoch 042/060 | loss 2.0878 | cls 1.2050 | tal -0.1277 | dual_g 0.9211 | dual_d 1.1597 | train_acc 1.0000 | train_full n/a | val_acc 0.9333 | val_f1 0.9229 | adv/moduleC 1.00/1.00 | disc_steps 3 | grad(main/disc) 2.619/1.456 | lr(main/disc) 8.50e-05/3.20e-05 | cuda_peak(alloc/resv) 21.78/28.18GB | phase(train/val/raw/train_eval) 3.4/0.6/0.0/0.0s | 4.0s
2026-08-29 21:36:07 | Epoch 043/060 | loss 2.0770 | cls 1.2002 | tal -0.1453 | dual_g 0.9204 | dual_d 1.1353 | train_acc 0.9982 | train_full n/a | val_acc 0.9417 | val_f1 0.9283 | adv/moduleC 1.00/1.00 | disc_steps 3 | grad(main/disc) 2.648/1.411 | lr(main/disc) 8.50e-05/3.20e-05 | cuda_peak(alloc/resv) 21.78/28.18GB | phase(train/val/raw/train_eval) 3.2/0.6/0.0/0.0s | 3.8s
2026-08-29 21:36:11 | Epoch 044/060 | loss 2.0773 | cls 1.1964 | tal -0.1426 | dual_g 0.9237 | dual_d 1.1929 | train_acc 0.9982 | train_full n/a | val_acc 0.9333 | val_f1 0.8890 | adv/moduleC 1.00/1.00 | disc_steps 3 | grad(main/disc) 2.468/1.501 | lr(main/disc) 8.50e-05/3.20e-05 | cuda_peak(alloc/resv) 21.78/28.18GB | phase(train/val/raw/train_eval) 3.6/0.6/0.0/0.0s | 4.1s
2026-08-29 21:36:16 | Epoch 045/060 | loss 2.0864 | cls 1.2018 | tal -0.1306 | dual_g 0.9239 | dual_d 1.1587 | train_acc 0.9982 | train_full 0.9957 | val_acc 0.9750 | val_f1 0.9626 | adv/moduleC 1.00/1.00 | disc_steps 3 | grad(main/disc) 2.588/1.458 | lr(main/disc) 4.25e-05/1.60e-05 | cuda_peak(alloc/resv) 21.78/28.18GB | phase(train/val/raw/train_eval) 3.5/0.6/0.6/0.8s | 5.5s
2026-08-29 21:36:20 | Epoch 046/060 | loss 2.0749 | cls 1.1952 | tal -0.1299 | dual_g 0.9187 | dual_d 1.1823 | train_acc 0.9964 | train_full n/a | val_acc 0.9667 | val_f1 0.9557 | adv/moduleC 1.00/1.00 | disc_steps 3 | grad(main/disc) 2.340/1.481 | lr(main/disc) 4.25e-05/1.60e-05 | cuda_peak(alloc/resv) 21.78/28.18GB | phase(train/val/raw/train_eval) 3.3/0.6/0.0/0.0s | 3.9s
2026-08-29 21:36:24 | Epoch 047/060 | loss 2.0587 | cls 1.1830 | tal -0.1285 | dual_g 0.9142 | dual_d 1.1592 | train_acc 0.9982 | train_full n/a | val_acc 0.9583 | val_f1 0.9300 | adv/moduleC 1.00/1.00 | disc_steps 3 | grad(main/disc) 2.097/1.421 | lr(main/disc) 4.25e-05/1.60e-05 | cuda_peak(alloc/resv) 21.78/28.18GB | phase(train/val/raw/train_eval) 3.5/0.6/0.0/0.0s | 4.0s
2026-08-29 21:36:29 | Epoch 048/060 | loss 2.0512 | cls 1.1855 | tal -0.1547 | dual_g 0.9122 | dual_d 1.1392 | train_acc 0.9964 | train_full n/a | val_acc 0.9667 | val_f1 0.9466 | adv/moduleC 1.00/1.00 | disc_steps 3 | grad(main/disc) 2.181/1.411 | lr(main/disc) 4.25e-05/1.60e-05 | cuda_peak(alloc/resv) 21.78/28.18GB | phase(train/val/raw/train_eval) 3.6/0.6/0.0/0.0s | 4.2s
2026-08-29 21:36:32 | Epoch 049/060 | loss 2.0533 | cls 1.1933 | tal -0.1544 | dual_g 0.9063 | dual_d 1.1783 | train_acc 1.0000 | train_full n/a | val_acc 0.9667 | val_f1 0.9557 | adv/moduleC 1.00/1.00 | disc_steps 3 | grad(main/disc) 2.033/1.428 | lr(main/disc) 4.25e-05/1.60e-05 | cuda_peak(alloc/resv) 21.78/28.18GB | phase(train/val/raw/train_eval) 3.3/0.6/0.0/0.0s | 3.8s
2026-08-29 21:36:38 | Epoch 050/060 | loss 2.0415 | cls 1.1925 | tal -0.1690 | dual_g 0.8997 | dual_d 1.1613 | train_acc 0.9964 | train_full 0.9785 | val_acc 0.9667 | val_f1 0.9557 | adv/moduleC 1.00/1.00 | disc_steps 3 | grad(main/disc) 2.174/1.427 | lr(main/disc) 4.25e-05/1.60e-05 | cuda_peak(alloc/resv) 21.78/28.18GB | phase(train/val/raw/train_eval) 3.7/0.6/0.6/0.9s | 5.7s
2026-08-29 21:36:42 | Epoch 051/060 | loss 2.0455 | cls 1.1855 | tal -0.1565 | dual_g 0.9070 | dual_d 1.1687 | train_acc 0.9982 | train_full n/a | val_acc 0.9500 | val_f1 0.9369 | adv/moduleC 1.00/1.00 | disc_steps 3 | grad(main/disc) 1.859/1.408 | lr(main/disc) 4.25e-05/1.60e-05 | cuda_peak(alloc/resv) 21.78/28.18GB | phase(train/val/raw/train_eval) 3.4/0.6/0.0/0.0s | 3.9s
2026-08-29 21:36:42 | Early stopping at epoch 51 after 15 epochs without val_f1_macro_present improvement.
2026-08-29 21:36:42 | Training complete. Peak validation accuracy: 0.9750 | selected val_f1_macro_present: 0.9643
2026-08-29 21:36:42 | Starting Dual_D standalone training
2026-08-29 21:36:42 | Run directory: runs/module_c_ablation_60_v8/module_c_20260829_205331/module_c_no_cycle_黑天_20260829_213218
2026-08-29 21:36:42 | Device: cuda
2026-08-29 21:36:42 | Source train samples: 992
2026-08-29 21:36:42 | Target train samples: 465
2026-08-29 21:36:42 | Target val samples: 120
2026-08-29 21:36:42 | Classes: 14
2026-08-29 21:36:42 | Data audit: same_dir=False | path_overlap(vis/ir/ais)=0/0/0 | content_overlap(vis/ir/ais)=0/0/0 | ais_index_overlap=0 | stem_mismatch(vis-ir/vis-ais)=578/0
2026-08-29 21:36:42 | source_train classes: present 14/14 | absent 0 | counts [0:120, 1:44, 2:69, 3:45, 4:40, 5:30, 6:64, 7:80, 8:116, 9:68, 10:57, 11:83, 12:48, 13:128]
2026-08-29 21:36:42 | target_train classes: present 8/14 | absent 6 | counts [0:100, 2:11, 3:16, 6:89, 9:162, 10:12, 11:44, 13:31]
2026-08-29 21:36:42 | target_val classes: present 8/14 | absent 6 | counts [0:26, 2:3, 3:5, 6:23, 9:41, 10:3, 11:11, 13:8]
2026-08-29 21:36:42 | Paired training classes: 8/14 | class ids [0, 2, 3, 6, 9, 10, 11, 13]
2026-08-29 21:36:42 | Runtime profile: batch=92 | paired_steps=6 | workers=16 | train_eval_every=5 | raw_eval_every=5 | stability_window=1 | lr_scheduler_start=24 | early_stop=15 after min_epoch=48
2026-08-29 21:36:42 | VIS/IR pairing: class-level-unpaired | count-mismatch classes train/val: 10/0 | AIS alignment: none | AIS rows train/val: 0/0
2026-08-29 21:36:43 | Effective Dual-D loss weights: {"adv_auxiliary": 0.03, "adv_primary": 0.03, "classification": 0.65, "contrastive": 0.055, "cycle": 0.0, "identity": 0.04, "prototype_contrastive": 0.03}
2026-08-29 21:36:43 | Model parameters: total=17277714 | trainable=17120210
Starting run 2/9: domain=黑天, iteration=2, seed=43
2026-08-29 21:36:50 | Epoch 001/060 | loss 6.0125 | cls 5.9495 | tal 0.2100 | dual_g 0.0000 | dual_d 0.0000 | train_acc 0.1051 | train_full 0.0688 | val_acc 0.0250 | val_f1 0.0079 | adv/moduleC 0.00/0.00 | disc_steps 0 | grad(main/disc) 16.883/0.000 | lr(main/disc) 8.50e-05/3.20e-05 | cuda_peak(alloc/resv) 21.77/28.18GB | phase(train/val/raw/train_eval) 4.6/0.6/0.6/0.8s | 6.5s
2026-08-29 21:36:52 | New best val_f1_macro_present: raw=0.0079 stable_score=0.0079 at epoch 1
2026-08-29 21:36:57 | Epoch 002/060 | loss 4.6147 | cls 4.5378 | tal 0.2564 | dual_g 0.0000 | dual_d 0.0000 | train_acc 0.2391 | train_full n/a | val_acc 0.2750 | val_f1 0.1328 | adv/moduleC 0.00/0.00 | disc_steps 0 | grad(main/disc) 12.631/0.000 | lr(main/disc) 8.50e-05/3.20e-05 | cuda_peak(alloc/resv) 21.77/28.18GB | phase(train/val/raw/train_eval) 3.3/0.6/0.6/0.0s | 4.4s
2026-08-29 21:37:00 | New best val_f1_macro_present: raw=0.1328 stable_score=0.1328 at epoch 2
2026-08-29 21:37:04 | Epoch 003/060 | loss 3.9222 | cls 3.8540 | tal 0.2272 | dual_g 0.0000 | dual_d 0.0000 | train_acc 0.3623 | train_full n/a | val_acc 0.0667 | val_f1 0.0898 | adv/moduleC 0.00/0.00 | disc_steps 0 | grad(main/disc) 10.879/0.000 | lr(main/disc) 8.50e-05/3.20e-05 | cuda_peak(alloc/resv) 21.77/28.18GB | phase(train/val/raw/train_eval) 3.3/0.6/0.0/0.0s | 3.9s
2026-08-29 21:37:07 | Epoch 004/060 | loss 3.7312 | cls 3.3675 | tal 0.1091 | dual_g 0.3310 | dual_d 0.0000 | train_acc 0.4529 | train_full n/a | val_acc 0.0583 | val_f1 0.0654 | adv/moduleC 0.00/0.12 | disc_steps 0 | grad(main/disc) 10.107/0.000 | lr(main/disc) 8.50e-05/3.20e-05 | cuda_peak(alloc/resv) 21.77/28.18GB | phase(train/val/raw/train_eval) 3.1/0.6/0.0/0.0s | 3.7s
2026-08-29 21:37:13 | Epoch 005/060 | loss 3.4986 | cls 2.9155 | tal 0.0057 | dual_g 0.5813 | dual_d 0.0000 | train_acc 0.5525 | train_full 0.1699 | val_acc 0.1833 | val_f1 0.2313 | adv/moduleC 0.00/0.25 | disc_steps 0 | grad(main/disc) 10.038/0.000 | lr(main/disc) 8.50e-05/3.20e-05 | cuda_peak(alloc/resv) 21.77/28.18GB | phase(train/val/raw/train_eval) 3.7/0.6/0.6/0.8s | 5.7s
2026-08-29 21:37:16 | New best val_f1_macro_present: raw=0.2313 stable_score=0.2313 at epoch 5
2026-08-29 21:37:21 | Epoch 006/060 | loss 3.4890 | cls 2.6926 | tal 0.0150 | dual_g 0.7919 | dual_d 0.8916 | train_acc 0.6576 | train_full n/a | val_acc 0.5083 | val_f1 0.5060 | adv/moduleC 0.07/0.38 | disc_steps 3 | grad(main/disc) 10.327/1.712 | lr(main/disc) 8.50e-05/3.20e-05 | cuda_peak(alloc/resv) 21.77/28.18GB | phase(train/val/raw/train_eval) 3.5/0.6/0.6/0.0s | 4.7s
2026-08-29 21:37:23 | New best val_f1_macro_present: raw=0.5060 stable_score=0.5060 at epoch 6
2026-08-29 21:37:28 | Epoch 007/060 | loss 3.2640 | cls 2.3374 | tal 0.0177 | dual_g 0.9213 | dual_d 0.9248 | train_acc 0.7699 | train_full n/a | val_acc 0.5583 | val_f1 0.5657 | adv/moduleC 0.13/0.50 | disc_steps 3 | grad(main/disc) 9.690/1.655 | lr(main/disc) 8.50e-05/3.20e-05 | cuda_peak(alloc/resv) 21.77/28.18GB | phase(train/val/raw/train_eval) 3.7/0.6/0.6/0.0s | 4.8s
2026-08-29 21:37:31 | New best val_f1_macro_present: raw=0.5657 stable_score=0.5657 at epoch 7
2026-08-29 21:37:36 | Epoch 008/060 | loss 3.2570 | cls 2.1789 | tal 0.0182 | dual_g 1.0727 | dual_d 0.9342 | train_acc 0.7790 | train_full n/a | val_acc 0.6250 | val_f1 0.6386 | adv/moduleC 0.20/0.62 | disc_steps 3 | grad(main/disc) 10.087/1.605 | lr(main/disc) 8.50e-05/3.20e-05 | cuda_peak(alloc/resv) 21.77/28.18GB | phase(train/val/raw/train_eval) 3.7/0.6/0.6/0.0s | 4.8s
2026-08-29 21:37:39 | New best val_f1_macro_present: raw=0.6386 stable_score=0.6386 at epoch 8
2026-08-29 21:37:43 | Epoch 009/060 | loss 3.1893 | cls 1.9965 | tal -0.0000 | dual_g 1.1929 | dual_d 0.9366 | train_acc 0.8170 | train_full n/a | val_acc 0.7583 | val_f1 0.7353 | adv/moduleC 0.27/0.75 | disc_steps 3 | grad(main/disc) 9.994/1.575 | lr(main/disc) 8.50e-05/3.20e-05 | cuda_peak(alloc/resv) 21.77/28.18GB | phase(train/val/raw/train_eval) 3.3/0.6/0.6/0.0s | 4.4s
2026-08-29 21:37:46 | New best val_f1_macro_present: raw=0.7353 stable_score=0.7353 at epoch 9
2026-08-29 21:37:52 | Epoch 010/060 | loss 3.1896 | cls 1.8914 | tal 0.0226 | dual_g 1.2914 | dual_d 0.9059 | train_acc 0.8351 | train_full 0.7613 | val_acc 0.7500 | val_f1 0.7391 | adv/moduleC 0.33/0.88 | disc_steps 3 | grad(main/disc) 9.894/1.485 | lr(main/disc) 8.50e-05/3.20e-05 | cuda_peak(alloc/resv) 21.77/28.18GB | phase(train/val/raw/train_eval) 3.6/0.6/0.6/0.8s | 5.6s
2026-08-29 21:37:55 | New best val_f1_macro_present: raw=0.7391 stable_score=0.7391 at epoch 10
2026-08-29 21:37:59 | Epoch 011/060 | loss 3.1320 | cls 1.7584 | tal -0.0567 | dual_g 1.3905 | dual_d 0.9738 | train_acc 0.8895 | train_full n/a | val_acc 0.6333 | val_f1 0.6693 | adv/moduleC 0.40/1.00 | disc_steps 3 | grad(main/disc) 10.494/1.494 | lr(main/disc) 8.50e-05/3.20e-05 | cuda_peak(alloc/resv) 21.77/28.18GB | phase(train/val/raw/train_eval) 3.4/0.6/0.0/0.0s | 3.9s
2026-08-29 21:38:03 | Epoch 012/060 | loss 3.0570 | cls 1.7124 | tal -0.0002 | dual_g 1.3447 | dual_d 0.9155 | train_acc 0.8877 | train_full n/a | val_acc 0.7083 | val_f1 0.7197 | adv/moduleC 0.47/1.00 | disc_steps 3 | grad(main/disc) 11.167/1.493 | lr(main/disc) 8.50e-05/3.20e-05 | cuda_peak(alloc/resv) 21.77/28.18GB | phase(train/val/raw/train_eval) 3.6/0.6/0.0/0.0s | 4.2s
2026-08-29 21:38:08 | Epoch 013/060 | loss 2.8716 | cls 1.5785 | tal -0.0074 | dual_g 1.2952 | dual_d 0.9010 | train_acc 0.9185 | train_full n/a | val_acc 0.8000 | val_f1 0.7661 | adv/moduleC 0.53/1.00 | disc_steps 3 | grad(main/disc) 9.819/1.386 | lr(main/disc) 8.50e-05/3.20e-05 | cuda_peak(alloc/resv) 21.77/28.18GB | phase(train/val/raw/train_eval) 3.7/0.6/0.6/0.0s | 4.8s
2026-08-29 21:38:10 | New best val_f1_macro_present: raw=0.7661 stable_score=0.7661 at epoch 13
2026-08-29 21:38:15 | Epoch 014/060 | loss 2.8617 | cls 1.5793 | tal 0.0272 | dual_g 1.2743 | dual_d 0.9068 | train_acc 0.9257 | train_full n/a | val_acc 0.8000 | val_f1 0.7818 | adv/moduleC 0.60/1.00 | disc_steps 3 | grad(main/disc) 11.519/1.412 | lr(main/disc) 8.50e-05/3.20e-05 | cuda_peak(alloc/resv) 21.77/28.18GB | phase(train/val/raw/train_eval) 3.8/0.6/0.6/0.0s | 5.0s
2026-08-29 21:38:18 | New best val_f1_macro_present: raw=0.7818 stable_score=0.7818 at epoch 14
2026-08-29 21:38:24 | Epoch 015/060 | loss 2.7755 | cls 1.5321 | tal 0.0669 | dual_g 1.2233 | dual_d 0.8880 | train_acc 0.9257 | train_full 0.8968 | val_acc 0.8417 | val_f1 0.8045 | adv/moduleC 0.67/1.00 | disc_steps 3 | grad(main/disc) 8.762/1.354 | lr(main/disc) 8.50e-05/3.20e-05 | cuda_peak(alloc/resv) 21.77/28.18GB | phase(train/val/raw/train_eval) 3.9/0.6/0.6/0.8s | 5.9s
2026-08-29 21:38:27 | New best val_f1_macro_present: raw=0.8045 stable_score=0.8045 at epoch 15
2026-08-29 21:38:31 | Epoch 016/060 | loss 2.6664 | cls 1.4744 | tal 0.0588 | dual_g 1.1743 | dual_d 0.8724 | train_acc 0.9529 | train_full n/a | val_acc 0.8167 | val_f1 0.7946 | adv/moduleC 0.73/1.00 | disc_steps 3 | grad(main/disc) 8.470/1.301 | lr(main/disc) 8.50e-05/3.20e-05 | cuda_peak(alloc/resv) 21.77/28.18GB | phase(train/val/raw/train_eval) 3.8/0.6/0.0/0.0s | 4.4s
2026-08-29 21:38:35 | Epoch 017/060 | loss 2.6394 | cls 1.4591 | tal 0.0494 | dual_g 1.1654 | dual_d 0.9008 | train_acc 0.9547 | train_full n/a | val_acc 0.8000 | val_f1 0.7572 | adv/moduleC 0.80/1.00 | disc_steps 3 | grad(main/disc) 8.221/1.325 | lr(main/disc) 8.50e-05/3.20e-05 | cuda_peak(alloc/resv) 21.77/28.18GB | phase(train/val/raw/train_eval) 3.6/0.6/0.0/0.0s | 4.2s
2026-08-29 21:38:40 | Epoch 018/060 | loss 2.5651 | cls 1.4193 | tal 0.0018 | dual_g 1.1453 | dual_d 0.8962 | train_acc 0.9583 | train_full n/a | val_acc 0.8833 | val_f1 0.8489 | adv/moduleC 0.87/1.00 | disc_steps 3 | grad(main/disc) 7.642/1.279 | lr(main/disc) 8.50e-05/3.20e-05 | cuda_peak(alloc/resv) 21.77/28.18GB | phase(train/val/raw/train_eval) 3.4/0.6/0.6/0.0s | 4.5s
2026-08-29 21:38:43 | New best val_f1_macro_present: raw=0.8489 stable_score=0.8489 at epoch 18
2026-08-29 21:38:47 | Epoch 019/060 | loss 2.5078 | cls 1.3853 | tal 0.0320 | dual_g 1.1129 | dual_d 0.9126 | train_acc 0.9656 | train_full n/a | val_acc 0.7417 | val_f1 0.7444 | adv/moduleC 0.93/1.00 | disc_steps 3 | grad(main/disc) 6.924/1.275 | lr(main/disc) 8.50e-05/3.20e-05 | cuda_peak(alloc/resv) 21.77/28.18GB | phase(train/val/raw/train_eval) 3.4/0.6/0.0/0.0s | 3.9s
2026-08-29 21:38:52 | Epoch 020/060 | loss 2.4610 | cls 1.3545 | tal 0.0204 | dual_g 1.1003 | dual_d 0.9309 | train_acc 0.9728 | train_full 0.9226 | val_acc 0.8500 | val_f1 0.8182 | adv/moduleC 1.00/1.00 | disc_steps 3 | grad(main/disc) 6.685/1.329 | lr(main/disc) 8.50e-05/3.20e-05 | cuda_peak(alloc/resv) 21.77/28.18GB | phase(train/val/raw/train_eval) 3.9/0.6/0.6/0.8s | 5.8s
2026-08-29 21:38:57 | Epoch 021/060 | loss 2.4362 | cls 1.3596 | tal -0.0565 | dual_g 1.0935 | dual_d 0.9864 | train_acc 0.9620 | train_full n/a | val_acc 0.9167 | val_f1 0.8865 | adv/moduleC 1.00/1.00 | disc_steps 3 | grad(main/disc) 7.015/1.363 | lr(main/disc) 8.50e-05/3.20e-05 | cuda_peak(alloc/resv) 21.77/28.18GB | phase(train/val/raw/train_eval) 3.4/0.6/0.6/0.0s | 4.6s
2026-08-29 21:39:00 | New best val_f1_macro_present: raw=0.8865 stable_score=0.8865 at epoch 21
2026-08-29 21:39:04 | Epoch 022/060 | loss 2.4177 | cls 1.3546 | tal -0.0707 | dual_g 1.0843 | dual_d 0.9839 | train_acc 0.9746 | train_full n/a | val_acc 0.8167 | val_f1 0.8375 | adv/moduleC 1.00/1.00 | disc_steps 3 | grad(main/disc) 7.567/1.304 | lr(main/disc) 8.50e-05/3.20e-05 | cuda_peak(alloc/resv) 21.77/28.18GB | phase(train/val/raw/train_eval) 3.4/0.6/0.0/0.0s | 4.0s
2026-08-29 21:39:08 | Epoch 023/060 | loss 2.3752 | cls 1.3212 | tal -0.0321 | dual_g 1.0636 | dual_d 1.0030 | train_acc 0.9728 | train_full n/a | val_acc 0.8167 | val_f1 0.8134 | adv/moduleC 1.00/1.00 | disc_steps 3 | grad(main/disc) 5.813/1.334 | lr(main/disc) 8.50e-05/3.20e-05 | cuda_peak(alloc/resv) 21.77/28.18GB | phase(train/val/raw/train_eval) 3.9/0.6/0.0/0.0s | 4.4s
2026-08-29 21:39:12 | Epoch 024/060 | loss 2.3656 | cls 1.3198 | tal 0.0063 | dual_g 1.0439 | dual_d 0.9861 | train_acc 0.9837 | train_full n/a | val_acc 0.8833 | val_f1 0.8527 | adv/moduleC 1.00/1.00 | disc_steps 3 | grad(main/disc) 5.671/1.304 | lr(main/disc) 8.50e-05/3.20e-05 | cuda_peak(alloc/resv) 21.77/28.18GB | phase(train/val/raw/train_eval) 3.7/0.6/0.0/0.0s | 4.2s
2026-08-29 21:39:18 | Epoch 025/060 | loss 2.3838 | cls 1.3320 | tal -0.0559 | dual_g 1.0686 | dual_d 0.9986 | train_acc 0.9692 | train_full 0.8882 | val_acc 0.8083 | val_f1 0.8295 | adv/moduleC 1.00/1.00 | disc_steps 3 | grad(main/disc) 7.382/1.302 | lr(main/disc) 8.50e-05/3.20e-05 | cuda_peak(alloc/resv) 21.77/28.18GB | phase(train/val/raw/train_eval) 3.5/0.6/0.6/0.9s | 5.5s
2026-08-29 21:39:22 | Epoch 026/060 | loss 2.3395 | cls 1.3061 | tal -0.0200 | dual_g 1.0394 | dual_d 1.0140 | train_acc 0.9837 | train_full n/a | val_acc 0.8833 | val_f1 0.8679 | adv/moduleC 1.00/1.00 | disc_steps 3 | grad(main/disc) 5.858/1.303 | lr(main/disc) 8.50e-05/3.20e-05 | cuda_peak(alloc/resv) 21.77/28.18GB | phase(train/val/raw/train_eval) 3.7/0.6/0.0/0.0s | 4.3s
2026-08-29 21:39:27 | Epoch 027/060 | loss 2.2993 | cls 1.2836 | tal -0.0385 | dual_g 1.0273 | dual_d 1.0252 | train_acc 0.9909 | train_full n/a | val_acc 0.8833 | val_f1 0.8921 | adv/moduleC 1.00/1.00 | disc_steps 3 | grad(main/disc) 5.158/1.272 | lr(main/disc) 8.50e-05/3.20e-05 | cuda_peak(alloc/resv) 21.77/28.18GB | phase(train/val/raw/train_eval) 3.4/0.6/0.6/0.0s | 4.5s
2026-08-29 21:39:29 | New best val_f1_macro_present: raw=0.8921 stable_score=0.8921 at epoch 27
2026-08-29 21:39:33 | Epoch 028/060 | loss 2.2867 | cls 1.2755 | tal -0.0105 | dual_g 1.0144 | dual_d 1.0489 | train_acc 0.9946 | train_full n/a | val_acc 0.9000 | val_f1 0.8607 | adv/moduleC 1.00/1.00 | disc_steps 3 | grad(main/disc) 4.090/1.309 | lr(main/disc) 8.50e-05/3.20e-05 | cuda_peak(alloc/resv) 21.77/28.18GB | phase(train/val/raw/train_eval) 3.3/0.6/0.0/0.0s | 3.8s
2026-08-29 21:39:37 | Epoch 029/060 | loss 2.2905 | cls 1.2907 | tal -0.0468 | dual_g 1.0138 | dual_d 1.0391 | train_acc 0.9855 | train_full n/a | val_acc 0.8667 | val_f1 0.8340 | adv/moduleC 1.00/1.00 | disc_steps 3 | grad(main/disc) 5.024/1.273 | lr(main/disc) 8.50e-05/3.20e-05 | cuda_peak(alloc/resv) 21.77/28.18GB | phase(train/val/raw/train_eval) 3.3/0.6/0.0/0.0s | 3.9s
2026-08-29 21:39:43 | Epoch 030/060 | loss 2.2637 | cls 1.2754 | tal -0.0470 | dual_g 1.0024 | dual_d 1.0285 | train_acc 0.9946 | train_full 0.9118 | val_acc 0.9000 | val_f1 0.8941 | adv/moduleC 1.00/1.00 | disc_steps 3 | grad(main/disc) 4.306/1.268 | lr(main/disc) 8.50e-05/3.20e-05 | cuda_peak(alloc/resv) 21.77/28.18GB | phase(train/val/raw/train_eval) 3.7/0.6/0.6/0.8s | 5.7s
2026-08-29 21:39:46 | New best val_f1_macro_present: raw=0.8941 stable_score=0.8941 at epoch 30
2026-08-29 21:39:50 | Epoch 031/060 | loss 2.2609 | cls 1.2617 | tal -0.0044 | dual_g 1.0005 | dual_d 1.0688 | train_acc 0.9928 | train_full n/a | val_acc 0.8083 | val_f1 0.7993 | adv/moduleC 1.00/1.00 | disc_steps 3 | grad(main/disc) 3.979/1.318 | lr(main/disc) 8.50e-05/3.20e-05 | cuda_peak(alloc/resv) 21.77/28.18GB | phase(train/val/raw/train_eval) 3.5/0.6/0.0/0.0s | 4.1s
2026-08-29 21:39:54 | Epoch 032/060 | loss 2.2304 | cls 1.2507 | tal -0.0216 | dual_g 0.9862 | dual_d 1.0521 | train_acc 0.9891 | train_full n/a | val_acc 0.8083 | val_f1 0.8030 | adv/moduleC 1.00/1.00 | disc_steps 3 | grad(main/disc) 3.900/1.330 | lr(main/disc) 8.50e-05/3.20e-05 | cuda_peak(alloc/resv) 21.77/28.18GB | phase(train/val/raw/train_eval) 3.4/0.6/0.0/0.0s | 3.9s
2026-08-29 21:39:57 | Epoch 033/060 | loss 2.2073 | cls 1.2421 | tal -0.0618 | dual_g 0.9837 | dual_d 1.0351 | train_acc 0.9964 | train_full n/a | val_acc 0.8833 | val_f1 0.8482 | adv/moduleC 1.00/1.00 | disc_steps 3 | grad(main/disc) 3.187/1.265 | lr(main/disc) 8.50e-05/3.20e-05 | cuda_peak(alloc/resv) 21.77/28.18GB | phase(train/val/raw/train_eval) 3.3/0.6/0.0/0.0s | 3.8s
2026-08-29 21:40:01 | Epoch 034/060 | loss 2.2088 | cls 1.2463 | tal -0.0410 | dual_g 0.9748 | dual_d 1.0270 | train_acc 0.9946 | train_full n/a | val_acc 0.9000 | val_f1 0.8724 | adv/moduleC 1.00/1.00 | disc_steps 3 | grad(main/disc) 3.489/1.263 | lr(main/disc) 8.50e-05/3.20e-05 | cuda_peak(alloc/resv) 21.77/28.18GB | phase(train/val/raw/train_eval) 3.3/0.6/0.0/0.0s | 3.9s
2026-08-29 21:40:07 | Epoch 035/060 | loss 2.2173 | cls 1.2517 | tal -0.0532 | dual_g 0.9816 | dual_d 1.0465 | train_acc 0.9909 | train_full 0.9656 | val_acc 0.9250 | val_f1 0.9022 | adv/moduleC 1.00/1.00 | disc_steps 3 | grad(main/disc) 3.537/1.232 | lr(main/disc) 8.50e-05/3.20e-05 | cuda_peak(alloc/resv) 21.77/28.18GB | phase(train/val/raw/train_eval) 3.8/0.6/0.6/0.8s | 5.8s
2026-08-29 21:40:10 | New best val_f1_macro_present: raw=0.9022 stable_score=0.9022 at epoch 35
2026-08-29 21:40:15 | Epoch 036/060 | loss 2.2021 | cls 1.2364 | tal -0.0231 | dual_g 0.9726 | dual_d 1.0455 | train_acc 0.9946 | train_full n/a | val_acc 0.9167 | val_f1 0.9042 | adv/moduleC 1.00/1.00 | disc_steps 3 | grad(main/disc) 3.439/1.255 | lr(main/disc) 8.50e-05/3.20e-05 | cuda_peak(alloc/resv) 21.77/28.18GB | phase(train/val/raw/train_eval) 3.5/0.6/0.6/0.0s | 4.6s
2026-08-29 21:40:18 | New best val_f1_macro_present: raw=0.9042 stable_score=0.9042 at epoch 36
2026-08-29 21:40:21 | Epoch 037/060 | loss 2.1926 | cls 1.2306 | tal -0.0423 | dual_g 0.9747 | dual_d 1.0933 | train_acc 0.9982 | train_full n/a | val_acc 0.9167 | val_f1 0.8956 | adv/moduleC 1.00/1.00 | disc_steps 3 | grad(main/disc) 3.883/1.333 | lr(main/disc) 8.50e-05/3.20e-05 | cuda_peak(alloc/resv) 21.77/28.18GB | phase(train/val/raw/train_eval) 3.3/0.6/0.0/0.0s | 3.9s
2026-08-29 21:40:26 | Epoch 038/060 | loss 2.1466 | cls 1.2301 | tal -0.1156 | dual_g 0.9512 | dual_d 1.0915 | train_acc 1.0000 | train_full n/a | val_acc 0.9000 | val_f1 0.9016 | adv/moduleC 1.00/1.00 | disc_steps 3 | grad(main/disc) 2.715/1.266 | lr(main/disc) 8.50e-05/3.20e-05 | cuda_peak(alloc/resv) 21.77/28.18GB | phase(train/val/raw/train_eval) 3.7/0.6/0.0/0.0s | 4.2s
2026-08-29 21:40:30 | Epoch 039/060 | loss 2.1378 | cls 1.2152 | tal -0.1054 | dual_g 0.9543 | dual_d 1.0851 | train_acc 0.9982 | train_full n/a | val_acc 0.8917 | val_f1 0.8973 | adv/moduleC 1.00/1.00 | disc_steps 3 | grad(main/disc) 2.558/1.277 | lr(main/disc) 8.50e-05/3.20e-05 | cuda_peak(alloc/resv) 21.77/28.18GB | phase(train/val/raw/train_eval) 3.8/0.6/0.0/0.0s | 4.3s
2026-08-29 21:40:35 | Epoch 040/060 | loss 2.1340 | cls 1.2128 | tal -0.0862 | dual_g 0.9472 | dual_d 1.0715 | train_acc 0.9946 | train_full 0.9613 | val_acc 0.9250 | val_f1 0.9211 | adv/moduleC 1.00/1.00 | disc_steps 3 | grad(main/disc) 2.747/1.262 | lr(main/disc) 8.50e-05/3.20e-05 | cuda_peak(alloc/resv) 21.77/28.18GB | phase(train/val/raw/train_eval) 3.1/0.6/0.6/0.8s | 5.1s
2026-08-29 21:40:38 | New best val_f1_macro_present: raw=0.9211 stable_score=0.9211 at epoch 40
2026-08-29 21:40:42 | Epoch 041/060 | loss 2.1195 | cls 1.2045 | tal -0.1008 | dual_g 0.9453 | dual_d 1.0667 | train_acc 0.9982 | train_full n/a | val_acc 0.9083 | val_f1 0.8845 | adv/moduleC 1.00/1.00 | disc_steps 3 | grad(main/disc) 2.364/1.240 | lr(main/disc) 8.50e-05/3.20e-05 | cuda_peak(alloc/resv) 21.77/28.18GB | phase(train/val/raw/train_eval) 3.5/0.6/0.0/0.0s | 4.1s
2026-08-29 21:40:46 | Epoch 042/060 | loss 2.1150 | cls 1.2109 | tal -0.1179 | dual_g 0.9395 | dual_d 1.1255 | train_acc 1.0000 | train_full n/a | val_acc 0.9167 | val_f1 0.8942 | adv/moduleC 1.00/1.00 | disc_steps 3 | grad(main/disc) 2.863/1.302 | lr(main/disc) 8.50e-05/3.20e-05 | cuda_peak(alloc/resv) 21.77/28.18GB | phase(train/val/raw/train_eval) 3.1/0.6/0.0/0.0s | 3.6s
2026-08-29 21:40:50 | Epoch 043/060 | loss 2.1214 | cls 1.2158 | tal -0.1089 | dual_g 0.9383 | dual_d 1.0991 | train_acc 1.0000 | train_full n/a | val_acc 0.9250 | val_f1 0.9014 | adv/moduleC 1.00/1.00 | disc_steps 3 | grad(main/disc) 2.886/1.275 | lr(main/disc) 8.50e-05/3.20e-05 | cuda_peak(alloc/resv) 21.77/28.18GB | phase(train/val/raw/train_eval) 3.4/0.6/0.0/0.0s | 4.0s
2026-08-29 21:40:54 | Epoch 044/060 | loss 2.1007 | cls 1.2092 | tal -0.1211 | dual_g 0.9279 | dual_d 1.0882 | train_acc 1.0000 | train_full n/a | val_acc 0.9250 | val_f1 0.8887 | adv/moduleC 1.00/1.00 | disc_steps 3 | grad(main/disc) 2.400/1.241 | lr(main/disc) 8.50e-05/3.20e-05 | cuda_peak(alloc/resv) 21.77/28.18GB | phase(train/val/raw/train_eval) 3.6/0.6/0.0/0.0s | 4.2s
2026-08-29 21:40:59 | Epoch 045/060 | loss 2.0928 | cls 1.2000 | tal -0.1288 | dual_g 0.9314 | dual_d 1.0522 | train_acc 0.9928 | train_full 0.9591 | val_acc 0.9333 | val_f1 0.9244 | adv/moduleC 1.00/1.00 | disc_steps 3 | grad(main/disc) 2.532/1.204 | lr(main/disc) 8.50e-05/3.20e-05 | cuda_peak(alloc/resv) 21.77/28.18GB | phase(train/val/raw/train_eval) 3.4/0.6/0.6/0.8s | 5.3s
2026-08-29 21:41:02 | New best val_f1_macro_present: raw=0.9244 stable_score=0.9244 at epoch 45
2026-08-29 21:41:06 | Epoch 046/060 | loss 2.0934 | cls 1.2041 | tal -0.1283 | dual_g 0.9278 | dual_d 1.0631 | train_acc 1.0000 | train_full n/a | val_acc 0.8917 | val_f1 0.8913 | adv/moduleC 1.00/1.00 | disc_steps 3 | grad(main/disc) 2.179/1.191 | lr(main/disc) 8.50e-05/3.20e-05 | cuda_peak(alloc/resv) 21.77/28.18GB | phase(train/val/raw/train_eval) 3.4/0.6/0.0/0.0s | 4.0s
2026-08-29 21:41:10 | Epoch 047/060 | loss 2.0801 | cls 1.1977 | tal -0.1400 | dual_g 0.9245 | dual_d 1.1076 | train_acc 0.9964 | train_full n/a | val_acc 0.9000 | val_f1 0.8954 | adv/moduleC 1.00/1.00 | disc_steps 3 | grad(main/disc) 2.088/1.252 | lr(main/disc) 8.50e-05/3.20e-05 | cuda_peak(alloc/resv) 21.77/28.18GB | phase(train/val/raw/train_eval) 3.3/0.6/0.0/0.0s | 3.9s
2026-08-29 21:41:15 | Epoch 048/060 | loss 2.0881 | cls 1.2035 | tal -0.1370 | dual_g 0.9257 | dual_d 1.1082 | train_acc 0.9964 | train_full n/a | val_acc 0.9500 | val_f1 0.9415 | adv/moduleC 1.00/1.00 | disc_steps 3 | grad(main/disc) 2.367/1.284 | lr(main/disc) 8.50e-05/3.20e-05 | cuda_peak(alloc/resv) 21.77/28.18GB | phase(train/val/raw/train_eval) 3.4/0.6/0.6/0.0s | 4.6s
2026-08-29 21:41:17 | New best val_f1_macro_present: raw=0.9415 stable_score=0.9415 at epoch 48
2026-08-29 21:41:22 | Epoch 049/060 | loss 2.0424 | cls 1.1819 | tal -0.1989 | dual_g 0.9202 | dual_d 1.1089 | train_acc 0.9964 | train_full n/a | val_acc 0.9500 | val_f1 0.9478 | adv/moduleC 1.00/1.00 | disc_steps 3 | grad(main/disc) 2.064/1.226 | lr(main/disc) 8.50e-05/3.20e-05 | cuda_peak(alloc/resv) 21.77/28.18GB | phase(train/val/raw/train_eval) 3.4/0.6/0.6/0.0s | 4.5s
2026-08-29 21:41:25 | New best val_f1_macro_present: raw=0.9478 stable_score=0.9478 at epoch 49
2026-08-29 21:41:30 | Epoch 050/060 | loss 2.0490 | cls 1.1957 | tal -0.2183 | dual_g 0.9188 | dual_d 1.0480 | train_acc 0.9946 | train_full 0.9720 | val_acc 0.9250 | val_f1 0.9082 | adv/moduleC 1.00/1.00 | disc_steps 3 | grad(main/disc) 2.521/1.185 | lr(main/disc) 8.50e-05/3.20e-05 | cuda_peak(alloc/resv) 21.77/28.18GB | phase(train/val/raw/train_eval) 3.7/0.6/0.6/0.8s | 5.7s
2026-08-29 21:41:35 | Epoch 051/060 | loss 2.0451 | cls 1.1904 | tal -0.2018 | dual_g 0.9153 | dual_d 1.0573 | train_acc 0.9982 | train_full n/a | val_acc 0.9083 | val_f1 0.8721 | adv/moduleC 1.00/1.00 | disc_steps 3 | grad(main/disc) 2.480/1.152 | lr(main/disc) 8.50e-05/3.20e-05 | cuda_peak(alloc/resv) 21.77/28.18GB | phase(train/val/raw/train_eval) 3.6/0.6/0.0/0.0s | 4.2s
2026-08-29 21:41:39 | Epoch 052/060 | loss 2.0509 | cls 1.1961 | tal -0.1953 | dual_g 0.9134 | dual_d 1.0626 | train_acc 0.9982 | train_full n/a | val_acc 0.8750 | val_f1 0.8473 | adv/moduleC 1.00/1.00 | disc_steps 3 | grad(main/disc) 2.422/1.168 | lr(main/disc) 8.50e-05/3.20e-05 | cuda_peak(alloc/resv) 21.77/28.18GB | phase(train/val/raw/train_eval) 3.3/0.6/0.0/0.0s | 3.9s
2026-08-29 21:41:43 | Epoch 053/060 | loss 2.0466 | cls 1.1927 | tal -0.2100 | dual_g 0.9169 | dual_d 1.0962 | train_acc 0.9964 | train_full n/a | val_acc 0.9333 | val_f1 0.9373 | adv/moduleC 1.00/1.00 | disc_steps 3 | grad(main/disc) 2.391/1.180 | lr(main/disc) 8.50e-05/3.20e-05 | cuda_peak(alloc/resv) 21.77/28.18GB | phase(train/val/raw/train_eval) 3.5/0.6/0.0/0.0s | 4.0s
2026-08-29 21:41:47 | Epoch 054/060 | loss 2.0546 | cls 1.1955 | tal -0.1853 | dual_g 0.9147 | dual_d 1.0712 | train_acc 1.0000 | train_full n/a | val_acc 0.9250 | val_f1 0.9332 | adv/moduleC 1.00/1.00 | disc_steps 3 | grad(main/disc) 2.589/1.182 | lr(main/disc) 8.50e-05/3.20e-05 | cuda_peak(alloc/resv) 21.77/28.18GB | phase(train/val/raw/train_eval) 3.6/0.6/0.0/0.0s | 4.2s
2026-08-29 21:41:52 | Epoch 055/060 | loss 2.0325 | cls 1.1884 | tal -0.2168 | dual_g 0.9092 | dual_d 1.0725 | train_acc 1.0000 | train_full 0.9527 | val_acc 0.9250 | val_f1 0.9212 | adv/moduleC 1.00/1.00 | disc_steps 3 | grad(main/disc) 1.943/1.160 | lr(main/disc) 8.50e-05/3.20e-05 | cuda_peak(alloc/resv) 21.77/28.18GB | phase(train/val/raw/train_eval) 3.3/0.6/0.6/0.8s | 5.3s
2026-08-29 21:41:56 | Epoch 056/060 | loss 2.0068 | cls 1.1725 | tal -0.2291 | dual_g 0.9029 | dual_d 1.0657 | train_acc 1.0000 | train_full n/a | val_acc 0.9333 | val_f1 0.9216 | adv/moduleC 1.00/1.00 | disc_steps 3 | grad(main/disc) 1.666/1.122 | lr(main/disc) 8.50e-05/3.20e-05 | cuda_peak(alloc/resv) 21.77/28.18GB | phase(train/val/raw/train_eval) 3.5/0.6/0.0/0.0s | 4.1s
2026-08-29 21:42:00 | Epoch 057/060 | loss 2.0260 | cls 1.1863 | tal -0.2173 | dual_g 0.9049 | dual_d 1.0439 | train_acc 0.9982 | train_full n/a | val_acc 0.9333 | val_f1 0.9220 | adv/moduleC 1.00/1.00 | disc_steps 3 | grad(main/disc) 1.889/1.127 | lr(main/disc) 8.50e-05/3.20e-05 | cuda_peak(alloc/resv) 21.77/28.18GB | phase(train/val/raw/train_eval) 3.7/0.6/0.0/0.0s | 4.2s
2026-08-29 21:42:04 | Epoch 058/060 | loss 2.0024 | cls 1.1717 | tal -0.2330 | dual_g 0.9006 | dual_d 1.0805 | train_acc 0.9982 | train_full n/a | val_acc 0.9417 | val_f1 0.9283 | adv/moduleC 1.00/1.00 | disc_steps 3 | grad(main/disc) 1.875/1.123 | lr(main/disc) 4.25e-05/1.60e-05 | cuda_peak(alloc/resv) 21.77/28.18GB | phase(train/val/raw/train_eval) 3.4/0.6/0.0/0.0s | 4.0s
2026-08-29 21:42:08 | Epoch 059/060 | loss 2.0063 | cls 1.1797 | tal -0.2382 | dual_g 0.8980 | dual_d 1.0560 | train_acc 1.0000 | train_full n/a | val_acc 0.9417 | val_f1 0.9353 | adv/moduleC 1.00/1.00 | disc_steps 3 | grad(main/disc) 1.956/1.119 | lr(main/disc) 4.25e-05/1.60e-05 | cuda_peak(alloc/resv) 21.77/28.18GB | phase(train/val/raw/train_eval) 3.2/0.6/0.0/0.0s | 3.8s
2026-08-29 21:42:13 | Epoch 060/060 | loss 2.0084 | cls 1.1731 | tal -0.2134 | dual_g 0.8993 | dual_d 1.0276 | train_acc 1.0000 | train_full 0.9871 | val_acc 0.9417 | val_f1 0.9424 | adv/moduleC 1.00/1.00 | disc_steps 3 | grad(main/disc) 1.910/1.093 | lr(main/disc) 4.25e-05/1.60e-05 | cuda_peak(alloc/resv) 21.77/28.18GB | phase(train/val/raw/train_eval) 3.4/0.6/0.6/0.8s | 5.4s
2026-08-29 21:42:13 | Training complete. Peak validation accuracy: 0.9500 | selected val_f1_macro_present: 0.9478
2026-08-29 21:42:13 | Starting Dual_D standalone training
2026-08-29 21:42:13 | Run directory: runs/module_c_ablation_60_v8/module_c_20260829_205331/module_c_no_cycle_黑天_20260829_213218
2026-08-29 21:42:13 | Device: cuda
2026-08-29 21:42:13 | Source train samples: 992
2026-08-29 21:42:13 | Target train samples: 465
2026-08-29 21:42:13 | Target val samples: 120
2026-08-29 21:42:13 | Classes: 14
2026-08-29 21:42:14 | Data audit: same_dir=False | path_overlap(vis/ir/ais)=0/0/0 | content_overlap(vis/ir/ais)=0/0/0 | ais_index_overlap=0 | stem_mismatch(vis-ir/vis-ais)=578/0
2026-08-29 21:42:14 | source_train classes: present 14/14 | absent 0 | counts [0:120, 1:44, 2:69, 3:45, 4:40, 5:30, 6:64, 7:80, 8:116, 9:68, 10:57, 11:83, 12:48, 13:128]
2026-08-29 21:42:14 | target_train classes: present 8/14 | absent 6 | counts [0:100, 2:11, 3:16, 6:89, 9:162, 10:12, 11:44, 13:31]
2026-08-29 21:42:14 | target_val classes: present 8/14 | absent 6 | counts [0:26, 2:3, 3:5, 6:23, 9:41, 10:3, 11:11, 13:8]
2026-08-29 21:42:14 | Paired training classes: 8/14 | class ids [0, 2, 3, 6, 9, 10, 11, 13]
2026-08-29 21:42:14 | Runtime profile: batch=92 | paired_steps=6 | workers=16 | train_eval_every=5 | raw_eval_every=5 | stability_window=1 | lr_scheduler_start=24 | early_stop=15 after min_epoch=48
2026-08-29 21:42:14 | VIS/IR pairing: class-level-unpaired | count-mismatch classes train/val: 10/0 | AIS alignment: none | AIS rows train/val: 0/0
2026-08-29 21:42:15 | Effective Dual-D loss weights: {"adv_auxiliary": 0.03, "adv_primary": 0.03, "classification": 0.65, "contrastive": 0.055, "cycle": 0.0, "identity": 0.04, "prototype_contrastive": 0.03}
2026-08-29 21:42:15 | Model parameters: total=17277714 | trainable=17120210
Starting run 3/9: domain=黑天, iteration=3, seed=44
2026-08-29 21:42:21 | Epoch 001/060 | loss 5.9307 | cls 5.8513 | tal 0.2647 | dual_g 0.0000 | dual_d 0.0000 | train_acc 0.0906 | train_full 0.1978 | val_acc 0.2167 | val_f1 0.0947 | adv/moduleC 0.00/0.00 | disc_steps 0 | grad(main/disc) 15.919/0.000 | lr(main/disc) 8.50e-05/3.20e-05 | cuda_peak(alloc/resv) 21.77/28.18GB | phase(train/val/raw/train_eval) 4.0/0.6/0.6/0.8s | 6.0s
2026-08-29 21:42:23 | New best val_f1_macro_present: raw=0.0947 stable_score=0.0947 at epoch 1
2026-08-29 21:42:27 | Epoch 002/060 | loss 4.4228 | cls 4.4122 | tal 0.0352 | dual_g 0.0000 | dual_d 0.0000 | train_acc 0.2464 | train_full n/a | val_acc 0.1250 | val_f1 0.0692 | adv/moduleC 0.00/0.00 | disc_steps 0 | grad(main/disc) 11.707/0.000 | lr(main/disc) 8.50e-05/3.20e-05 | cuda_peak(alloc/resv) 21.77/28.18GB | phase(train/val/raw/train_eval) 3.4/0.6/0.0/0.0s | 3.9s
2026-08-29 21:42:31 | Epoch 003/060 | loss 3.8063 | cls 3.8144 | tal -0.0269 | dual_g 0.0000 | dual_d 0.0000 | train_acc 0.3949 | train_full n/a | val_acc 0.0833 | val_f1 0.0747 | adv/moduleC 0.00/0.00 | disc_steps 0 | grad(main/disc) 10.108/0.000 | lr(main/disc) 8.50e-05/3.20e-05 | cuda_peak(alloc/resv) 21.77/28.18GB | phase(train/val/raw/train_eval) 3.5/0.6/0.0/0.0s | 4.0s
2026-08-29 21:42:36 | Epoch 004/060 | loss 3.5722 | cls 3.2804 | tal -0.0816 | dual_g 0.3162 | dual_d 0.0000 | train_acc 0.4964 | train_full n/a | val_acc 0.1667 | val_f1 0.2174 | adv/moduleC 0.00/0.12 | disc_steps 0 | grad(main/disc) 9.747/0.000 | lr(main/disc) 8.50e-05/3.20e-05 | cuda_peak(alloc/resv) 21.77/28.18GB | phase(train/val/raw/train_eval) 3.7/0.6/0.6/0.0s | 4.8s
2026-08-29 21:42:39 | New best val_f1_macro_present: raw=0.2174 stable_score=0.2174 at epoch 4
2026-08-29 21:42:44 | Epoch 005/060 | loss 3.4367 | cls 2.9071 | tal -0.1357 | dual_g 0.5704 | dual_d 0.0000 | train_acc 0.5870 | train_full 0.2688 | val_acc 0.2667 | val_f1 0.3298 | adv/moduleC 0.00/0.25 | disc_steps 0 | grad(main/disc) 9.290/0.000 | lr(main/disc) 8.50e-05/3.20e-05 | cuda_peak(alloc/resv) 21.77/28.18GB | phase(train/val/raw/train_eval) 3.4/0.6/0.6/0.8s | 5.4s
2026-08-29 21:42:47 | New best val_f1_macro_present: raw=0.3298 stable_score=0.3298 at epoch 5
2026-08-29 21:42:52 | Epoch 006/060 | loss 3.4112 | cls 2.6633 | tal -0.1069 | dual_g 0.7800 | dual_d 0.8723 | train_acc 0.6268 | train_full n/a | val_acc 0.3667 | val_f1 0.4925 | adv/moduleC 0.07/0.38 | disc_steps 3 | grad(main/disc) 9.367/1.545 | lr(main/disc) 8.50e-05/3.20e-05 | cuda_peak(alloc/resv) 21.77/28.18GB | phase(train/val/raw/train_eval) 3.9/0.6/0.6/0.0s | 5.0s
2026-08-29 21:42:55 | New best val_f1_macro_present: raw=0.4925 stable_score=0.4925 at epoch 6
2026-08-29 21:43:00 | Epoch 007/060 | loss 3.3831 | cls 2.4348 | tal -0.0897 | dual_g 0.9752 | dual_d 0.8473 | train_acc 0.6957 | train_full n/a | val_acc 0.6750 | val_f1 0.7163 | adv/moduleC 0.13/0.50 | disc_steps 3 | grad(main/disc) 10.376/1.508 | lr(main/disc) 8.50e-05/3.20e-05 | cuda_peak(alloc/resv) 21.77/28.18GB | phase(train/val/raw/train_eval) 3.7/0.6/0.6/0.0s | 4.9s
2026-08-29 21:43:03 | New best val_f1_macro_present: raw=0.7163 stable_score=0.7163 at epoch 7
2026-08-29 21:43:08 | Epoch 008/060 | loss 3.4332 | cls 2.3037 | tal -0.0657 | dual_g 1.1492 | dual_d 0.8555 | train_acc 0.7446 | train_full n/a | val_acc 0.7583 | val_f1 0.7379 | adv/moduleC 0.20/0.62 | disc_steps 3 | grad(main/disc) 11.285/1.496 | lr(main/disc) 8.50e-05/3.20e-05 | cuda_peak(alloc/resv) 21.77/28.18GB | phase(train/val/raw/train_eval) 3.7/0.6/0.6/0.0s | 4.8s
2026-08-29 21:43:11 | New best val_f1_macro_present: raw=0.7379 stable_score=0.7379 at epoch 8
2026-08-29 21:43:15 | Epoch 009/060 | loss 3.3239 | cls 2.0880 | tal -0.0439 | dual_g 1.2491 | dual_d 0.8815 | train_acc 0.7808 | train_full n/a | val_acc 0.8000 | val_f1 0.7761 | adv/moduleC 0.27/0.75 | disc_steps 3 | grad(main/disc) 10.532/1.476 | lr(main/disc) 8.50e-05/3.20e-05 | cuda_peak(alloc/resv) 21.77/28.18GB | phase(train/val/raw/train_eval) 3.3/0.6/0.6/0.0s | 4.5s
2026-08-29 21:43:18 | New best val_f1_macro_present: raw=0.7761 stable_score=0.7761 at epoch 9
2026-08-29 21:43:24 | Epoch 010/060 | loss 3.3393 | cls 1.9932 | tal -0.0496 | dual_g 1.3610 | dual_d 0.8760 | train_acc 0.8243 | train_full 0.7806 | val_acc 0.7667 | val_f1 0.7409 | adv/moduleC 0.33/0.88 | disc_steps 3 | grad(main/disc) 10.347/1.468 | lr(main/disc) 8.50e-05/3.20e-05 | cuda_peak(alloc/resv) 21.77/28.18GB | phase(train/val/raw/train_eval) 3.7/0.6/0.6/0.8s | 5.7s
2026-08-29 21:43:29 | Epoch 011/060 | loss 3.3200 | cls 1.8316 | tal -0.0432 | dual_g 1.5013 | dual_d 0.8412 | train_acc 0.8514 | train_full n/a | val_acc 0.8750 | val_f1 0.8638 | adv/moduleC 0.40/1.00 | disc_steps 3 | grad(main/disc) 13.832/1.409 | lr(main/disc) 8.50e-05/3.20e-05 | cuda_peak(alloc/resv) 21.77/28.18GB | phase(train/val/raw/train_eval) 3.7/0.6/0.6/0.0s | 4.8s
2026-08-29 21:43:32 | New best val_f1_macro_present: raw=0.8638 stable_score=0.8638 at epoch 11
2026-08-29 21:43:36 | Epoch 012/060 | loss 3.1540 | cls 1.7671 | tal -0.0710 | dual_g 1.4082 | dual_d 0.8232 | train_acc 0.8678 | train_full n/a | val_acc 0.9000 | val_f1 0.8639 | adv/moduleC 0.47/1.00 | disc_steps 3 | grad(main/disc) 11.115/1.348 | lr(main/disc) 8.50e-05/3.20e-05 | cuda_peak(alloc/resv) 21.77/28.18GB | phase(train/val/raw/train_eval) 3.8/0.6/0.0/0.0s | 4.4s
2026-08-29 21:43:40 | Epoch 013/060 | loss 2.9185 | cls 1.6378 | tal -0.0668 | dual_g 1.3007 | dual_d 0.8245 | train_acc 0.8913 | train_full n/a | val_acc 0.8750 | val_f1 0.8529 | adv/moduleC 0.53/1.00 | disc_steps 3 | grad(main/disc) 8.988/1.328 | lr(main/disc) 8.50e-05/3.20e-05 | cuda_peak(alloc/resv) 21.77/28.18GB | phase(train/val/raw/train_eval) 3.5/0.6/0.0/0.0s | 4.0s
2026-08-29 21:43:44 | Epoch 014/060 | loss 2.8647 | cls 1.6026 | tal -0.0759 | dual_g 1.2848 | dual_d 0.8070 | train_acc 0.9094 | train_full n/a | val_acc 0.8333 | val_f1 0.7933 | adv/moduleC 0.60/1.00 | disc_steps 3 | grad(main/disc) 8.597/1.243 | lr(main/disc) 8.50e-05/3.20e-05 | cuda_peak(alloc/resv) 21.77/28.18GB | phase(train/val/raw/train_eval) 3.3/0.6/0.0/0.0s | 3.9s
2026-08-29 21:43:50 | Epoch 015/060 | loss 2.8096 | cls 1.5766 | tal -0.1327 | dual_g 1.2728 | dual_d 0.8242 | train_acc 0.9058 | train_full 0.8946 | val_acc 0.9083 | val_f1 0.8747 | adv/moduleC 0.67/1.00 | disc_steps 3 | grad(main/disc) 9.688/1.301 | lr(main/disc) 8.50e-05/3.20e-05 | cuda_peak(alloc/resv) 21.77/28.18GB | phase(train/val/raw/train_eval) 3.7/0.6/0.6/0.8s | 5.7s
2026-08-29 21:43:53 | New best val_f1_macro_present: raw=0.8747 stable_score=0.8747 at epoch 15
2026-08-29 21:43:58 | Epoch 016/060 | loss 2.7536 | cls 1.5446 | tal -0.1005 | dual_g 1.2392 | dual_d 0.8646 | train_acc 0.9257 | train_full n/a | val_acc 0.9083 | val_f1 0.8878 | adv/moduleC 0.73/1.00 | disc_steps 3 | grad(main/disc) 8.652/1.328 | lr(main/disc) 8.50e-05/3.20e-05 | cuda_peak(alloc/resv) 21.77/28.18GB | phase(train/val/raw/train_eval) 3.7/0.6/0.6/0.0s | 4.9s
2026-08-29 21:44:00 | New best val_f1_macro_present: raw=0.8878 stable_score=0.8878 at epoch 16
2026-08-29 21:44:05 | Epoch 017/060 | loss 2.7116 | cls 1.5268 | tal -0.1050 | dual_g 1.2163 | dual_d 0.8092 | train_acc 0.9402 | train_full n/a | val_acc 0.9000 | val_f1 0.8658 | adv/moduleC 0.80/1.00 | disc_steps 3 | grad(main/disc) 9.853/1.253 | lr(main/disc) 8.50e-05/3.20e-05 | cuda_peak(alloc/resv) 21.77/28.18GB | phase(train/val/raw/train_eval) 3.7/0.6/0.0/0.0s | 4.3s
2026-08-29 21:44:09 | Epoch 018/060 | loss 2.6158 | cls 1.4613 | tal -0.0479 | dual_g 1.1688 | dual_d 0.8221 | train_acc 0.9493 | train_full n/a | val_acc 0.9083 | val_f1 0.8866 | adv/moduleC 0.87/1.00 | disc_steps 3 | grad(main/disc) 8.269/1.236 | lr(main/disc) 8.50e-05/3.20e-05 | cuda_peak(alloc/resv) 21.77/28.18GB | phase(train/val/raw/train_eval) 3.5/0.6/0.0/0.0s | 4.0s
2026-08-29 21:44:13 | Epoch 019/060 | loss 2.5952 | cls 1.4401 | tal -0.0418 | dual_g 1.1676 | dual_d 0.8842 | train_acc 0.9583 | train_full n/a | val_acc 0.9417 | val_f1 0.9117 | adv/moduleC 0.93/1.00 | disc_steps 3 | grad(main/disc) 8.433/1.295 | lr(main/disc) 8.50e-05/3.20e-05 | cuda_peak(alloc/resv) 21.77/28.18GB | phase(train/val/raw/train_eval) 3.5/0.6/0.6/0.0s | 4.7s
2026-08-29 21:44:16 | New best val_f1_macro_present: raw=0.9117 stable_score=0.9117 at epoch 19
2026-08-29 21:44:22 | Epoch 020/060 | loss 2.5277 | cls 1.4056 | tal -0.0287 | dual_g 1.1308 | dual_d 0.8347 | train_acc 0.9674 | train_full 0.9613 | val_acc 0.9250 | val_f1 0.8990 | adv/moduleC 1.00/1.00 | disc_steps 3 | grad(main/disc) 7.330/1.227 | lr(main/disc) 8.50e-05/3.20e-05 | cuda_peak(alloc/resv) 21.77/28.18GB | phase(train/val/raw/train_eval) 3.4/0.6/0.6/0.8s | 5.3s
2026-08-29 21:44:26 | Epoch 021/060 | loss 2.4343 | cls 1.3841 | tal -0.1016 | dual_g 1.0807 | dual_d 0.8438 | train_acc 0.9674 | train_full n/a | val_acc 0.9167 | val_f1 0.8976 | adv/moduleC 1.00/1.00 | disc_steps 3 | grad(main/disc) 7.143/1.252 | lr(main/disc) 8.50e-05/3.20e-05 | cuda_peak(alloc/resv) 21.77/28.18GB | phase(train/val/raw/train_eval) 3.4/0.6/0.0/0.0s | 4.0s
2026-08-29 21:44:30 | Epoch 022/060 | loss 2.3698 | cls 1.3340 | tal -0.1105 | dual_g 1.0689 | dual_d 0.8614 | train_acc 0.9837 | train_full n/a | val_acc 0.9167 | val_f1 0.9237 | adv/moduleC 1.00/1.00 | disc_steps 3 | grad(main/disc) 5.851/1.265 | lr(main/disc) 8.50e-05/3.20e-05 | cuda_peak(alloc/resv) 21.77/28.18GB | phase(train/val/raw/train_eval) 3.5/0.6/0.6/0.0s | 4.6s
2026-08-29 21:44:33 | New best val_f1_macro_present: raw=0.9237 stable_score=0.9237 at epoch 22
2026-08-29 21:44:37 | Epoch 023/060 | loss 2.3548 | cls 1.3463 | tal -0.1672 | dual_g 1.0587 | dual_d 0.8986 | train_acc 0.9764 | train_full n/a | val_acc 0.9250 | val_f1 0.8952 | adv/moduleC 1.00/1.00 | disc_steps 3 | grad(main/disc) 6.559/1.280 | lr(main/disc) 8.50e-05/3.20e-05 | cuda_peak(alloc/resv) 21.77/28.18GB | phase(train/val/raw/train_eval) 3.6/0.6/0.0/0.0s | 4.2s
2026-08-29 21:44:41 | Epoch 024/060 | loss 2.3515 | cls 1.3242 | tal -0.1576 | dual_g 1.0746 | dual_d 0.9417 | train_acc 0.9656 | train_full n/a | val_acc 0.9417 | val_f1 0.9070 | adv/moduleC 1.00/1.00 | disc_steps 3 | grad(main/disc) 7.427/1.303 | lr(main/disc) 8.50e-05/3.20e-05 | cuda_peak(alloc/resv) 21.77/28.18GB | phase(train/val/raw/train_eval) 3.3/0.6/0.0/0.0s | 3.9s
2026-08-29 21:44:47 | Epoch 025/060 | loss 2.2765 | cls 1.2998 | tal -0.1819 | dual_g 1.0312 | dual_d 0.9236 | train_acc 0.9873 | train_full 0.9785 | val_acc 0.9417 | val_f1 0.9221 | adv/moduleC 1.00/1.00 | disc_steps 3 | grad(main/disc) 5.488/1.266 | lr(main/disc) 8.50e-05/3.20e-05 | cuda_peak(alloc/resv) 21.77/28.18GB | phase(train/val/raw/train_eval) 3.7/0.6/0.6/0.8s | 5.6s
2026-08-29 21:44:51 | Epoch 026/060 | loss 2.2581 | cls 1.2873 | tal -0.2063 | dual_g 1.0326 | dual_d 0.9043 | train_acc 0.9801 | train_full n/a | val_acc 0.9500 | val_f1 0.9418 | adv/moduleC 1.00/1.00 | disc_steps 3 | grad(main/disc) 5.740/1.249 | lr(main/disc) 8.50e-05/3.20e-05 | cuda_peak(alloc/resv) 21.77/28.18GB | phase(train/val/raw/train_eval) 3.4/0.6/0.6/0.0s | 4.5s
2026-08-29 21:44:54 | New best val_f1_macro_present: raw=0.9418 stable_score=0.9418 at epoch 26
2026-08-29 21:44:58 | Epoch 027/060 | loss 2.1924 | cls 1.2567 | tal -0.2408 | dual_g 1.0080 | dual_d 0.9497 | train_acc 0.9909 | train_full n/a | val_acc 0.9333 | val_f1 0.9045 | adv/moduleC 1.00/1.00 | disc_steps 3 | grad(main/disc) 4.818/1.298 | lr(main/disc) 8.50e-05/3.20e-05 | cuda_peak(alloc/resv) 21.77/28.18GB | phase(train/val/raw/train_eval) 3.6/0.6/0.0/0.0s | 4.2s
2026-08-29 21:45:02 | Epoch 028/060 | loss 2.2006 | cls 1.2701 | tal -0.2532 | dual_g 1.0064 | dual_d 0.9478 | train_acc 0.9909 | train_full n/a | val_acc 0.9333 | val_f1 0.9238 | adv/moduleC 1.00/1.00 | disc_steps 3 | grad(main/disc) 4.345/1.292 | lr(main/disc) 8.50e-05/3.20e-05 | cuda_peak(alloc/resv) 21.77/28.18GB | phase(train/val/raw/train_eval) 3.5/0.6/0.0/0.0s | 4.0s
2026-08-29 21:45:06 | Epoch 029/060 | loss 2.1774 | cls 1.2555 | tal -0.2532 | dual_g 0.9979 | dual_d 0.9423 | train_acc 0.9964 | train_full n/a | val_acc 0.9500 | val_f1 0.9351 | adv/moduleC 1.00/1.00 | disc_steps 3 | grad(main/disc) 4.079/1.270 | lr(main/disc) 8.50e-05/3.20e-05 | cuda_peak(alloc/resv) 21.77/28.18GB | phase(train/val/raw/train_eval) 3.4/0.6/0.0/0.0s | 4.0s
2026-08-29 21:45:12 | Epoch 030/060 | loss 2.2273 | cls 1.2802 | tal -0.2166 | dual_g 1.0121 | dual_d 0.9789 | train_acc 0.9855 | train_full 0.9849 | val_acc 0.9583 | val_f1 0.9478 | adv/moduleC 1.00/1.00 | disc_steps 3 | grad(main/disc) 5.071/1.297 | lr(main/disc) 8.50e-05/3.20e-05 | cuda_peak(alloc/resv) 21.77/28.18GB | phase(train/val/raw/train_eval) 3.4/0.6/0.6/0.8s | 5.4s
2026-08-29 21:45:15 | New best val_f1_macro_present: raw=0.9478 stable_score=0.9478 at epoch 30
2026-08-29 21:45:19 | Epoch 031/060 | loss 2.1773 | cls 1.2415 | tal -0.1765 | dual_g 0.9887 | dual_d 0.9352 | train_acc 0.9982 | train_full n/a | val_acc 0.9583 | val_f1 0.9300 | adv/moduleC 1.00/1.00 | disc_steps 3 | grad(main/disc) 3.486/1.218 | lr(main/disc) 8.50e-05/3.20e-05 | cuda_peak(alloc/resv) 21.77/28.18GB | phase(train/val/raw/train_eval) 3.6/0.6/0.0/0.0s | 4.2s
2026-08-29 21:45:23 | Epoch 032/060 | loss 2.2028 | cls 1.2623 | tal -0.1724 | dual_g 0.9923 | dual_d 0.9497 | train_acc 0.9909 | train_full n/a | val_acc 0.9500 | val_f1 0.9342 | adv/moduleC 1.00/1.00 | disc_steps 3 | grad(main/disc) 5.027/1.235 | lr(main/disc) 8.50e-05/3.20e-05 | cuda_peak(alloc/resv) 21.77/28.18GB | phase(train/val/raw/train_eval) 3.7/0.6/0.0/0.0s | 4.3s
2026-08-29 21:45:27 | Epoch 033/060 | loss 2.1755 | cls 1.2417 | tal -0.1768 | dual_g 0.9868 | dual_d 0.9649 | train_acc 0.9946 | train_full n/a | val_acc 0.9333 | val_f1 0.9239 | adv/moduleC 1.00/1.00 | disc_steps 3 | grad(main/disc) 3.804/1.252 | lr(main/disc) 8.50e-05/3.20e-05 | cuda_peak(alloc/resv) 21.77/28.18GB | phase(train/val/raw/train_eval) 3.5/0.6/0.0/0.0s | 4.0s
2026-08-29 21:45:31 | Epoch 034/060 | loss 2.1719 | cls 1.2327 | tal -0.1496 | dual_g 0.9841 | dual_d 0.9625 | train_acc 0.9928 | train_full n/a | val_acc 0.9500 | val_f1 0.9457 | adv/moduleC 1.00/1.00 | disc_steps 3 | grad(main/disc) 3.614/1.277 | lr(main/disc) 8.50e-05/3.20e-05 | cuda_peak(alloc/resv) 21.77/28.18GB | phase(train/val/raw/train_eval) 3.4/0.6/0.0/0.0s | 4.0s
2026-08-29 21:45:37 | Epoch 035/060 | loss 2.1459 | cls 1.2282 | tal -0.1585 | dual_g 0.9653 | dual_d 1.0001 | train_acc 0.9964 | train_full 0.9849 | val_acc 0.9500 | val_f1 0.9265 | adv/moduleC 1.00/1.00 | disc_steps 3 | grad(main/disc) 3.219/1.229 | lr(main/disc) 8.50e-05/3.20e-05 | cuda_peak(alloc/resv) 21.77/28.18GB | phase(train/val/raw/train_eval) 3.7/0.6/0.6/0.8s | 5.7s
2026-08-29 21:45:41 | Epoch 036/060 | loss 2.1309 | cls 1.2203 | tal -0.1901 | dual_g 0.9676 | dual_d 0.9964 | train_acc 0.9964 | train_full n/a | val_acc 0.9500 | val_f1 0.9208 | adv/moduleC 1.00/1.00 | disc_steps 3 | grad(main/disc) 2.783/1.274 | lr(main/disc) 8.50e-05/3.20e-05 | cuda_peak(alloc/resv) 21.77/28.18GB | phase(train/val/raw/train_eval) 3.2/0.6/0.0/0.0s | 3.8s
2026-08-29 21:45:45 | Epoch 037/060 | loss 2.1360 | cls 1.2257 | tal -0.1944 | dual_g 0.9686 | dual_d 0.9795 | train_acc 0.9982 | train_full n/a | val_acc 0.9667 | val_f1 0.9594 | adv/moduleC 1.00/1.00 | disc_steps 3 | grad(main/disc) 3.404/1.221 | lr(main/disc) 8.50e-05/3.20e-05 | cuda_peak(alloc/resv) 21.77/28.18GB | phase(train/val/raw/train_eval) 3.3/0.6/0.6/0.0s | 4.5s
2026-08-29 21:45:48 | New best val_f1_macro_present: raw=0.9594 stable_score=0.9594 at epoch 37
2026-08-29 21:45:52 | Epoch 038/060 | loss 2.1167 | cls 1.2195 | tal -0.1991 | dual_g 0.9569 | dual_d 0.9990 | train_acc 0.9982 | train_full n/a | val_acc 0.9417 | val_f1 0.9407 | adv/moduleC 1.00/1.00 | disc_steps 3 | grad(main/disc) 3.028/1.279 | lr(main/disc) 8.50e-05/3.20e-05 | cuda_peak(alloc/resv) 21.77/28.18GB | phase(train/val/raw/train_eval) 3.6/0.6/0.0/0.0s | 4.2s
2026-08-29 21:45:57 | Epoch 039/060 | loss 2.1089 | cls 1.2175 | tal -0.2003 | dual_g 0.9515 | dual_d 0.9948 | train_acc 0.9928 | train_full n/a | val_acc 0.9333 | val_f1 0.9320 | adv/moduleC 1.00/1.00 | disc_steps 3 | grad(main/disc) 4.120/1.229 | lr(main/disc) 8.50e-05/3.20e-05 | cuda_peak(alloc/resv) 21.77/28.18GB | phase(train/val/raw/train_eval) 3.6/0.6/0.0/0.0s | 4.2s
2026-08-29 21:46:02 | Epoch 040/060 | loss 2.1048 | cls 1.2261 | tal -0.2164 | dual_g 0.9436 | dual_d 1.0320 | train_acc 0.9891 | train_full 0.9914 | val_acc 0.9667 | val_f1 0.9576 | adv/moduleC 1.00/1.00 | disc_steps 3 | grad(main/disc) 3.609/1.271 | lr(main/disc) 8.50e-05/3.20e-05 | cuda_peak(alloc/resv) 21.77/28.18GB | phase(train/val/raw/train_eval) 3.4/0.6/0.6/0.9s | 5.4s
2026-08-29 21:46:06 | Epoch 041/060 | loss 2.0979 | cls 1.2091 | tal -0.2271 | dual_g 0.9569 | dual_d 1.0102 | train_acc 0.9982 | train_full n/a | val_acc 0.9583 | val_f1 0.9327 | adv/moduleC 1.00/1.00 | disc_steps 3 | grad(main/disc) 3.358/1.216 | lr(main/disc) 8.50e-05/3.20e-05 | cuda_peak(alloc/resv) 21.77/28.18GB | phase(train/val/raw/train_eval) 3.3/0.6/0.0/0.0s | 3.9s
2026-08-29 21:46:10 | Epoch 042/060 | loss 2.0794 | cls 1.2009 | tal -0.2186 | dual_g 0.9441 | dual_d 0.9825 | train_acc 0.9982 | train_full n/a | val_acc 0.9667 | val_f1 0.9503 | adv/moduleC 1.00/1.00 | disc_steps 3 | grad(main/disc) 2.378/1.216 | lr(main/disc) 8.50e-05/3.20e-05 | cuda_peak(alloc/resv) 21.77/28.18GB | phase(train/val/raw/train_eval) 3.7/0.6/0.0/0.0s | 4.3s
2026-08-29 21:46:15 | Epoch 043/060 | loss 2.1093 | cls 1.2060 | tal -0.1311 | dual_g 0.9426 | dual_d 1.0504 | train_acc 0.9946 | train_full n/a | val_acc 0.9750 | val_f1 0.9662 | adv/moduleC 1.00/1.00 | disc_steps 3 | grad(main/disc) 3.816/1.263 | lr(main/disc) 8.50e-05/3.20e-05 | cuda_peak(alloc/resv) 21.77/28.18GB | phase(train/val/raw/train_eval) 3.7/0.6/0.6/0.0s | 4.9s
2026-08-29 21:46:18 | New best val_f1_macro_present: raw=0.9662 stable_score=0.9662 at epoch 43
2026-08-29 21:46:22 | Epoch 044/060 | loss 2.0814 | cls 1.2018 | tal -0.1842 | dual_g 0.9349 | dual_d 1.0486 | train_acc 0.9982 | train_full n/a | val_acc 0.9500 | val_f1 0.9249 | adv/moduleC 1.00/1.00 | disc_steps 3 | grad(main/disc) 2.643/1.255 | lr(main/disc) 8.50e-05/3.20e-05 | cuda_peak(alloc/resv) 21.77/28.18GB | phase(train/val/raw/train_eval) 3.7/0.6/0.0/0.0s | 4.3s
2026-08-29 21:46:28 | Epoch 045/060 | loss 2.0942 | cls 1.2117 | tal -0.1906 | dual_g 0.9397 | dual_d 1.0820 | train_acc 0.9982 | train_full 0.9892 | val_acc 0.9750 | val_f1 0.9626 | adv/moduleC 1.00/1.00 | disc_steps 3 | grad(main/disc) 2.597/1.260 | lr(main/disc) 8.50e-05/3.20e-05 | cuda_peak(alloc/resv) 21.77/28.18GB | phase(train/val/raw/train_eval) 3.5/0.6/0.6/0.8s | 5.5s
2026-08-29 21:46:32 | Epoch 046/060 | loss 2.0710 | cls 1.1969 | tal -0.1925 | dual_g 0.9318 | dual_d 1.0216 | train_acc 1.0000 | train_full n/a | val_acc 0.9750 | val_f1 0.9662 | adv/moduleC 1.00/1.00 | disc_steps 3 | grad(main/disc) 2.612/1.198 | lr(main/disc) 8.50e-05/3.20e-05 | cuda_peak(alloc/resv) 21.77/28.18GB | phase(train/val/raw/train_eval) 3.5/0.6/0.0/0.0s | 4.1s
2026-08-29 21:46:36 | Epoch 047/060 | loss 2.0704 | cls 1.1984 | tal -0.1804 | dual_g 0.9261 | dual_d 1.0124 | train_acc 1.0000 | train_full n/a | val_acc 0.9750 | val_f1 0.9634 | adv/moduleC 1.00/1.00 | disc_steps 3 | grad(main/disc) 2.258/1.200 | lr(main/disc) 8.50e-05/3.20e-05 | cuda_peak(alloc/resv) 21.77/28.18GB | phase(train/val/raw/train_eval) 3.3/0.6/0.0/0.0s | 3.9s
2026-08-29 21:46:40 | Epoch 048/060 | loss 2.0613 | cls 1.2015 | tal -0.2090 | dual_g 0.9225 | dual_d 1.0321 | train_acc 0.9964 | train_full n/a | val_acc 0.9833 | val_f1 0.9714 | adv/moduleC 1.00/1.00 | disc_steps 3 | grad(main/disc) 2.221/1.194 | lr(main/disc) 8.50e-05/3.20e-05 | cuda_peak(alloc/resv) 21.77/28.18GB | phase(train/val/raw/train_eval) 3.3/0.6/0.6/0.0s | 4.4s
2026-08-29 21:46:43 | New best val_f1_macro_present: raw=0.9714 stable_score=0.9714 at epoch 48
2026-08-29 21:46:47 | Epoch 049/060 | loss 2.0593 | cls 1.2045 | tal -0.2686 | dual_g 0.9354 | dual_d 1.0044 | train_acc 1.0000 | train_full n/a | val_acc 0.9583 | val_f1 0.9505 | adv/moduleC 1.00/1.00 | disc_steps 3 | grad(main/disc) 2.480/1.139 | lr(main/disc) 8.50e-05/3.20e-05 | cuda_peak(alloc/resv) 21.77/28.18GB | phase(train/val/raw/train_eval) 3.8/0.6/0.0/0.0s | 4.3s
2026-08-29 21:46:53 | Epoch 050/060 | loss 2.0174 | cls 1.1868 | tal -0.2903 | dual_g 0.9177 | dual_d 1.0040 | train_acc 1.0000 | train_full 0.9914 | val_acc 0.9500 | val_f1 0.9440 | adv/moduleC 1.00/1.00 | disc_steps 3 | grad(main/disc) 1.801/1.168 | lr(main/disc) 8.50e-05/3.20e-05 | cuda_peak(alloc/resv) 21.77/28.18GB | phase(train/val/raw/train_eval) 3.3/0.6/0.6/0.9s | 5.3s
2026-08-29 21:46:57 | Epoch 051/060 | loss 2.0170 | cls 1.1781 | tal -0.2493 | dual_g 0.9136 | dual_d 1.0233 | train_acc 0.9982 | train_full n/a | val_acc 0.9667 | val_f1 0.9466 | adv/moduleC 1.00/1.00 | disc_steps 3 | grad(main/disc) 1.755/1.195 | lr(main/disc) 8.50e-05/3.20e-05 | cuda_peak(alloc/resv) 21.77/28.18GB | phase(train/val/raw/train_eval) 3.7/0.6/0.0/0.0s | 4.3s
2026-08-29 21:47:01 | Epoch 052/060 | loss 2.0150 | cls 1.1866 | tal -0.2788 | dual_g 0.9121 | dual_d 1.0025 | train_acc 0.9982 | train_full n/a | val_acc 0.9667 | val_f1 0.9466 | adv/moduleC 1.00/1.00 | disc_steps 3 | grad(main/disc) 1.746/1.169 | lr(main/disc) 8.50e-05/3.20e-05 | cuda_peak(alloc/resv) 21.77/28.18GB | phase(train/val/raw/train_eval) 3.9/0.6/0.0/0.0s | 4.5s
2026-08-29 21:47:06 | Epoch 053/060 | loss 2.0099 | cls 1.1811 | tal -0.2772 | dual_g 0.9120 | dual_d 1.0204 | train_acc 0.9982 | train_full n/a | val_acc 0.9667 | val_f1 0.9466 | adv/moduleC 1.00/1.00 | disc_steps 3 | grad(main/disc) 2.015/1.168 | lr(main/disc) 8.50e-05/3.20e-05 | cuda_peak(alloc/resv) 21.77/28.18GB | phase(train/val/raw/train_eval) 3.7/0.6/0.0/0.0s | 4.2s
2026-08-29 21:47:10 | Epoch 054/060 | loss 2.0029 | cls 1.1779 | tal -0.2937 | dual_g 0.9131 | dual_d 1.0347 | train_acc 0.9964 | train_full n/a | val_acc 0.9667 | val_f1 0.9466 | adv/moduleC 1.00/1.00 | disc_steps 3 | grad(main/disc) 1.800/1.193 | lr(main/disc) 8.50e-05/3.20e-05 | cuda_peak(alloc/resv) 21.77/28.18GB | phase(train/val/raw/train_eval) 3.4/0.6/0.0/0.0s | 4.0s
2026-08-29 21:47:15 | Epoch 055/060 | loss 2.0218 | cls 1.1889 | tal -0.2403 | dual_g 0.9050 | dual_d 1.0438 | train_acc 0.9964 | train_full 0.9957 | val_acc 0.9667 | val_f1 0.9557 | adv/moduleC 1.00/1.00 | disc_steps 3 | grad(main/disc) 2.282/1.191 | lr(main/disc) 8.50e-05/3.20e-05 | cuda_peak(alloc/resv) 21.77/28.18GB | phase(train/val/raw/train_eval) 3.4/0.6/0.6/0.8s | 5.4s
2026-08-29 21:47:19 | Epoch 056/060 | loss 2.0235 | cls 1.1804 | tal -0.2383 | dual_g 0.9146 | dual_d 1.0080 | train_acc 0.9982 | train_full n/a | val_acc 0.9750 | val_f1 0.9626 | adv/moduleC 1.00/1.00 | disc_steps 3 | grad(main/disc) 2.402/1.159 | lr(main/disc) 8.50e-05/3.20e-05 | cuda_peak(alloc/resv) 21.77/28.18GB | phase(train/val/raw/train_eval) 3.6/0.6/0.0/0.0s | 4.2s
2026-08-29 21:47:23 | Epoch 057/060 | loss 2.0114 | cls 1.1729 | tal -0.2188 | dual_g 0.9041 | dual_d 1.0118 | train_acc 1.0000 | train_full n/a | val_acc 0.9750 | val_f1 0.9644 | adv/moduleC 1.00/1.00 | disc_steps 3 | grad(main/disc) 1.754/1.117 | lr(main/disc) 4.25e-05/1.60e-05 | cuda_peak(alloc/resv) 21.77/28.18GB | phase(train/val/raw/train_eval) 3.2/0.6/0.0/0.0s | 3.8s
2026-08-29 21:47:27 | Epoch 058/060 | loss 2.0091 | cls 1.1724 | tal -0.2178 | dual_g 0.9021 | dual_d 1.0258 | train_acc 1.0000 | train_full n/a | val_acc 0.9750 | val_f1 0.9644 | adv/moduleC 1.00/1.00 | disc_steps 3 | grad(main/disc) 1.770/1.154 | lr(main/disc) 4.25e-05/1.60e-05 | cuda_peak(alloc/resv) 21.77/28.18GB | phase(train/val/raw/train_eval) 3.5/0.6/0.0/0.0s | 4.0s
2026-08-29 21:47:31 | Epoch 059/060 | loss 1.9914 | cls 1.1696 | tal -0.2607 | dual_g 0.9000 | dual_d 1.0408 | train_acc 0.9982 | train_full n/a | val_acc 0.9750 | val_f1 0.9626 | adv/moduleC 1.00/1.00 | disc_steps 3 | grad(main/disc) 1.574/1.138 | lr(main/disc) 4.25e-05/1.60e-05 | cuda_peak(alloc/resv) 21.77/28.18GB | phase(train/val/raw/train_eval) 3.6/0.6/0.0/0.0s | 4.2s
2026-08-29 21:47:37 | Epoch 060/060 | loss 1.9905 | cls 1.1706 | tal -0.2720 | dual_g 0.9015 | dual_d 1.0279 | train_acc 1.0000 | train_full 0.9892 | val_acc 0.9667 | val_f1 0.9557 | adv/moduleC 1.00/1.00 | disc_steps 3 | grad(main/disc) 1.558/1.090 | lr(main/disc) 4.25e-05/1.60e-05 | cuda_peak(alloc/resv) 21.77/28.18GB | phase(train/val/raw/train_eval) 3.3/0.6/0.6/0.8s | 5.2s
2026-08-29 21:47:37 | Training complete. Peak validation accuracy: 0.9833 | selected val_f1_macro_present: 0.9714
2026-08-29 21:47:37 | Starting Dual_D standalone training
2026-08-29 21:47:37 | Run directory: runs/module_c_ablation_60_v8/module_c_20260829_205331/module_c_no_cycle_逆光_20260829_213218
2026-08-29 21:47:37 | Device: cuda
2026-08-29 21:47:37 | Source train samples: 992
2026-08-29 21:47:37 | Target train samples: 132
2026-08-29 21:47:37 | Target val samples: 37
2026-08-29 21:47:37 | Classes: 14
2026-08-29 21:47:37 | Data audit: same_dir=False | path_overlap(vis/ir/ais)=0/0/0 | content_overlap(vis/ir/ais)=0/0/0 | ais_index_overlap=0 | stem_mismatch(vis-ir/vis-ais)=157/0
2026-08-29 21:47:37 | source_train classes: present 14/14 | absent 0 | counts [0:120, 1:44, 2:69, 3:45, 4:40, 5:30, 6:64, 7:80, 8:116, 9:68, 10:57, 11:83, 12:48, 13:128]
2026-08-29 21:47:37 | target_train classes: present 9/14 | absent 5 | counts [0:20, 2:12, 4:12, 5:2, 9:16, 10:16, 11:29, 12:4, 13:21]
2026-08-29 21:47:37 | target_val classes: present 9/14 | absent 5 | counts [0:6, 2:3, 4:4, 5:1, 9:4, 10:4, 11:8, 12:1, 13:6]
2026-08-29 21:47:37 | Paired training classes: 9/14 | class ids [0, 2, 4, 5, 9, 10, 11, 12, 13]
2026-08-29 21:47:37 | Runtime profile: batch=92 | paired_steps=4 | workers=16 | train_eval_every=5 | raw_eval_every=5 | stability_window=3 | lr_scheduler_start=28 | early_stop=18 after min_epoch=45
2026-08-29 21:47:37 | VIS/IR pairing: class-level-unpaired | count-mismatch classes train/val: 10/1 | AIS alignment: none | AIS rows train/val: 0/0
2026-08-29 21:47:38 | Effective Dual-D loss weights: {"adv_auxiliary": 0.025, "adv_primary": 0.025, "classification": 0.2, "contrastive": 0.04, "cycle": 0.0, "identity": 0.045, "prototype_contrastive": 0.06}
2026-08-29 21:47:38 | Model parameters: total=17277714 | trainable=17120210
Starting run 4/9: domain=逆光, iteration=1, seed=45
2026-08-29 21:47:43 | Epoch 001/060 | loss 6.1941 | cls 6.2475 | tal -0.1781 | dual_g 0.0000 | dual_d 0.0000 | train_acc 0.0543 | train_full 0.0152 | val_acc 0.0000 | val_f1 0.0000 | adv/moduleC 0.00/0.00 | disc_steps 0 | grad(main/disc) 16.991/0.000 | lr(main/disc) 5.50e-05/2.40e-05 | cuda_peak(alloc/resv) 21.77/28.18GB | phase(train/val/raw/train_eval) 3.8/0.5/0.5/0.7s | 5.4s
2026-08-29 21:47:46 | Epoch 002/060 | loss 5.2852 | cls 5.3111 | tal -0.0862 | dual_g 0.0000 | dual_d 0.0000 | train_acc 0.1033 | train_full n/a | val_acc 0.1081 | val_f1 0.0638 | adv/moduleC 0.00/0.00 | disc_steps 0 | grad(main/disc) 14.702/0.000 | lr(main/disc) 5.50e-05/2.40e-05 | cuda_peak(alloc/resv) 21.77/28.18GB | phase(train/val/raw/train_eval) 3.0/0.5/0.0/0.0s | 3.4s
2026-08-29 21:47:51 | Epoch 003/060 | loss 4.6546 | cls 4.6939 | tal -0.1308 | dual_g 0.0000 | dual_d 0.0000 | train_acc 0.2418 | train_full n/a | val_acc 0.2162 | val_f1 0.1241 | adv/moduleC 0.00/0.00 | disc_steps 0 | grad(main/disc) 12.524/0.000 | lr(main/disc) 5.50e-05/2.40e-05 | cuda_peak(alloc/resv) 21.77/28.18GB | phase(train/val/raw/train_eval) 3.3/0.5/0.5/0.0s | 4.2s
2026-08-29 21:47:53 | New best val_f1_macro_present: raw=0.1241 stable_score=0.0000 at epoch 3
2026-08-29 21:47:58 | Epoch 004/060 | loss 4.1762 | cls 4.2346 | tal -0.1949 | dual_g 0.0000 | dual_d 0.0000 | train_acc 0.2962 | train_full n/a | val_acc 0.3243 | val_f1 0.2224 | adv/moduleC 0.00/0.00 | disc_steps 0 | grad(main/disc) 11.609/0.000 | lr(main/disc) 5.50e-05/2.40e-05 | cuda_peak(alloc/resv) 21.77/28.18GB | phase(train/val/raw/train_eval) 3.4/0.5/0.5/0.0s | 4.3s
2026-08-29 21:48:00 | New best val_f1_macro_present: raw=0.2224 stable_score=0.0638 at epoch 4
2026-08-29 21:48:06 | Epoch 005/060 | loss 3.9555 | cls 4.0161 | tal -0.2018 | dual_g 0.0000 | dual_d 0.0000 | train_acc 0.3587 | train_full 0.4773 | val_acc 0.5405 | val_f1 0.4952 | adv/moduleC 0.00/0.00 | disc_steps 0 | grad(main/disc) 11.018/0.000 | lr(main/disc) 5.50e-05/2.40e-05 | cuda_peak(alloc/resv) 21.77/28.18GB | phase(train/val/raw/train_eval) 3.5/0.5/0.5/0.7s | 5.2s
2026-08-29 21:48:08 | New best val_f1_macro_present: raw=0.4952 stable_score=0.1241 at epoch 5
2026-08-29 21:48:12 | Epoch 006/060 | loss 3.7959 | cls 3.7571 | tal -0.2273 | dual_g 0.1071 | dual_d 0.0000 | train_acc 0.4158 | train_full n/a | val_acc 0.5946 | val_f1 0.5816 | adv/moduleC 0.00/0.10 | disc_steps 0 | grad(main/disc) 10.471/0.000 | lr(main/disc) 5.50e-05/2.40e-05 | cuda_peak(alloc/resv) 21.77/28.18GB | phase(train/val/raw/train_eval) 2.8/0.5/0.5/0.0s | 3.8s
2026-08-29 21:48:15 | New best val_f1_macro_present: raw=0.5816 stable_score=0.2224 at epoch 6
2026-08-29 21:48:19 | Epoch 007/060 | loss 3.6298 | cls 3.5015 | tal -0.2432 | dual_g 0.2013 | dual_d 0.0000 | train_acc 0.4321 | train_full n/a | val_acc 0.6216 | val_f1 0.5842 | adv/moduleC 0.00/0.20 | disc_steps 0 | grad(main/disc) 9.960/0.000 | lr(main/disc) 5.50e-05/2.40e-05 | cuda_peak(alloc/resv) 21.77/28.18GB | phase(train/val/raw/train_eval) 3.2/0.5/0.5/0.0s | 4.1s
2026-08-29 21:48:22 | New best val_f1_macro_present: raw=0.5842 stable_score=0.4952 at epoch 7
2026-08-29 21:48:26 | Epoch 008/060 | loss 3.5000 | cls 3.2919 | tal -0.2747 | dual_g 0.2906 | dual_d 0.7905 | train_acc 0.5054 | train_full n/a | val_acc 0.7838 | val_f1 0.8170 | adv/moduleC 0.07/0.30 | disc_steps 2 | grad(main/disc) 9.828/1.556 | lr(main/disc) 5.50e-05/2.40e-05 | cuda_peak(alloc/resv) 21.77/28.18GB | phase(train/val/raw/train_eval) 3.3/0.5/0.5/0.0s | 4.2s
2026-08-29 21:48:29 | New best val_f1_macro_present: raw=0.8170 stable_score=0.5816 at epoch 8
2026-08-29 21:48:33 | Epoch 009/060 | loss 3.4706 | cls 3.1729 | tal -0.2811 | dual_g 0.3821 | dual_d 0.7927 | train_acc 0.5217 | train_full n/a | val_acc 0.7838 | val_f1 0.8111 | adv/moduleC 0.13/0.40 | disc_steps 2 | grad(main/disc) 10.030/1.578 | lr(main/disc) 5.50e-05/2.40e-05 | cuda_peak(alloc/resv) 21.77/28.18GB | phase(train/val/raw/train_eval) 3.0/0.5/0.5/0.0s | 4.0s
2026-08-29 21:48:36 | New best val_f1_macro_present: raw=0.8111 stable_score=0.5842 at epoch 9
2026-08-29 21:48:41 | Epoch 010/060 | loss 3.3740 | cls 2.9893 | tal -0.2312 | dual_g 0.4541 | dual_d 0.7789 | train_acc 0.5679 | train_full 0.8561 | val_acc 0.8378 | val_f1 0.8532 | adv/moduleC 0.20/0.50 | disc_steps 2 | grad(main/disc) 9.905/1.555 | lr(main/disc) 5.50e-05/2.40e-05 | cuda_peak(alloc/resv) 21.77/28.18GB | phase(train/val/raw/train_eval) 3.3/0.5/0.5/0.7s | 4.9s
2026-08-29 21:48:43 | New best val_f1_macro_present: raw=0.8532 stable_score=0.8111 at epoch 10
2026-08-29 21:48:47 | Epoch 011/060 | loss 3.3723 | cls 2.8996 | tal -0.2159 | dual_g 0.5375 | dual_d 0.7698 | train_acc 0.6033 | train_full n/a | val_acc 0.8378 | val_f1 0.8532 | adv/moduleC 0.27/0.60 | disc_steps 2 | grad(main/disc) 9.490/1.498 | lr(main/disc) 5.50e-05/2.40e-05 | cuda_peak(alloc/resv) 21.77/28.18GB | phase(train/val/raw/train_eval) 3.4/0.5/0.0/0.0s | 3.8s
2026-08-29 21:48:51 | Epoch 012/060 | loss 3.3045 | cls 2.7926 | tal -0.2081 | dual_g 0.5744 | dual_d 0.7862 | train_acc 0.6902 | train_full n/a | val_acc 0.8919 | val_f1 0.9042 | adv/moduleC 0.33/0.70 | disc_steps 2 | grad(main/disc) 9.755/1.508 | lr(main/disc) 5.50e-05/2.40e-05 | cuda_peak(alloc/resv) 21.77/28.18GB | phase(train/val/raw/train_eval) 3.1/0.5/0.5/0.0s | 4.1s
2026-08-29 21:48:54 | New best val_f1_macro_present: raw=0.9042 stable_score=0.8532 at epoch 12
2026-08-29 21:48:57 | Epoch 013/060 | loss 3.1400 | cls 2.5748 | tal -0.2191 | dual_g 0.6309 | dual_d 0.8053 | train_acc 0.6957 | train_full n/a | val_acc 0.8919 | val_f1 0.9118 | adv/moduleC 0.40/0.80 | disc_steps 2 | grad(main/disc) 9.369/1.449 | lr(main/disc) 5.50e-05/2.40e-05 | cuda_peak(alloc/resv) 21.77/28.18GB | phase(train/val/raw/train_eval) 3.1/0.5/0.0/0.0s | 3.6s
2026-08-29 21:49:02 | Epoch 014/060 | loss 3.1386 | cls 2.5018 | tal -0.1841 | dual_g 0.6920 | dual_d 0.8176 | train_acc 0.7391 | train_full n/a | val_acc 0.8649 | val_f1 0.8674 | adv/moduleC 0.47/0.90 | disc_steps 2 | grad(main/disc) 9.037/1.493 | lr(main/disc) 5.50e-05/2.40e-05 | cuda_peak(alloc/resv) 21.77/28.18GB | phase(train/val/raw/train_eval) 3.4/0.5/0.5/0.0s | 4.3s
2026-08-29 21:49:05 | New best val_f1_macro_present: raw=0.8674 stable_score=0.8674 at epoch 14
2026-08-29 21:49:09 | Epoch 015/060 | loss 3.1360 | cls 2.4416 | tal -0.2337 | dual_g 0.7645 | dual_d 0.8092 | train_acc 0.7228 | train_full 0.8712 | val_acc 0.9189 | val_f1 0.9327 | adv/moduleC 0.53/1.00 | disc_steps 2 | grad(main/disc) 9.384/1.466 | lr(main/disc) 5.50e-05/2.40e-05 | cuda_peak(alloc/resv) 21.77/28.18GB | phase(train/val/raw/train_eval) 3.2/0.5/0.5/0.7s | 4.8s
2026-08-29 21:49:13 | Epoch 016/060 | loss 2.9150 | cls 2.2653 | tal -0.2640 | dual_g 0.7290 | dual_d 0.8093 | train_acc 0.7745 | train_full n/a | val_acc 0.8919 | val_f1 0.9129 | adv/moduleC 0.60/1.00 | disc_steps 2 | grad(main/disc) 8.450/1.427 | lr(main/disc) 5.50e-05/2.40e-05 | cuda_peak(alloc/resv) 21.77/28.18GB | phase(train/val/raw/train_eval) 3.4/0.5/0.0/0.0s | 3.8s
2026-08-29 21:49:17 | Epoch 017/060 | loss 2.8182 | cls 2.1941 | tal -0.2852 | dual_g 0.7097 | dual_d 0.8326 | train_acc 0.8043 | train_full n/a | val_acc 0.9189 | val_f1 0.9358 | adv/moduleC 0.67/1.00 | disc_steps 2 | grad(main/disc) 8.614/1.430 | lr(main/disc) 5.50e-05/2.40e-05 | cuda_peak(alloc/resv) 21.77/28.18GB | phase(train/val/raw/train_eval) 3.2/0.5/0.5/0.0s | 4.1s
2026-08-29 21:49:20 | New best val_f1_macro_present: raw=0.9358 stable_score=0.9129 at epoch 17
2026-08-29 21:49:24 | Epoch 018/060 | loss 2.9052 | cls 2.2567 | tal -0.2506 | dual_g 0.7237 | dual_d 0.8520 | train_acc 0.8016 | train_full n/a | val_acc 0.9730 | val_f1 0.9776 | adv/moduleC 0.73/1.00 | disc_steps 2 | grad(main/disc) 10.544/1.494 | lr(main/disc) 5.50e-05/2.40e-05 | cuda_peak(alloc/resv) 21.77/28.18GB | phase(train/val/raw/train_eval) 3.5/0.5/0.0/0.0s | 4.0s
2026-08-29 21:49:28 | Epoch 019/060 | loss 2.7727 | cls 2.1317 | tal -0.2134 | dual_g 0.7050 | dual_d 0.8770 | train_acc 0.8207 | train_full n/a | val_acc 0.9730 | val_f1 0.9802 | adv/moduleC 0.80/1.00 | disc_steps 2 | grad(main/disc) 8.595/1.510 | lr(main/disc) 5.50e-05/2.40e-05 | cuda_peak(alloc/resv) 21.77/28.18GB | phase(train/val/raw/train_eval) 3.1/0.5/0.5/0.0s | 4.0s
2026-08-29 21:49:31 | New best val_f1_macro_present: raw=0.9802 stable_score=0.9358 at epoch 19
2026-08-29 21:49:36 | Epoch 020/060 | loss 2.6826 | cls 2.0651 | tal -0.1804 | dual_g 0.6716 | dual_d 0.8315 | train_acc 0.8397 | train_full 0.9697 | val_acc 0.9730 | val_f1 0.9802 | adv/moduleC 0.87/1.00 | disc_steps 2 | grad(main/disc) 9.577/1.408 | lr(main/disc) 5.50e-05/2.40e-05 | cuda_peak(alloc/resv) 21.77/28.18GB | phase(train/val/raw/train_eval) 3.0/0.5/0.5/0.7s | 4.7s
2026-08-29 21:49:38 | New best val_f1_macro_present: raw=0.9802 stable_score=0.9776 at epoch 20
2026-08-29 21:49:42 | Epoch 021/060 | loss 2.6104 | cls 1.9943 | tal -0.1696 | dual_g 0.6669 | dual_d 0.8315 | train_acc 0.8750 | train_full n/a | val_acc 0.9459 | val_f1 0.9578 | adv/moduleC 0.93/1.00 | disc_steps 2 | grad(main/disc) 7.731/1.391 | lr(main/disc) 5.50e-05/2.40e-05 | cuda_peak(alloc/resv) 21.77/28.18GB | phase(train/val/raw/train_eval) 3.4/0.5/0.0/0.0s | 3.9s
2026-08-29 21:49:46 | Epoch 022/060 | loss 2.5812 | cls 1.9643 | tal -0.1447 | dual_g 0.6602 | dual_d 0.8544 | train_acc 0.8913 | train_full n/a | val_acc 0.9730 | val_f1 0.9776 | adv/moduleC 1.00/1.00 | disc_steps 2 | grad(main/disc) 8.133/1.398 | lr(main/disc) 5.50e-05/2.40e-05 | cuda_peak(alloc/resv) 21.77/28.18GB | phase(train/val/raw/train_eval) 3.1/0.5/0.0/0.0s | 3.6s
2026-08-29 21:49:50 | Epoch 023/060 | loss 2.5005 | cls 1.9064 | tal -0.1414 | dual_g 0.6365 | dual_d 0.8162 | train_acc 0.9185 | train_full n/a | val_acc 0.9459 | val_f1 0.9578 | adv/moduleC 1.00/1.00 | disc_steps 2 | grad(main/disc) 7.672/1.394 | lr(main/disc) 5.50e-05/2.40e-05 | cuda_peak(alloc/resv) 21.77/28.18GB | phase(train/val/raw/train_eval) 3.4/0.5/0.0/0.0s | 3.9s
2026-08-29 21:49:53 | Epoch 024/060 | loss 2.4902 | cls 1.8916 | tal -0.1313 | dual_g 0.6380 | dual_d 0.8426 | train_acc 0.8859 | train_full n/a | val_acc 0.9459 | val_f1 0.9578 | adv/moduleC 1.00/1.00 | disc_steps 2 | grad(main/disc) 8.794/1.428 | lr(main/disc) 5.50e-05/2.40e-05 | cuda_peak(alloc/resv) 21.77/28.18GB | phase(train/val/raw/train_eval) 3.1/0.5/0.0/0.0s | 3.5s
2026-08-29 21:49:58 | Epoch 025/060 | loss 2.3346 | cls 1.7924 | tal -0.1986 | dual_g 0.6017 | dual_d 0.8918 | train_acc 0.9130 | train_full 0.9621 | val_acc 0.9459 | val_f1 0.9578 | adv/moduleC 1.00/1.00 | disc_steps 2 | grad(main/disc) 7.628/1.410 | lr(main/disc) 5.50e-05/2.40e-05 | cuda_peak(alloc/resv) 21.77/28.18GB | phase(train/val/raw/train_eval) 3.4/0.5/0.5/0.7s | 5.1s
2026-08-29 21:50:02 | Epoch 026/060 | loss 2.3460 | cls 1.8005 | tal -0.2013 | dual_g 0.6059 | dual_d 0.9062 | train_acc 0.9185 | train_full n/a | val_acc 0.9459 | val_f1 0.9578 | adv/moduleC 1.00/1.00 | disc_steps 2 | grad(main/disc) 7.814/1.422 | lr(main/disc) 5.50e-05/2.40e-05 | cuda_peak(alloc/resv) 21.77/28.18GB | phase(train/val/raw/train_eval) 3.1/0.5/0.0/0.0s | 3.6s
2026-08-29 21:50:05 | Epoch 027/060 | loss 2.3035 | cls 1.7393 | tal -0.1145 | dual_g 0.5986 | dual_d 0.9098 | train_acc 0.9293 | train_full n/a | val_acc 0.9459 | val_f1 0.9578 | adv/moduleC 1.00/1.00 | disc_steps 2 | grad(main/disc) 7.822/1.401 | lr(main/disc) 5.50e-05/2.40e-05 | cuda_peak(alloc/resv) 21.77/28.18GB | phase(train/val/raw/train_eval) 3.2/0.5/0.0/0.0s | 3.6s
2026-08-29 21:50:09 | Epoch 028/060 | loss 2.2631 | cls 1.7007 | tal -0.0488 | dual_g 0.5771 | dual_d 0.8920 | train_acc 0.9511 | train_full n/a | val_acc 0.9459 | val_f1 0.9578 | adv/moduleC 1.00/1.00 | disc_steps 2 | grad(main/disc) 7.683/1.399 | lr(main/disc) 5.50e-05/2.40e-05 | cuda_peak(alloc/resv) 21.77/28.18GB | phase(train/val/raw/train_eval) 3.5/0.5/0.0/0.0s | 4.0s
2026-08-29 21:50:13 | Epoch 029/060 | loss 2.2775 | cls 1.7224 | tal -0.0852 | dual_g 0.5806 | dual_d 0.8767 | train_acc 0.9293 | train_full n/a | val_acc 0.9730 | val_f1 0.9802 | adv/moduleC 1.00/1.00 | disc_steps 2 | grad(main/disc) 7.929/1.345 | lr(main/disc) 5.50e-05/2.40e-05 | cuda_peak(alloc/resv) 21.77/28.18GB | phase(train/val/raw/train_eval) 3.2/0.5/0.0/0.0s | 3.7s
2026-08-29 21:50:18 | Epoch 030/060 | loss 2.2456 | cls 1.6878 | tal -0.0431 | dual_g 0.5707 | dual_d 0.8723 | train_acc 0.9266 | train_full 1.0000 | val_acc 1.0000 | val_f1 1.0000 | adv/moduleC 1.00/1.00 | disc_steps 2 | grad(main/disc) 7.081/1.314 | lr(main/disc) 5.50e-05/2.40e-05 | cuda_peak(alloc/resv) 21.77/28.18GB | phase(train/val/raw/train_eval) 3.4/0.5/0.5/0.7s | 5.1s
2026-08-29 21:50:22 | Epoch 031/060 | loss 2.1897 | cls 1.6735 | tal -0.1596 | dual_g 0.5641 | dual_d 0.9296 | train_acc 0.9266 | train_full n/a | val_acc 1.0000 | val_f1 1.0000 | adv/moduleC 1.00/1.00 | disc_steps 2 | grad(main/disc) 7.900/1.420 | lr(main/disc) 5.50e-05/2.40e-05 | cuda_peak(alloc/resv) 21.77/28.18GB | phase(train/val/raw/train_eval) 3.2/0.5/0.5/0.0s | 4.1s
2026-08-29 21:50:25 | New best val_f1_macro_present: raw=1.0000 stable_score=0.9802 at epoch 31
2026-08-29 21:50:29 | Epoch 032/060 | loss 2.1646 | cls 1.6539 | tal -0.1285 | dual_g 0.5492 | dual_d 0.8502 | train_acc 0.9565 | train_full n/a | val_acc 1.0000 | val_f1 1.0000 | adv/moduleC 1.00/1.00 | disc_steps 2 | grad(main/disc) 8.172/1.310 | lr(main/disc) 5.50e-05/2.40e-05 | cuda_peak(alloc/resv) 21.77/28.18GB | phase(train/val/raw/train_eval) 3.4/0.5/0.5/0.0s | 4.3s
2026-08-29 21:50:32 | New best val_f1_macro_present: raw=1.0000 stable_score=1.0000 at epoch 32
2026-08-29 21:50:36 | Epoch 033/060 | loss 2.1772 | cls 1.6748 | tal -0.1476 | dual_g 0.5467 | dual_d 0.8913 | train_acc 0.9375 | train_full n/a | val_acc 0.9730 | val_f1 0.9776 | adv/moduleC 1.00/1.00 | disc_steps 2 | grad(main/disc) 8.544/1.357 | lr(main/disc) 5.50e-05/2.40e-05 | cuda_peak(alloc/resv) 21.77/28.18GB | phase(train/val/raw/train_eval) 3.1/0.5/0.0/0.0s | 3.6s
2026-08-29 21:50:39 | Epoch 034/060 | loss 2.1080 | cls 1.6184 | tal -0.1854 | dual_g 0.5452 | dual_d 0.9661 | train_acc 0.9511 | train_full n/a | val_acc 0.9730 | val_f1 0.9776 | adv/moduleC 1.00/1.00 | disc_steps 2 | grad(main/disc) 6.577/1.401 | lr(main/disc) 5.50e-05/2.40e-05 | cuda_peak(alloc/resv) 21.77/28.18GB | phase(train/val/raw/train_eval) 3.2/0.5/0.0/0.0s | 3.7s
2026-08-29 21:50:44 | Epoch 035/060 | loss 2.1185 | cls 1.6522 | tal -0.2633 | dual_g 0.5452 | dual_d 0.9422 | train_acc 0.9375 | train_full 0.9848 | val_acc 0.9459 | val_f1 0.9578 | adv/moduleC 1.00/1.00 | disc_steps 2 | grad(main/disc) 7.550/1.409 | lr(main/disc) 5.50e-05/2.40e-05 | cuda_peak(alloc/resv) 21.77/28.18GB | phase(train/val/raw/train_eval) 3.0/0.5/0.5/0.7s | 4.7s
2026-08-29 21:50:48 | Epoch 036/060 | loss 2.0411 | cls 1.5796 | tal -0.2383 | dual_g 0.5330 | dual_d 0.9299 | train_acc 0.9565 | train_full n/a | val_acc 0.9730 | val_f1 0.9840 | adv/moduleC 1.00/1.00 | disc_steps 2 | grad(main/disc) 5.958/1.355 | lr(main/disc) 5.50e-05/2.40e-05 | cuda_peak(alloc/resv) 21.77/28.18GB | phase(train/val/raw/train_eval) 3.3/0.5/0.0/0.0s | 3.8s
2026-08-29 21:50:52 | Epoch 037/060 | loss 2.1092 | cls 1.6573 | tal -0.2699 | dual_g 0.5329 | dual_d 0.9461 | train_acc 0.9429 | train_full n/a | val_acc 0.9730 | val_f1 0.9776 | adv/moduleC 1.00/1.00 | disc_steps 2 | grad(main/disc) 8.032/1.404 | lr(main/disc) 5.50e-05/2.40e-05 | cuda_peak(alloc/resv) 21.77/28.18GB | phase(train/val/raw/train_eval) 3.4/0.5/0.0/0.0s | 3.8s
2026-08-29 21:50:55 | Epoch 038/060 | loss 2.0078 | cls 1.5715 | tal -0.2734 | dual_g 0.5182 | dual_d 0.9055 | train_acc 0.9620 | train_full n/a | val_acc 1.0000 | val_f1 1.0000 | adv/moduleC 1.00/1.00 | disc_steps 2 | grad(main/disc) 6.217/1.331 | lr(main/disc) 5.50e-05/2.40e-05 | cuda_peak(alloc/resv) 21.77/28.18GB | phase(train/val/raw/train_eval) 3.4/0.5/0.0/0.0s | 3.8s
2026-08-29 21:50:59 | Epoch 039/060 | loss 2.0370 | cls 1.5865 | tal -0.2263 | dual_g 0.5183 | dual_d 0.9827 | train_acc 0.9565 | train_full n/a | val_acc 0.9730 | val_f1 0.9776 | adv/moduleC 1.00/1.00 | disc_steps 2 | grad(main/disc) 7.597/1.398 | lr(main/disc) 5.50e-05/2.40e-05 | cuda_peak(alloc/resv) 21.77/28.18GB | phase(train/val/raw/train_eval) 3.5/0.5/0.0/0.0s | 4.0s
2026-08-29 21:51:04 | Epoch 040/060 | loss 1.9549 | cls 1.5419 | tal -0.3204 | dual_g 0.5091 | dual_d 0.9404 | train_acc 0.9728 | train_full 0.9924 | val_acc 0.9730 | val_f1 0.9776 | adv/moduleC 1.00/1.00 | disc_steps 2 | grad(main/disc) 6.540/1.324 | lr(main/disc) 5.50e-05/2.40e-05 | cuda_peak(alloc/resv) 21.77/28.18GB | phase(train/val/raw/train_eval) 3.2/0.5/0.5/0.7s | 4.9s
2026-08-29 21:51:08 | Epoch 041/060 | loss 1.9892 | cls 1.5565 | tal -0.2652 | dual_g 0.5122 | dual_d 0.9610 | train_acc 0.9728 | train_full n/a | val_acc 1.0000 | val_f1 1.0000 | adv/moduleC 1.00/1.00 | disc_steps 2 | grad(main/disc) 6.614/1.372 | lr(main/disc) 2.75e-05/1.20e-05 | cuda_peak(alloc/resv) 21.77/28.18GB | phase(train/val/raw/train_eval) 3.4/0.5/0.0/0.0s | 3.8s
2026-08-29 21:51:12 | Epoch 042/060 | loss 1.9812 | cls 1.5430 | tal -0.2184 | dual_g 0.5037 | dual_d 0.9232 | train_acc 0.9783 | train_full n/a | val_acc 0.9730 | val_f1 0.9802 | adv/moduleC 1.00/1.00 | disc_steps 2 | grad(main/disc) 6.576/1.296 | lr(main/disc) 2.75e-05/1.20e-05 | cuda_peak(alloc/resv) 21.77/28.18GB | phase(train/val/raw/train_eval) 3.0/0.5/0.0/0.0s | 3.5s
2026-08-29 21:51:16 | Epoch 043/060 | loss 1.9312 | cls 1.5139 | tal -0.2400 | dual_g 0.4893 | dual_d 0.9482 | train_acc 0.9837 | train_full n/a | val_acc 0.9730 | val_f1 0.9802 | adv/moduleC 1.00/1.00 | disc_steps 2 | grad(main/disc) 5.301/1.313 | lr(main/disc) 2.75e-05/1.20e-05 | cuda_peak(alloc/resv) 21.77/28.18GB | phase(train/val/raw/train_eval) 3.5/0.5/0.0/0.0s | 4.0s
2026-08-29 21:51:19 | Epoch 044/060 | loss 1.9576 | cls 1.5231 | tal -0.2222 | dual_g 0.5012 | dual_d 0.9574 | train_acc 0.9755 | train_full n/a | val_acc 1.0000 | val_f1 1.0000 | adv/moduleC 1.00/1.00 | disc_steps 2 | grad(main/disc) 5.783/1.322 | lr(main/disc) 2.75e-05/1.20e-05 | cuda_peak(alloc/resv) 21.77/28.18GB | phase(train/val/raw/train_eval) 3.1/0.5/0.0/0.0s | 3.6s
2026-08-29 21:51:24 | Epoch 045/060 | loss 1.9481 | cls 1.5300 | tal -0.2526 | dual_g 0.4939 | dual_d 0.9918 | train_acc 0.9701 | train_full 1.0000 | val_acc 1.0000 | val_f1 1.0000 | adv/moduleC 1.00/1.00 | disc_steps 2 | grad(main/disc) 5.595/1.342 | lr(main/disc) 2.75e-05/1.20e-05 | cuda_peak(alloc/resv) 21.77/28.18GB | phase(train/val/raw/train_eval) 3.3/0.5/0.5/0.7s | 5.0s
2026-08-29 21:51:28 | Epoch 046/060 | loss 1.9530 | cls 1.5217 | tal -0.2174 | dual_g 0.4964 | dual_d 0.9812 | train_acc 0.9755 | train_full n/a | val_acc 1.0000 | val_f1 1.0000 | adv/moduleC 1.00/1.00 | disc_steps 2 | grad(main/disc) 5.386/1.349 | lr(main/disc) 2.75e-05/1.20e-05 | cuda_peak(alloc/resv) 21.77/28.18GB | phase(train/val/raw/train_eval) 3.4/0.5/0.0/0.0s | 3.8s
2026-08-29 21:51:32 | Epoch 047/060 | loss 1.9615 | cls 1.5467 | tal -0.2415 | dual_g 0.4872 | dual_d 0.9807 | train_acc 0.9728 | train_full n/a | val_acc 0.9730 | val_f1 0.9802 | adv/moduleC 1.00/1.00 | disc_steps 2 | grad(main/disc) 5.741/1.343 | lr(main/disc) 2.75e-05/1.20e-05 | cuda_peak(alloc/resv) 21.77/28.18GB | phase(train/val/raw/train_eval) 3.3/0.5/0.0/0.0s | 3.8s
2026-08-29 21:51:36 | Epoch 048/060 | loss 1.9177 | cls 1.4909 | tal -0.2076 | dual_g 0.4892 | dual_d 0.9842 | train_acc 0.9946 | train_full n/a | val_acc 1.0000 | val_f1 1.0000 | adv/moduleC 1.00/1.00 | disc_steps 2 | grad(main/disc) 4.913/1.325 | lr(main/disc) 2.75e-05/1.20e-05 | cuda_peak(alloc/resv) 21.77/28.18GB | phase(train/val/raw/train_eval) 3.5/0.5/0.0/0.0s | 4.0s
2026-08-29 21:51:39 | Epoch 049/060 | loss 1.8692 | cls 1.4831 | tal -0.3201 | dual_g 0.4821 | dual_d 1.0035 | train_acc 0.9918 | train_full n/a | val_acc 1.0000 | val_f1 1.0000 | adv/moduleC 1.00/1.00 | disc_steps 2 | grad(main/disc) 4.330/1.368 | lr(main/disc) 2.75e-05/1.20e-05 | cuda_peak(alloc/resv) 21.77/28.18GB | phase(train/val/raw/train_eval) 3.1/0.5/0.0/0.0s | 3.6s
2026-08-29 21:51:44 | Epoch 050/060 | loss 1.8978 | cls 1.4882 | tal -0.2495 | dual_g 0.4844 | dual_d 0.9951 | train_acc 0.9918 | train_full 1.0000 | val_acc 1.0000 | val_f1 1.0000 | adv/moduleC 1.00/1.00 | disc_steps 2 | grad(main/disc) 5.511/1.346 | lr(main/disc) 2.75e-05/1.20e-05 | cuda_peak(alloc/resv) 21.77/28.18GB | phase(train/val/raw/train_eval) 3.4/0.5/0.5/0.7s | 5.1s
2026-08-29 21:51:44 | Early stopping at epoch 50 after 18 epochs without val_f1_macro_present improvement.
2026-08-29 21:51:44 | Training complete. Peak validation accuracy: 1.0000 | selected val_f1_macro_present: 1.0000
2026-08-29 21:51:45 | Starting Dual_D standalone training
2026-08-29 21:51:45 | Run directory: runs/module_c_ablation_60_v8/module_c_20260829_205331/module_c_no_cycle_逆光_20260829_213218
2026-08-29 21:51:45 | Device: cuda
2026-08-29 21:51:45 | Source train samples: 992
2026-08-29 21:51:45 | Target train samples: 132
2026-08-29 21:51:45 | Target val samples: 37
2026-08-29 21:51:45 | Classes: 14
2026-08-29 21:51:45 | Data audit: same_dir=False | path_overlap(vis/ir/ais)=0/0/0 | content_overlap(vis/ir/ais)=0/0/0 | ais_index_overlap=0 | stem_mismatch(vis-ir/vis-ais)=157/0
2026-08-29 21:51:45 | source_train classes: present 14/14 | absent 0 | counts [0:120, 1:44, 2:69, 3:45, 4:40, 5:30, 6:64, 7:80, 8:116, 9:68, 10:57, 11:83, 12:48, 13:128]
2026-08-29 21:51:45 | target_train classes: present 9/14 | absent 5 | counts [0:20, 2:12, 4:12, 5:2, 9:16, 10:16, 11:29, 12:4, 13:21]
2026-08-29 21:51:45 | target_val classes: present 9/14 | absent 5 | counts [0:6, 2:3, 4:4, 5:1, 9:4, 10:4, 11:8, 12:1, 13:6]
2026-08-29 21:51:45 | Paired training classes: 9/14 | class ids [0, 2, 4, 5, 9, 10, 11, 12, 13]
2026-08-29 21:51:45 | Runtime profile: batch=92 | paired_steps=4 | workers=16 | train_eval_every=5 | raw_eval_every=5 | stability_window=3 | lr_scheduler_start=28 | early_stop=18 after min_epoch=45
2026-08-29 21:51:45 | VIS/IR pairing: class-level-unpaired | count-mismatch classes train/val: 10/1 | AIS alignment: none | AIS rows train/val: 0/0
2026-08-29 21:51:46 | Effective Dual-D loss weights: {"adv_auxiliary": 0.025, "adv_primary": 0.025, "classification": 0.2, "contrastive": 0.04, "cycle": 0.0, "identity": 0.045, "prototype_contrastive": 0.06}
2026-08-29 21:51:46 | Model parameters: total=17277714 | trainable=17120210
Starting run 5/9: domain=逆光, iteration=2, seed=46
2026-08-29 21:51:51 | Epoch 001/060 | loss 5.8524 | cls 5.9163 | tal -0.2129 | dual_g 0.0000 | dual_d 0.0000 | train_acc 0.0516 | train_full 0.1212 | val_acc 0.2162 | val_f1 0.1115 | adv/moduleC 0.00/0.00 | disc_steps 0 | grad(main/disc) 16.786/0.000 | lr(main/disc) 5.50e-05/2.40e-05 | cuda_peak(alloc/resv) 21.77/28.18GB | phase(train/val/raw/train_eval) 4.0/0.5/0.5/0.7s | 5.6s
2026-08-29 21:51:55 | Epoch 002/060 | loss 5.1042 | cls 5.0945 | tal 0.0324 | dual_g 0.0000 | dual_d 0.0000 | train_acc 0.1712 | train_full n/a | val_acc 0.1622 | val_f1 0.0971 | adv/moduleC 0.00/0.00 | disc_steps 0 | grad(main/disc) 14.129/0.000 | lr(main/disc) 5.50e-05/2.40e-05 | cuda_peak(alloc/resv) 21.77/28.18GB | phase(train/val/raw/train_eval) 3.0/0.5/0.0/0.0s | 3.4s
2026-08-29 21:51:59 | Epoch 003/060 | loss 4.7459 | cls 4.7299 | tal 0.0535 | dual_g 0.0000 | dual_d 0.0000 | train_acc 0.1984 | train_full n/a | val_acc 0.2162 | val_f1 0.1117 | adv/moduleC 0.00/0.00 | disc_steps 0 | grad(main/disc) 13.045/0.000 | lr(main/disc) 5.50e-05/2.40e-05 | cuda_peak(alloc/resv) 21.77/28.18GB | phase(train/val/raw/train_eval) 3.3/0.5/0.5/0.0s | 4.3s
2026-08-29 21:52:02 | New best val_f1_macro_present: raw=0.1117 stable_score=0.0971 at epoch 3
2026-08-29 21:52:05 | Epoch 004/060 | loss 4.1326 | cls 4.1105 | tal 0.0736 | dual_g 0.0000 | dual_d 0.0000 | train_acc 0.3533 | train_full n/a | val_acc 0.3514 | val_f1 0.2868 | adv/moduleC 0.00/0.00 | disc_steps 0 | grad(main/disc) 11.382/0.000 | lr(main/disc) 5.50e-05/2.40e-05 | cuda_peak(alloc/resv) 21.77/28.18GB | phase(train/val/raw/train_eval) 3.2/0.5/0.0/0.0s | 3.6s
2026-08-29 21:52:10 | Epoch 005/060 | loss 4.0910 | cls 4.0551 | tal 0.1197 | dual_g 0.0000 | dual_d 0.0000 | train_acc 0.3315 | train_full 0.3939 | val_acc 0.4865 | val_f1 0.6227 | adv/moduleC 0.00/0.00 | disc_steps 0 | grad(main/disc) 11.256/0.000 | lr(main/disc) 5.50e-05/2.40e-05 | cuda_peak(alloc/resv) 21.77/28.18GB | phase(train/val/raw/train_eval) 2.9/0.5/0.5/0.7s | 4.6s
2026-08-29 21:52:13 | New best val_f1_macro_present: raw=0.6227 stable_score=0.1117 at epoch 5
2026-08-29 21:52:17 | Epoch 006/060 | loss 3.9246 | cls 3.7889 | tal 0.1048 | dual_g 0.1043 | dual_d 0.0000 | train_acc 0.4185 | train_full n/a | val_acc 0.6757 | val_f1 0.7192 | adv/moduleC 0.00/0.10 | disc_steps 0 | grad(main/disc) 10.846/0.000 | lr(main/disc) 5.50e-05/2.40e-05 | cuda_peak(alloc/resv) 21.77/28.18GB | phase(train/val/raw/train_eval) 3.1/0.5/0.5/0.0s | 4.1s
2026-08-29 21:52:19 | New best val_f1_macro_present: raw=0.7192 stable_score=0.2868 at epoch 6
2026-08-29 21:52:23 | Epoch 007/060 | loss 3.7821 | cls 3.5481 | tal 0.1171 | dual_g 0.1988 | dual_d 0.0000 | train_acc 0.4728 | train_full n/a | val_acc 0.7568 | val_f1 0.8188 | adv/moduleC 0.00/0.20 | disc_steps 0 | grad(main/disc) 10.203/0.000 | lr(main/disc) 5.50e-05/2.40e-05 | cuda_peak(alloc/resv) 21.77/28.18GB | phase(train/val/raw/train_eval) 3.2/0.5/0.5/0.0s | 4.1s
2026-08-29 21:52:26 | New best val_f1_macro_present: raw=0.8188 stable_score=0.6227 at epoch 7
2026-08-29 21:52:31 | Epoch 008/060 | loss 3.6552 | cls 3.3226 | tal 0.1331 | dual_g 0.2927 | dual_d 0.8465 | train_acc 0.5299 | train_full n/a | val_acc 0.8649 | val_f1 0.8877 | adv/moduleC 0.07/0.30 | disc_steps 2 | grad(main/disc) 9.960/1.742 | lr(main/disc) 5.50e-05/2.40e-05 | cuda_peak(alloc/resv) 21.77/28.18GB | phase(train/val/raw/train_eval) 3.3/0.5/0.5/0.0s | 4.3s
2026-08-29 21:52:33 | New best val_f1_macro_present: raw=0.8877 stable_score=0.7192 at epoch 8
2026-08-29 21:52:37 | Epoch 009/060 | loss 3.5203 | cls 3.1140 | tal 0.0938 | dual_g 0.3782 | dual_d 0.8232 | train_acc 0.5625 | train_full n/a | val_acc 0.8919 | val_f1 0.9084 | adv/moduleC 0.13/0.40 | disc_steps 2 | grad(main/disc) 9.561/1.646 | lr(main/disc) 5.50e-05/2.40e-05 | cuda_peak(alloc/resv) 21.77/28.18GB | phase(train/val/raw/train_eval) 3.2/0.5/0.5/0.0s | 4.1s
2026-08-29 21:52:40 | New best val_f1_macro_present: raw=0.9084 stable_score=0.8188 at epoch 9
2026-08-29 21:52:45 | Epoch 010/060 | loss 3.4860 | cls 2.9903 | tal 0.1265 | dual_g 0.4578 | dual_d 0.8477 | train_acc 0.5978 | train_full 0.9015 | val_acc 0.9459 | val_f1 0.9616 | adv/moduleC 0.20/0.50 | disc_steps 2 | grad(main/disc) 9.665/1.663 | lr(main/disc) 5.50e-05/2.40e-05 | cuda_peak(alloc/resv) 21.77/28.18GB | phase(train/val/raw/train_eval) 3.2/0.5/0.5/0.7s | 4.9s
2026-08-29 21:52:48 | New best val_f1_macro_present: raw=0.9616 stable_score=0.8877 at epoch 10
2026-08-29 21:52:52 | Epoch 011/060 | loss 3.4216 | cls 2.8669 | tal 0.0841 | dual_g 0.5294 | dual_d 0.8289 | train_acc 0.6304 | train_full n/a | val_acc 0.9459 | val_f1 0.9556 | adv/moduleC 0.27/0.60 | disc_steps 2 | grad(main/disc) 10.033/1.632 | lr(main/disc) 5.50e-05/2.40e-05 | cuda_peak(alloc/resv) 21.77/28.18GB | phase(train/val/raw/train_eval) 3.3/0.5/0.5/0.0s | 4.2s
2026-08-29 21:52:55 | New best val_f1_macro_present: raw=0.9556 stable_score=0.9084 at epoch 11
2026-08-29 21:52:59 | Epoch 012/060 | loss 3.3829 | cls 2.7728 | tal 0.0703 | dual_g 0.5891 | dual_d 0.8209 | train_acc 0.6576 | train_full n/a | val_acc 0.9189 | val_f1 0.9396 | adv/moduleC 0.33/0.70 | disc_steps 2 | grad(main/disc) 9.290/1.575 | lr(main/disc) 5.50e-05/2.40e-05 | cuda_peak(alloc/resv) 21.77/28.18GB | phase(train/val/raw/train_eval) 3.4/0.5/0.5/0.0s | 4.4s
2026-08-29 21:53:02 | New best val_f1_macro_present: raw=0.9396 stable_score=0.9396 at epoch 12
2026-08-29 21:53:06 | Epoch 013/060 | loss 3.2445 | cls 2.5908 | tal 0.0446 | dual_g 0.6403 | dual_d 0.8438 | train_acc 0.6739 | train_full n/a | val_acc 0.9189 | val_f1 0.9396 | adv/moduleC 0.40/0.80 | disc_steps 2 | grad(main/disc) 9.247/1.589 | lr(main/disc) 5.50e-05/2.40e-05 | cuda_peak(alloc/resv) 21.77/28.18GB | phase(train/val/raw/train_eval) 3.1/0.5/0.0/0.0s | 3.5s
2026-08-29 21:53:10 | Epoch 014/060 | loss 3.2235 | cls 2.5261 | tal -0.0218 | dual_g 0.7039 | dual_d 0.8285 | train_acc 0.7228 | train_full n/a | val_acc 0.9189 | val_f1 0.9087 | adv/moduleC 0.47/0.90 | disc_steps 2 | grad(main/disc) 8.946/1.634 | lr(main/disc) 5.50e-05/2.40e-05 | cuda_peak(alloc/resv) 21.77/28.18GB | phase(train/val/raw/train_eval) 3.5/0.5/0.0/0.0s | 4.0s
2026-08-29 21:53:15 | Epoch 015/060 | loss 3.1618 | cls 2.4081 | tal 0.0042 | dual_g 0.7524 | dual_d 0.8614 | train_acc 0.7527 | train_full 0.9318 | val_acc 0.9189 | val_f1 0.9303 | adv/moduleC 0.53/1.00 | disc_steps 2 | grad(main/disc) 9.668/1.628 | lr(main/disc) 5.50e-05/2.40e-05 | cuda_peak(alloc/resv) 21.77/28.18GB | phase(train/val/raw/train_eval) 3.3/0.5/0.5/0.7s | 5.0s
2026-08-29 21:53:18 | Epoch 016/060 | loss 3.0968 | cls 2.3715 | tal 0.0003 | dual_g 0.7253 | dual_d 0.8398 | train_acc 0.7554 | train_full n/a | val_acc 0.9189 | val_f1 0.9261 | adv/moduleC 0.60/1.00 | disc_steps 2 | grad(main/disc) 9.268/1.579 | lr(main/disc) 5.50e-05/2.40e-05 | cuda_peak(alloc/resv) 21.77/28.18GB | phase(train/val/raw/train_eval) 3.2/0.5/0.0/0.0s | 3.7s
2026-08-29 21:53:22 | Epoch 017/060 | loss 3.0111 | cls 2.2817 | tal 0.0133 | dual_g 0.7253 | dual_d 0.8189 | train_acc 0.7582 | train_full n/a | val_acc 0.9730 | val_f1 0.9802 | adv/moduleC 0.67/1.00 | disc_steps 2 | grad(main/disc) 10.086/1.520 | lr(main/disc) 5.50e-05/2.40e-05 | cuda_peak(alloc/resv) 21.77/28.18GB | phase(train/val/raw/train_eval) 3.6/0.5/0.0/0.0s | 4.1s
2026-08-29 21:53:26 | Epoch 018/060 | loss 2.9073 | cls 2.1995 | tal 0.0472 | dual_g 0.6936 | dual_d 0.8154 | train_acc 0.7989 | train_full n/a | val_acc 0.9459 | val_f1 0.9458 | adv/moduleC 0.73/1.00 | disc_steps 2 | grad(main/disc) 9.365/1.463 | lr(main/disc) 5.50e-05/2.40e-05 | cuda_peak(alloc/resv) 21.77/28.18GB | phase(train/val/raw/train_eval) 3.1/0.5/0.0/0.0s | 3.6s
2026-08-29 21:53:30 | Epoch 019/060 | loss 2.8754 | cls 2.1606 | tal 0.0435 | dual_g 0.7018 | dual_d 0.8588 | train_acc 0.8016 | train_full n/a | val_acc 0.9730 | val_f1 0.9776 | adv/moduleC 0.80/1.00 | disc_steps 2 | grad(main/disc) 9.134/1.575 | lr(main/disc) 5.50e-05/2.40e-05 | cuda_peak(alloc/resv) 21.77/28.18GB | phase(train/val/raw/train_eval) 3.3/0.5/0.5/0.0s | 4.2s
2026-08-29 21:53:33 | New best val_f1_macro_present: raw=0.9776 stable_score=0.9458 at epoch 19
2026-08-29 21:53:38 | Epoch 020/060 | loss 2.8376 | cls 2.1088 | tal 0.0496 | dual_g 0.7140 | dual_d 0.7745 | train_acc 0.8370 | train_full 0.9394 | val_acc 0.9730 | val_f1 0.9471 | adv/moduleC 0.87/1.00 | disc_steps 2 | grad(main/disc) 9.301/1.425 | lr(main/disc) 5.50e-05/2.40e-05 | cuda_peak(alloc/resv) 21.77/28.18GB | phase(train/val/raw/train_eval) 3.6/0.5/0.5/0.7s | 5.3s
2026-08-29 21:53:42 | Epoch 021/060 | loss 2.7766 | cls 2.0690 | tal 0.0536 | dual_g 0.6914 | dual_d 0.8000 | train_acc 0.8478 | train_full n/a | val_acc 0.9459 | val_f1 0.9523 | adv/moduleC 0.93/1.00 | disc_steps 2 | grad(main/disc) 9.551/1.481 | lr(main/disc) 5.50e-05/2.40e-05 | cuda_peak(alloc/resv) 21.77/28.18GB | phase(train/val/raw/train_eval) 3.3/0.5/0.5/0.0s | 4.2s
2026-08-29 21:53:45 | New best val_f1_macro_present: raw=0.9523 stable_score=0.9471 at epoch 21
2026-08-29 21:53:49 | Epoch 022/060 | loss 2.6883 | cls 2.0294 | tal 0.0007 | dual_g 0.6586 | dual_d 0.7852 | train_acc 0.8424 | train_full n/a | val_acc 0.9459 | val_f1 0.9616 | adv/moduleC 1.00/1.00 | disc_steps 2 | grad(main/disc) 7.722/1.411 | lr(main/disc) 5.50e-05/2.40e-05 | cuda_peak(alloc/resv) 21.77/28.18GB | phase(train/val/raw/train_eval) 3.8/0.5/0.0/0.0s | 4.2s
2026-08-29 21:53:54 | Epoch 023/060 | loss 2.6472 | cls 1.9897 | tal 0.0153 | dual_g 0.6529 | dual_d 0.8741 | train_acc 0.8587 | train_full n/a | val_acc 0.9730 | val_f1 0.9802 | adv/moduleC 1.00/1.00 | disc_steps 2 | grad(main/disc) 9.734/1.493 | lr(main/disc) 5.50e-05/2.40e-05 | cuda_peak(alloc/resv) 21.77/28.18GB | phase(train/val/raw/train_eval) 3.5/0.5/0.5/0.0s | 4.4s
2026-08-29 21:53:57 | New best val_f1_macro_present: raw=0.9802 stable_score=0.9523 at epoch 23
2026-08-29 21:54:01 | Epoch 024/060 | loss 2.5600 | cls 1.9103 | tal 0.0373 | dual_g 0.6385 | dual_d 0.7916 | train_acc 0.8832 | train_full n/a | val_acc 0.9730 | val_f1 0.9802 | adv/moduleC 1.00/1.00 | disc_steps 2 | grad(main/disc) 8.839/1.382 | lr(main/disc) 5.50e-05/2.40e-05 | cuda_peak(alloc/resv) 21.77/28.18GB | phase(train/val/raw/train_eval) 3.1/0.5/0.5/0.0s | 4.1s
2026-08-29 21:54:03 | New best val_f1_macro_present: raw=0.9802 stable_score=0.9616 at epoch 24
2026-08-29 21:54:09 | Epoch 025/060 | loss 2.5020 | cls 1.8576 | tal 0.0232 | dual_g 0.6375 | dual_d 0.8509 | train_acc 0.9103 | train_full 0.9924 | val_acc 0.9730 | val_f1 0.9802 | adv/moduleC 1.00/1.00 | disc_steps 2 | grad(main/disc) 7.776/1.427 | lr(main/disc) 5.50e-05/2.40e-05 | cuda_peak(alloc/resv) 21.77/28.18GB | phase(train/val/raw/train_eval) 3.3/0.5/0.5/0.7s | 5.0s
2026-08-29 21:54:11 | New best val_f1_macro_present: raw=0.9802 stable_score=0.9802 at epoch 25
2026-08-29 21:54:15 | Epoch 026/060 | loss 2.5193 | cls 1.8920 | tal 0.0386 | dual_g 0.6158 | dual_d 0.8436 | train_acc 0.9130 | train_full n/a | val_acc 0.9730 | val_f1 0.9802 | adv/moduleC 1.00/1.00 | disc_steps 2 | grad(main/disc) 8.352/1.406 | lr(main/disc) 5.50e-05/2.40e-05 | cuda_peak(alloc/resv) 21.77/28.18GB | phase(train/val/raw/train_eval) 3.4/0.5/0.0/0.0s | 3.8s
2026-08-29 21:54:19 | Epoch 027/060 | loss 2.3589 | cls 1.7646 | tal -0.0030 | dual_g 0.5953 | dual_d 0.8471 | train_acc 0.9212 | train_full n/a | val_acc 0.9730 | val_f1 0.9802 | adv/moduleC 1.00/1.00 | disc_steps 2 | grad(main/disc) 7.534/1.375 | lr(main/disc) 5.50e-05/2.40e-05 | cuda_peak(alloc/resv) 21.77/28.18GB | phase(train/val/raw/train_eval) 3.1/0.5/0.0/0.0s | 3.5s
2026-08-29 21:54:22 | Epoch 028/060 | loss 2.3522 | cls 1.7636 | tal -0.0176 | dual_g 0.5939 | dual_d 0.8582 | train_acc 0.9266 | train_full n/a | val_acc 0.9730 | val_f1 0.9802 | adv/moduleC 1.00/1.00 | disc_steps 2 | grad(main/disc) 7.949/1.349 | lr(main/disc) 5.50e-05/2.40e-05 | cuda_peak(alloc/resv) 21.77/28.18GB | phase(train/val/raw/train_eval) 3.3/0.5/0.0/0.0s | 3.8s
2026-08-29 21:54:26 | Epoch 029/060 | loss 2.2973 | cls 1.7234 | tal -0.0221 | dual_g 0.5806 | dual_d 0.8485 | train_acc 0.9321 | train_full n/a | val_acc 0.9730 | val_f1 0.9802 | adv/moduleC 1.00/1.00 | disc_steps 2 | grad(main/disc) 7.920/1.347 | lr(main/disc) 5.50e-05/2.40e-05 | cuda_peak(alloc/resv) 21.77/28.18GB | phase(train/val/raw/train_eval) 3.3/0.5/0.0/0.0s | 3.8s
2026-08-29 21:54:32 | Epoch 030/060 | loss 2.2680 | cls 1.7032 | tal -0.0527 | dual_g 0.5806 | dual_d 0.8571 | train_acc 0.9565 | train_full 0.9924 | val_acc 0.9730 | val_f1 0.9802 | adv/moduleC 1.00/1.00 | disc_steps 2 | grad(main/disc) 7.865/1.377 | lr(main/disc) 5.50e-05/2.40e-05 | cuda_peak(alloc/resv) 21.77/28.18GB | phase(train/val/raw/train_eval) 3.6/0.5/0.5/0.7s | 5.2s
2026-08-29 21:54:36 | Epoch 031/060 | loss 2.2630 | cls 1.6959 | tal -0.0186 | dual_g 0.5727 | dual_d 0.8774 | train_acc 0.9266 | train_full n/a | val_acc 0.9730 | val_f1 0.9802 | adv/moduleC 1.00/1.00 | disc_steps 2 | grad(main/disc) 8.039/1.414 | lr(main/disc) 5.50e-05/2.40e-05 | cuda_peak(alloc/resv) 21.77/28.18GB | phase(train/val/raw/train_eval) 3.6/0.5/0.0/0.0s | 4.0s
2026-08-29 21:54:39 | Epoch 032/060 | loss 2.2481 | cls 1.6887 | tal 0.0038 | dual_g 0.5582 | dual_d 0.8855 | train_acc 0.9266 | train_full n/a | val_acc 0.9730 | val_f1 0.9802 | adv/moduleC 1.00/1.00 | disc_steps 2 | grad(main/disc) 8.085/1.315 | lr(main/disc) 5.50e-05/2.40e-05 | cuda_peak(alloc/resv) 21.77/28.18GB | phase(train/val/raw/train_eval) 3.3/0.5/0.0/0.0s | 3.8s
2026-08-29 21:54:43 | Epoch 033/060 | loss 2.1611 | cls 1.6223 | tal -0.0178 | dual_g 0.5441 | dual_d 0.8746 | train_acc 0.9429 | train_full n/a | val_acc 0.9730 | val_f1 0.9802 | adv/moduleC 1.00/1.00 | disc_steps 2 | grad(main/disc) 6.338/1.355 | lr(main/disc) 5.50e-05/2.40e-05 | cuda_peak(alloc/resv) 21.77/28.18GB | phase(train/val/raw/train_eval) 3.6/0.5/0.0/0.0s | 4.1s
2026-08-29 21:54:47 | Epoch 034/060 | loss 2.1651 | cls 1.6199 | tal -0.0005 | dual_g 0.5454 | dual_d 0.9159 | train_acc 0.9565 | train_full n/a | val_acc 0.9730 | val_f1 0.9802 | adv/moduleC 1.00/1.00 | disc_steps 2 | grad(main/disc) 6.621/1.379 | lr(main/disc) 5.50e-05/2.40e-05 | cuda_peak(alloc/resv) 21.77/28.18GB | phase(train/val/raw/train_eval) 3.6/0.5/0.0/0.0s | 4.1s
2026-08-29 21:54:53 | Epoch 035/060 | loss 2.1271 | cls 1.6043 | tal -0.0426 | dual_g 0.5356 | dual_d 0.8969 | train_acc 0.9402 | train_full 1.0000 | val_acc 0.9730 | val_f1 0.9802 | adv/moduleC 1.00/1.00 | disc_steps 2 | grad(main/disc) 6.128/1.343 | lr(main/disc) 5.50e-05/2.40e-05 | cuda_peak(alloc/resv) 21.77/28.18GB | phase(train/val/raw/train_eval) 3.7/0.5/0.5/0.7s | 5.4s
2026-08-29 21:54:57 | Epoch 036/060 | loss 2.1192 | cls 1.5834 | tal 0.0396 | dual_g 0.5239 | dual_d 0.9186 | train_acc 0.9701 | train_full n/a | val_acc 0.9730 | val_f1 0.9802 | adv/moduleC 1.00/1.00 | disc_steps 2 | grad(main/disc) 6.337/1.356 | lr(main/disc) 5.50e-05/2.40e-05 | cuda_peak(alloc/resv) 21.77/28.18GB | phase(train/val/raw/train_eval) 3.8/0.5/0.0/0.0s | 4.3s
2026-08-29 21:55:01 | Epoch 037/060 | loss 2.1122 | cls 1.5706 | tal 0.0346 | dual_g 0.5313 | dual_d 0.9053 | train_acc 0.9674 | train_full n/a | val_acc 0.9730 | val_f1 0.9802 | adv/moduleC 1.00/1.00 | disc_steps 2 | grad(main/disc) 6.153/1.332 | lr(main/disc) 5.50e-05/2.40e-05 | cuda_peak(alloc/resv) 21.77/28.18GB | phase(train/val/raw/train_eval) 3.3/0.5/0.0/0.0s | 3.8s
2026-08-29 21:55:04 | Epoch 038/060 | loss 2.1473 | cls 1.6196 | tal 0.0054 | dual_g 0.5261 | dual_d 0.9224 | train_acc 0.9402 | train_full n/a | val_acc 0.9730 | val_f1 0.9802 | adv/moduleC 1.00/1.00 | disc_steps 2 | grad(main/disc) 7.848/1.354 | lr(main/disc) 5.50e-05/2.40e-05 | cuda_peak(alloc/resv) 21.77/28.18GB | phase(train/val/raw/train_eval) 3.1/0.5/0.0/0.0s | 3.5s
2026-08-29 21:55:08 | Epoch 039/060 | loss 2.0938 | cls 1.5774 | tal -0.0297 | dual_g 0.5254 | dual_d 0.9008 | train_acc 0.9755 | train_full n/a | val_acc 0.9730 | val_f1 0.9802 | adv/moduleC 1.00/1.00 | disc_steps 2 | grad(main/disc) 7.289/1.297 | lr(main/disc) 2.75e-05/1.20e-05 | cuda_peak(alloc/resv) 21.77/28.18GB | phase(train/val/raw/train_eval) 3.2/0.5/0.0/0.0s | 3.7s
2026-08-29 21:55:13 | Epoch 040/060 | loss 2.0573 | cls 1.5611 | tal -0.0389 | dual_g 0.5078 | dual_d 0.9249 | train_acc 0.9783 | train_full 1.0000 | val_acc 0.9730 | val_f1 0.9802 | adv/moduleC 1.00/1.00 | disc_steps 2 | grad(main/disc) 6.135/1.316 | lr(main/disc) 2.75e-05/1.20e-05 | cuda_peak(alloc/resv) 21.77/28.18GB | phase(train/val/raw/train_eval) 3.2/0.5/0.5/0.7s | 4.8s
2026-08-29 21:55:17 | Epoch 041/060 | loss 2.0653 | cls 1.5526 | tal 0.0000 | dual_g 0.5126 | dual_d 0.9650 | train_acc 0.9755 | train_full n/a | val_acc 0.9730 | val_f1 0.9802 | adv/moduleC 1.00/1.00 | disc_steps 2 | grad(main/disc) 5.978/1.371 | lr(main/disc) 2.75e-05/1.20e-05 | cuda_peak(alloc/resv) 21.77/28.18GB | phase(train/val/raw/train_eval) 3.8/0.5/0.0/0.0s | 4.2s
2026-08-29 21:55:21 | Epoch 042/060 | loss 2.0075 | cls 1.5155 | tal -0.0372 | dual_g 0.5031 | dual_d 0.9273 | train_acc 0.9783 | train_full n/a | val_acc 0.9730 | val_f1 0.9802 | adv/moduleC 1.00/1.00 | disc_steps 2 | grad(main/disc) 5.964/1.307 | lr(main/disc) 2.75e-05/1.20e-05 | cuda_peak(alloc/resv) 21.77/28.18GB | phase(train/val/raw/train_eval) 3.1/0.5/0.0/0.0s | 3.6s
2026-08-29 21:55:25 | Epoch 043/060 | loss 1.9937 | cls 1.5108 | tal -0.0359 | dual_g 0.4937 | dual_d 0.9435 | train_acc 0.9783 | train_full n/a | val_acc 0.9730 | val_f1 0.9802 | adv/moduleC 1.00/1.00 | disc_steps 2 | grad(main/disc) 5.186/1.306 | lr(main/disc) 2.75e-05/1.20e-05 | cuda_peak(alloc/resv) 21.77/28.18GB | phase(train/val/raw/train_eval) 3.4/0.5/0.0/0.0s | 3.8s
2026-08-29 21:55:29 | Epoch 044/060 | loss 1.9802 | cls 1.5063 | tal -0.0467 | dual_g 0.4880 | dual_d 0.9148 | train_acc 0.9891 | train_full n/a | val_acc 0.9730 | val_f1 0.9802 | adv/moduleC 1.00/1.00 | disc_steps 2 | grad(main/disc) 4.519/1.287 | lr(main/disc) 2.75e-05/1.20e-05 | cuda_peak(alloc/resv) 21.77/28.18GB | phase(train/val/raw/train_eval) 3.5/0.5/0.0/0.0s | 4.0s
2026-08-29 21:55:34 | Epoch 045/060 | loss 2.0129 | cls 1.5244 | tal -0.0286 | dual_g 0.4971 | dual_d 0.9294 | train_acc 0.9755 | train_full 1.0000 | val_acc 0.9730 | val_f1 0.9802 | adv/moduleC 1.00/1.00 | disc_steps 2 | grad(main/disc) 5.509/1.305 | lr(main/disc) 2.75e-05/1.20e-05 | cuda_peak(alloc/resv) 21.77/28.18GB | phase(train/val/raw/train_eval) 3.7/0.5/0.5/0.7s | 5.4s
2026-08-29 21:55:34 | Early stopping at epoch 45 after 20 epochs without val_f1_macro_present improvement.
2026-08-29 21:55:34 | Training complete. Peak validation accuracy: 0.9730 | selected val_f1_macro_present: 0.9802
2026-08-29 21:55:34 | Starting Dual_D standalone training
2026-08-29 21:55:34 | Run directory: runs/module_c_ablation_60_v8/module_c_20260829_205331/module_c_no_cycle_逆光_20260829_213218
2026-08-29 21:55:34 | Device: cuda
2026-08-29 21:55:34 | Source train samples: 992
2026-08-29 21:55:34 | Target train samples: 132
2026-08-29 21:55:34 | Target val samples: 37
2026-08-29 21:55:34 | Classes: 14
2026-08-29 21:55:34 | Data audit: same_dir=False | path_overlap(vis/ir/ais)=0/0/0 | content_overlap(vis/ir/ais)=0/0/0 | ais_index_overlap=0 | stem_mismatch(vis-ir/vis-ais)=157/0
2026-08-29 21:55:34 | source_train classes: present 14/14 | absent 0 | counts [0:120, 1:44, 2:69, 3:45, 4:40, 5:30, 6:64, 7:80, 8:116, 9:68, 10:57, 11:83, 12:48, 13:128]
2026-08-29 21:55:34 | target_train classes: present 9/14 | absent 5 | counts [0:20, 2:12, 4:12, 5:2, 9:16, 10:16, 11:29, 12:4, 13:21]
2026-08-29 21:55:34 | target_val classes: present 9/14 | absent 5 | counts [0:6, 2:3, 4:4, 5:1, 9:4, 10:4, 11:8, 12:1, 13:6]
2026-08-29 21:55:34 | Paired training classes: 9/14 | class ids [0, 2, 4, 5, 9, 10, 11, 12, 13]
2026-08-29 21:55:34 | Runtime profile: batch=92 | paired_steps=4 | workers=16 | train_eval_every=5 | raw_eval_every=5 | stability_window=3 | lr_scheduler_start=28 | early_stop=18 after min_epoch=45
2026-08-29 21:55:34 | VIS/IR pairing: class-level-unpaired | count-mismatch classes train/val: 10/1 | AIS alignment: none | AIS rows train/val: 0/0
2026-08-29 21:55:35 | Effective Dual-D loss weights: {"adv_auxiliary": 0.025, "adv_primary": 0.025, "classification": 0.2, "contrastive": 0.04, "cycle": 0.0, "identity": 0.045, "prototype_contrastive": 0.06}
2026-08-29 21:55:35 | Model parameters: total=17277714 | trainable=17120210
Starting run 6/9: domain=逆光, iteration=3, seed=47
2026-08-29 21:55:40 | Epoch 001/060 | loss 6.0087 | cls 5.9965 | tal 0.0405 | dual_g 0.0000 | dual_d 0.0000 | train_acc 0.0870 | train_full 0.1288 | val_acc 0.2162 | val_f1 0.0718 | adv/moduleC 0.00/0.00 | disc_steps 0 | grad(main/disc) 16.112/0.000 | lr(main/disc) 5.50e-05/2.40e-05 | cuda_peak(alloc/resv) 21.77/28.18GB | phase(train/val/raw/train_eval) 3.7/0.5/0.5/0.7s | 5.4s
2026-08-29 21:55:44 | Epoch 002/060 | loss 5.2289 | cls 5.2179 | tal 0.0365 | dual_g 0.0000 | dual_d 0.0000 | train_acc 0.1495 | train_full n/a | val_acc 0.2432 | val_f1 0.0792 | adv/moduleC 0.00/0.00 | disc_steps 0 | grad(main/disc) 13.614/0.000 | lr(main/disc) 5.50e-05/2.40e-05 | cuda_peak(alloc/resv) 21.77/28.18GB | phase(train/val/raw/train_eval) 3.5/0.5/0.0/0.0s | 4.0s
2026-08-29 21:55:49 | Epoch 003/060 | loss 4.6395 | cls 4.6202 | tal 0.0646 | dual_g 0.0000 | dual_d 0.0000 | train_acc 0.2391 | train_full n/a | val_acc 0.1892 | val_f1 0.0611 | adv/moduleC 0.00/0.00 | disc_steps 0 | grad(main/disc) 12.112/0.000 | lr(main/disc) 5.50e-05/2.40e-05 | cuda_peak(alloc/resv) 21.77/28.18GB | phase(train/val/raw/train_eval) 3.5/0.5/0.5/0.0s | 4.4s
2026-08-29 21:55:51 | New best val_f1_macro_present: raw=0.0611 stable_score=0.0611 at epoch 3
2026-08-29 21:55:56 | Epoch 004/060 | loss 4.2484 | cls 4.2282 | tal 0.0672 | dual_g 0.0000 | dual_d 0.0000 | train_acc 0.2962 | train_full n/a | val_acc 0.2973 | val_f1 0.2564 | adv/moduleC 0.00/0.00 | disc_steps 0 | grad(main/disc) 11.127/0.000 | lr(main/disc) 5.50e-05/2.40e-05 | cuda_peak(alloc/resv) 21.77/28.18GB | phase(train/val/raw/train_eval) 3.6/0.5/0.0/0.0s | 4.0s
2026-08-29 21:56:01 | Epoch 005/060 | loss 4.0350 | cls 4.0109 | tal 0.0804 | dual_g 0.0000 | dual_d 0.0000 | train_acc 0.3560 | train_full 0.4621 | val_acc 0.3784 | val_f1 0.4016 | adv/moduleC 0.00/0.00 | disc_steps 0 | grad(main/disc) 10.484/0.000 | lr(main/disc) 5.50e-05/2.40e-05 | cuda_peak(alloc/resv) 21.77/28.18GB | phase(train/val/raw/train_eval) 3.5/0.5/0.5/0.7s | 5.2s
2026-08-29 21:56:05 | Epoch 006/060 | loss 3.7072 | cls 3.5832 | tal 0.0768 | dual_g 0.1010 | dual_d 0.0000 | train_acc 0.4375 | train_full n/a | val_acc 0.5946 | val_f1 0.6029 | adv/moduleC 0.00/0.10 | disc_steps 0 | grad(main/disc) 9.967/0.000 | lr(main/disc) 5.50e-05/2.40e-05 | cuda_peak(alloc/resv) 21.77/28.18GB | phase(train/val/raw/train_eval) 3.5/0.5/0.5/0.0s | 4.4s
2026-08-29 21:56:08 | New best val_f1_macro_present: raw=0.6029 stable_score=0.2564 at epoch 6
2026-08-29 21:56:12 | Epoch 007/060 | loss 3.5846 | cls 3.3652 | tal 0.0769 | dual_g 0.1964 | dual_d 0.0000 | train_acc 0.5027 | train_full n/a | val_acc 0.7297 | val_f1 0.7894 | adv/moduleC 0.00/0.20 | disc_steps 0 | grad(main/disc) 9.234/0.000 | lr(main/disc) 5.50e-05/2.40e-05 | cuda_peak(alloc/resv) 21.77/28.18GB | phase(train/val/raw/train_eval) 3.4/0.5/0.5/0.0s | 4.4s
2026-08-29 21:56:15 | New best val_f1_macro_present: raw=0.7894 stable_score=0.4016 at epoch 7
2026-08-29 21:56:19 | Epoch 008/060 | loss 3.7488 | cls 3.4161 | tal 0.1246 | dual_g 0.2953 | dual_d 0.8257 | train_acc 0.4755 | train_full n/a | val_acc 0.8378 | val_f1 0.8766 | adv/moduleC 0.07/0.30 | disc_steps 2 | grad(main/disc) 9.803/1.603 | lr(main/disc) 5.50e-05/2.40e-05 | cuda_peak(alloc/resv) 21.77/28.18GB | phase(train/val/raw/train_eval) 3.3/0.5/0.5/0.0s | 4.3s
2026-08-29 21:56:22 | New best val_f1_macro_present: raw=0.8766 stable_score=0.6029 at epoch 8
2026-08-29 21:56:27 | Epoch 009/060 | loss 3.5859 | cls 3.1771 | tal 0.0927 | dual_g 0.3810 | dual_d 0.8245 | train_acc 0.5815 | train_full n/a | val_acc 0.8919 | val_f1 0.9173 | adv/moduleC 0.13/0.40 | disc_steps 2 | grad(main/disc) 9.228/1.598 | lr(main/disc) 5.50e-05/2.40e-05 | cuda_peak(alloc/resv) 21.77/28.18GB | phase(train/val/raw/train_eval) 3.6/0.5/0.5/0.0s | 4.6s
2026-08-29 21:56:29 | New best val_f1_macro_present: raw=0.9173 stable_score=0.7894 at epoch 9
2026-08-29 21:56:35 | Epoch 010/060 | loss 3.4766 | cls 3.0041 | tal 0.0728 | dual_g 0.4506 | dual_d 0.8563 | train_acc 0.5978 | train_full 0.9318 | val_acc 0.8919 | val_f1 0.9173 | adv/moduleC 0.20/0.50 | disc_steps 2 | grad(main/disc) 9.222/1.603 | lr(main/disc) 5.50e-05/2.40e-05 | cuda_peak(alloc/resv) 21.77/28.18GB | phase(train/val/raw/train_eval) 3.6/0.5/0.5/0.7s | 5.3s
2026-08-29 21:56:37 | New best val_f1_macro_present: raw=0.9173 stable_score=0.8766 at epoch 10
2026-08-29 21:56:42 | Epoch 011/060 | loss 3.4720 | cls 2.9319 | tal 0.0669 | dual_g 0.5201 | dual_d 0.8023 | train_acc 0.6087 | train_full n/a | val_acc 0.9189 | val_f1 0.9371 | adv/moduleC 0.27/0.60 | disc_steps 2 | grad(main/disc) 9.221/1.561 | lr(main/disc) 5.50e-05/2.40e-05 | cuda_peak(alloc/resv) 21.77/28.18GB | phase(train/val/raw/train_eval) 3.3/0.5/0.5/0.0s | 4.2s
2026-08-29 21:56:44 | New best val_f1_macro_present: raw=0.9371 stable_score=0.9173 at epoch 11
2026-08-29 21:56:48 | Epoch 012/060 | loss 3.2929 | cls 2.6926 | tal 0.0900 | dual_g 0.5732 | dual_d 0.8160 | train_acc 0.6549 | train_full n/a | val_acc 0.8919 | val_f1 0.9058 | adv/moduleC 0.33/0.70 | disc_steps 2 | grad(main/disc) 8.950/1.563 | lr(main/disc) 5.50e-05/2.40e-05 | cuda_peak(alloc/resv) 21.77/28.18GB | phase(train/val/raw/train_eval) 3.2/0.5/0.0/0.0s | 3.7s
2026-08-29 21:56:52 | Epoch 013/060 | loss 3.1607 | cls 2.5324 | tal 0.0604 | dual_g 0.6102 | dual_d 0.8187 | train_acc 0.7364 | train_full n/a | val_acc 0.8919 | val_f1 0.9058 | adv/moduleC 0.40/0.80 | disc_steps 2 | grad(main/disc) 9.447/1.536 | lr(main/disc) 5.50e-05/2.40e-05 | cuda_peak(alloc/resv) 21.77/28.18GB | phase(train/val/raw/train_eval) 3.2/0.5/0.0/0.0s | 3.7s
2026-08-29 21:56:56 | Epoch 014/060 | loss 3.1973 | cls 2.4819 | tal 0.0730 | dual_g 0.6935 | dual_d 0.7926 | train_acc 0.7201 | train_full n/a | val_acc 0.8919 | val_f1 0.9058 | adv/moduleC 0.47/0.90 | disc_steps 2 | grad(main/disc) 8.985/1.478 | lr(main/disc) 5.50e-05/2.40e-05 | cuda_peak(alloc/resv) 21.77/28.18GB | phase(train/val/raw/train_eval) 3.5/0.5/0.0/0.0s | 3.9s
2026-08-29 21:57:01 | Epoch 015/060 | loss 3.1081 | cls 2.3575 | tal 0.0484 | dual_g 0.7360 | dual_d 0.8014 | train_acc 0.7310 | train_full 0.9394 | val_acc 0.9189 | val_f1 0.9358 | adv/moduleC 0.53/1.00 | disc_steps 2 | grad(main/disc) 8.404/1.441 | lr(main/disc) 5.50e-05/2.40e-05 | cuda_peak(alloc/resv) 21.77/28.18GB | phase(train/val/raw/train_eval) 3.2/0.5/0.5/0.7s | 4.9s
2026-08-29 21:57:05 | Epoch 016/060 | loss 3.0856 | cls 2.3409 | tal 0.0503 | dual_g 0.7297 | dual_d 0.7763 | train_acc 0.7717 | train_full n/a | val_acc 0.8919 | val_f1 0.9079 | adv/moduleC 0.60/1.00 | disc_steps 2 | grad(main/disc) 9.224/1.427 | lr(main/disc) 5.50e-05/2.40e-05 | cuda_peak(alloc/resv) 21.77/28.18GB | phase(train/val/raw/train_eval) 3.5/0.5/0.0/0.0s | 3.9s
2026-08-29 21:57:09 | Epoch 017/060 | loss 2.8955 | cls 2.2035 | tal 0.0167 | dual_g 0.6870 | dual_d 0.7974 | train_acc 0.8179 | train_full n/a | val_acc 0.9189 | val_f1 0.9396 | adv/moduleC 0.67/1.00 | disc_steps 2 | grad(main/disc) 8.526/1.416 | lr(main/disc) 5.50e-05/2.40e-05 | cuda_peak(alloc/resv) 21.77/28.18GB | phase(train/val/raw/train_eval) 3.5/0.5/0.0/0.0s | 3.9s
2026-08-29 21:57:12 | Epoch 018/060 | loss 2.8107 | cls 2.1314 | tal -0.0014 | dual_g 0.6797 | dual_d 0.7996 | train_acc 0.8288 | train_full n/a | val_acc 0.9189 | val_f1 0.9396 | adv/moduleC 0.73/1.00 | disc_steps 2 | grad(main/disc) 9.904/1.422 | lr(main/disc) 5.50e-05/2.40e-05 | cuda_peak(alloc/resv) 21.77/28.18GB | phase(train/val/raw/train_eval) 3.4/0.5/0.0/0.0s | 3.9s
2026-08-29 21:57:17 | Epoch 019/060 | loss 2.7865 | cls 2.1170 | tal 0.0169 | dual_g 0.6644 | dual_d 0.8529 | train_acc 0.8179 | train_full n/a | val_acc 0.9189 | val_f1 0.9358 | adv/moduleC 0.80/1.00 | disc_steps 2 | grad(main/disc) 11.954/1.442 | lr(main/disc) 5.50e-05/2.40e-05 | cuda_peak(alloc/resv) 21.77/28.18GB | phase(train/val/raw/train_eval) 3.5/0.5/0.5/0.0s | 4.5s
2026-08-29 21:57:20 | New best val_f1_macro_present: raw=0.9358 stable_score=0.9358 at epoch 19
2026-08-29 21:57:25 | Epoch 020/060 | loss 2.6013 | cls 1.9651 | tal 0.0097 | dual_g 0.6333 | dual_d 0.8184 | train_acc 0.8696 | train_full 0.9621 | val_acc 0.8649 | val_f1 0.8850 | adv/moduleC 0.87/1.00 | disc_steps 2 | grad(main/disc) 8.010/1.381 | lr(main/disc) 5.50e-05/2.40e-05 | cuda_peak(alloc/resv) 21.77/28.18GB | phase(train/val/raw/train_eval) 3.7/0.5/0.5/0.7s | 5.4s
2026-08-29 21:57:28 | Epoch 021/060 | loss 2.6478 | cls 1.9950 | tal 0.0130 | dual_g 0.6488 | dual_d 0.8577 | train_acc 0.8560 | train_full n/a | val_acc 0.9459 | val_f1 0.9578 | adv/moduleC 0.93/1.00 | disc_steps 2 | grad(main/disc) 9.882/1.441 | lr(main/disc) 5.50e-05/2.40e-05 | cuda_peak(alloc/resv) 21.77/28.18GB | phase(train/val/raw/train_eval) 2.9/0.5/0.0/0.0s | 3.4s
2026-08-29 21:57:32 | Epoch 022/060 | loss 2.5667 | cls 1.9389 | tal 0.0358 | dual_g 0.6171 | dual_d 0.8495 | train_acc 0.8859 | train_full n/a | val_acc 0.9459 | val_f1 0.9578 | adv/moduleC 1.00/1.00 | disc_steps 2 | grad(main/disc) 9.045/1.406 | lr(main/disc) 5.50e-05/2.40e-05 | cuda_peak(alloc/resv) 21.77/28.18GB | phase(train/val/raw/train_eval) 3.1/0.5/0.0/0.0s | 3.5s
2026-08-29 21:57:36 | Epoch 023/060 | loss 2.5197 | cls 1.8978 | tal 0.0346 | dual_g 0.6115 | dual_d 0.8660 | train_acc 0.8832 | train_full n/a | val_acc 0.9459 | val_f1 0.9616 | adv/moduleC 1.00/1.00 | disc_steps 2 | grad(main/disc) 9.734/1.460 | lr(main/disc) 5.50e-05/2.40e-05 | cuda_peak(alloc/resv) 21.77/28.18GB | phase(train/val/raw/train_eval) 3.3/0.5/0.5/0.0s | 4.2s
2026-08-29 21:57:39 | New best val_f1_macro_present: raw=0.9616 stable_score=0.9578 at epoch 23
2026-08-29 21:57:42 | Epoch 024/060 | loss 2.4578 | cls 1.8498 | tal 0.0146 | dual_g 0.6037 | dual_d 0.8647 | train_acc 0.8967 | train_full n/a | val_acc 0.9459 | val_f1 0.9616 | adv/moduleC 1.00/1.00 | disc_steps 2 | grad(main/disc) 10.381/1.387 | lr(main/disc) 5.50e-05/2.40e-05 | cuda_peak(alloc/resv) 21.77/28.18GB | phase(train/val/raw/train_eval) 3.1/0.5/0.0/0.0s | 3.6s
2026-08-29 21:57:47 | Epoch 025/060 | loss 2.4029 | cls 1.8250 | tal -0.0457 | dual_g 0.5917 | dual_d 0.8823 | train_acc 0.8940 | train_full 0.9924 | val_acc 0.9730 | val_f1 0.9840 | adv/moduleC 1.00/1.00 | disc_steps 2 | grad(main/disc) 9.882/1.432 | lr(main/disc) 5.50e-05/2.40e-05 | cuda_peak(alloc/resv) 21.77/28.18GB | phase(train/val/raw/train_eval) 3.2/0.5/0.5/0.7s | 4.9s
2026-08-29 21:57:50 | New best val_f1_macro_present: raw=0.9840 stable_score=0.9616 at epoch 25
2026-08-29 21:57:55 | Epoch 026/060 | loss 2.3218 | cls 1.7672 | tal -0.0870 | dual_g 0.5807 | dual_d 0.9218 | train_acc 0.9212 | train_full n/a | val_acc 0.9459 | val_f1 0.9616 | adv/moduleC 1.00/1.00 | disc_steps 2 | grad(main/disc) 8.933/1.462 | lr(main/disc) 5.50e-05/2.40e-05 | cuda_peak(alloc/resv) 21.77/28.18GB | phase(train/val/raw/train_eval) 4.0/0.5/0.0/0.0s | 4.4s
2026-08-29 21:57:58 | Epoch 027/060 | loss 2.2665 | cls 1.7223 | tal -0.0959 | dual_g 0.5729 | dual_d 0.8578 | train_acc 0.9484 | train_full n/a | val_acc 0.9459 | val_f1 0.9616 | adv/moduleC 1.00/1.00 | disc_steps 2 | grad(main/disc) 11.248/1.371 | lr(main/disc) 5.50e-05/2.40e-05 | cuda_peak(alloc/resv) 21.77/28.18GB | phase(train/val/raw/train_eval) 3.4/0.5/0.0/0.0s | 3.9s
2026-08-29 21:58:02 | Epoch 028/060 | loss 2.2707 | cls 1.7343 | tal -0.0870 | dual_g 0.5625 | dual_d 0.8958 | train_acc 0.9429 | train_full n/a | val_acc 0.9459 | val_f1 0.9578 | adv/moduleC 1.00/1.00 | disc_steps 2 | grad(main/disc) 9.231/1.385 | lr(main/disc) 5.50e-05/2.40e-05 | cuda_peak(alloc/resv) 21.77/28.18GB | phase(train/val/raw/train_eval) 3.2/0.5/0.0/0.0s | 3.6s
2026-08-29 21:58:06 | Epoch 029/060 | loss 2.2030 | cls 1.6787 | tal -0.1019 | dual_g 0.5549 | dual_d 0.9284 | train_acc 0.9402 | train_full n/a | val_acc 0.9459 | val_f1 0.9578 | adv/moduleC 1.00/1.00 | disc_steps 2 | grad(main/disc) 8.402/1.404 | lr(main/disc) 5.50e-05/2.40e-05 | cuda_peak(alloc/resv) 21.77/28.18GB | phase(train/val/raw/train_eval) 3.9/0.5/0.0/0.0s | 4.4s
2026-08-29 21:58:12 | Epoch 030/060 | loss 2.1822 | cls 1.6675 | tal -0.0889 | dual_g 0.5415 | dual_d 0.9262 | train_acc 0.9592 | train_full 1.0000 | val_acc 1.0000 | val_f1 1.0000 | adv/moduleC 1.00/1.00 | disc_steps 2 | grad(main/disc) 8.084/1.405 | lr(main/disc) 5.50e-05/2.40e-05 | cuda_peak(alloc/resv) 21.77/28.18GB | phase(train/val/raw/train_eval) 3.4/0.5/0.5/0.7s | 5.1s
2026-08-29 21:58:15 | Epoch 031/060 | loss 2.1949 | cls 1.6820 | tal -0.0570 | dual_g 0.5300 | dual_d 0.9232 | train_acc 0.9538 | train_full n/a | val_acc 0.9730 | val_f1 0.9840 | adv/moduleC 1.00/1.00 | disc_steps 2 | grad(main/disc) 8.973/1.418 | lr(main/disc) 5.50e-05/2.40e-05 | cuda_peak(alloc/resv) 21.77/28.18GB | phase(train/val/raw/train_eval) 3.3/0.5/0.0/0.0s | 3.8s
2026-08-29 21:58:19 | Epoch 032/060 | loss 2.2009 | cls 1.6825 | tal -0.0664 | dual_g 0.5383 | dual_d 0.9253 | train_acc 0.9457 | train_full n/a | val_acc 0.9459 | val_f1 0.9578 | adv/moduleC 1.00/1.00 | disc_steps 2 | grad(main/disc) 10.556/1.340 | lr(main/disc) 5.50e-05/2.40e-05 | cuda_peak(alloc/resv) 21.77/28.18GB | phase(train/val/raw/train_eval) 3.2/0.5/0.0/0.0s | 3.7s
2026-08-29 21:58:23 | Epoch 033/060 | loss 2.1432 | cls 1.6334 | tal -0.0827 | dual_g 0.5346 | dual_d 0.9272 | train_acc 0.9457 | train_full n/a | val_acc 0.9730 | val_f1 0.9802 | adv/moduleC 1.00/1.00 | disc_steps 2 | grad(main/disc) 7.530/1.360 | lr(main/disc) 5.50e-05/2.40e-05 | cuda_peak(alloc/resv) 21.77/28.18GB | phase(train/val/raw/train_eval) 3.4/0.5/0.0/0.0s | 3.9s
2026-08-29 21:58:26 | Epoch 034/060 | loss 2.1131 | cls 1.6052 | tal -0.0205 | dual_g 0.5141 | dual_d 0.9092 | train_acc 0.9701 | train_full n/a | val_acc 0.9730 | val_f1 0.9802 | adv/moduleC 1.00/1.00 | disc_steps 2 | grad(main/disc) 7.416/1.325 | lr(main/disc) 5.50e-05/2.40e-05 | cuda_peak(alloc/resv) 21.77/28.18GB | phase(train/val/raw/train_eval) 3.1/0.5/0.0/0.0s | 3.6s
2026-08-29 21:58:32 | Epoch 035/060 | loss 2.1765 | cls 1.6670 | tal -0.0280 | dual_g 0.5179 | dual_d 0.9242 | train_acc 0.9511 | train_full 1.0000 | val_acc 0.9730 | val_f1 0.9840 | adv/moduleC 1.00/1.00 | disc_steps 2 | grad(main/disc) 8.631/1.365 | lr(main/disc) 5.50e-05/2.40e-05 | cuda_peak(alloc/resv) 21.77/28.18GB | phase(train/val/raw/train_eval) 3.5/0.5/0.5/0.7s | 5.2s
2026-08-29 21:58:34 | New best val_f1_macro_present: raw=0.9840 stable_score=0.9802 at epoch 35
2026-08-29 21:58:38 | Epoch 036/060 | loss 2.0629 | cls 1.5579 | tal -0.0129 | dual_g 0.5089 | dual_d 0.9362 | train_acc 0.9701 | train_full n/a | val_acc 0.9730 | val_f1 0.9840 | adv/moduleC 1.00/1.00 | disc_steps 2 | grad(main/disc) 6.749/1.326 | lr(main/disc) 5.50e-05/2.40e-05 | cuda_peak(alloc/resv) 21.77/28.18GB | phase(train/val/raw/train_eval) 3.3/0.5/0.0/0.0s | 3.7s
2026-08-29 21:58:42 | Epoch 037/060 | loss 2.0495 | cls 1.5579 | tal -0.0245 | dual_g 0.4990 | dual_d 0.9400 | train_acc 0.9864 | train_full n/a | val_acc 1.0000 | val_f1 1.0000 | adv/moduleC 1.00/1.00 | disc_steps 2 | grad(main/disc) 7.441/1.347 | lr(main/disc) 5.50e-05/2.40e-05 | cuda_peak(alloc/resv) 21.77/28.18GB | phase(train/val/raw/train_eval) 3.4/0.5/0.5/0.0s | 4.3s
2026-08-29 21:58:45 | New best val_f1_macro_present: raw=1.0000 stable_score=0.9840 at epoch 37
2026-08-29 21:58:49 | Epoch 038/060 | loss 2.1045 | cls 1.6059 | tal -0.0168 | dual_g 0.5037 | dual_d 0.9728 | train_acc 0.9674 | train_full n/a | val_acc 0.9459 | val_f1 0.9616 | adv/moduleC 1.00/1.00 | disc_steps 2 | grad(main/disc) 7.583/1.379 | lr(main/disc) 5.50e-05/2.40e-05 | cuda_peak(alloc/resv) 21.77/28.18GB | phase(train/val/raw/train_eval) 3.2/0.5/0.0/0.0s | 3.7s
2026-08-29 21:58:53 | Epoch 039/060 | loss 2.0801 | cls 1.5956 | tal -0.0826 | dual_g 0.5093 | dual_d 0.9251 | train_acc 0.9728 | train_full n/a | val_acc 0.9730 | val_f1 0.9802 | adv/moduleC 1.00/1.00 | disc_steps 2 | grad(main/disc) 8.045/1.298 | lr(main/disc) 5.50e-05/2.40e-05 | cuda_peak(alloc/resv) 21.77/28.18GB | phase(train/val/raw/train_eval) 3.5/0.5/0.0/0.0s | 4.0s
2026-08-29 21:58:58 | Epoch 040/060 | loss 1.9709 | cls 1.5114 | tal -0.0824 | dual_g 0.4842 | dual_d 0.9538 | train_acc 0.9810 | train_full 1.0000 | val_acc 1.0000 | val_f1 1.0000 | adv/moduleC 1.00/1.00 | disc_steps 2 | grad(main/disc) 5.602/1.300 | lr(main/disc) 5.50e-05/2.40e-05 | cuda_peak(alloc/resv) 21.77/28.18GB | phase(train/val/raw/train_eval) 3.5/0.5/0.5/0.7s | 5.2s
2026-08-29 21:59:02 | Epoch 041/060 | loss 2.0319 | cls 1.5665 | tal -0.0905 | dual_g 0.4926 | dual_d 0.9163 | train_acc 0.9674 | train_full n/a | val_acc 1.0000 | val_f1 1.0000 | adv/moduleC 1.00/1.00 | disc_steps 2 | grad(main/disc) 7.859/1.279 | lr(main/disc) 2.75e-05/1.20e-05 | cuda_peak(alloc/resv) 21.77/28.18GB | phase(train/val/raw/train_eval) 3.6/0.5/0.0/0.0s | 4.1s
2026-08-29 21:59:07 | Epoch 042/060 | loss 1.9629 | cls 1.5047 | tal -0.0891 | dual_g 0.4849 | dual_d 0.9417 | train_acc 0.9864 | train_full n/a | val_acc 1.0000 | val_f1 1.0000 | adv/moduleC 1.00/1.00 | disc_steps 2 | grad(main/disc) 6.363/1.306 | lr(main/disc) 2.75e-05/1.20e-05 | cuda_peak(alloc/resv) 21.77/28.18GB | phase(train/val/raw/train_eval) 3.6/0.5/0.5/0.0s | 4.6s
2026-08-29 21:59:10 | New best val_f1_macro_present: raw=1.0000 stable_score=1.0000 at epoch 42
2026-08-29 21:59:14 | Epoch 043/060 | loss 1.9542 | cls 1.5081 | tal -0.1059 | dual_g 0.4779 | dual_d 0.9514 | train_acc 0.9728 | train_full n/a | val_acc 0.9730 | val_f1 0.9840 | adv/moduleC 1.00/1.00 | disc_steps 2 | grad(main/disc) 6.143/1.355 | lr(main/disc) 2.75e-05/1.20e-05 | cuda_peak(alloc/resv) 21.77/28.18GB | phase(train/val/raw/train_eval) 3.6/0.5/0.0/0.0s | 4.1s
2026-08-29 21:59:18 | Epoch 044/060 | loss 1.9523 | cls 1.5156 | tal -0.1333 | dual_g 0.4767 | dual_d 0.9106 | train_acc 0.9783 | train_full n/a | val_acc 1.0000 | val_f1 1.0000 | adv/moduleC 1.00/1.00 | disc_steps 2 | grad(main/disc) 6.039/1.244 | lr(main/disc) 2.75e-05/1.20e-05 | cuda_peak(alloc/resv) 21.77/28.18GB | phase(train/val/raw/train_eval) 3.4/0.5/0.0/0.0s | 3.9s
2026-08-29 21:59:23 | Epoch 045/060 | loss 1.9751 | cls 1.5357 | tal -0.1273 | dual_g 0.4776 | dual_d 0.9411 | train_acc 0.9728 | train_full 1.0000 | val_acc 1.0000 | val_f1 1.0000 | adv/moduleC 1.00/1.00 | disc_steps 2 | grad(main/disc) 6.739/1.331 | lr(main/disc) 2.75e-05/1.20e-05 | cuda_peak(alloc/resv) 21.77/28.18GB | phase(train/val/raw/train_eval) 3.5/0.5/0.5/0.7s | 5.2s
2026-08-29 21:59:27 | Epoch 046/060 | loss 1.9748 | cls 1.5282 | tal -0.1051 | dual_g 0.4782 | dual_d 0.9011 | train_acc 0.9810 | train_full n/a | val_acc 1.0000 | val_f1 1.0000 | adv/moduleC 1.00/1.00 | disc_steps 2 | grad(main/disc) 6.986/1.212 | lr(main/disc) 2.75e-05/1.20e-05 | cuda_peak(alloc/resv) 21.77/28.18GB | phase(train/val/raw/train_eval) 3.8/0.5/0.0/0.0s | 4.3s
2026-08-29 21:59:31 | Epoch 047/060 | loss 1.9438 | cls 1.5206 | tal -0.1755 | dual_g 0.4758 | dual_d 0.9744 | train_acc 0.9810 | train_full n/a | val_acc 1.0000 | val_f1 1.0000 | adv/moduleC 1.00/1.00 | disc_steps 2 | grad(main/disc) 6.656/1.363 | lr(main/disc) 2.75e-05/1.20e-05 | cuda_peak(alloc/resv) 21.77/28.18GB | phase(train/val/raw/train_eval) 3.3/0.5/0.0/0.0s | 3.8s
2026-08-29 21:59:34 | Epoch 048/060 | loss 1.9375 | cls 1.5046 | tal -0.1506 | dual_g 0.4781 | dual_d 0.9468 | train_acc 0.9837 | train_full n/a | val_acc 0.9730 | val_f1 0.9802 | adv/moduleC 1.00/1.00 | disc_steps 2 | grad(main/disc) 6.141/1.279 | lr(main/disc) 2.75e-05/1.20e-05 | cuda_peak(alloc/resv) 21.77/28.18GB | phase(train/val/raw/train_eval) 2.8/0.5/0.0/0.0s | 3.2s
2026-08-29 21:59:38 | Epoch 049/060 | loss 1.9010 | cls 1.4808 | tal -0.1480 | dual_g 0.4646 | dual_d 0.9691 | train_acc 0.9755 | train_full n/a | val_acc 1.0000 | val_f1 1.0000 | adv/moduleC 1.00/1.00 | disc_steps 2 | grad(main/disc) 5.228/1.331 | lr(main/disc) 2.75e-05/1.20e-05 | cuda_peak(alloc/resv) 21.77/28.18GB | phase(train/val/raw/train_eval) 3.2/0.5/0.0/0.0s | 3.7s
2026-08-29 21:59:43 | Epoch 050/060 | loss 1.9421 | cls 1.5168 | tal -0.1236 | dual_g 0.4623 | dual_d 0.9991 | train_acc 0.9837 | train_full 1.0000 | val_acc 1.0000 | val_f1 1.0000 | adv/moduleC 1.00/1.00 | disc_steps 2 | grad(main/disc) 9.521/1.346 | lr(main/disc) 2.75e-05/1.20e-05 | cuda_peak(alloc/resv) 21.77/28.18GB | phase(train/val/raw/train_eval) 3.5/0.5/0.5/0.7s | 5.2s
2026-08-29 21:59:47 | Epoch 051/060 | loss 1.9154 | cls 1.4837 | tal -0.1173 | dual_g 0.4669 | dual_d 1.0126 | train_acc 0.9891 | train_full n/a | val_acc 1.0000 | val_f1 1.0000 | adv/moduleC 1.00/1.00 | disc_steps 2 | grad(main/disc) 5.279/1.338 | lr(main/disc) 2.75e-05/1.20e-05 | cuda_peak(alloc/resv) 21.77/28.18GB | phase(train/val/raw/train_eval) 3.3/0.5/0.0/0.0s | 3.7s
2026-08-29 21:59:50 | Epoch 052/060 | loss 1.9385 | cls 1.5116 | tal -0.1226 | dual_g 0.4637 | dual_d 0.9990 | train_acc 0.9864 | train_full n/a | val_acc 1.0000 | val_f1 1.0000 | adv/moduleC 1.00/1.00 | disc_steps 2 | grad(main/disc) 7.115/1.351 | lr(main/disc) 1.38e-05/6.00e-06 | cuda_peak(alloc/resv) 21.77/28.18GB | phase(train/val/raw/train_eval) 3.2/0.5/0.0/0.0s | 3.7s
2026-08-29 21:59:54 | Epoch 053/060 | loss 1.8825 | cls 1.4764 | tal -0.1456 | dual_g 0.4498 | dual_d 0.9114 | train_acc 0.9810 | train_full n/a | val_acc 1.0000 | val_f1 1.0000 | adv/moduleC 1.00/1.00 | disc_steps 2 | grad(main/disc) 4.943/1.230 | lr(main/disc) 1.38e-05/6.00e-06 | cuda_peak(alloc/resv) 21.77/28.18GB | phase(train/val/raw/train_eval) 3.4/0.5/0.0/0.0s | 3.9s
2026-08-29 21:59:58 | Epoch 054/060 | loss 1.8991 | cls 1.4862 | tal -0.1420 | dual_g 0.4555 | dual_d 1.0161 | train_acc 0.9946 | train_full n/a | val_acc 1.0000 | val_f1 1.0000 | adv/moduleC 1.00/1.00 | disc_steps 2 | grad(main/disc) 5.367/1.330 | lr(main/disc) 1.38e-05/6.00e-06 | cuda_peak(alloc/resv) 21.77/28.18GB | phase(train/val/raw/train_eval) 3.5/0.5/0.0/0.0s | 4.0s
2026-08-29 22:00:03 | Epoch 055/060 | loss 1.8505 | cls 1.4563 | tal -0.1896 | dual_g 0.4510 | dual_d 0.9982 | train_acc 0.9810 | train_full 1.0000 | val_acc 1.0000 | val_f1 1.0000 | adv/moduleC 1.00/1.00 | disc_steps 2 | grad(main/disc) 4.195/1.322 | lr(main/disc) 1.38e-05/6.00e-06 | cuda_peak(alloc/resv) 21.77/28.18GB | phase(train/val/raw/train_eval) 3.3/0.5/0.5/0.7s | 5.1s
2026-08-29 22:00:07 | Epoch 056/060 | loss 1.8709 | cls 1.4606 | tal -0.1403 | dual_g 0.4525 | dual_d 1.0176 | train_acc 0.9891 | train_full n/a | val_acc 1.0000 | val_f1 1.0000 | adv/moduleC 1.00/1.00 | disc_steps 2 | grad(main/disc) 5.217/1.342 | lr(main/disc) 1.38e-05/6.00e-06 | cuda_peak(alloc/resv) 21.77/28.18GB | phase(train/val/raw/train_eval) 3.2/0.5/0.0/0.0s | 3.6s
2026-08-29 22:00:11 | Epoch 057/060 | loss 1.8713 | cls 1.4611 | tal -0.1553 | dual_g 0.4567 | dual_d 0.9745 | train_acc 0.9946 | train_full n/a | val_acc 1.0000 | val_f1 1.0000 | adv/moduleC 1.00/1.00 | disc_steps 2 | grad(main/disc) 5.235/1.276 | lr(main/disc) 1.38e-05/6.00e-06 | cuda_peak(alloc/resv) 21.77/28.18GB | phase(train/val/raw/train_eval) 3.3/0.5/0.0/0.0s | 3.7s
2026-08-29 22:00:14 | Epoch 058/060 | loss 1.8707 | cls 1.4490 | tal -0.1308 | dual_g 0.4610 | dual_d 1.0032 | train_acc 0.9946 | train_full n/a | val_acc 1.0000 | val_f1 1.0000 | adv/moduleC 1.00/1.00 | disc_steps 2 | grad(main/disc) 5.937/1.364 | lr(main/disc) 1.38e-05/6.00e-06 | cuda_peak(alloc/resv) 21.77/28.18GB | phase(train/val/raw/train_eval) 3.1/0.5/0.0/0.0s | 3.5s
2026-08-29 22:00:18 | Epoch 059/060 | loss 1.8866 | cls 1.4718 | tal -0.1227 | dual_g 0.4516 | dual_d 0.9768 | train_acc 0.9837 | train_full n/a | val_acc 1.0000 | val_f1 1.0000 | adv/moduleC 1.00/1.00 | disc_steps 2 | grad(main/disc) 4.830/1.272 | lr(main/disc) 1.38e-05/6.00e-06 | cuda_peak(alloc/resv) 21.77/28.18GB | phase(train/val/raw/train_eval) 3.1/0.5/0.0/0.0s | 3.5s
2026-08-29 22:00:23 | Epoch 060/060 | loss 1.8776 | cls 1.4650 | tal -0.1280 | dual_g 0.4510 | dual_d 1.0116 | train_acc 0.9864 | train_full 1.0000 | val_acc 1.0000 | val_f1 1.0000 | adv/moduleC 1.00/1.00 | disc_steps 2 | grad(main/disc) 5.272/1.348 | lr(main/disc) 1.38e-05/6.00e-06 | cuda_peak(alloc/resv) 21.77/28.18GB | phase(train/val/raw/train_eval) 3.8/0.5/0.5/0.7s | 5.4s
2026-08-29 22:00:23 | Early stopping at epoch 60 after 18 epochs without val_f1_macro_present improvement.
2026-08-29 22:00:23 | Training complete. Peak validation accuracy: 1.0000 | selected val_f1_macro_present: 1.0000
2026-08-29 22:00:23 | Starting Dual_D standalone training
2026-08-29 22:00:23 | Run directory: runs/module_c_ablation_60_v8/module_c_20260829_205331/module_c_no_cycle_雨天_20260829_213218
2026-08-29 22:00:23 | Device: cuda
2026-08-29 22:00:23 | Source train samples: 992
2026-08-29 22:00:23 | Target train samples: 96
2026-08-29 22:00:23 | Target val samples: 26
2026-08-29 22:00:23 | Classes: 14
2026-08-29 22:00:23 | Data audit: same_dir=False | path_overlap(vis/ir/ais)=0/0/0 | content_overlap(vis/ir/ais)=0/0/0 | ais_index_overlap=0 | stem_mismatch(vis-ir/vis-ais)=117/0
2026-08-29 22:00:23 | source_train classes: present 14/14 | absent 0 | counts [0:120, 1:44, 2:69, 3:45, 4:40, 5:30, 6:64, 7:80, 8:116, 9:68, 10:57, 11:83, 12:48, 13:128]
2026-08-29 22:00:23 | target_train classes: present 6/14 | absent 8 | counts [0:7, 2:19, 9:32, 10:12, 11:6, 13:20]
2026-08-29 22:00:23 | target_val classes: present 6/14 | absent 8 | counts [0:2, 2:5, 9:8, 10:4, 11:2, 13:5]
2026-08-29 22:00:23 | Paired training classes: 6/14 | class ids [0, 2, 9, 10, 11, 13]
2026-08-29 22:00:23 | Runtime profile: batch=92 | paired_steps=4 | workers=16 | train_eval_every=5 | raw_eval_every=5 | stability_window=3 | lr_scheduler_start=28 | early_stop=20 after min_epoch=50
2026-08-29 22:00:23 | VIS/IR pairing: class-level-unpaired | count-mismatch classes train/val: 10/0 | AIS alignment: none | AIS rows train/val: 0/0
2026-08-29 22:00:24 | Effective Dual-D loss weights: {"adv_auxiliary": 0.02, "adv_primary": 0.02, "classification": 0.6, "contrastive": 0.025, "cycle": 0.0, "identity": 0.025, "prototype_contrastive": 0.03}
2026-08-29 22:00:24 | Model parameters: total=17277714 | trainable=17120210
Starting run 7/9: domain=雨天, iteration=1, seed=48
2026-08-29 22:00:29 | Epoch 001/060 | loss 6.0781 | cls 6.0900 | tal -0.0396 | dual_g 0.0000 | dual_d 0.0000 | train_acc 0.0815 | train_full 0.0833 | val_acc 0.0385 | val_f1 0.0167 | adv/moduleC 0.00/0.00 | disc_steps 0 | grad(main/disc) 18.973/0.000 | lr(main/disc) 8.50e-05/2.75e-05 | cuda_peak(alloc/resv) 21.77/28.18GB | phase(train/val/raw/train_eval) 3.4/0.4/0.4/0.6s | 4.7s
2026-08-29 22:00:32 | Epoch 002/060 | loss 4.6308 | cls 4.6862 | tal -0.1846 | dual_g 0.0000 | dual_d 0.0000 | train_acc 0.2120 | train_full n/a | val_acc 0.1154 | val_f1 0.0733 | adv/moduleC 0.00/0.00 | disc_steps 0 | grad(main/disc) 15.025/0.000 | lr(main/disc) 8.50e-05/2.75e-05 | cuda_peak(alloc/resv) 21.77/28.18GB | phase(train/val/raw/train_eval) 2.8/0.4/0.0/0.0s | 3.2s
2026-08-29 22:00:36 | Epoch 003/060 | loss 3.7881 | cls 3.8431 | tal -0.1833 | dual_g 0.0000 | dual_d 0.0000 | train_acc 0.4022 | train_full n/a | val_acc 0.1538 | val_f1 0.1381 | adv/moduleC 0.00/0.00 | disc_steps 0 | grad(main/disc) 11.897/0.000 | lr(main/disc) 8.50e-05/2.75e-05 | cuda_peak(alloc/resv) 21.77/28.18GB | phase(train/val/raw/train_eval) 3.1/0.4/0.4/0.0s | 3.9s
2026-08-29 22:00:39 | New best val_f1_macro_present: raw=0.1381 stable_score=0.0167 at epoch 3
2026-08-29 22:00:42 | Epoch 004/060 | loss 3.2944 | cls 3.3584 | tal -0.2135 | dual_g 0.0000 | dual_d 0.0000 | train_acc 0.5136 | train_full n/a | val_acc 0.1154 | val_f1 0.1222 | adv/moduleC 0.00/0.00 | disc_steps 0 | grad(main/disc) 11.038/0.000 | lr(main/disc) 8.50e-05/2.75e-05 | cuda_peak(alloc/resv) 21.77/28.18GB | phase(train/val/raw/train_eval) 3.1/0.4/0.4/0.0s | 3.9s
2026-08-29 22:00:45 | New best val_f1_macro_present: raw=0.1222 stable_score=0.0733 at epoch 4
2026-08-29 22:00:50 | Epoch 005/060 | loss 3.1374 | cls 2.9162 | tal -0.1437 | dual_g 0.2643 | dual_d 0.0000 | train_acc 0.6196 | train_full 0.0938 | val_acc 0.1538 | val_f1 0.1185 | adv/moduleC 0.00/0.12 | disc_steps 0 | grad(main/disc) 9.843/0.000 | lr(main/disc) 8.50e-05/2.75e-05 | cuda_peak(alloc/resv) 21.77/28.18GB | phase(train/val/raw/train_eval) 3.1/0.4/0.4/0.6s | 4.4s
2026-08-29 22:00:52 | New best val_f1_macro_present: raw=0.1185 stable_score=0.1185 at epoch 5
2026-08-29 22:00:56 | Epoch 006/060 | loss 3.1556 | cls 2.7290 | tal -0.1470 | dual_g 0.4707 | dual_d 0.0000 | train_acc 0.6413 | train_full n/a | val_acc 0.2308 | val_f1 0.1581 | adv/moduleC 0.00/0.25 | disc_steps 0 | grad(main/disc) 9.859/0.000 | lr(main/disc) 8.50e-05/2.75e-05 | cuda_peak(alloc/resv) 21.77/28.18GB | phase(train/val/raw/train_eval) 3.0/0.4/0.0/0.0s | 3.4s
2026-08-29 22:00:59 | Epoch 007/060 | loss 3.0505 | cls 2.4490 | tal -0.0796 | dual_g 0.6254 | dual_d 1.0324 | train_acc 0.7255 | train_full n/a | val_acc 0.2692 | val_f1 0.1875 | adv/moduleC 0.07/0.38 | disc_steps 2 | grad(main/disc) 9.490/1.973 | lr(main/disc) 8.50e-05/2.75e-05 | cuda_peak(alloc/resv) 21.77/28.18GB | phase(train/val/raw/train_eval) 3.2/0.4/0.0/0.0s | 3.6s
2026-08-29 22:01:03 | Epoch 008/060 | loss 2.9718 | cls 2.2273 | tal -0.1317 | dual_g 0.7840 | dual_d 1.0041 | train_acc 0.8071 | train_full n/a | val_acc 0.3077 | val_f1 0.2452 | adv/moduleC 0.13/0.50 | disc_steps 2 | grad(main/disc) 9.760/2.008 | lr(main/disc) 8.50e-05/2.75e-05 | cuda_peak(alloc/resv) 21.77/28.18GB | phase(train/val/raw/train_eval) 3.0/0.4/0.4/0.0s | 3.7s
2026-08-29 22:01:05 | New best val_f1_macro_present: raw=0.2452 stable_score=0.1581 at epoch 8
2026-08-29 22:01:09 | Epoch 009/060 | loss 2.8355 | cls 1.9986 | tal -0.0892 | dual_g 0.8636 | dual_d 1.0043 | train_acc 0.8913 | train_full n/a | val_acc 0.3846 | val_f1 0.3202 | adv/moduleC 0.20/0.62 | disc_steps 2 | grad(main/disc) 8.520/1.925 | lr(main/disc) 8.50e-05/2.75e-05 | cuda_peak(alloc/resv) 21.77/28.18GB | phase(train/val/raw/train_eval) 3.0/0.4/0.4/0.0s | 3.7s
2026-08-29 22:01:12 | New best val_f1_macro_present: raw=0.3202 stable_score=0.1875 at epoch 9
2026-08-29 22:01:16 | Epoch 010/060 | loss 2.9059 | cls 1.9312 | tal -0.1030 | dual_g 1.0056 | dual_d 0.9939 | train_acc 0.8641 | train_full 0.3229 | val_acc 0.3077 | val_f1 0.2317 | adv/moduleC 0.27/0.75 | disc_steps 2 | grad(main/disc) 9.713/1.842 | lr(main/disc) 8.50e-05/2.75e-05 | cuda_peak(alloc/resv) 21.77/28.18GB | phase(train/val/raw/train_eval) 3.1/0.4/0.4/0.6s | 4.4s
2026-08-29 22:01:19 | New best val_f1_macro_present: raw=0.2317 stable_score=0.2317 at epoch 10
2026-08-29 22:01:22 | Epoch 011/060 | loss 2.8433 | cls 1.7930 | tal -0.1602 | dual_g 1.0983 | dual_d 1.0013 | train_acc 0.9293 | train_full n/a | val_acc 0.3462 | val_f1 0.2679 | adv/moduleC 0.33/0.88 | disc_steps 2 | grad(main/disc) 8.736/1.848 | lr(main/disc) 8.50e-05/2.75e-05 | cuda_peak(alloc/resv) 21.77/28.18GB | phase(train/val/raw/train_eval) 2.8/0.4/0.0/0.0s | 3.1s
2026-08-29 22:01:25 | Epoch 012/060 | loss 2.8198 | cls 1.6952 | tal -0.1582 | dual_g 1.1721 | dual_d 0.9229 | train_acc 0.9429 | train_full n/a | val_acc 0.3462 | val_f1 0.2679 | adv/moduleC 0.40/1.00 | disc_steps 2 | grad(main/disc) 10.154/1.755 | lr(main/disc) 8.50e-05/2.75e-05 | cuda_peak(alloc/resv) 21.77/28.18GB | phase(train/val/raw/train_eval) 3.3/0.4/0.0/0.0s | 3.7s
2026-08-29 22:01:29 | Epoch 013/060 | loss 2.6090 | cls 1.5615 | tal -0.1551 | dual_g 1.0939 | dual_d 0.9531 | train_acc 0.9565 | train_full n/a | val_acc 0.5000 | val_f1 0.5369 | adv/moduleC 0.47/1.00 | disc_steps 2 | grad(main/disc) 8.288/1.784 | lr(main/disc) 8.50e-05/2.75e-05 | cuda_peak(alloc/resv) 21.77/28.18GB | phase(train/val/raw/train_eval) 3.2/0.4/0.4/0.0s | 4.0s
2026-08-29 22:01:32 | New best val_f1_macro_present: raw=0.5369 stable_score=0.2679 at epoch 13
2026-08-29 22:01:35 | Epoch 014/060 | loss 2.5194 | cls 1.5080 | tal -0.1502 | dual_g 1.0565 | dual_d 1.0073 | train_acc 0.9728 | train_full n/a | val_acc 0.5769 | val_f1 0.6287 | adv/moduleC 0.53/1.00 | disc_steps 2 | grad(main/disc) 6.710/1.798 | lr(main/disc) 8.50e-05/2.75e-05 | cuda_peak(alloc/resv) 21.77/28.18GB | phase(train/val/raw/train_eval) 2.9/0.4/0.0/0.0s | 3.3s
2026-08-29 22:01:40 | Epoch 015/060 | loss 2.5571 | cls 1.5372 | tal -0.1748 | dual_g 1.0724 | dual_d 0.9188 | train_acc 0.9728 | train_full 0.6562 | val_acc 0.5385 | val_f1 0.5843 | adv/moduleC 0.60/1.00 | disc_steps 2 | grad(main/disc) 10.748/1.716 | lr(main/disc) 8.50e-05/2.75e-05 | cuda_peak(alloc/resv) 21.77/28.18GB | phase(train/val/raw/train_eval) 3.1/0.4/0.4/0.6s | 4.4s
2026-08-29 22:01:42 | New best val_f1_macro_present: raw=0.5843 stable_score=0.5369 at epoch 15
2026-08-29 22:01:46 | Epoch 016/060 | loss 2.4024 | cls 1.4514 | tal -0.1731 | dual_g 1.0030 | dual_d 0.9066 | train_acc 0.9864 | train_full n/a | val_acc 0.4615 | val_f1 0.4951 | adv/moduleC 0.67/1.00 | disc_steps 2 | grad(main/disc) 7.323/1.667 | lr(main/disc) 8.50e-05/2.75e-05 | cuda_peak(alloc/resv) 21.77/28.18GB | phase(train/val/raw/train_eval) 2.9/0.4/0.0/0.0s | 3.2s
2026-08-29 22:01:49 | Epoch 017/060 | loss 2.3489 | cls 1.4144 | tal -0.2101 | dual_g 0.9976 | dual_d 0.9047 | train_acc 0.9674 | train_full n/a | val_acc 0.6538 | val_f1 0.6606 | adv/moduleC 0.73/1.00 | disc_steps 2 | grad(main/disc) 7.125/1.657 | lr(main/disc) 8.50e-05/2.75e-05 | cuda_peak(alloc/resv) 21.77/28.18GB | phase(train/val/raw/train_eval) 3.4/0.4/0.0/0.0s | 3.8s
2026-08-29 22:01:53 | Epoch 018/060 | loss 2.3268 | cls 1.3968 | tal -0.1509 | dual_g 0.9752 | dual_d 0.9542 | train_acc 0.9918 | train_full n/a | val_acc 0.7692 | val_f1 0.7647 | adv/moduleC 0.80/1.00 | disc_steps 2 | grad(main/disc) 9.424/1.627 | lr(main/disc) 8.50e-05/2.75e-05 | cuda_peak(alloc/resv) 21.77/28.18GB | phase(train/val/raw/train_eval) 3.2/0.4/0.0/0.0s | 3.6s
2026-08-29 22:01:57 | Epoch 019/060 | loss 2.2801 | cls 1.3614 | tal -0.1714 | dual_g 0.9701 | dual_d 0.9721 | train_acc 0.9973 | train_full n/a | val_acc 0.9231 | val_f1 0.9370 | adv/moduleC 0.87/1.00 | disc_steps 2 | grad(main/disc) 6.733/1.699 | lr(main/disc) 8.50e-05/2.75e-05 | cuda_peak(alloc/resv) 21.77/28.18GB | phase(train/val/raw/train_eval) 3.1/0.4/0.4/0.0s | 3.8s
2026-08-29 22:01:59 | New best val_f1_macro_present: raw=0.9370 stable_score=0.6606 at epoch 19
2026-08-29 22:02:04 | Epoch 020/060 | loss 2.2870 | cls 1.3716 | tal -0.1701 | dual_g 0.9664 | dual_d 1.0164 | train_acc 0.9891 | train_full 0.8542 | val_acc 0.8077 | val_f1 0.8029 | adv/moduleC 0.93/1.00 | disc_steps 2 | grad(main/disc) 6.567/1.780 | lr(main/disc) 8.50e-05/2.75e-05 | cuda_peak(alloc/resv) 21.77/28.18GB | phase(train/val/raw/train_eval) 2.8/0.4/0.4/0.6s | 4.2s
2026-08-29 22:02:06 | New best val_f1_macro_present: raw=0.8029 stable_score=0.7647 at epoch 20
2026-08-29 22:02:10 | Epoch 021/060 | loss 2.2634 | cls 1.3612 | tal -0.1985 | dual_g 0.9617 | dual_d 0.9956 | train_acc 0.9946 | train_full n/a | val_acc 0.9231 | val_f1 0.9185 | adv/moduleC 1.00/1.00 | disc_steps 2 | grad(main/disc) 6.894/1.683 | lr(main/disc) 8.50e-05/2.75e-05 | cuda_peak(alloc/resv) 21.77/28.18GB | phase(train/val/raw/train_eval) 3.0/0.4/0.4/0.0s | 3.8s
2026-08-29 22:02:13 | New best val_f1_macro_present: raw=0.9185 stable_score=0.8029 at epoch 21
2026-08-29 22:02:16 | Epoch 022/060 | loss 2.2438 | cls 1.3518 | tal -0.2112 | dual_g 0.9553 | dual_d 1.0169 | train_acc 0.9891 | train_full n/a | val_acc 0.8077 | val_f1 0.8271 | adv/moduleC 1.00/1.00 | disc_steps 2 | grad(main/disc) 9.347/1.697 | lr(main/disc) 8.50e-05/2.75e-05 | cuda_peak(alloc/resv) 21.77/28.18GB | phase(train/val/raw/train_eval) 2.9/0.4/0.0/0.0s | 3.3s
2026-08-29 22:02:20 | Epoch 023/060 | loss 2.1967 | cls 1.3260 | tal -0.1713 | dual_g 0.9221 | dual_d 0.9798 | train_acc 1.0000 | train_full n/a | val_acc 0.9231 | val_f1 0.9370 | adv/moduleC 1.00/1.00 | disc_steps 2 | grad(main/disc) 5.965/1.607 | lr(main/disc) 8.50e-05/2.75e-05 | cuda_peak(alloc/resv) 21.77/28.18GB | phase(train/val/raw/train_eval) 3.0/0.4/0.4/0.0s | 3.8s
2026-08-29 22:02:22 | New best val_f1_macro_present: raw=0.9370 stable_score=0.8271 at epoch 23
2026-08-29 22:02:26 | Epoch 024/060 | loss 2.2411 | cls 1.3438 | tal -0.1732 | dual_g 0.9493 | dual_d 1.0104 | train_acc 0.9864 | train_full n/a | val_acc 0.9231 | val_f1 0.9185 | adv/moduleC 1.00/1.00 | disc_steps 2 | grad(main/disc) 7.858/1.649 | lr(main/disc) 8.50e-05/2.75e-05 | cuda_peak(alloc/resv) 21.77/28.18GB | phase(train/val/raw/train_eval) 3.0/0.4/0.0/0.0s | 3.3s
2026-08-29 22:02:30 | Epoch 025/060 | loss 2.1463 | cls 1.2905 | tal -0.1741 | dual_g 0.9080 | dual_d 1.0305 | train_acc 0.9946 | train_full 0.8958 | val_acc 0.8846 | val_f1 0.8852 | adv/moduleC 1.00/1.00 | disc_steps 2 | grad(main/disc) 5.139/1.634 | lr(main/disc) 8.50e-05/2.75e-05 | cuda_peak(alloc/resv) 21.77/28.18GB | phase(train/val/raw/train_eval) 2.9/0.4/0.4/0.6s | 4.2s
2026-08-29 22:02:33 | New best val_f1_macro_present: raw=0.8852 stable_score=0.8852 at epoch 25
2026-08-29 22:02:36 | Epoch 026/060 | loss 2.1530 | cls 1.3108 | tal -0.2067 | dual_g 0.9043 | dual_d 1.0245 | train_acc 0.9973 | train_full n/a | val_acc 0.8846 | val_f1 0.8731 | adv/moduleC 1.00/1.00 | disc_steps 2 | grad(main/disc) 4.615/1.674 | lr(main/disc) 8.50e-05/2.75e-05 | cuda_peak(alloc/resv) 21.77/28.18GB | phase(train/val/raw/train_eval) 3.3/0.4/0.0/0.0s | 3.6s
2026-08-29 22:02:40 | Epoch 027/060 | loss 2.1243 | cls 1.2744 | tal -0.1989 | dual_g 0.9096 | dual_d 1.0528 | train_acc 0.9973 | train_full n/a | val_acc 0.9231 | val_f1 0.9250 | adv/moduleC 1.00/1.00 | disc_steps 2 | grad(main/disc) 4.394/1.650 | lr(main/disc) 8.50e-05/2.75e-05 | cuda_peak(alloc/resv) 21.77/28.18GB | phase(train/val/raw/train_eval) 3.0/0.4/0.0/0.0s | 3.4s
2026-08-29 22:02:43 | Epoch 028/060 | loss 2.1181 | cls 1.2871 | tal -0.2182 | dual_g 0.8965 | dual_d 1.0841 | train_acc 0.9973 | train_full n/a | val_acc 0.8462 | val_f1 0.8499 | adv/moduleC 1.00/1.00 | disc_steps 2 | grad(main/disc) 4.253/1.623 | lr(main/disc) 8.50e-05/2.75e-05 | cuda_peak(alloc/resv) 21.77/28.18GB | phase(train/val/raw/train_eval) 3.1/0.4/0.0/0.0s | 3.5s
2026-08-29 22:02:47 | Epoch 029/060 | loss 2.1169 | cls 1.2904 | tal -0.2341 | dual_g 0.8967 | dual_d 1.0982 | train_acc 0.9918 | train_full n/a | val_acc 0.9231 | val_f1 0.9370 | adv/moduleC 1.00/1.00 | disc_steps 2 | grad(main/disc) 4.883/1.646 | lr(main/disc) 8.50e-05/2.75e-05 | cuda_peak(alloc/resv) 21.77/28.18GB | phase(train/val/raw/train_eval) 2.9/0.4/0.0/0.0s | 3.3s
2026-08-29 22:02:51 | Epoch 030/060 | loss 2.1347 | cls 1.2921 | tal -0.2085 | dual_g 0.9051 | dual_d 1.0980 | train_acc 0.9918 | train_full 0.9792 | val_acc 1.0000 | val_f1 1.0000 | adv/moduleC 1.00/1.00 | disc_steps 2 | grad(main/disc) 7.744/1.649 | lr(main/disc) 8.50e-05/2.75e-05 | cuda_peak(alloc/resv) 21.77/28.18GB | phase(train/val/raw/train_eval) 3.1/0.4/0.4/0.6s | 4.5s
2026-08-29 22:02:55 | Epoch 031/060 | loss 2.1028 | cls 1.2828 | tal -0.2138 | dual_g 0.8841 | dual_d 1.1272 | train_acc 0.9973 | train_full n/a | val_acc 0.9615 | val_f1 0.9630 | adv/moduleC 1.00/1.00 | disc_steps 2 | grad(main/disc) 4.358/1.726 | lr(main/disc) 8.50e-05/2.75e-05 | cuda_peak(alloc/resv) 21.77/28.18GB | phase(train/val/raw/train_eval) 2.9/0.4/0.4/0.0s | 3.6s
2026-08-29 22:02:57 | New best val_f1_macro_present: raw=0.9630 stable_score=0.9370 at epoch 31
2026-08-29 22:03:01 | Epoch 032/060 | loss 2.0720 | cls 1.2725 | tal -0.2659 | dual_g 0.8793 | dual_d 1.0925 | train_acc 0.9973 | train_full n/a | val_acc 1.0000 | val_f1 1.0000 | adv/moduleC 1.00/1.00 | disc_steps 2 | grad(main/disc) 4.388/1.571 | lr(main/disc) 8.50e-05/2.75e-05 | cuda_peak(alloc/resv) 21.77/28.18GB | phase(train/val/raw/train_eval) 2.8/0.4/0.4/0.0s | 3.6s
2026-08-29 22:03:03 | New best val_f1_macro_present: raw=1.0000 stable_score=0.9630 at epoch 32
2026-08-29 22:03:07 | Epoch 033/060 | loss 2.0702 | cls 1.2653 | tal -0.2462 | dual_g 0.8787 | dual_d 1.0791 | train_acc 1.0000 | train_full n/a | val_acc 0.9231 | val_f1 0.9111 | adv/moduleC 1.00/1.00 | disc_steps 2 | grad(main/disc) 3.491/1.598 | lr(main/disc) 8.50e-05/2.75e-05 | cuda_peak(alloc/resv) 21.77/28.18GB | phase(train/val/raw/train_eval) 3.1/0.4/0.0/0.0s | 3.4s
2026-08-29 22:03:10 | Epoch 034/060 | loss 2.0612 | cls 1.2600 | tal -0.2299 | dual_g 0.8701 | dual_d 1.1197 | train_acc 1.0000 | train_full n/a | val_acc 0.8462 | val_f1 0.8499 | adv/moduleC 1.00/1.00 | disc_steps 2 | grad(main/disc) 3.215/1.608 | lr(main/disc) 8.50e-05/2.75e-05 | cuda_peak(alloc/resv) 21.77/28.18GB | phase(train/val/raw/train_eval) 2.6/0.4/0.0/0.0s | 2.9s
2026-08-29 22:03:14 | Epoch 035/060 | loss 2.0541 | cls 1.2609 | tal -0.2537 | dual_g 0.8693 | dual_d 1.1310 | train_acc 0.9973 | train_full 0.9167 | val_acc 0.9231 | val_f1 0.9370 | adv/moduleC 1.00/1.00 | disc_steps 2 | grad(main/disc) 4.415/1.608 | lr(main/disc) 8.50e-05/2.75e-05 | cuda_peak(alloc/resv) 21.77/28.18GB | phase(train/val/raw/train_eval) 3.0/0.4/0.4/0.6s | 4.3s
2026-08-29 22:03:17 | Epoch 036/060 | loss 2.0830 | cls 1.2741 | tal -0.2596 | dual_g 0.8868 | dual_d 1.0821 | train_acc 0.9973 | train_full n/a | val_acc 1.0000 | val_f1 1.0000 | adv/moduleC 1.00/1.00 | disc_steps 2 | grad(main/disc) 4.682/1.542 | lr(main/disc) 8.50e-05/2.75e-05 | cuda_peak(alloc/resv) 21.77/28.18GB | phase(train/val/raw/train_eval) 2.8/0.4/0.0/0.0s | 3.2s
2026-08-29 22:03:21 | Epoch 037/060 | loss 2.0205 | cls 1.2434 | tal -0.2726 | dual_g 0.8589 | dual_d 1.1170 | train_acc 1.0000 | train_full n/a | val_acc 0.9615 | val_f1 0.9630 | adv/moduleC 1.00/1.00 | disc_steps 2 | grad(main/disc) 3.735/1.601 | lr(main/disc) 8.50e-05/2.75e-05 | cuda_peak(alloc/resv) 21.77/28.18GB | phase(train/val/raw/train_eval) 3.3/0.4/0.0/0.0s | 3.7s
2026-08-29 22:03:24 | Epoch 038/060 | loss 2.0198 | cls 1.2429 | tal -0.2610 | dual_g 0.8551 | dual_d 1.1521 | train_acc 1.0000 | train_full n/a | val_acc 0.8846 | val_f1 0.8910 | adv/moduleC 1.00/1.00 | disc_steps 2 | grad(main/disc) 2.806/1.625 | lr(main/disc) 8.50e-05/2.75e-05 | cuda_peak(alloc/resv) 21.77/28.18GB | phase(train/val/raw/train_eval) 3.0/0.4/0.0/0.0s | 3.4s
2026-08-29 22:03:28 | Epoch 039/060 | loss 2.0248 | cls 1.2513 | tal -0.2859 | dual_g 0.8593 | dual_d 1.1506 | train_acc 0.9973 | train_full n/a | val_acc 1.0000 | val_f1 1.0000 | adv/moduleC 1.00/1.00 | disc_steps 2 | grad(main/disc) 2.816/1.599 | lr(main/disc) 8.50e-05/2.75e-05 | cuda_peak(alloc/resv) 21.77/28.18GB | phase(train/val/raw/train_eval) 3.0/0.4/0.0/0.0s | 3.3s
2026-08-29 22:03:32 | Epoch 040/060 | loss 2.0187 | cls 1.2541 | tal -0.3056 | dual_g 0.8563 | dual_d 1.1529 | train_acc 0.9973 | train_full 0.9896 | val_acc 1.0000 | val_f1 1.0000 | adv/moduleC 1.00/1.00 | disc_steps 2 | grad(main/disc) 4.004/1.539 | lr(main/disc) 8.50e-05/2.75e-05 | cuda_peak(alloc/resv) 21.77/28.18GB | phase(train/val/raw/train_eval) 3.1/0.4/0.4/0.6s | 4.4s
2026-08-29 22:03:36 | Epoch 041/060 | loss 1.9918 | cls 1.2264 | tal -0.2768 | dual_g 0.8485 | dual_d 1.1752 | train_acc 1.0000 | train_full n/a | val_acc 1.0000 | val_f1 1.0000 | adv/moduleC 1.00/1.00 | disc_steps 2 | grad(main/disc) 2.336/1.617 | lr(main/disc) 8.50e-05/2.75e-05 | cuda_peak(alloc/resv) 21.77/28.18GB | phase(train/val/raw/train_eval) 2.8/0.4/0.4/0.0s | 3.6s
2026-08-29 22:03:38 | New best val_f1_macro_present: raw=1.0000 stable_score=1.0000 at epoch 41
2026-08-29 22:03:41 | Epoch 042/060 | loss 1.9887 | cls 1.2340 | tal -0.3053 | dual_g 0.8463 | dual_d 1.1336 | train_acc 0.9973 | train_full n/a | val_acc 0.9615 | val_f1 0.9481 | adv/moduleC 1.00/1.00 | disc_steps 2 | grad(main/disc) 2.199/1.565 | lr(main/disc) 8.50e-05/2.75e-05 | cuda_peak(alloc/resv) 21.77/28.18GB | phase(train/val/raw/train_eval) 2.9/0.4/0.0/0.0s | 3.2s
2026-08-29 22:03:45 | Epoch 043/060 | loss 1.9930 | cls 1.2391 | tal -0.3079 | dual_g 0.8463 | dual_d 1.1900 | train_acc 1.0000 | train_full n/a | val_acc 0.9615 | val_f1 0.9663 | adv/moduleC 1.00/1.00 | disc_steps 2 | grad(main/disc) 2.789/1.585 | lr(main/disc) 4.25e-05/1.38e-05 | cuda_peak(alloc/resv) 21.77/28.18GB | phase(train/val/raw/train_eval) 2.8/0.4/0.0/0.0s | 3.2s
2026-08-29 22:03:48 | Epoch 044/060 | loss 2.0024 | cls 1.2359 | tal -0.2926 | dual_g 0.8543 | dual_d 1.1750 | train_acc 1.0000 | train_full n/a | val_acc 0.9615 | val_f1 0.9630 | adv/moduleC 1.00/1.00 | disc_steps 2 | grad(main/disc) 2.715/1.593 | lr(main/disc) 4.25e-05/1.38e-05 | cuda_peak(alloc/resv) 21.77/28.18GB | phase(train/val/raw/train_eval) 2.7/0.4/0.0/0.0s | 3.1s
2026-08-29 22:03:52 | Epoch 045/060 | loss 1.9785 | cls 1.2274 | tal -0.3083 | dual_g 0.8436 | dual_d 1.1670 | train_acc 1.0000 | train_full 0.9896 | val_acc 0.9615 | val_f1 0.9630 | adv/moduleC 1.00/1.00 | disc_steps 2 | grad(main/disc) 2.088/1.516 | lr(main/disc) 4.25e-05/1.38e-05 | cuda_peak(alloc/resv) 21.77/28.18GB | phase(train/val/raw/train_eval) 3.2/0.4/0.4/0.6s | 4.5s
2026-08-29 22:03:56 | Epoch 046/060 | loss 1.9606 | cls 1.2186 | tal -0.2998 | dual_g 0.8320 | dual_d 1.2076 | train_acc 1.0000 | train_full n/a | val_acc 0.9615 | val_f1 0.9630 | adv/moduleC 1.00/1.00 | disc_steps 2 | grad(main/disc) 2.081/1.555 | lr(main/disc) 4.25e-05/1.38e-05 | cuda_peak(alloc/resv) 21.77/28.18GB | phase(train/val/raw/train_eval) 3.1/0.4/0.0/0.0s | 3.4s
2026-08-29 22:03:59 | Epoch 047/060 | loss 1.9662 | cls 1.2259 | tal -0.3284 | dual_g 0.8388 | dual_d 1.1945 | train_acc 0.9973 | train_full n/a | val_acc 0.9615 | val_f1 0.9630 | adv/moduleC 1.00/1.00 | disc_steps 2 | grad(main/disc) 2.191/1.573 | lr(main/disc) 4.25e-05/1.38e-05 | cuda_peak(alloc/resv) 21.77/28.18GB | phase(train/val/raw/train_eval) 3.0/0.4/0.0/0.0s | 3.4s
2026-08-29 22:04:02 | Epoch 048/060 | loss 1.9594 | cls 1.2244 | tal -0.3216 | dual_g 0.8315 | dual_d 1.1771 | train_acc 1.0000 | train_full n/a | val_acc 0.9615 | val_f1 0.9630 | adv/moduleC 1.00/1.00 | disc_steps 2 | grad(main/disc) 2.371/1.585 | lr(main/disc) 4.25e-05/1.38e-05 | cuda_peak(alloc/resv) 21.77/28.18GB | phase(train/val/raw/train_eval) 3.1/0.4/0.0/0.0s | 3.5s
2026-08-29 22:04:06 | Epoch 049/060 | loss 1.9695 | cls 1.2262 | tal -0.3182 | dual_g 0.8388 | dual_d 1.1861 | train_acc 0.9973 | train_full n/a | val_acc 1.0000 | val_f1 1.0000 | adv/moduleC 1.00/1.00 | disc_steps 2 | grad(main/disc) 2.138/1.539 | lr(main/disc) 4.25e-05/1.38e-05 | cuda_peak(alloc/resv) 21.77/28.18GB | phase(train/val/raw/train_eval) 2.9/0.4/0.0/0.0s | 3.3s
2026-08-29 22:04:10 | Epoch 050/060 | loss 1.9688 | cls 1.2300 | tal -0.3206 | dual_g 0.8350 | dual_d 1.2306 | train_acc 1.0000 | train_full 0.9792 | val_acc 0.9615 | val_f1 0.9630 | adv/moduleC 1.00/1.00 | disc_steps 2 | grad(main/disc) 2.312/1.591 | lr(main/disc) 4.25e-05/1.38e-05 | cuda_peak(alloc/resv) 21.77/28.18GB | phase(train/val/raw/train_eval) 2.9/0.4/0.4/0.6s | 4.2s
2026-08-29 22:04:13 | Epoch 051/060 | loss 1.9559 | cls 1.2236 | tal -0.3337 | dual_g 0.8324 | dual_d 1.1678 | train_acc 0.9973 | train_full n/a | val_acc 0.9615 | val_f1 0.9630 | adv/moduleC 1.00/1.00 | disc_steps 2 | grad(main/disc) 2.453/1.552 | lr(main/disc) 4.25e-05/1.38e-05 | cuda_peak(alloc/resv) 21.77/28.18GB | phase(train/val/raw/train_eval) 3.0/0.4/0.0/0.0s | 3.4s
2026-08-29 22:04:17 | Epoch 052/060 | loss 1.9530 | cls 1.2255 | tal -0.3547 | dual_g 0.8339 | dual_d 1.1777 | train_acc 0.9973 | train_full n/a | val_acc 0.9615 | val_f1 0.9630 | adv/moduleC 1.00/1.00 | disc_steps 2 | grad(main/disc) 2.265/1.574 | lr(main/disc) 4.25e-05/1.38e-05 | cuda_peak(alloc/resv) 21.77/28.18GB | phase(train/val/raw/train_eval) 2.9/0.4/0.0/0.0s | 3.3s
2026-08-29 22:04:20 | Epoch 053/060 | loss 1.9464 | cls 1.2148 | tal -0.3307 | dual_g 0.8308 | dual_d 1.2303 | train_acc 1.0000 | train_full n/a | val_acc 0.9615 | val_f1 0.9630 | adv/moduleC 1.00/1.00 | disc_steps 2 | grad(main/disc) 1.980/1.544 | lr(main/disc) 4.25e-05/1.38e-05 | cuda_peak(alloc/resv) 21.77/28.18GB | phase(train/val/raw/train_eval) 3.2/0.4/0.0/0.0s | 3.5s
2026-08-29 22:04:24 | Epoch 054/060 | loss 1.9542 | cls 1.2283 | tal -0.3262 | dual_g 0.8238 | dual_d 1.1874 | train_acc 1.0000 | train_full n/a | val_acc 0.9615 | val_f1 0.9630 | adv/moduleC 1.00/1.00 | disc_steps 2 | grad(main/disc) 2.101/1.561 | lr(main/disc) 4.25e-05/1.38e-05 | cuda_peak(alloc/resv) 21.77/28.18GB | phase(train/val/raw/train_eval) 3.0/0.4/0.0/0.0s | 3.4s
2026-08-29 22:04:28 | Epoch 055/060 | loss 1.9477 | cls 1.2211 | tal -0.3334 | dual_g 0.8266 | dual_d 1.1818 | train_acc 1.0000 | train_full 1.0000 | val_acc 1.0000 | val_f1 1.0000 | adv/moduleC 1.00/1.00 | disc_steps 2 | grad(main/disc) 2.116/1.564 | lr(main/disc) 4.25e-05/1.38e-05 | cuda_peak(alloc/resv) 21.77/28.18GB | phase(train/val/raw/train_eval) 3.2/0.4/0.4/0.6s | 4.5s
2026-08-29 22:04:32 | Epoch 056/060 | loss 1.9794 | cls 1.2377 | tal -0.2901 | dual_g 0.8287 | dual_d 1.2001 | train_acc 0.9946 | train_full n/a | val_acc 1.0000 | val_f1 1.0000 | adv/moduleC 1.00/1.00 | disc_steps 2 | grad(main/disc) 2.902/1.578 | lr(main/disc) 2.13e-05/6.88e-06 | cuda_peak(alloc/resv) 21.77/28.18GB | phase(train/val/raw/train_eval) 3.6/0.4/0.0/0.0s | 4.0s
2026-08-29 22:04:36 | Epoch 057/060 | loss 1.9365 | cls 1.2199 | tal -0.3469 | dual_g 0.8206 | dual_d 1.1680 | train_acc 1.0000 | train_full n/a | val_acc 1.0000 | val_f1 1.0000 | adv/moduleC 1.00/1.00 | disc_steps 2 | grad(main/disc) 2.127/1.530 | lr(main/disc) 2.13e-05/6.88e-06 | cuda_peak(alloc/resv) 21.77/28.18GB | phase(train/val/raw/train_eval) 3.3/0.4/0.0/0.0s | 3.7s
2026-08-29 22:04:39 | Epoch 058/060 | loss 1.9453 | cls 1.2196 | tal -0.3272 | dual_g 0.8238 | dual_d 1.1966 | train_acc 1.0000 | train_full n/a | val_acc 1.0000 | val_f1 1.0000 | adv/moduleC 1.00/1.00 | disc_steps 2 | grad(main/disc) 1.838/1.557 | lr(main/disc) 2.13e-05/6.88e-06 | cuda_peak(alloc/resv) 21.77/28.18GB | phase(train/val/raw/train_eval) 2.5/0.4/0.0/0.0s | 2.8s
2026-08-29 22:04:42 | Epoch 059/060 | loss 1.9406 | cls 1.2110 | tal -0.3170 | dual_g 0.8247 | dual_d 1.2204 | train_acc 1.0000 | train_full n/a | val_acc 1.0000 | val_f1 1.0000 | adv/moduleC 1.00/1.00 | disc_steps 2 | grad(main/disc) 1.699/1.577 | lr(main/disc) 2.13e-05/6.88e-06 | cuda_peak(alloc/resv) 21.77/28.18GB | phase(train/val/raw/train_eval) 3.0/0.4/0.0/0.0s | 3.4s
2026-08-29 22:04:46 | Epoch 060/060 | loss 1.9340 | cls 1.2191 | tal -0.3665 | dual_g 0.8249 | dual_d 1.1733 | train_acc 1.0000 | train_full 1.0000 | val_acc 1.0000 | val_f1 1.0000 | adv/moduleC 1.00/1.00 | disc_steps 2 | grad(main/disc) 2.249/1.528 | lr(main/disc) 2.13e-05/6.88e-06 | cuda_peak(alloc/resv) 21.77/28.18GB | phase(train/val/raw/train_eval) 3.0/0.4/0.4/0.6s | 4.4s
2026-08-29 22:04:46 | Training complete. Peak validation accuracy: 1.0000 | selected val_f1_macro_present: 1.0000
2026-08-29 22:04:46 | Starting Dual_D standalone training
2026-08-29 22:04:46 | Run directory: runs/module_c_ablation_60_v8/module_c_20260829_205331/module_c_no_cycle_雨天_20260829_213218
2026-08-29 22:04:46 | Device: cuda
2026-08-29 22:04:46 | Source train samples: 992
2026-08-29 22:04:46 | Target train samples: 96
2026-08-29 22:04:46 | Target val samples: 26
2026-08-29 22:04:46 | Classes: 14
2026-08-29 22:04:46 | Data audit: same_dir=False | path_overlap(vis/ir/ais)=0/0/0 | content_overlap(vis/ir/ais)=0/0/0 | ais_index_overlap=0 | stem_mismatch(vis-ir/vis-ais)=117/0
2026-08-29 22:04:46 | source_train classes: present 14/14 | absent 0 | counts [0:120, 1:44, 2:69, 3:45, 4:40, 5:30, 6:64, 7:80, 8:116, 9:68, 10:57, 11:83, 12:48, 13:128]
2026-08-29 22:04:46 | target_train classes: present 6/14 | absent 8 | counts [0:7, 2:19, 9:32, 10:12, 11:6, 13:20]
2026-08-29 22:04:46 | target_val classes: present 6/14 | absent 8 | counts [0:2, 2:5, 9:8, 10:4, 11:2, 13:5]
2026-08-29 22:04:46 | Paired training classes: 6/14 | class ids [0, 2, 9, 10, 11, 13]
2026-08-29 22:04:46 | Runtime profile: batch=92 | paired_steps=4 | workers=16 | train_eval_every=5 | raw_eval_every=5 | stability_window=3 | lr_scheduler_start=28 | early_stop=20 after min_epoch=50
2026-08-29 22:04:46 | VIS/IR pairing: class-level-unpaired | count-mismatch classes train/val: 10/0 | AIS alignment: none | AIS rows train/val: 0/0
2026-08-29 22:04:47 | Effective Dual-D loss weights: {"adv_auxiliary": 0.02, "adv_primary": 0.02, "classification": 0.6, "contrastive": 0.025, "cycle": 0.0, "identity": 0.025, "prototype_contrastive": 0.03}
2026-08-29 22:04:47 | Model parameters: total=17277714 | trainable=17120210
Starting run 8/9: domain=雨天, iteration=2, seed=49
2026-08-29 22:04:52 | Epoch 001/060 | loss 5.5973 | cls 5.6846 | tal -0.2912 | dual_g 0.0000 | dual_d 0.0000 | train_acc 0.1277 | train_full 0.0938 | val_acc 0.1154 | val_f1 0.1378 | adv/moduleC 0.00/0.00 | disc_steps 0 | grad(main/disc) 16.943/0.000 | lr(main/disc) 8.50e-05/2.75e-05 | cuda_peak(alloc/resv) 21.77/28.18GB | phase(train/val/raw/train_eval) 3.7/0.4/0.4/0.6s | 5.1s
2026-08-29 22:04:55 | Epoch 002/060 | loss 4.4404 | cls 4.4849 | tal -0.1484 | dual_g 0.0000 | dual_d 0.0000 | train_acc 0.2636 | train_full n/a | val_acc 0.2308 | val_f1 0.1241 | adv/moduleC 0.00/0.00 | disc_steps 0 | grad(main/disc) 13.706/0.000 | lr(main/disc) 8.50e-05/2.75e-05 | cuda_peak(alloc/resv) 21.77/28.18GB | phase(train/val/raw/train_eval) 2.7/0.4/0.0/0.0s | 3.1s
2026-08-29 22:05:00 | Epoch 003/060 | loss 3.6500 | cls 3.6664 | tal -0.0548 | dual_g 0.0000 | dual_d 0.0000 | train_acc 0.4484 | train_full n/a | val_acc 0.1923 | val_f1 0.0595 | adv/moduleC 0.00/0.00 | disc_steps 0 | grad(main/disc) 11.662/0.000 | lr(main/disc) 8.50e-05/2.75e-05 | cuda_peak(alloc/resv) 21.77/28.18GB | phase(train/val/raw/train_eval) 3.3/0.4/0.4/0.0s | 4.1s
2026-08-29 22:05:02 | New best val_f1_macro_present: raw=0.0595 stable_score=0.0595 at epoch 3
2026-08-29 22:05:05 | Epoch 004/060 | loss 3.2656 | cls 3.3066 | tal -0.1368 | dual_g 0.0000 | dual_d 0.0000 | train_acc 0.5353 | train_full n/a | val_acc 0.1923 | val_f1 0.0538 | adv/moduleC 0.00/0.00 | disc_steps 0 | grad(main/disc) 10.678/0.000 | lr(main/disc) 8.50e-05/2.75e-05 | cuda_peak(alloc/resv) 21.77/28.18GB | phase(train/val/raw/train_eval) 2.8/0.4/0.0/0.0s | 3.2s
2026-08-29 22:05:10 | Epoch 005/060 | loss 2.9366 | cls 2.7433 | tal -0.1588 | dual_g 0.2409 | dual_d 0.0000 | train_acc 0.6495 | train_full 0.2396 | val_acc 0.1923 | val_f1 0.0556 | adv/moduleC 0.00/0.12 | disc_steps 0 | grad(main/disc) 9.151/0.000 | lr(main/disc) 8.50e-05/2.75e-05 | cuda_peak(alloc/resv) 21.77/28.18GB | phase(train/val/raw/train_eval) 3.0/0.4/0.4/0.6s | 4.3s
2026-08-29 22:05:13 | Epoch 006/060 | loss 2.9891 | cls 2.5943 | tal -0.1788 | dual_g 0.4484 | dual_d 0.0000 | train_acc 0.7310 | train_full n/a | val_acc 0.1923 | val_f1 0.0595 | adv/moduleC 0.00/0.25 | disc_steps 0 | grad(main/disc) 9.054/0.000 | lr(main/disc) 8.50e-05/2.75e-05 | cuda_peak(alloc/resv) 21.77/28.18GB | phase(train/val/raw/train_eval) 3.1/0.4/0.0/0.0s | 3.5s
2026-08-29 22:05:16 | Epoch 007/060 | loss 3.0177 | cls 2.4329 | tal -0.1004 | dual_g 0.6149 | dual_d 0.8114 | train_acc 0.7174 | train_full n/a | val_acc 0.3846 | val_f1 0.2500 | adv/moduleC 0.07/0.38 | disc_steps 2 | grad(main/disc) 9.194/1.536 | lr(main/disc) 8.50e-05/2.75e-05 | cuda_peak(alloc/resv) 21.77/28.18GB | phase(train/val/raw/train_eval) 2.9/0.4/0.0/0.0s | 3.2s
2026-08-29 22:05:19 | Epoch 008/060 | loss 2.9919 | cls 2.2215 | tal -0.0371 | dual_g 0.7814 | dual_d 0.8134 | train_acc 0.7935 | train_full n/a | val_acc 0.3846 | val_f1 0.2980 | adv/moduleC 0.13/0.50 | disc_steps 2 | grad(main/disc) 8.984/1.530 | lr(main/disc) 8.50e-05/2.75e-05 | cuda_peak(alloc/resv) 21.77/28.18GB | phase(train/val/raw/train_eval) 2.7/0.4/0.0/0.0s | 3.1s
2026-08-29 22:05:23 | Epoch 009/060 | loss 2.9263 | cls 2.0613 | tal -0.1133 | dual_g 0.8990 | dual_d 0.7837 | train_acc 0.8424 | train_full n/a | val_acc 0.4615 | val_f1 0.4101 | adv/moduleC 0.20/0.62 | disc_steps 2 | grad(main/disc) 8.828/1.471 | lr(main/disc) 8.50e-05/2.75e-05 | cuda_peak(alloc/resv) 21.77/28.18GB | phase(train/val/raw/train_eval) 3.2/0.4/0.4/0.0s | 3.9s
2026-08-29 22:05:26 | New best val_f1_macro_present: raw=0.4101 stable_score=0.2500 at epoch 9
2026-08-29 22:05:30 | Epoch 010/060 | loss 2.8105 | cls 1.8919 | tal -0.1320 | dual_g 0.9582 | dual_d 0.8089 | train_acc 0.9239 | train_full 0.4479 | val_acc 0.4231 | val_f1 0.3571 | adv/moduleC 0.27/0.75 | disc_steps 2 | grad(main/disc) 8.936/1.424 | lr(main/disc) 8.50e-05/2.75e-05 | cuda_peak(alloc/resv) 21.77/28.18GB | phase(train/val/raw/train_eval) 2.7/0.4/0.4/0.6s | 4.1s
2026-08-29 22:05:33 | New best val_f1_macro_present: raw=0.3571 stable_score=0.2980 at epoch 10
2026-08-29 22:05:37 | Epoch 011/060 | loss 2.8244 | cls 1.7845 | tal -0.1512 | dual_g 1.0853 | dual_d 0.7839 | train_acc 0.9266 | train_full n/a | val_acc 0.5769 | val_f1 0.5146 | adv/moduleC 0.33/0.88 | disc_steps 2 | grad(main/disc) 10.087/1.398 | lr(main/disc) 8.50e-05/2.75e-05 | cuda_peak(alloc/resv) 21.77/28.18GB | phase(train/val/raw/train_eval) 3.0/0.4/0.4/0.0s | 3.7s
2026-08-29 22:05:39 | New best val_f1_macro_present: raw=0.5146 stable_score=0.3571 at epoch 11
2026-08-29 22:05:43 | Epoch 012/060 | loss 2.8464 | cls 1.7084 | tal -0.1774 | dual_g 1.1913 | dual_d 0.7699 | train_acc 0.9348 | train_full n/a | val_acc 0.6538 | val_f1 0.7207 | adv/moduleC 0.40/1.00 | disc_steps 2 | grad(main/disc) 8.829/1.324 | lr(main/disc) 8.50e-05/2.75e-05 | cuda_peak(alloc/resv) 21.77/28.18GB | phase(train/val/raw/train_eval) 3.1/0.4/0.0/0.0s | 3.5s
2026-08-29 22:05:47 | Epoch 013/060 | loss 2.6800 | cls 1.6004 | tal -0.1025 | dual_g 1.1104 | dual_d 0.7829 | train_acc 0.9647 | train_full n/a | val_acc 0.5769 | val_f1 0.5354 | adv/moduleC 0.47/1.00 | disc_steps 2 | grad(main/disc) 11.152/1.343 | lr(main/disc) 8.50e-05/2.75e-05 | cuda_peak(alloc/resv) 21.77/28.18GB | phase(train/val/raw/train_eval) 3.2/0.4/0.4/0.0s | 3.9s
2026-08-29 22:05:49 | New best val_f1_macro_present: raw=0.5354 stable_score=0.5146 at epoch 13
2026-08-29 22:05:53 | Epoch 014/060 | loss 2.6173 | cls 1.5705 | tal -0.0967 | dual_g 1.0758 | dual_d 0.7661 | train_acc 0.9701 | train_full n/a | val_acc 0.6538 | val_f1 0.7170 | adv/moduleC 0.53/1.00 | disc_steps 2 | grad(main/disc) 9.322/1.288 | lr(main/disc) 8.50e-05/2.75e-05 | cuda_peak(alloc/resv) 21.77/28.18GB | phase(train/val/raw/train_eval) 3.0/0.4/0.4/0.0s | 3.8s
2026-08-29 22:05:56 | New best val_f1_macro_present: raw=0.7170 stable_score=0.5354 at epoch 14
2026-08-29 22:06:00 | Epoch 015/060 | loss 2.5050 | cls 1.4772 | tal -0.0768 | dual_g 1.0509 | dual_d 0.7991 | train_acc 0.9810 | train_full 0.7292 | val_acc 0.6154 | val_f1 0.6601 | adv/moduleC 0.60/1.00 | disc_steps 2 | grad(main/disc) 8.763/1.297 | lr(main/disc) 8.50e-05/2.75e-05 | cuda_peak(alloc/resv) 21.77/28.18GB | phase(train/val/raw/train_eval) 3.1/0.4/0.4/0.6s | 4.5s
2026-08-29 22:06:04 | Epoch 016/060 | loss 2.5164 | cls 1.5017 | tal -0.0922 | dual_g 1.0424 | dual_d 0.7925 | train_acc 0.9755 | train_full n/a | val_acc 0.7692 | val_f1 0.8161 | adv/moduleC 0.67/1.00 | disc_steps 2 | grad(main/disc) 9.701/1.301 | lr(main/disc) 8.50e-05/2.75e-05 | cuda_peak(alloc/resv) 21.77/28.18GB | phase(train/val/raw/train_eval) 2.7/0.4/0.4/0.0s | 3.5s
2026-08-29 22:06:06 | New best val_f1_macro_present: raw=0.8161 stable_score=0.6601 at epoch 16
2026-08-29 22:06:10 | Epoch 017/060 | loss 2.3577 | cls 1.4329 | tal -0.1193 | dual_g 0.9606 | dual_d 0.7667 | train_acc 0.9864 | train_full n/a | val_acc 0.8462 | val_f1 0.8626 | adv/moduleC 0.73/1.00 | disc_steps 2 | grad(main/disc) 6.712/1.278 | lr(main/disc) 8.50e-05/2.75e-05 | cuda_peak(alloc/resv) 21.77/28.18GB | phase(train/val/raw/train_eval) 3.0/0.4/0.0/0.0s | 3.3s
2026-08-29 22:06:13 | Epoch 018/060 | loss 2.3673 | cls 1.4231 | tal -0.0817 | dual_g 0.9688 | dual_d 0.8148 | train_acc 0.9891 | train_full n/a | val_acc 0.8846 | val_f1 0.9192 | adv/moduleC 0.80/1.00 | disc_steps 2 | grad(main/disc) 9.550/1.316 | lr(main/disc) 8.50e-05/2.75e-05 | cuda_peak(alloc/resv) 21.77/28.18GB | phase(train/val/raw/train_eval) 2.8/0.4/0.4/0.0s | 3.6s
2026-08-29 22:06:16 | New best val_f1_macro_present: raw=0.9192 stable_score=0.8161 at epoch 18
2026-08-29 22:06:20 | Epoch 019/060 | loss 2.3604 | cls 1.4033 | tal -0.0757 | dual_g 0.9798 | dual_d 0.7660 | train_acc 1.0000 | train_full n/a | val_acc 0.8462 | val_f1 0.8712 | adv/moduleC 0.87/1.00 | disc_steps 2 | grad(main/disc) 9.046/1.236 | lr(main/disc) 8.50e-05/2.75e-05 | cuda_peak(alloc/resv) 21.77/28.18GB | phase(train/val/raw/train_eval) 2.8/0.4/0.4/0.0s | 3.5s
2026-08-29 22:06:22 | New best val_f1_macro_present: raw=0.8712 stable_score=0.8626 at epoch 19
2026-08-29 22:06:26 | Epoch 020/060 | loss 2.3174 | cls 1.3804 | tal -0.0986 | dual_g 0.9667 | dual_d 0.8008 | train_acc 0.9837 | train_full 0.8646 | val_acc 0.8462 | val_f1 0.8712 | adv/moduleC 0.93/1.00 | disc_steps 2 | grad(main/disc) 8.191/1.279 | lr(main/disc) 8.50e-05/2.75e-05 | cuda_peak(alloc/resv) 21.77/28.18GB | phase(train/val/raw/train_eval) 2.8/0.4/0.4/0.6s | 4.1s
2026-08-29 22:06:29 | New best val_f1_macro_present: raw=0.8712 stable_score=0.8712 at epoch 20
2026-08-29 22:06:32 | Epoch 021/060 | loss 2.2877 | cls 1.3655 | tal -0.0779 | dual_g 0.9455 | dual_d 0.7816 | train_acc 0.9918 | train_full n/a | val_acc 0.7308 | val_f1 0.7535 | adv/moduleC 1.00/1.00 | disc_steps 2 | grad(main/disc) 6.863/1.321 | lr(main/disc) 8.50e-05/2.75e-05 | cuda_peak(alloc/resv) 21.77/28.18GB | phase(train/val/raw/train_eval) 2.9/0.4/0.0/0.0s | 3.3s
2026-08-29 22:06:36 | Epoch 022/060 | loss 2.2578 | cls 1.3383 | tal -0.0936 | dual_g 0.9476 | dual_d 0.8259 | train_acc 0.9973 | train_full n/a | val_acc 1.0000 | val_f1 1.0000 | adv/moduleC 1.00/1.00 | disc_steps 2 | grad(main/disc) 6.631/1.298 | lr(main/disc) 8.50e-05/2.75e-05 | cuda_peak(alloc/resv) 21.77/28.18GB | phase(train/val/raw/train_eval) 3.0/0.4/0.0/0.0s | 3.4s
2026-08-29 22:06:39 | Epoch 023/060 | loss 2.3115 | cls 1.3713 | tal -0.1043 | dual_g 0.9715 | dual_d 0.8143 | train_acc 0.9837 | train_full n/a | val_acc 0.9231 | val_f1 0.9425 | adv/moduleC 1.00/1.00 | disc_steps 2 | grad(main/disc) 9.001/1.278 | lr(main/disc) 8.50e-05/2.75e-05 | cuda_peak(alloc/resv) 21.77/28.18GB | phase(train/val/raw/train_eval) 3.1/0.4/0.0/0.0s | 3.5s
2026-08-29 22:06:43 | Epoch 024/060 | loss 2.2195 | cls 1.3191 | tal -0.1187 | dual_g 0.9361 | dual_d 0.8587 | train_acc 0.9973 | train_full n/a | val_acc 1.0000 | val_f1 1.0000 | adv/moduleC 1.00/1.00 | disc_steps 2 | grad(main/disc) 5.574/1.358 | lr(main/disc) 8.50e-05/2.75e-05 | cuda_peak(alloc/resv) 21.77/28.18GB | phase(train/val/raw/train_eval) 3.0/0.4/0.4/0.0s | 3.7s
2026-08-29 22:06:45 | New best val_f1_macro_present: raw=1.0000 stable_score=0.9425 at epoch 24
2026-08-29 22:06:50 | Epoch 025/060 | loss 2.1938 | cls 1.3298 | tal -0.1744 | dual_g 0.9163 | dual_d 0.8142 | train_acc 0.9946 | train_full 0.9583 | val_acc 1.0000 | val_f1 1.0000 | adv/moduleC 1.00/1.00 | disc_steps 2 | grad(main/disc) 5.317/1.317 | lr(main/disc) 8.50e-05/2.75e-05 | cuda_peak(alloc/resv) 21.77/28.18GB | phase(train/val/raw/train_eval) 3.1/0.4/0.4/0.6s | 4.4s
2026-08-29 22:06:54 | Epoch 026/060 | loss 2.1771 | cls 1.3147 | tal -0.1378 | dual_g 0.9038 | dual_d 0.8857 | train_acc 0.9918 | train_full n/a | val_acc 1.0000 | val_f1 1.0000 | adv/moduleC 1.00/1.00 | disc_steps 2 | grad(main/disc) 4.312/1.415 | lr(main/disc) 8.50e-05/2.75e-05 | cuda_peak(alloc/resv) 21.77/28.18GB | phase(train/val/raw/train_eval) 3.0/0.4/0.4/0.0s | 3.8s
2026-08-29 22:06:56 | New best val_f1_macro_present: raw=1.0000 stable_score=1.0000 at epoch 26
2026-08-29 22:06:59 | Epoch 027/060 | loss 2.1900 | cls 1.3120 | tal -0.1036 | dual_g 0.9091 | dual_d 0.8310 | train_acc 0.9946 | train_full n/a | val_acc 1.0000 | val_f1 1.0000 | adv/moduleC 1.00/1.00 | disc_steps 2 | grad(main/disc) 5.503/1.327 | lr(main/disc) 8.50e-05/2.75e-05 | cuda_peak(alloc/resv) 21.77/28.18GB | phase(train/val/raw/train_eval) 2.9/0.4/0.0/0.0s | 3.3s
2026-08-29 22:07:03 | Epoch 028/060 | loss 2.1777 | cls 1.3060 | tal -0.0871 | dual_g 0.8978 | dual_d 0.8270 | train_acc 0.9973 | train_full n/a | val_acc 1.0000 | val_f1 1.0000 | adv/moduleC 1.00/1.00 | disc_steps 2 | grad(main/disc) 4.733/1.328 | lr(main/disc) 8.50e-05/2.75e-05 | cuda_peak(alloc/resv) 21.77/28.18GB | phase(train/val/raw/train_eval) 3.0/0.4/0.0/0.0s | 3.3s
2026-08-29 22:07:06 | Epoch 029/060 | loss 2.1909 | cls 1.3149 | tal -0.0796 | dual_g 0.8999 | dual_d 0.8993 | train_acc 0.9946 | train_full n/a | val_acc 1.0000 | val_f1 1.0000 | adv/moduleC 1.00/1.00 | disc_steps 2 | grad(main/disc) 5.046/1.378 | lr(main/disc) 8.50e-05/2.75e-05 | cuda_peak(alloc/resv) 21.77/28.18GB | phase(train/val/raw/train_eval) 2.9/0.4/0.0/0.0s | 3.3s
2026-08-29 22:07:11 | Epoch 030/060 | loss 2.1648 | cls 1.3051 | tal -0.0969 | dual_g 0.8887 | dual_d 0.9108 | train_acc 0.9973 | train_full 0.9479 | val_acc 1.0000 | val_f1 1.0000 | adv/moduleC 1.00/1.00 | disc_steps 2 | grad(main/disc) 5.879/1.358 | lr(main/disc) 8.50e-05/2.75e-05 | cuda_peak(alloc/resv) 21.77/28.18GB | phase(train/val/raw/train_eval) 3.2/0.4/0.4/0.6s | 4.5s
2026-08-29 22:07:14 | Epoch 031/060 | loss 2.1585 | cls 1.3046 | tal -0.1154 | dual_g 0.8885 | dual_d 0.9042 | train_acc 0.9946 | train_full n/a | val_acc 1.0000 | val_f1 1.0000 | adv/moduleC 1.00/1.00 | disc_steps 2 | grad(main/disc) 5.632/1.409 | lr(main/disc) 8.50e-05/2.75e-05 | cuda_peak(alloc/resv) 21.77/28.18GB | phase(train/val/raw/train_eval) 3.0/0.4/0.0/0.0s | 3.4s
2026-08-29 22:07:17 | Epoch 032/060 | loss 2.1398 | cls 1.3026 | tal -0.1345 | dual_g 0.8775 | dual_d 0.9283 | train_acc 0.9891 | train_full n/a | val_acc 1.0000 | val_f1 1.0000 | adv/moduleC 1.00/1.00 | disc_steps 2 | grad(main/disc) 4.408/1.407 | lr(main/disc) 8.50e-05/2.75e-05 | cuda_peak(alloc/resv) 21.77/28.18GB | phase(train/val/raw/train_eval) 3.1/0.4/0.0/0.0s | 3.5s
2026-08-29 22:07:21 | Epoch 033/060 | loss 2.1242 | cls 1.2742 | tal -0.0644 | dual_g 0.8693 | dual_d 0.9601 | train_acc 1.0000 | train_full n/a | val_acc 1.0000 | val_f1 1.0000 | adv/moduleC 1.00/1.00 | disc_steps 2 | grad(main/disc) 3.207/1.426 | lr(main/disc) 8.50e-05/2.75e-05 | cuda_peak(alloc/resv) 21.77/28.18GB | phase(train/val/raw/train_eval) 2.8/0.4/0.0/0.0s | 3.2s
2026-08-29 22:07:24 | Epoch 034/060 | loss 2.1357 | cls 1.2833 | tal -0.0810 | dual_g 0.8767 | dual_d 0.9430 | train_acc 0.9946 | train_full n/a | val_acc 1.0000 | val_f1 1.0000 | adv/moduleC 1.00/1.00 | disc_steps 2 | grad(main/disc) 3.988/1.376 | lr(main/disc) 8.50e-05/2.75e-05 | cuda_peak(alloc/resv) 21.77/28.18GB | phase(train/val/raw/train_eval) 3.2/0.4/0.0/0.0s | 3.6s
2026-08-29 22:07:28 | Epoch 035/060 | loss 2.1188 | cls 1.2707 | tal -0.0569 | dual_g 0.8652 | dual_d 0.9109 | train_acc 1.0000 | train_full 0.9792 | val_acc 1.0000 | val_f1 1.0000 | adv/moduleC 1.00/1.00 | disc_steps 2 | grad(main/disc) 3.229/1.356 | lr(main/disc) 8.50e-05/2.75e-05 | cuda_peak(alloc/resv) 21.77/28.18GB | phase(train/val/raw/train_eval) 2.8/0.4/0.4/0.6s | 4.1s
2026-08-29 22:07:32 | Epoch 036/060 | loss 2.0985 | cls 1.2670 | tal -0.0866 | dual_g 0.8575 | dual_d 0.9597 | train_acc 0.9973 | train_full n/a | val_acc 1.0000 | val_f1 1.0000 | adv/moduleC 1.00/1.00 | disc_steps 2 | grad(main/disc) 3.794/1.413 | lr(main/disc) 8.50e-05/2.75e-05 | cuda_peak(alloc/resv) 21.77/28.18GB | phase(train/val/raw/train_eval) 3.3/0.4/0.0/0.0s | 3.6s
2026-08-29 22:07:36 | Epoch 037/060 | loss 2.0883 | cls 1.2604 | tal -0.0978 | dual_g 0.8572 | dual_d 0.9870 | train_acc 1.0000 | train_full n/a | val_acc 1.0000 | val_f1 1.0000 | adv/moduleC 1.00/1.00 | disc_steps 2 | grad(main/disc) 2.960/1.445 | lr(main/disc) 8.50e-05/2.75e-05 | cuda_peak(alloc/resv) 21.77/28.18GB | phase(train/val/raw/train_eval) 3.2/0.4/0.0/0.0s | 3.6s
2026-08-29 22:07:39 | Epoch 038/060 | loss 2.1086 | cls 1.2715 | tal -0.0752 | dual_g 0.8597 | dual_d 0.9325 | train_acc 0.9973 | train_full n/a | val_acc 1.0000 | val_f1 1.0000 | adv/moduleC 1.00/1.00 | disc_steps 2 | grad(main/disc) 4.812/1.352 | lr(main/disc) 8.50e-05/2.75e-05 | cuda_peak(alloc/resv) 21.77/28.18GB | phase(train/val/raw/train_eval) 3.2/0.4/0.0/0.0s | 3.5s
2026-08-29 22:07:43 | Epoch 039/060 | loss 2.0826 | cls 1.2575 | tal -0.0983 | dual_g 0.8546 | dual_d 1.0115 | train_acc 0.9973 | train_full n/a | val_acc 1.0000 | val_f1 1.0000 | adv/moduleC 1.00/1.00 | disc_steps 2 | grad(main/disc) 3.383/1.414 | lr(main/disc) 8.50e-05/2.75e-05 | cuda_peak(alloc/resv) 21.77/28.18GB | phase(train/val/raw/train_eval) 3.0/0.4/0.0/0.0s | 3.4s
2026-08-29 22:07:47 | Epoch 040/060 | loss 2.0499 | cls 1.2397 | tal -0.1370 | dual_g 0.8513 | dual_d 0.9921 | train_acc 1.0000 | train_full 0.9896 | val_acc 1.0000 | val_f1 1.0000 | adv/moduleC 1.00/1.00 | disc_steps 2 | grad(main/disc) 2.887/1.405 | lr(main/disc) 8.50e-05/2.75e-05 | cuda_peak(alloc/resv) 21.77/28.18GB | phase(train/val/raw/train_eval) 3.3/0.4/0.4/0.6s | 4.7s
2026-08-29 22:07:50 | Epoch 041/060 | loss 2.0553 | cls 1.2374 | tal -0.1224 | dual_g 0.8546 | dual_d 0.9773 | train_acc 1.0000 | train_full n/a | val_acc 1.0000 | val_f1 1.0000 | adv/moduleC 1.00/1.00 | disc_steps 2 | grad(main/disc) 2.382/1.369 | lr(main/disc) 4.25e-05/1.38e-05 | cuda_peak(alloc/resv) 21.77/28.18GB | phase(train/val/raw/train_eval) 2.8/0.4/0.0/0.0s | 3.2s
2026-08-29 22:07:54 | Epoch 042/060 | loss 2.0523 | cls 1.2457 | tal -0.1170 | dual_g 0.8416 | dual_d 0.9757 | train_acc 0.9946 | train_full n/a | val_acc 1.0000 | val_f1 1.0000 | adv/moduleC 1.00/1.00 | disc_steps 2 | grad(main/disc) 2.833/1.408 | lr(main/disc) 4.25e-05/1.38e-05 | cuda_peak(alloc/resv) 21.77/28.18GB | phase(train/val/raw/train_eval) 2.9/0.4/0.0/0.0s | 3.3s
2026-08-29 22:07:57 | Epoch 043/060 | loss 2.0401 | cls 1.2350 | tal -0.1308 | dual_g 0.8443 | dual_d 1.0263 | train_acc 1.0000 | train_full n/a | val_acc 1.0000 | val_f1 1.0000 | adv/moduleC 1.00/1.00 | disc_steps 2 | grad(main/disc) 2.060/1.456 | lr(main/disc) 4.25e-05/1.38e-05 | cuda_peak(alloc/resv) 21.77/28.18GB | phase(train/val/raw/train_eval) 2.9/0.4/0.0/0.0s | 3.3s
2026-08-29 22:08:00 | Epoch 044/060 | loss 2.0459 | cls 1.2502 | tal -0.1467 | dual_g 0.8397 | dual_d 1.0439 | train_acc 0.9973 | train_full n/a | val_acc 1.0000 | val_f1 1.0000 | adv/moduleC 1.00/1.00 | disc_steps 2 | grad(main/disc) 2.371/1.471 | lr(main/disc) 4.25e-05/1.38e-05 | cuda_peak(alloc/resv) 21.77/28.18GB | phase(train/val/raw/train_eval) 2.8/0.4/0.0/0.0s | 3.2s
2026-08-29 22:08:05 | Epoch 045/060 | loss 2.0199 | cls 1.2405 | tal -0.1832 | dual_g 0.8343 | dual_d 1.0210 | train_acc 0.9973 | train_full 0.9583 | val_acc 1.0000 | val_f1 1.0000 | adv/moduleC 1.00/1.00 | disc_steps 2 | grad(main/disc) 2.361/1.476 | lr(main/disc) 4.25e-05/1.38e-05 | cuda_peak(alloc/resv) 21.77/28.18GB | phase(train/val/raw/train_eval) 3.0/0.4/0.4/0.6s | 4.4s
2026-08-29 22:08:08 | Epoch 046/060 | loss 2.0364 | cls 1.2366 | tal -0.1462 | dual_g 0.8437 | dual_d 1.0259 | train_acc 1.0000 | train_full n/a | val_acc 1.0000 | val_f1 1.0000 | adv/moduleC 1.00/1.00 | disc_steps 2 | grad(main/disc) 2.804/1.436 | lr(main/disc) 4.25e-05/1.38e-05 | cuda_peak(alloc/resv) 21.77/28.18GB | phase(train/val/raw/train_eval) 2.8/0.4/0.0/0.0s | 3.2s
2026-08-29 22:08:11 | Epoch 047/060 | loss 2.0116 | cls 1.2352 | tal -0.1784 | dual_g 0.8299 | dual_d 1.0065 | train_acc 0.9973 | train_full n/a | val_acc 1.0000 | val_f1 1.0000 | adv/moduleC 1.00/1.00 | disc_steps 2 | grad(main/disc) 1.897/1.401 | lr(main/disc) 4.25e-05/1.38e-05 | cuda_peak(alloc/resv) 21.77/28.18GB | phase(train/val/raw/train_eval) 2.9/0.4/0.0/0.0s | 3.3s
2026-08-29 22:08:14 | Epoch 048/060 | loss 2.0159 | cls 1.2473 | tal -0.1982 | dual_g 0.8281 | dual_d 1.0244 | train_acc 0.9973 | train_full n/a | val_acc 1.0000 | val_f1 1.0000 | adv/moduleC 1.00/1.00 | disc_steps 2 | grad(main/disc) 3.175/1.445 | lr(main/disc) 4.25e-05/1.38e-05 | cuda_peak(alloc/resv) 21.77/28.18GB | phase(train/val/raw/train_eval) 2.9/0.4/0.0/0.0s | 3.3s
2026-08-29 22:08:18 | Epoch 049/060 | loss 2.0158 | cls 1.2363 | tal -0.1845 | dual_g 0.8348 | dual_d 1.0049 | train_acc 1.0000 | train_full n/a | val_acc 1.0000 | val_f1 1.0000 | adv/moduleC 1.00/1.00 | disc_steps 2 | grad(main/disc) 2.344/1.436 | lr(main/disc) 4.25e-05/1.38e-05 | cuda_peak(alloc/resv) 21.77/28.18GB | phase(train/val/raw/train_eval) 3.0/0.4/0.0/0.0s | 3.4s
2026-08-29 22:08:22 | Epoch 050/060 | loss 2.0039 | cls 1.2371 | tal -0.2087 | dual_g 0.8294 | dual_d 1.0220 | train_acc 1.0000 | train_full 0.9896 | val_acc 1.0000 | val_f1 1.0000 | adv/moduleC 1.00/1.00 | disc_steps 2 | grad(main/disc) 2.282/1.415 | lr(main/disc) 4.25e-05/1.38e-05 | cuda_peak(alloc/resv) 21.77/28.18GB | phase(train/val/raw/train_eval) 2.9/0.4/0.4/0.6s | 4.2s
2026-08-29 22:08:22 | Early stopping at epoch 50 after 24 epochs without val_f1_macro_present improvement.
2026-08-29 22:08:22 | Training complete. Peak validation accuracy: 1.0000 | selected val_f1_macro_present: 1.0000
2026-08-29 22:08:22 | Starting Dual_D standalone training
2026-08-29 22:08:22 | Run directory: runs/module_c_ablation_60_v8/module_c_20260829_205331/module_c_no_cycle_雨天_20260829_213218
2026-08-29 22:08:22 | Device: cuda
2026-08-29 22:08:22 | Source train samples: 992
2026-08-29 22:08:22 | Target train samples: 96
2026-08-29 22:08:22 | Target val samples: 26
2026-08-29 22:08:22 | Classes: 14
2026-08-29 22:08:22 | Data audit: same_dir=False | path_overlap(vis/ir/ais)=0/0/0 | content_overlap(vis/ir/ais)=0/0/0 | ais_index_overlap=0 | stem_mismatch(vis-ir/vis-ais)=117/0
2026-08-29 22:08:22 | source_train classes: present 14/14 | absent 0 | counts [0:120, 1:44, 2:69, 3:45, 4:40, 5:30, 6:64, 7:80, 8:116, 9:68, 10:57, 11:83, 12:48, 13:128]
2026-08-29 22:08:22 | target_train classes: present 6/14 | absent 8 | counts [0:7, 2:19, 9:32, 10:12, 11:6, 13:20]
2026-08-29 22:08:22 | target_val classes: present 6/14 | absent 8 | counts [0:2, 2:5, 9:8, 10:4, 11:2, 13:5]
2026-08-29 22:08:22 | Paired training classes: 6/14 | class ids [0, 2, 9, 10, 11, 13]
2026-08-29 22:08:22 | Runtime profile: batch=92 | paired_steps=4 | workers=16 | train_eval_every=5 | raw_eval_every=5 | stability_window=3 | lr_scheduler_start=28 | early_stop=20 after min_epoch=50
2026-08-29 22:08:22 | VIS/IR pairing: class-level-unpaired | count-mismatch classes train/val: 10/0 | AIS alignment: none | AIS rows train/val: 0/0
2026-08-29 22:08:23 | Effective Dual-D loss weights: {"adv_auxiliary": 0.02, "adv_primary": 0.02, "classification": 0.6, "contrastive": 0.025, "cycle": 0.0, "identity": 0.025, "prototype_contrastive": 0.03}
2026-08-29 22:08:23 | Model parameters: total=17277714 | trainable=17120210
Starting run 9/9: domain=雨天, iteration=3, seed=50
2026-08-29 22:08:27 | Epoch 001/060 | loss 6.1647 | cls 6.2144 | tal -0.1656 | dual_g 0.0000 | dual_d 0.0000 | train_acc 0.0924 | train_full 0.0521 | val_acc 0.1538 | val_f1 0.1465 | adv/moduleC 0.00/0.00 | disc_steps 0 | grad(main/disc) 18.818/0.000 | lr(main/disc) 8.50e-05/2.75e-05 | cuda_peak(alloc/resv) 21.77/28.18GB | phase(train/val/raw/train_eval) 3.4/0.4/0.4/0.6s | 4.7s
2026-08-29 22:08:31 | Epoch 002/060 | loss 4.4325 | cls 4.5297 | tal -0.3241 | dual_g 0.0000 | dual_d 0.0000 | train_acc 0.2228 | train_full n/a | val_acc 0.0769 | val_f1 0.0278 | adv/moduleC 0.00/0.00 | disc_steps 0 | grad(main/disc) 14.012/0.000 | lr(main/disc) 8.50e-05/2.75e-05 | cuda_peak(alloc/resv) 21.77/28.18GB | phase(train/val/raw/train_eval) 2.8/0.4/0.0/0.0s | 3.1s
2026-08-29 22:08:34 | Epoch 003/060 | loss 3.5999 | cls 3.7495 | tal -0.4990 | dual_g 0.0000 | dual_d 0.0000 | train_acc 0.3560 | train_full n/a | val_acc 0.0769 | val_f1 0.0238 | adv/moduleC 0.00/0.00 | disc_steps 0 | grad(main/disc) 11.473/0.000 | lr(main/disc) 8.50e-05/2.75e-05 | cuda_peak(alloc/resv) 21.77/28.18GB | phase(train/val/raw/train_eval) 3.0/0.4/0.4/0.0s | 3.7s
2026-08-29 22:08:37 | New best val_f1_macro_present: raw=0.0238 stable_score=0.0238 at epoch 3
2026-08-29 22:08:41 | Epoch 004/060 | loss 3.1511 | cls 3.3079 | tal -0.5226 | dual_g 0.0000 | dual_d 0.0000 | train_acc 0.4592 | train_full n/a | val_acc 0.0769 | val_f1 0.0247 | adv/moduleC 0.00/0.00 | disc_steps 0 | grad(main/disc) 9.848/0.000 | lr(main/disc) 8.50e-05/2.75e-05 | cuda_peak(alloc/resv) 21.77/28.18GB | phase(train/val/raw/train_eval) 3.6/0.4/0.0/0.0s | 3.9s
2026-08-29 22:08:46 | Epoch 005/060 | loss 2.9055 | cls 2.8032 | tal -0.4684 | dual_g 0.2428 | dual_d 0.0000 | train_acc 0.6141 | train_full 0.0833 | val_acc 0.1154 | val_f1 0.0873 | adv/moduleC 0.00/0.12 | disc_steps 0 | grad(main/disc) 8.845/0.000 | lr(main/disc) 8.50e-05/2.75e-05 | cuda_peak(alloc/resv) 21.77/28.18GB | phase(train/val/raw/train_eval) 3.4/0.4/0.4/0.6s | 4.7s
2026-08-29 22:08:49 | Epoch 006/060 | loss 2.8856 | cls 2.5317 | tal -0.3986 | dual_g 0.4734 | dual_d 0.0000 | train_acc 0.6467 | train_full n/a | val_acc 0.0769 | val_f1 0.0370 | adv/moduleC 0.00/0.25 | disc_steps 0 | grad(main/disc) 8.492/0.000 | lr(main/disc) 8.50e-05/2.75e-05 | cuda_peak(alloc/resv) 21.77/28.18GB | phase(train/val/raw/train_eval) 3.1/0.4/0.0/0.0s | 3.4s
2026-08-29 22:08:53 | Epoch 007/060 | loss 2.8289 | cls 2.3340 | tal -0.4102 | dual_g 0.6180 | dual_d 0.8326 | train_acc 0.7283 | train_full n/a | val_acc 0.2692 | val_f1 0.1759 | adv/moduleC 0.07/0.38 | disc_steps 2 | grad(main/disc) 8.921/1.682 | lr(main/disc) 8.50e-05/2.75e-05 | cuda_peak(alloc/resv) 21.77/28.18GB | phase(train/val/raw/train_eval) 3.0/0.4/0.4/0.0s | 3.8s
2026-08-29 22:08:55 | New best val_f1_macro_present: raw=0.1759 stable_score=0.0370 at epoch 7
2026-08-29 22:08:59 | Epoch 008/060 | loss 2.8145 | cls 2.1655 | tal -0.4187 | dual_g 0.7746 | dual_d 0.8248 | train_acc 0.7690 | train_full n/a | val_acc 0.4615 | val_f1 0.4681 | adv/moduleC 0.13/0.50 | disc_steps 2 | grad(main/disc) 8.947/1.651 | lr(main/disc) 8.50e-05/2.75e-05 | cuda_peak(alloc/resv) 21.77/28.18GB | phase(train/val/raw/train_eval) 3.2/0.4/0.0/0.0s | 3.5s
2026-08-29 22:09:02 | Epoch 009/060 | loss 2.7441 | cls 1.9973 | tal -0.4010 | dual_g 0.8671 | dual_d 0.7750 | train_acc 0.8234 | train_full n/a | val_acc 0.4615 | val_f1 0.4125 | adv/moduleC 0.20/0.62 | disc_steps 2 | grad(main/disc) 8.332/1.520 | lr(main/disc) 8.50e-05/2.75e-05 | cuda_peak(alloc/resv) 21.77/28.18GB | phase(train/val/raw/train_eval) 2.8/0.4/0.4/0.0s | 3.5s
2026-08-29 22:09:05 | New best val_f1_macro_present: raw=0.4125 stable_score=0.1759 at epoch 9
2026-08-29 22:09:10 | Epoch 010/060 | loss 2.8450 | cls 1.9262 | tal -0.3099 | dual_g 1.0117 | dual_d 0.7811 | train_acc 0.8451 | train_full 0.5521 | val_acc 0.5385 | val_f1 0.4514 | adv/moduleC 0.27/0.75 | disc_steps 2 | grad(main/disc) 8.976/1.514 | lr(main/disc) 8.50e-05/2.75e-05 | cuda_peak(alloc/resv) 21.77/28.18GB | phase(train/val/raw/train_eval) 3.0/0.4/0.4/0.6s | 4.4s
2026-08-29 22:09:12 | New best val_f1_macro_present: raw=0.4514 stable_score=0.4125 at epoch 10
2026-08-29 22:09:16 | Epoch 011/060 | loss 2.7923 | cls 1.7778 | tal -0.1662 | dual_g 1.0644 | dual_d 0.7945 | train_acc 0.9185 | train_full n/a | val_acc 0.4615 | val_f1 0.3854 | adv/moduleC 0.33/0.88 | disc_steps 2 | grad(main/disc) 8.327/1.488 | lr(main/disc) 8.50e-05/2.75e-05 | cuda_peak(alloc/resv) 21.77/28.18GB | phase(train/val/raw/train_eval) 3.3/0.4/0.0/0.0s | 3.7s
2026-08-29 22:09:19 | Epoch 012/060 | loss 2.7834 | cls 1.6652 | tal -0.1817 | dual_g 1.1727 | dual_d 0.7525 | train_acc 0.9212 | train_full n/a | val_acc 0.5000 | val_f1 0.5093 | adv/moduleC 0.40/1.00 | disc_steps 2 | grad(main/disc) 8.782/1.421 | lr(main/disc) 8.50e-05/2.75e-05 | cuda_peak(alloc/resv) 21.77/28.18GB | phase(train/val/raw/train_eval) 2.7/0.4/0.0/0.0s | 3.0s
2026-08-29 22:09:22 | Epoch 013/060 | loss 2.7441 | cls 1.6800 | tal -0.2335 | dual_g 1.1341 | dual_d 0.7843 | train_acc 0.9375 | train_full n/a | val_acc 0.5769 | val_f1 0.6090 | adv/moduleC 0.47/1.00 | disc_steps 2 | grad(main/disc) 8.866/1.394 | lr(main/disc) 8.50e-05/2.75e-05 | cuda_peak(alloc/resv) 21.77/28.18GB | phase(train/val/raw/train_eval) 3.0/0.4/0.0/0.0s | 3.4s
2026-08-29 22:09:26 | Epoch 014/060 | loss 2.5209 | cls 1.5364 | tal -0.2344 | dual_g 1.0548 | dual_d 0.7855 | train_acc 0.9484 | train_full n/a | val_acc 0.7308 | val_f1 0.7320 | adv/moduleC 0.53/1.00 | disc_steps 2 | grad(main/disc) 8.271/1.447 | lr(main/disc) 8.50e-05/2.75e-05 | cuda_peak(alloc/resv) 21.77/28.18GB | phase(train/val/raw/train_eval) 2.9/0.4/0.4/0.0s | 3.7s
2026-08-29 22:09:29 | New best val_f1_macro_present: raw=0.7320 stable_score=0.5093 at epoch 14
2026-08-29 22:09:33 | Epoch 015/060 | loss 2.4525 | cls 1.4858 | tal -0.2490 | dual_g 1.0414 | dual_d 0.8003 | train_acc 0.9755 | train_full 0.7812 | val_acc 0.6538 | val_f1 0.6796 | adv/moduleC 0.60/1.00 | disc_steps 2 | grad(main/disc) 8.958/1.441 | lr(main/disc) 8.50e-05/2.75e-05 | cuda_peak(alloc/resv) 21.77/28.18GB | phase(train/val/raw/train_eval) 3.0/0.4/0.4/0.6s | 4.4s
2026-08-29 22:09:36 | New best val_f1_macro_present: raw=0.6796 stable_score=0.6090 at epoch 15
2026-08-29 22:09:40 | Epoch 016/060 | loss 2.4313 | cls 1.4738 | tal -0.2089 | dual_g 1.0201 | dual_d 0.8126 | train_acc 0.9783 | train_full n/a | val_acc 0.7692 | val_f1 0.8218 | adv/moduleC 0.67/1.00 | disc_steps 2 | grad(main/disc) 7.545/1.448 | lr(main/disc) 8.50e-05/2.75e-05 | cuda_peak(alloc/resv) 21.77/28.18GB | phase(train/val/raw/train_eval) 3.3/0.4/0.4/0.0s | 4.0s
2026-08-29 22:09:43 | New best val_f1_macro_present: raw=0.8218 stable_score=0.6796 at epoch 16
2026-08-29 22:09:46 | Epoch 017/060 | loss 2.3842 | cls 1.4573 | tal -0.2648 | dual_g 1.0064 | dual_d 0.7838 | train_acc 0.9783 | train_full n/a | val_acc 0.7692 | val_f1 0.8039 | adv/moduleC 0.73/1.00 | disc_steps 2 | grad(main/disc) 10.648/1.388 | lr(main/disc) 8.50e-05/2.75e-05 | cuda_peak(alloc/resv) 21.77/28.18GB | phase(train/val/raw/train_eval) 2.9/0.4/0.0/0.0s | 3.3s
2026-08-29 22:09:50 | Epoch 018/060 | loss 2.2951 | cls 1.3782 | tal -0.1967 | dual_g 0.9759 | dual_d 0.7985 | train_acc 0.9918 | train_full n/a | val_acc 0.9231 | val_f1 0.9185 | adv/moduleC 0.80/1.00 | disc_steps 2 | grad(main/disc) 7.005/1.364 | lr(main/disc) 8.50e-05/2.75e-05 | cuda_peak(alloc/resv) 21.77/28.18GB | phase(train/val/raw/train_eval) 3.4/0.4/0.4/0.0s | 4.1s
2026-08-29 22:09:53 | New best val_f1_macro_present: raw=0.9185 stable_score=0.8039 at epoch 18
2026-08-29 22:09:56 | Epoch 019/060 | loss 2.3579 | cls 1.4323 | tal -0.2182 | dual_g 0.9911 | dual_d 0.8104 | train_acc 0.9755 | train_full n/a | val_acc 0.7692 | val_f1 0.8218 | adv/moduleC 0.87/1.00 | disc_steps 2 | grad(main/disc) 7.959/1.410 | lr(main/disc) 8.50e-05/2.75e-05 | cuda_peak(alloc/resv) 21.77/28.18GB | phase(train/val/raw/train_eval) 3.1/0.4/0.0/0.0s | 3.5s
2026-08-29 22:10:01 | Epoch 020/060 | loss 2.2795 | cls 1.3902 | tal -0.2081 | dual_g 0.9517 | dual_d 0.7586 | train_acc 0.9783 | train_full 0.8646 | val_acc 0.8462 | val_f1 0.8819 | adv/moduleC 0.93/1.00 | disc_steps 2 | grad(main/disc) 7.894/1.243 | lr(main/disc) 8.50e-05/2.75e-05 | cuda_peak(alloc/resv) 21.77/28.18GB | phase(train/val/raw/train_eval) 3.1/0.4/0.4/0.6s | 4.4s
2026-08-29 22:10:03 | New best val_f1_macro_present: raw=0.8819 stable_score=0.8218 at epoch 20
2026-08-29 22:10:07 | Epoch 021/060 | loss 2.2408 | cls 1.3565 | tal -0.2095 | dual_g 0.9472 | dual_d 0.8172 | train_acc 0.9973 | train_full n/a | val_acc 0.9615 | val_f1 0.9663 | adv/moduleC 1.00/1.00 | disc_steps 2 | grad(main/disc) 6.686/1.318 | lr(main/disc) 8.50e-05/2.75e-05 | cuda_peak(alloc/resv) 21.77/28.18GB | phase(train/val/raw/train_eval) 2.9/0.4/0.0/0.0s | 3.3s
2026-08-29 22:10:10 | Epoch 022/060 | loss 2.2062 | cls 1.3303 | tal -0.2034 | dual_g 0.9368 | dual_d 0.8295 | train_acc 0.9946 | train_full n/a | val_acc 0.8077 | val_f1 0.8558 | adv/moduleC 1.00/1.00 | disc_steps 2 | grad(main/disc) 5.208/1.370 | lr(main/disc) 8.50e-05/2.75e-05 | cuda_peak(alloc/resv) 21.77/28.18GB | phase(train/val/raw/train_eval) 3.1/0.4/0.4/0.0s | 3.8s
2026-08-29 22:10:13 | New best val_f1_macro_present: raw=0.8558 stable_score=0.8558 at epoch 22
2026-08-29 22:10:17 | Epoch 023/060 | loss 2.1837 | cls 1.3201 | tal -0.1992 | dual_g 0.9234 | dual_d 0.8599 | train_acc 0.9918 | train_full n/a | val_acc 0.8462 | val_f1 0.8824 | adv/moduleC 1.00/1.00 | disc_steps 2 | grad(main/disc) 4.620/1.365 | lr(main/disc) 8.50e-05/2.75e-05 | cuda_peak(alloc/resv) 21.77/28.18GB | phase(train/val/raw/train_eval) 3.2/0.4/0.0/0.0s | 3.5s
2026-08-29 22:10:20 | Epoch 024/060 | loss 2.1733 | cls 1.3071 | tal -0.1745 | dual_g 0.9186 | dual_d 0.8563 | train_acc 0.9946 | train_full n/a | val_acc 1.0000 | val_f1 1.0000 | adv/moduleC 1.00/1.00 | disc_steps 2 | grad(main/disc) 4.603/1.368 | lr(main/disc) 8.50e-05/2.75e-05 | cuda_peak(alloc/resv) 21.77/28.18GB | phase(train/val/raw/train_eval) 2.8/0.4/0.0/0.0s | 3.2s
2026-08-29 22:10:24 | Epoch 025/060 | loss 2.2123 | cls 1.3326 | tal -0.1867 | dual_g 0.9357 | dual_d 0.8878 | train_acc 0.9946 | train_full 0.9167 | val_acc 0.9231 | val_f1 0.9429 | adv/moduleC 1.00/1.00 | disc_steps 2 | grad(main/disc) 5.188/1.433 | lr(main/disc) 8.50e-05/2.75e-05 | cuda_peak(alloc/resv) 21.77/28.18GB | phase(train/val/raw/train_eval) 3.2/0.4/0.4/0.6s | 4.5s
2026-08-29 22:10:27 | New best val_f1_macro_present: raw=0.9429 stable_score=0.8824 at epoch 25
2026-08-29 22:10:31 | Epoch 026/060 | loss 2.1775 | cls 1.3243 | tal -0.2105 | dual_g 0.9164 | dual_d 0.8554 | train_acc 0.9918 | train_full n/a | val_acc 0.9231 | val_f1 0.9421 | adv/moduleC 1.00/1.00 | disc_steps 2 | grad(main/disc) 5.341/1.362 | lr(main/disc) 8.50e-05/2.75e-05 | cuda_peak(alloc/resv) 21.77/28.18GB | phase(train/val/raw/train_eval) 3.1/0.4/0.4/0.0s | 3.9s
2026-08-29 22:10:34 | New best val_f1_macro_present: raw=0.9421 stable_score=0.9421 at epoch 26
2026-08-29 22:10:37 | Epoch 027/060 | loss 2.1840 | cls 1.3281 | tal -0.1980 | dual_g 0.9153 | dual_d 0.8782 | train_acc 0.9973 | train_full n/a | val_acc 0.9615 | val_f1 0.9556 | adv/moduleC 1.00/1.00 | disc_steps 2 | grad(main/disc) 5.264/1.410 | lr(main/disc) 8.50e-05/2.75e-05 | cuda_peak(alloc/resv) 21.77/28.18GB | phase(train/val/raw/train_eval) 3.3/0.4/0.0/0.0s | 3.7s
2026-08-29 22:10:41 | Epoch 028/060 | loss 2.1402 | cls 1.2992 | tal -0.1784 | dual_g 0.8945 | dual_d 0.9151 | train_acc 0.9973 | train_full n/a | val_acc 0.9615 | val_f1 0.9481 | adv/moduleC 1.00/1.00 | disc_steps 2 | grad(main/disc) 5.213/1.366 | lr(main/disc) 8.50e-05/2.75e-05 | cuda_peak(alloc/resv) 21.77/28.18GB | phase(train/val/raw/train_eval) 3.3/0.4/0.0/0.0s | 3.7s
2026-08-29 22:10:45 | Epoch 029/060 | loss 2.1140 | cls 1.2882 | tal -0.1884 | dual_g 0.8823 | dual_d 0.8997 | train_acc 0.9973 | train_full n/a | val_acc 0.9231 | val_f1 0.9367 | adv/moduleC 1.00/1.00 | disc_steps 2 | grad(main/disc) 5.724/1.387 | lr(main/disc) 8.50e-05/2.75e-05 | cuda_peak(alloc/resv) 21.77/28.18GB | phase(train/val/raw/train_eval) 3.3/0.4/0.0/0.0s | 3.7s
2026-08-29 22:10:49 | Epoch 030/060 | loss 2.1464 | cls 1.2915 | tal -0.1339 | dual_g 0.8951 | dual_d 0.9222 | train_acc 1.0000 | train_full 0.9792 | val_acc 0.9615 | val_f1 0.9630 | adv/moduleC 1.00/1.00 | disc_steps 2 | grad(main/disc) 4.713/1.368 | lr(main/disc) 8.50e-05/2.75e-05 | cuda_peak(alloc/resv) 21.77/28.18GB | phase(train/val/raw/train_eval) 3.2/0.4/0.4/0.6s | 4.6s
2026-08-29 22:10:53 | Epoch 031/060 | loss 2.1050 | cls 1.2812 | tal -0.1855 | dual_g 0.8794 | dual_d 0.9466 | train_acc 0.9918 | train_full n/a | val_acc 1.0000 | val_f1 1.0000 | adv/moduleC 1.00/1.00 | disc_steps 2 | grad(main/disc) 4.187/1.397 | lr(main/disc) 8.50e-05/2.75e-05 | cuda_peak(alloc/resv) 21.77/28.18GB | phase(train/val/raw/train_eval) 3.1/0.4/0.0/0.0s | 3.5s
2026-08-29 22:10:56 | Epoch 032/060 | loss 2.1248 | cls 1.3006 | tal -0.2236 | dual_g 0.8912 | dual_d 0.9714 | train_acc 0.9946 | train_full n/a | val_acc 1.0000 | val_f1 1.0000 | adv/moduleC 1.00/1.00 | disc_steps 2 | grad(main/disc) 5.239/1.410 | lr(main/disc) 8.50e-05/2.75e-05 | cuda_peak(alloc/resv) 21.77/28.18GB | phase(train/val/raw/train_eval) 2.9/0.4/0.4/0.0s | 3.6s
2026-08-29 22:10:59 | New best val_f1_macro_present: raw=1.0000 stable_score=0.9630 at epoch 32
2026-08-29 22:11:03 | Epoch 033/060 | loss 2.0908 | cls 1.2765 | tal -0.1828 | dual_g 0.8691 | dual_d 1.0099 | train_acc 1.0000 | train_full n/a | val_acc 1.0000 | val_f1 1.0000 | adv/moduleC 1.00/1.00 | disc_steps 2 | grad(main/disc) 3.851/1.479 | lr(main/disc) 8.50e-05/2.75e-05 | cuda_peak(alloc/resv) 21.77/28.18GB | phase(train/val/raw/train_eval) 3.2/0.4/0.4/0.0s | 3.9s
2026-08-29 22:11:06 | New best val_f1_macro_present: raw=1.0000 stable_score=1.0000 at epoch 33
2026-08-29 22:11:09 | Epoch 034/060 | loss 2.0882 | cls 1.2853 | tal -0.2522 | dual_g 0.8786 | dual_d 0.9696 | train_acc 0.9946 | train_full n/a | val_acc 0.8462 | val_f1 0.8626 | adv/moduleC 1.00/1.00 | disc_steps 2 | grad(main/disc) 3.669/1.406 | lr(main/disc) 8.50e-05/2.75e-05 | cuda_peak(alloc/resv) 21.77/28.18GB | phase(train/val/raw/train_eval) 3.3/0.4/0.0/0.0s | 3.6s
2026-08-29 22:11:14 | Epoch 035/060 | loss 2.1039 | cls 1.2775 | tal -0.1498 | dual_g 0.8713 | dual_d 0.9331 | train_acc 1.0000 | train_full 0.9792 | val_acc 0.9231 | val_f1 0.9243 | adv/moduleC 1.00/1.00 | disc_steps 2 | grad(main/disc) 4.412/1.334 | lr(main/disc) 8.50e-05/2.75e-05 | cuda_peak(alloc/resv) 21.77/28.18GB | phase(train/val/raw/train_eval) 3.1/0.4/0.4/0.6s | 4.4s
2026-08-29 22:11:17 | Epoch 036/060 | loss 2.0833 | cls 1.2735 | tal -0.2055 | dual_g 0.8714 | dual_d 0.9689 | train_acc 0.9891 | train_full n/a | val_acc 1.0000 | val_f1 1.0000 | adv/moduleC 1.00/1.00 | disc_steps 2 | grad(main/disc) 3.798/1.333 | lr(main/disc) 8.50e-05/2.75e-05 | cuda_peak(alloc/resv) 21.77/28.18GB | phase(train/val/raw/train_eval) 3.1/0.4/0.0/0.0s | 3.5s
2026-08-29 22:11:21 | Epoch 037/060 | loss 2.0812 | cls 1.2758 | tal -0.2266 | dual_g 0.8734 | dual_d 0.9773 | train_acc 0.9973 | train_full n/a | val_acc 1.0000 | val_f1 1.0000 | adv/moduleC 1.00/1.00 | disc_steps 2 | grad(main/disc) 4.822/1.342 | lr(main/disc) 8.50e-05/2.75e-05 | cuda_peak(alloc/resv) 21.77/28.18GB | phase(train/val/raw/train_eval) 3.0/0.4/0.0/0.0s | 3.4s
2026-08-29 22:11:24 | Epoch 038/060 | loss 2.0747 | cls 1.2853 | tal -0.2195 | dual_g 0.8553 | dual_d 1.0331 | train_acc 1.0000 | train_full n/a | val_acc 1.0000 | val_f1 1.0000 | adv/moduleC 1.00/1.00 | disc_steps 2 | grad(main/disc) 4.118/1.381 | lr(main/disc) 8.50e-05/2.75e-05 | cuda_peak(alloc/resv) 21.77/28.18GB | phase(train/val/raw/train_eval) 3.0/0.4/0.0/0.0s | 3.3s
2026-08-29 22:11:28 | Epoch 039/060 | loss 2.0498 | cls 1.2583 | tal -0.2140 | dual_g 0.8558 | dual_d 0.9824 | train_acc 0.9973 | train_full n/a | val_acc 0.9615 | val_f1 0.9737 | adv/moduleC 1.00/1.00 | disc_steps 2 | grad(main/disc) 2.893/1.352 | lr(main/disc) 8.50e-05/2.75e-05 | cuda_peak(alloc/resv) 21.77/28.18GB | phase(train/val/raw/train_eval) 3.5/0.4/0.0/0.0s | 3.9s
2026-08-29 22:11:32 | Epoch 040/060 | loss 2.0454 | cls 1.2529 | tal -0.1686 | dual_g 0.8430 | dual_d 1.0006 | train_acc 0.9973 | train_full 0.9896 | val_acc 0.9615 | val_f1 0.9737 | adv/moduleC 1.00/1.00 | disc_steps 2 | grad(main/disc) 2.738/1.359 | lr(main/disc) 8.50e-05/2.75e-05 | cuda_peak(alloc/resv) 21.77/28.18GB | phase(train/val/raw/train_eval) 2.8/0.4/0.4/0.6s | 4.2s
2026-08-29 22:11:36 | Epoch 041/060 | loss 2.0388 | cls 1.2534 | tal -0.1862 | dual_g 0.8412 | dual_d 1.0096 | train_acc 1.0000 | train_full n/a | val_acc 0.9615 | val_f1 0.9737 | adv/moduleC 1.00/1.00 | disc_steps 2 | grad(main/disc) 3.198/1.363 | lr(main/disc) 8.50e-05/2.75e-05 | cuda_peak(alloc/resv) 21.77/28.18GB | phase(train/val/raw/train_eval) 3.1/0.4/0.0/0.0s | 3.5s
2026-08-29 22:11:39 | Epoch 042/060 | loss 2.0656 | cls 1.2462 | tal -0.1095 | dual_g 0.8522 | dual_d 1.0435 | train_acc 1.0000 | train_full n/a | val_acc 1.0000 | val_f1 1.0000 | adv/moduleC 1.00/1.00 | disc_steps 2 | grad(main/disc) 2.931/1.381 | lr(main/disc) 8.50e-05/2.75e-05 | cuda_peak(alloc/resv) 21.77/28.18GB | phase(train/val/raw/train_eval) 2.7/0.4/0.0/0.0s | 3.1s
2026-08-29 22:11:42 | Epoch 043/060 | loss 2.0246 | cls 1.2396 | tal -0.1749 | dual_g 0.8374 | dual_d 1.0432 | train_acc 1.0000 | train_full n/a | val_acc 0.9615 | val_f1 0.9663 | adv/moduleC 1.00/1.00 | disc_steps 2 | grad(main/disc) 2.206/1.372 | lr(main/disc) 8.50e-05/2.75e-05 | cuda_peak(alloc/resv) 21.77/28.18GB | phase(train/val/raw/train_eval) 2.9/0.4/0.0/0.0s | 3.3s
2026-08-29 22:11:46 | Epoch 044/060 | loss 1.9940 | cls 1.2360 | tal -0.2635 | dual_g 0.8371 | dual_d 1.0641 | train_acc 0.9946 | train_full n/a | val_acc 1.0000 | val_f1 1.0000 | adv/moduleC 1.00/1.00 | disc_steps 2 | grad(main/disc) 2.933/1.364 | lr(main/disc) 4.25e-05/1.38e-05 | cuda_peak(alloc/resv) 21.77/28.18GB | phase(train/val/raw/train_eval) 3.1/0.4/0.0/0.0s | 3.4s
2026-08-29 22:11:50 | Epoch 045/060 | loss 1.9957 | cls 1.2394 | tal -0.2616 | dual_g 0.8348 | dual_d 1.0601 | train_acc 1.0000 | train_full 0.9896 | val_acc 0.9231 | val_f1 0.9429 | adv/moduleC 1.00/1.00 | disc_steps 2 | grad(main/disc) 2.974/1.391 | lr(main/disc) 4.25e-05/1.38e-05 | cuda_peak(alloc/resv) 21.77/28.18GB | phase(train/val/raw/train_eval) 2.8/0.4/0.4/0.6s | 4.1s
2026-08-29 22:11:53 | Epoch 046/060 | loss 2.0019 | cls 1.2272 | tal -0.2282 | dual_g 0.8432 | dual_d 1.0548 | train_acc 1.0000 | train_full n/a | val_acc 0.9615 | val_f1 0.9704 | adv/moduleC 1.00/1.00 | disc_steps 2 | grad(main/disc) 2.679/1.383 | lr(main/disc) 4.25e-05/1.38e-05 | cuda_peak(alloc/resv) 21.77/28.18GB | phase(train/val/raw/train_eval) 2.6/0.4/0.0/0.0s | 3.0s
2026-08-29 22:11:56 | Epoch 047/060 | loss 2.0029 | cls 1.2398 | tal -0.2435 | dual_g 0.8362 | dual_d 1.0681 | train_acc 0.9946 | train_full n/a | val_acc 1.0000 | val_f1 1.0000 | adv/moduleC 1.00/1.00 | disc_steps 2 | grad(main/disc) 2.565/1.398 | lr(main/disc) 4.25e-05/1.38e-05 | cuda_peak(alloc/resv) 21.77/28.18GB | phase(train/val/raw/train_eval) 3.1/0.4/0.0/0.0s | 3.5s
2026-08-29 22:11:59 | Epoch 048/060 | loss 2.0071 | cls 1.2316 | tal -0.2268 | dual_g 0.8435 | dual_d 1.1064 | train_acc 1.0000 | train_full n/a | val_acc 1.0000 | val_f1 1.0000 | adv/moduleC 1.00/1.00 | disc_steps 2 | grad(main/disc) 2.495/1.418 | lr(main/disc) 4.25e-05/1.38e-05 | cuda_peak(alloc/resv) 21.77/28.18GB | phase(train/val/raw/train_eval) 2.8/0.4/0.0/0.0s | 3.2s
2026-08-29 22:12:02 | Epoch 049/060 | loss 1.9979 | cls 1.2294 | tal -0.2334 | dual_g 0.8385 | dual_d 1.0063 | train_acc 1.0000 | train_full n/a | val_acc 1.0000 | val_f1 1.0000 | adv/moduleC 1.00/1.00 | disc_steps 2 | grad(main/disc) 2.551/1.321 | lr(main/disc) 4.25e-05/1.38e-05 | cuda_peak(alloc/resv) 21.77/28.18GB | phase(train/val/raw/train_eval) 2.6/0.4/0.0/0.0s | 2.9s
2026-08-29 22:12:07 | Epoch 050/060 | loss 1.9931 | cls 1.2309 | tal -0.2444 | dual_g 0.8355 | dual_d 1.0755 | train_acc 0.9973 | train_full 1.0000 | val_acc 1.0000 | val_f1 1.0000 | adv/moduleC 1.00/1.00 | disc_steps 2 | grad(main/disc) 2.260/1.370 | lr(main/disc) 4.25e-05/1.38e-05 | cuda_peak(alloc/resv) 21.77/28.18GB | phase(train/val/raw/train_eval) 3.2/0.4/0.4/0.6s | 4.5s
2026-08-29 22:12:10 | Epoch 051/060 | loss 1.9827 | cls 1.2158 | tal -0.2042 | dual_g 0.8282 | dual_d 1.0239 | train_acc 1.0000 | train_full n/a | val_acc 1.0000 | val_f1 1.0000 | adv/moduleC 1.00/1.00 | disc_steps 2 | grad(main/disc) 1.640/1.329 | lr(main/disc) 4.25e-05/1.38e-05 | cuda_peak(alloc/resv) 21.77/28.18GB | phase(train/val/raw/train_eval) 3.1/0.4/0.0/0.0s | 3.5s
2026-08-29 22:12:14 | Epoch 052/060 | loss 1.9935 | cls 1.2218 | tal -0.2081 | dual_g 0.8341 | dual_d 1.0496 | train_acc 1.0000 | train_full n/a | val_acc 1.0000 | val_f1 1.0000 | adv/moduleC 1.00/1.00 | disc_steps 2 | grad(main/disc) 2.268/1.402 | lr(main/disc) 4.25e-05/1.38e-05 | cuda_peak(alloc/resv) 21.77/28.18GB | phase(train/val/raw/train_eval) 2.9/0.4/0.0/0.0s | 3.3s
2026-08-29 22:12:17 | Epoch 053/060 | loss 1.9702 | cls 1.2250 | tal -0.2739 | dual_g 0.8273 | dual_d 1.0550 | train_acc 1.0000 | train_full n/a | val_acc 1.0000 | val_f1 1.0000 | adv/moduleC 1.00/1.00 | disc_steps 2 | grad(main/disc) 2.124/1.392 | lr(main/disc) 4.25e-05/1.38e-05 | cuda_peak(alloc/resv) 21.77/28.18GB | phase(train/val/raw/train_eval) 2.7/0.4/0.0/0.0s | 3.0s
2026-08-29 22:12:17 | Early stopping at epoch 53 after 20 epochs without val_f1_macro_present improvement.
2026-08-29 22:12:17 | Training complete. Peak validation accuracy: 1.0000 | selected val_f1_macro_present: 1.0000
Dual_D experiment matrix complete.
Batch summary: runs/module_c_ablation_60_v8/module_c_20260829_205331/batch_summary_20260829_213218.json
黑天: selected-epoch val ACC 0.9694 ± 0.0142 | Precision 0.9567 | Recall 0.9710 | F1 0.9612 over 3 run(s)
逆光: selected-epoch val ACC 0.9910 ± 0.0127 | Precision 0.9926 | Recall 0.9954 | F1 0.9934 over 3 run(s)
雨天: selected-epoch val ACC 1.0000 ± 0.0000 | Precision 1.0000 | Recall 1.0000 | F1 1.0000 over 3 run(s)
/home/lixiang/envs/lx_pytorch/lib/python3.11/site-packages/torch/cuda/__init__.py:1061: UserWarning: Can't initialize NVML
  raw_cnt = _raw_device_count_nvml()
2026-08-29 22:12:18 | Starting Dual_D standalone training
2026-08-29 22:12:18 | Run directory: runs/module_c_ablation_60_v8/module_c_20260829_205331/module_c_no_identity_黑天_20260829_221218
2026-08-29 22:12:18 | Device: cuda
2026-08-29 22:12:18 | Source train samples: 992
2026-08-29 22:12:18 | Target train samples: 465
2026-08-29 22:12:18 | Target val samples: 120
2026-08-29 22:12:18 | Classes: 14
2026-08-29 22:12:18 | Data audit: same_dir=False | path_overlap(vis/ir/ais)=0/0/0 | content_overlap(vis/ir/ais)=0/0/0 | ais_index_overlap=0 | stem_mismatch(vis-ir/vis-ais)=578/0
2026-08-29 22:12:18 | source_train classes: present 14/14 | absent 0 | counts [0:120, 1:44, 2:69, 3:45, 4:40, 5:30, 6:64, 7:80, 8:116, 9:68, 10:57, 11:83, 12:48, 13:128]
2026-08-29 22:12:18 | target_train classes: present 8/14 | absent 6 | counts [0:100, 2:11, 3:16, 6:89, 9:162, 10:12, 11:44, 13:31]
2026-08-29 22:12:18 | target_val classes: present 8/14 | absent 6 | counts [0:26, 2:3, 3:5, 6:23, 9:41, 10:3, 11:11, 13:8]
2026-08-29 22:12:18 | Paired training classes: 8/14 | class ids [0, 2, 3, 6, 9, 10, 11, 13]
2026-08-29 22:12:18 | Runtime profile: batch=92 | paired_steps=6 | workers=16 | train_eval_every=5 | raw_eval_every=5 | stability_window=1 | lr_scheduler_start=24 | early_stop=15 after min_epoch=48
2026-08-29 22:12:18 | VIS/IR pairing: class-level-unpaired | count-mismatch classes train/val: 10/0 | AIS alignment: none | AIS rows train/val: 0/0
2026-08-29 22:12:19 | Effective Dual-D loss weights: {"adv_auxiliary": 0.03, "adv_primary": 0.03, "classification": 0.65, "contrastive": 0.055, "cycle": 0.16, "identity": 0.0, "prototype_contrastive": 0.03}
2026-08-29 22:12:19 | Model parameters: total=17277714 | trainable=17120210
Starting run 1/9: domain=黑天, iteration=1, seed=42
2026-08-29 22:12:26 | Epoch 001/060 | loss 5.6796 | cls 5.6332 | tal 0.1547 | dual_g 0.0000 | dual_d 0.0000 | train_acc 0.0996 | train_full 0.1032 | val_acc 0.0667 | val_f1 0.0287 | adv/moduleC 0.00/0.00 | disc_steps 0 | grad(main/disc) 16.483/0.000 | lr(main/disc) 8.50e-05/3.20e-05 | cuda_peak(alloc/resv) 21.78/28.18GB | phase(train/val/raw/train_eval) 4.6/0.6/0.6/0.8s | 6.5s
2026-08-29 22:12:29 | New best val_f1_macro_present: raw=0.0287 stable_score=0.0287 at epoch 1
2026-08-29 22:12:33 | Epoch 002/060 | loss 4.4902 | cls 4.4693 | tal 0.0697 | dual_g 0.0000 | dual_d 0.0000 | train_acc 0.2373 | train_full n/a | val_acc 0.2167 | val_f1 0.1650 | adv/moduleC 0.00/0.00 | disc_steps 0 | grad(main/disc) 12.548/0.000 | lr(main/disc) 8.50e-05/3.20e-05 | cuda_peak(alloc/resv) 21.78/28.18GB | phase(train/val/raw/train_eval) 3.2/0.6/0.6/0.0s | 4.4s
2026-08-29 22:12:36 | New best val_f1_macro_present: raw=0.1650 stable_score=0.1650 at epoch 2
2026-08-29 22:12:40 | Epoch 003/060 | loss 3.6365 | cls 3.6368 | tal -0.0012 | dual_g 0.0000 | dual_d 0.0000 | train_acc 0.3678 | train_full n/a | val_acc 0.1750 | val_f1 0.1369 | adv/moduleC 0.00/0.00 | disc_steps 0 | grad(main/disc) 10.783/0.000 | lr(main/disc) 8.50e-05/3.20e-05 | cuda_peak(alloc/resv) 21.78/28.18GB | phase(train/val/raw/train_eval) 3.4/0.6/0.0/0.0s | 3.9s
2026-08-29 22:12:44 | Epoch 004/060 | loss 3.5250 | cls 3.2091 | tal -0.0068 | dual_g 0.3180 | dual_d 0.0000 | train_acc 0.5435 | train_full n/a | val_acc 0.1917 | val_f1 0.1367 | adv/moduleC 0.00/0.12 | disc_steps 0 | grad(main/disc) 10.195/0.000 | lr(main/disc) 8.50e-05/3.20e-05 | cuda_peak(alloc/resv) 21.78/28.18GB | phase(train/val/raw/train_eval) 3.4/0.6/0.0/0.0s | 4.0s
2026-08-29 22:12:49 | Epoch 005/060 | loss 3.4093 | cls 2.8612 | tal -0.0611 | dual_g 0.5664 | dual_d 0.0000 | train_acc 0.5960 | train_full 0.3075 | val_acc 0.3167 | val_f1 0.2887 | adv/moduleC 0.00/0.25 | disc_steps 0 | grad(main/disc) 9.848/0.000 | lr(main/disc) 8.50e-05/3.20e-05 | cuda_peak(alloc/resv) 21.78/28.18GB | phase(train/val/raw/train_eval) 3.4/0.6/0.6/0.8s | 5.4s
2026-08-29 22:12:52 | New best val_f1_macro_present: raw=0.2887 stable_score=0.2887 at epoch 5
2026-08-29 22:12:57 | Epoch 006/060 | loss 3.3769 | cls 2.5912 | tal 0.0167 | dual_g 0.7806 | dual_d 0.9479 | train_acc 0.6522 | train_full n/a | val_acc 0.4750 | val_f1 0.5314 | adv/moduleC 0.07/0.38 | disc_steps 3 | grad(main/disc) 9.870/1.891 | lr(main/disc) 8.50e-05/3.20e-05 | cuda_peak(alloc/resv) 21.78/28.18GB | phase(train/val/raw/train_eval) 3.7/0.6/0.6/0.0s | 4.8s
2026-08-29 22:13:00 | New best val_f1_macro_present: raw=0.5314 stable_score=0.5314 at epoch 6
2026-08-29 22:13:04 | Epoch 007/060 | loss 3.3802 | cls 2.4055 | tal 0.0343 | dual_g 0.9644 | dual_d 0.8852 | train_acc 0.7101 | train_full n/a | val_acc 0.6667 | val_f1 0.6899 | adv/moduleC 0.13/0.50 | disc_steps 3 | grad(main/disc) 9.978/1.766 | lr(main/disc) 8.50e-05/3.20e-05 | cuda_peak(alloc/resv) 21.78/28.18GB | phase(train/val/raw/train_eval) 3.5/0.6/0.6/0.0s | 4.7s
2026-08-29 22:13:07 | New best val_f1_macro_present: raw=0.6899 stable_score=0.6899 at epoch 7
2026-08-29 22:13:11 | Epoch 008/060 | loss 3.3654 | cls 2.2326 | tal 0.0680 | dual_g 1.1124 | dual_d 0.9108 | train_acc 0.7355 | train_full n/a | val_acc 0.6500 | val_f1 0.6876 | adv/moduleC 0.20/0.62 | disc_steps 3 | grad(main/disc) 10.050/1.757 | lr(main/disc) 8.50e-05/3.20e-05 | cuda_peak(alloc/resv) 21.78/28.18GB | phase(train/val/raw/train_eval) 3.7/0.6/0.0/0.0s | 4.3s
2026-08-29 22:13:16 | Epoch 009/060 | loss 3.1677 | cls 1.9650 | tal 0.0211 | dual_g 1.1964 | dual_d 0.9020 | train_acc 0.8025 | train_full n/a | val_acc 0.6750 | val_f1 0.7090 | adv/moduleC 0.27/0.75 | disc_steps 3 | grad(main/disc) 9.479/1.725 | lr(main/disc) 8.50e-05/3.20e-05 | cuda_peak(alloc/resv) 21.78/28.18GB | phase(train/val/raw/train_eval) 3.2/0.6/0.6/0.0s | 4.4s
2026-08-29 22:13:18 | New best val_f1_macro_present: raw=0.7090 stable_score=0.7090 at epoch 9
2026-08-29 22:13:24 | Epoch 010/060 | loss 3.2246 | cls 1.8867 | tal 0.0267 | dual_g 1.3298 | dual_d 0.8483 | train_acc 0.8297 | train_full 0.7634 | val_acc 0.6833 | val_f1 0.6591 | adv/moduleC 0.33/0.88 | disc_steps 3 | grad(main/disc) 13.198/1.653 | lr(main/disc) 8.50e-05/3.20e-05 | cuda_peak(alloc/resv) 21.78/28.18GB | phase(train/val/raw/train_eval) 3.5/0.6/0.6/0.9s | 5.6s
2026-08-29 22:13:29 | Epoch 011/060 | loss 3.1820 | cls 1.7441 | tal 0.0158 | dual_g 1.4332 | dual_d 0.8295 | train_acc 0.8641 | train_full n/a | val_acc 0.8583 | val_f1 0.8269 | adv/moduleC 0.40/1.00 | disc_steps 3 | grad(main/disc) 12.488/1.564 | lr(main/disc) 8.50e-05/3.20e-05 | cuda_peak(alloc/resv) 21.78/28.18GB | phase(train/val/raw/train_eval) 3.6/0.6/0.6/0.0s | 4.7s
2026-08-29 22:13:32 | New best val_f1_macro_present: raw=0.8269 stable_score=0.8269 at epoch 11
2026-08-29 22:13:36 | Epoch 012/060 | loss 3.0122 | cls 1.6527 | tal -0.0037 | dual_g 1.3606 | dual_d 0.8728 | train_acc 0.8841 | train_full n/a | val_acc 0.8250 | val_f1 0.7909 | adv/moduleC 0.47/1.00 | disc_steps 3 | grad(main/disc) 9.912/1.578 | lr(main/disc) 8.50e-05/3.20e-05 | cuda_peak(alloc/resv) 21.78/28.18GB | phase(train/val/raw/train_eval) 3.7/0.6/0.0/0.0s | 4.3s
2026-08-29 22:13:40 | Epoch 013/060 | loss 2.9104 | cls 1.6034 | tal -0.0308 | dual_g 1.3162 | dual_d 0.8486 | train_acc 0.8877 | train_full n/a | val_acc 0.7833 | val_f1 0.7510 | adv/moduleC 0.53/1.00 | disc_steps 3 | grad(main/disc) 9.360/1.507 | lr(main/disc) 8.50e-05/3.20e-05 | cuda_peak(alloc/resv) 21.78/28.18GB | phase(train/val/raw/train_eval) 3.3/0.6/0.0/0.0s | 3.9s
2026-08-29 22:13:44 | Epoch 014/060 | loss 2.7968 | cls 1.5349 | tal -0.0483 | dual_g 1.2764 | dual_d 0.8262 | train_acc 0.9058 | train_full n/a | val_acc 0.8417 | val_f1 0.7964 | adv/moduleC 0.60/1.00 | disc_steps 3 | grad(main/disc) 8.523/1.526 | lr(main/disc) 8.50e-05/3.20e-05 | cuda_peak(alloc/resv) 21.78/28.18GB | phase(train/val/raw/train_eval) 3.5/0.6/0.0/0.0s | 4.0s
2026-08-29 22:13:49 | Epoch 015/060 | loss 2.6993 | cls 1.5064 | tal -0.0665 | dual_g 1.2128 | dual_d 0.8396 | train_acc 0.9239 | train_full 0.8516 | val_acc 0.8417 | val_f1 0.7881 | adv/moduleC 0.67/1.00 | disc_steps 3 | grad(main/disc) 9.195/1.463 | lr(main/disc) 8.50e-05/3.20e-05 | cuda_peak(alloc/resv) 21.78/28.18GB | phase(train/val/raw/train_eval) 3.3/0.6/0.6/0.8s | 5.3s
2026-08-29 22:13:53 | Epoch 016/060 | loss 2.6590 | cls 1.4697 | tal -0.0020 | dual_g 1.1900 | dual_d 0.8828 | train_acc 0.9402 | train_full n/a | val_acc 0.8333 | val_f1 0.7903 | adv/moduleC 0.73/1.00 | disc_steps 3 | grad(main/disc) 9.130/1.484 | lr(main/disc) 8.50e-05/3.20e-05 | cuda_peak(alloc/resv) 21.78/28.18GB | phase(train/val/raw/train_eval) 3.4/0.6/0.0/0.0s | 4.0s
2026-08-29 22:13:58 | Epoch 017/060 | loss 2.6033 | cls 1.4276 | tal -0.0188 | dual_g 1.1813 | dual_d 0.9120 | train_acc 0.9583 | train_full n/a | val_acc 0.8750 | val_f1 0.8468 | adv/moduleC 0.80/1.00 | disc_steps 3 | grad(main/disc) 7.988/1.493 | lr(main/disc) 8.50e-05/3.20e-05 | cuda_peak(alloc/resv) 21.78/28.18GB | phase(train/val/raw/train_eval) 3.5/0.6/0.6/0.0s | 4.6s
2026-08-29 22:14:01 | New best val_f1_macro_present: raw=0.8468 stable_score=0.8468 at epoch 17
2026-08-29 22:14:04 | Epoch 018/060 | loss 2.5329 | cls 1.3756 | tal 0.0314 | dual_g 1.1479 | dual_d 0.9055 | train_acc 0.9674 | train_full n/a | val_acc 0.8833 | val_f1 0.8381 | adv/moduleC 0.87/1.00 | disc_steps 3 | grad(main/disc) 6.651/1.527 | lr(main/disc) 8.50e-05/3.20e-05 | cuda_peak(alloc/resv) 21.78/28.18GB | phase(train/val/raw/train_eval) 3.2/0.6/0.0/0.0s | 3.8s
2026-08-29 22:14:08 | Epoch 019/060 | loss 2.5329 | cls 1.3810 | tal 0.0007 | dual_g 1.1518 | dual_d 0.9341 | train_acc 0.9783 | train_full n/a | val_acc 0.8667 | val_f1 0.8177 | adv/moduleC 0.93/1.00 | disc_steps 3 | grad(main/disc) 7.786/1.517 | lr(main/disc) 8.50e-05/3.20e-05 | cuda_peak(alloc/resv) 21.78/28.18GB | phase(train/val/raw/train_eval) 3.5/0.6/0.0/0.0s | 4.1s
2026-08-29 22:14:14 | Epoch 020/060 | loss 2.4890 | cls 1.3494 | tal -0.0059 | dual_g 1.1414 | dual_d 0.9596 | train_acc 0.9746 | train_full 0.9333 | val_acc 0.8917 | val_f1 0.8422 | adv/moduleC 1.00/1.00 | disc_steps 3 | grad(main/disc) 6.838/1.542 | lr(main/disc) 8.50e-05/3.20e-05 | cuda_peak(alloc/resv) 21.78/28.18GB | phase(train/val/raw/train_eval) 3.4/0.6/0.6/0.8s | 5.4s
2026-08-29 22:14:18 | Epoch 021/060 | loss 2.4441 | cls 1.3397 | tal 0.0197 | dual_g 1.0985 | dual_d 0.9329 | train_acc 0.9801 | train_full n/a | val_acc 0.9417 | val_f1 0.8950 | adv/moduleC 1.00/1.00 | disc_steps 3 | grad(main/disc) 5.404/1.458 | lr(main/disc) 8.50e-05/3.20e-05 | cuda_peak(alloc/resv) 21.78/28.18GB | phase(train/val/raw/train_eval) 3.1/0.6/0.6/0.0s | 4.3s
2026-08-29 22:14:21 | New best val_f1_macro_present: raw=0.8950 stable_score=0.8950 at epoch 21
2026-08-29 22:14:25 | Epoch 022/060 | loss 2.4189 | cls 1.3300 | tal 0.0270 | dual_g 1.0808 | dual_d 0.9682 | train_acc 0.9746 | train_full n/a | val_acc 0.9167 | val_f1 0.8736 | adv/moduleC 1.00/1.00 | disc_steps 3 | grad(main/disc) 5.402/1.483 | lr(main/disc) 8.50e-05/3.20e-05 | cuda_peak(alloc/resv) 21.78/28.18GB | phase(train/val/raw/train_eval) 3.2/0.6/0.0/0.0s | 3.8s
2026-08-29 22:14:29 | Epoch 023/060 | loss 2.4035 | cls 1.3227 | tal -0.0156 | dual_g 1.0856 | dual_d 0.9813 | train_acc 0.9764 | train_full n/a | val_acc 0.8750 | val_f1 0.8677 | adv/moduleC 1.00/1.00 | disc_steps 3 | grad(main/disc) 6.019/1.475 | lr(main/disc) 8.50e-05/3.20e-05 | cuda_peak(alloc/resv) 21.78/28.18GB | phase(train/val/raw/train_eval) 3.4/0.6/0.0/0.0s | 4.0s
2026-08-29 22:14:33 | Epoch 024/060 | loss 2.3533 | cls 1.3107 | tal -0.0753 | dual_g 1.0652 | dual_d 1.0149 | train_acc 0.9783 | train_full n/a | val_acc 0.9250 | val_f1 0.8740 | adv/moduleC 1.00/1.00 | disc_steps 3 | grad(main/disc) 5.317/1.538 | lr(main/disc) 8.50e-05/3.20e-05 | cuda_peak(alloc/resv) 21.78/28.18GB | phase(train/val/raw/train_eval) 3.2/0.6/0.0/0.0s | 3.8s
2026-08-29 22:14:38 | Epoch 025/060 | loss 2.3682 | cls 1.3118 | tal -0.0036 | dual_g 1.0574 | dual_d 0.9777 | train_acc 0.9819 | train_full 0.9634 | val_acc 0.9000 | val_f1 0.8789 | adv/moduleC 1.00/1.00 | disc_steps 3 | grad(main/disc) 5.211/1.440 | lr(main/disc) 8.50e-05/3.20e-05 | cuda_peak(alloc/resv) 21.78/28.18GB | phase(train/val/raw/train_eval) 3.5/0.6/0.6/0.8s | 5.4s
2026-08-29 22:14:42 | Epoch 026/060 | loss 2.3203 | cls 1.2849 | tal -0.0150 | dual_g 1.0399 | dual_d 1.0501 | train_acc 0.9837 | train_full n/a | val_acc 0.9000 | val_f1 0.8601 | adv/moduleC 1.00/1.00 | disc_steps 3 | grad(main/disc) 5.069/1.544 | lr(main/disc) 8.50e-05/3.20e-05 | cuda_peak(alloc/resv) 21.78/28.18GB | phase(train/val/raw/train_eval) 3.3/0.6/0.0/0.0s | 3.9s
2026-08-29 22:14:46 | Epoch 027/060 | loss 2.3297 | cls 1.2919 | tal -0.0059 | dual_g 1.0396 | dual_d 1.0147 | train_acc 0.9783 | train_full n/a | val_acc 0.9417 | val_f1 0.9320 | adv/moduleC 1.00/1.00 | disc_steps 3 | grad(main/disc) 5.736/1.465 | lr(main/disc) 8.50e-05/3.20e-05 | cuda_peak(alloc/resv) 21.78/28.18GB | phase(train/val/raw/train_eval) 3.3/0.6/0.6/0.0s | 4.5s
2026-08-29 22:14:49 | New best val_f1_macro_present: raw=0.9320 stable_score=0.9320 at epoch 27
2026-08-29 22:14:53 | Epoch 028/060 | loss 2.2760 | cls 1.2630 | tal -0.0684 | dual_g 1.0335 | dual_d 1.0645 | train_acc 0.9928 | train_full n/a | val_acc 0.8917 | val_f1 0.8679 | adv/moduleC 1.00/1.00 | disc_steps 3 | grad(main/disc) 5.102/1.541 | lr(main/disc) 8.50e-05/3.20e-05 | cuda_peak(alloc/resv) 21.78/28.18GB | phase(train/val/raw/train_eval) 3.3/0.6/0.0/0.0s | 3.9s
2026-08-29 22:14:57 | Epoch 029/060 | loss 2.2659 | cls 1.2622 | tal -0.0626 | dual_g 1.0224 | dual_d 1.0739 | train_acc 0.9891 | train_full n/a | val_acc 0.9500 | val_f1 0.9166 | adv/moduleC 1.00/1.00 | disc_steps 3 | grad(main/disc) 4.399/1.512 | lr(main/disc) 8.50e-05/3.20e-05 | cuda_peak(alloc/resv) 21.78/28.18GB | phase(train/val/raw/train_eval) 3.3/0.6/0.0/0.0s | 3.9s
2026-08-29 22:15:02 | Epoch 030/060 | loss 2.2421 | cls 1.2485 | tal -0.0786 | dual_g 1.0172 | dual_d 1.0302 | train_acc 0.9928 | train_full 0.9570 | val_acc 0.9333 | val_f1 0.9292 | adv/moduleC 1.00/1.00 | disc_steps 3 | grad(main/disc) 3.403/1.435 | lr(main/disc) 8.50e-05/3.20e-05 | cuda_peak(alloc/resv) 21.78/28.18GB | phase(train/val/raw/train_eval) 3.5/0.6/0.6/0.8s | 5.5s
2026-08-29 22:15:06 | Epoch 031/060 | loss 2.2047 | cls 1.2370 | tal -0.1169 | dual_g 1.0028 | dual_d 1.0855 | train_acc 0.9946 | train_full n/a | val_acc 0.9000 | val_f1 0.8739 | adv/moduleC 1.00/1.00 | disc_steps 3 | grad(main/disc) 3.487/1.490 | lr(main/disc) 8.50e-05/3.20e-05 | cuda_peak(alloc/resv) 21.78/28.18GB | phase(train/val/raw/train_eval) 3.1/0.6/0.0/0.0s | 3.7s
2026-08-29 22:15:10 | Epoch 032/060 | loss 2.1838 | cls 1.2252 | tal -0.1198 | dual_g 0.9945 | dual_d 1.1055 | train_acc 0.9982 | train_full n/a | val_acc 0.9250 | val_f1 0.8947 | adv/moduleC 1.00/1.00 | disc_steps 3 | grad(main/disc) 3.246/1.502 | lr(main/disc) 8.50e-05/3.20e-05 | cuda_peak(alloc/resv) 21.78/28.18GB | phase(train/val/raw/train_eval) 3.3/0.6/0.0/0.0s | 3.9s
2026-08-29 22:15:14 | Epoch 033/060 | loss 2.2156 | cls 1.2449 | tal -0.0993 | dual_g 1.0005 | dual_d 1.0963 | train_acc 0.9891 | train_full n/a | val_acc 0.9500 | val_f1 0.9211 | adv/moduleC 1.00/1.00 | disc_steps 3 | grad(main/disc) 3.141/1.438 | lr(main/disc) 8.50e-05/3.20e-05 | cuda_peak(alloc/resv) 21.78/28.18GB | phase(train/val/raw/train_eval) 3.2/0.6/0.0/0.0s | 3.8s
2026-08-29 22:15:18 | Epoch 034/060 | loss 2.1995 | cls 1.2276 | tal -0.0790 | dual_g 0.9956 | dual_d 1.1026 | train_acc 0.9928 | train_full n/a | val_acc 0.9500 | val_f1 0.9197 | adv/moduleC 1.00/1.00 | disc_steps 3 | grad(main/disc) 3.391/1.423 | lr(main/disc) 8.50e-05/3.20e-05 | cuda_peak(alloc/resv) 21.78/28.18GB | phase(train/val/raw/train_eval) 3.5/0.6/0.0/0.0s | 4.1s
2026-08-29 22:15:23 | Epoch 035/060 | loss 2.1838 | cls 1.2237 | tal -0.1016 | dual_g 0.9905 | dual_d 1.1386 | train_acc 0.9982 | train_full 0.9613 | val_acc 0.9250 | val_f1 0.8855 | adv/moduleC 1.00/1.00 | disc_steps 3 | grad(main/disc) 3.186/1.470 | lr(main/disc) 8.50e-05/3.20e-05 | cuda_peak(alloc/resv) 21.78/28.18GB | phase(train/val/raw/train_eval) 3.3/0.6/0.6/0.8s | 5.3s
2026-08-29 22:15:28 | Epoch 036/060 | loss 2.1905 | cls 1.2340 | tal -0.1098 | dual_g 0.9894 | dual_d 1.1345 | train_acc 0.9873 | train_full n/a | val_acc 0.9667 | val_f1 0.9440 | adv/moduleC 1.00/1.00 | disc_steps 3 | grad(main/disc) 3.562/1.493 | lr(main/disc) 8.50e-05/3.20e-05 | cuda_peak(alloc/resv) 21.78/28.18GB | phase(train/val/raw/train_eval) 3.4/0.6/0.6/0.0s | 4.5s
2026-08-29 22:15:31 | New best val_f1_macro_present: raw=0.9440 stable_score=0.9440 at epoch 36
2026-08-29 22:15:34 | Epoch 037/060 | loss 2.1433 | cls 1.2125 | tal -0.1219 | dual_g 0.9674 | dual_d 1.1313 | train_acc 0.9946 | train_full n/a | val_acc 0.9417 | val_f1 0.9227 | adv/moduleC 1.00/1.00 | disc_steps 3 | grad(main/disc) 2.642/1.474 | lr(main/disc) 8.50e-05/3.20e-05 | cuda_peak(alloc/resv) 21.78/28.18GB | phase(train/val/raw/train_eval) 3.2/0.6/0.0/0.0s | 3.8s
2026-08-29 22:15:39 | Epoch 038/060 | loss 2.1360 | cls 1.2124 | tal -0.1394 | dual_g 0.9654 | dual_d 1.1086 | train_acc 0.9982 | train_full n/a | val_acc 0.9583 | val_f1 0.9262 | adv/moduleC 1.00/1.00 | disc_steps 3 | grad(main/disc) 2.467/1.459 | lr(main/disc) 8.50e-05/3.20e-05 | cuda_peak(alloc/resv) 21.78/28.18GB | phase(train/val/raw/train_eval) 3.7/0.6/0.0/0.0s | 4.3s
2026-08-29 22:15:43 | Epoch 039/060 | loss 2.1338 | cls 1.2054 | tal -0.1118 | dual_g 0.9620 | dual_d 1.1224 | train_acc 0.9964 | train_full n/a | val_acc 0.9167 | val_f1 0.8987 | adv/moduleC 1.00/1.00 | disc_steps 3 | grad(main/disc) 2.475/1.467 | lr(main/disc) 8.50e-05/3.20e-05 | cuda_peak(alloc/resv) 21.78/28.18GB | phase(train/val/raw/train_eval) 3.5/0.6/0.0/0.0s | 4.0s
2026-08-29 22:15:48 | Epoch 040/060 | loss 2.1326 | cls 1.2091 | tal -0.1353 | dual_g 0.9640 | dual_d 1.1641 | train_acc 0.9946 | train_full 0.9828 | val_acc 0.9250 | val_f1 0.8966 | adv/moduleC 1.00/1.00 | disc_steps 3 | grad(main/disc) 2.708/1.503 | lr(main/disc) 8.50e-05/3.20e-05 | cuda_peak(alloc/resv) 21.78/28.18GB | phase(train/val/raw/train_eval) 3.2/0.6/0.6/0.8s | 5.2s
2026-08-29 22:15:52 | Epoch 041/060 | loss 2.1298 | cls 1.2099 | tal -0.1492 | dual_g 0.9647 | dual_d 1.0952 | train_acc 0.9982 | train_full n/a | val_acc 0.9667 | val_f1 0.9368 | adv/moduleC 1.00/1.00 | disc_steps 3 | grad(main/disc) 3.042/1.370 | lr(main/disc) 8.50e-05/3.20e-05 | cuda_peak(alloc/resv) 21.78/28.18GB | phase(train/val/raw/train_eval) 3.4/0.6/0.0/0.0s | 4.0s
2026-08-29 22:15:56 | Epoch 042/060 | loss 2.1204 | cls 1.2082 | tal -0.1326 | dual_g 0.9520 | dual_d 1.1393 | train_acc 1.0000 | train_full n/a | val_acc 0.9417 | val_f1 0.9283 | adv/moduleC 1.00/1.00 | disc_steps 3 | grad(main/disc) 2.750/1.441 | lr(main/disc) 8.50e-05/3.20e-05 | cuda_peak(alloc/resv) 21.78/28.18GB | phase(train/val/raw/train_eval) 3.4/0.6/0.0/0.0s | 4.0s
2026-08-29 22:16:00 | Epoch 043/060 | loss 2.1129 | cls 1.2011 | tal -0.1334 | dual_g 0.9518 | dual_d 1.1282 | train_acc 0.9982 | train_full n/a | val_acc 0.9417 | val_f1 0.9136 | adv/moduleC 1.00/1.00 | disc_steps 3 | grad(main/disc) 2.588/1.397 | lr(main/disc) 8.50e-05/3.20e-05 | cuda_peak(alloc/resv) 21.78/28.18GB | phase(train/val/raw/train_eval) 3.2/0.6/0.0/0.0s | 3.8s
2026-08-29 22:16:04 | Epoch 044/060 | loss 2.1054 | cls 1.2004 | tal -0.1648 | dual_g 0.9545 | dual_d 1.1778 | train_acc 0.9982 | train_full n/a | val_acc 0.9583 | val_f1 0.9208 | adv/moduleC 1.00/1.00 | disc_steps 3 | grad(main/disc) 2.624/1.469 | lr(main/disc) 8.50e-05/3.20e-05 | cuda_peak(alloc/resv) 21.78/28.18GB | phase(train/val/raw/train_eval) 3.6/0.6/0.0/0.0s | 4.2s
2026-08-29 22:16:09 | Epoch 045/060 | loss 2.1019 | cls 1.1973 | tal -0.1550 | dual_g 0.9511 | dual_d 1.1389 | train_acc 0.9982 | train_full 0.9957 | val_acc 0.9750 | val_f1 0.9626 | adv/moduleC 1.00/1.00 | disc_steps 3 | grad(main/disc) 2.255/1.450 | lr(main/disc) 8.50e-05/3.20e-05 | cuda_peak(alloc/resv) 21.78/28.18GB | phase(train/val/raw/train_eval) 3.4/0.6/0.6/0.9s | 5.4s
2026-08-29 22:16:12 | New best val_f1_macro_present: raw=0.9626 stable_score=0.9626 at epoch 45
2026-08-29 22:16:16 | Epoch 046/060 | loss 2.0958 | cls 1.1913 | tal -0.1467 | dual_g 0.9485 | dual_d 1.1806 | train_acc 0.9982 | train_full n/a | val_acc 0.9833 | val_f1 0.9624 | adv/moduleC 1.00/1.00 | disc_steps 3 | grad(main/disc) 2.352/1.486 | lr(main/disc) 8.50e-05/3.20e-05 | cuda_peak(alloc/resv) 21.78/28.18GB | phase(train/val/raw/train_eval) 3.3/0.6/0.0/0.0s | 3.9s
2026-08-29 22:16:20 | Epoch 047/060 | loss 2.0923 | cls 1.1834 | tal -0.1231 | dual_g 0.9458 | dual_d 1.1559 | train_acc 1.0000 | train_full n/a | val_acc 0.9500 | val_f1 0.9164 | adv/moduleC 1.00/1.00 | disc_steps 3 | grad(main/disc) 2.163/1.417 | lr(main/disc) 8.50e-05/3.20e-05 | cuda_peak(alloc/resv) 21.78/28.18GB | phase(train/val/raw/train_eval) 3.5/0.6/0.0/0.0s | 4.1s
2026-08-29 22:16:24 | Epoch 048/060 | loss 2.0741 | cls 1.1848 | tal -0.1619 | dual_g 0.9379 | dual_d 1.1432 | train_acc 0.9982 | train_full n/a | val_acc 0.9667 | val_f1 0.9298 | adv/moduleC 1.00/1.00 | disc_steps 3 | grad(main/disc) 2.182/1.421 | lr(main/disc) 8.50e-05/3.20e-05 | cuda_peak(alloc/resv) 21.78/28.18GB | phase(train/val/raw/train_eval) 3.7/0.6/0.0/0.0s | 4.3s
2026-08-29 22:16:28 | Epoch 049/060 | loss 2.0844 | cls 1.1929 | tal -0.1520 | dual_g 0.9370 | dual_d 1.1527 | train_acc 0.9982 | train_full n/a | val_acc 0.9750 | val_f1 0.9626 | adv/moduleC 1.00/1.00 | disc_steps 3 | grad(main/disc) 2.382/1.412 | lr(main/disc) 8.50e-05/3.20e-05 | cuda_peak(alloc/resv) 21.78/28.18GB | phase(train/val/raw/train_eval) 3.2/0.6/0.0/0.0s | 3.8s
2026-08-29 22:16:34 | Epoch 050/060 | loss 2.0681 | cls 1.1931 | tal -0.1765 | dual_g 0.9279 | dual_d 1.1307 | train_acc 0.9982 | train_full 0.9720 | val_acc 0.9583 | val_f1 0.9427 | adv/moduleC 1.00/1.00 | disc_steps 3 | grad(main/disc) 2.351/1.399 | lr(main/disc) 8.50e-05/3.20e-05 | cuda_peak(alloc/resv) 21.78/28.18GB | phase(train/val/raw/train_eval) 3.7/0.6/0.6/0.8s | 5.7s
2026-08-29 22:16:38 | Epoch 051/060 | loss 2.0696 | cls 1.1852 | tal -0.1668 | dual_g 0.9344 | dual_d 1.1398 | train_acc 0.9982 | train_full n/a | val_acc 0.9583 | val_f1 0.9418 | adv/moduleC 1.00/1.00 | disc_steps 3 | grad(main/disc) 1.921/1.379 | lr(main/disc) 8.50e-05/3.20e-05 | cuda_peak(alloc/resv) 21.78/28.18GB | phase(train/val/raw/train_eval) 3.4/0.6/0.0/0.0s | 4.0s
2026-08-29 22:16:42 | Epoch 052/060 | loss 2.0617 | cls 1.1859 | tal -0.2015 | dual_g 0.9363 | dual_d 1.1335 | train_acc 0.9946 | train_full n/a | val_acc 0.9667 | val_f1 0.9557 | adv/moduleC 1.00/1.00 | disc_steps 3 | grad(main/disc) 2.414/1.405 | lr(main/disc) 8.50e-05/3.20e-05 | cuda_peak(alloc/resv) 21.78/28.18GB | phase(train/val/raw/train_eval) 3.2/0.6/0.0/0.0s | 3.8s
2026-08-29 22:16:46 | Epoch 053/060 | loss 2.0496 | cls 1.1806 | tal -0.2070 | dual_g 0.9311 | dual_d 1.1271 | train_acc 0.9982 | train_full n/a | val_acc 0.8917 | val_f1 0.8836 | adv/moduleC 1.00/1.00 | disc_steps 3 | grad(main/disc) 2.101/1.382 | lr(main/disc) 8.50e-05/3.20e-05 | cuda_peak(alloc/resv) 21.78/28.18GB | phase(train/val/raw/train_eval) 3.5/0.6/0.0/0.0s | 4.1s
2026-08-29 22:16:50 | Epoch 054/060 | loss 2.0357 | cls 1.1791 | tal -0.2412 | dual_g 0.9289 | dual_d 1.1463 | train_acc 0.9964 | train_full n/a | val_acc 0.9333 | val_f1 0.9235 | adv/moduleC 1.00/1.00 | disc_steps 3 | grad(main/disc) 2.083/1.374 | lr(main/disc) 4.25e-05/1.60e-05 | cuda_peak(alloc/resv) 21.78/28.18GB | phase(train/val/raw/train_eval) 3.6/0.6/0.0/0.0s | 4.2s
2026-08-29 22:16:56 | Epoch 055/060 | loss 2.0471 | cls 1.1881 | tal -0.2117 | dual_g 0.9225 | dual_d 1.1605 | train_acc 0.9982 | train_full 0.9871 | val_acc 0.9750 | val_f1 0.9626 | adv/moduleC 1.00/1.00 | disc_steps 3 | grad(main/disc) 2.524/1.378 | lr(main/disc) 4.25e-05/1.60e-05 | cuda_peak(alloc/resv) 21.78/28.18GB | phase(train/val/raw/train_eval) 3.6/0.6/0.6/0.8s | 5.6s
2026-08-29 22:16:59 | Epoch 056/060 | loss 2.0478 | cls 1.1812 | tal -0.2105 | dual_g 0.9297 | dual_d 1.1111 | train_acc 1.0000 | train_full n/a | val_acc 0.9750 | val_f1 0.9626 | adv/moduleC 1.00/1.00 | disc_steps 3 | grad(main/disc) 2.264/1.356 | lr(main/disc) 4.25e-05/1.60e-05 | cuda_peak(alloc/resv) 21.78/28.18GB | phase(train/val/raw/train_eval) 3.3/0.6/0.0/0.0s | 3.9s
2026-08-29 22:17:03 | Epoch 057/060 | loss 2.0219 | cls 1.1638 | tal -0.2142 | dual_g 0.9224 | dual_d 1.1330 | train_acc 1.0000 | train_full n/a | val_acc 0.9750 | val_f1 0.9626 | adv/moduleC 1.00/1.00 | disc_steps 3 | grad(main/disc) 1.536/1.355 | lr(main/disc) 4.25e-05/1.60e-05 | cuda_peak(alloc/resv) 21.78/28.18GB | phase(train/val/raw/train_eval) 3.3/0.6/0.0/0.0s | 3.9s
2026-08-29 22:17:07 | Epoch 058/060 | loss 2.0289 | cls 1.1728 | tal -0.2168 | dual_g 0.9211 | dual_d 1.1390 | train_acc 1.0000 | train_full n/a | val_acc 0.9667 | val_f1 0.9466 | adv/moduleC 1.00/1.00 | disc_steps 3 | grad(main/disc) 1.687/1.351 | lr(main/disc) 4.25e-05/1.60e-05 | cuda_peak(alloc/resv) 21.78/28.18GB | phase(train/val/raw/train_eval) 3.4/0.6/0.0/0.0s | 4.0s
2026-08-29 22:17:12 | Epoch 059/060 | loss 2.0219 | cls 1.1655 | tal -0.2065 | dual_g 0.9184 | dual_d 1.1345 | train_acc 1.0000 | train_full n/a | val_acc 0.9833 | val_f1 0.9714 | adv/moduleC 1.00/1.00 | disc_steps 3 | grad(main/disc) 2.201/1.370 | lr(main/disc) 4.25e-05/1.60e-05 | cuda_peak(alloc/resv) 21.78/28.18GB | phase(train/val/raw/train_eval) 3.2/0.6/0.6/0.0s | 4.4s
2026-08-29 22:17:15 | New best val_f1_macro_present: raw=0.9714 stable_score=0.9714 at epoch 59
2026-08-29 22:17:20 | Epoch 060/060 | loss 2.0222 | cls 1.1724 | tal -0.2255 | dual_g 0.9174 | dual_d 1.1362 | train_acc 1.0000 | train_full 0.9914 | val_acc 0.9833 | val_f1 0.9714 | adv/moduleC 1.00/1.00 | disc_steps 3 | grad(main/disc) 1.799/1.363 | lr(main/disc) 4.25e-05/1.60e-05 | cuda_peak(alloc/resv) 21.78/28.18GB | phase(train/val/raw/train_eval) 3.2/0.6/0.6/0.8s | 5.2s
2026-08-29 22:17:20 | Training complete. Peak validation accuracy: 0.9833 | selected val_f1_macro_present: 0.9714
2026-08-29 22:17:20 | Starting Dual_D standalone training
2026-08-29 22:17:20 | Run directory: runs/module_c_ablation_60_v8/module_c_20260829_205331/module_c_no_identity_黑天_20260829_221218
2026-08-29 22:17:20 | Device: cuda
2026-08-29 22:17:20 | Source train samples: 992
2026-08-29 22:17:20 | Target train samples: 465
2026-08-29 22:17:20 | Target val samples: 120
2026-08-29 22:17:20 | Classes: 14
2026-08-29 22:17:20 | Data audit: same_dir=False | path_overlap(vis/ir/ais)=0/0/0 | content_overlap(vis/ir/ais)=0/0/0 | ais_index_overlap=0 | stem_mismatch(vis-ir/vis-ais)=578/0
2026-08-29 22:17:20 | source_train classes: present 14/14 | absent 0 | counts [0:120, 1:44, 2:69, 3:45, 4:40, 5:30, 6:64, 7:80, 8:116, 9:68, 10:57, 11:83, 12:48, 13:128]
2026-08-29 22:17:20 | target_train classes: present 8/14 | absent 6 | counts [0:100, 2:11, 3:16, 6:89, 9:162, 10:12, 11:44, 13:31]
2026-08-29 22:17:20 | target_val classes: present 8/14 | absent 6 | counts [0:26, 2:3, 3:5, 6:23, 9:41, 10:3, 11:11, 13:8]
2026-08-29 22:17:20 | Paired training classes: 8/14 | class ids [0, 2, 3, 6, 9, 10, 11, 13]
2026-08-29 22:17:20 | Runtime profile: batch=92 | paired_steps=6 | workers=16 | train_eval_every=5 | raw_eval_every=5 | stability_window=1 | lr_scheduler_start=24 | early_stop=15 after min_epoch=48
2026-08-29 22:17:20 | VIS/IR pairing: class-level-unpaired | count-mismatch classes train/val: 10/0 | AIS alignment: none | AIS rows train/val: 0/0
2026-08-29 22:17:21 | Effective Dual-D loss weights: {"adv_auxiliary": 0.03, "adv_primary": 0.03, "classification": 0.65, "contrastive": 0.055, "cycle": 0.16, "identity": 0.0, "prototype_contrastive": 0.03}
2026-08-29 22:17:21 | Model parameters: total=17277714 | trainable=17120210
Starting run 2/9: domain=黑天, iteration=2, seed=43
2026-08-29 22:17:27 | Epoch 001/060 | loss 6.0125 | cls 5.9495 | tal 0.2100 | dual_g 0.0000 | dual_d 0.0000 | train_acc 0.1051 | train_full 0.0688 | val_acc 0.0250 | val_f1 0.0079 | adv/moduleC 0.00/0.00 | disc_steps 0 | grad(main/disc) 16.883/0.000 | lr(main/disc) 8.50e-05/3.20e-05 | cuda_peak(alloc/resv) 21.77/28.18GB | phase(train/val/raw/train_eval) 4.6/0.6/0.6/0.8s | 6.6s
2026-08-29 22:17:30 | New best val_f1_macro_present: raw=0.0079 stable_score=0.0079 at epoch 1
2026-08-29 22:17:35 | Epoch 002/060 | loss 4.6147 | cls 4.5378 | tal 0.2564 | dual_g 0.0000 | dual_d 0.0000 | train_acc 0.2391 | train_full n/a | val_acc 0.2750 | val_f1 0.1328 | adv/moduleC 0.00/0.00 | disc_steps 0 | grad(main/disc) 12.631/0.000 | lr(main/disc) 8.50e-05/3.20e-05 | cuda_peak(alloc/resv) 21.77/28.18GB | phase(train/val/raw/train_eval) 3.2/0.7/0.6/0.0s | 4.6s
2026-08-29 22:17:38 | New best val_f1_macro_present: raw=0.1328 stable_score=0.1328 at epoch 2
2026-08-29 22:17:42 | Epoch 003/060 | loss 3.9222 | cls 3.8540 | tal 0.2272 | dual_g 0.0000 | dual_d 0.0000 | train_acc 0.3623 | train_full n/a | val_acc 0.0667 | val_f1 0.0898 | adv/moduleC 0.00/0.00 | disc_steps 0 | grad(main/disc) 10.879/0.000 | lr(main/disc) 8.50e-05/3.20e-05 | cuda_peak(alloc/resv) 21.77/28.18GB | phase(train/val/raw/train_eval) 3.5/0.6/0.0/0.0s | 4.1s
2026-08-29 22:17:46 | Epoch 004/060 | loss 3.7373 | cls 3.3675 | tal 0.1091 | dual_g 0.3371 | dual_d 0.0000 | train_acc 0.4529 | train_full n/a | val_acc 0.0583 | val_f1 0.0654 | adv/moduleC 0.00/0.12 | disc_steps 0 | grad(main/disc) 10.108/0.000 | lr(main/disc) 8.50e-05/3.20e-05 | cuda_peak(alloc/resv) 21.77/28.18GB | phase(train/val/raw/train_eval) 3.2/0.6/0.0/0.0s | 3.8s
2026-08-29 22:17:51 | Epoch 005/060 | loss 3.5108 | cls 2.9160 | tal 0.0048 | dual_g 0.5934 | dual_d 0.0000 | train_acc 0.5525 | train_full 0.1720 | val_acc 0.1750 | val_f1 0.2216 | adv/moduleC 0.00/0.25 | disc_steps 0 | grad(main/disc) 10.058/0.000 | lr(main/disc) 8.50e-05/3.20e-05 | cuda_peak(alloc/resv) 21.77/28.18GB | phase(train/val/raw/train_eval) 3.6/0.6/0.6/0.8s | 5.6s
2026-08-29 22:17:54 | New best val_f1_macro_present: raw=0.2216 stable_score=0.2216 at epoch 5
2026-08-29 22:17:59 | Epoch 006/060 | loss 3.5025 | cls 2.6872 | tal 0.0241 | dual_g 0.8081 | dual_d 0.9372 | train_acc 0.6576 | train_full n/a | val_acc 0.5083 | val_f1 0.5033 | adv/moduleC 0.07/0.38 | disc_steps 3 | grad(main/disc) 10.358/1.812 | lr(main/disc) 8.50e-05/3.20e-05 | cuda_peak(alloc/resv) 21.77/28.18GB | phase(train/val/raw/train_eval) 3.5/0.6/0.6/0.0s | 4.7s
2026-08-29 22:18:02 | New best val_f1_macro_present: raw=0.5033 stable_score=0.5033 at epoch 6
2026-08-29 22:18:06 | Epoch 007/060 | loss 3.2713 | cls 2.3306 | tal -0.0017 | dual_g 0.9412 | dual_d 0.9229 | train_acc 0.7645 | train_full n/a | val_acc 0.5500 | val_f1 0.5671 | adv/moduleC 0.13/0.50 | disc_steps 3 | grad(main/disc) 9.559/1.654 | lr(main/disc) 8.50e-05/3.20e-05 | cuda_peak(alloc/resv) 21.77/28.18GB | phase(train/val/raw/train_eval) 3.6/0.6/0.6/0.0s | 4.8s
2026-08-29 22:18:09 | New best val_f1_macro_present: raw=0.5671 stable_score=0.5671 at epoch 7
2026-08-29 22:18:14 | Epoch 008/060 | loss 3.3061 | cls 2.1960 | tal 0.0153 | dual_g 1.1055 | dual_d 0.9243 | train_acc 0.7754 | train_full n/a | val_acc 0.5833 | val_f1 0.6039 | adv/moduleC 0.20/0.62 | disc_steps 3 | grad(main/disc) 10.192/1.583 | lr(main/disc) 8.50e-05/3.20e-05 | cuda_peak(alloc/resv) 21.77/28.18GB | phase(train/val/raw/train_eval) 3.7/0.6/0.6/0.0s | 4.9s
2026-08-29 22:18:17 | New best val_f1_macro_present: raw=0.6039 stable_score=0.6039 at epoch 8
2026-08-29 22:18:21 | Epoch 009/060 | loss 3.2288 | cls 2.0015 | tal 0.0019 | dual_g 1.2267 | dual_d 0.9367 | train_acc 0.8261 | train_full n/a | val_acc 0.7583 | val_f1 0.7191 | adv/moduleC 0.27/0.75 | disc_steps 3 | grad(main/disc) 9.896/1.601 | lr(main/disc) 8.50e-05/3.20e-05 | cuda_peak(alloc/resv) 21.77/28.18GB | phase(train/val/raw/train_eval) 3.2/0.6/0.6/0.0s | 4.4s
2026-08-29 22:18:24 | New best val_f1_macro_present: raw=0.7191 stable_score=0.7191 at epoch 9
2026-08-29 22:18:30 | Epoch 010/060 | loss 3.2074 | cls 1.8809 | tal 0.0069 | dual_g 1.3244 | dual_d 0.9056 | train_acc 0.8460 | train_full 0.7634 | val_acc 0.7583 | val_f1 0.7372 | adv/moduleC 0.33/0.88 | disc_steps 3 | grad(main/disc) 9.665/1.478 | lr(main/disc) 8.50e-05/3.20e-05 | cuda_peak(alloc/resv) 21.77/28.18GB | phase(train/val/raw/train_eval) 3.6/0.6/0.6/0.8s | 5.6s
2026-08-29 22:18:33 | New best val_f1_macro_present: raw=0.7372 stable_score=0.7372 at epoch 10
2026-08-29 22:18:37 | Epoch 011/060 | loss 3.2006 | cls 1.7708 | tal -0.0424 | dual_g 1.4426 | dual_d 0.9677 | train_acc 0.8895 | train_full n/a | val_acc 0.5417 | val_f1 0.6177 | adv/moduleC 0.40/1.00 | disc_steps 3 | grad(main/disc) 10.528/1.487 | lr(main/disc) 8.50e-05/3.20e-05 | cuda_peak(alloc/resv) 21.77/28.18GB | phase(train/val/raw/train_eval) 3.3/0.6/0.0/0.0s | 3.9s
2026-08-29 22:18:41 | Epoch 012/060 | loss 3.0845 | cls 1.7016 | tal -0.0181 | dual_g 1.3884 | dual_d 0.9036 | train_acc 0.8913 | train_full n/a | val_acc 0.7000 | val_f1 0.7201 | adv/moduleC 0.47/1.00 | disc_steps 3 | grad(main/disc) 10.217/1.458 | lr(main/disc) 8.50e-05/3.20e-05 | cuda_peak(alloc/resv) 21.77/28.18GB | phase(train/val/raw/train_eval) 3.6/0.6/0.0/0.0s | 4.2s
2026-08-29 22:18:46 | Epoch 013/060 | loss 2.9168 | cls 1.5862 | tal -0.0291 | dual_g 1.3393 | dual_d 0.8961 | train_acc 0.9167 | train_full n/a | val_acc 0.7917 | val_f1 0.7632 | adv/moduleC 0.53/1.00 | disc_steps 3 | grad(main/disc) 10.608/1.361 | lr(main/disc) 8.50e-05/3.20e-05 | cuda_peak(alloc/resv) 21.77/28.18GB | phase(train/val/raw/train_eval) 3.7/0.6/0.6/0.0s | 4.8s
2026-08-29 22:18:49 | New best val_f1_macro_present: raw=0.7632 stable_score=0.7632 at epoch 13
2026-08-29 22:18:53 | Epoch 014/060 | loss 2.9168 | cls 1.5908 | tal 0.0105 | dual_g 1.3228 | dual_d 0.8979 | train_acc 0.9239 | train_full n/a | val_acc 0.7667 | val_f1 0.7454 | adv/moduleC 0.60/1.00 | disc_steps 3 | grad(main/disc) 11.817/1.381 | lr(main/disc) 8.50e-05/3.20e-05 | cuda_peak(alloc/resv) 21.77/28.18GB | phase(train/val/raw/train_eval) 3.8/0.6/0.0/0.0s | 4.4s
2026-08-29 22:18:59 | Epoch 015/060 | loss 2.8571 | cls 1.5685 | tal 0.0318 | dual_g 1.2790 | dual_d 0.8768 | train_acc 0.9293 | train_full 0.8946 | val_acc 0.8500 | val_f1 0.8095 | adv/moduleC 0.67/1.00 | disc_steps 3 | grad(main/disc) 8.629/1.354 | lr(main/disc) 8.50e-05/3.20e-05 | cuda_peak(alloc/resv) 21.77/28.18GB | phase(train/val/raw/train_eval) 3.8/0.6/0.6/0.9s | 5.8s
2026-08-29 22:19:02 | New best val_f1_macro_present: raw=0.8095 stable_score=0.8095 at epoch 15
2026-08-29 22:19:06 | Epoch 016/060 | loss 2.6797 | cls 1.4686 | tal 0.0178 | dual_g 1.2057 | dual_d 0.8560 | train_acc 0.9565 | train_full n/a | val_acc 0.8083 | val_f1 0.7827 | adv/moduleC 0.73/1.00 | disc_steps 3 | grad(main/disc) 8.748/1.265 | lr(main/disc) 8.50e-05/3.20e-05 | cuda_peak(alloc/resv) 21.77/28.18GB | phase(train/val/raw/train_eval) 3.8/0.6/0.0/0.0s | 4.3s
2026-08-29 22:19:10 | Epoch 017/060 | loss 2.6698 | cls 1.4597 | tal 0.0164 | dual_g 1.2052 | dual_d 0.8841 | train_acc 0.9547 | train_full n/a | val_acc 0.8167 | val_f1 0.7955 | adv/moduleC 0.80/1.00 | disc_steps 3 | grad(main/disc) 8.796/1.294 | lr(main/disc) 8.50e-05/3.20e-05 | cuda_peak(alloc/resv) 21.77/28.18GB | phase(train/val/raw/train_eval) 3.6/0.6/0.0/0.0s | 4.2s
2026-08-29 22:19:15 | Epoch 018/060 | loss 2.6129 | cls 1.4313 | tal -0.0104 | dual_g 1.1848 | dual_d 0.8719 | train_acc 0.9583 | train_full n/a | val_acc 0.8583 | val_f1 0.8389 | adv/moduleC 0.87/1.00 | disc_steps 3 | grad(main/disc) 8.339/1.251 | lr(main/disc) 8.50e-05/3.20e-05 | cuda_peak(alloc/resv) 21.77/28.18GB | phase(train/val/raw/train_eval) 3.3/0.6/0.6/0.0s | 4.5s
2026-08-29 22:19:18 | New best val_f1_macro_present: raw=0.8389 stable_score=0.8389 at epoch 18
2026-08-29 22:19:21 | Epoch 019/060 | loss 2.5588 | cls 1.3970 | tal 0.0044 | dual_g 1.1605 | dual_d 0.8960 | train_acc 0.9638 | train_full n/a | val_acc 0.8083 | val_f1 0.7915 | adv/moduleC 0.93/1.00 | disc_steps 3 | grad(main/disc) 8.309/1.254 | lr(main/disc) 8.50e-05/3.20e-05 | cuda_peak(alloc/resv) 21.77/28.18GB | phase(train/val/raw/train_eval) 3.3/0.6/0.0/0.0s | 3.9s
2026-08-29 22:19:27 | Epoch 020/060 | loss 2.4596 | cls 1.3504 | tal -0.0522 | dual_g 1.1249 | dual_d 0.8996 | train_acc 0.9746 | train_full 0.9161 | val_acc 0.8500 | val_f1 0.8182 | adv/moduleC 1.00/1.00 | disc_steps 3 | grad(main/disc) 6.690/1.294 | lr(main/disc) 8.50e-05/3.20e-05 | cuda_peak(alloc/resv) 21.77/28.18GB | phase(train/val/raw/train_eval) 3.8/0.6/0.6/0.8s | 5.8s
2026-08-29 22:19:32 | Epoch 021/060 | loss 2.4471 | cls 1.3510 | tal -0.0745 | dual_g 1.1184 | dual_d 0.9484 | train_acc 0.9656 | train_full n/a | val_acc 0.9167 | val_f1 0.9046 | adv/moduleC 1.00/1.00 | disc_steps 3 | grad(main/disc) 6.903/1.320 | lr(main/disc) 8.50e-05/3.20e-05 | cuda_peak(alloc/resv) 21.77/28.18GB | phase(train/val/raw/train_eval) 3.4/0.6/0.6/0.0s | 4.6s
2026-08-29 22:19:35 | New best val_f1_macro_present: raw=0.9046 stable_score=0.9046 at epoch 21
2026-08-29 22:19:39 | Epoch 022/060 | loss 2.4306 | cls 1.3355 | tal -0.0488 | dual_g 1.1098 | dual_d 0.9620 | train_acc 0.9764 | train_full n/a | val_acc 0.7917 | val_f1 0.8150 | adv/moduleC 1.00/1.00 | disc_steps 3 | grad(main/disc) 6.891/1.281 | lr(main/disc) 8.50e-05/3.20e-05 | cuda_peak(alloc/resv) 21.77/28.18GB | phase(train/val/raw/train_eval) 3.4/0.6/0.0/0.0s | 4.0s
2026-08-29 22:19:43 | Epoch 023/060 | loss 2.3912 | cls 1.3155 | tal -0.0612 | dual_g 1.0941 | dual_d 0.9802 | train_acc 0.9674 | train_full n/a | val_acc 0.8083 | val_f1 0.8141 | adv/moduleC 1.00/1.00 | disc_steps 3 | grad(main/disc) 6.027/1.326 | lr(main/disc) 8.50e-05/3.20e-05 | cuda_peak(alloc/resv) 21.77/28.18GB | phase(train/val/raw/train_eval) 3.8/0.6/0.0/0.0s | 4.4s
2026-08-29 22:19:47 | Epoch 024/060 | loss 2.3753 | cls 1.3172 | tal -0.0515 | dual_g 1.0736 | dual_d 0.9830 | train_acc 0.9873 | train_full n/a | val_acc 0.8500 | val_f1 0.8329 | adv/moduleC 1.00/1.00 | disc_steps 3 | grad(main/disc) 5.954/1.311 | lr(main/disc) 8.50e-05/3.20e-05 | cuda_peak(alloc/resv) 21.77/28.18GB | phase(train/val/raw/train_eval) 3.6/0.6/0.0/0.0s | 4.2s
2026-08-29 22:19:53 | Epoch 025/060 | loss 2.3995 | cls 1.3228 | tal -0.0730 | dual_g 1.0986 | dual_d 1.0042 | train_acc 0.9710 | train_full 0.9011 | val_acc 0.8417 | val_f1 0.8331 | adv/moduleC 1.00/1.00 | disc_steps 3 | grad(main/disc) 6.223/1.308 | lr(main/disc) 8.50e-05/3.20e-05 | cuda_peak(alloc/resv) 21.77/28.18GB | phase(train/val/raw/train_eval) 3.5/0.6/0.6/0.8s | 5.5s
2026-08-29 22:19:57 | Epoch 026/060 | loss 2.3567 | cls 1.3002 | tal -0.0518 | dual_g 1.0721 | dual_d 1.0205 | train_acc 0.9891 | train_full n/a | val_acc 0.8750 | val_f1 0.8483 | adv/moduleC 1.00/1.00 | disc_steps 3 | grad(main/disc) 5.065/1.309 | lr(main/disc) 8.50e-05/3.20e-05 | cuda_peak(alloc/resv) 21.77/28.18GB | phase(train/val/raw/train_eval) 3.7/0.6/0.0/0.0s | 4.3s
2026-08-29 22:20:01 | Epoch 027/060 | loss 2.3203 | cls 1.2869 | tal -0.1004 | dual_g 1.0635 | dual_d 1.0313 | train_acc 0.9873 | train_full n/a | val_acc 0.8917 | val_f1 0.8930 | adv/moduleC 1.00/1.00 | disc_steps 3 | grad(main/disc) 5.644/1.276 | lr(main/disc) 8.50e-05/3.20e-05 | cuda_peak(alloc/resv) 21.77/28.18GB | phase(train/val/raw/train_eval) 3.4/0.6/0.0/0.0s | 3.9s
2026-08-29 22:20:05 | Epoch 028/060 | loss 2.3245 | cls 1.2888 | tal -0.0727 | dual_g 1.0574 | dual_d 1.0589 | train_acc 0.9928 | train_full n/a | val_acc 0.8667 | val_f1 0.8365 | adv/moduleC 1.00/1.00 | disc_steps 3 | grad(main/disc) 4.851/1.336 | lr(main/disc) 8.50e-05/3.20e-05 | cuda_peak(alloc/resv) 21.77/28.18GB | phase(train/val/raw/train_eval) 3.3/0.6/0.0/0.0s | 3.8s
2026-08-29 22:20:09 | Epoch 029/060 | loss 2.3240 | cls 1.2947 | tal -0.0729 | dual_g 1.0512 | dual_d 1.0476 | train_acc 0.9837 | train_full n/a | val_acc 0.8750 | val_f1 0.8441 | adv/moduleC 1.00/1.00 | disc_steps 3 | grad(main/disc) 4.800/1.301 | lr(main/disc) 8.50e-05/3.20e-05 | cuda_peak(alloc/resv) 21.77/28.18GB | phase(train/val/raw/train_eval) 3.5/0.6/0.0/0.0s | 4.1s
2026-08-29 22:20:15 | Epoch 030/060 | loss 2.2895 | cls 1.2804 | tal -0.0884 | dual_g 1.0356 | dual_d 1.0284 | train_acc 0.9964 | train_full 0.9054 | val_acc 0.8583 | val_f1 0.8514 | adv/moduleC 1.00/1.00 | disc_steps 3 | grad(main/disc) 4.203/1.282 | lr(main/disc) 8.50e-05/3.20e-05 | cuda_peak(alloc/resv) 21.77/28.18GB | phase(train/val/raw/train_eval) 3.7/0.6/0.6/0.8s | 5.7s
2026-08-29 22:20:19 | Epoch 031/060 | loss 2.2721 | cls 1.2601 | tal -0.0718 | dual_g 1.0335 | dual_d 1.0764 | train_acc 0.9909 | train_full n/a | val_acc 0.8083 | val_f1 0.8211 | adv/moduleC 1.00/1.00 | disc_steps 3 | grad(main/disc) 4.366/1.316 | lr(main/disc) 8.50e-05/3.20e-05 | cuda_peak(alloc/resv) 21.77/28.18GB | phase(train/val/raw/train_eval) 3.5/0.6/0.0/0.0s | 4.0s
2026-08-29 22:20:23 | Epoch 032/060 | loss 2.2356 | cls 1.2460 | tal -0.0573 | dual_g 1.0068 | dual_d 1.0556 | train_acc 0.9873 | train_full n/a | val_acc 0.9000 | val_f1 0.8686 | adv/moduleC 1.00/1.00 | disc_steps 3 | grad(main/disc) 3.685/1.323 | lr(main/disc) 8.50e-05/3.20e-05 | cuda_peak(alloc/resv) 21.77/28.18GB | phase(train/val/raw/train_eval) 3.4/0.6/0.0/0.0s | 3.9s
2026-08-29 22:20:26 | Epoch 033/060 | loss 2.2182 | cls 1.2398 | tal -0.1127 | dual_g 1.0122 | dual_d 1.0478 | train_acc 0.9964 | train_full n/a | val_acc 0.8917 | val_f1 0.8635 | adv/moduleC 1.00/1.00 | disc_steps 3 | grad(main/disc) 3.284/1.293 | lr(main/disc) 8.50e-05/3.20e-05 | cuda_peak(alloc/resv) 21.77/28.18GB | phase(train/val/raw/train_eval) 3.3/0.6/0.0/0.0s | 3.9s
2026-08-29 22:20:30 | Epoch 034/060 | loss 2.2340 | cls 1.2474 | tal -0.0631 | dual_g 1.0055 | dual_d 1.0301 | train_acc 0.9928 | train_full n/a | val_acc 0.8583 | val_f1 0.8442 | adv/moduleC 1.00/1.00 | disc_steps 3 | grad(main/disc) 3.517/1.268 | lr(main/disc) 8.50e-05/3.20e-05 | cuda_peak(alloc/resv) 21.77/28.18GB | phase(train/val/raw/train_eval) 3.3/0.6/0.0/0.0s | 3.9s
2026-08-29 22:20:36 | Epoch 035/060 | loss 2.2548 | cls 1.2551 | tal -0.0531 | dual_g 1.0156 | dual_d 1.0428 | train_acc 0.9928 | train_full 0.9763 | val_acc 0.9333 | val_f1 0.9060 | adv/moduleC 1.00/1.00 | disc_steps 3 | grad(main/disc) 3.806/1.237 | lr(main/disc) 8.50e-05/3.20e-05 | cuda_peak(alloc/resv) 21.77/28.18GB | phase(train/val/raw/train_eval) 3.8/0.6/0.6/0.8s | 5.8s
2026-08-29 22:20:39 | New best val_f1_macro_present: raw=0.9060 stable_score=0.9060 at epoch 35
2026-08-29 22:20:44 | Epoch 036/060 | loss 2.2160 | cls 1.2341 | tal -0.0509 | dual_g 0.9972 | dual_d 1.0333 | train_acc 0.9946 | train_full n/a | val_acc 0.9500 | val_f1 0.9269 | adv/moduleC 1.00/1.00 | disc_steps 3 | grad(main/disc) 2.997/1.237 | lr(main/disc) 8.50e-05/3.20e-05 | cuda_peak(alloc/resv) 21.77/28.18GB | phase(train/val/raw/train_eval) 3.4/0.6/0.6/0.0s | 4.6s
2026-08-29 22:20:46 | New best val_f1_macro_present: raw=0.9269 stable_score=0.9269 at epoch 36
2026-08-29 22:20:50 | Epoch 037/060 | loss 2.2210 | cls 1.2321 | tal -0.0363 | dual_g 0.9998 | dual_d 1.0727 | train_acc 0.9946 | train_full n/a | val_acc 0.9250 | val_f1 0.9166 | adv/moduleC 1.00/1.00 | disc_steps 3 | grad(main/disc) 3.856/1.286 | lr(main/disc) 8.50e-05/3.20e-05 | cuda_peak(alloc/resv) 21.77/28.18GB | phase(train/val/raw/train_eval) 3.3/0.6/0.0/0.0s | 3.9s
2026-08-29 22:20:55 | Epoch 038/060 | loss 2.1977 | cls 1.2329 | tal -0.0668 | dual_g 0.9848 | dual_d 1.0535 | train_acc 0.9982 | train_full n/a | val_acc 0.9250 | val_f1 0.9156 | adv/moduleC 1.00/1.00 | disc_steps 3 | grad(main/disc) 3.100/1.223 | lr(main/disc) 8.50e-05/3.20e-05 | cuda_peak(alloc/resv) 21.77/28.18GB | phase(train/val/raw/train_eval) 3.8/0.6/0.0/0.0s | 4.4s
2026-08-29 22:20:59 | Epoch 039/060 | loss 2.1695 | cls 1.2168 | tal -0.1077 | dual_g 0.9850 | dual_d 1.0532 | train_acc 0.9964 | train_full n/a | val_acc 0.8833 | val_f1 0.8771 | adv/moduleC 1.00/1.00 | disc_steps 3 | grad(main/disc) 2.626/1.232 | lr(main/disc) 8.50e-05/3.20e-05 | cuda_peak(alloc/resv) 21.77/28.18GB | phase(train/val/raw/train_eval) 3.7/0.6/0.0/0.0s | 4.3s
2026-08-29 22:21:04 | Epoch 040/060 | loss 2.1548 | cls 1.2086 | tal -0.1071 | dual_g 0.9783 | dual_d 1.0407 | train_acc 0.9964 | train_full 0.9527 | val_acc 0.9000 | val_f1 0.8854 | adv/moduleC 1.00/1.00 | disc_steps 3 | grad(main/disc) 2.606/1.235 | lr(main/disc) 8.50e-05/3.20e-05 | cuda_peak(alloc/resv) 21.77/28.18GB | phase(train/val/raw/train_eval) 3.3/0.6/0.6/0.8s | 5.3s
2026-08-29 22:21:08 | Epoch 041/060 | loss 2.1466 | cls 1.2073 | tal -0.1135 | dual_g 0.9733 | dual_d 1.0464 | train_acc 0.9982 | train_full n/a | val_acc 0.9167 | val_f1 0.8946 | adv/moduleC 1.00/1.00 | disc_steps 3 | grad(main/disc) 2.463/1.211 | lr(main/disc) 8.50e-05/3.20e-05 | cuda_peak(alloc/resv) 21.77/28.18GB | phase(train/val/raw/train_eval) 3.5/0.6/0.0/0.0s | 4.1s
2026-08-29 22:21:12 | Epoch 042/060 | loss 2.1483 | cls 1.2088 | tal -0.1074 | dual_g 0.9717 | dual_d 1.0997 | train_acc 0.9982 | train_full n/a | val_acc 0.9250 | val_f1 0.9014 | adv/moduleC 1.00/1.00 | disc_steps 3 | grad(main/disc) 2.819/1.279 | lr(main/disc) 8.50e-05/3.20e-05 | cuda_peak(alloc/resv) 21.77/28.18GB | phase(train/val/raw/train_eval) 3.1/0.6/0.0/0.0s | 3.7s
2026-08-29 22:21:16 | Epoch 043/060 | loss 2.1489 | cls 1.2137 | tal -0.1073 | dual_g 0.9673 | dual_d 1.0780 | train_acc 1.0000 | train_full n/a | val_acc 0.9417 | val_f1 0.9185 | adv/moduleC 1.00/1.00 | disc_steps 3 | grad(main/disc) 2.965/1.261 | lr(main/disc) 8.50e-05/3.20e-05 | cuda_peak(alloc/resv) 21.77/28.18GB | phase(train/val/raw/train_eval) 3.4/0.6/0.0/0.0s | 4.0s
2026-08-29 22:21:20 | Epoch 044/060 | loss 2.1321 | cls 1.2089 | tal -0.1096 | dual_g 0.9561 | dual_d 1.0820 | train_acc 1.0000 | train_full n/a | val_acc 0.9083 | val_f1 0.8777 | adv/moduleC 1.00/1.00 | disc_steps 3 | grad(main/disc) 2.592/1.242 | lr(main/disc) 8.50e-05/3.20e-05 | cuda_peak(alloc/resv) 21.77/28.18GB | phase(train/val/raw/train_eval) 3.6/0.6/0.0/0.0s | 4.2s
2026-08-29 22:21:26 | Epoch 045/060 | loss 2.1209 | cls 1.1988 | tal -0.1303 | dual_g 0.9612 | dual_d 1.0479 | train_acc 0.9964 | train_full 0.9398 | val_acc 0.9083 | val_f1 0.9078 | adv/moduleC 1.00/1.00 | disc_steps 3 | grad(main/disc) 2.683/1.194 | lr(main/disc) 4.25e-05/1.60e-05 | cuda_peak(alloc/resv) 21.77/28.18GB | phase(train/val/raw/train_eval) 3.4/0.6/0.6/0.8s | 5.4s
2026-08-29 22:21:30 | Epoch 046/060 | loss 2.1207 | cls 1.2049 | tal -0.1391 | dual_g 0.9576 | dual_d 1.0538 | train_acc 0.9982 | train_full n/a | val_acc 0.9083 | val_f1 0.9071 | adv/moduleC 1.00/1.00 | disc_steps 3 | grad(main/disc) 2.225/1.177 | lr(main/disc) 4.25e-05/1.60e-05 | cuda_peak(alloc/resv) 21.77/28.18GB | phase(train/val/raw/train_eval) 3.4/0.6/0.0/0.0s | 4.0s
2026-08-29 22:21:33 | Epoch 047/060 | loss 2.1110 | cls 1.1967 | tal -0.1318 | dual_g 0.9539 | dual_d 1.0860 | train_acc 0.9982 | train_full n/a | val_acc 0.9167 | val_f1 0.9119 | adv/moduleC 1.00/1.00 | disc_steps 3 | grad(main/disc) 2.193/1.242 | lr(main/disc) 4.25e-05/1.60e-05 | cuda_peak(alloc/resv) 21.77/28.18GB | phase(train/val/raw/train_eval) 3.3/0.6/0.0/0.0s | 3.9s
2026-08-29 22:21:37 | Epoch 048/060 | loss 2.1095 | cls 1.2044 | tal -0.1554 | dual_g 0.9518 | dual_d 1.1003 | train_acc 0.9946 | train_full n/a | val_acc 0.9333 | val_f1 0.9206 | adv/moduleC 1.00/1.00 | disc_steps 3 | grad(main/disc) 2.218/1.279 | lr(main/disc) 4.25e-05/1.60e-05 | cuda_peak(alloc/resv) 21.77/28.18GB | phase(train/val/raw/train_eval) 3.4/0.6/0.0/0.0s | 4.0s
2026-08-29 22:21:41 | Epoch 049/060 | loss 2.0783 | cls 1.1857 | tal -0.1882 | dual_g 0.9490 | dual_d 1.0954 | train_acc 0.9964 | train_full n/a | val_acc 0.9333 | val_f1 0.9206 | adv/moduleC 1.00/1.00 | disc_steps 3 | grad(main/disc) 2.166/1.214 | lr(main/disc) 4.25e-05/1.60e-05 | cuda_peak(alloc/resv) 21.77/28.18GB | phase(train/val/raw/train_eval) 3.4/0.6/0.0/0.0s | 4.0s
2026-08-29 22:21:47 | Epoch 050/060 | loss 2.0828 | cls 1.1908 | tal -0.1766 | dual_g 0.9450 | dual_d 1.0544 | train_acc 1.0000 | train_full 0.9742 | val_acc 0.9250 | val_f1 0.9222 | adv/moduleC 1.00/1.00 | disc_steps 3 | grad(main/disc) 2.296/1.203 | lr(main/disc) 4.25e-05/1.60e-05 | cuda_peak(alloc/resv) 21.77/28.18GB | phase(train/val/raw/train_eval) 3.7/0.6/0.6/0.8s | 5.7s
2026-08-29 22:21:51 | Epoch 051/060 | loss 2.0786 | cls 1.1878 | tal -0.1695 | dual_g 0.9417 | dual_d 1.0527 | train_acc 1.0000 | train_full n/a | val_acc 0.9083 | val_f1 0.8960 | adv/moduleC 1.00/1.00 | disc_steps 3 | grad(main/disc) 2.143/1.160 | lr(main/disc) 4.25e-05/1.60e-05 | cuda_peak(alloc/resv) 21.77/28.18GB | phase(train/val/raw/train_eval) 3.6/0.6/0.0/0.0s | 4.1s
2026-08-29 22:21:51 | Early stopping at epoch 51 after 15 epochs without val_f1_macro_present improvement.
2026-08-29 22:21:51 | Training complete. Peak validation accuracy: 0.9500 | selected val_f1_macro_present: 0.9269
2026-08-29 22:21:51 | Starting Dual_D standalone training
2026-08-29 22:21:51 | Run directory: runs/module_c_ablation_60_v8/module_c_20260829_205331/module_c_no_identity_黑天_20260829_221218
2026-08-29 22:21:51 | Device: cuda
2026-08-29 22:21:51 | Source train samples: 992
2026-08-29 22:21:51 | Target train samples: 465
2026-08-29 22:21:51 | Target val samples: 120
2026-08-29 22:21:51 | Classes: 14
2026-08-29 22:21:51 | Data audit: same_dir=False | path_overlap(vis/ir/ais)=0/0/0 | content_overlap(vis/ir/ais)=0/0/0 | ais_index_overlap=0 | stem_mismatch(vis-ir/vis-ais)=578/0
2026-08-29 22:21:51 | source_train classes: present 14/14 | absent 0 | counts [0:120, 1:44, 2:69, 3:45, 4:40, 5:30, 6:64, 7:80, 8:116, 9:68, 10:57, 11:83, 12:48, 13:128]
2026-08-29 22:21:51 | target_train classes: present 8/14 | absent 6 | counts [0:100, 2:11, 3:16, 6:89, 9:162, 10:12, 11:44, 13:31]
2026-08-29 22:21:51 | target_val classes: present 8/14 | absent 6 | counts [0:26, 2:3, 3:5, 6:23, 9:41, 10:3, 11:11, 13:8]
2026-08-29 22:21:51 | Paired training classes: 8/14 | class ids [0, 2, 3, 6, 9, 10, 11, 13]
2026-08-29 22:21:51 | Runtime profile: batch=92 | paired_steps=6 | workers=16 | train_eval_every=5 | raw_eval_every=5 | stability_window=1 | lr_scheduler_start=24 | early_stop=15 after min_epoch=48
2026-08-29 22:21:51 | VIS/IR pairing: class-level-unpaired | count-mismatch classes train/val: 10/0 | AIS alignment: none | AIS rows train/val: 0/0
2026-08-29 22:21:52 | Effective Dual-D loss weights: {"adv_auxiliary": 0.03, "adv_primary": 0.03, "classification": 0.65, "contrastive": 0.055, "cycle": 0.16, "identity": 0.0, "prototype_contrastive": 0.03}
2026-08-29 22:21:52 | Model parameters: total=17277714 | trainable=17120210
Starting run 3/9: domain=黑天, iteration=3, seed=44
2026-08-29 22:21:58 | Epoch 001/060 | loss 5.9307 | cls 5.8513 | tal 0.2647 | dual_g 0.0000 | dual_d 0.0000 | train_acc 0.0906 | train_full 0.1978 | val_acc 0.2167 | val_f1 0.0947 | adv/moduleC 0.00/0.00 | disc_steps 0 | grad(main/disc) 15.919/0.000 | lr(main/disc) 8.50e-05/3.20e-05 | cuda_peak(alloc/resv) 21.77/28.18GB | phase(train/val/raw/train_eval) 4.0/0.6/0.6/0.8s | 6.0s
2026-08-29 22:22:01 | New best val_f1_macro_present: raw=0.0947 stable_score=0.0947 at epoch 1
2026-08-29 22:22:05 | Epoch 002/060 | loss 4.4228 | cls 4.4122 | tal 0.0352 | dual_g 0.0000 | dual_d 0.0000 | train_acc 0.2464 | train_full n/a | val_acc 0.1250 | val_f1 0.0692 | adv/moduleC 0.00/0.00 | disc_steps 0 | grad(main/disc) 11.707/0.000 | lr(main/disc) 8.50e-05/3.20e-05 | cuda_peak(alloc/resv) 21.77/28.18GB | phase(train/val/raw/train_eval) 3.2/0.6/0.0/0.0s | 3.8s
2026-08-29 22:22:09 | Epoch 003/060 | loss 3.8063 | cls 3.8144 | tal -0.0269 | dual_g 0.0000 | dual_d 0.0000 | train_acc 0.3949 | train_full n/a | val_acc 0.0833 | val_f1 0.0747 | adv/moduleC 0.00/0.00 | disc_steps 0 | grad(main/disc) 10.108/0.000 | lr(main/disc) 8.50e-05/3.20e-05 | cuda_peak(alloc/resv) 21.77/28.18GB | phase(train/val/raw/train_eval) 3.4/0.6/0.0/0.0s | 4.0s
2026-08-29 22:22:14 | Epoch 004/060 | loss 3.5781 | cls 3.2804 | tal -0.0816 | dual_g 0.3222 | dual_d 0.0000 | train_acc 0.4964 | train_full n/a | val_acc 0.1667 | val_f1 0.2174 | adv/moduleC 0.00/0.12 | disc_steps 0 | grad(main/disc) 9.750/0.000 | lr(main/disc) 8.50e-05/3.20e-05 | cuda_peak(alloc/resv) 21.77/28.18GB | phase(train/val/raw/train_eval) 3.6/0.6/0.6/0.0s | 4.8s
2026-08-29 22:22:17 | New best val_f1_macro_present: raw=0.2174 stable_score=0.2174 at epoch 4
2026-08-29 22:22:22 | Epoch 005/060 | loss 3.4483 | cls 2.9069 | tal -0.1357 | dual_g 0.5822 | dual_d 0.0000 | train_acc 0.5851 | train_full 0.2688 | val_acc 0.2667 | val_f1 0.3298 | adv/moduleC 0.00/0.25 | disc_steps 0 | grad(main/disc) 9.276/0.000 | lr(main/disc) 8.50e-05/3.20e-05 | cuda_peak(alloc/resv) 21.77/28.18GB | phase(train/val/raw/train_eval) 3.3/0.6/0.6/0.8s | 5.3s
2026-08-29 22:22:25 | New best val_f1_macro_present: raw=0.3298 stable_score=0.3298 at epoch 5
2026-08-29 22:22:30 | Epoch 006/060 | loss 3.4298 | cls 2.6634 | tal -0.1033 | dual_g 0.7974 | dual_d 0.8729 | train_acc 0.6232 | train_full n/a | val_acc 0.3667 | val_f1 0.4925 | adv/moduleC 0.07/0.38 | disc_steps 3 | grad(main/disc) 9.375/1.544 | lr(main/disc) 8.50e-05/3.20e-05 | cuda_peak(alloc/resv) 21.77/28.18GB | phase(train/val/raw/train_eval) 3.8/0.6/0.6/0.0s | 4.9s
2026-08-29 22:22:33 | New best val_f1_macro_present: raw=0.4925 stable_score=0.4925 at epoch 6
2026-08-29 22:22:37 | Epoch 007/060 | loss 3.4056 | cls 2.4346 | tal -0.0898 | dual_g 0.9979 | dual_d 0.8475 | train_acc 0.6993 | train_full n/a | val_acc 0.6667 | val_f1 0.7135 | adv/moduleC 0.13/0.50 | disc_steps 3 | grad(main/disc) 10.319/1.507 | lr(main/disc) 8.50e-05/3.20e-05 | cuda_peak(alloc/resv) 21.77/28.18GB | phase(train/val/raw/train_eval) 3.6/0.6/0.6/0.0s | 4.7s
2026-08-29 22:22:40 | New best val_f1_macro_present: raw=0.7135 stable_score=0.7135 at epoch 7
2026-08-29 22:22:45 | Epoch 008/060 | loss 3.4632 | cls 2.3064 | tal -0.0641 | dual_g 1.1760 | dual_d 0.8540 | train_acc 0.7428 | train_full n/a | val_acc 0.7583 | val_f1 0.7379 | adv/moduleC 0.20/0.62 | disc_steps 3 | grad(main/disc) 11.217/1.498 | lr(main/disc) 8.50e-05/3.20e-05 | cuda_peak(alloc/resv) 21.77/28.18GB | phase(train/val/raw/train_eval) 3.7/0.6/0.6/0.0s | 4.8s
2026-08-29 22:22:48 | New best val_f1_macro_present: raw=0.7379 stable_score=0.7379 at epoch 8
2026-08-29 22:22:53 | Epoch 009/060 | loss 3.3544 | cls 2.0826 | tal -0.0436 | dual_g 1.2849 | dual_d 0.8843 | train_acc 0.7880 | train_full n/a | val_acc 0.8167 | val_f1 0.7857 | adv/moduleC 0.27/0.75 | disc_steps 3 | grad(main/disc) 10.559/1.485 | lr(main/disc) 8.50e-05/3.20e-05 | cuda_peak(alloc/resv) 21.77/28.18GB | phase(train/val/raw/train_eval) 3.3/0.6/0.6/0.0s | 4.4s
2026-08-29 22:22:55 | New best val_f1_macro_present: raw=0.7857 stable_score=0.7857 at epoch 9
2026-08-29 22:23:01 | Epoch 010/060 | loss 3.3792 | cls 1.9929 | tal -0.0450 | dual_g 1.3998 | dual_d 0.8809 | train_acc 0.8261 | train_full 0.7957 | val_acc 0.7500 | val_f1 0.7301 | adv/moduleC 0.33/0.88 | disc_steps 3 | grad(main/disc) 10.515/1.466 | lr(main/disc) 8.50e-05/3.20e-05 | cuda_peak(alloc/resv) 21.77/28.18GB | phase(train/val/raw/train_eval) 3.7/0.6/0.6/0.8s | 5.7s
2026-08-29 22:23:06 | Epoch 011/060 | loss 3.4137 | cls 1.8668 | tal -0.0426 | dual_g 1.5596 | dual_d 0.8725 | train_acc 0.8587 | train_full n/a | val_acc 0.8583 | val_f1 0.8405 | adv/moduleC 0.40/1.00 | disc_steps 3 | grad(main/disc) 13.496/1.473 | lr(main/disc) 8.50e-05/3.20e-05 | cuda_peak(alloc/resv) 21.77/28.18GB | phase(train/val/raw/train_eval) 3.6/0.6/0.6/0.0s | 4.8s
2026-08-29 22:23:09 | New best val_f1_macro_present: raw=0.8405 stable_score=0.8405 at epoch 11
2026-08-29 22:23:13 | Epoch 012/060 | loss 3.1825 | cls 1.7590 | tal -0.0589 | dual_g 1.4411 | dual_d 0.8498 | train_acc 0.8623 | train_full n/a | val_acc 0.8583 | val_f1 0.8336 | adv/moduleC 0.47/1.00 | disc_steps 3 | grad(main/disc) 10.194/1.371 | lr(main/disc) 8.50e-05/3.20e-05 | cuda_peak(alloc/resv) 21.77/28.18GB | phase(train/val/raw/train_eval) 3.8/0.6/0.0/0.0s | 4.4s
2026-08-29 22:23:17 | Epoch 013/060 | loss 3.0027 | cls 1.6679 | tal -0.0751 | dual_g 1.3574 | dual_d 0.8379 | train_acc 0.8877 | train_full n/a | val_acc 0.8667 | val_f1 0.8311 | adv/moduleC 0.53/1.00 | disc_steps 3 | grad(main/disc) 9.508/1.346 | lr(main/disc) 8.50e-05/3.20e-05 | cuda_peak(alloc/resv) 21.77/28.18GB | phase(train/val/raw/train_eval) 3.3/0.6/0.0/0.0s | 3.9s
2026-08-29 22:23:21 | Epoch 014/060 | loss 2.9041 | cls 1.6066 | tal -0.1098 | dual_g 1.3304 | dual_d 0.8108 | train_acc 0.9058 | train_full n/a | val_acc 0.8583 | val_f1 0.8162 | adv/moduleC 0.60/1.00 | disc_steps 3 | grad(main/disc) 8.416/1.246 | lr(main/disc) 8.50e-05/3.20e-05 | cuda_peak(alloc/resv) 21.77/28.18GB | phase(train/val/raw/train_eval) 3.4/0.6/0.0/0.0s | 4.0s
2026-08-29 22:23:27 | Epoch 015/060 | loss 2.8823 | cls 1.5974 | tal -0.1181 | dual_g 1.3204 | dual_d 0.8282 | train_acc 0.9130 | train_full 0.8946 | val_acc 0.8833 | val_f1 0.8472 | adv/moduleC 0.67/1.00 | disc_steps 3 | grad(main/disc) 10.355/1.308 | lr(main/disc) 8.50e-05/3.20e-05 | cuda_peak(alloc/resv) 21.77/28.18GB | phase(train/val/raw/train_eval) 3.6/0.6/0.6/0.8s | 5.6s
2026-08-29 22:23:30 | New best val_f1_macro_present: raw=0.8472 stable_score=0.8472 at epoch 15
2026-08-29 22:23:34 | Epoch 016/060 | loss 2.7849 | cls 1.5479 | tal -0.1149 | dual_g 1.2715 | dual_d 0.8346 | train_acc 0.9348 | train_full n/a | val_acc 0.9000 | val_f1 0.8828 | adv/moduleC 0.73/1.00 | disc_steps 3 | grad(main/disc) 9.509/1.285 | lr(main/disc) 8.50e-05/3.20e-05 | cuda_peak(alloc/resv) 21.77/28.18GB | phase(train/val/raw/train_eval) 3.6/0.6/0.6/0.0s | 4.8s
2026-08-29 22:23:37 | New best val_f1_macro_present: raw=0.8828 stable_score=0.8828 at epoch 16
2026-08-29 22:23:42 | Epoch 017/060 | loss 2.7639 | cls 1.5413 | tal -0.1209 | dual_g 1.2589 | dual_d 0.8253 | train_acc 0.9257 | train_full n/a | val_acc 0.8750 | val_f1 0.8405 | adv/moduleC 0.80/1.00 | disc_steps 3 | grad(main/disc) 10.416/1.262 | lr(main/disc) 8.50e-05/3.20e-05 | cuda_peak(alloc/resv) 21.77/28.18GB | phase(train/val/raw/train_eval) 3.5/0.6/0.0/0.0s | 4.1s
2026-08-29 22:23:46 | Epoch 018/060 | loss 2.6182 | cls 1.4446 | tal -0.0726 | dual_g 1.1954 | dual_d 0.8219 | train_acc 0.9547 | train_full n/a | val_acc 0.9333 | val_f1 0.9045 | adv/moduleC 0.87/1.00 | disc_steps 3 | grad(main/disc) 7.492/1.246 | lr(main/disc) 8.50e-05/3.20e-05 | cuda_peak(alloc/resv) 21.77/28.18GB | phase(train/val/raw/train_eval) 3.3/0.6/0.6/0.0s | 4.5s
2026-08-29 22:23:49 | New best val_f1_macro_present: raw=0.9045 stable_score=0.9045 at epoch 18
2026-08-29 22:23:53 | Epoch 019/060 | loss 2.5536 | cls 1.4011 | tal -0.0648 | dual_g 1.1719 | dual_d 0.8382 | train_acc 0.9475 | train_full n/a | val_acc 0.9333 | val_f1 0.9039 | adv/moduleC 0.93/1.00 | disc_steps 3 | grad(main/disc) 7.601/1.253 | lr(main/disc) 8.50e-05/3.20e-05 | cuda_peak(alloc/resv) 21.77/28.18GB | phase(train/val/raw/train_eval) 3.4/0.6/0.0/0.0s | 4.0s
2026-08-29 22:23:58 | Epoch 020/060 | loss 2.5244 | cls 1.3893 | tal -0.0541 | dual_g 1.1514 | dual_d 0.8453 | train_acc 0.9674 | train_full 0.9634 | val_acc 0.9417 | val_f1 0.9128 | adv/moduleC 1.00/1.00 | disc_steps 3 | grad(main/disc) 6.907/1.229 | lr(main/disc) 8.50e-05/3.20e-05 | cuda_peak(alloc/resv) 21.77/28.18GB | phase(train/val/raw/train_eval) 3.4/0.6/0.6/0.8s | 5.4s
2026-08-29 22:24:01 | New best val_f1_macro_present: raw=0.9128 stable_score=0.9128 at epoch 20
2026-08-29 22:24:05 | Epoch 021/060 | loss 2.4580 | cls 1.3753 | tal -0.1038 | dual_g 1.1139 | dual_d 0.8619 | train_acc 0.9837 | train_full n/a | val_acc 0.9333 | val_f1 0.9074 | adv/moduleC 1.00/1.00 | disc_steps 3 | grad(main/disc) 6.818/1.242 | lr(main/disc) 8.50e-05/3.20e-05 | cuda_peak(alloc/resv) 21.77/28.18GB | phase(train/val/raw/train_eval) 3.4/0.6/0.0/0.0s | 3.9s
2026-08-29 22:24:10 | Epoch 022/060 | loss 2.4258 | cls 1.3499 | tal -0.1261 | dual_g 1.1137 | dual_d 0.8757 | train_acc 0.9801 | train_full n/a | val_acc 0.9167 | val_f1 0.9210 | adv/moduleC 1.00/1.00 | disc_steps 3 | grad(main/disc) 6.141/1.267 | lr(main/disc) 8.50e-05/3.20e-05 | cuda_peak(alloc/resv) 21.77/28.18GB | phase(train/val/raw/train_eval) 3.4/0.6/0.6/0.0s | 4.6s
2026-08-29 22:24:13 | New best val_f1_macro_present: raw=0.9210 stable_score=0.9210 at epoch 22
2026-08-29 22:24:17 | Epoch 023/060 | loss 2.4066 | cls 1.3480 | tal -0.1125 | dual_g 1.0924 | dual_d 0.9301 | train_acc 0.9764 | train_full n/a | val_acc 0.9167 | val_f1 0.8842 | adv/moduleC 1.00/1.00 | disc_steps 3 | grad(main/disc) 6.719/1.285 | lr(main/disc) 8.50e-05/3.20e-05 | cuda_peak(alloc/resv) 21.77/28.18GB | phase(train/val/raw/train_eval) 3.5/0.6/0.0/0.0s | 4.1s
2026-08-29 22:24:21 | Epoch 024/060 | loss 2.3830 | cls 1.3173 | tal -0.1318 | dual_g 1.1052 | dual_d 0.9231 | train_acc 0.9728 | train_full n/a | val_acc 0.9250 | val_f1 0.9083 | adv/moduleC 1.00/1.00 | disc_steps 3 | grad(main/disc) 6.615/1.280 | lr(main/disc) 8.50e-05/3.20e-05 | cuda_peak(alloc/resv) 21.77/28.18GB | phase(train/val/raw/train_eval) 3.3/0.6/0.0/0.0s | 3.9s
2026-08-29 22:24:26 | Epoch 025/060 | loss 2.3391 | cls 1.3074 | tal -0.1287 | dual_g 1.0703 | dual_d 0.9181 | train_acc 0.9837 | train_full 0.9677 | val_acc 0.9500 | val_f1 0.9249 | adv/moduleC 1.00/1.00 | disc_steps 3 | grad(main/disc) 5.518/1.258 | lr(main/disc) 8.50e-05/3.20e-05 | cuda_peak(alloc/resv) 21.77/28.18GB | phase(train/val/raw/train_eval) 3.5/0.6/0.6/0.8s | 5.5s
2026-08-29 22:24:29 | New best val_f1_macro_present: raw=0.9249 stable_score=0.9249 at epoch 25
2026-08-29 22:24:33 | Epoch 026/060 | loss 2.3490 | cls 1.3032 | tal -0.1322 | dual_g 1.0855 | dual_d 0.8847 | train_acc 0.9855 | train_full n/a | val_acc 0.9500 | val_f1 0.9418 | adv/moduleC 1.00/1.00 | disc_steps 3 | grad(main/disc) 6.188/1.227 | lr(main/disc) 8.50e-05/3.20e-05 | cuda_peak(alloc/resv) 21.77/28.18GB | phase(train/val/raw/train_eval) 3.3/0.6/0.6/0.0s | 4.5s
2026-08-29 22:24:36 | New best val_f1_macro_present: raw=0.9418 stable_score=0.9418 at epoch 26
2026-08-29 22:24:40 | Epoch 027/060 | loss 2.2668 | cls 1.2636 | tal -0.1722 | dual_g 1.0548 | dual_d 0.9252 | train_acc 0.9873 | train_full n/a | val_acc 0.9250 | val_f1 0.8949 | adv/moduleC 1.00/1.00 | disc_steps 3 | grad(main/disc) 4.525/1.275 | lr(main/disc) 8.50e-05/3.20e-05 | cuda_peak(alloc/resv) 21.77/28.18GB | phase(train/val/raw/train_eval) 3.6/0.6/0.0/0.0s | 4.1s
2026-08-29 22:24:45 | Epoch 028/060 | loss 2.2851 | cls 1.2837 | tal -0.1755 | dual_g 1.0541 | dual_d 0.8940 | train_acc 0.9909 | train_full n/a | val_acc 0.9667 | val_f1 0.9476 | adv/moduleC 1.00/1.00 | disc_steps 3 | grad(main/disc) 4.469/1.236 | lr(main/disc) 8.50e-05/3.20e-05 | cuda_peak(alloc/resv) 21.77/28.18GB | phase(train/val/raw/train_eval) 3.5/0.6/0.6/0.0s | 4.7s
2026-08-29 22:24:48 | New best val_f1_macro_present: raw=0.9476 stable_score=0.9476 at epoch 28
2026-08-29 22:24:52 | Epoch 029/060 | loss 2.2523 | cls 1.2600 | tal -0.1578 | dual_g 1.0397 | dual_d 0.8981 | train_acc 0.9946 | train_full n/a | val_acc 0.9583 | val_f1 0.9316 | adv/moduleC 1.00/1.00 | disc_steps 3 | grad(main/disc) 3.868/1.234 | lr(main/disc) 8.50e-05/3.20e-05 | cuda_peak(alloc/resv) 21.77/28.18GB | phase(train/val/raw/train_eval) 3.4/0.6/0.0/0.0s | 4.0s
2026-08-29 22:24:57 | Epoch 030/060 | loss 2.2763 | cls 1.2750 | tal -0.1460 | dual_g 1.0452 | dual_d 0.9543 | train_acc 0.9928 | train_full 0.9935 | val_acc 0.9667 | val_f1 0.9592 | adv/moduleC 1.00/1.00 | disc_steps 3 | grad(main/disc) 5.287/1.235 | lr(main/disc) 8.50e-05/3.20e-05 | cuda_peak(alloc/resv) 21.77/28.18GB | phase(train/val/raw/train_eval) 3.4/0.6/0.6/0.8s | 5.4s
2026-08-29 22:25:00 | New best val_f1_macro_present: raw=0.9592 stable_score=0.9592 at epoch 30
2026-08-29 22:25:04 | Epoch 031/060 | loss 2.2198 | cls 1.2380 | tal -0.1250 | dual_g 1.0193 | dual_d 0.9261 | train_acc 0.9946 | train_full n/a | val_acc 0.9583 | val_f1 0.9519 | adv/moduleC 1.00/1.00 | disc_steps 3 | grad(main/disc) 3.411/1.194 | lr(main/disc) 8.50e-05/3.20e-05 | cuda_peak(alloc/resv) 21.77/28.18GB | phase(train/val/raw/train_eval) 3.6/0.6/0.0/0.0s | 4.1s
2026-08-29 22:25:09 | Epoch 032/060 | loss 2.2498 | cls 1.2562 | tal -0.0954 | dual_g 1.0222 | dual_d 0.9575 | train_acc 0.9909 | train_full n/a | val_acc 0.9667 | val_f1 0.9557 | adv/moduleC 1.00/1.00 | disc_steps 3 | grad(main/disc) 4.624/1.248 | lr(main/disc) 8.50e-05/3.20e-05 | cuda_peak(alloc/resv) 21.77/28.18GB | phase(train/val/raw/train_eval) 3.6/0.6/0.0/0.0s | 4.2s
2026-08-29 22:25:13 | Epoch 033/060 | loss 2.2129 | cls 1.2309 | tal -0.1046 | dual_g 1.0134 | dual_d 0.9654 | train_acc 0.9946 | train_full n/a | val_acc 0.9583 | val_f1 0.9414 | adv/moduleC 1.00/1.00 | disc_steps 3 | grad(main/disc) 3.078/1.233 | lr(main/disc) 8.50e-05/3.20e-05 | cuda_peak(alloc/resv) 21.77/28.18GB | phase(train/val/raw/train_eval) 3.4/0.6/0.0/0.0s | 4.0s
2026-08-29 22:25:17 | Epoch 034/060 | loss 2.2188 | cls 1.2279 | tal -0.0797 | dual_g 1.0148 | dual_d 0.9829 | train_acc 0.9964 | train_full n/a | val_acc 0.9833 | val_f1 0.9714 | adv/moduleC 1.00/1.00 | disc_steps 3 | grad(main/disc) 3.616/1.279 | lr(main/disc) 8.50e-05/3.20e-05 | cuda_peak(alloc/resv) 21.77/28.18GB | phase(train/val/raw/train_eval) 3.3/0.6/0.6/0.0s | 4.5s
2026-08-29 22:25:20 | New best val_f1_macro_present: raw=0.9714 stable_score=0.9714 at epoch 34
2026-08-29 22:25:26 | Epoch 035/060 | loss 2.1848 | cls 1.2259 | tal -0.1297 | dual_g 0.9978 | dual_d 1.0073 | train_acc 0.9964 | train_full 0.9871 | val_acc 0.9750 | val_f1 0.9535 | adv/moduleC 1.00/1.00 | disc_steps 3 | grad(main/disc) 3.402/1.225 | lr(main/disc) 8.50e-05/3.20e-05 | cuda_peak(alloc/resv) 21.77/28.18GB | phase(train/val/raw/train_eval) 3.6/0.6/0.6/0.9s | 5.7s
2026-08-29 22:25:30 | Epoch 036/060 | loss 2.1727 | cls 1.2245 | tal -0.1578 | dual_g 0.9955 | dual_d 1.0008 | train_acc 0.9964 | train_full n/a | val_acc 0.9583 | val_f1 0.9259 | adv/moduleC 1.00/1.00 | disc_steps 3 | grad(main/disc) 3.125/1.266 | lr(main/disc) 8.50e-05/3.20e-05 | cuda_peak(alloc/resv) 21.77/28.18GB | phase(train/val/raw/train_eval) 3.2/0.6/0.0/0.0s | 3.8s
2026-08-29 22:25:33 | Epoch 037/060 | loss 2.1713 | cls 1.2230 | tal -0.1642 | dual_g 0.9976 | dual_d 0.9686 | train_acc 0.9964 | train_full n/a | val_acc 0.9750 | val_f1 0.9644 | adv/moduleC 1.00/1.00 | disc_steps 3 | grad(main/disc) 3.342/1.189 | lr(main/disc) 8.50e-05/3.20e-05 | cuda_peak(alloc/resv) 21.77/28.18GB | phase(train/val/raw/train_eval) 3.3/0.6/0.0/0.0s | 3.8s
2026-08-29 22:25:38 | Epoch 038/060 | loss 2.1510 | cls 1.2188 | tal -0.1811 | dual_g 0.9866 | dual_d 0.9870 | train_acc 0.9946 | train_full n/a | val_acc 0.9417 | val_f1 0.9407 | adv/moduleC 1.00/1.00 | disc_steps 3 | grad(main/disc) 2.860/1.259 | lr(main/disc) 8.50e-05/3.20e-05 | cuda_peak(alloc/resv) 21.77/28.18GB | phase(train/val/raw/train_eval) 3.5/0.6/0.0/0.0s | 4.1s
2026-08-29 22:25:42 | Epoch 039/060 | loss 2.1561 | cls 1.2214 | tal -0.1669 | dual_g 0.9848 | dual_d 0.9794 | train_acc 0.9964 | train_full n/a | val_acc 0.9583 | val_f1 0.9492 | adv/moduleC 1.00/1.00 | disc_steps 3 | grad(main/disc) 4.529/1.193 | lr(main/disc) 8.50e-05/3.20e-05 | cuda_peak(alloc/resv) 21.77/28.18GB | phase(train/val/raw/train_eval) 3.5/0.6/0.0/0.0s | 4.1s
2026-08-29 22:25:47 | Epoch 040/060 | loss 2.1556 | cls 1.2291 | tal -0.1720 | dual_g 0.9782 | dual_d 1.0035 | train_acc 0.9928 | train_full 0.9892 | val_acc 0.9500 | val_f1 0.9415 | adv/moduleC 1.00/1.00 | disc_steps 3 | grad(main/disc) 3.738/1.223 | lr(main/disc) 8.50e-05/3.20e-05 | cuda_peak(alloc/resv) 21.77/28.18GB | phase(train/val/raw/train_eval) 3.4/0.6/0.6/0.8s | 5.4s
2026-08-29 22:25:51 | Epoch 041/060 | loss 2.1337 | cls 1.2083 | tal -0.2056 | dual_g 0.9871 | dual_d 0.9784 | train_acc 0.9946 | train_full n/a | val_acc 0.9500 | val_f1 0.9227 | adv/moduleC 1.00/1.00 | disc_steps 3 | grad(main/disc) 3.323/1.179 | lr(main/disc) 8.50e-05/3.20e-05 | cuda_peak(alloc/resv) 21.77/28.18GB | phase(train/val/raw/train_eval) 3.3/0.6/0.0/0.0s | 3.9s
2026-08-29 22:25:55 | Epoch 042/060 | loss 2.1091 | cls 1.1997 | tal -0.2134 | dual_g 0.9735 | dual_d 0.9639 | train_acc 0.9982 | train_full n/a | val_acc 0.9500 | val_f1 0.9383 | adv/moduleC 1.00/1.00 | disc_steps 3 | grad(main/disc) 2.303/1.186 | lr(main/disc) 8.50e-05/3.20e-05 | cuda_peak(alloc/resv) 21.77/28.18GB | phase(train/val/raw/train_eval) 3.6/0.6/0.0/0.0s | 4.2s
2026-08-29 22:25:59 | Epoch 043/060 | loss 2.1353 | cls 1.2067 | tal -0.1551 | dual_g 0.9752 | dual_d 1.0161 | train_acc 0.9946 | train_full n/a | val_acc 0.9833 | val_f1 0.9714 | adv/moduleC 1.00/1.00 | disc_steps 3 | grad(main/disc) 3.487/1.216 | lr(main/disc) 4.25e-05/1.60e-05 | cuda_peak(alloc/resv) 21.77/28.18GB | phase(train/val/raw/train_eval) 3.8/0.6/0.0/0.0s | 4.4s
2026-08-29 22:26:04 | Epoch 044/060 | loss 2.1109 | cls 1.1968 | tal -0.1680 | dual_g 0.9645 | dual_d 1.0098 | train_acc 0.9982 | train_full n/a | val_acc 0.9583 | val_f1 0.9543 | adv/moduleC 1.00/1.00 | disc_steps 3 | grad(main/disc) 2.522/1.212 | lr(main/disc) 4.25e-05/1.60e-05 | cuda_peak(alloc/resv) 21.77/28.18GB | phase(train/val/raw/train_eval) 3.6/0.6/0.0/0.0s | 4.2s
2026-08-29 22:26:09 | Epoch 045/060 | loss 2.1196 | cls 1.2127 | tal -0.2089 | dual_g 0.9696 | dual_d 1.0524 | train_acc 0.9982 | train_full 0.9914 | val_acc 0.9667 | val_f1 0.9594 | adv/moduleC 1.00/1.00 | disc_steps 3 | grad(main/disc) 2.708/1.228 | lr(main/disc) 4.25e-05/1.60e-05 | cuda_peak(alloc/resv) 21.77/28.18GB | phase(train/val/raw/train_eval) 3.5/0.6/0.6/0.9s | 5.5s
2026-08-29 22:26:13 | Epoch 046/060 | loss 2.1000 | cls 1.1979 | tal -0.1962 | dual_g 0.9610 | dual_d 0.9956 | train_acc 0.9964 | train_full n/a | val_acc 0.9667 | val_f1 0.9592 | adv/moduleC 1.00/1.00 | disc_steps 3 | grad(main/disc) 2.313/1.178 | lr(main/disc) 4.25e-05/1.60e-05 | cuda_peak(alloc/resv) 21.77/28.18GB | phase(train/val/raw/train_eval) 3.4/0.6/0.0/0.0s | 4.0s
2026-08-29 22:26:17 | Epoch 047/060 | loss 2.0973 | cls 1.1974 | tal -0.1832 | dual_g 0.9549 | dual_d 0.9783 | train_acc 1.0000 | train_full n/a | val_acc 0.9750 | val_f1 0.9662 | adv/moduleC 1.00/1.00 | disc_steps 3 | grad(main/disc) 2.093/1.173 | lr(main/disc) 4.25e-05/1.60e-05 | cuda_peak(alloc/resv) 21.77/28.18GB | phase(train/val/raw/train_eval) 3.4/0.6/0.0/0.0s | 4.0s
2026-08-29 22:26:21 | Epoch 048/060 | loss 2.1008 | cls 1.1998 | tal -0.1788 | dual_g 0.9546 | dual_d 1.0134 | train_acc 0.9982 | train_full n/a | val_acc 0.9833 | val_f1 0.9714 | adv/moduleC 1.00/1.00 | disc_steps 3 | grad(main/disc) 2.245/1.182 | lr(main/disc) 4.25e-05/1.60e-05 | cuda_peak(alloc/resv) 21.77/28.18GB | phase(train/val/raw/train_eval) 3.2/0.6/0.0/0.0s | 3.8s
2026-08-29 22:26:25 | Epoch 049/060 | loss 2.1021 | cls 1.2021 | tal -0.2195 | dual_g 0.9659 | dual_d 0.9798 | train_acc 1.0000 | train_full n/a | val_acc 0.9750 | val_f1 0.9626 | adv/moduleC 1.00/1.00 | disc_steps 3 | grad(main/disc) 2.325/1.119 | lr(main/disc) 4.25e-05/1.60e-05 | cuda_peak(alloc/resv) 21.77/28.18GB | phase(train/val/raw/train_eval) 3.6/0.6/0.0/0.0s | 4.2s
2026-08-29 22:26:25 | Early stopping at epoch 49 after 15 epochs without val_f1_macro_present improvement.
2026-08-29 22:26:25 | Training complete. Peak validation accuracy: 0.9833 | selected val_f1_macro_present: 0.9714
2026-08-29 22:26:25 | Starting Dual_D standalone training
2026-08-29 22:26:25 | Run directory: runs/module_c_ablation_60_v8/module_c_20260829_205331/module_c_no_identity_逆光_20260829_221218
2026-08-29 22:26:25 | Device: cuda
2026-08-29 22:26:25 | Source train samples: 992
2026-08-29 22:26:25 | Target train samples: 132
2026-08-29 22:26:25 | Target val samples: 37
2026-08-29 22:26:25 | Classes: 14
2026-08-29 22:26:25 | Data audit: same_dir=False | path_overlap(vis/ir/ais)=0/0/0 | content_overlap(vis/ir/ais)=0/0/0 | ais_index_overlap=0 | stem_mismatch(vis-ir/vis-ais)=157/0
2026-08-29 22:26:25 | source_train classes: present 14/14 | absent 0 | counts [0:120, 1:44, 2:69, 3:45, 4:40, 5:30, 6:64, 7:80, 8:116, 9:68, 10:57, 11:83, 12:48, 13:128]
2026-08-29 22:26:25 | target_train classes: present 9/14 | absent 5 | counts [0:20, 2:12, 4:12, 5:2, 9:16, 10:16, 11:29, 12:4, 13:21]
2026-08-29 22:26:25 | target_val classes: present 9/14 | absent 5 | counts [0:6, 2:3, 4:4, 5:1, 9:4, 10:4, 11:8, 12:1, 13:6]
2026-08-29 22:26:25 | Paired training classes: 9/14 | class ids [0, 2, 4, 5, 9, 10, 11, 12, 13]
2026-08-29 22:26:25 | Runtime profile: batch=92 | paired_steps=4 | workers=16 | train_eval_every=5 | raw_eval_every=5 | stability_window=3 | lr_scheduler_start=28 | early_stop=18 after min_epoch=45
2026-08-29 22:26:25 | VIS/IR pairing: class-level-unpaired | count-mismatch classes train/val: 10/1 | AIS alignment: none | AIS rows train/val: 0/0
2026-08-29 22:26:26 | Effective Dual-D loss weights: {"adv_auxiliary": 0.025, "adv_primary": 0.025, "classification": 0.2, "contrastive": 0.04, "cycle": 0.12, "identity": 0.0, "prototype_contrastive": 0.06}
2026-08-29 22:26:26 | Model parameters: total=17277714 | trainable=17120210
Starting run 4/9: domain=逆光, iteration=1, seed=45
2026-08-29 22:26:32 | Epoch 001/060 | loss 6.1941 | cls 6.2475 | tal -0.1781 | dual_g 0.0000 | dual_d 0.0000 | train_acc 0.0543 | train_full 0.0152 | val_acc 0.0000 | val_f1 0.0000 | adv/moduleC 0.00/0.00 | disc_steps 0 | grad(main/disc) 16.991/0.000 | lr(main/disc) 5.50e-05/2.40e-05 | cuda_peak(alloc/resv) 21.77/28.18GB | phase(train/val/raw/train_eval) 3.8/0.6/0.5/0.7s | 5.6s
2026-08-29 22:26:35 | Epoch 002/060 | loss 5.2852 | cls 5.3111 | tal -0.0862 | dual_g 0.0000 | dual_d 0.0000 | train_acc 0.1033 | train_full n/a | val_acc 0.1081 | val_f1 0.0638 | adv/moduleC 0.00/0.00 | disc_steps 0 | grad(main/disc) 14.702/0.000 | lr(main/disc) 5.50e-05/2.40e-05 | cuda_peak(alloc/resv) 21.77/28.18GB | phase(train/val/raw/train_eval) 2.9/0.5/0.0/0.0s | 3.4s
2026-08-29 22:26:39 | Epoch 003/060 | loss 4.6546 | cls 4.6939 | tal -0.1308 | dual_g 0.0000 | dual_d 0.0000 | train_acc 0.2418 | train_full n/a | val_acc 0.2162 | val_f1 0.1241 | adv/moduleC 0.00/0.00 | disc_steps 0 | grad(main/disc) 12.524/0.000 | lr(main/disc) 5.50e-05/2.40e-05 | cuda_peak(alloc/resv) 21.77/28.18GB | phase(train/val/raw/train_eval) 3.1/0.5/0.5/0.0s | 4.1s
2026-08-29 22:26:42 | New best val_f1_macro_present: raw=0.1241 stable_score=0.0000 at epoch 3
2026-08-29 22:26:46 | Epoch 004/060 | loss 4.1762 | cls 4.2346 | tal -0.1949 | dual_g 0.0000 | dual_d 0.0000 | train_acc 0.2962 | train_full n/a | val_acc 0.3243 | val_f1 0.2224 | adv/moduleC 0.00/0.00 | disc_steps 0 | grad(main/disc) 11.609/0.000 | lr(main/disc) 5.50e-05/2.40e-05 | cuda_peak(alloc/resv) 21.77/28.18GB | phase(train/val/raw/train_eval) 3.4/0.5/0.5/0.0s | 4.3s
2026-08-29 22:26:49 | New best val_f1_macro_present: raw=0.2224 stable_score=0.0638 at epoch 4
2026-08-29 22:26:54 | Epoch 005/060 | loss 3.9555 | cls 4.0161 | tal -0.2018 | dual_g 0.0000 | dual_d 0.0000 | train_acc 0.3587 | train_full 0.4773 | val_acc 0.5405 | val_f1 0.4952 | adv/moduleC 0.00/0.00 | disc_steps 0 | grad(main/disc) 11.018/0.000 | lr(main/disc) 5.50e-05/2.40e-05 | cuda_peak(alloc/resv) 21.77/28.18GB | phase(train/val/raw/train_eval) 3.6/0.5/0.5/0.7s | 5.3s
2026-08-29 22:26:57 | New best val_f1_macro_present: raw=0.4952 stable_score=0.1241 at epoch 5
2026-08-29 22:27:01 | Epoch 006/060 | loss 3.7993 | cls 3.7571 | tal -0.2273 | dual_g 0.1104 | dual_d 0.0000 | train_acc 0.4158 | train_full n/a | val_acc 0.5946 | val_f1 0.5816 | adv/moduleC 0.00/0.10 | disc_steps 0 | grad(main/disc) 10.470/0.000 | lr(main/disc) 5.50e-05/2.40e-05 | cuda_peak(alloc/resv) 21.77/28.18GB | phase(train/val/raw/train_eval) 3.2/0.5/0.5/0.0s | 4.2s
2026-08-29 22:27:04 | New best val_f1_macro_present: raw=0.5816 stable_score=0.2224 at epoch 6
2026-08-29 22:27:08 | Epoch 007/060 | loss 3.6356 | cls 3.5014 | tal -0.2455 | dual_g 0.2078 | dual_d 0.0000 | train_acc 0.4321 | train_full n/a | val_acc 0.6216 | val_f1 0.5842 | adv/moduleC 0.00/0.20 | disc_steps 0 | grad(main/disc) 9.961/0.000 | lr(main/disc) 5.50e-05/2.40e-05 | cuda_peak(alloc/resv) 21.77/28.18GB | phase(train/val/raw/train_eval) 3.2/0.5/0.5/0.0s | 4.2s
2026-08-29 22:27:11 | New best val_f1_macro_present: raw=0.5842 stable_score=0.4952 at epoch 7
2026-08-29 22:27:15 | Epoch 008/060 | loss 3.5104 | cls 3.2921 | tal -0.2728 | dual_g 0.3002 | dual_d 0.7907 | train_acc 0.5054 | train_full n/a | val_acc 0.7838 | val_f1 0.8170 | adv/moduleC 0.07/0.30 | disc_steps 2 | grad(main/disc) 9.825/1.557 | lr(main/disc) 5.50e-05/2.40e-05 | cuda_peak(alloc/resv) 21.77/28.18GB | phase(train/val/raw/train_eval) 3.4/0.5/0.5/0.0s | 4.3s
2026-08-29 22:27:18 | New best val_f1_macro_present: raw=0.8170 stable_score=0.5816 at epoch 8
2026-08-29 22:27:22 | Epoch 009/060 | loss 3.4810 | cls 3.1731 | tal -0.2931 | dual_g 0.3958 | dual_d 0.7991 | train_acc 0.5190 | train_full n/a | val_acc 0.7838 | val_f1 0.8111 | adv/moduleC 0.13/0.40 | disc_steps 2 | grad(main/disc) 10.095/1.580 | lr(main/disc) 5.50e-05/2.40e-05 | cuda_peak(alloc/resv) 21.77/28.18GB | phase(train/val/raw/train_eval) 2.9/0.5/0.5/0.0s | 3.9s
2026-08-29 22:27:25 | New best val_f1_macro_present: raw=0.8111 stable_score=0.5842 at epoch 9
2026-08-29 22:27:30 | Epoch 010/060 | loss 3.3912 | cls 2.9907 | tal -0.2296 | dual_g 0.4695 | dual_d 0.7795 | train_acc 0.5679 | train_full 0.8485 | val_acc 0.8378 | val_f1 0.8532 | adv/moduleC 0.20/0.50 | disc_steps 2 | grad(main/disc) 9.895/1.555 | lr(main/disc) 5.50e-05/2.40e-05 | cuda_peak(alloc/resv) 21.77/28.18GB | phase(train/val/raw/train_eval) 3.3/0.5/0.5/0.7s | 5.0s
2026-08-29 22:27:32 | New best val_f1_macro_present: raw=0.8532 stable_score=0.8111 at epoch 10
2026-08-29 22:27:36 | Epoch 011/060 | loss 3.3947 | cls 2.9007 | tal -0.2063 | dual_g 0.5558 | dual_d 0.7714 | train_acc 0.6033 | train_full n/a | val_acc 0.8649 | val_f1 0.8745 | adv/moduleC 0.27/0.60 | disc_steps 2 | grad(main/disc) 9.461/1.502 | lr(main/disc) 5.50e-05/2.40e-05 | cuda_peak(alloc/resv) 21.77/28.18GB | phase(train/val/raw/train_eval) 3.4/0.5/0.0/0.0s | 3.9s
2026-08-29 22:27:40 | Epoch 012/060 | loss 3.3301 | cls 2.7950 | tal -0.1997 | dual_g 0.5950 | dual_d 0.7880 | train_acc 0.6902 | train_full n/a | val_acc 0.8919 | val_f1 0.9042 | adv/moduleC 0.33/0.70 | disc_steps 2 | grad(main/disc) 9.774/1.512 | lr(main/disc) 5.50e-05/2.40e-05 | cuda_peak(alloc/resv) 21.77/28.18GB | phase(train/val/raw/train_eval) 3.1/0.5/0.5/0.0s | 4.1s
2026-08-29 22:27:43 | New best val_f1_macro_present: raw=0.9042 stable_score=0.8532 at epoch 12
2026-08-29 22:27:47 | Epoch 013/060 | loss 3.1703 | cls 2.5736 | tal -0.1873 | dual_g 0.6529 | dual_d 0.8070 | train_acc 0.6957 | train_full n/a | val_acc 0.9189 | val_f1 0.9335 | adv/moduleC 0.40/0.80 | disc_steps 2 | grad(main/disc) 9.393/1.451 | lr(main/disc) 5.50e-05/2.40e-05 | cuda_peak(alloc/resv) 21.77/28.18GB | phase(train/val/raw/train_eval) 3.1/0.5/0.5/0.0s | 4.1s
2026-08-29 22:27:50 | New best val_f1_macro_present: raw=0.9335 stable_score=0.8745 at epoch 13
2026-08-29 22:27:54 | Epoch 014/060 | loss 3.1687 | cls 2.5027 | tal -0.1721 | dual_g 0.7177 | dual_d 0.8201 | train_acc 0.7337 | train_full n/a | val_acc 0.8649 | val_f1 0.8674 | adv/moduleC 0.47/0.90 | disc_steps 2 | grad(main/disc) 9.031/1.494 | lr(main/disc) 5.50e-05/2.40e-05 | cuda_peak(alloc/resv) 21.77/28.18GB | phase(train/val/raw/train_eval) 3.4/0.5/0.0/0.0s | 3.9s
2026-08-29 22:27:59 | Epoch 015/060 | loss 3.1725 | cls 2.4451 | tal -0.2178 | dual_g 0.7927 | dual_d 0.8097 | train_acc 0.7174 | train_full 0.8712 | val_acc 0.8919 | val_f1 0.9129 | adv/moduleC 0.53/1.00 | disc_steps 2 | grad(main/disc) 9.313/1.461 | lr(main/disc) 5.50e-05/2.40e-05 | cuda_peak(alloc/resv) 21.77/28.18GB | phase(train/val/raw/train_eval) 3.2/0.5/0.5/0.7s | 4.9s
2026-08-29 22:28:03 | Epoch 016/060 | loss 2.9401 | cls 2.2583 | tal -0.2468 | dual_g 0.7558 | dual_d 0.8093 | train_acc 0.7799 | train_full n/a | val_acc 0.8919 | val_f1 0.9129 | adv/moduleC 0.60/1.00 | disc_steps 2 | grad(main/disc) 8.450/1.422 | lr(main/disc) 5.50e-05/2.40e-05 | cuda_peak(alloc/resv) 21.77/28.18GB | phase(train/val/raw/train_eval) 3.4/0.5/0.0/0.0s | 3.9s
2026-08-29 22:28:07 | Epoch 017/060 | loss 2.8506 | cls 2.1957 | tal -0.2745 | dual_g 0.7373 | dual_d 0.8337 | train_acc 0.8043 | train_full n/a | val_acc 0.9189 | val_f1 0.9358 | adv/moduleC 0.67/1.00 | disc_steps 2 | grad(main/disc) 8.734/1.430 | lr(main/disc) 5.50e-05/2.40e-05 | cuda_peak(alloc/resv) 21.77/28.18GB | phase(train/val/raw/train_eval) 3.1/0.5/0.5/0.0s | 4.1s
2026-08-29 22:28:09 | New best val_f1_macro_present: raw=0.9358 stable_score=0.9129 at epoch 17
2026-08-29 22:28:13 | Epoch 018/060 | loss 2.8039 | cls 2.1438 | tal -0.2219 | dual_g 0.7267 | dual_d 0.8530 | train_acc 0.8125 | train_full n/a | val_acc 0.9459 | val_f1 0.9616 | adv/moduleC 0.73/1.00 | disc_steps 2 | grad(main/disc) 9.950/1.499 | lr(main/disc) 5.50e-05/2.40e-05 | cuda_peak(alloc/resv) 21.77/28.18GB | phase(train/val/raw/train_eval) 3.5/0.5/0.0/0.0s | 4.0s
2026-08-29 22:28:18 | Epoch 019/060 | loss 2.8755 | cls 2.1898 | tal -0.1901 | dual_g 0.7427 | dual_d 0.8835 | train_acc 0.8207 | train_full n/a | val_acc 0.9730 | val_f1 0.9802 | adv/moduleC 0.80/1.00 | disc_steps 2 | grad(main/disc) 8.861/1.529 | lr(main/disc) 5.50e-05/2.40e-05 | cuda_peak(alloc/resv) 21.77/28.18GB | phase(train/val/raw/train_eval) 3.1/0.5/0.5/0.0s | 4.1s
2026-08-29 22:28:20 | New best val_f1_macro_present: raw=0.9802 stable_score=0.9358 at epoch 19
2026-08-29 22:28:25 | Epoch 020/060 | loss 2.7517 | cls 2.0959 | tal -0.1661 | dual_g 0.7056 | dual_d 0.8304 | train_acc 0.8315 | train_full 0.9621 | val_acc 0.9730 | val_f1 0.9802 | adv/moduleC 0.87/1.00 | disc_steps 2 | grad(main/disc) 9.553/1.414 | lr(main/disc) 5.50e-05/2.40e-05 | cuda_peak(alloc/resv) 21.77/28.18GB | phase(train/val/raw/train_eval) 3.0/0.5/0.5/0.7s | 4.7s
2026-08-29 22:28:28 | New best val_f1_macro_present: raw=0.9802 stable_score=0.9616 at epoch 20
2026-08-29 22:28:32 | Epoch 021/060 | loss 2.6505 | cls 1.9919 | tal -0.1235 | dual_g 0.6957 | dual_d 0.8336 | train_acc 0.8641 | train_full n/a | val_acc 0.9459 | val_f1 0.9578 | adv/moduleC 0.93/1.00 | disc_steps 2 | grad(main/disc) 7.644/1.406 | lr(main/disc) 5.50e-05/2.40e-05 | cuda_peak(alloc/resv) 21.77/28.18GB | phase(train/val/raw/train_eval) 3.4/0.5/0.0/0.0s | 3.9s
2026-08-29 22:28:35 | Epoch 022/060 | loss 2.6285 | cls 1.9686 | tal -0.0979 | dual_g 0.6892 | dual_d 0.8528 | train_acc 0.8913 | train_full n/a | val_acc 0.9459 | val_f1 0.9578 | adv/moduleC 1.00/1.00 | disc_steps 2 | grad(main/disc) 7.948/1.396 | lr(main/disc) 5.50e-05/2.40e-05 | cuda_peak(alloc/resv) 21.77/28.18GB | phase(train/val/raw/train_eval) 2.9/0.5/0.0/0.0s | 3.4s
2026-08-29 22:28:39 | Epoch 023/060 | loss 2.5360 | cls 1.8978 | tal -0.1008 | dual_g 0.6684 | dual_d 0.8232 | train_acc 0.9158 | train_full n/a | val_acc 0.9459 | val_f1 0.9578 | adv/moduleC 1.00/1.00 | disc_steps 2 | grad(main/disc) 7.572/1.413 | lr(main/disc) 5.50e-05/2.40e-05 | cuda_peak(alloc/resv) 21.77/28.18GB | phase(train/val/raw/train_eval) 3.2/0.5/0.0/0.0s | 3.7s
2026-08-29 22:28:42 | Epoch 024/060 | loss 2.5261 | cls 1.8849 | tal -0.0785 | dual_g 0.6647 | dual_d 0.8441 | train_acc 0.8940 | train_full n/a | val_acc 0.9459 | val_f1 0.9578 | adv/moduleC 1.00/1.00 | disc_steps 2 | grad(main/disc) 8.348/1.445 | lr(main/disc) 5.50e-05/2.40e-05 | cuda_peak(alloc/resv) 21.77/28.18GB | phase(train/val/raw/train_eval) 3.1/0.5/0.0/0.0s | 3.6s
2026-08-29 22:28:47 | Epoch 025/060 | loss 2.4382 | cls 1.8326 | tal -0.1147 | dual_g 0.6400 | dual_d 0.9114 | train_acc 0.9103 | train_full 0.9848 | val_acc 0.9459 | val_f1 0.9578 | adv/moduleC 1.00/1.00 | disc_steps 2 | grad(main/disc) 7.768/1.449 | lr(main/disc) 5.50e-05/2.40e-05 | cuda_peak(alloc/resv) 21.77/28.18GB | phase(train/val/raw/train_eval) 3.5/0.5/0.5/0.7s | 5.1s
2026-08-29 22:28:51 | Epoch 026/060 | loss 2.4167 | cls 1.8220 | tal -0.1301 | dual_g 0.6338 | dual_d 0.9009 | train_acc 0.8967 | train_full n/a | val_acc 0.9459 | val_f1 0.9578 | adv/moduleC 1.00/1.00 | disc_steps 2 | grad(main/disc) 7.608/1.441 | lr(main/disc) 5.50e-05/2.40e-05 | cuda_peak(alloc/resv) 21.77/28.18GB | phase(train/val/raw/train_eval) 3.1/0.5/0.0/0.0s | 3.6s
2026-08-29 22:28:55 | Epoch 027/060 | loss 2.3679 | cls 1.7610 | tal -0.0816 | dual_g 0.6313 | dual_d 0.9081 | train_acc 0.9239 | train_full n/a | val_acc 0.9459 | val_f1 0.9578 | adv/moduleC 1.00/1.00 | disc_steps 2 | grad(main/disc) 8.785/1.436 | lr(main/disc) 5.50e-05/2.40e-05 | cuda_peak(alloc/resv) 21.77/28.18GB | phase(train/val/raw/train_eval) 3.2/0.5/0.0/0.0s | 3.7s
2026-08-29 22:28:58 | Epoch 028/060 | loss 2.2900 | cls 1.6975 | tal -0.0395 | dual_g 0.6044 | dual_d 0.9288 | train_acc 0.9429 | train_full n/a | val_acc 0.9459 | val_f1 0.9578 | adv/moduleC 1.00/1.00 | disc_steps 2 | grad(main/disc) 7.055/1.414 | lr(main/disc) 5.50e-05/2.40e-05 | cuda_peak(alloc/resv) 21.77/28.18GB | phase(train/val/raw/train_eval) 3.3/0.5/0.0/0.0s | 3.8s
2026-08-29 22:29:02 | Epoch 029/060 | loss 2.2949 | cls 1.7098 | tal -0.0686 | dual_g 0.6057 | dual_d 0.8773 | train_acc 0.9293 | train_full n/a | val_acc 0.9459 | val_f1 0.9578 | adv/moduleC 1.00/1.00 | disc_steps 2 | grad(main/disc) 8.023/1.329 | lr(main/disc) 5.50e-05/2.40e-05 | cuda_peak(alloc/resv) 21.77/28.18GB | phase(train/val/raw/train_eval) 3.3/0.5/0.0/0.0s | 3.7s
2026-08-29 22:29:07 | Epoch 030/060 | loss 2.3008 | cls 1.7077 | tal -0.0151 | dual_g 0.5976 | dual_d 0.8985 | train_acc 0.9293 | train_full 0.9848 | val_acc 0.9730 | val_f1 0.9776 | adv/moduleC 1.00/1.00 | disc_steps 2 | grad(main/disc) 7.962/1.348 | lr(main/disc) 5.50e-05/2.40e-05 | cuda_peak(alloc/resv) 21.77/28.18GB | phase(train/val/raw/train_eval) 3.4/0.5/0.5/0.7s | 5.1s
2026-08-29 22:29:11 | Epoch 031/060 | loss 2.2466 | cls 1.6950 | tal -0.1136 | dual_g 0.5857 | dual_d 0.9479 | train_acc 0.9266 | train_full n/a | val_acc 1.0000 | val_f1 1.0000 | adv/moduleC 1.00/1.00 | disc_steps 2 | grad(main/disc) 7.764/1.452 | lr(main/disc) 5.50e-05/2.40e-05 | cuda_peak(alloc/resv) 21.77/28.18GB | phase(train/val/raw/train_eval) 3.1/0.5/0.0/0.0s | 3.6s
2026-08-29 22:29:15 | Epoch 032/060 | loss 2.1890 | cls 1.6586 | tal -0.1428 | dual_g 0.5732 | dual_d 0.8572 | train_acc 0.9647 | train_full n/a | val_acc 0.9730 | val_f1 0.9802 | adv/moduleC 1.00/1.00 | disc_steps 2 | grad(main/disc) 7.467/1.326 | lr(main/disc) 5.50e-05/2.40e-05 | cuda_peak(alloc/resv) 21.77/28.18GB | phase(train/val/raw/train_eval) 3.5/0.5/0.5/0.0s | 4.4s
2026-08-29 22:29:18 | New best val_f1_macro_present: raw=0.9802 stable_score=0.9776 at epoch 32
2026-08-29 22:29:21 | Epoch 033/060 | loss 2.1902 | cls 1.6706 | tal -0.1688 | dual_g 0.5702 | dual_d 0.8937 | train_acc 0.9429 | train_full n/a | val_acc 0.9730 | val_f1 0.9776 | adv/moduleC 1.00/1.00 | disc_steps 2 | grad(main/disc) 7.181/1.359 | lr(main/disc) 5.50e-05/2.40e-05 | cuda_peak(alloc/resv) 21.77/28.18GB | phase(train/val/raw/train_eval) 3.2/0.5/0.0/0.0s | 3.6s
2026-08-29 22:29:25 | Epoch 034/060 | loss 2.1145 | cls 1.6083 | tal -0.2058 | dual_g 0.5680 | dual_d 0.9678 | train_acc 0.9647 | train_full n/a | val_acc 0.9730 | val_f1 0.9776 | adv/moduleC 1.00/1.00 | disc_steps 2 | grad(main/disc) 6.556/1.397 | lr(main/disc) 5.50e-05/2.40e-05 | cuda_peak(alloc/resv) 21.77/28.18GB | phase(train/val/raw/train_eval) 3.2/0.5/0.0/0.0s | 3.7s
2026-08-29 22:29:30 | Epoch 035/060 | loss 2.1658 | cls 1.6546 | tal -0.2002 | dual_g 0.5713 | dual_d 0.9277 | train_acc 0.9511 | train_full 0.9924 | val_acc 0.9730 | val_f1 0.9802 | adv/moduleC 1.00/1.00 | disc_steps 2 | grad(main/disc) 7.752/1.396 | lr(main/disc) 5.50e-05/2.40e-05 | cuda_peak(alloc/resv) 21.77/28.18GB | phase(train/val/raw/train_eval) 3.1/0.5/0.5/0.7s | 4.8s
2026-08-29 22:29:34 | Epoch 036/060 | loss 2.0814 | cls 1.5864 | tal -0.2036 | dual_g 0.5562 | dual_d 0.9253 | train_acc 0.9565 | train_full n/a | val_acc 0.9730 | val_f1 0.9802 | adv/moduleC 1.00/1.00 | disc_steps 2 | grad(main/disc) 6.361/1.346 | lr(main/disc) 5.50e-05/2.40e-05 | cuda_peak(alloc/resv) 21.77/28.18GB | phase(train/val/raw/train_eval) 3.3/0.5/0.0/0.0s | 3.8s
2026-08-29 22:29:38 | Epoch 037/060 | loss 2.1299 | cls 1.6421 | tal -0.2293 | dual_g 0.5566 | dual_d 0.9533 | train_acc 0.9429 | train_full n/a | val_acc 0.9730 | val_f1 0.9776 | adv/moduleC 1.00/1.00 | disc_steps 2 | grad(main/disc) 7.761/1.405 | lr(main/disc) 5.50e-05/2.40e-05 | cuda_peak(alloc/resv) 21.77/28.18GB | phase(train/val/raw/train_eval) 3.4/0.5/0.0/0.0s | 3.9s
2026-08-29 22:29:42 | Epoch 038/060 | loss 2.0080 | cls 1.5546 | tal -0.2875 | dual_g 0.5396 | dual_d 0.9049 | train_acc 0.9701 | train_full n/a | val_acc 1.0000 | val_f1 1.0000 | adv/moduleC 1.00/1.00 | disc_steps 2 | grad(main/disc) 6.178/1.325 | lr(main/disc) 5.50e-05/2.40e-05 | cuda_peak(alloc/resv) 21.77/28.18GB | phase(train/val/raw/train_eval) 3.4/0.5/0.0/0.0s | 3.9s
2026-08-29 22:29:46 | Epoch 039/060 | loss 2.0418 | cls 1.5698 | tal -0.2248 | dual_g 0.5395 | dual_d 0.9802 | train_acc 0.9647 | train_full n/a | val_acc 1.0000 | val_f1 1.0000 | adv/moduleC 1.00/1.00 | disc_steps 2 | grad(main/disc) 7.257/1.390 | lr(main/disc) 5.50e-05/2.40e-05 | cuda_peak(alloc/resv) 21.77/28.18GB | phase(train/val/raw/train_eval) 3.6/0.5/0.0/0.0s | 4.0s
2026-08-29 22:29:50 | Epoch 040/060 | loss 1.9794 | cls 1.5302 | tal -0.2728 | dual_g 0.5310 | dual_d 0.9438 | train_acc 0.9701 | train_full 0.9697 | val_acc 0.9730 | val_f1 0.9776 | adv/moduleC 1.00/1.00 | disc_steps 2 | grad(main/disc) 5.799/1.335 | lr(main/disc) 5.50e-05/2.40e-05 | cuda_peak(alloc/resv) 21.77/28.18GB | phase(train/val/raw/train_eval) 3.2/0.5/0.5/0.7s | 4.9s
2026-08-29 22:29:54 | Epoch 041/060 | loss 2.0133 | cls 1.5511 | tal -0.2356 | dual_g 0.5329 | dual_d 0.9562 | train_acc 0.9674 | train_full n/a | val_acc 1.0000 | val_f1 1.0000 | adv/moduleC 1.00/1.00 | disc_steps 2 | grad(main/disc) 5.739/1.374 | lr(main/disc) 5.50e-05/2.40e-05 | cuda_peak(alloc/resv) 21.77/28.18GB | phase(train/val/raw/train_eval) 3.4/0.5/0.0/0.0s | 3.9s
2026-08-29 22:29:58 | Epoch 042/060 | loss 1.9956 | cls 1.5358 | tal -0.2149 | dual_g 0.5243 | dual_d 0.9307 | train_acc 0.9810 | train_full n/a | val_acc 0.9730 | val_f1 0.9802 | adv/moduleC 1.00/1.00 | disc_steps 2 | grad(main/disc) 5.665/1.307 | lr(main/disc) 2.75e-05/1.20e-05 | cuda_peak(alloc/resv) 21.77/28.18GB | phase(train/val/raw/train_eval) 3.0/0.5/0.0/0.0s | 3.5s
2026-08-29 22:30:02 | Epoch 043/060 | loss 1.9701 | cls 1.5113 | tal -0.1795 | dual_g 0.5126 | dual_d 0.9480 | train_acc 0.9946 | train_full n/a | val_acc 0.9730 | val_f1 0.9802 | adv/moduleC 1.00/1.00 | disc_steps 2 | grad(main/disc) 5.821/1.315 | lr(main/disc) 2.75e-05/1.20e-05 | cuda_peak(alloc/resv) 21.77/28.18GB | phase(train/val/raw/train_eval) 3.2/0.5/0.5/0.0s | 4.2s
2026-08-29 22:30:05 | New best val_f1_macro_present: raw=0.9802 stable_score=0.9802 at epoch 43
2026-08-29 22:30:08 | Epoch 044/060 | loss 1.9976 | cls 1.5248 | tal -0.1690 | dual_g 0.5235 | dual_d 0.9597 | train_acc 0.9783 | train_full n/a | val_acc 1.0000 | val_f1 1.0000 | adv/moduleC 1.00/1.00 | disc_steps 2 | grad(main/disc) 5.644/1.322 | lr(main/disc) 2.75e-05/1.20e-05 | cuda_peak(alloc/resv) 21.77/28.18GB | phase(train/val/raw/train_eval) 3.1/0.5/0.0/0.0s | 3.6s
2026-08-29 22:30:13 | Epoch 045/060 | loss 1.9908 | cls 1.5324 | tal -0.2006 | dual_g 0.5186 | dual_d 0.9894 | train_acc 0.9592 | train_full 1.0000 | val_acc 1.0000 | val_f1 1.0000 | adv/moduleC 1.00/1.00 | disc_steps 2 | grad(main/disc) 6.014/1.343 | lr(main/disc) 2.75e-05/1.20e-05 | cuda_peak(alloc/resv) 21.77/28.18GB | phase(train/val/raw/train_eval) 3.4/0.5/0.5/0.7s | 5.1s
2026-08-29 22:30:18 | Epoch 046/060 | loss 2.0160 | cls 1.5331 | tal -0.1145 | dual_g 0.5173 | dual_d 0.9888 | train_acc 0.9810 | train_full n/a | val_acc 1.0000 | val_f1 1.0000 | adv/moduleC 1.00/1.00 | disc_steps 2 | grad(main/disc) 5.303/1.354 | lr(main/disc) 2.75e-05/1.20e-05 | cuda_peak(alloc/resv) 21.77/28.18GB | phase(train/val/raw/train_eval) 3.4/0.5/0.5/0.0s | 4.3s
2026-08-29 22:30:20 | New best val_f1_macro_present: raw=1.0000 stable_score=1.0000 at epoch 46
2026-08-29 22:30:24 | Epoch 047/060 | loss 2.0303 | cls 1.5499 | tal -0.0920 | dual_g 0.5080 | dual_d 0.9848 | train_acc 0.9728 | train_full n/a | val_acc 1.0000 | val_f1 1.0000 | adv/moduleC 1.00/1.00 | disc_steps 2 | grad(main/disc) 5.388/1.343 | lr(main/disc) 2.75e-05/1.20e-05 | cuda_peak(alloc/resv) 21.77/28.18GB | phase(train/val/raw/train_eval) 3.3/0.5/0.0/0.0s | 3.8s
2026-08-29 22:30:28 | Epoch 048/060 | loss 1.9578 | cls 1.4853 | tal -0.1178 | dual_g 0.5078 | dual_d 0.9778 | train_acc 0.9973 | train_full n/a | val_acc 1.0000 | val_f1 1.0000 | adv/moduleC 1.00/1.00 | disc_steps 2 | grad(main/disc) 4.404/1.313 | lr(main/disc) 2.75e-05/1.20e-05 | cuda_peak(alloc/resv) 21.77/28.18GB | phase(train/val/raw/train_eval) 3.3/0.5/0.0/0.0s | 3.8s
2026-08-29 22:30:32 | Epoch 049/060 | loss 1.9187 | cls 1.4836 | tal -0.2249 | dual_g 0.5026 | dual_d 1.0029 | train_acc 0.9918 | train_full n/a | val_acc 1.0000 | val_f1 1.0000 | adv/moduleC 1.00/1.00 | disc_steps 2 | grad(main/disc) 4.361/1.375 | lr(main/disc) 2.75e-05/1.20e-05 | cuda_peak(alloc/resv) 21.77/28.18GB | phase(train/val/raw/train_eval) 3.1/0.5/0.0/0.0s | 3.6s
2026-08-29 22:30:37 | Epoch 050/060 | loss 1.9378 | cls 1.4869 | tal -0.1739 | dual_g 0.5031 | dual_d 1.0011 | train_acc 0.9946 | train_full 1.0000 | val_acc 1.0000 | val_f1 1.0000 | adv/moduleC 1.00/1.00 | disc_steps 2 | grad(main/disc) 5.066/1.337 | lr(main/disc) 2.75e-05/1.20e-05 | cuda_peak(alloc/resv) 21.77/28.18GB | phase(train/val/raw/train_eval) 3.4/0.5/0.5/0.8s | 5.2s
2026-08-29 22:30:40 | Epoch 051/060 | loss 1.9260 | cls 1.4935 | tal -0.2091 | dual_g 0.4952 | dual_d 0.9920 | train_acc 0.9891 | train_full n/a | val_acc 1.0000 | val_f1 1.0000 | adv/moduleC 1.00/1.00 | disc_steps 2 | grad(main/disc) 4.790/1.379 | lr(main/disc) 2.75e-05/1.20e-05 | cuda_peak(alloc/resv) 21.77/28.18GB | phase(train/val/raw/train_eval) 3.1/0.5/0.0/0.0s | 3.6s
2026-08-29 22:30:44 | Epoch 052/060 | loss 1.9601 | cls 1.4990 | tal -0.1262 | dual_g 0.4990 | dual_d 1.0011 | train_acc 0.9701 | train_full n/a | val_acc 1.0000 | val_f1 1.0000 | adv/moduleC 1.00/1.00 | disc_steps 2 | grad(main/disc) 4.610/1.372 | lr(main/disc) 2.75e-05/1.20e-05 | cuda_peak(alloc/resv) 21.77/28.18GB | phase(train/val/raw/train_eval) 3.2/0.5/0.0/0.0s | 3.6s
2026-08-29 22:30:48 | Epoch 053/060 | loss 1.9047 | cls 1.4637 | tal -0.1810 | dual_g 0.4954 | dual_d 0.9782 | train_acc 0.9810 | train_full n/a | val_acc 1.0000 | val_f1 1.0000 | adv/moduleC 1.00/1.00 | disc_steps 2 | grad(main/disc) 4.584/1.347 | lr(main/disc) 1.38e-05/6.00e-06 | cuda_peak(alloc/resv) 21.77/28.18GB | phase(train/val/raw/train_eval) 3.3/0.5/0.0/0.0s | 3.8s
2026-08-29 22:30:52 | Epoch 054/060 | loss 1.9007 | cls 1.4627 | tal -0.1728 | dual_g 0.4899 | dual_d 0.9569 | train_acc 0.9810 | train_full n/a | val_acc 1.0000 | val_f1 1.0000 | adv/moduleC 1.00/1.00 | disc_steps 2 | grad(main/disc) 4.369/1.315 | lr(main/disc) 1.38e-05/6.00e-06 | cuda_peak(alloc/resv) 21.77/28.18GB | phase(train/val/raw/train_eval) 3.3/0.5/0.0/0.0s | 3.8s
2026-08-29 22:30:57 | Epoch 055/060 | loss 1.9013 | cls 1.4752 | tal -0.2038 | dual_g 0.4872 | dual_d 0.9902 | train_acc 0.9864 | train_full 1.0000 | val_acc 1.0000 | val_f1 1.0000 | adv/moduleC 1.00/1.00 | disc_steps 2 | grad(main/disc) 4.567/1.296 | lr(main/disc) 1.38e-05/6.00e-06 | cuda_peak(alloc/resv) 21.77/28.18GB | phase(train/val/raw/train_eval) 3.5/0.5/0.5/0.7s | 5.2s
2026-08-29 22:31:01 | Epoch 056/060 | loss 1.9274 | cls 1.4937 | tal -0.1785 | dual_g 0.4872 | dual_d 1.0246 | train_acc 0.9918 | train_full n/a | val_acc 1.0000 | val_f1 1.0000 | adv/moduleC 1.00/1.00 | disc_steps 2 | grad(main/disc) 4.605/1.345 | lr(main/disc) 1.38e-05/6.00e-06 | cuda_peak(alloc/resv) 21.77/28.18GB | phase(train/val/raw/train_eval) 3.5/0.5/0.0/0.0s | 4.0s
2026-08-29 22:31:04 | Epoch 057/060 | loss 1.8785 | cls 1.4527 | tal -0.1884 | dual_g 0.4824 | dual_d 0.9476 | train_acc 0.9973 | train_full n/a | val_acc 1.0000 | val_f1 1.0000 | adv/moduleC 1.00/1.00 | disc_steps 2 | grad(main/disc) 3.844/1.322 | lr(main/disc) 1.38e-05/6.00e-06 | cuda_peak(alloc/resv) 21.77/28.18GB | phase(train/val/raw/train_eval) 3.1/0.5/0.0/0.0s | 3.5s
2026-08-29 22:31:08 | Epoch 058/060 | loss 1.9027 | cls 1.4598 | tal -0.1694 | dual_g 0.4937 | dual_d 1.0361 | train_acc 0.9891 | train_full n/a | val_acc 1.0000 | val_f1 1.0000 | adv/moduleC 1.00/1.00 | disc_steps 2 | grad(main/disc) 4.524/1.424 | lr(main/disc) 1.38e-05/6.00e-06 | cuda_peak(alloc/resv) 21.77/28.18GB | phase(train/val/raw/train_eval) 3.5/0.5/0.0/0.0s | 4.0s
2026-08-29 22:31:12 | Epoch 059/060 | loss 1.8866 | cls 1.4508 | tal -0.1399 | dual_g 0.4777 | dual_d 1.0254 | train_acc 0.9946 | train_full n/a | val_acc 1.0000 | val_f1 1.0000 | adv/moduleC 1.00/1.00 | disc_steps 2 | grad(main/disc) 3.860/1.400 | lr(main/disc) 1.38e-05/6.00e-06 | cuda_peak(alloc/resv) 21.77/28.18GB | phase(train/val/raw/train_eval) 3.1/0.5/0.0/0.0s | 3.6s
2026-08-29 22:31:17 | Epoch 060/060 | loss 1.8740 | cls 1.4511 | tal -0.2016 | dual_g 0.4834 | dual_d 1.0769 | train_acc 0.9946 | train_full 1.0000 | val_acc 1.0000 | val_f1 1.0000 | adv/moduleC 1.00/1.00 | disc_steps 2 | grad(main/disc) 4.341/1.446 | lr(main/disc) 1.38e-05/6.00e-06 | cuda_peak(alloc/resv) 21.77/28.18GB | phase(train/val/raw/train_eval) 3.1/0.5/0.5/0.7s | 4.8s
2026-08-29 22:31:17 | Training complete. Peak validation accuracy: 1.0000 | selected val_f1_macro_present: 1.0000
2026-08-29 22:31:17 | Starting Dual_D standalone training
2026-08-29 22:31:17 | Run directory: runs/module_c_ablation_60_v8/module_c_20260829_205331/module_c_no_identity_逆光_20260829_221218
2026-08-29 22:31:17 | Device: cuda
2026-08-29 22:31:17 | Source train samples: 992
2026-08-29 22:31:17 | Target train samples: 132
2026-08-29 22:31:17 | Target val samples: 37
2026-08-29 22:31:17 | Classes: 14
2026-08-29 22:31:17 | Data audit: same_dir=False | path_overlap(vis/ir/ais)=0/0/0 | content_overlap(vis/ir/ais)=0/0/0 | ais_index_overlap=0 | stem_mismatch(vis-ir/vis-ais)=157/0
2026-08-29 22:31:17 | source_train classes: present 14/14 | absent 0 | counts [0:120, 1:44, 2:69, 3:45, 4:40, 5:30, 6:64, 7:80, 8:116, 9:68, 10:57, 11:83, 12:48, 13:128]
2026-08-29 22:31:17 | target_train classes: present 9/14 | absent 5 | counts [0:20, 2:12, 4:12, 5:2, 9:16, 10:16, 11:29, 12:4, 13:21]
2026-08-29 22:31:17 | target_val classes: present 9/14 | absent 5 | counts [0:6, 2:3, 4:4, 5:1, 9:4, 10:4, 11:8, 12:1, 13:6]
2026-08-29 22:31:17 | Paired training classes: 9/14 | class ids [0, 2, 4, 5, 9, 10, 11, 12, 13]
2026-08-29 22:31:17 | Runtime profile: batch=92 | paired_steps=4 | workers=16 | train_eval_every=5 | raw_eval_every=5 | stability_window=3 | lr_scheduler_start=28 | early_stop=18 after min_epoch=45
2026-08-29 22:31:17 | VIS/IR pairing: class-level-unpaired | count-mismatch classes train/val: 10/1 | AIS alignment: none | AIS rows train/val: 0/0
2026-08-29 22:31:18 | Effective Dual-D loss weights: {"adv_auxiliary": 0.025, "adv_primary": 0.025, "classification": 0.2, "contrastive": 0.04, "cycle": 0.12, "identity": 0.0, "prototype_contrastive": 0.06}
2026-08-29 22:31:18 | Model parameters: total=17277714 | trainable=17120210
Starting run 5/9: domain=逆光, iteration=2, seed=46
2026-08-29 22:31:23 | Epoch 001/060 | loss 5.8524 | cls 5.9163 | tal -0.2129 | dual_g 0.0000 | dual_d 0.0000 | train_acc 0.0516 | train_full 0.1212 | val_acc 0.2162 | val_f1 0.1115 | adv/moduleC 0.00/0.00 | disc_steps 0 | grad(main/disc) 16.786/0.000 | lr(main/disc) 5.50e-05/2.40e-05 | cuda_peak(alloc/resv) 21.77/28.18GB | phase(train/val/raw/train_eval) 3.8/0.5/0.5/0.9s | 5.6s
2026-08-29 22:31:27 | Epoch 002/060 | loss 5.1042 | cls 5.0945 | tal 0.0324 | dual_g 0.0000 | dual_d 0.0000 | train_acc 0.1712 | train_full n/a | val_acc 0.1622 | val_f1 0.0971 | adv/moduleC 0.00/0.00 | disc_steps 0 | grad(main/disc) 14.129/0.000 | lr(main/disc) 5.50e-05/2.40e-05 | cuda_peak(alloc/resv) 21.77/28.18GB | phase(train/val/raw/train_eval) 3.4/0.5/0.0/0.0s | 3.9s
2026-08-29 22:31:32 | Epoch 003/060 | loss 4.7459 | cls 4.7299 | tal 0.0535 | dual_g 0.0000 | dual_d 0.0000 | train_acc 0.1984 | train_full n/a | val_acc 0.2162 | val_f1 0.1117 | adv/moduleC 0.00/0.00 | disc_steps 0 | grad(main/disc) 13.045/0.000 | lr(main/disc) 5.50e-05/2.40e-05 | cuda_peak(alloc/resv) 21.77/28.18GB | phase(train/val/raw/train_eval) 3.4/0.5/0.5/0.0s | 4.4s
2026-08-29 22:31:34 | New best val_f1_macro_present: raw=0.1117 stable_score=0.0971 at epoch 3
2026-08-29 22:31:38 | Epoch 004/060 | loss 4.1326 | cls 4.1105 | tal 0.0736 | dual_g 0.0000 | dual_d 0.0000 | train_acc 0.3533 | train_full n/a | val_acc 0.3514 | val_f1 0.2868 | adv/moduleC 0.00/0.00 | disc_steps 0 | grad(main/disc) 11.382/0.000 | lr(main/disc) 5.50e-05/2.40e-05 | cuda_peak(alloc/resv) 21.77/28.18GB | phase(train/val/raw/train_eval) 3.2/0.5/0.0/0.0s | 3.7s
2026-08-29 22:31:43 | Epoch 005/060 | loss 4.0910 | cls 4.0551 | tal 0.1197 | dual_g 0.0000 | dual_d 0.0000 | train_acc 0.3315 | train_full 0.3939 | val_acc 0.4865 | val_f1 0.6227 | adv/moduleC 0.00/0.00 | disc_steps 0 | grad(main/disc) 11.256/0.000 | lr(main/disc) 5.50e-05/2.40e-05 | cuda_peak(alloc/resv) 21.77/28.18GB | phase(train/val/raw/train_eval) 3.0/0.5/0.5/0.7s | 4.7s
2026-08-29 22:31:45 | New best val_f1_macro_present: raw=0.6227 stable_score=0.1117 at epoch 5
2026-08-29 22:31:50 | Epoch 006/060 | loss 3.9276 | cls 3.7889 | tal 0.1048 | dual_g 0.1073 | dual_d 0.0000 | train_acc 0.4185 | train_full n/a | val_acc 0.6757 | val_f1 0.7192 | adv/moduleC 0.00/0.10 | disc_steps 0 | grad(main/disc) 10.847/0.000 | lr(main/disc) 5.50e-05/2.40e-05 | cuda_peak(alloc/resv) 21.77/28.18GB | phase(train/val/raw/train_eval) 3.3/0.5/0.5/0.0s | 4.3s
2026-08-29 22:31:52 | New best val_f1_macro_present: raw=0.7192 stable_score=0.2868 at epoch 6
2026-08-29 22:31:57 | Epoch 007/060 | loss 3.7881 | cls 3.5482 | tal 0.1171 | dual_g 0.2048 | dual_d 0.0000 | train_acc 0.4728 | train_full n/a | val_acc 0.7568 | val_f1 0.8188 | adv/moduleC 0.00/0.20 | disc_steps 0 | grad(main/disc) 10.202/0.000 | lr(main/disc) 5.50e-05/2.40e-05 | cuda_peak(alloc/resv) 21.77/28.18GB | phase(train/val/raw/train_eval) 3.3/0.5/0.5/0.0s | 4.3s
2026-08-29 22:31:59 | New best val_f1_macro_present: raw=0.8188 stable_score=0.6227 at epoch 7
2026-08-29 22:32:04 | Epoch 008/060 | loss 3.6624 | cls 3.3225 | tal 0.1281 | dual_g 0.3015 | dual_d 0.8463 | train_acc 0.5299 | train_full n/a | val_acc 0.8649 | val_f1 0.8877 | adv/moduleC 0.07/0.30 | disc_steps 2 | grad(main/disc) 9.971/1.745 | lr(main/disc) 5.50e-05/2.40e-05 | cuda_peak(alloc/resv) 21.77/28.18GB | phase(train/val/raw/train_eval) 3.5/0.5/0.5/0.0s | 4.4s
2026-08-29 22:32:06 | New best val_f1_macro_present: raw=0.8877 stable_score=0.7192 at epoch 8
2026-08-29 22:32:11 | Epoch 009/060 | loss 3.5320 | cls 3.1142 | tal 0.0939 | dual_g 0.3897 | dual_d 0.8227 | train_acc 0.5625 | train_full n/a | val_acc 0.8919 | val_f1 0.9084 | adv/moduleC 0.13/0.40 | disc_steps 2 | grad(main/disc) 9.545/1.648 | lr(main/disc) 5.50e-05/2.40e-05 | cuda_peak(alloc/resv) 21.77/28.18GB | phase(train/val/raw/train_eval) 3.2/0.5/0.5/0.0s | 4.2s
2026-08-29 22:32:14 | New best val_f1_macro_present: raw=0.9084 stable_score=0.8188 at epoch 9
2026-08-29 22:32:19 | Epoch 010/060 | loss 3.4997 | cls 2.9909 | tal 0.1229 | dual_g 0.4720 | dual_d 0.8471 | train_acc 0.5924 | train_full 0.8939 | val_acc 0.9459 | val_f1 0.9616 | adv/moduleC 0.20/0.50 | disc_steps 2 | grad(main/disc) 9.670/1.664 | lr(main/disc) 5.50e-05/2.40e-05 | cuda_peak(alloc/resv) 21.77/28.18GB | phase(train/val/raw/train_eval) 3.4/0.5/0.5/0.7s | 5.1s
2026-08-29 22:32:21 | New best val_f1_macro_present: raw=0.9616 stable_score=0.8877 at epoch 10
2026-08-29 22:32:26 | Epoch 011/060 | loss 3.4406 | cls 2.8664 | tal 0.0898 | dual_g 0.5472 | dual_d 0.8300 | train_acc 0.6386 | train_full n/a | val_acc 0.9459 | val_f1 0.9556 | adv/moduleC 0.27/0.60 | disc_steps 2 | grad(main/disc) 9.984/1.633 | lr(main/disc) 5.50e-05/2.40e-05 | cuda_peak(alloc/resv) 21.77/28.18GB | phase(train/val/raw/train_eval) 3.5/0.5/0.5/0.0s | 4.5s
2026-08-29 22:32:29 | New best val_f1_macro_present: raw=0.9556 stable_score=0.9084 at epoch 11
2026-08-29 22:32:33 | Epoch 012/060 | loss 3.4070 | cls 2.7781 | tal 0.0662 | dual_g 0.6090 | dual_d 0.8190 | train_acc 0.6549 | train_full n/a | val_acc 0.9189 | val_f1 0.9396 | adv/moduleC 0.33/0.70 | disc_steps 2 | grad(main/disc) 9.311/1.576 | lr(main/disc) 5.50e-05/2.40e-05 | cuda_peak(alloc/resv) 21.77/28.18GB | phase(train/val/raw/train_eval) 3.7/0.5/0.5/0.0s | 4.6s
2026-08-29 22:32:36 | New best val_f1_macro_present: raw=0.9396 stable_score=0.9396 at epoch 12
2026-08-29 22:32:40 | Epoch 013/060 | loss 3.2708 | cls 2.5929 | tal 0.0562 | dual_g 0.6611 | dual_d 0.8452 | train_acc 0.6793 | train_full n/a | val_acc 0.9189 | val_f1 0.9396 | adv/moduleC 0.40/0.80 | disc_steps 2 | grad(main/disc) 9.319/1.576 | lr(main/disc) 5.50e-05/2.40e-05 | cuda_peak(alloc/resv) 21.77/28.18GB | phase(train/val/raw/train_eval) 3.2/0.5/0.0/0.0s | 3.7s
2026-08-29 22:32:44 | Epoch 014/060 | loss 3.2457 | cls 2.5239 | tal -0.0163 | dual_g 0.7267 | dual_d 0.8305 | train_acc 0.7228 | train_full n/a | val_acc 0.9459 | val_f1 0.9616 | adv/moduleC 0.47/0.90 | disc_steps 2 | grad(main/disc) 8.922/1.622 | lr(main/disc) 5.50e-05/2.40e-05 | cuda_peak(alloc/resv) 21.77/28.18GB | phase(train/val/raw/train_eval) 3.7/0.5/0.0/0.0s | 4.2s
2026-08-29 22:32:49 | Epoch 015/060 | loss 3.1951 | cls 2.4109 | tal 0.0157 | dual_g 0.7795 | dual_d 0.8596 | train_acc 0.7554 | train_full 0.9394 | val_acc 0.9189 | val_f1 0.9303 | adv/moduleC 0.53/1.00 | disc_steps 2 | grad(main/disc) 9.582/1.623 | lr(main/disc) 5.50e-05/2.40e-05 | cuda_peak(alloc/resv) 21.77/28.18GB | phase(train/val/raw/train_eval) 3.5/0.5/0.5/0.7s | 5.2s
2026-08-29 22:32:53 | Epoch 016/060 | loss 3.1280 | cls 2.3756 | tal 0.0065 | dual_g 0.7505 | dual_d 0.8395 | train_acc 0.7609 | train_full n/a | val_acc 0.9459 | val_f1 0.9458 | adv/moduleC 0.60/1.00 | disc_steps 2 | grad(main/disc) 9.180/1.576 | lr(main/disc) 5.50e-05/2.40e-05 | cuda_peak(alloc/resv) 21.77/28.18GB | phase(train/val/raw/train_eval) 3.4/0.5/0.0/0.0s | 3.8s
2026-08-29 22:32:57 | Epoch 017/060 | loss 3.0277 | cls 2.2726 | tal 0.0179 | dual_g 0.7498 | dual_d 0.8220 | train_acc 0.7609 | train_full n/a | val_acc 0.9459 | val_f1 0.9485 | adv/moduleC 0.67/1.00 | disc_steps 2 | grad(main/disc) 10.017/1.531 | lr(main/disc) 5.50e-05/2.40e-05 | cuda_peak(alloc/resv) 21.77/28.18GB | phase(train/val/raw/train_eval) 3.5/0.5/0.0/0.0s | 4.0s
2026-08-29 22:33:01 | Epoch 018/060 | loss 2.9313 | cls 2.1942 | tal 0.0577 | dual_g 0.7198 | dual_d 0.8154 | train_acc 0.7989 | train_full n/a | val_acc 0.9189 | val_f1 0.9261 | adv/moduleC 0.73/1.00 | disc_steps 2 | grad(main/disc) 9.334/1.472 | lr(main/disc) 5.50e-05/2.40e-05 | cuda_peak(alloc/resv) 21.77/28.18GB | phase(train/val/raw/train_eval) 3.1/0.5/0.0/0.0s | 3.6s
2026-08-29 22:33:05 | Epoch 019/060 | loss 2.8777 | cls 2.1379 | tal 0.0643 | dual_g 0.7205 | dual_d 0.8732 | train_acc 0.8016 | train_full n/a | val_acc 0.9730 | val_f1 0.9776 | adv/moduleC 0.80/1.00 | disc_steps 2 | grad(main/disc) 9.328/1.595 | lr(main/disc) 5.50e-05/2.40e-05 | cuda_peak(alloc/resv) 21.77/28.18GB | phase(train/val/raw/train_eval) 3.4/0.5/0.0/0.0s | 3.9s
2026-08-29 22:33:10 | Epoch 020/060 | loss 2.8290 | cls 2.0807 | tal 0.0612 | dual_g 0.7299 | dual_d 0.7948 | train_acc 0.8533 | train_full 0.9318 | val_acc 0.9730 | val_f1 0.9471 | adv/moduleC 0.87/1.00 | disc_steps 2 | grad(main/disc) 9.108/1.443 | lr(main/disc) 5.50e-05/2.40e-05 | cuda_peak(alloc/resv) 21.77/28.18GB | phase(train/val/raw/train_eval) 3.7/0.5/0.5/0.7s | 5.4s
2026-08-29 22:33:14 | Epoch 021/060 | loss 2.8127 | cls 2.0760 | tal 0.0656 | dual_g 0.7170 | dual_d 0.7936 | train_acc 0.8424 | train_full n/a | val_acc 0.9459 | val_f1 0.9523 | adv/moduleC 0.93/1.00 | disc_steps 2 | grad(main/disc) 9.827/1.467 | lr(main/disc) 5.50e-05/2.40e-05 | cuda_peak(alloc/resv) 21.77/28.18GB | phase(train/val/raw/train_eval) 3.4/0.5/0.5/0.0s | 4.4s
2026-08-29 22:33:17 | New best val_f1_macro_present: raw=0.9523 stable_score=0.9471 at epoch 21
2026-08-29 22:33:21 | Epoch 022/060 | loss 2.7318 | cls 2.0378 | tal 0.0303 | dual_g 0.6849 | dual_d 0.7763 | train_acc 0.8533 | train_full n/a | val_acc 0.9459 | val_f1 0.9616 | adv/moduleC 1.00/1.00 | disc_steps 2 | grad(main/disc) 8.005/1.402 | lr(main/disc) 5.50e-05/2.40e-05 | cuda_peak(alloc/resv) 21.77/28.18GB | phase(train/val/raw/train_eval) 3.5/0.5/0.0/0.0s | 3.9s
2026-08-29 22:33:26 | Epoch 023/060 | loss 2.6943 | cls 2.0042 | tal 0.0296 | dual_g 0.6812 | dual_d 0.8605 | train_acc 0.8533 | train_full n/a | val_acc 0.9730 | val_f1 0.9802 | adv/moduleC 1.00/1.00 | disc_steps 2 | grad(main/disc) 10.012/1.477 | lr(main/disc) 5.50e-05/2.40e-05 | cuda_peak(alloc/resv) 21.77/28.18GB | phase(train/val/raw/train_eval) 3.6/0.5/0.5/0.0s | 4.6s
2026-08-29 22:33:29 | New best val_f1_macro_present: raw=0.9802 stable_score=0.9523 at epoch 23
2026-08-29 22:33:33 | Epoch 024/060 | loss 2.6131 | cls 1.9286 | tal 0.0628 | dual_g 0.6657 | dual_d 0.7717 | train_acc 0.8723 | train_full n/a | val_acc 0.9730 | val_f1 0.9802 | adv/moduleC 1.00/1.00 | disc_steps 2 | grad(main/disc) 8.915/1.345 | lr(main/disc) 5.50e-05/2.40e-05 | cuda_peak(alloc/resv) 21.77/28.18GB | phase(train/val/raw/train_eval) 3.5/0.5/0.5/0.0s | 4.5s
2026-08-29 22:33:36 | New best val_f1_macro_present: raw=0.9802 stable_score=0.9616 at epoch 24
2026-08-29 22:33:41 | Epoch 025/060 | loss 2.5432 | cls 1.8589 | tal 0.0687 | dual_g 0.6636 | dual_d 0.8416 | train_acc 0.8995 | train_full 0.9924 | val_acc 0.9459 | val_f1 0.9578 | adv/moduleC 1.00/1.00 | disc_steps 2 | grad(main/disc) 7.639/1.409 | lr(main/disc) 5.50e-05/2.40e-05 | cuda_peak(alloc/resv) 21.77/28.18GB | phase(train/val/raw/train_eval) 3.5/0.5/0.5/0.7s | 5.2s
2026-08-29 22:33:45 | Epoch 026/060 | loss 2.5647 | cls 1.9007 | tal 0.0675 | dual_g 0.6437 | dual_d 0.8271 | train_acc 0.8995 | train_full n/a | val_acc 0.9730 | val_f1 0.9802 | adv/moduleC 1.00/1.00 | disc_steps 2 | grad(main/disc) 8.181/1.363 | lr(main/disc) 5.50e-05/2.40e-05 | cuda_peak(alloc/resv) 21.77/28.18GB | phase(train/val/raw/train_eval) 3.5/0.5/0.0/0.0s | 4.0s
2026-08-29 22:33:49 | Epoch 027/060 | loss 2.4006 | cls 1.7684 | tal 0.0397 | dual_g 0.6203 | dual_d 0.8375 | train_acc 0.9293 | train_full n/a | val_acc 0.9730 | val_f1 0.9802 | adv/moduleC 1.00/1.00 | disc_steps 2 | grad(main/disc) 7.287/1.366 | lr(main/disc) 5.50e-05/2.40e-05 | cuda_peak(alloc/resv) 21.77/28.18GB | phase(train/val/raw/train_eval) 3.0/0.5/0.0/0.0s | 3.5s
2026-08-29 22:33:53 | Epoch 028/060 | loss 2.3921 | cls 1.7645 | tal 0.0341 | dual_g 0.6173 | dual_d 0.8417 | train_acc 0.9321 | train_full n/a | val_acc 0.9730 | val_f1 0.9802 | adv/moduleC 1.00/1.00 | disc_steps 2 | grad(main/disc) 7.994/1.322 | lr(main/disc) 5.50e-05/2.40e-05 | cuda_peak(alloc/resv) 21.77/28.18GB | phase(train/val/raw/train_eval) 3.4/0.5/0.5/0.0s | 4.4s
2026-08-29 22:33:56 | New best val_f1_macro_present: raw=0.9802 stable_score=0.9802 at epoch 28
2026-08-29 22:34:00 | Epoch 029/060 | loss 2.3286 | cls 1.7225 | tal 0.0026 | dual_g 0.6054 | dual_d 0.8406 | train_acc 0.9348 | train_full n/a | val_acc 0.9730 | val_f1 0.9802 | adv/moduleC 1.00/1.00 | disc_steps 2 | grad(main/disc) 7.423/1.314 | lr(main/disc) 5.50e-05/2.40e-05 | cuda_peak(alloc/resv) 21.77/28.18GB | phase(train/val/raw/train_eval) 3.4/0.5/0.0/0.0s | 3.8s
2026-08-29 22:34:05 | Epoch 030/060 | loss 2.3094 | cls 1.7106 | tal -0.0129 | dual_g 0.6026 | dual_d 0.8558 | train_acc 0.9484 | train_full 1.0000 | val_acc 1.0000 | val_f1 1.0000 | adv/moduleC 1.00/1.00 | disc_steps 2 | grad(main/disc) 7.596/1.344 | lr(main/disc) 5.50e-05/2.40e-05 | cuda_peak(alloc/resv) 21.77/28.18GB | phase(train/val/raw/train_eval) 3.3/0.5/0.5/0.7s | 5.1s
2026-08-29 22:34:09 | Epoch 031/060 | loss 2.2794 | cls 1.6963 | tal -0.0367 | dual_g 0.5942 | dual_d 0.8730 | train_acc 0.9266 | train_full n/a | val_acc 1.0000 | val_f1 1.0000 | adv/moduleC 1.00/1.00 | disc_steps 2 | grad(main/disc) 8.091/1.385 | lr(main/disc) 5.50e-05/2.40e-05 | cuda_peak(alloc/resv) 21.77/28.18GB | phase(train/val/raw/train_eval) 3.8/0.5/0.0/0.0s | 4.2s
2026-08-29 22:34:13 | Epoch 032/060 | loss 2.2753 | cls 1.6929 | tal 0.0009 | dual_g 0.5822 | dual_d 0.8681 | train_acc 0.9293 | train_full n/a | val_acc 0.9730 | val_f1 0.9802 | adv/moduleC 1.00/1.00 | disc_steps 2 | grad(main/disc) 8.653/1.294 | lr(main/disc) 5.50e-05/2.40e-05 | cuda_peak(alloc/resv) 21.77/28.18GB | phase(train/val/raw/train_eval) 3.2/0.5/0.0/0.0s | 3.7s
2026-08-29 22:34:17 | Epoch 033/060 | loss 2.1813 | cls 1.6222 | tal -0.0243 | dual_g 0.5663 | dual_d 0.8627 | train_acc 0.9484 | train_full n/a | val_acc 0.9730 | val_f1 0.9802 | adv/moduleC 1.00/1.00 | disc_steps 2 | grad(main/disc) 6.241/1.332 | lr(main/disc) 5.50e-05/2.40e-05 | cuda_peak(alloc/resv) 21.77/28.18GB | phase(train/val/raw/train_eval) 3.9/0.5/0.0/0.0s | 4.3s
2026-08-29 22:34:21 | Epoch 034/060 | loss 2.1894 | cls 1.6188 | tal 0.0205 | dual_g 0.5644 | dual_d 0.9119 | train_acc 0.9592 | train_full n/a | val_acc 0.9730 | val_f1 0.9802 | adv/moduleC 1.00/1.00 | disc_steps 2 | grad(main/disc) 6.279/1.350 | lr(main/disc) 5.50e-05/2.40e-05 | cuda_peak(alloc/resv) 21.77/28.18GB | phase(train/val/raw/train_eval) 3.8/0.5/0.0/0.0s | 4.3s
2026-08-29 22:34:26 | Epoch 035/060 | loss 2.1491 | cls 1.6044 | tal -0.0375 | dual_g 0.5559 | dual_d 0.8857 | train_acc 0.9457 | train_full 1.0000 | val_acc 0.9730 | val_f1 0.9802 | adv/moduleC 1.00/1.00 | disc_steps 2 | grad(main/disc) 5.974/1.319 | lr(main/disc) 5.50e-05/2.40e-05 | cuda_peak(alloc/resv) 21.77/28.18GB | phase(train/val/raw/train_eval) 3.4/0.5/0.5/0.7s | 5.1s
2026-08-29 22:34:31 | Epoch 036/060 | loss 2.1399 | cls 1.5833 | tal 0.0390 | dual_g 0.5450 | dual_d 0.9040 | train_acc 0.9674 | train_full n/a | val_acc 0.9730 | val_f1 0.9802 | adv/moduleC 1.00/1.00 | disc_steps 2 | grad(main/disc) 5.987/1.340 | lr(main/disc) 5.50e-05/2.40e-05 | cuda_peak(alloc/resv) 21.77/28.18GB | phase(train/val/raw/train_eval) 4.0/0.5/0.0/0.0s | 4.5s
2026-08-29 22:34:35 | Epoch 037/060 | loss 2.1374 | cls 1.5765 | tal 0.0194 | dual_g 0.5552 | dual_d 0.8954 | train_acc 0.9674 | train_full n/a | val_acc 0.9730 | val_f1 0.9802 | adv/moduleC 1.00/1.00 | disc_steps 2 | grad(main/disc) 6.314/1.310 | lr(main/disc) 5.50e-05/2.40e-05 | cuda_peak(alloc/resv) 21.77/28.18GB | phase(train/val/raw/train_eval) 3.4/0.5/0.0/0.0s | 3.8s
2026-08-29 22:34:38 | Epoch 038/060 | loss 2.1708 | cls 1.6193 | tal 0.0159 | dual_g 0.5466 | dual_d 0.9119 | train_acc 0.9429 | train_full n/a | val_acc 0.9730 | val_f1 0.9802 | adv/moduleC 1.00/1.00 | disc_steps 2 | grad(main/disc) 7.097/1.319 | lr(main/disc) 5.50e-05/2.40e-05 | cuda_peak(alloc/resv) 21.77/28.18GB | phase(train/val/raw/train_eval) 3.2/0.5/0.0/0.0s | 3.7s
2026-08-29 22:34:42 | Epoch 039/060 | loss 2.1208 | cls 1.5762 | tal -0.0102 | dual_g 0.5477 | dual_d 0.8817 | train_acc 0.9783 | train_full n/a | val_acc 0.9730 | val_f1 0.9802 | adv/moduleC 1.00/1.00 | disc_steps 2 | grad(main/disc) 6.613/1.258 | lr(main/disc) 5.50e-05/2.40e-05 | cuda_peak(alloc/resv) 21.77/28.18GB | phase(train/val/raw/train_eval) 3.4/0.5/0.0/0.0s | 3.9s
2026-08-29 22:34:47 | Epoch 040/060 | loss 2.0766 | cls 1.5624 | tal -0.0495 | dual_g 0.5291 | dual_d 0.9303 | train_acc 0.9864 | train_full 1.0000 | val_acc 0.9730 | val_f1 0.9802 | adv/moduleC 1.00/1.00 | disc_steps 2 | grad(main/disc) 6.012/1.301 | lr(main/disc) 5.50e-05/2.40e-05 | cuda_peak(alloc/resv) 21.77/28.18GB | phase(train/val/raw/train_eval) 3.3/0.5/0.5/0.7s | 5.0s
2026-08-29 22:34:51 | Epoch 041/060 | loss 2.0766 | cls 1.5549 | tal -0.0441 | dual_g 0.5349 | dual_d 0.9584 | train_acc 0.9755 | train_full n/a | val_acc 0.9730 | val_f1 0.9802 | adv/moduleC 1.00/1.00 | disc_steps 2 | grad(main/disc) 5.592/1.349 | lr(main/disc) 2.75e-05/1.20e-05 | cuda_peak(alloc/resv) 21.77/28.18GB | phase(train/val/raw/train_eval) 3.9/0.5/0.0/0.0s | 4.3s
2026-08-29 22:34:55 | Epoch 042/060 | loss 2.0229 | cls 1.5244 | tal -0.0827 | dual_g 0.5233 | dual_d 0.9269 | train_acc 0.9810 | train_full n/a | val_acc 0.9730 | val_f1 0.9802 | adv/moduleC 1.00/1.00 | disc_steps 2 | grad(main/disc) 6.664/1.279 | lr(main/disc) 2.75e-05/1.20e-05 | cuda_peak(alloc/resv) 21.77/28.18GB | phase(train/val/raw/train_eval) 3.2/0.5/0.0/0.0s | 3.7s
2026-08-29 22:34:59 | Epoch 043/060 | loss 2.0023 | cls 1.5057 | tal -0.0495 | dual_g 0.5115 | dual_d 0.9413 | train_acc 0.9783 | train_full n/a | val_acc 0.9730 | val_f1 0.9802 | adv/moduleC 1.00/1.00 | disc_steps 2 | grad(main/disc) 4.790/1.279 | lr(main/disc) 2.75e-05/1.20e-05 | cuda_peak(alloc/resv) 21.77/28.18GB | phase(train/val/raw/train_eval) 3.5/0.5/0.0/0.0s | 4.0s
2026-08-29 22:35:03 | Epoch 044/060 | loss 2.0133 | cls 1.5056 | tal -0.0029 | dual_g 0.5086 | dual_d 0.9183 | train_acc 0.9891 | train_full n/a | val_acc 0.9730 | val_f1 0.9802 | adv/moduleC 1.00/1.00 | disc_steps 2 | grad(main/disc) 4.628/1.260 | lr(main/disc) 2.75e-05/1.20e-05 | cuda_peak(alloc/resv) 21.77/28.18GB | phase(train/val/raw/train_eval) 3.7/0.5/0.0/0.0s | 4.1s
2026-08-29 22:35:09 | Epoch 045/060 | loss 2.0313 | cls 1.5223 | tal -0.0298 | dual_g 0.5179 | dual_d 0.9272 | train_acc 0.9783 | train_full 1.0000 | val_acc 0.9730 | val_f1 0.9802 | adv/moduleC 1.00/1.00 | disc_steps 2 | grad(main/disc) 5.199/1.293 | lr(main/disc) 2.75e-05/1.20e-05 | cuda_peak(alloc/resv) 21.77/28.18GB | phase(train/val/raw/train_eval) 3.8/0.5/0.5/0.7s | 5.5s
2026-08-29 22:35:13 | Epoch 046/060 | loss 2.0431 | cls 1.5412 | tal -0.0384 | dual_g 0.5135 | dual_d 0.9343 | train_acc 0.9837 | train_full n/a | val_acc 1.0000 | val_f1 1.0000 | adv/moduleC 1.00/1.00 | disc_steps 2 | grad(main/disc) 6.106/1.303 | lr(main/disc) 2.75e-05/1.20e-05 | cuda_peak(alloc/resv) 21.77/28.18GB | phase(train/val/raw/train_eval) 4.0/0.5/0.0/0.0s | 4.4s
2026-08-29 22:35:13 | Early stopping at epoch 46 after 18 epochs without val_f1_macro_present improvement.
2026-08-29 22:35:13 | Training complete. Peak validation accuracy: 1.0000 | selected val_f1_macro_present: 0.9802
2026-08-29 22:35:13 | Starting Dual_D standalone training
2026-08-29 22:35:13 | Run directory: runs/module_c_ablation_60_v8/module_c_20260829_205331/module_c_no_identity_逆光_20260829_221218
2026-08-29 22:35:13 | Device: cuda
2026-08-29 22:35:13 | Source train samples: 992
2026-08-29 22:35:13 | Target train samples: 132
2026-08-29 22:35:13 | Target val samples: 37
2026-08-29 22:35:13 | Classes: 14
2026-08-29 22:35:13 | Data audit: same_dir=False | path_overlap(vis/ir/ais)=0/0/0 | content_overlap(vis/ir/ais)=0/0/0 | ais_index_overlap=0 | stem_mismatch(vis-ir/vis-ais)=157/0
2026-08-29 22:35:13 | source_train classes: present 14/14 | absent 0 | counts [0:120, 1:44, 2:69, 3:45, 4:40, 5:30, 6:64, 7:80, 8:116, 9:68, 10:57, 11:83, 12:48, 13:128]
2026-08-29 22:35:13 | target_train classes: present 9/14 | absent 5 | counts [0:20, 2:12, 4:12, 5:2, 9:16, 10:16, 11:29, 12:4, 13:21]
2026-08-29 22:35:13 | target_val classes: present 9/14 | absent 5 | counts [0:6, 2:3, 4:4, 5:1, 9:4, 10:4, 11:8, 12:1, 13:6]
2026-08-29 22:35:13 | Paired training classes: 9/14 | class ids [0, 2, 4, 5, 9, 10, 11, 12, 13]
2026-08-29 22:35:13 | Runtime profile: batch=92 | paired_steps=4 | workers=16 | train_eval_every=5 | raw_eval_every=5 | stability_window=3 | lr_scheduler_start=28 | early_stop=18 after min_epoch=45
2026-08-29 22:35:13 | VIS/IR pairing: class-level-unpaired | count-mismatch classes train/val: 10/1 | AIS alignment: none | AIS rows train/val: 0/0
2026-08-29 22:35:14 | Effective Dual-D loss weights: {"adv_auxiliary": 0.025, "adv_primary": 0.025, "classification": 0.2, "contrastive": 0.04, "cycle": 0.12, "identity": 0.0, "prototype_contrastive": 0.06}
2026-08-29 22:35:14 | Model parameters: total=17277714 | trainable=17120210
Starting run 6/9: domain=逆光, iteration=3, seed=47
2026-08-29 22:35:20 | Epoch 001/060 | loss 6.0087 | cls 5.9965 | tal 0.0405 | dual_g 0.0000 | dual_d 0.0000 | train_acc 0.0870 | train_full 0.1288 | val_acc 0.2162 | val_f1 0.0718 | adv/moduleC 0.00/0.00 | disc_steps 0 | grad(main/disc) 16.112/0.000 | lr(main/disc) 5.50e-05/2.40e-05 | cuda_peak(alloc/resv) 21.77/28.18GB | phase(train/val/raw/train_eval) 3.7/0.5/0.5/0.7s | 5.3s
2026-08-29 22:35:24 | Epoch 002/060 | loss 5.2289 | cls 5.2179 | tal 0.0365 | dual_g 0.0000 | dual_d 0.0000 | train_acc 0.1495 | train_full n/a | val_acc 0.2432 | val_f1 0.0792 | adv/moduleC 0.00/0.00 | disc_steps 0 | grad(main/disc) 13.614/0.000 | lr(main/disc) 5.50e-05/2.40e-05 | cuda_peak(alloc/resv) 21.77/28.18GB | phase(train/val/raw/train_eval) 3.4/0.5/0.0/0.0s | 3.9s
2026-08-29 22:35:28 | Epoch 003/060 | loss 4.6395 | cls 4.6202 | tal 0.0646 | dual_g 0.0000 | dual_d 0.0000 | train_acc 0.2391 | train_full n/a | val_acc 0.1892 | val_f1 0.0611 | adv/moduleC 0.00/0.00 | disc_steps 0 | grad(main/disc) 12.112/0.000 | lr(main/disc) 5.50e-05/2.40e-05 | cuda_peak(alloc/resv) 21.77/28.18GB | phase(train/val/raw/train_eval) 3.3/0.5/0.5/0.0s | 4.3s
2026-08-29 22:35:31 | New best val_f1_macro_present: raw=0.0611 stable_score=0.0611 at epoch 3
2026-08-29 22:35:35 | Epoch 004/060 | loss 4.2484 | cls 4.2282 | tal 0.0672 | dual_g 0.0000 | dual_d 0.0000 | train_acc 0.2962 | train_full n/a | val_acc 0.2973 | val_f1 0.2564 | adv/moduleC 0.00/0.00 | disc_steps 0 | grad(main/disc) 11.127/0.000 | lr(main/disc) 5.50e-05/2.40e-05 | cuda_peak(alloc/resv) 21.77/28.18GB | phase(train/val/raw/train_eval) 3.4/0.5/0.0/0.0s | 3.9s
2026-08-29 22:35:40 | Epoch 005/060 | loss 4.0350 | cls 4.0109 | tal 0.0804 | dual_g 0.0000 | dual_d 0.0000 | train_acc 0.3560 | train_full 0.4621 | val_acc 0.3784 | val_f1 0.4016 | adv/moduleC 0.00/0.00 | disc_steps 0 | grad(main/disc) 10.484/0.000 | lr(main/disc) 5.50e-05/2.40e-05 | cuda_peak(alloc/resv) 21.77/28.18GB | phase(train/val/raw/train_eval) 3.3/0.5/0.5/0.7s | 5.1s
2026-08-29 22:35:44 | Epoch 006/060 | loss 3.7103 | cls 3.5832 | tal 0.0768 | dual_g 0.1040 | dual_d 0.0000 | train_acc 0.4375 | train_full n/a | val_acc 0.5946 | val_f1 0.6029 | adv/moduleC 0.00/0.10 | disc_steps 0 | grad(main/disc) 9.969/0.000 | lr(main/disc) 5.50e-05/2.40e-05 | cuda_peak(alloc/resv) 21.77/28.18GB | phase(train/val/raw/train_eval) 3.3/0.5/0.5/0.0s | 4.3s
2026-08-29 22:35:47 | New best val_f1_macro_present: raw=0.6029 stable_score=0.2564 at epoch 6
2026-08-29 22:35:51 | Epoch 007/060 | loss 3.5910 | cls 3.3654 | tal 0.0769 | dual_g 0.2025 | dual_d 0.0000 | train_acc 0.5027 | train_full n/a | val_acc 0.7297 | val_f1 0.7894 | adv/moduleC 0.00/0.20 | disc_steps 0 | grad(main/disc) 9.235/0.000 | lr(main/disc) 5.50e-05/2.40e-05 | cuda_peak(alloc/resv) 21.77/28.18GB | phase(train/val/raw/train_eval) 3.2/0.5/0.5/0.0s | 4.2s
2026-08-29 22:35:54 | New best val_f1_macro_present: raw=0.7894 stable_score=0.4016 at epoch 7
2026-08-29 22:35:58 | Epoch 008/060 | loss 3.7573 | cls 3.4161 | tal 0.1222 | dual_g 0.3045 | dual_d 0.8260 | train_acc 0.4755 | train_full n/a | val_acc 0.8378 | val_f1 0.8766 | adv/moduleC 0.07/0.30 | disc_steps 2 | grad(main/disc) 9.806/1.604 | lr(main/disc) 5.50e-05/2.40e-05 | cuda_peak(alloc/resv) 21.77/28.18GB | phase(train/val/raw/train_eval) 3.2/0.5/0.5/0.0s | 4.2s
2026-08-29 22:36:01 | New best val_f1_macro_present: raw=0.8766 stable_score=0.6029 at epoch 8
2026-08-29 22:36:05 | Epoch 009/060 | loss 3.5964 | cls 3.1767 | tal 0.0890 | dual_g 0.3930 | dual_d 0.8246 | train_acc 0.5842 | train_full n/a | val_acc 0.8919 | val_f1 0.9173 | adv/moduleC 0.13/0.40 | disc_steps 2 | grad(main/disc) 9.233/1.598 | lr(main/disc) 5.50e-05/2.40e-05 | cuda_peak(alloc/resv) 21.77/28.18GB | phase(train/val/raw/train_eval) 3.4/0.5/0.5/0.0s | 4.4s
2026-08-29 22:36:08 | New best val_f1_macro_present: raw=0.9173 stable_score=0.7894 at epoch 9
2026-08-29 22:36:13 | Epoch 010/060 | loss 3.4895 | cls 3.0043 | tal 0.0654 | dual_g 0.4656 | dual_d 0.8568 | train_acc 0.6005 | train_full 0.9242 | val_acc 0.8919 | val_f1 0.9173 | adv/moduleC 0.20/0.50 | disc_steps 2 | grad(main/disc) 9.245/1.604 | lr(main/disc) 5.50e-05/2.40e-05 | cuda_peak(alloc/resv) 21.77/28.18GB | phase(train/val/raw/train_eval) 3.3/0.5/0.5/0.7s | 5.0s
2026-08-29 22:36:16 | New best val_f1_macro_present: raw=0.9173 stable_score=0.8766 at epoch 10
2026-08-29 22:36:20 | Epoch 011/060 | loss 3.4870 | cls 2.9302 | tal 0.0626 | dual_g 0.5381 | dual_d 0.8017 | train_acc 0.6060 | train_full n/a | val_acc 0.9189 | val_f1 0.9371 | adv/moduleC 0.27/0.60 | disc_steps 2 | grad(main/disc) 9.211/1.562 | lr(main/disc) 5.50e-05/2.40e-05 | cuda_peak(alloc/resv) 21.77/28.18GB | phase(train/val/raw/train_eval) 3.2/0.5/0.5/0.0s | 4.2s
2026-08-29 22:36:23 | New best val_f1_macro_present: raw=0.9371 stable_score=0.9173 at epoch 11
2026-08-29 22:36:26 | Epoch 012/060 | loss 3.3104 | cls 2.6917 | tal 0.0845 | dual_g 0.5933 | dual_d 0.8161 | train_acc 0.6549 | train_full n/a | val_acc 0.8919 | val_f1 0.9058 | adv/moduleC 0.33/0.70 | disc_steps 2 | grad(main/disc) 8.939/1.561 | lr(main/disc) 5.50e-05/2.40e-05 | cuda_peak(alloc/resv) 21.77/28.18GB | phase(train/val/raw/train_eval) 3.0/0.5/0.0/0.0s | 3.5s
2026-08-29 22:36:30 | Epoch 013/060 | loss 3.1943 | cls 2.5377 | tal 0.0772 | dual_g 0.6335 | dual_d 0.8196 | train_acc 0.7337 | train_full n/a | val_acc 0.8919 | val_f1 0.9058 | adv/moduleC 0.40/0.80 | disc_steps 2 | grad(main/disc) 9.456/1.538 | lr(main/disc) 5.50e-05/2.40e-05 | cuda_peak(alloc/resv) 21.77/28.18GB | phase(train/val/raw/train_eval) 3.1/0.5/0.0/0.0s | 3.6s
2026-08-29 22:36:34 | Epoch 014/060 | loss 3.2266 | cls 2.4844 | tal 0.0807 | dual_g 0.7181 | dual_d 0.7941 | train_acc 0.7201 | train_full n/a | val_acc 0.8919 | val_f1 0.9058 | adv/moduleC 0.47/0.90 | disc_steps 2 | grad(main/disc) 8.983/1.480 | lr(main/disc) 5.50e-05/2.40e-05 | cuda_peak(alloc/resv) 21.77/28.18GB | phase(train/val/raw/train_eval) 3.4/0.5/0.0/0.0s | 3.9s
2026-08-29 22:36:38 | Epoch 015/060 | loss 3.1292 | cls 2.3503 | tal 0.0462 | dual_g 0.7651 | dual_d 0.8069 | train_acc 0.7446 | train_full 0.9318 | val_acc 0.9189 | val_f1 0.9358 | adv/moduleC 0.53/1.00 | disc_steps 2 | grad(main/disc) 8.475/1.451 | lr(main/disc) 5.50e-05/2.40e-05 | cuda_peak(alloc/resv) 21.77/28.18GB | phase(train/val/raw/train_eval) 3.1/0.5/0.5/0.7s | 4.8s
2026-08-29 22:36:42 | Epoch 016/060 | loss 3.1125 | cls 2.3394 | tal 0.0535 | dual_g 0.7571 | dual_d 0.7753 | train_acc 0.7717 | train_full n/a | val_acc 0.9459 | val_f1 0.9616 | adv/moduleC 0.60/1.00 | disc_steps 2 | grad(main/disc) 9.369/1.429 | lr(main/disc) 5.50e-05/2.40e-05 | cuda_peak(alloc/resv) 21.77/28.18GB | phase(train/val/raw/train_eval) 3.3/0.5/0.0/0.0s | 3.8s
2026-08-29 22:36:47 | Epoch 017/060 | loss 2.9153 | cls 2.2006 | tal 0.0048 | dual_g 0.7132 | dual_d 0.7975 | train_acc 0.8071 | train_full n/a | val_acc 0.9189 | val_f1 0.9396 | adv/moduleC 0.67/1.00 | disc_steps 2 | grad(main/disc) 8.553/1.425 | lr(main/disc) 5.50e-05/2.40e-05 | cuda_peak(alloc/resv) 21.77/28.18GB | phase(train/val/raw/train_eval) 3.3/0.5/0.5/0.0s | 4.3s
2026-08-29 22:36:49 | New best val_f1_macro_present: raw=0.9396 stable_score=0.9358 at epoch 17
2026-08-29 22:36:54 | Epoch 018/060 | loss 2.8600 | cls 2.1494 | tal 0.0177 | dual_g 0.7053 | dual_d 0.7948 | train_acc 0.8125 | train_full n/a | val_acc 0.9189 | val_f1 0.9396 | adv/moduleC 0.73/1.00 | disc_steps 2 | grad(main/disc) 10.486/1.421 | lr(main/disc) 5.50e-05/2.40e-05 | cuda_peak(alloc/resv) 21.77/28.18GB | phase(train/val/raw/train_eval) 3.3/0.5/0.5/0.0s | 4.2s
2026-08-29 22:36:56 | New best val_f1_macro_present: raw=0.9396 stable_score=0.9396 at epoch 18
2026-08-29 22:37:00 | Epoch 019/060 | loss 2.8096 | cls 2.1200 | tal -0.0042 | dual_g 0.6909 | dual_d 0.8598 | train_acc 0.8071 | train_full n/a | val_acc 0.9189 | val_f1 0.9396 | adv/moduleC 0.80/1.00 | disc_steps 2 | grad(main/disc) 11.425/1.450 | lr(main/disc) 5.50e-05/2.40e-05 | cuda_peak(alloc/resv) 21.77/28.18GB | phase(train/val/raw/train_eval) 3.3/0.5/0.0/0.0s | 3.8s
2026-08-29 22:37:05 | Epoch 020/060 | loss 2.6174 | cls 1.9553 | tal 0.0086 | dual_g 0.6595 | dual_d 0.8138 | train_acc 0.8668 | train_full 0.9621 | val_acc 0.8649 | val_f1 0.8850 | adv/moduleC 0.87/1.00 | disc_steps 2 | grad(main/disc) 7.920/1.375 | lr(main/disc) 5.50e-05/2.40e-05 | cuda_peak(alloc/resv) 21.77/28.18GB | phase(train/val/raw/train_eval) 3.5/0.5/0.5/0.7s | 5.2s
2026-08-29 22:37:09 | Epoch 021/060 | loss 2.6882 | cls 2.0057 | tal 0.0222 | dual_g 0.6758 | dual_d 0.8526 | train_acc 0.8424 | train_full n/a | val_acc 0.9459 | val_f1 0.9578 | adv/moduleC 0.93/1.00 | disc_steps 2 | grad(main/disc) 9.859/1.430 | lr(main/disc) 5.50e-05/2.40e-05 | cuda_peak(alloc/resv) 21.77/28.18GB | phase(train/val/raw/train_eval) 2.9/0.5/0.0/0.0s | 3.4s
2026-08-29 22:37:12 | Epoch 022/060 | loss 2.5926 | cls 1.9428 | tal 0.0210 | dual_g 0.6435 | dual_d 0.8557 | train_acc 0.8859 | train_full n/a | val_acc 0.9459 | val_f1 0.9578 | adv/moduleC 1.00/1.00 | disc_steps 2 | grad(main/disc) 9.228/1.423 | lr(main/disc) 5.50e-05/2.40e-05 | cuda_peak(alloc/resv) 21.77/28.18GB | phase(train/val/raw/train_eval) 3.1/0.5/0.0/0.0s | 3.6s
2026-08-29 22:37:16 | Epoch 023/060 | loss 2.5423 | cls 1.9006 | tal 0.0107 | dual_g 0.6385 | dual_d 0.8602 | train_acc 0.8832 | train_full n/a | val_acc 0.9459 | val_f1 0.9616 | adv/moduleC 1.00/1.00 | disc_steps 2 | grad(main/disc) 9.760/1.453 | lr(main/disc) 5.50e-05/2.40e-05 | cuda_peak(alloc/resv) 21.77/28.18GB | phase(train/val/raw/train_eval) 3.1/0.5/0.5/0.0s | 4.1s
2026-08-29 22:37:19 | New best val_f1_macro_present: raw=0.9616 stable_score=0.9578 at epoch 23
2026-08-29 22:37:23 | Epoch 024/060 | loss 2.4786 | cls 1.8556 | tal -0.0248 | dual_g 0.6304 | dual_d 0.8633 | train_acc 0.8913 | train_full n/a | val_acc 0.9459 | val_f1 0.9616 | adv/moduleC 1.00/1.00 | disc_steps 2 | grad(main/disc) 10.655/1.398 | lr(main/disc) 5.50e-05/2.40e-05 | cuda_peak(alloc/resv) 21.77/28.18GB | phase(train/val/raw/train_eval) 3.1/0.5/0.0/0.0s | 3.6s
2026-08-29 22:37:28 | Epoch 025/060 | loss 2.4164 | cls 1.8199 | tal -0.0690 | dual_g 0.6171 | dual_d 0.8779 | train_acc 0.8967 | train_full 0.9924 | val_acc 0.9730 | val_f1 0.9840 | adv/moduleC 1.00/1.00 | disc_steps 2 | grad(main/disc) 10.103/1.423 | lr(main/disc) 5.50e-05/2.40e-05 | cuda_peak(alloc/resv) 21.77/28.18GB | phase(train/val/raw/train_eval) 3.1/0.5/0.5/0.7s | 4.8s
2026-08-29 22:37:30 | New best val_f1_macro_present: raw=0.9840 stable_score=0.9616 at epoch 25
2026-08-29 22:37:35 | Epoch 026/060 | loss 2.3537 | cls 1.7676 | tal -0.0757 | dual_g 0.6087 | dual_d 0.9370 | train_acc 0.9130 | train_full n/a | val_acc 0.9459 | val_f1 0.9616 | adv/moduleC 1.00/1.00 | disc_steps 2 | grad(main/disc) 8.850/1.482 | lr(main/disc) 5.50e-05/2.40e-05 | cuda_peak(alloc/resv) 21.77/28.18GB | phase(train/val/raw/train_eval) 3.8/0.5/0.0/0.0s | 4.2s
2026-08-29 22:37:38 | Epoch 027/060 | loss 2.2948 | cls 1.7276 | tal -0.0967 | dual_g 0.5962 | dual_d 0.8608 | train_acc 0.9457 | train_full n/a | val_acc 0.9459 | val_f1 0.9616 | adv/moduleC 1.00/1.00 | disc_steps 2 | grad(main/disc) 10.724/1.388 | lr(main/disc) 5.50e-05/2.40e-05 | cuda_peak(alloc/resv) 21.77/28.18GB | phase(train/val/raw/train_eval) 3.3/0.5/0.0/0.0s | 3.8s
2026-08-29 22:37:42 | Epoch 028/060 | loss 2.3457 | cls 1.7662 | tal -0.0469 | dual_g 0.5935 | dual_d 0.9195 | train_acc 0.9348 | train_full n/a | val_acc 0.9459 | val_f1 0.9578 | adv/moduleC 1.00/1.00 | disc_steps 2 | grad(main/disc) 8.900/1.431 | lr(main/disc) 5.50e-05/2.40e-05 | cuda_peak(alloc/resv) 21.77/28.18GB | phase(train/val/raw/train_eval) 3.0/0.5/0.0/0.0s | 3.5s
2026-08-29 22:37:46 | Epoch 029/060 | loss 2.2869 | cls 1.7211 | tal -0.0675 | dual_g 0.5860 | dual_d 0.9572 | train_acc 0.9348 | train_full n/a | val_acc 0.9459 | val_f1 0.9578 | adv/moduleC 1.00/1.00 | disc_steps 2 | grad(main/disc) 9.084/1.443 | lr(main/disc) 5.50e-05/2.40e-05 | cuda_peak(alloc/resv) 21.77/28.18GB | phase(train/val/raw/train_eval) 3.6/0.5/0.0/0.0s | 4.1s
2026-08-29 22:37:51 | Epoch 030/060 | loss 2.2386 | cls 1.7010 | tal -0.1137 | dual_g 0.5717 | dual_d 0.9246 | train_acc 0.9592 | train_full 1.0000 | val_acc 0.9730 | val_f1 0.9840 | adv/moduleC 1.00/1.00 | disc_steps 2 | grad(main/disc) 8.266/1.401 | lr(main/disc) 5.50e-05/2.40e-05 | cuda_peak(alloc/resv) 21.77/28.18GB | phase(train/val/raw/train_eval) 3.2/0.5/0.5/0.7s | 4.9s
2026-08-29 22:37:55 | Epoch 031/060 | loss 2.2335 | cls 1.7034 | tal -0.0969 | dual_g 0.5592 | dual_d 0.9227 | train_acc 0.9592 | train_full n/a | val_acc 0.9459 | val_f1 0.9616 | adv/moduleC 1.00/1.00 | disc_steps 2 | grad(main/disc) 7.911/1.425 | lr(main/disc) 5.50e-05/2.40e-05 | cuda_peak(alloc/resv) 21.77/28.18GB | phase(train/val/raw/train_eval) 3.3/0.5/0.0/0.0s | 3.7s
2026-08-29 22:37:58 | Epoch 032/060 | loss 2.2100 | cls 1.6824 | tal -0.1116 | dual_g 0.5611 | dual_d 0.9324 | train_acc 0.9429 | train_full n/a | val_acc 0.9459 | val_f1 0.9578 | adv/moduleC 1.00/1.00 | disc_steps 2 | grad(main/disc) 9.049/1.342 | lr(main/disc) 5.50e-05/2.40e-05 | cuda_peak(alloc/resv) 21.77/28.18GB | phase(train/val/raw/train_eval) 3.2/0.5/0.0/0.0s | 3.7s
2026-08-29 22:38:02 | Epoch 033/060 | loss 2.1634 | cls 1.6460 | tal -0.1407 | dual_g 0.5596 | dual_d 0.9371 | train_acc 0.9484 | train_full n/a | val_acc 0.9730 | val_f1 0.9776 | adv/moduleC 1.00/1.00 | disc_steps 2 | grad(main/disc) 7.723/1.382 | lr(main/disc) 5.50e-05/2.40e-05 | cuda_peak(alloc/resv) 21.77/28.18GB | phase(train/val/raw/train_eval) 3.2/0.5/0.0/0.0s | 3.7s
2026-08-29 22:38:05 | Epoch 034/060 | loss 2.1358 | cls 1.6130 | tal -0.0507 | dual_g 0.5379 | dual_d 0.9027 | train_acc 0.9755 | train_full n/a | val_acc 1.0000 | val_f1 1.0000 | adv/moduleC 1.00/1.00 | disc_steps 2 | grad(main/disc) 8.219/1.328 | lr(main/disc) 5.50e-05/2.40e-05 | cuda_peak(alloc/resv) 21.77/28.18GB | phase(train/val/raw/train_eval) 2.9/0.5/0.0/0.0s | 3.4s
2026-08-29 22:38:11 | Epoch 035/060 | loss 2.2134 | cls 1.6811 | tal -0.0465 | dual_g 0.5463 | dual_d 0.9292 | train_acc 0.9620 | train_full 1.0000 | val_acc 0.9730 | val_f1 0.9840 | adv/moduleC 1.00/1.00 | disc_steps 2 | grad(main/disc) 10.466/1.389 | lr(main/disc) 5.50e-05/2.40e-05 | cuda_peak(alloc/resv) 21.77/28.18GB | phase(train/val/raw/train_eval) 3.5/0.5/0.5/0.7s | 5.2s
2026-08-29 22:38:14 | New best val_f1_macro_present: raw=0.9840 stable_score=0.9776 at epoch 35
2026-08-29 22:38:18 | Epoch 036/060 | loss 2.0967 | cls 1.5685 | tal -0.0265 | dual_g 0.5361 | dual_d 0.9343 | train_acc 0.9674 | train_full n/a | val_acc 1.0000 | val_f1 1.0000 | adv/moduleC 1.00/1.00 | disc_steps 2 | grad(main/disc) 7.104/1.336 | lr(main/disc) 5.50e-05/2.40e-05 | cuda_peak(alloc/resv) 21.77/28.18GB | phase(train/val/raw/train_eval) 3.1/0.5/0.5/0.0s | 4.1s
2026-08-29 22:38:20 | New best val_f1_macro_present: raw=1.0000 stable_score=0.9840 at epoch 36
2026-08-29 22:38:24 | Epoch 037/060 | loss 2.0722 | cls 1.5645 | tal -0.0491 | dual_g 0.5224 | dual_d 0.9495 | train_acc 0.9891 | train_full n/a | val_acc 1.0000 | val_f1 1.0000 | adv/moduleC 1.00/1.00 | disc_steps 2 | grad(main/disc) 7.384/1.362 | lr(main/disc) 5.50e-05/2.40e-05 | cuda_peak(alloc/resv) 21.77/28.18GB | phase(train/val/raw/train_eval) 3.2/0.5/0.0/0.0s | 3.6s
2026-08-29 22:38:28 | Epoch 038/060 | loss 2.1135 | cls 1.6086 | tal -0.0743 | dual_g 0.5272 | dual_d 0.9592 | train_acc 0.9620 | train_full n/a | val_acc 0.9730 | val_f1 0.9840 | adv/moduleC 1.00/1.00 | disc_steps 2 | grad(main/disc) 7.484/1.388 | lr(main/disc) 5.50e-05/2.40e-05 | cuda_peak(alloc/resv) 21.77/28.18GB | phase(train/val/raw/train_eval) 3.1/0.5/0.0/0.0s | 3.6s
2026-08-29 22:38:32 | Epoch 039/060 | loss 2.0622 | cls 1.5770 | tal -0.1326 | dual_g 0.5250 | dual_d 0.9429 | train_acc 0.9701 | train_full n/a | val_acc 1.0000 | val_f1 1.0000 | adv/moduleC 1.00/1.00 | disc_steps 2 | grad(main/disc) 6.744/1.342 | lr(main/disc) 5.50e-05/2.40e-05 | cuda_peak(alloc/resv) 21.77/28.18GB | phase(train/val/raw/train_eval) 3.3/0.5/0.0/0.0s | 3.9s
2026-08-29 22:38:37 | Epoch 040/060 | loss 1.9731 | cls 1.5102 | tal -0.1432 | dual_g 0.5058 | dual_d 0.9670 | train_acc 0.9810 | train_full 1.0000 | val_acc 1.0000 | val_f1 1.0000 | adv/moduleC 1.00/1.00 | disc_steps 2 | grad(main/disc) 6.126/1.329 | lr(main/disc) 5.50e-05/2.40e-05 | cuda_peak(alloc/resv) 21.77/28.18GB | phase(train/val/raw/train_eval) 3.3/0.5/0.5/0.7s | 5.0s
2026-08-29 22:38:41 | Epoch 041/060 | loss 2.0207 | cls 1.5523 | tal -0.1333 | dual_g 0.5084 | dual_d 0.9466 | train_acc 0.9701 | train_full n/a | val_acc 1.0000 | val_f1 1.0000 | adv/moduleC 1.00/1.00 | disc_steps 2 | grad(main/disc) 7.654/1.328 | lr(main/disc) 5.50e-05/2.40e-05 | cuda_peak(alloc/resv) 21.77/28.18GB | phase(train/val/raw/train_eval) 3.5/0.5/0.5/0.0s | 4.5s
2026-08-29 22:38:44 | New best val_f1_macro_present: raw=1.0000 stable_score=1.0000 at epoch 41
2026-08-29 22:38:48 | Epoch 042/060 | loss 1.9842 | cls 1.5159 | tal -0.1375 | dual_g 0.5096 | dual_d 0.9688 | train_acc 0.9810 | train_full n/a | val_acc 0.9730 | val_f1 0.9776 | adv/moduleC 1.00/1.00 | disc_steps 2 | grad(main/disc) 7.524/1.365 | lr(main/disc) 5.50e-05/2.40e-05 | cuda_peak(alloc/resv) 21.77/28.18GB | phase(train/val/raw/train_eval) 3.5/0.5/0.0/0.0s | 4.0s
2026-08-29 22:38:52 | Epoch 043/060 | loss 1.9680 | cls 1.5163 | tal -0.1493 | dual_g 0.4965 | dual_d 0.9780 | train_acc 0.9810 | train_full n/a | val_acc 0.9730 | val_f1 0.9840 | adv/moduleC 1.00/1.00 | disc_steps 2 | grad(main/disc) 6.981/1.373 | lr(main/disc) 5.50e-05/2.40e-05 | cuda_peak(alloc/resv) 21.77/28.18GB | phase(train/val/raw/train_eval) 3.4/0.5/0.0/0.0s | 3.9s
2026-08-29 22:38:56 | Epoch 044/060 | loss 1.9634 | cls 1.5144 | tal -0.1547 | dual_g 0.4955 | dual_d 0.9407 | train_acc 0.9783 | train_full n/a | val_acc 1.0000 | val_f1 1.0000 | adv/moduleC 1.00/1.00 | disc_steps 2 | grad(main/disc) 6.182/1.289 | lr(main/disc) 5.50e-05/2.40e-05 | cuda_peak(alloc/resv) 21.77/28.18GB | phase(train/val/raw/train_eval) 3.3/0.5/0.0/0.0s | 3.8s
2026-08-29 22:39:01 | Epoch 045/060 | loss 1.9893 | cls 1.5281 | tal -0.1171 | dual_g 0.4963 | dual_d 0.9921 | train_acc 0.9810 | train_full 1.0000 | val_acc 1.0000 | val_f1 1.0000 | adv/moduleC 1.00/1.00 | disc_steps 2 | grad(main/disc) 8.937/1.374 | lr(main/disc) 2.75e-05/1.20e-05 | cuda_peak(alloc/resv) 21.77/28.18GB | phase(train/val/raw/train_eval) 3.4/0.5/0.5/0.8s | 5.1s
2026-08-29 22:39:05 | Epoch 046/060 | loss 2.0012 | cls 1.5369 | tal -0.1063 | dual_g 0.4962 | dual_d 0.9496 | train_acc 0.9783 | train_full n/a | val_acc 1.0000 | val_f1 1.0000 | adv/moduleC 1.00/1.00 | disc_steps 2 | grad(main/disc) 6.337/1.282 | lr(main/disc) 2.75e-05/1.20e-05 | cuda_peak(alloc/resv) 21.77/28.18GB | phase(train/val/raw/train_eval) 3.6/0.5/0.0/0.0s | 4.1s
2026-08-29 22:39:08 | Epoch 047/060 | loss 1.9549 | cls 1.5169 | tal -0.1755 | dual_g 0.4907 | dual_d 1.0122 | train_acc 0.9837 | train_full n/a | val_acc 1.0000 | val_f1 1.0000 | adv/moduleC 1.00/1.00 | disc_steps 2 | grad(main/disc) 6.744/1.393 | lr(main/disc) 2.75e-05/1.20e-05 | cuda_peak(alloc/resv) 21.77/28.18GB | phase(train/val/raw/train_eval) 3.2/0.5/0.0/0.0s | 3.7s
2026-08-29 22:39:12 | Epoch 048/060 | loss 1.9213 | cls 1.4834 | tal -0.1735 | dual_g 0.4900 | dual_d 0.9812 | train_acc 0.9864 | train_full n/a | val_acc 1.0000 | val_f1 1.0000 | adv/moduleC 1.00/1.00 | disc_steps 2 | grad(main/disc) 5.368/1.318 | lr(main/disc) 2.75e-05/1.20e-05 | cuda_peak(alloc/resv) 21.77/28.18GB | phase(train/val/raw/train_eval) 3.0/0.5/0.0/0.0s | 3.4s
2026-08-29 22:39:15 | Epoch 049/060 | loss 1.8913 | cls 1.4670 | tal -0.1794 | dual_g 0.4782 | dual_d 1.0120 | train_acc 0.9810 | train_full n/a | val_acc 1.0000 | val_f1 1.0000 | adv/moduleC 1.00/1.00 | disc_steps 2 | grad(main/disc) 4.565/1.368 | lr(main/disc) 2.75e-05/1.20e-05 | cuda_peak(alloc/resv) 21.77/28.18GB | phase(train/val/raw/train_eval) 3.0/0.5/0.0/0.0s | 3.5s
2026-08-29 22:39:21 | Epoch 050/060 | loss 1.9293 | cls 1.5070 | tal -0.1836 | dual_g 0.4774 | dual_d 1.0396 | train_acc 0.9891 | train_full 1.0000 | val_acc 1.0000 | val_f1 1.0000 | adv/moduleC 1.00/1.00 | disc_steps 2 | grad(main/disc) 9.775/1.379 | lr(main/disc) 2.75e-05/1.20e-05 | cuda_peak(alloc/resv) 21.77/28.18GB | phase(train/val/raw/train_eval) 3.5/0.5/0.5/0.7s | 5.2s
2026-08-29 22:39:24 | Epoch 051/060 | loss 1.9010 | cls 1.4725 | tal -0.1655 | dual_g 0.4782 | dual_d 1.0495 | train_acc 0.9864 | train_full n/a | val_acc 1.0000 | val_f1 1.0000 | adv/moduleC 1.00/1.00 | disc_steps 2 | grad(main/disc) 5.164/1.385 | lr(main/disc) 2.75e-05/1.20e-05 | cuda_peak(alloc/resv) 21.77/28.18GB | phase(train/val/raw/train_eval) 3.1/0.5/0.0/0.0s | 3.6s
2026-08-29 22:39:28 | Epoch 052/060 | loss 1.9401 | cls 1.4977 | tal -0.1281 | dual_g 0.4808 | dual_d 1.0127 | train_acc 0.9864 | train_full n/a | val_acc 1.0000 | val_f1 1.0000 | adv/moduleC 1.00/1.00 | disc_steps 2 | grad(main/disc) 7.526/1.383 | lr(main/disc) 2.75e-05/1.20e-05 | cuda_peak(alloc/resv) 21.77/28.18GB | phase(train/val/raw/train_eval) 3.1/0.5/0.0/0.0s | 3.6s
2026-08-29 22:39:31 | Epoch 053/060 | loss 1.9041 | cls 1.4735 | tal -0.1191 | dual_g 0.4663 | dual_d 0.9597 | train_acc 0.9837 | train_full n/a | val_acc 1.0000 | val_f1 1.0000 | adv/moduleC 1.00/1.00 | disc_steps 2 | grad(main/disc) 5.138/1.295 | lr(main/disc) 2.75e-05/1.20e-05 | cuda_peak(alloc/resv) 21.77/28.18GB | phase(train/val/raw/train_eval) 3.1/0.5/0.0/0.0s | 3.6s
2026-08-29 22:39:36 | Epoch 054/060 | loss 1.9202 | cls 1.4835 | tal -0.1206 | dual_g 0.4729 | dual_d 1.0336 | train_acc 0.9918 | train_full n/a | val_acc 1.0000 | val_f1 1.0000 | adv/moduleC 1.00/1.00 | disc_steps 2 | grad(main/disc) 5.630/1.369 | lr(main/disc) 2.75e-05/1.20e-05 | cuda_peak(alloc/resv) 21.77/28.18GB | phase(train/val/raw/train_eval) 3.6/0.5/0.0/0.0s | 4.1s
2026-08-29 22:39:41 | Epoch 055/060 | loss 1.8548 | cls 1.4430 | tal -0.1837 | dual_g 0.4669 | dual_d 1.0080 | train_acc 0.9837 | train_full 1.0000 | val_acc 1.0000 | val_f1 1.0000 | adv/moduleC 1.00/1.00 | disc_steps 2 | grad(main/disc) 4.574/1.334 | lr(main/disc) 2.75e-05/1.20e-05 | cuda_peak(alloc/resv) 21.77/28.18GB | phase(train/val/raw/train_eval) 3.4/0.5/0.5/0.7s | 5.1s
2026-08-29 22:39:44 | Epoch 056/060 | loss 1.8628 | cls 1.4529 | tal -0.1975 | dual_g 0.4692 | dual_d 1.0312 | train_acc 0.9918 | train_full n/a | val_acc 1.0000 | val_f1 1.0000 | adv/moduleC 1.00/1.00 | disc_steps 2 | grad(main/disc) 5.497/1.363 | lr(main/disc) 1.38e-05/6.00e-06 | cuda_peak(alloc/resv) 21.77/28.18GB | phase(train/val/raw/train_eval) 3.1/0.5/0.0/0.0s | 3.6s
2026-08-29 22:39:48 | Epoch 057/060 | loss 1.8503 | cls 1.4566 | tal -0.2646 | dual_g 0.4731 | dual_d 1.0022 | train_acc 0.9946 | train_full n/a | val_acc 1.0000 | val_f1 1.0000 | adv/moduleC 1.00/1.00 | disc_steps 2 | grad(main/disc) 5.267/1.303 | lr(main/disc) 1.38e-05/6.00e-06 | cuda_peak(alloc/resv) 21.77/28.18GB | phase(train/val/raw/train_eval) 3.2/0.5/0.0/0.0s | 3.7s
2026-08-29 22:39:51 | Epoch 058/060 | loss 1.8606 | cls 1.4439 | tal -0.1957 | dual_g 0.4754 | dual_d 1.0168 | train_acc 0.9946 | train_full n/a | val_acc 1.0000 | val_f1 1.0000 | adv/moduleC 1.00/1.00 | disc_steps 2 | grad(main/disc) 4.984/1.371 | lr(main/disc) 1.38e-05/6.00e-06 | cuda_peak(alloc/resv) 21.77/28.18GB | phase(train/val/raw/train_eval) 3.0/0.5/0.0/0.0s | 3.5s
2026-08-29 22:39:55 | Epoch 059/060 | loss 1.8781 | cls 1.4564 | tal -0.1497 | dual_g 0.4667 | dual_d 0.9966 | train_acc 0.9864 | train_full n/a | val_acc 1.0000 | val_f1 1.0000 | adv/moduleC 1.00/1.00 | disc_steps 2 | grad(main/disc) 4.258/1.291 | lr(main/disc) 1.38e-05/6.00e-06 | cuda_peak(alloc/resv) 21.77/28.18GB | phase(train/val/raw/train_eval) 2.9/0.5/0.0/0.0s | 3.4s
2026-08-29 22:39:55 | Early stopping at epoch 59 after 18 epochs without val_f1_macro_present improvement.
2026-08-29 22:39:55 | Training complete. Peak validation accuracy: 1.0000 | selected val_f1_macro_present: 1.0000
2026-08-29 22:39:55 | Starting Dual_D standalone training
2026-08-29 22:39:55 | Run directory: runs/module_c_ablation_60_v8/module_c_20260829_205331/module_c_no_identity_雨天_20260829_221218
2026-08-29 22:39:55 | Device: cuda
2026-08-29 22:39:55 | Source train samples: 992
2026-08-29 22:39:55 | Target train samples: 96
2026-08-29 22:39:55 | Target val samples: 26
2026-08-29 22:39:55 | Classes: 14
2026-08-29 22:39:55 | Data audit: same_dir=False | path_overlap(vis/ir/ais)=0/0/0 | content_overlap(vis/ir/ais)=0/0/0 | ais_index_overlap=0 | stem_mismatch(vis-ir/vis-ais)=117/0
2026-08-29 22:39:55 | source_train classes: present 14/14 | absent 0 | counts [0:120, 1:44, 2:69, 3:45, 4:40, 5:30, 6:64, 7:80, 8:116, 9:68, 10:57, 11:83, 12:48, 13:128]
2026-08-29 22:39:55 | target_train classes: present 6/14 | absent 8 | counts [0:7, 2:19, 9:32, 10:12, 11:6, 13:20]
2026-08-29 22:39:55 | target_val classes: present 6/14 | absent 8 | counts [0:2, 2:5, 9:8, 10:4, 11:2, 13:5]
2026-08-29 22:39:55 | Paired training classes: 6/14 | class ids [0, 2, 9, 10, 11, 13]
2026-08-29 22:39:55 | Runtime profile: batch=92 | paired_steps=4 | workers=16 | train_eval_every=5 | raw_eval_every=5 | stability_window=3 | lr_scheduler_start=28 | early_stop=20 after min_epoch=50
2026-08-29 22:39:55 | VIS/IR pairing: class-level-unpaired | count-mismatch classes train/val: 10/0 | AIS alignment: none | AIS rows train/val: 0/0
2026-08-29 22:39:56 | Effective Dual-D loss weights: {"adv_auxiliary": 0.02, "adv_primary": 0.02, "classification": 0.6, "contrastive": 0.025, "cycle": 0.12, "identity": 0.0, "prototype_contrastive": 0.03}
2026-08-29 22:39:56 | Model parameters: total=17277714 | trainable=17120210
Starting run 7/9: domain=雨天, iteration=1, seed=48
2026-08-29 22:40:00 | Epoch 001/060 | loss 6.0781 | cls 6.0900 | tal -0.0396 | dual_g 0.0000 | dual_d 0.0000 | train_acc 0.0815 | train_full 0.0833 | val_acc 0.0385 | val_f1 0.0167 | adv/moduleC 0.00/0.00 | disc_steps 0 | grad(main/disc) 18.973/0.000 | lr(main/disc) 8.50e-05/2.75e-05 | cuda_peak(alloc/resv) 21.77/28.18GB | phase(train/val/raw/train_eval) 3.4/0.4/0.4/0.6s | 4.7s
2026-08-29 22:40:04 | Epoch 002/060 | loss 4.6308 | cls 4.6862 | tal -0.1846 | dual_g 0.0000 | dual_d 0.0000 | train_acc 0.2120 | train_full n/a | val_acc 0.1154 | val_f1 0.0733 | adv/moduleC 0.00/0.00 | disc_steps 0 | grad(main/disc) 15.025/0.000 | lr(main/disc) 8.50e-05/2.75e-05 | cuda_peak(alloc/resv) 21.77/28.18GB | phase(train/val/raw/train_eval) 2.8/0.4/0.0/0.0s | 3.1s
2026-08-29 22:40:07 | Epoch 003/060 | loss 3.7881 | cls 3.8431 | tal -0.1833 | dual_g 0.0000 | dual_d 0.0000 | train_acc 0.4022 | train_full n/a | val_acc 0.1538 | val_f1 0.1381 | adv/moduleC 0.00/0.00 | disc_steps 0 | grad(main/disc) 11.897/0.000 | lr(main/disc) 8.50e-05/2.75e-05 | cuda_peak(alloc/resv) 21.77/28.18GB | phase(train/val/raw/train_eval) 3.0/0.4/0.4/0.0s | 3.8s
2026-08-29 22:40:10 | New best val_f1_macro_present: raw=0.1381 stable_score=0.0167 at epoch 3
2026-08-29 22:40:14 | Epoch 004/060 | loss 3.2944 | cls 3.3584 | tal -0.2135 | dual_g 0.0000 | dual_d 0.0000 | train_acc 0.5136 | train_full n/a | val_acc 0.1154 | val_f1 0.1222 | adv/moduleC 0.00/0.00 | disc_steps 0 | grad(main/disc) 11.038/0.000 | lr(main/disc) 8.50e-05/2.75e-05 | cuda_peak(alloc/resv) 21.77/28.18GB | phase(train/val/raw/train_eval) 3.0/0.4/0.4/0.0s | 3.8s
2026-08-29 22:40:17 | New best val_f1_macro_present: raw=0.1222 stable_score=0.0733 at epoch 4
2026-08-29 22:40:21 | Epoch 005/060 | loss 3.1418 | cls 2.9162 | tal -0.1437 | dual_g 0.2687 | dual_d 0.0000 | train_acc 0.6196 | train_full 0.0938 | val_acc 0.1538 | val_f1 0.1185 | adv/moduleC 0.00/0.12 | disc_steps 0 | grad(main/disc) 9.846/0.000 | lr(main/disc) 8.50e-05/2.75e-05 | cuda_peak(alloc/resv) 21.77/28.18GB | phase(train/val/raw/train_eval) 3.0/0.4/0.4/0.6s | 4.4s
2026-08-29 22:40:24 | New best val_f1_macro_present: raw=0.1185 stable_score=0.1185 at epoch 5
2026-08-29 22:40:27 | Epoch 006/060 | loss 3.1643 | cls 2.7290 | tal -0.1470 | dual_g 0.4794 | dual_d 0.0000 | train_acc 0.6413 | train_full n/a | val_acc 0.2308 | val_f1 0.1581 | adv/moduleC 0.00/0.25 | disc_steps 0 | grad(main/disc) 9.873/0.000 | lr(main/disc) 8.50e-05/2.75e-05 | cuda_peak(alloc/resv) 21.77/28.18GB | phase(train/val/raw/train_eval) 2.9/0.4/0.0/0.0s | 3.3s
2026-08-29 22:40:31 | Epoch 007/060 | loss 3.0620 | cls 2.4485 | tal -0.0831 | dual_g 0.6384 | dual_d 1.0323 | train_acc 0.7283 | train_full n/a | val_acc 0.2692 | val_f1 0.1875 | adv/moduleC 0.07/0.38 | disc_steps 2 | grad(main/disc) 9.478/1.974 | lr(main/disc) 8.50e-05/2.75e-05 | cuda_peak(alloc/resv) 21.77/28.18GB | phase(train/val/raw/train_eval) 3.1/0.4/0.0/0.0s | 3.5s
2026-08-29 22:40:34 | Epoch 008/060 | loss 2.9891 | cls 2.2280 | tal -0.1333 | dual_g 0.8011 | dual_d 1.0041 | train_acc 0.8043 | train_full n/a | val_acc 0.3077 | val_f1 0.2452 | adv/moduleC 0.13/0.50 | disc_steps 2 | grad(main/disc) 9.763/2.009 | lr(main/disc) 8.50e-05/2.75e-05 | cuda_peak(alloc/resv) 21.77/28.18GB | phase(train/val/raw/train_eval) 2.7/0.4/0.4/0.0s | 3.5s
2026-08-29 22:40:37 | New best val_f1_macro_present: raw=0.2452 stable_score=0.1581 at epoch 8
2026-08-29 22:40:40 | Epoch 009/060 | loss 2.8552 | cls 2.0033 | tal -0.1159 | dual_g 0.8867 | dual_d 1.0043 | train_acc 0.8832 | train_full n/a | val_acc 0.3846 | val_f1 0.3202 | adv/moduleC 0.20/0.62 | disc_steps 2 | grad(main/disc) 8.586/1.934 | lr(main/disc) 8.50e-05/2.75e-05 | cuda_peak(alloc/resv) 21.77/28.18GB | phase(train/val/raw/train_eval) 3.0/0.4/0.4/0.0s | 3.8s
2026-08-29 22:40:43 | New best val_f1_macro_present: raw=0.3202 stable_score=0.1875 at epoch 9
2026-08-29 22:40:48 | Epoch 010/060 | loss 2.9293 | cls 1.9262 | tal -0.1001 | dual_g 1.0331 | dual_d 0.9965 | train_acc 0.8641 | train_full 0.3229 | val_acc 0.3077 | val_f1 0.2354 | adv/moduleC 0.27/0.75 | disc_steps 2 | grad(main/disc) 9.801/1.857 | lr(main/disc) 8.50e-05/2.75e-05 | cuda_peak(alloc/resv) 21.77/28.18GB | phase(train/val/raw/train_eval) 3.0/0.4/0.4/0.6s | 4.4s
2026-08-29 22:40:50 | New best val_f1_macro_present: raw=0.2354 stable_score=0.2354 at epoch 10
2026-08-29 22:40:54 | Epoch 011/060 | loss 2.8771 | cls 1.7983 | tal -0.1642 | dual_g 1.1280 | dual_d 1.0060 | train_acc 0.9239 | train_full n/a | val_acc 0.3462 | val_f1 0.2679 | adv/moduleC 0.33/0.88 | disc_steps 2 | grad(main/disc) 8.766/1.856 | lr(main/disc) 8.50e-05/2.75e-05 | cuda_peak(alloc/resv) 21.77/28.18GB | phase(train/val/raw/train_eval) 2.8/0.4/0.0/0.0s | 3.2s
2026-08-29 22:40:57 | Epoch 012/060 | loss 2.8570 | cls 1.6970 | tal -0.1520 | dual_g 1.2056 | dual_d 0.9276 | train_acc 0.9402 | train_full n/a | val_acc 0.3846 | val_f1 0.3826 | adv/moduleC 0.40/1.00 | disc_steps 2 | grad(main/disc) 9.961/1.753 | lr(main/disc) 8.50e-05/2.75e-05 | cuda_peak(alloc/resv) 21.77/28.18GB | phase(train/val/raw/train_eval) 3.3/0.4/0.0/0.0s | 3.6s
2026-08-29 22:41:01 | Epoch 013/060 | loss 2.6421 | cls 1.5595 | tal -0.1536 | dual_g 1.1287 | dual_d 0.9577 | train_acc 0.9565 | train_full n/a | val_acc 0.5000 | val_f1 0.5369 | adv/moduleC 0.47/1.00 | disc_steps 2 | grad(main/disc) 8.170/1.803 | lr(main/disc) 8.50e-05/2.75e-05 | cuda_peak(alloc/resv) 21.77/28.18GB | phase(train/val/raw/train_eval) 3.2/0.4/0.4/0.0s | 4.0s
2026-08-29 22:41:04 | New best val_f1_macro_present: raw=0.5369 stable_score=0.2679 at epoch 13
2026-08-29 22:41:07 | Epoch 014/060 | loss 2.5557 | cls 1.5107 | tal -0.1435 | dual_g 1.0881 | dual_d 1.0078 | train_acc 0.9728 | train_full n/a | val_acc 0.6154 | val_f1 0.6721 | adv/moduleC 0.53/1.00 | disc_steps 2 | grad(main/disc) 6.801/1.788 | lr(main/disc) 8.50e-05/2.75e-05 | cuda_peak(alloc/resv) 21.77/28.18GB | phase(train/val/raw/train_eval) 2.8/0.4/0.4/0.0s | 3.6s
2026-08-29 22:41:10 | New best val_f1_macro_present: raw=0.6721 stable_score=0.3826 at epoch 14
2026-08-29 22:41:15 | Epoch 015/060 | loss 2.5928 | cls 1.5370 | tal -0.1658 | dual_g 1.1056 | dual_d 0.9298 | train_acc 0.9728 | train_full 0.6354 | val_acc 0.4615 | val_f1 0.4948 | adv/moduleC 0.60/1.00 | disc_steps 2 | grad(main/disc) 10.731/1.734 | lr(main/disc) 8.50e-05/2.75e-05 | cuda_peak(alloc/resv) 21.77/28.18GB | phase(train/val/raw/train_eval) 3.0/0.4/0.4/0.6s | 4.4s
2026-08-29 22:41:17 | New best val_f1_macro_present: raw=0.4948 stable_score=0.4948 at epoch 15
2026-08-29 22:41:20 | Epoch 016/060 | loss 2.4353 | cls 1.4497 | tal -0.1706 | dual_g 1.0368 | dual_d 0.9058 | train_acc 0.9810 | train_full n/a | val_acc 0.6154 | val_f1 0.6599 | adv/moduleC 0.67/1.00 | disc_steps 2 | grad(main/disc) 7.464/1.672 | lr(main/disc) 8.50e-05/2.75e-05 | cuda_peak(alloc/resv) 21.77/28.18GB | phase(train/val/raw/train_eval) 2.6/0.4/0.0/0.0s | 3.0s
2026-08-29 22:41:24 | Epoch 017/060 | loss 2.3871 | cls 1.4179 | tal -0.2034 | dual_g 1.0302 | dual_d 0.9049 | train_acc 0.9701 | train_full n/a | val_acc 0.6923 | val_f1 0.7078 | adv/moduleC 0.73/1.00 | disc_steps 2 | grad(main/disc) 7.439/1.662 | lr(main/disc) 8.50e-05/2.75e-05 | cuda_peak(alloc/resv) 21.77/28.18GB | phase(train/val/raw/train_eval) 3.4/0.4/0.0/0.0s | 3.8s
2026-08-29 22:41:28 | Epoch 018/060 | loss 2.3486 | cls 1.3895 | tal -0.1544 | dual_g 1.0055 | dual_d 0.9556 | train_acc 0.9891 | train_full n/a | val_acc 0.8077 | val_f1 0.8271 | adv/moduleC 0.80/1.00 | disc_steps 2 | grad(main/disc) 8.152/1.656 | lr(main/disc) 8.50e-05/2.75e-05 | cuda_peak(alloc/resv) 21.77/28.18GB | phase(train/val/raw/train_eval) 3.1/0.4/0.4/0.0s | 3.9s
2026-08-29 22:41:31 | New best val_f1_macro_present: raw=0.8271 stable_score=0.6599 at epoch 18
2026-08-29 22:41:35 | Epoch 019/060 | loss 2.3219 | cls 1.3673 | tal -0.1687 | dual_g 1.0053 | dual_d 0.9727 | train_acc 0.9891 | train_full n/a | val_acc 0.8846 | val_f1 0.8852 | adv/moduleC 0.87/1.00 | disc_steps 2 | grad(main/disc) 7.242/1.713 | lr(main/disc) 8.50e-05/2.75e-05 | cuda_peak(alloc/resv) 21.77/28.18GB | phase(train/val/raw/train_eval) 3.0/0.4/0.4/0.0s | 3.8s
2026-08-29 22:41:37 | New best val_f1_macro_present: raw=0.8852 stable_score=0.7078 at epoch 19
2026-08-29 22:41:41 | Epoch 020/060 | loss 2.3146 | cls 1.3736 | tal -0.1781 | dual_g 0.9944 | dual_d 1.0156 | train_acc 0.9837 | train_full 0.8646 | val_acc 0.8077 | val_f1 0.8122 | adv/moduleC 0.93/1.00 | disc_steps 2 | grad(main/disc) 6.557/1.778 | lr(main/disc) 8.50e-05/2.75e-05 | cuda_peak(alloc/resv) 21.77/28.18GB | phase(train/val/raw/train_eval) 2.8/0.4/0.4/0.6s | 4.2s
2026-08-29 22:41:44 | New best val_f1_macro_present: raw=0.8122 stable_score=0.8122 at epoch 20
2026-08-29 22:41:47 | Epoch 021/060 | loss 2.2845 | cls 1.3556 | tal -0.1991 | dual_g 0.9886 | dual_d 1.0007 | train_acc 0.9946 | train_full n/a | val_acc 0.8077 | val_f1 0.7942 | adv/moduleC 1.00/1.00 | disc_steps 2 | grad(main/disc) 7.105/1.704 | lr(main/disc) 8.50e-05/2.75e-05 | cuda_peak(alloc/resv) 21.77/28.18GB | phase(train/val/raw/train_eval) 2.8/0.4/0.0/0.0s | 3.2s
2026-08-29 22:41:51 | Epoch 022/060 | loss 2.2729 | cls 1.3529 | tal -0.2148 | dual_g 0.9844 | dual_d 1.0113 | train_acc 0.9891 | train_full n/a | val_acc 0.7308 | val_f1 0.7585 | adv/moduleC 1.00/1.00 | disc_steps 2 | grad(main/disc) 8.515/1.700 | lr(main/disc) 8.50e-05/2.75e-05 | cuda_peak(alloc/resv) 21.77/28.18GB | phase(train/val/raw/train_eval) 2.8/0.4/0.0/0.0s | 3.2s
2026-08-29 22:41:54 | Epoch 023/060 | loss 2.2274 | cls 1.3288 | tal -0.1782 | dual_g 0.9521 | dual_d 0.9837 | train_acc 1.0000 | train_full n/a | val_acc 0.8846 | val_f1 0.8852 | adv/moduleC 1.00/1.00 | disc_steps 2 | grad(main/disc) 5.869/1.621 | lr(main/disc) 8.50e-05/2.75e-05 | cuda_peak(alloc/resv) 21.77/28.18GB | phase(train/val/raw/train_eval) 3.0/0.4/0.0/0.0s | 3.4s
2026-08-29 22:41:57 | Epoch 024/060 | loss 2.2993 | cls 1.3536 | tal -0.1363 | dual_g 0.9866 | dual_d 1.0115 | train_acc 0.9810 | train_full n/a | val_acc 0.9615 | val_f1 0.9481 | adv/moduleC 1.00/1.00 | disc_steps 2 | grad(main/disc) 8.258/1.674 | lr(main/disc) 8.50e-05/2.75e-05 | cuda_peak(alloc/resv) 21.77/28.18GB | phase(train/val/raw/train_eval) 2.9/0.4/0.0/0.0s | 3.3s
2026-08-29 22:42:02 | Epoch 025/060 | loss 2.1847 | cls 1.2886 | tal -0.1495 | dual_g 0.9410 | dual_d 1.0241 | train_acc 0.9918 | train_full 0.8958 | val_acc 0.8846 | val_f1 0.8852 | adv/moduleC 1.00/1.00 | disc_steps 2 | grad(main/disc) 5.762/1.650 | lr(main/disc) 8.50e-05/2.75e-05 | cuda_peak(alloc/resv) 21.77/28.18GB | phase(train/val/raw/train_eval) 2.9/0.4/0.4/0.6s | 4.3s
2026-08-29 22:42:04 | New best val_f1_macro_present: raw=0.8852 stable_score=0.8852 at epoch 25
2026-08-29 22:42:08 | Epoch 026/060 | loss 2.2000 | cls 1.3190 | tal -0.1797 | dual_g 0.9349 | dual_d 1.0222 | train_acc 0.9973 | train_full n/a | val_acc 0.9231 | val_f1 0.9111 | adv/moduleC 1.00/1.00 | disc_steps 2 | grad(main/disc) 6.152/1.680 | lr(main/disc) 8.50e-05/2.75e-05 | cuda_peak(alloc/resv) 21.77/28.18GB | phase(train/val/raw/train_eval) 3.3/0.4/0.0/0.0s | 3.7s
2026-08-29 22:42:11 | Epoch 027/060 | loss 2.1605 | cls 1.2816 | tal -0.2082 | dual_g 0.9414 | dual_d 1.0484 | train_acc 0.9973 | train_full n/a | val_acc 0.9615 | val_f1 0.9630 | adv/moduleC 1.00/1.00 | disc_steps 2 | grad(main/disc) 5.123/1.657 | lr(main/disc) 8.50e-05/2.75e-05 | cuda_peak(alloc/resv) 21.77/28.18GB | phase(train/val/raw/train_eval) 2.9/0.4/0.0/0.0s | 3.3s
2026-08-29 22:42:15 | Epoch 028/060 | loss 2.1626 | cls 1.2974 | tal -0.2107 | dual_g 0.9284 | dual_d 1.0638 | train_acc 0.9946 | train_full n/a | val_acc 0.8462 | val_f1 0.8499 | adv/moduleC 1.00/1.00 | disc_steps 2 | grad(main/disc) 4.345/1.626 | lr(main/disc) 8.50e-05/2.75e-05 | cuda_peak(alloc/resv) 21.77/28.18GB | phase(train/val/raw/train_eval) 3.0/0.4/0.0/0.0s | 3.4s
2026-08-29 22:42:18 | Epoch 029/060 | loss 2.1526 | cls 1.2894 | tal -0.2179 | dual_g 0.9286 | dual_d 1.0897 | train_acc 0.9918 | train_full n/a | val_acc 0.9231 | val_f1 0.9370 | adv/moduleC 1.00/1.00 | disc_steps 2 | grad(main/disc) 4.499/1.657 | lr(main/disc) 8.50e-05/2.75e-05 | cuda_peak(alloc/resv) 21.77/28.18GB | phase(train/val/raw/train_eval) 2.8/0.4/0.0/0.0s | 3.2s
2026-08-29 22:42:22 | Epoch 030/060 | loss 2.1733 | cls 1.2988 | tal -0.1938 | dual_g 0.9327 | dual_d 1.0821 | train_acc 0.9918 | train_full 0.9688 | val_acc 0.9615 | val_f1 0.9481 | adv/moduleC 1.00/1.00 | disc_steps 2 | grad(main/disc) 5.880/1.651 | lr(main/disc) 8.50e-05/2.75e-05 | cuda_peak(alloc/resv) 21.77/28.18GB | phase(train/val/raw/train_eval) 3.0/0.4/0.4/0.6s | 4.4s
2026-08-29 22:42:26 | Epoch 031/060 | loss 2.1334 | cls 1.2850 | tal -0.2150 | dual_g 0.9129 | dual_d 1.1134 | train_acc 1.0000 | train_full n/a | val_acc 0.9615 | val_f1 0.9630 | adv/moduleC 1.00/1.00 | disc_steps 2 | grad(main/disc) 4.646/1.698 | lr(main/disc) 8.50e-05/2.75e-05 | cuda_peak(alloc/resv) 21.77/28.18GB | phase(train/val/raw/train_eval) 2.8/0.4/0.4/0.0s | 3.6s
2026-08-29 22:42:29 | New best val_f1_macro_present: raw=0.9630 stable_score=0.9370 at epoch 31
2026-08-29 22:42:32 | Epoch 032/060 | loss 2.1092 | cls 1.2731 | tal -0.2418 | dual_g 0.9087 | dual_d 1.0761 | train_acc 0.9946 | train_full n/a | val_acc 0.9615 | val_f1 0.9630 | adv/moduleC 1.00/1.00 | disc_steps 2 | grad(main/disc) 4.433/1.568 | lr(main/disc) 8.50e-05/2.75e-05 | cuda_peak(alloc/resv) 21.77/28.18GB | phase(train/val/raw/train_eval) 2.7/0.4/0.4/0.0s | 3.5s
2026-08-29 22:42:35 | New best val_f1_macro_present: raw=0.9630 stable_score=0.9481 at epoch 32
2026-08-29 22:42:38 | Epoch 033/060 | loss 2.1058 | cls 1.2674 | tal -0.2338 | dual_g 0.9085 | dual_d 1.0565 | train_acc 1.0000 | train_full n/a | val_acc 0.9231 | val_f1 0.9111 | adv/moduleC 1.00/1.00 | disc_steps 2 | grad(main/disc) 3.343/1.572 | lr(main/disc) 8.50e-05/2.75e-05 | cuda_peak(alloc/resv) 21.77/28.18GB | phase(train/val/raw/train_eval) 3.1/0.4/0.0/0.0s | 3.5s
2026-08-29 22:42:41 | Epoch 034/060 | loss 2.0906 | cls 1.2562 | tal -0.2148 | dual_g 0.8989 | dual_d 1.0829 | train_acc 1.0000 | train_full n/a | val_acc 0.8846 | val_f1 0.8731 | adv/moduleC 1.00/1.00 | disc_steps 2 | grad(main/disc) 3.008/1.599 | lr(main/disc) 8.50e-05/2.75e-05 | cuda_peak(alloc/resv) 21.77/28.18GB | phase(train/val/raw/train_eval) 2.6/0.4/0.0/0.0s | 3.0s
2026-08-29 22:42:46 | Epoch 035/060 | loss 2.0920 | cls 1.2626 | tal -0.2298 | dual_g 0.8983 | dual_d 1.1242 | train_acc 0.9973 | train_full 0.9688 | val_acc 0.9231 | val_f1 0.9111 | adv/moduleC 1.00/1.00 | disc_steps 2 | grad(main/disc) 3.630/1.621 | lr(main/disc) 8.50e-05/2.75e-05 | cuda_peak(alloc/resv) 21.77/28.18GB | phase(train/val/raw/train_eval) 3.0/0.4/0.4/0.6s | 4.4s
2026-08-29 22:42:49 | Epoch 036/060 | loss 2.1150 | cls 1.2768 | tal -0.2335 | dual_g 0.9082 | dual_d 1.0551 | train_acc 0.9973 | train_full n/a | val_acc 0.9231 | val_f1 0.9370 | adv/moduleC 1.00/1.00 | disc_steps 2 | grad(main/disc) 4.324/1.540 | lr(main/disc) 8.50e-05/2.75e-05 | cuda_peak(alloc/resv) 21.77/28.18GB | phase(train/val/raw/train_eval) 2.8/0.4/0.0/0.0s | 3.2s
2026-08-29 22:42:52 | Epoch 037/060 | loss 2.0625 | cls 1.2457 | tal -0.2531 | dual_g 0.8927 | dual_d 1.0840 | train_acc 1.0000 | train_full n/a | val_acc 0.9615 | val_f1 0.9630 | adv/moduleC 1.00/1.00 | disc_steps 2 | grad(main/disc) 4.042/1.610 | lr(main/disc) 8.50e-05/2.75e-05 | cuda_peak(alloc/resv) 21.77/28.18GB | phase(train/val/raw/train_eval) 3.1/0.4/0.0/0.0s | 3.5s
2026-08-29 22:42:56 | Epoch 038/060 | loss 2.0647 | cls 1.2474 | tal -0.2144 | dual_g 0.8816 | dual_d 1.1501 | train_acc 1.0000 | train_full n/a | val_acc 0.9231 | val_f1 0.9243 | adv/moduleC 1.00/1.00 | disc_steps 2 | grad(main/disc) 3.009/1.658 | lr(main/disc) 8.50e-05/2.75e-05 | cuda_peak(alloc/resv) 21.77/28.18GB | phase(train/val/raw/train_eval) 3.1/0.4/0.0/0.0s | 3.5s
2026-08-29 22:42:59 | Epoch 039/060 | loss 2.0528 | cls 1.2507 | tal -0.2751 | dual_g 0.8846 | dual_d 1.1336 | train_acc 0.9973 | train_full n/a | val_acc 1.0000 | val_f1 1.0000 | adv/moduleC 1.00/1.00 | disc_steps 2 | grad(main/disc) 2.735/1.617 | lr(main/disc) 8.50e-05/2.75e-05 | cuda_peak(alloc/resv) 21.77/28.18GB | phase(train/val/raw/train_eval) 2.9/0.4/0.0/0.0s | 3.2s
2026-08-29 22:43:03 | Epoch 040/060 | loss 2.0484 | cls 1.2518 | tal -0.2930 | dual_g 0.8846 | dual_d 1.1231 | train_acc 0.9973 | train_full 1.0000 | val_acc 1.0000 | val_f1 1.0000 | adv/moduleC 1.00/1.00 | disc_steps 2 | grad(main/disc) 4.068/1.525 | lr(main/disc) 8.50e-05/2.75e-05 | cuda_peak(alloc/resv) 21.77/28.18GB | phase(train/val/raw/train_eval) 2.9/0.4/0.4/0.6s | 4.3s
2026-08-29 22:43:07 | Epoch 041/060 | loss 2.0207 | cls 1.2256 | tal -0.2728 | dual_g 0.8769 | dual_d 1.1416 | train_acc 1.0000 | train_full n/a | val_acc 1.0000 | val_f1 1.0000 | adv/moduleC 1.00/1.00 | disc_steps 2 | grad(main/disc) 2.387/1.597 | lr(main/disc) 8.50e-05/2.75e-05 | cuda_peak(alloc/resv) 21.77/28.18GB | phase(train/val/raw/train_eval) 2.9/0.4/0.4/0.0s | 3.7s
2026-08-29 22:43:10 | New best val_f1_macro_present: raw=1.0000 stable_score=1.0000 at epoch 41
2026-08-29 22:43:13 | Epoch 042/060 | loss 2.0120 | cls 1.2342 | tal -0.3137 | dual_g 0.8719 | dual_d 1.0966 | train_acc 1.0000 | train_full n/a | val_acc 0.9615 | val_f1 0.9630 | adv/moduleC 1.00/1.00 | disc_steps 2 | grad(main/disc) 2.269/1.519 | lr(main/disc) 8.50e-05/2.75e-05 | cuda_peak(alloc/resv) 21.77/28.18GB | phase(train/val/raw/train_eval) 2.9/0.4/0.0/0.0s | 3.3s
2026-08-29 22:43:16 | Epoch 043/060 | loss 2.0174 | cls 1.2393 | tal -0.3198 | dual_g 0.8740 | dual_d 1.1626 | train_acc 1.0000 | train_full n/a | val_acc 0.9615 | val_f1 0.9630 | adv/moduleC 1.00/1.00 | disc_steps 2 | grad(main/disc) 3.022/1.583 | lr(main/disc) 8.50e-05/2.75e-05 | cuda_peak(alloc/resv) 21.77/28.18GB | phase(train/val/raw/train_eval) 2.8/0.4/0.0/0.0s | 3.2s
2026-08-29 22:43:20 | Epoch 044/060 | loss 2.0260 | cls 1.2373 | tal -0.2884 | dual_g 0.8752 | dual_d 1.1581 | train_acc 1.0000 | train_full n/a | val_acc 0.9615 | val_f1 0.9630 | adv/moduleC 1.00/1.00 | disc_steps 2 | grad(main/disc) 2.783/1.596 | lr(main/disc) 8.50e-05/2.75e-05 | cuda_peak(alloc/resv) 21.77/28.18GB | phase(train/val/raw/train_eval) 2.8/0.4/0.0/0.0s | 3.2s
2026-08-29 22:43:24 | Epoch 045/060 | loss 1.9910 | cls 1.2272 | tal -0.3438 | dual_g 0.8669 | dual_d 1.1478 | train_acc 1.0000 | train_full 0.9896 | val_acc 0.9615 | val_f1 0.9630 | adv/moduleC 1.00/1.00 | disc_steps 2 | grad(main/disc) 2.326/1.540 | lr(main/disc) 8.50e-05/2.75e-05 | cuda_peak(alloc/resv) 21.77/28.18GB | phase(train/val/raw/train_eval) 3.2/0.4/0.4/0.6s | 4.6s
2026-08-29 22:43:28 | Epoch 046/060 | loss 1.9732 | cls 1.2193 | tal -0.3496 | dual_g 0.8587 | dual_d 1.1956 | train_acc 0.9973 | train_full n/a | val_acc 0.9615 | val_f1 0.9630 | adv/moduleC 1.00/1.00 | disc_steps 2 | grad(main/disc) 2.303/1.569 | lr(main/disc) 8.50e-05/2.75e-05 | cuda_peak(alloc/resv) 21.77/28.18GB | phase(train/val/raw/train_eval) 3.2/0.4/0.0/0.0s | 3.6s
2026-08-29 22:43:31 | Epoch 047/060 | loss 1.9909 | cls 1.2275 | tal -0.3392 | dual_g 0.8652 | dual_d 1.1693 | train_acc 0.9973 | train_full n/a | val_acc 0.9615 | val_f1 0.9630 | adv/moduleC 1.00/1.00 | disc_steps 2 | grad(main/disc) 2.819/1.569 | lr(main/disc) 8.50e-05/2.75e-05 | cuda_peak(alloc/resv) 21.77/28.18GB | phase(train/val/raw/train_eval) 3.2/0.4/0.0/0.0s | 3.6s
2026-08-29 22:43:35 | Epoch 048/060 | loss 1.9631 | cls 1.2241 | tal -0.3790 | dual_g 0.8527 | dual_d 1.1552 | train_acc 1.0000 | train_full n/a | val_acc 1.0000 | val_f1 1.0000 | adv/moduleC 1.00/1.00 | disc_steps 2 | grad(main/disc) 2.182/1.582 | lr(main/disc) 8.50e-05/2.75e-05 | cuda_peak(alloc/resv) 21.77/28.18GB | phase(train/val/raw/train_eval) 3.3/0.4/0.0/0.0s | 3.7s
2026-08-29 22:43:38 | Epoch 049/060 | loss 1.9821 | cls 1.2255 | tal -0.3454 | dual_g 0.8602 | dual_d 1.1558 | train_acc 0.9973 | train_full n/a | val_acc 1.0000 | val_f1 1.0000 | adv/moduleC 1.00/1.00 | disc_steps 2 | grad(main/disc) 2.125/1.542 | lr(main/disc) 8.50e-05/2.75e-05 | cuda_peak(alloc/resv) 21.77/28.18GB | phase(train/val/raw/train_eval) 3.0/0.4/0.0/0.0s | 3.4s
2026-08-29 22:43:43 | Epoch 050/060 | loss 1.9761 | cls 1.2241 | tal -0.3476 | dual_g 0.8563 | dual_d 1.2102 | train_acc 1.0000 | train_full 0.9479 | val_acc 0.8846 | val_f1 0.8831 | adv/moduleC 1.00/1.00 | disc_steps 2 | grad(main/disc) 2.181/1.589 | lr(main/disc) 8.50e-05/2.75e-05 | cuda_peak(alloc/resv) 21.77/28.18GB | phase(train/val/raw/train_eval) 2.9/0.4/0.4/0.6s | 4.3s
2026-08-29 22:43:46 | Epoch 051/060 | loss 1.9659 | cls 1.2211 | tal -0.3512 | dual_g 0.8502 | dual_d 1.1430 | train_acc 1.0000 | train_full n/a | val_acc 0.9615 | val_f1 0.9630 | adv/moduleC 1.00/1.00 | disc_steps 2 | grad(main/disc) 2.172/1.545 | lr(main/disc) 8.50e-05/2.75e-05 | cuda_peak(alloc/resv) 21.77/28.18GB | phase(train/val/raw/train_eval) 3.1/0.4/0.0/0.0s | 3.5s
2026-08-29 22:43:50 | Epoch 052/060 | loss 1.9669 | cls 1.2207 | tal -0.3575 | dual_g 0.8535 | dual_d 1.1437 | train_acc 1.0000 | train_full n/a | val_acc 0.9615 | val_f1 0.9630 | adv/moduleC 1.00/1.00 | disc_steps 2 | grad(main/disc) 2.507/1.543 | lr(main/disc) 4.25e-05/1.38e-05 | cuda_peak(alloc/resv) 21.77/28.18GB | phase(train/val/raw/train_eval) 3.0/0.4/0.0/0.0s | 3.3s
2026-08-29 22:43:53 | Epoch 053/060 | loss 1.9480 | cls 1.2086 | tal -0.3629 | dual_g 0.8482 | dual_d 1.2066 | train_acc 1.0000 | train_full n/a | val_acc 0.9615 | val_f1 0.9630 | adv/moduleC 1.00/1.00 | disc_steps 2 | grad(main/disc) 1.768/1.527 | lr(main/disc) 4.25e-05/1.38e-05 | cuda_peak(alloc/resv) 21.77/28.18GB | phase(train/val/raw/train_eval) 3.0/0.4/0.0/0.0s | 3.4s
2026-08-29 22:43:56 | Epoch 054/060 | loss 1.9679 | cls 1.2264 | tal -0.3348 | dual_g 0.8420 | dual_d 1.1530 | train_acc 1.0000 | train_full n/a | val_acc 0.9615 | val_f1 0.9630 | adv/moduleC 1.00/1.00 | disc_steps 2 | grad(main/disc) 2.149/1.527 | lr(main/disc) 4.25e-05/1.38e-05 | cuda_peak(alloc/resv) 21.77/28.18GB | phase(train/val/raw/train_eval) 2.8/0.4/0.0/0.0s | 3.2s
2026-08-29 22:44:01 | Epoch 055/060 | loss 1.9574 | cls 1.2183 | tal -0.3596 | dual_g 0.8470 | dual_d 1.1505 | train_acc 1.0000 | train_full 0.9896 | val_acc 0.9615 | val_f1 0.9630 | adv/moduleC 1.00/1.00 | disc_steps 2 | grad(main/disc) 2.192/1.549 | lr(main/disc) 4.25e-05/1.38e-05 | cuda_peak(alloc/resv) 21.77/28.18GB | phase(train/val/raw/train_eval) 3.1/0.4/0.4/0.6s | 4.5s
2026-08-29 22:44:04 | Epoch 056/060 | loss 1.9729 | cls 1.2283 | tal -0.3281 | dual_g 0.8430 | dual_d 1.1675 | train_acc 0.9946 | train_full n/a | val_acc 0.9615 | val_f1 0.9630 | adv/moduleC 1.00/1.00 | disc_steps 2 | grad(main/disc) 2.485/1.559 | lr(main/disc) 4.25e-05/1.38e-05 | cuda_peak(alloc/resv) 21.77/28.18GB | phase(train/val/raw/train_eval) 3.4/0.4/0.0/0.0s | 3.8s
2026-08-29 22:44:08 | Epoch 057/060 | loss 1.9447 | cls 1.2126 | tal -0.3576 | dual_g 0.8394 | dual_d 1.1461 | train_acc 1.0000 | train_full n/a | val_acc 0.9615 | val_f1 0.9630 | adv/moduleC 1.00/1.00 | disc_steps 2 | grad(main/disc) 2.113/1.509 | lr(main/disc) 4.25e-05/1.38e-05 | cuda_peak(alloc/resv) 21.77/28.18GB | phase(train/val/raw/train_eval) 3.2/0.4/0.0/0.0s | 3.6s
2026-08-29 22:44:11 | Epoch 058/060 | loss 1.9478 | cls 1.2164 | tal -0.3634 | dual_g 0.8405 | dual_d 1.1791 | train_acc 1.0000 | train_full n/a | val_acc 0.9615 | val_f1 0.9630 | adv/moduleC 1.00/1.00 | disc_steps 2 | grad(main/disc) 1.894/1.535 | lr(main/disc) 4.25e-05/1.38e-05 | cuda_peak(alloc/resv) 21.77/28.18GB | phase(train/val/raw/train_eval) 2.4/0.4/0.0/0.0s | 2.8s
2026-08-29 22:44:14 | Epoch 059/060 | loss 1.9391 | cls 1.2029 | tal -0.3501 | dual_g 0.8412 | dual_d 1.1948 | train_acc 1.0000 | train_full n/a | val_acc 0.9615 | val_f1 0.9630 | adv/moduleC 1.00/1.00 | disc_steps 2 | grad(main/disc) 1.446/1.532 | lr(main/disc) 4.25e-05/1.38e-05 | cuda_peak(alloc/resv) 21.77/28.18GB | phase(train/val/raw/train_eval) 3.0/0.4/0.0/0.0s | 3.4s
2026-08-29 22:44:19 | Epoch 060/060 | loss 1.9408 | cls 1.2156 | tal -0.3822 | dual_g 0.8398 | dual_d 1.1433 | train_acc 1.0000 | train_full 0.9792 | val_acc 1.0000 | val_f1 1.0000 | adv/moduleC 1.00/1.00 | disc_steps 2 | grad(main/disc) 2.043/1.486 | lr(main/disc) 4.25e-05/1.38e-05 | cuda_peak(alloc/resv) 21.77/28.18GB | phase(train/val/raw/train_eval) 2.9/0.4/0.4/0.6s | 4.3s
2026-08-29 22:44:19 | Training complete. Peak validation accuracy: 1.0000 | selected val_f1_macro_present: 1.0000
2026-08-29 22:44:19 | Starting Dual_D standalone training
2026-08-29 22:44:19 | Run directory: runs/module_c_ablation_60_v8/module_c_20260829_205331/module_c_no_identity_雨天_20260829_221218
2026-08-29 22:44:19 | Device: cuda
2026-08-29 22:44:19 | Source train samples: 992
2026-08-29 22:44:19 | Target train samples: 96
2026-08-29 22:44:19 | Target val samples: 26
2026-08-29 22:44:19 | Classes: 14
2026-08-29 22:44:19 | Data audit: same_dir=False | path_overlap(vis/ir/ais)=0/0/0 | content_overlap(vis/ir/ais)=0/0/0 | ais_index_overlap=0 | stem_mismatch(vis-ir/vis-ais)=117/0
2026-08-29 22:44:19 | source_train classes: present 14/14 | absent 0 | counts [0:120, 1:44, 2:69, 3:45, 4:40, 5:30, 6:64, 7:80, 8:116, 9:68, 10:57, 11:83, 12:48, 13:128]
2026-08-29 22:44:19 | target_train classes: present 6/14 | absent 8 | counts [0:7, 2:19, 9:32, 10:12, 11:6, 13:20]
2026-08-29 22:44:19 | target_val classes: present 6/14 | absent 8 | counts [0:2, 2:5, 9:8, 10:4, 11:2, 13:5]
2026-08-29 22:44:19 | Paired training classes: 6/14 | class ids [0, 2, 9, 10, 11, 13]
2026-08-29 22:44:19 | Runtime profile: batch=92 | paired_steps=4 | workers=16 | train_eval_every=5 | raw_eval_every=5 | stability_window=3 | lr_scheduler_start=28 | early_stop=20 after min_epoch=50
2026-08-29 22:44:19 | VIS/IR pairing: class-level-unpaired | count-mismatch classes train/val: 10/0 | AIS alignment: none | AIS rows train/val: 0/0
2026-08-29 22:44:20 | Effective Dual-D loss weights: {"adv_auxiliary": 0.02, "adv_primary": 0.02, "classification": 0.6, "contrastive": 0.025, "cycle": 0.12, "identity": 0.0, "prototype_contrastive": 0.03}
2026-08-29 22:44:20 | Model parameters: total=17277714 | trainable=17120210
Starting run 8/9: domain=雨天, iteration=2, seed=49
2026-08-29 22:44:25 | Epoch 001/060 | loss 5.5973 | cls 5.6846 | tal -0.2912 | dual_g 0.0000 | dual_d 0.0000 | train_acc 0.1277 | train_full 0.0938 | val_acc 0.1154 | val_f1 0.1378 | adv/moduleC 0.00/0.00 | disc_steps 0 | grad(main/disc) 16.943/0.000 | lr(main/disc) 8.50e-05/2.75e-05 | cuda_peak(alloc/resv) 21.77/28.18GB | phase(train/val/raw/train_eval) 3.6/0.4/0.4/0.6s | 5.0s
2026-08-29 22:44:28 | Epoch 002/060 | loss 4.4404 | cls 4.4849 | tal -0.1484 | dual_g 0.0000 | dual_d 0.0000 | train_acc 0.2636 | train_full n/a | val_acc 0.2308 | val_f1 0.1241 | adv/moduleC 0.00/0.00 | disc_steps 0 | grad(main/disc) 13.706/0.000 | lr(main/disc) 8.50e-05/2.75e-05 | cuda_peak(alloc/resv) 21.77/28.18GB | phase(train/val/raw/train_eval) 2.8/0.4/0.0/0.0s | 3.2s
2026-08-29 22:44:32 | Epoch 003/060 | loss 3.6500 | cls 3.6664 | tal -0.0548 | dual_g 0.0000 | dual_d 0.0000 | train_acc 0.4484 | train_full n/a | val_acc 0.1923 | val_f1 0.0595 | adv/moduleC 0.00/0.00 | disc_steps 0 | grad(main/disc) 11.662/0.000 | lr(main/disc) 8.50e-05/2.75e-05 | cuda_peak(alloc/resv) 21.77/28.18GB | phase(train/val/raw/train_eval) 3.4/0.5/0.5/0.0s | 4.4s
2026-08-29 22:44:35 | New best val_f1_macro_present: raw=0.0595 stable_score=0.0595 at epoch 3
2026-08-29 22:44:38 | Epoch 004/060 | loss 3.2656 | cls 3.3066 | tal -0.1368 | dual_g 0.0000 | dual_d 0.0000 | train_acc 0.5353 | train_full n/a | val_acc 0.1923 | val_f1 0.0538 | adv/moduleC 0.00/0.00 | disc_steps 0 | grad(main/disc) 10.678/0.000 | lr(main/disc) 8.50e-05/2.75e-05 | cuda_peak(alloc/resv) 21.77/28.18GB | phase(train/val/raw/train_eval) 2.8/0.4/0.0/0.0s | 3.2s
2026-08-29 22:44:42 | Epoch 005/060 | loss 2.9410 | cls 2.7433 | tal -0.1588 | dual_g 0.2454 | dual_d 0.0000 | train_acc 0.6495 | train_full 0.2396 | val_acc 0.1923 | val_f1 0.0556 | adv/moduleC 0.00/0.12 | disc_steps 0 | grad(main/disc) 9.149/0.000 | lr(main/disc) 8.50e-05/2.75e-05 | cuda_peak(alloc/resv) 21.77/28.18GB | phase(train/val/raw/train_eval) 3.0/0.4/0.4/0.6s | 4.4s
2026-08-29 22:44:46 | Epoch 006/060 | loss 2.9981 | cls 2.5941 | tal -0.1776 | dual_g 0.4573 | dual_d 0.0000 | train_acc 0.7310 | train_full n/a | val_acc 0.1923 | val_f1 0.0595 | adv/moduleC 0.00/0.25 | disc_steps 0 | grad(main/disc) 9.054/0.000 | lr(main/disc) 8.50e-05/2.75e-05 | cuda_peak(alloc/resv) 21.77/28.18GB | phase(train/val/raw/train_eval) 3.1/0.4/0.0/0.0s | 3.5s
2026-08-29 22:44:49 | Epoch 007/060 | loss 3.0302 | cls 2.4326 | tal -0.1018 | dual_g 0.6281 | dual_d 0.8111 | train_acc 0.7174 | train_full n/a | val_acc 0.3846 | val_f1 0.2500 | adv/moduleC 0.07/0.38 | disc_steps 2 | grad(main/disc) 9.190/1.535 | lr(main/disc) 8.50e-05/2.75e-05 | cuda_peak(alloc/resv) 21.77/28.18GB | phase(train/val/raw/train_eval) 2.9/0.4/0.0/0.0s | 3.3s
2026-08-29 22:44:52 | Epoch 008/060 | loss 3.0103 | cls 2.2216 | tal -0.0341 | dual_g 0.7990 | dual_d 0.8128 | train_acc 0.7935 | train_full n/a | val_acc 0.3846 | val_f1 0.2980 | adv/moduleC 0.13/0.50 | disc_steps 2 | grad(main/disc) 8.985/1.532 | lr(main/disc) 8.50e-05/2.75e-05 | cuda_peak(alloc/resv) 21.77/28.18GB | phase(train/val/raw/train_eval) 2.8/0.4/0.0/0.0s | 3.2s
2026-08-29 22:44:56 | Epoch 009/060 | loss 2.9385 | cls 2.0543 | tal -0.0979 | dual_g 0.9136 | dual_d 0.7950 | train_acc 0.8397 | train_full n/a | val_acc 0.4615 | val_f1 0.4092 | adv/moduleC 0.20/0.62 | disc_steps 2 | grad(main/disc) 8.875/1.496 | lr(main/disc) 8.50e-05/2.75e-05 | cuda_peak(alloc/resv) 21.77/28.18GB | phase(train/val/raw/train_eval) 3.2/0.4/0.4/0.0s | 4.0s
2026-08-29 22:44:59 | New best val_f1_macro_present: raw=0.4092 stable_score=0.2500 at epoch 9
2026-08-29 22:45:03 | Epoch 010/060 | loss 2.8379 | cls 1.8865 | tal -0.1087 | dual_g 0.9840 | dual_d 0.7923 | train_acc 0.9185 | train_full 0.4896 | val_acc 0.4231 | val_f1 0.3571 | adv/moduleC 0.27/0.75 | disc_steps 2 | grad(main/disc) 9.051/1.407 | lr(main/disc) 8.50e-05/2.75e-05 | cuda_peak(alloc/resv) 21.77/28.18GB | phase(train/val/raw/train_eval) 2.8/0.4/0.4/0.6s | 4.2s
2026-08-29 22:45:06 | New best val_f1_macro_present: raw=0.3571 stable_score=0.2980 at epoch 10
2026-08-29 22:45:10 | Epoch 011/060 | loss 2.8447 | cls 1.7766 | tal -0.1408 | dual_g 1.1103 | dual_d 0.7874 | train_acc 0.9185 | train_full n/a | val_acc 0.5385 | val_f1 0.5164 | adv/moduleC 0.33/0.88 | disc_steps 2 | grad(main/disc) 10.050/1.400 | lr(main/disc) 8.50e-05/2.75e-05 | cuda_peak(alloc/resv) 21.77/28.18GB | phase(train/val/raw/train_eval) 3.0/0.4/0.4/0.0s | 3.8s
2026-08-29 22:45:13 | New best val_f1_macro_present: raw=0.5164 stable_score=0.3571 at epoch 11
2026-08-29 22:45:16 | Epoch 012/060 | loss 2.8741 | cls 1.6989 | tal -0.1521 | dual_g 1.2208 | dual_d 0.7723 | train_acc 0.9429 | train_full n/a | val_acc 0.5769 | val_f1 0.5425 | adv/moduleC 0.40/1.00 | disc_steps 2 | grad(main/disc) 8.849/1.324 | lr(main/disc) 8.50e-05/2.75e-05 | cuda_peak(alloc/resv) 21.77/28.18GB | phase(train/val/raw/train_eval) 3.2/0.4/0.0/0.0s | 3.6s
2026-08-29 22:45:20 | Epoch 013/060 | loss 2.7091 | cls 1.6071 | tal -0.1341 | dual_g 1.1422 | dual_d 0.7795 | train_acc 0.9647 | train_full n/a | val_acc 0.5769 | val_f1 0.5090 | adv/moduleC 0.47/1.00 | disc_steps 2 | grad(main/disc) 11.322/1.326 | lr(main/disc) 8.50e-05/2.75e-05 | cuda_peak(alloc/resv) 21.77/28.18GB | phase(train/val/raw/train_eval) 3.2/0.4/0.4/0.0s | 4.0s
2026-08-29 22:45:23 | New best val_f1_macro_present: raw=0.5090 stable_score=0.5090 at epoch 13
2026-08-29 22:45:26 | Epoch 014/060 | loss 2.6370 | cls 1.5703 | tal -0.1319 | dual_g 1.1063 | dual_d 0.7595 | train_acc 0.9674 | train_full n/a | val_acc 0.8077 | val_f1 0.8524 | adv/moduleC 0.53/1.00 | disc_steps 2 | grad(main/disc) 9.995/1.277 | lr(main/disc) 8.50e-05/2.75e-05 | cuda_peak(alloc/resv) 21.77/28.18GB | phase(train/val/raw/train_eval) 3.0/0.4/0.0/0.0s | 3.4s
2026-08-29 22:45:31 | Epoch 015/060 | loss 2.5332 | cls 1.4730 | tal -0.0626 | dual_g 1.0790 | dual_d 0.8047 | train_acc 0.9864 | train_full 0.7396 | val_acc 0.6154 | val_f1 0.6539 | adv/moduleC 0.60/1.00 | disc_steps 2 | grad(main/disc) 9.384/1.305 | lr(main/disc) 8.50e-05/2.75e-05 | cuda_peak(alloc/resv) 21.77/28.18GB | phase(train/val/raw/train_eval) 3.2/0.4/0.4/0.6s | 4.6s
2026-08-29 22:45:35 | Epoch 016/060 | loss 2.5519 | cls 1.5039 | tal -0.0934 | dual_g 1.0760 | dual_d 0.8084 | train_acc 0.9728 | train_full n/a | val_acc 0.8077 | val_f1 0.8524 | adv/moduleC 0.67/1.00 | disc_steps 2 | grad(main/disc) 9.548/1.319 | lr(main/disc) 8.50e-05/2.75e-05 | cuda_peak(alloc/resv) 21.77/28.18GB | phase(train/val/raw/train_eval) 2.8/0.4/0.4/0.0s | 3.6s
2026-08-29 22:45:37 | New best val_f1_macro_present: raw=0.8524 stable_score=0.6539 at epoch 16
2026-08-29 22:45:41 | Epoch 017/060 | loss 2.3976 | cls 1.4317 | tal -0.0876 | dual_g 0.9922 | dual_d 0.7516 | train_acc 0.9891 | train_full n/a | val_acc 0.8077 | val_f1 0.8524 | adv/moduleC 0.73/1.00 | disc_steps 2 | grad(main/disc) 6.788/1.276 | lr(main/disc) 8.50e-05/2.75e-05 | cuda_peak(alloc/resv) 21.77/28.18GB | phase(train/val/raw/train_eval) 2.9/0.4/0.0/0.0s | 3.3s
2026-08-29 22:45:44 | Epoch 018/060 | loss 2.3875 | cls 1.4094 | tal -0.0500 | dual_g 0.9931 | dual_d 0.7945 | train_acc 0.9864 | train_full n/a | val_acc 0.8846 | val_f1 0.9192 | adv/moduleC 0.80/1.00 | disc_steps 2 | grad(main/disc) 8.378/1.306 | lr(main/disc) 8.50e-05/2.75e-05 | cuda_peak(alloc/resv) 21.77/28.18GB | phase(train/val/raw/train_eval) 2.8/0.4/0.4/0.0s | 3.6s
2026-08-29 22:45:47 | New best val_f1_macro_present: raw=0.9192 stable_score=0.8524 at epoch 18
2026-08-29 22:45:50 | Epoch 019/060 | loss 2.3709 | cls 1.3900 | tal -0.0735 | dual_g 1.0029 | dual_d 0.7539 | train_acc 0.9918 | train_full n/a | val_acc 1.0000 | val_f1 1.0000 | adv/moduleC 0.87/1.00 | disc_steps 2 | grad(main/disc) 8.382/1.248 | lr(main/disc) 8.50e-05/2.75e-05 | cuda_peak(alloc/resv) 21.77/28.18GB | phase(train/val/raw/train_eval) 2.9/0.4/0.0/0.0s | 3.3s
2026-08-29 22:45:55 | Epoch 020/060 | loss 2.3457 | cls 1.3842 | tal -0.1247 | dual_g 0.9990 | dual_d 0.7851 | train_acc 0.9864 | train_full 0.8854 | val_acc 0.8077 | val_f1 0.8466 | adv/moduleC 0.93/1.00 | disc_steps 2 | grad(main/disc) 9.161/1.269 | lr(main/disc) 8.50e-05/2.75e-05 | cuda_peak(alloc/resv) 21.77/28.18GB | phase(train/val/raw/train_eval) 2.8/0.4/0.4/0.6s | 4.2s
2026-08-29 22:45:58 | Epoch 021/060 | loss 2.2926 | cls 1.3561 | tal -0.1335 | dual_g 0.9766 | dual_d 0.7775 | train_acc 0.9973 | train_full n/a | val_acc 0.7308 | val_f1 0.7719 | adv/moduleC 1.00/1.00 | disc_steps 2 | grad(main/disc) 6.566/1.317 | lr(main/disc) 8.50e-05/2.75e-05 | cuda_peak(alloc/resv) 21.77/28.18GB | phase(train/val/raw/train_eval) 2.9/0.4/0.0/0.0s | 3.3s
2026-08-29 22:46:01 | Epoch 022/060 | loss 2.2997 | cls 1.3364 | tal -0.0751 | dual_g 0.9858 | dual_d 0.8360 | train_acc 0.9946 | train_full n/a | val_acc 0.8846 | val_f1 0.9231 | adv/moduleC 1.00/1.00 | disc_steps 2 | grad(main/disc) 7.085/1.282 | lr(main/disc) 8.50e-05/2.75e-05 | cuda_peak(alloc/resv) 21.77/28.18GB | phase(train/val/raw/train_eval) 3.0/0.4/0.0/0.0s | 3.4s
2026-08-29 22:46:05 | Epoch 023/060 | loss 2.3545 | cls 1.3768 | tal -0.0712 | dual_g 0.9991 | dual_d 0.8166 | train_acc 0.9837 | train_full n/a | val_acc 0.8462 | val_f1 0.8833 | adv/moduleC 1.00/1.00 | disc_steps 2 | grad(main/disc) 8.339/1.283 | lr(main/disc) 8.50e-05/2.75e-05 | cuda_peak(alloc/resv) 21.77/28.18GB | phase(train/val/raw/train_eval) 3.2/0.4/0.0/0.0s | 3.6s
2026-08-29 22:46:09 | Epoch 024/060 | loss 2.2615 | cls 1.3257 | tal -0.1289 | dual_g 0.9744 | dual_d 0.8533 | train_acc 0.9973 | train_full n/a | val_acc 1.0000 | val_f1 1.0000 | adv/moduleC 1.00/1.00 | disc_steps 2 | grad(main/disc) 5.446/1.339 | lr(main/disc) 8.50e-05/2.75e-05 | cuda_peak(alloc/resv) 21.77/28.18GB | phase(train/val/raw/train_eval) 3.0/0.4/0.4/0.0s | 3.8s
2026-08-29 22:46:11 | New best val_f1_macro_present: raw=1.0000 stable_score=0.8833 at epoch 24
2026-08-29 22:46:16 | Epoch 025/060 | loss 2.2197 | cls 1.3310 | tal -0.2106 | dual_g 0.9519 | dual_d 0.8295 | train_acc 0.9946 | train_full 0.9583 | val_acc 1.0000 | val_f1 1.0000 | adv/moduleC 1.00/1.00 | disc_steps 2 | grad(main/disc) 5.116/1.326 | lr(main/disc) 8.50e-05/2.75e-05 | cuda_peak(alloc/resv) 21.77/28.18GB | phase(train/val/raw/train_eval) 3.1/0.4/0.4/0.6s | 4.5s
2026-08-29 22:46:20 | Epoch 026/060 | loss 2.2063 | cls 1.3283 | tal -0.1781 | dual_g 0.9314 | dual_d 0.8700 | train_acc 0.9946 | train_full n/a | val_acc 1.0000 | val_f1 1.0000 | adv/moduleC 1.00/1.00 | disc_steps 2 | grad(main/disc) 4.537/1.379 | lr(main/disc) 8.50e-05/2.75e-05 | cuda_peak(alloc/resv) 21.77/28.18GB | phase(train/val/raw/train_eval) 3.0/0.4/0.4/0.0s | 3.8s
2026-08-29 22:46:23 | New best val_f1_macro_present: raw=1.0000 stable_score=1.0000 at epoch 26
2026-08-29 22:46:26 | Epoch 027/060 | loss 2.2220 | cls 1.3122 | tal -0.1125 | dual_g 0.9436 | dual_d 0.8190 | train_acc 0.9973 | train_full n/a | val_acc 1.0000 | val_f1 1.0000 | adv/moduleC 1.00/1.00 | disc_steps 2 | grad(main/disc) 5.009/1.320 | lr(main/disc) 8.50e-05/2.75e-05 | cuda_peak(alloc/resv) 21.77/28.18GB | phase(train/val/raw/train_eval) 2.9/0.4/0.0/0.0s | 3.3s
2026-08-29 22:46:29 | Epoch 028/060 | loss 2.2188 | cls 1.3095 | tal -0.0902 | dual_g 0.9364 | dual_d 0.8221 | train_acc 0.9973 | train_full n/a | val_acc 1.0000 | val_f1 1.0000 | adv/moduleC 1.00/1.00 | disc_steps 2 | grad(main/disc) 5.140/1.325 | lr(main/disc) 8.50e-05/2.75e-05 | cuda_peak(alloc/resv) 21.77/28.18GB | phase(train/val/raw/train_eval) 3.0/0.4/0.0/0.0s | 3.4s
2026-08-29 22:46:33 | Epoch 029/060 | loss 2.2268 | cls 1.3165 | tal -0.0708 | dual_g 0.9315 | dual_d 0.9044 | train_acc 0.9946 | train_full n/a | val_acc 1.0000 | val_f1 1.0000 | adv/moduleC 1.00/1.00 | disc_steps 2 | grad(main/disc) 4.928/1.393 | lr(main/disc) 8.50e-05/2.75e-05 | cuda_peak(alloc/resv) 21.77/28.18GB | phase(train/val/raw/train_eval) 2.9/0.4/0.0/0.0s | 3.3s
2026-08-29 22:46:37 | Epoch 030/060 | loss 2.1693 | cls 1.3002 | tal -0.1404 | dual_g 0.9112 | dual_d 0.9248 | train_acc 0.9946 | train_full 0.9583 | val_acc 1.0000 | val_f1 1.0000 | adv/moduleC 1.00/1.00 | disc_steps 2 | grad(main/disc) 3.762/1.411 | lr(main/disc) 8.50e-05/2.75e-05 | cuda_peak(alloc/resv) 21.77/28.18GB | phase(train/val/raw/train_eval) 3.2/0.4/0.4/0.6s | 4.6s
2026-08-29 22:46:41 | Epoch 031/060 | loss 2.1658 | cls 1.3031 | tal -0.1760 | dual_g 0.9156 | dual_d 0.9039 | train_acc 0.9973 | train_full n/a | val_acc 1.0000 | val_f1 1.0000 | adv/moduleC 1.00/1.00 | disc_steps 2 | grad(main/disc) 4.330/1.410 | lr(main/disc) 8.50e-05/2.75e-05 | cuda_peak(alloc/resv) 21.77/28.18GB | phase(train/val/raw/train_eval) 3.0/0.4/0.0/0.0s | 3.4s
2026-08-29 22:46:44 | Epoch 032/060 | loss 2.1595 | cls 1.2978 | tal -0.1389 | dual_g 0.9034 | dual_d 0.9355 | train_acc 0.9918 | train_full n/a | val_acc 1.0000 | val_f1 1.0000 | adv/moduleC 1.00/1.00 | disc_steps 2 | grad(main/disc) 4.095/1.427 | lr(main/disc) 8.50e-05/2.75e-05 | cuda_peak(alloc/resv) 21.77/28.18GB | phase(train/val/raw/train_eval) 3.2/0.4/0.0/0.0s | 3.6s
2026-08-29 22:46:48 | Epoch 033/060 | loss 2.1421 | cls 1.2738 | tal -0.0958 | dual_g 0.8971 | dual_d 0.9797 | train_acc 0.9973 | train_full n/a | val_acc 1.0000 | val_f1 1.0000 | adv/moduleC 1.00/1.00 | disc_steps 2 | grad(main/disc) 2.869/1.455 | lr(main/disc) 8.50e-05/2.75e-05 | cuda_peak(alloc/resv) 21.77/28.18GB | phase(train/val/raw/train_eval) 2.9/0.4/0.0/0.0s | 3.3s
2026-08-29 22:46:51 | Epoch 034/060 | loss 2.1531 | cls 1.2866 | tal -0.1175 | dual_g 0.9017 | dual_d 0.9555 | train_acc 0.9918 | train_full n/a | val_acc 1.0000 | val_f1 1.0000 | adv/moduleC 1.00/1.00 | disc_steps 2 | grad(main/disc) 3.581/1.383 | lr(main/disc) 8.50e-05/2.75e-05 | cuda_peak(alloc/resv) 21.77/28.18GB | phase(train/val/raw/train_eval) 3.3/0.4/0.0/0.0s | 3.7s
2026-08-29 22:46:55 | Epoch 035/060 | loss 2.1335 | cls 1.2709 | tal -0.0980 | dual_g 0.8920 | dual_d 0.9204 | train_acc 1.0000 | train_full 0.9688 | val_acc 1.0000 | val_f1 1.0000 | adv/moduleC 1.00/1.00 | disc_steps 2 | grad(main/disc) 3.961/1.374 | lr(main/disc) 8.50e-05/2.75e-05 | cuda_peak(alloc/resv) 21.77/28.18GB | phase(train/val/raw/train_eval) 2.8/0.4/0.4/0.6s | 4.2s
2026-08-29 22:46:59 | Epoch 036/060 | loss 2.0965 | cls 1.2568 | tal -0.1230 | dual_g 0.8766 | dual_d 0.9604 | train_acc 0.9973 | train_full n/a | val_acc 1.0000 | val_f1 1.0000 | adv/moduleC 1.00/1.00 | disc_steps 2 | grad(main/disc) 3.185/1.416 | lr(main/disc) 8.50e-05/2.75e-05 | cuda_peak(alloc/resv) 21.77/28.18GB | phase(train/val/raw/train_eval) 3.3/0.4/0.0/0.0s | 3.7s
2026-08-29 22:47:03 | Epoch 037/060 | loss 2.1125 | cls 1.2619 | tal -0.1227 | dual_g 0.8874 | dual_d 1.0055 | train_acc 0.9918 | train_full n/a | val_acc 1.0000 | val_f1 1.0000 | adv/moduleC 1.00/1.00 | disc_steps 2 | grad(main/disc) 3.230/1.455 | lr(main/disc) 8.50e-05/2.75e-05 | cuda_peak(alloc/resv) 21.77/28.18GB | phase(train/val/raw/train_eval) 3.3/0.4/0.0/0.0s | 3.7s
2026-08-29 22:47:06 | Epoch 038/060 | loss 2.1128 | cls 1.2662 | tal -0.1464 | dual_g 0.8906 | dual_d 0.9541 | train_acc 1.0000 | train_full n/a | val_acc 1.0000 | val_f1 1.0000 | adv/moduleC 1.00/1.00 | disc_steps 2 | grad(main/disc) 4.296/1.378 | lr(main/disc) 8.50e-05/2.75e-05 | cuda_peak(alloc/resv) 21.77/28.18GB | phase(train/val/raw/train_eval) 3.2/0.4/0.0/0.0s | 3.6s
2026-08-29 22:47:10 | Epoch 039/060 | loss 2.0857 | cls 1.2574 | tal -0.1605 | dual_g 0.8765 | dual_d 1.0123 | train_acc 1.0000 | train_full n/a | val_acc 1.0000 | val_f1 1.0000 | adv/moduleC 1.00/1.00 | disc_steps 2 | grad(main/disc) 3.655/1.426 | lr(main/disc) 8.50e-05/2.75e-05 | cuda_peak(alloc/resv) 21.77/28.18GB | phase(train/val/raw/train_eval) 3.1/0.4/0.0/0.0s | 3.5s
2026-08-29 22:47:15 | Epoch 040/060 | loss 2.0515 | cls 1.2426 | tal -0.2210 | dual_g 0.8752 | dual_d 1.0202 | train_acc 1.0000 | train_full 0.9896 | val_acc 1.0000 | val_f1 1.0000 | adv/moduleC 1.00/1.00 | disc_steps 2 | grad(main/disc) 3.033/1.442 | lr(main/disc) 8.50e-05/2.75e-05 | cuda_peak(alloc/resv) 21.77/28.18GB | phase(train/val/raw/train_eval) 3.3/0.4/0.4/0.6s | 4.7s
2026-08-29 22:47:18 | Epoch 041/060 | loss 2.0436 | cls 1.2364 | tal -0.2256 | dual_g 0.8749 | dual_d 0.9782 | train_acc 1.0000 | train_full n/a | val_acc 1.0000 | val_f1 1.0000 | adv/moduleC 1.00/1.00 | disc_steps 2 | grad(main/disc) 2.321/1.382 | lr(main/disc) 4.25e-05/1.38e-05 | cuda_peak(alloc/resv) 21.77/28.18GB | phase(train/val/raw/train_eval) 2.9/0.4/0.0/0.0s | 3.3s
2026-08-29 22:47:21 | Epoch 042/060 | loss 2.0550 | cls 1.2498 | tal -0.1958 | dual_g 0.8640 | dual_d 0.9882 | train_acc 0.9973 | train_full n/a | val_acc 1.0000 | val_f1 1.0000 | adv/moduleC 1.00/1.00 | disc_steps 2 | grad(main/disc) 2.523/1.426 | lr(main/disc) 4.25e-05/1.38e-05 | cuda_peak(alloc/resv) 21.77/28.18GB | phase(train/val/raw/train_eval) 2.9/0.4/0.0/0.0s | 3.3s
2026-08-29 22:47:24 | Epoch 043/060 | loss 2.0462 | cls 1.2367 | tal -0.1957 | dual_g 0.8682 | dual_d 1.0514 | train_acc 1.0000 | train_full n/a | val_acc 1.0000 | val_f1 1.0000 | adv/moduleC 1.00/1.00 | disc_steps 2 | grad(main/disc) 2.162/1.488 | lr(main/disc) 4.25e-05/1.38e-05 | cuda_peak(alloc/resv) 21.77/28.18GB | phase(train/val/raw/train_eval) 2.8/0.4/0.0/0.0s | 3.3s
2026-08-29 22:47:28 | Epoch 044/060 | loss 2.0627 | cls 1.2521 | tal -0.1820 | dual_g 0.8652 | dual_d 1.0492 | train_acc 0.9973 | train_full n/a | val_acc 1.0000 | val_f1 1.0000 | adv/moduleC 1.00/1.00 | disc_steps 2 | grad(main/disc) 2.287/1.486 | lr(main/disc) 4.25e-05/1.38e-05 | cuda_peak(alloc/resv) 21.77/28.18GB | phase(train/val/raw/train_eval) 2.9/0.4/0.0/0.0s | 3.3s
2026-08-29 22:47:32 | Epoch 045/060 | loss 2.0423 | cls 1.2409 | tal -0.1961 | dual_g 0.8603 | dual_d 1.0376 | train_acc 0.9973 | train_full 0.9583 | val_acc 1.0000 | val_f1 1.0000 | adv/moduleC 1.00/1.00 | disc_steps 2 | grad(main/disc) 2.509/1.496 | lr(main/disc) 4.25e-05/1.38e-05 | cuda_peak(alloc/resv) 21.77/28.18GB | phase(train/val/raw/train_eval) 3.1/0.4/0.4/0.6s | 4.5s
2026-08-29 22:47:35 | Epoch 046/060 | loss 2.0344 | cls 1.2347 | tal -0.2250 | dual_g 0.8672 | dual_d 1.0262 | train_acc 1.0000 | train_full n/a | val_acc 1.0000 | val_f1 1.0000 | adv/moduleC 1.00/1.00 | disc_steps 2 | grad(main/disc) 2.428/1.425 | lr(main/disc) 4.25e-05/1.38e-05 | cuda_peak(alloc/resv) 21.77/28.18GB | phase(train/val/raw/train_eval) 2.8/0.4/0.0/0.0s | 3.2s
2026-08-29 22:47:39 | Epoch 047/060 | loss 2.0135 | cls 1.2347 | tal -0.2523 | dual_g 0.8544 | dual_d 1.0194 | train_acc 1.0000 | train_full n/a | val_acc 1.0000 | val_f1 1.0000 | adv/moduleC 1.00/1.00 | disc_steps 2 | grad(main/disc) 2.051/1.429 | lr(main/disc) 4.25e-05/1.38e-05 | cuda_peak(alloc/resv) 21.77/28.18GB | phase(train/val/raw/train_eval) 2.9/0.4/0.0/0.0s | 3.3s
2026-08-29 22:47:42 | Epoch 048/060 | loss 2.0119 | cls 1.2471 | tal -0.2925 | dual_g 0.8525 | dual_d 1.0258 | train_acc 0.9973 | train_full n/a | val_acc 1.0000 | val_f1 1.0000 | adv/moduleC 1.00/1.00 | disc_steps 2 | grad(main/disc) 3.066/1.444 | lr(main/disc) 4.25e-05/1.38e-05 | cuda_peak(alloc/resv) 21.77/28.18GB | phase(train/val/raw/train_eval) 3.0/0.4/0.0/0.0s | 3.4s
2026-08-29 22:47:46 | Epoch 049/060 | loss 2.0193 | cls 1.2351 | tal -0.2439 | dual_g 0.8573 | dual_d 1.0025 | train_acc 1.0000 | train_full n/a | val_acc 1.0000 | val_f1 1.0000 | adv/moduleC 1.00/1.00 | disc_steps 2 | grad(main/disc) 2.179/1.443 | lr(main/disc) 4.25e-05/1.38e-05 | cuda_peak(alloc/resv) 21.77/28.18GB | phase(train/val/raw/train_eval) 3.1/0.4/0.0/0.0s | 3.5s
2026-08-29 22:47:50 | Epoch 050/060 | loss 2.0276 | cls 1.2390 | tal -0.2182 | dual_g 0.8540 | dual_d 1.0040 | train_acc 1.0000 | train_full 1.0000 | val_acc 1.0000 | val_f1 1.0000 | adv/moduleC 1.00/1.00 | disc_steps 2 | grad(main/disc) 2.254/1.413 | lr(main/disc) 4.25e-05/1.38e-05 | cuda_peak(alloc/resv) 21.77/28.18GB | phase(train/val/raw/train_eval) 2.9/0.4/0.4/0.6s | 4.3s
2026-08-29 22:47:50 | Early stopping at epoch 50 after 24 epochs without val_f1_macro_present improvement.
2026-08-29 22:47:50 | Training complete. Peak validation accuracy: 1.0000 | selected val_f1_macro_present: 1.0000
2026-08-29 22:47:50 | Starting Dual_D standalone training
2026-08-29 22:47:50 | Run directory: runs/module_c_ablation_60_v8/module_c_20260829_205331/module_c_no_identity_雨天_20260829_221218
2026-08-29 22:47:50 | Device: cuda
2026-08-29 22:47:50 | Source train samples: 992
2026-08-29 22:47:50 | Target train samples: 96
2026-08-29 22:47:50 | Target val samples: 26
2026-08-29 22:47:50 | Classes: 14
2026-08-29 22:47:50 | Data audit: same_dir=False | path_overlap(vis/ir/ais)=0/0/0 | content_overlap(vis/ir/ais)=0/0/0 | ais_index_overlap=0 | stem_mismatch(vis-ir/vis-ais)=117/0
2026-08-29 22:47:50 | source_train classes: present 14/14 | absent 0 | counts [0:120, 1:44, 2:69, 3:45, 4:40, 5:30, 6:64, 7:80, 8:116, 9:68, 10:57, 11:83, 12:48, 13:128]
2026-08-29 22:47:50 | target_train classes: present 6/14 | absent 8 | counts [0:7, 2:19, 9:32, 10:12, 11:6, 13:20]
2026-08-29 22:47:50 | target_val classes: present 6/14 | absent 8 | counts [0:2, 2:5, 9:8, 10:4, 11:2, 13:5]
2026-08-29 22:47:50 | Paired training classes: 6/14 | class ids [0, 2, 9, 10, 11, 13]
2026-08-29 22:47:50 | Runtime profile: batch=92 | paired_steps=4 | workers=16 | train_eval_every=5 | raw_eval_every=5 | stability_window=3 | lr_scheduler_start=28 | early_stop=20 after min_epoch=50
2026-08-29 22:47:50 | VIS/IR pairing: class-level-unpaired | count-mismatch classes train/val: 10/0 | AIS alignment: none | AIS rows train/val: 0/0
2026-08-29 22:47:51 | Effective Dual-D loss weights: {"adv_auxiliary": 0.02, "adv_primary": 0.02, "classification": 0.6, "contrastive": 0.025, "cycle": 0.12, "identity": 0.0, "prototype_contrastive": 0.03}
2026-08-29 22:47:51 | Model parameters: total=17277714 | trainable=17120210
Starting run 9/9: domain=雨天, iteration=3, seed=50
2026-08-29 22:47:56 | Epoch 001/060 | loss 6.1647 | cls 6.2144 | tal -0.1656 | dual_g 0.0000 | dual_d 0.0000 | train_acc 0.0924 | train_full 0.0521 | val_acc 0.1538 | val_f1 0.1465 | adv/moduleC 0.00/0.00 | disc_steps 0 | grad(main/disc) 18.818/0.000 | lr(main/disc) 8.50e-05/2.75e-05 | cuda_peak(alloc/resv) 21.77/28.18GB | phase(train/val/raw/train_eval) 3.4/0.4/0.4/0.6s | 4.7s
2026-08-29 22:47:59 | Epoch 002/060 | loss 4.4325 | cls 4.5297 | tal -0.3241 | dual_g 0.0000 | dual_d 0.0000 | train_acc 0.2228 | train_full n/a | val_acc 0.0769 | val_f1 0.0278 | adv/moduleC 0.00/0.00 | disc_steps 0 | grad(main/disc) 14.012/0.000 | lr(main/disc) 8.50e-05/2.75e-05 | cuda_peak(alloc/resv) 21.77/28.18GB | phase(train/val/raw/train_eval) 2.8/0.4/0.0/0.0s | 3.1s
2026-08-29 22:48:02 | Epoch 003/060 | loss 3.5999 | cls 3.7495 | tal -0.4990 | dual_g 0.0000 | dual_d 0.0000 | train_acc 0.3560 | train_full n/a | val_acc 0.0769 | val_f1 0.0238 | adv/moduleC 0.00/0.00 | disc_steps 0 | grad(main/disc) 11.473/0.000 | lr(main/disc) 8.50e-05/2.75e-05 | cuda_peak(alloc/resv) 21.77/28.18GB | phase(train/val/raw/train_eval) 2.8/0.4/0.4/0.0s | 3.6s
2026-08-29 22:48:05 | New best val_f1_macro_present: raw=0.0238 stable_score=0.0238 at epoch 3
2026-08-29 22:48:09 | Epoch 004/060 | loss 3.1511 | cls 3.3079 | tal -0.5226 | dual_g 0.0000 | dual_d 0.0000 | train_acc 0.4592 | train_full n/a | val_acc 0.0769 | val_f1 0.0247 | adv/moduleC 0.00/0.00 | disc_steps 0 | grad(main/disc) 9.848/0.000 | lr(main/disc) 8.50e-05/2.75e-05 | cuda_peak(alloc/resv) 21.77/28.18GB | phase(train/val/raw/train_eval) 3.5/0.4/0.0/0.0s | 3.9s
2026-08-29 22:48:14 | Epoch 005/060 | loss 2.9101 | cls 2.8032 | tal -0.4684 | dual_g 0.2474 | dual_d 0.0000 | train_acc 0.6141 | train_full 0.0833 | val_acc 0.1154 | val_f1 0.0873 | adv/moduleC 0.00/0.12 | disc_steps 0 | grad(main/disc) 8.845/0.000 | lr(main/disc) 8.50e-05/2.75e-05 | cuda_peak(alloc/resv) 21.77/28.18GB | phase(train/val/raw/train_eval) 3.3/0.4/0.4/0.6s | 4.7s
2026-08-29 22:48:17 | Epoch 006/060 | loss 2.8948 | cls 2.5318 | tal -0.3986 | dual_g 0.4826 | dual_d 0.0000 | train_acc 0.6467 | train_full n/a | val_acc 0.0769 | val_f1 0.0370 | adv/moduleC 0.00/0.25 | disc_steps 0 | grad(main/disc) 8.499/0.000 | lr(main/disc) 8.50e-05/2.75e-05 | cuda_peak(alloc/resv) 21.77/28.18GB | phase(train/val/raw/train_eval) 3.0/0.4/0.0/0.0s | 3.4s
2026-08-29 22:48:21 | Epoch 007/060 | loss 2.8476 | cls 2.3340 | tal -0.3938 | dual_g 0.6317 | dual_d 0.8332 | train_acc 0.7283 | train_full n/a | val_acc 0.2692 | val_f1 0.1759 | adv/moduleC 0.07/0.38 | disc_steps 2 | grad(main/disc) 8.918/1.684 | lr(main/disc) 8.50e-05/2.75e-05 | cuda_peak(alloc/resv) 21.77/28.18GB | phase(train/val/raw/train_eval) 2.9/0.4/0.4/0.0s | 3.7s
2026-08-29 22:48:23 | New best val_f1_macro_present: raw=0.1759 stable_score=0.0370 at epoch 7
2026-08-29 22:48:27 | Epoch 008/060 | loss 2.8327 | cls 2.1654 | tal -0.4168 | dual_g 0.7924 | dual_d 0.8257 | train_acc 0.7636 | train_full n/a | val_acc 0.4615 | val_f1 0.4681 | adv/moduleC 0.13/0.50 | disc_steps 2 | grad(main/disc) 8.949/1.651 | lr(main/disc) 8.50e-05/2.75e-05 | cuda_peak(alloc/resv) 21.77/28.18GB | phase(train/val/raw/train_eval) 3.1/0.4/0.0/0.0s | 3.5s
2026-08-29 22:48:30 | Epoch 009/060 | loss 2.7663 | cls 1.9974 | tal -0.4009 | dual_g 0.8892 | dual_d 0.7760 | train_acc 0.8288 | train_full n/a | val_acc 0.4615 | val_f1 0.4125 | adv/moduleC 0.20/0.62 | disc_steps 2 | grad(main/disc) 8.355/1.522 | lr(main/disc) 8.50e-05/2.75e-05 | cuda_peak(alloc/resv) 21.77/28.18GB | phase(train/val/raw/train_eval) 2.7/0.4/0.4/0.0s | 3.5s
2026-08-29 22:48:33 | New best val_f1_macro_present: raw=0.4125 stable_score=0.1759 at epoch 9
2026-08-29 22:48:37 | Epoch 010/060 | loss 2.8690 | cls 1.9249 | tal -0.3122 | dual_g 1.0377 | dual_d 0.7820 | train_acc 0.8424 | train_full 0.5729 | val_acc 0.5769 | val_f1 0.4815 | adv/moduleC 0.27/0.75 | disc_steps 2 | grad(main/disc) 8.988/1.513 | lr(main/disc) 8.50e-05/2.75e-05 | cuda_peak(alloc/resv) 21.77/28.18GB | phase(train/val/raw/train_eval) 3.0/0.4/0.4/0.6s | 4.3s
2026-08-29 22:48:40 | New best val_f1_macro_present: raw=0.4815 stable_score=0.4125 at epoch 10
2026-08-29 22:48:44 | Epoch 011/060 | loss 2.8225 | cls 1.7781 | tal -0.1721 | dual_g 1.0961 | dual_d 0.7957 | train_acc 0.9130 | train_full n/a | val_acc 0.4615 | val_f1 0.3854 | adv/moduleC 0.33/0.88 | disc_steps 2 | grad(main/disc) 8.324/1.495 | lr(main/disc) 8.50e-05/2.75e-05 | cuda_peak(alloc/resv) 21.77/28.18GB | phase(train/val/raw/train_eval) 3.3/0.4/0.0/0.0s | 3.7s
2026-08-29 22:48:47 | Epoch 012/060 | loss 2.8985 | cls 1.7255 | tal -0.2239 | dual_g 1.2402 | dual_d 0.7535 | train_acc 0.9212 | train_full n/a | val_acc 0.4615 | val_f1 0.4655 | adv/moduleC 0.40/1.00 | disc_steps 2 | grad(main/disc) 9.230/1.424 | lr(main/disc) 8.50e-05/2.75e-05 | cuda_peak(alloc/resv) 21.77/28.18GB | phase(train/val/raw/train_eval) 2.6/0.4/0.0/0.0s | 3.0s
2026-08-29 22:48:50 | Epoch 013/060 | loss 2.7346 | cls 1.6503 | tal -0.2053 | dual_g 1.1459 | dual_d 0.7870 | train_acc 0.9293 | train_full n/a | val_acc 0.5000 | val_f1 0.5256 | adv/moduleC 0.47/1.00 | disc_steps 2 | grad(main/disc) 8.699/1.406 | lr(main/disc) 8.50e-05/2.75e-05 | cuda_peak(alloc/resv) 21.77/28.18GB | phase(train/val/raw/train_eval) 2.9/0.4/0.0/0.0s | 3.2s
2026-08-29 22:48:54 | Epoch 014/060 | loss 2.5294 | cls 1.5229 | tal -0.2456 | dual_g 1.0802 | dual_d 0.7768 | train_acc 0.9538 | train_full n/a | val_acc 0.7692 | val_f1 0.7992 | adv/moduleC 0.53/1.00 | disc_steps 2 | grad(main/disc) 8.046/1.432 | lr(main/disc) 8.50e-05/2.75e-05 | cuda_peak(alloc/resv) 21.77/28.18GB | phase(train/val/raw/train_eval) 2.9/0.4/0.4/0.0s | 3.7s
2026-08-29 22:48:56 | New best val_f1_macro_present: raw=0.7992 stable_score=0.4655 at epoch 14
2026-08-29 22:49:00 | Epoch 015/060 | loss 2.4760 | cls 1.4738 | tal -0.2210 | dual_g 1.0685 | dual_d 0.8095 | train_acc 0.9755 | train_full 0.7917 | val_acc 0.7308 | val_f1 0.7875 | adv/moduleC 0.60/1.00 | disc_steps 2 | grad(main/disc) 9.196/1.470 | lr(main/disc) 8.50e-05/2.75e-05 | cuda_peak(alloc/resv) 21.77/28.18GB | phase(train/val/raw/train_eval) 2.8/0.4/0.4/0.6s | 4.2s
2026-08-29 22:49:03 | New best val_f1_macro_present: raw=0.7875 stable_score=0.5256 at epoch 15
2026-08-29 22:49:07 | Epoch 016/060 | loss 2.4828 | cls 1.4773 | tal -0.2069 | dual_g 1.0675 | dual_d 0.8111 | train_acc 0.9728 | train_full n/a | val_acc 0.7692 | val_f1 0.8218 | adv/moduleC 0.67/1.00 | disc_steps 2 | grad(main/disc) 7.974/1.432 | lr(main/disc) 8.50e-05/2.75e-05 | cuda_peak(alloc/resv) 21.77/28.18GB | phase(train/val/raw/train_eval) 3.2/0.4/0.4/0.0s | 4.0s
2026-08-29 22:49:10 | New best val_f1_macro_present: raw=0.8218 stable_score=0.7875 at epoch 16
2026-08-29 22:49:13 | Epoch 017/060 | loss 2.3970 | cls 1.4449 | tal -0.2520 | dual_g 1.0277 | dual_d 0.7890 | train_acc 0.9810 | train_full n/a | val_acc 0.7692 | val_f1 0.8039 | adv/moduleC 0.73/1.00 | disc_steps 2 | grad(main/disc) 10.017/1.390 | lr(main/disc) 8.50e-05/2.75e-05 | cuda_peak(alloc/resv) 21.77/28.18GB | phase(train/val/raw/train_eval) 2.9/0.4/0.0/0.0s | 3.3s
2026-08-29 22:49:17 | Epoch 018/060 | loss 2.3262 | cls 1.3741 | tal -0.1813 | dual_g 1.0065 | dual_d 0.7981 | train_acc 0.9918 | train_full n/a | val_acc 0.8846 | val_f1 0.8910 | adv/moduleC 0.80/1.00 | disc_steps 2 | grad(main/disc) 6.695/1.367 | lr(main/disc) 8.50e-05/2.75e-05 | cuda_peak(alloc/resv) 21.77/28.18GB | phase(train/val/raw/train_eval) 3.3/0.4/0.4/0.0s | 4.1s
2026-08-29 22:49:20 | New best val_f1_macro_present: raw=0.8910 stable_score=0.8039 at epoch 18
2026-08-29 22:49:24 | Epoch 019/060 | loss 2.3794 | cls 1.4262 | tal -0.2120 | dual_g 1.0168 | dual_d 0.8264 | train_acc 0.9810 | train_full n/a | val_acc 0.7308 | val_f1 0.7527 | adv/moduleC 0.87/1.00 | disc_steps 2 | grad(main/disc) 7.521/1.427 | lr(main/disc) 8.50e-05/2.75e-05 | cuda_peak(alloc/resv) 21.77/28.18GB | phase(train/val/raw/train_eval) 3.0/0.4/0.0/0.0s | 3.4s
2026-08-29 22:49:28 | Epoch 020/060 | loss 2.3208 | cls 1.4018 | tal -0.2273 | dual_g 0.9872 | dual_d 0.7588 | train_acc 0.9783 | train_full 0.8854 | val_acc 0.8462 | val_f1 0.8529 | adv/moduleC 0.93/1.00 | disc_steps 2 | grad(main/disc) 8.205/1.256 | lr(main/disc) 8.50e-05/2.75e-05 | cuda_peak(alloc/resv) 21.77/28.18GB | phase(train/val/raw/train_eval) 3.1/0.4/0.4/0.6s | 4.4s
2026-08-29 22:49:31 | Epoch 021/060 | loss 2.2772 | cls 1.3589 | tal -0.1980 | dual_g 0.9776 | dual_d 0.8250 | train_acc 0.9946 | train_full n/a | val_acc 1.0000 | val_f1 1.0000 | adv/moduleC 1.00/1.00 | disc_steps 2 | grad(main/disc) 6.691/1.339 | lr(main/disc) 8.50e-05/2.75e-05 | cuda_peak(alloc/resv) 21.77/28.18GB | phase(train/val/raw/train_eval) 2.8/0.4/0.0/0.0s | 3.2s
2026-08-29 22:49:35 | Epoch 022/060 | loss 2.2419 | cls 1.3304 | tal -0.1778 | dual_g 0.9649 | dual_d 0.8410 | train_acc 0.9891 | train_full n/a | val_acc 0.8846 | val_f1 0.9122 | adv/moduleC 1.00/1.00 | disc_steps 2 | grad(main/disc) 5.261/1.406 | lr(main/disc) 8.50e-05/2.75e-05 | cuda_peak(alloc/resv) 21.77/28.18GB | phase(train/val/raw/train_eval) 3.1/0.4/0.4/0.0s | 3.9s
2026-08-29 22:49:38 | New best val_f1_macro_present: raw=0.9122 stable_score=0.8529 at epoch 22
2026-08-29 22:49:42 | Epoch 023/060 | loss 2.2168 | cls 1.3248 | tal -0.1999 | dual_g 0.9520 | dual_d 0.8610 | train_acc 0.9918 | train_full n/a | val_acc 0.9231 | val_f1 0.9429 | adv/moduleC 1.00/1.00 | disc_steps 2 | grad(main/disc) 4.592/1.377 | lr(main/disc) 8.50e-05/2.75e-05 | cuda_peak(alloc/resv) 21.77/28.18GB | phase(train/val/raw/train_eval) 3.2/0.4/0.4/0.0s | 3.9s
2026-08-29 22:49:44 | New best val_f1_macro_present: raw=0.9429 stable_score=0.9122 at epoch 23
2026-08-29 22:49:48 | Epoch 024/060 | loss 2.2084 | cls 1.3089 | tal -0.1541 | dual_g 0.9458 | dual_d 0.8545 | train_acc 0.9973 | train_full n/a | val_acc 1.0000 | val_f1 1.0000 | adv/moduleC 1.00/1.00 | disc_steps 2 | grad(main/disc) 5.277/1.380 | lr(main/disc) 8.50e-05/2.75e-05 | cuda_peak(alloc/resv) 21.77/28.18GB | phase(train/val/raw/train_eval) 2.8/0.4/0.0/0.0s | 3.2s
2026-08-29 22:49:52 | Epoch 025/060 | loss 2.2357 | cls 1.3243 | tal -0.1588 | dual_g 0.9590 | dual_d 0.8857 | train_acc 1.0000 | train_full 0.9479 | val_acc 0.9231 | val_f1 0.9429 | adv/moduleC 1.00/1.00 | disc_steps 2 | grad(main/disc) 5.116/1.429 | lr(main/disc) 8.50e-05/2.75e-05 | cuda_peak(alloc/resv) 21.77/28.18GB | phase(train/val/raw/train_eval) 3.1/0.4/0.4/0.6s | 4.5s
2026-08-29 22:49:55 | New best val_f1_macro_present: raw=0.9429 stable_score=0.9429 at epoch 25
2026-08-29 22:49:58 | Epoch 026/060 | loss 2.2025 | cls 1.3263 | tal -0.2452 | dual_g 0.9497 | dual_d 0.8784 | train_acc 0.9864 | train_full n/a | val_acc 0.9615 | val_f1 0.9704 | adv/moduleC 1.00/1.00 | disc_steps 2 | grad(main/disc) 6.777/1.409 | lr(main/disc) 8.50e-05/2.75e-05 | cuda_peak(alloc/resv) 21.77/28.18GB | phase(train/val/raw/train_eval) 3.0/0.4/0.0/0.0s | 3.4s
2026-08-29 22:50:02 | Epoch 027/060 | loss 2.2182 | cls 1.3333 | tal -0.2107 | dual_g 0.9481 | dual_d 0.8839 | train_acc 0.9973 | train_full n/a | val_acc 0.9615 | val_f1 0.9704 | adv/moduleC 1.00/1.00 | disc_steps 2 | grad(main/disc) 5.614/1.421 | lr(main/disc) 8.50e-05/2.75e-05 | cuda_peak(alloc/resv) 21.77/28.18GB | phase(train/val/raw/train_eval) 3.3/0.4/0.0/0.0s | 3.7s
2026-08-29 22:50:06 | Epoch 028/060 | loss 2.1549 | cls 1.2989 | tal -0.2091 | dual_g 0.9187 | dual_d 0.9229 | train_acc 0.9973 | train_full n/a | val_acc 1.0000 | val_f1 1.0000 | adv/moduleC 1.00/1.00 | disc_steps 2 | grad(main/disc) 4.873/1.352 | lr(main/disc) 8.50e-05/2.75e-05 | cuda_peak(alloc/resv) 21.77/28.18GB | phase(train/val/raw/train_eval) 3.2/0.4/0.4/0.0s | 4.0s
2026-08-29 22:50:09 | New best val_f1_macro_present: raw=1.0000 stable_score=0.9704 at epoch 28
2026-08-29 22:50:12 | Epoch 029/060 | loss 2.1544 | cls 1.2974 | tal -0.1812 | dual_g 0.9114 | dual_d 0.9040 | train_acc 0.9973 | train_full n/a | val_acc 1.0000 | val_f1 1.0000 | adv/moduleC 1.00/1.00 | disc_steps 2 | grad(main/disc) 6.514/1.399 | lr(main/disc) 8.50e-05/2.75e-05 | cuda_peak(alloc/resv) 21.77/28.18GB | phase(train/val/raw/train_eval) 3.3/0.4/0.0/0.0s | 3.7s
2026-08-29 22:50:17 | Epoch 030/060 | loss 2.1699 | cls 1.2971 | tal -0.1823 | dual_g 0.9275 | dual_d 0.9276 | train_acc 1.0000 | train_full 0.9896 | val_acc 0.9615 | val_f1 0.9630 | adv/moduleC 1.00/1.00 | disc_steps 2 | grad(main/disc) 6.042/1.368 | lr(main/disc) 8.50e-05/2.75e-05 | cuda_peak(alloc/resv) 21.77/28.18GB | phase(train/val/raw/train_eval) 3.2/0.4/0.4/0.6s | 4.5s
2026-08-29 22:50:20 | Epoch 031/060 | loss 2.1238 | cls 1.2850 | tal -0.2171 | dual_g 0.9039 | dual_d 0.9250 | train_acc 0.9918 | train_full n/a | val_acc 1.0000 | val_f1 1.0000 | adv/moduleC 1.00/1.00 | disc_steps 2 | grad(main/disc) 4.473/1.367 | lr(main/disc) 8.50e-05/2.75e-05 | cuda_peak(alloc/resv) 21.77/28.18GB | phase(train/val/raw/train_eval) 3.0/0.4/0.0/0.0s | 3.4s
2026-08-29 22:50:23 | Epoch 032/060 | loss 2.1403 | cls 1.2960 | tal -0.2286 | dual_g 0.9129 | dual_d 0.9812 | train_acc 0.9946 | train_full n/a | val_acc 1.0000 | val_f1 1.0000 | adv/moduleC 1.00/1.00 | disc_steps 2 | grad(main/disc) 4.640/1.431 | lr(main/disc) 8.50e-05/2.75e-05 | cuda_peak(alloc/resv) 21.77/28.18GB | phase(train/val/raw/train_eval) 2.8/0.4/0.0/0.0s | 3.2s
2026-08-29 22:50:27 | Epoch 033/060 | loss 2.1091 | cls 1.2723 | tal -0.1814 | dual_g 0.8913 | dual_d 1.0047 | train_acc 0.9973 | train_full n/a | val_acc 0.9231 | val_f1 0.9426 | adv/moduleC 1.00/1.00 | disc_steps 2 | grad(main/disc) 3.573/1.473 | lr(main/disc) 8.50e-05/2.75e-05 | cuda_peak(alloc/resv) 21.77/28.18GB | phase(train/val/raw/train_eval) 3.1/0.4/0.0/0.0s | 3.5s
2026-08-29 22:50:31 | Epoch 034/060 | loss 2.1271 | cls 1.2803 | tal -0.1749 | dual_g 0.8993 | dual_d 0.9744 | train_acc 0.9973 | train_full n/a | val_acc 0.8462 | val_f1 0.8626 | adv/moduleC 1.00/1.00 | disc_steps 2 | grad(main/disc) 3.555/1.413 | lr(main/disc) 8.50e-05/2.75e-05 | cuda_peak(alloc/resv) 21.77/28.18GB | phase(train/val/raw/train_eval) 3.2/0.4/0.0/0.0s | 3.6s
2026-08-29 22:50:35 | Epoch 035/060 | loss 2.1367 | cls 1.2832 | tal -0.1493 | dual_g 0.8982 | dual_d 0.9456 | train_acc 0.9973 | train_full 0.9479 | val_acc 0.8462 | val_f1 0.8642 | adv/moduleC 1.00/1.00 | disc_steps 2 | grad(main/disc) 4.405/1.344 | lr(main/disc) 8.50e-05/2.75e-05 | cuda_peak(alloc/resv) 21.77/28.18GB | phase(train/val/raw/train_eval) 3.0/0.4/0.4/0.6s | 4.4s
2026-08-29 22:50:38 | Epoch 036/060 | loss 2.1036 | cls 1.2657 | tal -0.1873 | dual_g 0.8941 | dual_d 0.9610 | train_acc 0.9864 | train_full n/a | val_acc 0.9615 | val_f1 0.9737 | adv/moduleC 1.00/1.00 | disc_steps 2 | grad(main/disc) 3.500/1.334 | lr(main/disc) 8.50e-05/2.75e-05 | cuda_peak(alloc/resv) 21.77/28.18GB | phase(train/val/raw/train_eval) 3.1/0.4/0.0/0.0s | 3.5s
2026-08-29 22:50:42 | Epoch 037/060 | loss 2.1111 | cls 1.2788 | tal -0.2186 | dual_g 0.8979 | dual_d 0.9690 | train_acc 1.0000 | train_full n/a | val_acc 1.0000 | val_f1 1.0000 | adv/moduleC 1.00/1.00 | disc_steps 2 | grad(main/disc) 4.559/1.332 | lr(main/disc) 8.50e-05/2.75e-05 | cuda_peak(alloc/resv) 21.77/28.18GB | phase(train/val/raw/train_eval) 3.0/0.4/0.0/0.0s | 3.4s
2026-08-29 22:50:45 | Epoch 038/060 | loss 2.0986 | cls 1.2705 | tal -0.1681 | dual_g 0.8785 | dual_d 1.0222 | train_acc 1.0000 | train_full n/a | val_acc 1.0000 | val_f1 1.0000 | adv/moduleC 1.00/1.00 | disc_steps 2 | grad(main/disc) 3.525/1.390 | lr(main/disc) 8.50e-05/2.75e-05 | cuda_peak(alloc/resv) 21.77/28.18GB | phase(train/val/raw/train_eval) 2.9/0.4/0.4/0.0s | 3.7s
2026-08-29 22:50:48 | New best val_f1_macro_present: raw=1.0000 stable_score=0.9737 at epoch 38
2026-08-29 22:50:52 | Epoch 039/060 | loss 2.1073 | cls 1.2551 | tal -0.1005 | dual_g 0.8824 | dual_d 0.9945 | train_acc 0.9973 | train_full n/a | val_acc 0.9615 | val_f1 0.9737 | adv/moduleC 1.00/1.00 | disc_steps 2 | grad(main/disc) 3.085/1.361 | lr(main/disc) 8.50e-05/2.75e-05 | cuda_peak(alloc/resv) 21.77/28.18GB | phase(train/val/raw/train_eval) 3.5/0.4/0.0/0.0s | 3.9s
2026-08-29 22:50:56 | Epoch 040/060 | loss 2.1089 | cls 1.2504 | tal -0.0303 | dual_g 0.8676 | dual_d 1.0077 | train_acc 1.0000 | train_full 0.9896 | val_acc 0.9615 | val_f1 0.9737 | adv/moduleC 1.00/1.00 | disc_steps 2 | grad(main/disc) 3.286/1.363 | lr(main/disc) 8.50e-05/2.75e-05 | cuda_peak(alloc/resv) 21.77/28.18GB | phase(train/val/raw/train_eval) 2.8/0.4/0.4/0.6s | 4.2s
2026-08-29 22:51:00 | Epoch 041/060 | loss 2.1052 | cls 1.2685 | tal -0.1238 | dual_g 0.8738 | dual_d 1.0255 | train_acc 0.9973 | train_full n/a | val_acc 0.9615 | val_f1 0.9737 | adv/moduleC 1.00/1.00 | disc_steps 2 | grad(main/disc) 4.481/1.375 | lr(main/disc) 4.25e-05/1.38e-05 | cuda_peak(alloc/resv) 21.77/28.18GB | phase(train/val/raw/train_eval) 3.2/0.4/0.0/0.0s | 3.6s
2026-08-29 22:51:03 | Epoch 042/060 | loss 2.0977 | cls 1.2474 | tal -0.1003 | dual_g 0.8805 | dual_d 1.0387 | train_acc 0.9973 | train_full n/a | val_acc 1.0000 | val_f1 1.0000 | adv/moduleC 1.00/1.00 | disc_steps 2 | grad(main/disc) 2.957/1.397 | lr(main/disc) 4.25e-05/1.38e-05 | cuda_peak(alloc/resv) 21.77/28.18GB | phase(train/val/raw/train_eval) 2.7/0.4/0.0/0.0s | 3.0s
2026-08-29 22:51:06 | Epoch 043/060 | loss 2.0681 | cls 1.2520 | tal -0.1822 | dual_g 0.8708 | dual_d 1.0412 | train_acc 1.0000 | train_full n/a | val_acc 0.9615 | val_f1 0.9663 | adv/moduleC 1.00/1.00 | disc_steps 2 | grad(main/disc) 2.768/1.364 | lr(main/disc) 4.25e-05/1.38e-05 | cuda_peak(alloc/resv) 21.77/28.18GB | phase(train/val/raw/train_eval) 2.9/0.4/0.0/0.0s | 3.3s
2026-08-29 22:51:10 | Epoch 044/060 | loss 2.0437 | cls 1.2351 | tal -0.1742 | dual_g 0.8609 | dual_d 1.0488 | train_acc 0.9946 | train_full n/a | val_acc 1.0000 | val_f1 1.0000 | adv/moduleC 1.00/1.00 | disc_steps 2 | grad(main/disc) 2.647/1.360 | lr(main/disc) 4.25e-05/1.38e-05 | cuda_peak(alloc/resv) 21.77/28.18GB | phase(train/val/raw/train_eval) 3.1/0.4/0.0/0.0s | 3.4s
2026-08-29 22:51:14 | Epoch 045/060 | loss 2.0560 | cls 1.2411 | tal -0.1551 | dual_g 0.8615 | dual_d 1.0489 | train_acc 1.0000 | train_full 0.9792 | val_acc 0.9615 | val_f1 0.9704 | adv/moduleC 1.00/1.00 | disc_steps 2 | grad(main/disc) 2.691/1.382 | lr(main/disc) 4.25e-05/1.38e-05 | cuda_peak(alloc/resv) 21.77/28.18GB | phase(train/val/raw/train_eval) 2.8/0.4/0.4/0.6s | 4.2s
2026-08-29 22:51:17 | Epoch 046/060 | loss 2.0552 | cls 1.2337 | tal -0.1573 | dual_g 0.8687 | dual_d 1.0327 | train_acc 1.0000 | train_full n/a | val_acc 1.0000 | val_f1 1.0000 | adv/moduleC 1.00/1.00 | disc_steps 2 | grad(main/disc) 2.676/1.370 | lr(main/disc) 4.25e-05/1.38e-05 | cuda_peak(alloc/resv) 21.77/28.18GB | phase(train/val/raw/train_eval) 2.6/0.4/0.0/0.0s | 3.0s
2026-08-29 22:51:20 | Epoch 047/060 | loss 2.0486 | cls 1.2500 | tal -0.2162 | dual_g 0.8635 | dual_d 1.0359 | train_acc 0.9973 | train_full n/a | val_acc 0.9615 | val_f1 0.9737 | adv/moduleC 1.00/1.00 | disc_steps 2 | grad(main/disc) 2.879/1.374 | lr(main/disc) 4.25e-05/1.38e-05 | cuda_peak(alloc/resv) 21.77/28.18GB | phase(train/val/raw/train_eval) 3.0/0.4/0.0/0.0s | 3.4s
2026-08-29 22:51:23 | Epoch 048/060 | loss 2.0486 | cls 1.2378 | tal -0.2032 | dual_g 0.8717 | dual_d 1.0820 | train_acc 1.0000 | train_full n/a | val_acc 1.0000 | val_f1 1.0000 | adv/moduleC 1.00/1.00 | disc_steps 2 | grad(main/disc) 2.723/1.421 | lr(main/disc) 4.25e-05/1.38e-05 | cuda_peak(alloc/resv) 21.77/28.18GB | phase(train/val/raw/train_eval) 2.9/0.4/0.0/0.0s | 3.3s
2026-08-29 22:51:26 | Epoch 049/060 | loss 2.0216 | cls 1.2311 | tal -0.2432 | dual_g 0.8635 | dual_d 0.9955 | train_acc 1.0000 | train_full n/a | val_acc 0.9615 | val_f1 0.9737 | adv/moduleC 1.00/1.00 | disc_steps 2 | grad(main/disc) 2.685/1.328 | lr(main/disc) 4.25e-05/1.38e-05 | cuda_peak(alloc/resv) 21.77/28.18GB | phase(train/val/raw/train_eval) 2.6/0.4/0.0/0.0s | 3.0s
2026-08-29 22:51:31 | Epoch 050/060 | loss 2.0288 | cls 1.2344 | tal -0.2222 | dual_g 0.8611 | dual_d 1.0782 | train_acc 0.9973 | train_full 1.0000 | val_acc 0.9615 | val_f1 0.9737 | adv/moduleC 1.00/1.00 | disc_steps 2 | grad(main/disc) 2.320/1.374 | lr(main/disc) 4.25e-05/1.38e-05 | cuda_peak(alloc/resv) 21.77/28.18GB | phase(train/val/raw/train_eval) 3.0/0.4/0.4/0.6s | 4.4s
2026-08-29 22:51:34 | Epoch 051/060 | loss 2.0065 | cls 1.2159 | tal -0.2092 | dual_g 0.8534 | dual_d 1.0135 | train_acc 1.0000 | train_full n/a | val_acc 0.9615 | val_f1 0.9737 | adv/moduleC 1.00/1.00 | disc_steps 2 | grad(main/disc) 1.553/1.317 | lr(main/disc) 4.25e-05/1.38e-05 | cuda_peak(alloc/resv) 21.77/28.18GB | phase(train/val/raw/train_eval) 3.1/0.4/0.0/0.0s | 3.5s
2026-08-29 22:51:37 | Epoch 052/060 | loss 2.0249 | cls 1.2274 | tal -0.2141 | dual_g 0.8618 | dual_d 1.0484 | train_acc 1.0000 | train_full n/a | val_acc 1.0000 | val_f1 1.0000 | adv/moduleC 1.00/1.00 | disc_steps 2 | grad(main/disc) 2.628/1.388 | lr(main/disc) 4.25e-05/1.38e-05 | cuda_peak(alloc/resv) 21.77/28.18GB | phase(train/val/raw/train_eval) 2.9/0.4/0.0/0.0s | 3.2s
2026-08-29 22:51:41 | Epoch 053/060 | loss 2.0182 | cls 1.2318 | tal -0.2226 | dual_g 0.8532 | dual_d 1.0189 | train_acc 1.0000 | train_full n/a | val_acc 1.0000 | val_f1 1.0000 | adv/moduleC 1.00/1.00 | disc_steps 2 | grad(main/disc) 2.631/1.364 | lr(main/disc) 4.25e-05/1.38e-05 | cuda_peak(alloc/resv) 21.77/28.18GB | phase(train/val/raw/train_eval) 2.7/0.4/0.0/0.0s | 3.1s
2026-08-29 22:51:44 | Epoch 054/060 | loss 2.0127 | cls 1.2267 | tal -0.2380 | dual_g 0.8574 | dual_d 1.0719 | train_acc 0.9973 | train_full n/a | val_acc 1.0000 | val_f1 1.0000 | adv/moduleC 1.00/1.00 | disc_steps 2 | grad(main/disc) 2.904/1.348 | lr(main/disc) 2.13e-05/6.88e-06 | cuda_peak(alloc/resv) 21.77/28.18GB | phase(train/val/raw/train_eval) 2.9/0.4/0.4/0.0s | 3.7s
2026-08-29 22:51:47 | New best val_f1_macro_present: raw=1.0000 stable_score=1.0000 at epoch 54
2026-08-29 22:51:51 | Epoch 055/060 | loss 2.0019 | cls 1.2235 | tal -0.2434 | dual_g 0.8514 | dual_d 1.0231 | train_acc 1.0000 | train_full 1.0000 | val_acc 1.0000 | val_f1 1.0000 | adv/moduleC 1.00/1.00 | disc_steps 2 | grad(main/disc) 2.125/1.314 | lr(main/disc) 2.13e-05/6.88e-06 | cuda_peak(alloc/resv) 21.77/28.18GB | phase(train/val/raw/train_eval) 3.0/0.4/0.4/0.6s | 4.4s
2026-08-29 22:51:55 | Epoch 056/060 | loss 2.0033 | cls 1.2201 | tal -0.1994 | dual_g 0.8430 | dual_d 1.0642 | train_acc 0.9973 | train_full n/a | val_acc 1.0000 | val_f1 1.0000 | adv/moduleC 1.00/1.00 | disc_steps 2 | grad(main/disc) 1.939/1.349 | lr(main/disc) 2.13e-05/6.88e-06 | cuda_peak(alloc/resv) 21.77/28.18GB | phase(train/val/raw/train_eval) 3.1/0.4/0.0/0.0s | 3.5s
2026-08-29 22:51:58 | Epoch 057/060 | loss 2.0201 | cls 1.2331 | tal -0.2114 | dual_g 0.8504 | dual_d 1.0488 | train_acc 1.0000 | train_full n/a | val_acc 1.0000 | val_f1 1.0000 | adv/moduleC 1.00/1.00 | disc_steps 2 | grad(main/disc) 2.566/1.386 | lr(main/disc) 2.13e-05/6.88e-06 | cuda_peak(alloc/resv) 21.77/28.18GB | phase(train/val/raw/train_eval) 3.0/0.4/0.0/0.0s | 3.4s
2026-08-29 22:52:01 | Epoch 058/060 | loss 2.0172 | cls 1.2291 | tal -0.2389 | dual_g 0.8598 | dual_d 1.0354 | train_acc 1.0000 | train_full n/a | val_acc 1.0000 | val_f1 1.0000 | adv/moduleC 1.00/1.00 | disc_steps 2 | grad(main/disc) 2.270/1.383 | lr(main/disc) 2.13e-05/6.88e-06 | cuda_peak(alloc/resv) 21.77/28.18GB | phase(train/val/raw/train_eval) 2.7/0.4/0.0/0.0s | 3.1s
2026-08-29 22:52:05 | Epoch 059/060 | loss 1.9910 | cls 1.2166 | tal -0.2380 | dual_g 0.8458 | dual_d 1.0392 | train_acc 1.0000 | train_full n/a | val_acc 1.0000 | val_f1 1.0000 | adv/moduleC 1.00/1.00 | disc_steps 2 | grad(main/disc) 1.688/1.337 | lr(main/disc) 2.13e-05/6.88e-06 | cuda_peak(alloc/resv) 21.77/28.18GB | phase(train/val/raw/train_eval) 3.0/0.4/0.0/0.0s | 3.4s
2026-08-29 22:52:09 | Epoch 060/060 | loss 2.0117 | cls 1.2258 | tal -0.2036 | dual_g 0.8469 | dual_d 1.0678 | train_acc 1.0000 | train_full 1.0000 | val_acc 1.0000 | val_f1 1.0000 | adv/moduleC 1.00/1.00 | disc_steps 2 | grad(main/disc) 2.233/1.383 | lr(main/disc) 2.13e-05/6.88e-06 | cuda_peak(alloc/resv) 21.77/28.18GB | phase(train/val/raw/train_eval) 3.2/0.4/0.4/0.6s | 4.6s
2026-08-29 22:52:09 | Training complete. Peak validation accuracy: 1.0000 | selected val_f1_macro_present: 1.0000
Dual_D experiment matrix complete.
Batch summary: runs/module_c_ablation_60_v8/module_c_20260829_205331/batch_summary_20260829_221218.json
黑天: selected-epoch val ACC 0.9722 ± 0.0157 | Precision 0.9432 | Recall 0.9770 | F1 0.9566 over 3 run(s)
逆光: selected-epoch val ACC 0.9910 ± 0.0127 | Precision 0.9926 | Recall 0.9954 | F1 0.9934 over 3 run(s)
雨天: selected-epoch val ACC 1.0000 ± 0.0000 | Precision 1.0000 | Recall 1.0000 | F1 1.0000 over 3 run(s)
/home/lixiang/envs/lx_pytorch/lib/python3.11/site-packages/torch/cuda/__init__.py:1061: UserWarning: Can't initialize NVML
  raw_cnt = _raw_device_count_nvml()
2026-08-29 22:52:11 | Starting Dual_D standalone training
2026-08-29 22:52:11 | Run directory: runs/module_c_ablation_60_v8/module_c_20260829_205331/module_c_no_paired_contrastive_黑天_20260829_225211
2026-08-29 22:52:11 | Device: cuda
2026-08-29 22:52:11 | Source train samples: 992
2026-08-29 22:52:11 | Target train samples: 465
2026-08-29 22:52:11 | Target val samples: 120
2026-08-29 22:52:11 | Classes: 14
2026-08-29 22:52:11 | Data audit: same_dir=False | path_overlap(vis/ir/ais)=0/0/0 | content_overlap(vis/ir/ais)=0/0/0 | ais_index_overlap=0 | stem_mismatch(vis-ir/vis-ais)=578/0
2026-08-29 22:52:11 | source_train classes: present 14/14 | absent 0 | counts [0:120, 1:44, 2:69, 3:45, 4:40, 5:30, 6:64, 7:80, 8:116, 9:68, 10:57, 11:83, 12:48, 13:128]
2026-08-29 22:52:11 | target_train classes: present 8/14 | absent 6 | counts [0:100, 2:11, 3:16, 6:89, 9:162, 10:12, 11:44, 13:31]
2026-08-29 22:52:11 | target_val classes: present 8/14 | absent 6 | counts [0:26, 2:3, 3:5, 6:23, 9:41, 10:3, 11:11, 13:8]
2026-08-29 22:52:11 | Paired training classes: 8/14 | class ids [0, 2, 3, 6, 9, 10, 11, 13]
2026-08-29 22:52:11 | Runtime profile: batch=92 | paired_steps=6 | workers=16 | train_eval_every=5 | raw_eval_every=5 | stability_window=1 | lr_scheduler_start=24 | early_stop=15 after min_epoch=48
2026-08-29 22:52:11 | VIS/IR pairing: class-level-unpaired | count-mismatch classes train/val: 10/0 | AIS alignment: none | AIS rows train/val: 0/0
2026-08-29 22:52:12 | Effective Dual-D loss weights: {"adv_auxiliary": 0.03, "adv_primary": 0.03, "classification": 0.65, "contrastive": 0.0, "cycle": 0.16, "identity": 0.04, "prototype_contrastive": 0.03}
2026-08-29 22:52:12 | Model parameters: total=17277714 | trainable=17120210
Starting run 1/9: domain=黑天, iteration=1, seed=42
2026-08-29 22:52:19 | Epoch 001/060 | loss 5.6796 | cls 5.6332 | tal 0.1547 | dual_g 0.0000 | dual_d 0.0000 | train_acc 0.0996 | train_full 0.1032 | val_acc 0.0667 | val_f1 0.0287 | adv/moduleC 0.00/0.00 | disc_steps 0 | grad(main/disc) 16.483/0.000 | lr(main/disc) 8.50e-05/3.20e-05 | cuda_peak(alloc/resv) 21.78/28.18GB | phase(train/val/raw/train_eval) 4.6/0.6/0.6/0.8s | 6.5s
2026-08-29 22:52:21 | New best val_f1_macro_present: raw=0.0287 stable_score=0.0287 at epoch 1
2026-08-29 22:52:26 | Epoch 002/060 | loss 4.4902 | cls 4.4693 | tal 0.0697 | dual_g 0.0000 | dual_d 0.0000 | train_acc 0.2373 | train_full n/a | val_acc 0.2167 | val_f1 0.1650 | adv/moduleC 0.00/0.00 | disc_steps 0 | grad(main/disc) 12.548/0.000 | lr(main/disc) 8.50e-05/3.20e-05 | cuda_peak(alloc/resv) 21.78/28.18GB | phase(train/val/raw/train_eval) 3.2/0.5/0.6/0.0s | 4.3s
2026-08-29 22:52:28 | New best val_f1_macro_present: raw=0.1650 stable_score=0.1650 at epoch 2
2026-08-29 22:52:32 | Epoch 003/060 | loss 3.6365 | cls 3.6368 | tal -0.0012 | dual_g 0.0000 | dual_d 0.0000 | train_acc 0.3678 | train_full n/a | val_acc 0.1750 | val_f1 0.1369 | adv/moduleC 0.00/0.00 | disc_steps 0 | grad(main/disc) 10.783/0.000 | lr(main/disc) 8.50e-05/3.20e-05 | cuda_peak(alloc/resv) 21.78/28.18GB | phase(train/val/raw/train_eval) 3.4/0.6/0.0/0.0s | 3.9s
2026-08-29 22:52:36 | Epoch 004/060 | loss 3.5132 | cls 3.2091 | tal -0.0068 | dual_g 0.3061 | dual_d 0.0000 | train_acc 0.5435 | train_full n/a | val_acc 0.1917 | val_f1 0.1367 | adv/moduleC 0.00/0.12 | disc_steps 0 | grad(main/disc) 10.188/0.000 | lr(main/disc) 8.50e-05/3.20e-05 | cuda_peak(alloc/resv) 21.78/28.18GB | phase(train/val/raw/train_eval) 3.4/0.5/0.0/0.0s | 4.0s
2026-08-29 22:52:42 | Epoch 005/060 | loss 3.3871 | cls 2.8613 | tal -0.0599 | dual_g 0.5437 | dual_d 0.0000 | train_acc 0.5960 | train_full 0.3075 | val_acc 0.3167 | val_f1 0.2877 | adv/moduleC 0.00/0.25 | disc_steps 0 | grad(main/disc) 9.849/0.000 | lr(main/disc) 8.50e-05/3.20e-05 | cuda_peak(alloc/resv) 21.78/28.18GB | phase(train/val/raw/train_eval) 3.4/0.6/0.6/0.8s | 5.3s
2026-08-29 22:52:44 | New best val_f1_macro_present: raw=0.2877 stable_score=0.2877 at epoch 5
2026-08-29 22:52:49 | Epoch 006/060 | loss 3.3423 | cls 2.5894 | tal 0.0212 | dual_g 0.7465 | dual_d 0.9429 | train_acc 0.6540 | train_full n/a | val_acc 0.4833 | val_f1 0.5393 | adv/moduleC 0.07/0.38 | disc_steps 3 | grad(main/disc) 9.844/1.888 | lr(main/disc) 8.50e-05/3.20e-05 | cuda_peak(alloc/resv) 21.78/28.18GB | phase(train/val/raw/train_eval) 3.7/0.6/0.6/0.0s | 4.8s
2026-08-29 22:52:52 | New best val_f1_macro_present: raw=0.5393 stable_score=0.5393 at epoch 6
2026-08-29 22:52:57 | Epoch 007/060 | loss 3.3377 | cls 2.4051 | tal 0.0394 | dual_g 0.9207 | dual_d 0.8835 | train_acc 0.7101 | train_full n/a | val_acc 0.6500 | val_f1 0.6537 | adv/moduleC 0.13/0.50 | disc_steps 3 | grad(main/disc) 9.907/1.763 | lr(main/disc) 8.50e-05/3.20e-05 | cuda_peak(alloc/resv) 21.78/28.18GB | phase(train/val/raw/train_eval) 3.5/0.6/0.6/0.0s | 4.7s
2026-08-29 22:52:59 | New best val_f1_macro_present: raw=0.6537 stable_score=0.6537 at epoch 7
2026-08-29 22:53:04 | Epoch 008/060 | loss 3.3176 | cls 2.2337 | tal 0.0735 | dual_g 1.0618 | dual_d 0.9091 | train_acc 0.7355 | train_full n/a | val_acc 0.6500 | val_f1 0.6876 | adv/moduleC 0.20/0.62 | disc_steps 3 | grad(main/disc) 10.016/1.764 | lr(main/disc) 8.50e-05/3.20e-05 | cuda_peak(alloc/resv) 21.78/28.18GB | phase(train/val/raw/train_eval) 3.7/0.6/0.6/0.0s | 4.9s
2026-08-29 22:53:07 | New best val_f1_macro_present: raw=0.6876 stable_score=0.6876 at epoch 8
2026-08-29 22:53:11 | Epoch 009/060 | loss 3.1123 | cls 1.9669 | tal 0.0277 | dual_g 1.1371 | dual_d 0.9012 | train_acc 0.8025 | train_full n/a | val_acc 0.6833 | val_f1 0.7105 | adv/moduleC 0.27/0.75 | disc_steps 3 | grad(main/disc) 9.465/1.740 | lr(main/disc) 8.50e-05/3.20e-05 | cuda_peak(alloc/resv) 21.78/28.18GB | phase(train/val/raw/train_eval) 3.3/0.6/0.6/0.0s | 4.4s
2026-08-29 22:53:14 | New best val_f1_macro_present: raw=0.7105 stable_score=0.7105 at epoch 9
2026-08-29 22:53:20 | Epoch 010/060 | loss 3.1603 | cls 1.8876 | tal 0.0347 | dual_g 1.2622 | dual_d 0.8445 | train_acc 0.8315 | train_full 0.7570 | val_acc 0.7083 | val_f1 0.6729 | adv/moduleC 0.33/0.88 | disc_steps 3 | grad(main/disc) 12.977/1.651 | lr(main/disc) 8.50e-05/3.20e-05 | cuda_peak(alloc/resv) 21.78/28.18GB | phase(train/val/raw/train_eval) 3.5/0.6/0.6/0.8s | 5.5s
2026-08-29 22:53:25 | Epoch 011/060 | loss 3.1168 | cls 1.7436 | tal 0.0329 | dual_g 1.3634 | dual_d 0.8232 | train_acc 0.8641 | train_full n/a | val_acc 0.8583 | val_f1 0.8210 | adv/moduleC 0.40/1.00 | disc_steps 3 | grad(main/disc) 12.168/1.569 | lr(main/disc) 8.50e-05/3.20e-05 | cuda_peak(alloc/resv) 21.78/28.18GB | phase(train/val/raw/train_eval) 3.6/0.6/0.6/0.0s | 4.7s
2026-08-29 22:53:27 | New best val_f1_macro_present: raw=0.8210 stable_score=0.8210 at epoch 11
2026-08-29 22:53:32 | Epoch 012/060 | loss 2.9494 | cls 1.6557 | tal -0.0009 | dual_g 1.2939 | dual_d 0.8721 | train_acc 0.8786 | train_full n/a | val_acc 0.8250 | val_f1 0.7909 | adv/moduleC 0.47/1.00 | disc_steps 3 | grad(main/disc) 10.099/1.589 | lr(main/disc) 8.50e-05/3.20e-05 | cuda_peak(alloc/resv) 21.78/28.18GB | phase(train/val/raw/train_eval) 3.7/0.6/0.0/0.0s | 4.3s
2026-08-29 22:53:36 | Epoch 013/060 | loss 2.8494 | cls 1.6068 | tal -0.0240 | dual_g 1.2497 | dual_d 0.8489 | train_acc 0.8877 | train_full n/a | val_acc 0.7917 | val_f1 0.7549 | adv/moduleC 0.53/1.00 | disc_steps 3 | grad(main/disc) 9.642/1.520 | lr(main/disc) 8.50e-05/3.20e-05 | cuda_peak(alloc/resv) 21.78/28.18GB | phase(train/val/raw/train_eval) 3.4/0.6/0.0/0.0s | 4.0s
2026-08-29 22:53:40 | Epoch 014/060 | loss 2.7393 | cls 1.5411 | tal -0.0321 | dual_g 1.2079 | dual_d 0.8327 | train_acc 0.9058 | train_full n/a | val_acc 0.8500 | val_f1 0.8081 | adv/moduleC 0.60/1.00 | disc_steps 3 | grad(main/disc) 8.283/1.552 | lr(main/disc) 8.50e-05/3.20e-05 | cuda_peak(alloc/resv) 21.78/28.18GB | phase(train/val/raw/train_eval) 3.4/0.6/0.0/0.0s | 4.0s
2026-08-29 22:53:45 | Epoch 015/060 | loss 2.6284 | cls 1.4982 | tal -0.0545 | dual_g 1.1466 | dual_d 0.8448 | train_acc 0.9257 | train_full 0.8774 | val_acc 0.8667 | val_f1 0.8356 | adv/moduleC 0.67/1.00 | disc_steps 3 | grad(main/disc) 8.653/1.498 | lr(main/disc) 8.50e-05/3.20e-05 | cuda_peak(alloc/resv) 21.78/28.18GB | phase(train/val/raw/train_eval) 3.3/0.6/0.6/0.8s | 5.2s
2026-08-29 22:53:47 | New best val_f1_macro_present: raw=0.8356 stable_score=0.8356 at epoch 15
2026-08-29 22:53:51 | Epoch 016/060 | loss 2.6004 | cls 1.4702 | tal 0.0098 | dual_g 1.1273 | dual_d 0.8846 | train_acc 0.9312 | train_full n/a | val_acc 0.8583 | val_f1 0.8064 | adv/moduleC 0.73/1.00 | disc_steps 3 | grad(main/disc) 8.973/1.515 | lr(main/disc) 8.50e-05/3.20e-05 | cuda_peak(alloc/resv) 21.78/28.18GB | phase(train/val/raw/train_eval) 3.4/0.6/0.0/0.0s | 4.0s
2026-08-29 22:53:56 | Epoch 017/060 | loss 2.5321 | cls 1.4144 | tal 0.0053 | dual_g 1.1161 | dual_d 0.9125 | train_acc 0.9601 | train_full n/a | val_acc 0.8833 | val_f1 0.8412 | adv/moduleC 0.80/1.00 | disc_steps 3 | grad(main/disc) 7.644/1.511 | lr(main/disc) 8.50e-05/3.20e-05 | cuda_peak(alloc/resv) 21.78/28.18GB | phase(train/val/raw/train_eval) 3.5/0.6/0.6/0.0s | 4.6s
2026-08-29 22:53:59 | New best val_f1_macro_present: raw=0.8412 stable_score=0.8412 at epoch 17
2026-08-29 22:54:03 | Epoch 018/060 | loss 2.4982 | cls 1.3942 | tal 0.0024 | dual_g 1.1034 | dual_d 0.9187 | train_acc 0.9620 | train_full n/a | val_acc 0.9083 | val_f1 0.8649 | adv/moduleC 0.87/1.00 | disc_steps 3 | grad(main/disc) 7.380/1.526 | lr(main/disc) 8.50e-05/3.20e-05 | cuda_peak(alloc/resv) 21.78/28.18GB | phase(train/val/raw/train_eval) 3.2/0.6/0.6/0.0s | 4.4s
2026-08-29 22:54:06 | New best val_f1_macro_present: raw=0.8649 stable_score=0.8649 at epoch 18
2026-08-29 22:54:10 | Epoch 019/060 | loss 2.4992 | cls 1.3954 | tal -0.0265 | dual_g 1.1118 | dual_d 0.9463 | train_acc 0.9692 | train_full n/a | val_acc 0.8833 | val_f1 0.8465 | adv/moduleC 0.93/1.00 | disc_steps 3 | grad(main/disc) 8.187/1.534 | lr(main/disc) 8.50e-05/3.20e-05 | cuda_peak(alloc/resv) 21.78/28.18GB | phase(train/val/raw/train_eval) 3.5/0.6/0.0/0.0s | 4.1s
2026-08-29 22:54:15 | Epoch 020/060 | loss 2.4539 | cls 1.3642 | tal -0.0116 | dual_g 1.0931 | dual_d 0.9637 | train_acc 0.9656 | train_full 0.9032 | val_acc 0.8917 | val_f1 0.8336 | adv/moduleC 1.00/1.00 | disc_steps 3 | grad(main/disc) 7.372/1.560 | lr(main/disc) 8.50e-05/3.20e-05 | cuda_peak(alloc/resv) 21.78/28.18GB | phase(train/val/raw/train_eval) 3.4/0.6/0.6/0.8s | 5.4s
2026-08-29 22:54:20 | Epoch 021/060 | loss 2.4104 | cls 1.3494 | tal 0.0094 | dual_g 1.0582 | dual_d 0.9288 | train_acc 0.9764 | train_full n/a | val_acc 0.9333 | val_f1 0.8982 | adv/moduleC 1.00/1.00 | disc_steps 3 | grad(main/disc) 5.783/1.476 | lr(main/disc) 8.50e-05/3.20e-05 | cuda_peak(alloc/resv) 21.78/28.18GB | phase(train/val/raw/train_eval) 3.1/0.6/0.6/0.0s | 4.3s
2026-08-29 22:54:23 | New best val_f1_macro_present: raw=0.8982 stable_score=0.8982 at epoch 21
2026-08-29 22:54:26 | Epoch 022/060 | loss 2.3909 | cls 1.3491 | tal -0.0125 | dual_g 1.0455 | dual_d 0.9544 | train_acc 0.9638 | train_full n/a | val_acc 0.9333 | val_f1 0.8946 | adv/moduleC 1.00/1.00 | disc_steps 3 | grad(main/disc) 6.179/1.507 | lr(main/disc) 8.50e-05/3.20e-05 | cuda_peak(alloc/resv) 21.78/28.18GB | phase(train/val/raw/train_eval) 3.2/0.6/0.0/0.0s | 3.8s
2026-08-29 22:54:30 | Epoch 023/060 | loss 2.3686 | cls 1.3329 | tal -0.0365 | dual_g 1.0465 | dual_d 0.9768 | train_acc 0.9801 | train_full n/a | val_acc 0.9000 | val_f1 0.8729 | adv/moduleC 1.00/1.00 | disc_steps 3 | grad(main/disc) 5.888/1.486 | lr(main/disc) 8.50e-05/3.20e-05 | cuda_peak(alloc/resv) 21.78/28.18GB | phase(train/val/raw/train_eval) 3.4/0.6/0.0/0.0s | 4.0s
2026-08-29 22:54:35 | Epoch 024/060 | loss 2.3280 | cls 1.3209 | tal -0.0639 | dual_g 1.0263 | dual_d 1.0128 | train_acc 0.9728 | train_full n/a | val_acc 0.9583 | val_f1 0.9372 | adv/moduleC 1.00/1.00 | disc_steps 3 | grad(main/disc) 5.977/1.565 | lr(main/disc) 8.50e-05/3.20e-05 | cuda_peak(alloc/resv) 21.78/28.18GB | phase(train/val/raw/train_eval) 3.2/0.6/0.6/0.0s | 4.3s
2026-08-29 22:54:37 | New best val_f1_macro_present: raw=0.9372 stable_score=0.9372 at epoch 24
2026-08-29 22:54:43 | Epoch 025/060 | loss 2.3267 | cls 1.3158 | tal -0.0154 | dual_g 1.0155 | dual_d 0.9710 | train_acc 0.9764 | train_full 0.9699 | val_acc 0.9083 | val_f1 0.9001 | adv/moduleC 1.00/1.00 | disc_steps 3 | grad(main/disc) 5.161/1.485 | lr(main/disc) 8.50e-05/3.20e-05 | cuda_peak(alloc/resv) 21.78/28.18GB | phase(train/val/raw/train_eval) 3.4/0.6/0.6/0.8s | 5.4s
2026-08-29 22:54:47 | Epoch 026/060 | loss 2.2723 | cls 1.2883 | tal -0.0591 | dual_g 1.0017 | dual_d 1.0462 | train_acc 0.9855 | train_full n/a | val_acc 0.8833 | val_f1 0.8488 | adv/moduleC 1.00/1.00 | disc_steps 3 | grad(main/disc) 5.120/1.577 | lr(main/disc) 8.50e-05/3.20e-05 | cuda_peak(alloc/resv) 21.78/28.18GB | phase(train/val/raw/train_eval) 3.3/0.6/0.0/0.0s | 3.9s
2026-08-29 22:54:51 | Epoch 027/060 | loss 2.2912 | cls 1.2919 | tal -0.0000 | dual_g 0.9993 | dual_d 1.0040 | train_acc 0.9801 | train_full n/a | val_acc 0.9333 | val_f1 0.9167 | adv/moduleC 1.00/1.00 | disc_steps 3 | grad(main/disc) 5.759/1.515 | lr(main/disc) 8.50e-05/3.20e-05 | cuda_peak(alloc/resv) 21.78/28.18GB | phase(train/val/raw/train_eval) 3.3/0.6/0.0/0.0s | 3.9s
2026-08-29 22:54:54 | Epoch 028/060 | loss 2.2397 | cls 1.2690 | tal -0.0760 | dual_g 0.9936 | dual_d 1.0512 | train_acc 0.9873 | train_full n/a | val_acc 0.8833 | val_f1 0.8730 | adv/moduleC 1.00/1.00 | disc_steps 3 | grad(main/disc) 5.105/1.590 | lr(main/disc) 8.50e-05/3.20e-05 | cuda_peak(alloc/resv) 21.78/28.18GB | phase(train/val/raw/train_eval) 3.3/0.6/0.0/0.0s | 3.8s
2026-08-29 22:54:58 | Epoch 029/060 | loss 2.2281 | cls 1.2654 | tal -0.0645 | dual_g 0.9820 | dual_d 1.0720 | train_acc 0.9819 | train_full n/a | val_acc 0.8917 | val_f1 0.8567 | adv/moduleC 1.00/1.00 | disc_steps 3 | grad(main/disc) 3.932/1.568 | lr(main/disc) 8.50e-05/3.20e-05 | cuda_peak(alloc/resv) 21.78/28.18GB | phase(train/val/raw/train_eval) 3.4/0.6/0.0/0.0s | 3.9s
2026-08-29 22:55:04 | Epoch 030/060 | loss 2.2126 | cls 1.2518 | tal -0.0769 | dual_g 0.9839 | dual_d 1.0367 | train_acc 0.9928 | train_full 0.9548 | val_acc 0.9250 | val_f1 0.9143 | adv/moduleC 1.00/1.00 | disc_steps 3 | grad(main/disc) 3.611/1.507 | lr(main/disc) 8.50e-05/3.20e-05 | cuda_peak(alloc/resv) 21.78/28.18GB | phase(train/val/raw/train_eval) 3.5/0.6/0.6/0.8s | 5.5s
2026-08-29 22:55:08 | Epoch 031/060 | loss 2.1686 | cls 1.2355 | tal -0.1143 | dual_g 0.9674 | dual_d 1.0875 | train_acc 0.9964 | train_full n/a | val_acc 0.9333 | val_f1 0.9193 | adv/moduleC 1.00/1.00 | disc_steps 3 | grad(main/disc) 3.219/1.561 | lr(main/disc) 8.50e-05/3.20e-05 | cuda_peak(alloc/resv) 21.78/28.18GB | phase(train/val/raw/train_eval) 3.2/0.6/0.0/0.0s | 3.8s
2026-08-29 22:55:12 | Epoch 032/060 | loss 2.1581 | cls 1.2299 | tal -0.1102 | dual_g 0.9613 | dual_d 1.1092 | train_acc 0.9946 | train_full n/a | val_acc 0.9250 | val_f1 0.9015 | adv/moduleC 1.00/1.00 | disc_steps 3 | grad(main/disc) 3.170/1.555 | lr(main/disc) 8.50e-05/3.20e-05 | cuda_peak(alloc/resv) 21.78/28.18GB | phase(train/val/raw/train_eval) 3.3/0.6/0.0/0.0s | 3.9s
2026-08-29 22:55:15 | Epoch 033/060 | loss 2.1834 | cls 1.2432 | tal -0.0914 | dual_g 0.9676 | dual_d 1.0905 | train_acc 0.9873 | train_full n/a | val_acc 0.9333 | val_f1 0.9170 | adv/moduleC 1.00/1.00 | disc_steps 3 | grad(main/disc) 3.222/1.487 | lr(main/disc) 4.25e-05/1.60e-05 | cuda_peak(alloc/resv) 21.78/28.18GB | phase(train/val/raw/train_eval) 3.2/0.6/0.0/0.0s | 3.8s
2026-08-29 22:55:19 | Epoch 034/060 | loss 2.1697 | cls 1.2283 | tal -0.0736 | dual_g 0.9635 | dual_d 1.0859 | train_acc 0.9928 | train_full n/a | val_acc 0.9333 | val_f1 0.9079 | adv/moduleC 1.00/1.00 | disc_steps 3 | grad(main/disc) 3.172/1.470 | lr(main/disc) 4.25e-05/1.60e-05 | cuda_peak(alloc/resv) 21.78/28.18GB | phase(train/val/raw/train_eval) 3.5/0.6/0.0/0.0s | 4.1s
2026-08-29 22:55:25 | Epoch 035/060 | loss 2.1650 | cls 1.2268 | tal -0.0755 | dual_g 0.9608 | dual_d 1.1261 | train_acc 0.9964 | train_full 0.9441 | val_acc 0.9167 | val_f1 0.8799 | adv/moduleC 1.00/1.00 | disc_steps 3 | grad(main/disc) 3.241/1.549 | lr(main/disc) 4.25e-05/1.60e-05 | cuda_peak(alloc/resv) 21.78/28.18GB | phase(train/val/raw/train_eval) 3.3/0.6/0.6/0.8s | 5.3s
2026-08-29 22:55:29 | Epoch 036/060 | loss 2.1745 | cls 1.2315 | tal -0.0776 | dual_g 0.9663 | dual_d 1.1240 | train_acc 0.9891 | train_full n/a | val_acc 0.9667 | val_f1 0.9368 | adv/moduleC 1.00/1.00 | disc_steps 3 | grad(main/disc) 3.480/1.551 | lr(main/disc) 4.25e-05/1.60e-05 | cuda_peak(alloc/resv) 21.78/28.18GB | phase(train/val/raw/train_eval) 3.3/0.6/0.0/0.0s | 3.9s
2026-08-29 22:55:32 | Epoch 037/060 | loss 2.1156 | cls 1.2124 | tal -0.1272 | dual_g 0.9413 | dual_d 1.1341 | train_acc 0.9982 | train_full n/a | val_acc 0.9500 | val_f1 0.9308 | adv/moduleC 1.00/1.00 | disc_steps 3 | grad(main/disc) 2.392/1.550 | lr(main/disc) 4.25e-05/1.60e-05 | cuda_peak(alloc/resv) 21.78/28.18GB | phase(train/val/raw/train_eval) 3.2/0.6/0.0/0.0s | 3.8s
2026-08-29 22:55:37 | Epoch 038/060 | loss 2.1163 | cls 1.2165 | tal -0.1293 | dual_g 0.9386 | dual_d 1.1076 | train_acc 0.9982 | train_full n/a | val_acc 0.9417 | val_f1 0.9374 | adv/moduleC 1.00/1.00 | disc_steps 3 | grad(main/disc) 2.553/1.519 | lr(main/disc) 4.25e-05/1.60e-05 | cuda_peak(alloc/resv) 21.78/28.18GB | phase(train/val/raw/train_eval) 3.7/0.6/0.0/0.0s | 4.3s
2026-08-29 22:55:41 | Epoch 039/060 | loss 2.1043 | cls 1.2065 | tal -0.1313 | dual_g 0.9371 | dual_d 1.1211 | train_acc 0.9982 | train_full n/a | val_acc 0.9417 | val_f1 0.9283 | adv/moduleC 1.00/1.00 | disc_steps 3 | grad(main/disc) 2.357/1.558 | lr(main/disc) 4.25e-05/1.60e-05 | cuda_peak(alloc/resv) 21.78/28.18GB | phase(train/val/raw/train_eval) 3.5/0.6/0.0/0.0s | 4.1s
2026-08-29 22:55:46 | Epoch 040/060 | loss 2.1262 | cls 1.2189 | tal -0.1371 | dual_g 0.9485 | dual_d 1.1588 | train_acc 0.9982 | train_full 0.9634 | val_acc 0.9417 | val_f1 0.9283 | adv/moduleC 1.00/1.00 | disc_steps 3 | grad(main/disc) 3.006/1.595 | lr(main/disc) 4.25e-05/1.60e-05 | cuda_peak(alloc/resv) 21.78/28.18GB | phase(train/val/raw/train_eval) 3.2/0.6/0.6/0.8s | 5.2s
2026-08-29 22:55:50 | Epoch 041/060 | loss 2.1100 | cls 1.2088 | tal -0.1361 | dual_g 0.9420 | dual_d 1.0952 | train_acc 1.0000 | train_full n/a | val_acc 0.9417 | val_f1 0.9177 | adv/moduleC 1.00/1.00 | disc_steps 3 | grad(main/disc) 2.683/1.461 | lr(main/disc) 4.25e-05/1.60e-05 | cuda_peak(alloc/resv) 21.78/28.18GB | phase(train/val/raw/train_eval) 3.4/0.6/0.0/0.0s | 4.0s
2026-08-29 22:55:54 | Epoch 042/060 | loss 2.1112 | cls 1.2104 | tal -0.1128 | dual_g 0.9346 | dual_d 1.1372 | train_acc 0.9982 | train_full n/a | val_acc 0.9417 | val_f1 0.9140 | adv/moduleC 1.00/1.00 | disc_steps 3 | grad(main/disc) 2.734/1.531 | lr(main/disc) 4.25e-05/1.60e-05 | cuda_peak(alloc/resv) 21.78/28.18GB | phase(train/val/raw/train_eval) 3.4/0.6/0.0/0.0s | 4.0s
2026-08-29 22:55:58 | Epoch 043/060 | loss 2.1032 | cls 1.2078 | tal -0.1340 | dual_g 0.9356 | dual_d 1.1148 | train_acc 1.0000 | train_full n/a | val_acc 0.9333 | val_f1 0.9120 | adv/moduleC 1.00/1.00 | disc_steps 3 | grad(main/disc) 2.713/1.477 | lr(main/disc) 4.25e-05/1.60e-05 | cuda_peak(alloc/resv) 21.78/28.18GB | phase(train/val/raw/train_eval) 3.2/0.6/0.0/0.0s | 3.8s
2026-08-29 22:56:02 | Epoch 044/060 | loss 2.1120 | cls 1.2088 | tal -0.1340 | dual_g 0.9434 | dual_d 1.1830 | train_acc 0.9946 | train_full n/a | val_acc 0.9250 | val_f1 0.8912 | adv/moduleC 1.00/1.00 | disc_steps 3 | grad(main/disc) 3.086/1.591 | lr(main/disc) 4.25e-05/1.60e-05 | cuda_peak(alloc/resv) 21.78/28.18GB | phase(train/val/raw/train_eval) 3.6/0.6/0.0/0.0s | 4.2s
2026-08-29 22:56:07 | Epoch 045/060 | loss 2.1132 | cls 1.2077 | tal -0.1202 | dual_g 0.9416 | dual_d 1.1354 | train_acc 0.9982 | train_full 0.9742 | val_acc 0.9583 | val_f1 0.9507 | adv/moduleC 1.00/1.00 | disc_steps 3 | grad(main/disc) 2.547/1.546 | lr(main/disc) 4.25e-05/1.60e-05 | cuda_peak(alloc/resv) 21.78/28.18GB | phase(train/val/raw/train_eval) 3.5/0.6/0.6/0.8s | 5.4s
2026-08-29 22:56:10 | New best val_f1_macro_present: raw=0.9507 stable_score=0.9507 at epoch 45
2026-08-29 22:56:14 | Epoch 046/060 | loss 2.1025 | cls 1.2035 | tal -0.1221 | dual_g 0.9356 | dual_d 1.1755 | train_acc 0.9964 | train_full n/a | val_acc 0.9417 | val_f1 0.9365 | adv/moduleC 1.00/1.00 | disc_steps 3 | grad(main/disc) 2.713/1.585 | lr(main/disc) 4.25e-05/1.60e-05 | cuda_peak(alloc/resv) 21.78/28.18GB | phase(train/val/raw/train_eval) 3.3/0.6/0.0/0.0s | 3.9s
2026-08-29 22:56:18 | Epoch 047/060 | loss 2.1009 | cls 1.1951 | tal -0.0963 | dual_g 0.9347 | dual_d 1.1593 | train_acc 0.9982 | train_full n/a | val_acc 0.9500 | val_f1 0.9236 | adv/moduleC 1.00/1.00 | disc_steps 3 | grad(main/disc) 2.340/1.535 | lr(main/disc) 4.25e-05/1.60e-05 | cuda_peak(alloc/resv) 21.78/28.18GB | phase(train/val/raw/train_eval) 3.5/0.6/0.0/0.0s | 4.1s
2026-08-29 22:56:22 | Epoch 048/060 | loss 2.0876 | cls 1.1976 | tal -0.1329 | dual_g 0.9299 | dual_d 1.1456 | train_acc 0.9946 | train_full n/a | val_acc 0.9667 | val_f1 0.9368 | adv/moduleC 1.00/1.00 | disc_steps 3 | grad(main/disc) 2.321/1.550 | lr(main/disc) 4.25e-05/1.60e-05 | cuda_peak(alloc/resv) 21.78/28.18GB | phase(train/val/raw/train_eval) 3.6/0.6/0.0/0.0s | 4.2s
2026-08-29 22:56:26 | Epoch 049/060 | loss 2.1004 | cls 1.2105 | tal -0.1314 | dual_g 0.9294 | dual_d 1.1754 | train_acc 0.9982 | train_full n/a | val_acc 0.9583 | val_f1 0.9372 | adv/moduleC 1.00/1.00 | disc_steps 3 | grad(main/disc) 2.496/1.537 | lr(main/disc) 4.25e-05/1.60e-05 | cuda_peak(alloc/resv) 21.78/28.18GB | phase(train/val/raw/train_eval) 3.2/0.6/0.0/0.0s | 3.8s
2026-08-29 22:56:31 | Epoch 050/060 | loss 2.0812 | cls 1.2040 | tal -0.1433 | dual_g 0.9202 | dual_d 1.1550 | train_acc 0.9964 | train_full 0.9505 | val_acc 0.9333 | val_f1 0.9233 | adv/moduleC 1.00/1.00 | disc_steps 3 | grad(main/disc) 2.507/1.545 | lr(main/disc) 4.25e-05/1.60e-05 | cuda_peak(alloc/resv) 21.78/28.18GB | phase(train/val/raw/train_eval) 3.6/0.6/0.6/0.8s | 5.6s
2026-08-29 22:56:35 | Epoch 051/060 | loss 2.0824 | cls 1.1975 | tal -0.1530 | dual_g 0.9308 | dual_d 1.1622 | train_acc 0.9982 | train_full n/a | val_acc 0.9500 | val_f1 0.9369 | adv/moduleC 1.00/1.00 | disc_steps 3 | grad(main/disc) 2.335/1.510 | lr(main/disc) 4.25e-05/1.60e-05 | cuda_peak(alloc/resv) 21.78/28.18GB | phase(train/val/raw/train_eval) 3.4/0.6/0.0/0.0s | 3.9s
2026-08-29 22:56:39 | Epoch 052/060 | loss 2.0818 | cls 1.1979 | tal -0.1557 | dual_g 0.9306 | dual_d 1.1533 | train_acc 0.9946 | train_full n/a | val_acc 0.9417 | val_f1 0.9283 | adv/moduleC 1.00/1.00 | disc_steps 3 | grad(main/disc) 2.365/1.559 | lr(main/disc) 4.25e-05/1.60e-05 | cuda_peak(alloc/resv) 21.78/28.18GB | phase(train/val/raw/train_eval) 3.2/0.6/0.0/0.0s | 3.8s
2026-08-29 22:56:43 | Epoch 053/060 | loss 2.0686 | cls 1.1931 | tal -0.1688 | dual_g 0.9261 | dual_d 1.1308 | train_acc 1.0000 | train_full n/a | val_acc 0.9250 | val_f1 0.9159 | adv/moduleC 1.00/1.00 | disc_steps 3 | grad(main/disc) 2.132/1.502 | lr(main/disc) 4.25e-05/1.60e-05 | cuda_peak(alloc/resv) 21.78/28.18GB | phase(train/val/raw/train_eval) 3.5/0.6/0.0/0.0s | 4.1s
2026-08-29 22:56:47 | Epoch 054/060 | loss 2.0662 | cls 1.1979 | tal -0.1945 | dual_g 0.9266 | dual_d 1.1551 | train_acc 0.9946 | train_full n/a | val_acc 0.9167 | val_f1 0.9071 | adv/moduleC 1.00/1.00 | disc_steps 3 | grad(main/disc) 2.445/1.500 | lr(main/disc) 2.13e-05/8.00e-06 | cuda_peak(alloc/resv) 21.78/28.18GB | phase(train/val/raw/train_eval) 3.5/0.6/0.0/0.0s | 4.1s
2026-08-29 22:56:53 | Epoch 055/060 | loss 2.0510 | cls 1.1996 | tal -0.2220 | dual_g 0.9181 | dual_d 1.1776 | train_acc 1.0000 | train_full 0.9699 | val_acc 0.9417 | val_f1 0.9374 | adv/moduleC 1.00/1.00 | disc_steps 3 | grad(main/disc) 2.511/1.520 | lr(main/disc) 2.13e-05/8.00e-06 | cuda_peak(alloc/resv) 21.78/28.18GB | phase(train/val/raw/train_eval) 3.6/0.6/0.6/0.8s | 5.6s
2026-08-29 22:56:57 | Epoch 056/060 | loss 2.0590 | cls 1.1992 | tal -0.2205 | dual_g 0.9259 | dual_d 1.1211 | train_acc 1.0000 | train_full n/a | val_acc 0.9417 | val_f1 0.9374 | adv/moduleC 1.00/1.00 | disc_steps 3 | grad(main/disc) 2.623/1.490 | lr(main/disc) 2.13e-05/8.00e-06 | cuda_peak(alloc/resv) 21.78/28.18GB | phase(train/val/raw/train_eval) 3.4/0.6/0.0/0.0s | 3.9s
2026-08-29 22:57:01 | Epoch 057/060 | loss 2.0435 | cls 1.1825 | tal -0.2153 | dual_g 0.9256 | dual_d 1.1531 | train_acc 1.0000 | train_full n/a | val_acc 0.9500 | val_f1 0.9431 | adv/moduleC 1.00/1.00 | disc_steps 3 | grad(main/disc) 1.957/1.511 | lr(main/disc) 2.13e-05/8.00e-06 | cuda_peak(alloc/resv) 21.78/28.18GB | phase(train/val/raw/train_eval) 3.3/0.6/0.0/0.0s | 3.9s
2026-08-29 22:57:05 | Epoch 058/060 | loss 2.0481 | cls 1.1881 | tal -0.2070 | dual_g 0.9220 | dual_d 1.1697 | train_acc 1.0000 | train_full n/a | val_acc 0.9500 | val_f1 0.9431 | adv/moduleC 1.00/1.00 | disc_steps 3 | grad(main/disc) 2.193/1.527 | lr(main/disc) 2.13e-05/8.00e-06 | cuda_peak(alloc/resv) 21.78/28.18GB | phase(train/val/raw/train_eval) 3.4/0.6/0.0/0.0s | 4.0s
2026-08-29 22:57:09 | Epoch 059/060 | loss 2.0393 | cls 1.1822 | tal -0.1976 | dual_g 0.9164 | dual_d 1.1391 | train_acc 1.0000 | train_full n/a | val_acc 0.9583 | val_f1 0.9372 | adv/moduleC 1.00/1.00 | disc_steps 3 | grad(main/disc) 2.541/1.499 | lr(main/disc) 2.13e-05/8.00e-06 | cuda_peak(alloc/resv) 21.78/28.18GB | phase(train/val/raw/train_eval) 3.3/0.6/0.0/0.0s | 3.8s
2026-08-29 22:57:14 | Epoch 060/060 | loss 2.0497 | cls 1.1911 | tal -0.2026 | dual_g 0.9194 | dual_d 1.1534 | train_acc 0.9982 | train_full 0.9849 | val_acc 0.9583 | val_f1 0.9372 | adv/moduleC 1.00/1.00 | disc_steps 3 | grad(main/disc) 2.150/1.494 | lr(main/disc) 2.13e-05/8.00e-06 | cuda_peak(alloc/resv) 21.78/28.18GB | phase(train/val/raw/train_eval) 3.3/0.6/0.6/0.8s | 5.2s
2026-08-29 22:57:14 | Early stopping at epoch 60 after 15 epochs without val_f1_macro_present improvement.
2026-08-29 22:57:14 | Training complete. Peak validation accuracy: 0.9667 | selected val_f1_macro_present: 0.9507
2026-08-29 22:57:14 | Starting Dual_D standalone training
2026-08-29 22:57:14 | Run directory: runs/module_c_ablation_60_v8/module_c_20260829_205331/module_c_no_paired_contrastive_黑天_20260829_225211
2026-08-29 22:57:14 | Device: cuda
2026-08-29 22:57:14 | Source train samples: 992
2026-08-29 22:57:14 | Target train samples: 465
2026-08-29 22:57:14 | Target val samples: 120
2026-08-29 22:57:14 | Classes: 14
2026-08-29 22:57:14 | Data audit: same_dir=False | path_overlap(vis/ir/ais)=0/0/0 | content_overlap(vis/ir/ais)=0/0/0 | ais_index_overlap=0 | stem_mismatch(vis-ir/vis-ais)=578/0
2026-08-29 22:57:14 | source_train classes: present 14/14 | absent 0 | counts [0:120, 1:44, 2:69, 3:45, 4:40, 5:30, 6:64, 7:80, 8:116, 9:68, 10:57, 11:83, 12:48, 13:128]
2026-08-29 22:57:14 | target_train classes: present 8/14 | absent 6 | counts [0:100, 2:11, 3:16, 6:89, 9:162, 10:12, 11:44, 13:31]
2026-08-29 22:57:14 | target_val classes: present 8/14 | absent 6 | counts [0:26, 2:3, 3:5, 6:23, 9:41, 10:3, 11:11, 13:8]
2026-08-29 22:57:14 | Paired training classes: 8/14 | class ids [0, 2, 3, 6, 9, 10, 11, 13]
2026-08-29 22:57:14 | Runtime profile: batch=92 | paired_steps=6 | workers=16 | train_eval_every=5 | raw_eval_every=5 | stability_window=1 | lr_scheduler_start=24 | early_stop=15 after min_epoch=48
2026-08-29 22:57:14 | VIS/IR pairing: class-level-unpaired | count-mismatch classes train/val: 10/0 | AIS alignment: none | AIS rows train/val: 0/0
2026-08-29 22:57:15 | Effective Dual-D loss weights: {"adv_auxiliary": 0.03, "adv_primary": 0.03, "classification": 0.65, "contrastive": 0.0, "cycle": 0.16, "identity": 0.04, "prototype_contrastive": 0.03}
2026-08-29 22:57:15 | Model parameters: total=17277714 | trainable=17120210
Starting run 2/9: domain=黑天, iteration=2, seed=43
2026-08-29 22:57:22 | Epoch 001/060 | loss 6.0125 | cls 5.9495 | tal 0.2100 | dual_g 0.0000 | dual_d 0.0000 | train_acc 0.1051 | train_full 0.0688 | val_acc 0.0250 | val_f1 0.0079 | adv/moduleC 0.00/0.00 | disc_steps 0 | grad(main/disc) 16.883/0.000 | lr(main/disc) 8.50e-05/3.20e-05 | cuda_peak(alloc/resv) 21.77/28.18GB | phase(train/val/raw/train_eval) 4.6/0.6/0.6/0.8s | 6.6s
2026-08-29 22:57:24 | New best val_f1_macro_present: raw=0.0079 stable_score=0.0079 at epoch 1
2026-08-29 22:57:29 | Epoch 002/060 | loss 4.6147 | cls 4.5378 | tal 0.2564 | dual_g 0.0000 | dual_d 0.0000 | train_acc 0.2391 | train_full n/a | val_acc 0.2750 | val_f1 0.1328 | adv/moduleC 0.00/0.00 | disc_steps 0 | grad(main/disc) 12.631/0.000 | lr(main/disc) 8.50e-05/3.20e-05 | cuda_peak(alloc/resv) 21.77/28.18GB | phase(train/val/raw/train_eval) 3.3/0.7/0.6/0.0s | 4.6s
2026-08-29 22:57:32 | New best val_f1_macro_present: raw=0.1328 stable_score=0.1328 at epoch 2
2026-08-29 22:57:36 | Epoch 003/060 | loss 3.9222 | cls 3.8540 | tal 0.2272 | dual_g 0.0000 | dual_d 0.0000 | train_acc 0.3623 | train_full n/a | val_acc 0.0667 | val_f1 0.0898 | adv/moduleC 0.00/0.00 | disc_steps 0 | grad(main/disc) 10.879/0.000 | lr(main/disc) 8.50e-05/3.20e-05 | cuda_peak(alloc/resv) 21.77/28.18GB | phase(train/val/raw/train_eval) 3.4/0.6/0.0/0.0s | 4.0s
2026-08-29 22:57:40 | Epoch 004/060 | loss 3.7254 | cls 3.3676 | tal 0.1091 | dual_g 0.3251 | dual_d 0.0000 | train_acc 0.4529 | train_full n/a | val_acc 0.0583 | val_f1 0.0654 | adv/moduleC 0.00/0.12 | disc_steps 0 | grad(main/disc) 10.106/0.000 | lr(main/disc) 8.50e-05/3.20e-05 | cuda_peak(alloc/resv) 21.77/28.18GB | phase(train/val/raw/train_eval) 3.3/0.6/0.0/0.0s | 3.8s
2026-08-29 22:57:45 | Epoch 005/060 | loss 3.4881 | cls 2.9160 | tal 0.0077 | dual_g 0.5698 | dual_d 0.0000 | train_acc 0.5543 | train_full 0.1699 | val_acc 0.1917 | val_f1 0.2402 | adv/moduleC 0.00/0.25 | disc_steps 0 | grad(main/disc) 10.018/0.000 | lr(main/disc) 8.50e-05/3.20e-05 | cuda_peak(alloc/resv) 21.77/28.18GB | phase(train/val/raw/train_eval) 3.7/0.6/0.6/0.8s | 5.7s
2026-08-29 22:57:48 | New best val_f1_macro_present: raw=0.2402 stable_score=0.2402 at epoch 5
2026-08-29 22:57:53 | Epoch 006/060 | loss 3.4740 | cls 2.6921 | tal 0.0225 | dual_g 0.7752 | dual_d 0.8930 | train_acc 0.6576 | train_full n/a | val_acc 0.5167 | val_f1 0.5030 | adv/moduleC 0.07/0.38 | disc_steps 3 | grad(main/disc) 10.297/1.710 | lr(main/disc) 8.50e-05/3.20e-05 | cuda_peak(alloc/resv) 21.77/28.18GB | phase(train/val/raw/train_eval) 3.5/0.6/0.6/0.0s | 4.7s
2026-08-29 22:57:56 | New best val_f1_macro_present: raw=0.5030 stable_score=0.5030 at epoch 6
2026-08-29 22:58:01 | Epoch 007/060 | loss 3.2338 | cls 2.3326 | tal 0.0059 | dual_g 0.8994 | dual_d 0.9258 | train_acc 0.7717 | train_full n/a | val_acc 0.5750 | val_f1 0.5736 | adv/moduleC 0.13/0.50 | disc_steps 3 | grad(main/disc) 9.673/1.660 | lr(main/disc) 8.50e-05/3.20e-05 | cuda_peak(alloc/resv) 21.77/28.18GB | phase(train/val/raw/train_eval) 3.8/0.6/0.6/0.0s | 4.9s
2026-08-29 22:58:04 | New best val_f1_macro_present: raw=0.5736 stable_score=0.5736 at epoch 7
2026-08-29 22:58:09 | Epoch 008/060 | loss 3.2343 | cls 2.1801 | tal 0.0143 | dual_g 1.0499 | dual_d 0.9336 | train_acc 0.7790 | train_full n/a | val_acc 0.5917 | val_f1 0.6234 | adv/moduleC 0.20/0.62 | disc_steps 3 | grad(main/disc) 10.086/1.608 | lr(main/disc) 8.50e-05/3.20e-05 | cuda_peak(alloc/resv) 21.77/28.18GB | phase(train/val/raw/train_eval) 3.6/0.6/0.6/0.0s | 4.8s
2026-08-29 22:58:11 | New best val_f1_macro_present: raw=0.6234 stable_score=0.6234 at epoch 8
2026-08-29 22:58:16 | Epoch 009/060 | loss 3.1727 | cls 2.0089 | tal -0.0125 | dual_g 1.1676 | dual_d 0.9329 | train_acc 0.8170 | train_full n/a | val_acc 0.7583 | val_f1 0.7199 | adv/moduleC 0.27/0.75 | disc_steps 3 | grad(main/disc) 9.955/1.597 | lr(main/disc) 8.50e-05/3.20e-05 | cuda_peak(alloc/resv) 21.77/28.18GB | phase(train/val/raw/train_eval) 3.3/0.6/0.6/0.0s | 4.4s
2026-08-29 22:58:19 | New best val_f1_macro_present: raw=0.7199 stable_score=0.7199 at epoch 9
2026-08-29 22:58:24 | Epoch 010/060 | loss 3.1551 | cls 1.8921 | tal -0.0100 | dual_g 1.2660 | dual_d 0.8966 | train_acc 0.8478 | train_full 0.7505 | val_acc 0.7583 | val_f1 0.7418 | adv/moduleC 0.33/0.88 | disc_steps 3 | grad(main/disc) 9.973/1.495 | lr(main/disc) 8.50e-05/3.20e-05 | cuda_peak(alloc/resv) 21.77/28.18GB | phase(train/val/raw/train_eval) 3.6/0.6/0.6/0.8s | 5.6s
2026-08-29 22:58:27 | New best val_f1_macro_present: raw=0.7418 stable_score=0.7418 at epoch 10
2026-08-29 22:58:31 | Epoch 011/060 | loss 3.1239 | cls 1.7700 | tal -0.0466 | dual_g 1.3679 | dual_d 0.9625 | train_acc 0.8931 | train_full n/a | val_acc 0.6083 | val_f1 0.6593 | adv/moduleC 0.40/1.00 | disc_steps 3 | grad(main/disc) 11.490/1.515 | lr(main/disc) 8.50e-05/3.20e-05 | cuda_peak(alloc/resv) 21.77/28.18GB | phase(train/val/raw/train_eval) 3.3/0.6/0.0/0.0s | 3.9s
2026-08-29 22:58:35 | Epoch 012/060 | loss 3.0307 | cls 1.7086 | tal 0.0154 | dual_g 1.3175 | dual_d 0.9108 | train_acc 0.8913 | train_full n/a | val_acc 0.7167 | val_f1 0.7406 | adv/moduleC 0.47/1.00 | disc_steps 3 | grad(main/disc) 11.317/1.495 | lr(main/disc) 8.50e-05/3.20e-05 | cuda_peak(alloc/resv) 21.77/28.18GB | phase(train/val/raw/train_eval) 3.6/0.6/0.0/0.0s | 4.2s
2026-08-29 22:58:40 | Epoch 013/060 | loss 2.8736 | cls 1.5930 | tal 0.0183 | dual_g 1.2751 | dual_d 0.9279 | train_acc 0.9149 | train_full n/a | val_acc 0.8250 | val_f1 0.7901 | adv/moduleC 0.53/1.00 | disc_steps 3 | grad(main/disc) 9.795/1.411 | lr(main/disc) 8.50e-05/3.20e-05 | cuda_peak(alloc/resv) 21.77/28.18GB | phase(train/val/raw/train_eval) 3.6/0.6/0.6/0.0s | 4.8s
2026-08-29 22:58:43 | New best val_f1_macro_present: raw=0.7901 stable_score=0.7901 at epoch 13
2026-08-29 22:58:47 | Epoch 014/060 | loss 2.8330 | cls 1.5717 | tal 0.0562 | dual_g 1.2444 | dual_d 0.9099 | train_acc 0.9239 | train_full n/a | val_acc 0.7833 | val_f1 0.7651 | adv/moduleC 0.60/1.00 | disc_steps 3 | grad(main/disc) 10.945/1.432 | lr(main/disc) 8.50e-05/3.20e-05 | cuda_peak(alloc/resv) 21.77/28.18GB | phase(train/val/raw/train_eval) 3.8/0.6/0.0/0.0s | 4.4s
2026-08-29 22:58:53 | Epoch 015/060 | loss 2.7866 | cls 1.5585 | tal 0.0575 | dual_g 1.2108 | dual_d 0.8788 | train_acc 0.9312 | train_full 0.9140 | val_acc 0.8667 | val_f1 0.8308 | adv/moduleC 0.67/1.00 | disc_steps 3 | grad(main/disc) 9.047/1.365 | lr(main/disc) 8.50e-05/3.20e-05 | cuda_peak(alloc/resv) 21.77/28.18GB | phase(train/val/raw/train_eval) 3.8/0.6/0.6/0.8s | 5.9s
2026-08-29 22:58:56 | New best val_f1_macro_present: raw=0.8308 stable_score=0.8308 at epoch 15
2026-08-29 22:59:01 | Epoch 016/060 | loss 2.6682 | cls 1.4965 | tal 0.0473 | dual_g 1.1575 | dual_d 0.8820 | train_acc 0.9438 | train_full n/a | val_acc 0.7750 | val_f1 0.7462 | adv/moduleC 0.73/1.00 | disc_steps 3 | grad(main/disc) 8.749/1.321 | lr(main/disc) 8.50e-05/3.20e-05 | cuda_peak(alloc/resv) 21.77/28.18GB | phase(train/val/raw/train_eval) 3.7/0.6/0.0/0.0s | 4.3s
2026-08-29 22:59:05 | Epoch 017/060 | loss 2.6149 | cls 1.4618 | tal 0.0217 | dual_g 1.1466 | dual_d 0.8978 | train_acc 0.9529 | train_full n/a | val_acc 0.8417 | val_f1 0.8123 | adv/moduleC 0.80/1.00 | disc_steps 3 | grad(main/disc) 7.908/1.326 | lr(main/disc) 8.50e-05/3.20e-05 | cuda_peak(alloc/resv) 21.77/28.18GB | phase(train/val/raw/train_eval) 3.6/0.6/0.0/0.0s | 4.2s
2026-08-29 22:59:09 | Epoch 018/060 | loss 2.5520 | cls 1.4225 | tal 0.0003 | dual_g 1.1294 | dual_d 0.8890 | train_acc 0.9493 | train_full n/a | val_acc 0.8500 | val_f1 0.8187 | adv/moduleC 0.87/1.00 | disc_steps 3 | grad(main/disc) 8.099/1.298 | lr(main/disc) 8.50e-05/3.20e-05 | cuda_peak(alloc/resv) 21.77/28.18GB | phase(train/val/raw/train_eval) 3.3/0.6/0.0/0.0s | 3.9s
2026-08-29 22:59:13 | Epoch 019/060 | loss 2.4781 | cls 1.3891 | tal -0.0241 | dual_g 1.0962 | dual_d 0.9154 | train_acc 0.9620 | train_full n/a | val_acc 0.7250 | val_f1 0.7414 | adv/moduleC 0.93/1.00 | disc_steps 3 | grad(main/disc) 6.954/1.293 | lr(main/disc) 8.50e-05/3.20e-05 | cuda_peak(alloc/resv) 21.77/28.18GB | phase(train/val/raw/train_eval) 3.3/0.6/0.0/0.0s | 3.9s
2026-08-29 22:59:18 | Epoch 020/060 | loss 2.4317 | cls 1.3676 | tal -0.0656 | dual_g 1.0838 | dual_d 0.9157 | train_acc 0.9783 | train_full 0.9161 | val_acc 0.8583 | val_f1 0.8246 | adv/moduleC 1.00/1.00 | disc_steps 3 | grad(main/disc) 6.943/1.313 | lr(main/disc) 8.50e-05/3.20e-05 | cuda_peak(alloc/resv) 21.77/28.18GB | phase(train/val/raw/train_eval) 3.8/0.6/0.6/0.8s | 5.8s
2026-08-29 22:59:23 | Epoch 021/060 | loss 2.4107 | cls 1.3581 | tal -0.0676 | dual_g 1.0729 | dual_d 0.9604 | train_acc 0.9674 | train_full n/a | val_acc 0.9083 | val_f1 0.9027 | adv/moduleC 1.00/1.00 | disc_steps 3 | grad(main/disc) 7.143/1.346 | lr(main/disc) 8.50e-05/3.20e-05 | cuda_peak(alloc/resv) 21.77/28.18GB | phase(train/val/raw/train_eval) 3.4/0.6/0.6/0.0s | 4.6s
2026-08-29 22:59:26 | New best val_f1_macro_present: raw=0.9027 stable_score=0.9027 at epoch 21
2026-08-29 22:59:30 | Epoch 022/060 | loss 2.3797 | cls 1.3396 | tal -0.0631 | dual_g 1.0590 | dual_d 0.9736 | train_acc 0.9710 | train_full n/a | val_acc 0.7333 | val_f1 0.8015 | adv/moduleC 1.00/1.00 | disc_steps 3 | grad(main/disc) 8.306/1.311 | lr(main/disc) 8.50e-05/3.20e-05 | cuda_peak(alloc/resv) 21.77/28.18GB | phase(train/val/raw/train_eval) 3.4/0.6/0.0/0.0s | 4.0s
2026-08-29 22:59:34 | Epoch 023/060 | loss 2.3571 | cls 1.3233 | tal -0.0486 | dual_g 1.0484 | dual_d 0.9842 | train_acc 0.9674 | train_full n/a | val_acc 0.8167 | val_f1 0.8108 | adv/moduleC 1.00/1.00 | disc_steps 3 | grad(main/disc) 6.464/1.349 | lr(main/disc) 8.50e-05/3.20e-05 | cuda_peak(alloc/resv) 21.77/28.18GB | phase(train/val/raw/train_eval) 3.8/0.6/0.0/0.0s | 4.4s
2026-08-29 22:59:39 | Epoch 024/060 | loss 2.3509 | cls 1.3261 | tal -0.0224 | dual_g 1.0314 | dual_d 0.9811 | train_acc 0.9891 | train_full n/a | val_acc 0.8500 | val_f1 0.8374 | adv/moduleC 1.00/1.00 | disc_steps 3 | grad(main/disc) 5.737/1.325 | lr(main/disc) 8.50e-05/3.20e-05 | cuda_peak(alloc/resv) 21.77/28.18GB | phase(train/val/raw/train_eval) 3.8/0.6/0.0/0.0s | 4.4s
2026-08-29 22:59:44 | Epoch 025/060 | loss 2.3765 | cls 1.3319 | tal -0.0402 | dual_g 1.0567 | dual_d 0.9974 | train_acc 0.9746 | train_full 0.9269 | val_acc 0.8333 | val_f1 0.8122 | adv/moduleC 1.00/1.00 | disc_steps 3 | grad(main/disc) 7.015/1.336 | lr(main/disc) 8.50e-05/3.20e-05 | cuda_peak(alloc/resv) 21.77/28.18GB | phase(train/val/raw/train_eval) 3.5/0.6/0.6/0.8s | 5.5s
2026-08-29 22:59:49 | Epoch 026/060 | loss 2.3455 | cls 1.3158 | tal 0.0010 | dual_g 1.0294 | dual_d 1.0090 | train_acc 0.9909 | train_full n/a | val_acc 0.8917 | val_f1 0.8859 | adv/moduleC 1.00/1.00 | disc_steps 3 | grad(main/disc) 5.735/1.325 | lr(main/disc) 8.50e-05/3.20e-05 | cuda_peak(alloc/resv) 21.77/28.18GB | phase(train/val/raw/train_eval) 3.9/0.6/0.0/0.0s | 4.5s
2026-08-29 22:59:53 | Epoch 027/060 | loss 2.3059 | cls 1.2969 | tal -0.0487 | dual_g 1.0236 | dual_d 1.0063 | train_acc 0.9909 | train_full n/a | val_acc 0.8917 | val_f1 0.8975 | adv/moduleC 1.00/1.00 | disc_steps 3 | grad(main/disc) 5.319/1.284 | lr(main/disc) 8.50e-05/3.20e-05 | cuda_peak(alloc/resv) 21.77/28.18GB | phase(train/val/raw/train_eval) 3.4/0.6/0.0/0.0s | 4.0s
2026-08-29 22:59:56 | Epoch 028/060 | loss 2.2805 | cls 1.2802 | tal -0.0257 | dual_g 1.0080 | dual_d 1.0440 | train_acc 0.9928 | train_full n/a | val_acc 0.8917 | val_f1 0.8558 | adv/moduleC 1.00/1.00 | disc_steps 3 | grad(main/disc) 4.294/1.328 | lr(main/disc) 8.50e-05/3.20e-05 | cuda_peak(alloc/resv) 21.77/28.18GB | phase(train/val/raw/train_eval) 3.3/0.6/0.0/0.0s | 3.8s
2026-08-29 23:00:00 | Epoch 029/060 | loss 2.2794 | cls 1.2926 | tal -0.0615 | dual_g 1.0052 | dual_d 1.0363 | train_acc 0.9801 | train_full n/a | val_acc 0.8833 | val_f1 0.8504 | adv/moduleC 1.00/1.00 | disc_steps 3 | grad(main/disc) 4.794/1.307 | lr(main/disc) 8.50e-05/3.20e-05 | cuda_peak(alloc/resv) 21.77/28.18GB | phase(train/val/raw/train_eval) 3.3/0.6/0.0/0.0s | 3.9s
2026-08-29 23:00:06 | Epoch 030/060 | loss 2.2314 | cls 1.2663 | tal -0.0821 | dual_g 0.9896 | dual_d 1.0270 | train_acc 0.9946 | train_full 0.9527 | val_acc 0.9083 | val_f1 0.8900 | adv/moduleC 1.00/1.00 | disc_steps 3 | grad(main/disc) 3.795/1.319 | lr(main/disc) 8.50e-05/3.20e-05 | cuda_peak(alloc/resv) 21.77/28.18GB | phase(train/val/raw/train_eval) 3.6/0.6/0.6/0.8s | 5.7s
2026-08-29 23:00:10 | Epoch 031/060 | loss 2.2242 | cls 1.2572 | tal -0.0743 | dual_g 0.9893 | dual_d 1.0700 | train_acc 0.9891 | train_full n/a | val_acc 0.8667 | val_f1 0.8684 | adv/moduleC 1.00/1.00 | disc_steps 3 | grad(main/disc) 3.646/1.350 | lr(main/disc) 8.50e-05/3.20e-05 | cuda_peak(alloc/resv) 21.77/28.18GB | phase(train/val/raw/train_eval) 3.5/0.6/0.0/0.0s | 4.1s
2026-08-29 23:00:14 | Epoch 032/060 | loss 2.2118 | cls 1.2514 | tal -0.0460 | dual_g 0.9742 | dual_d 1.0542 | train_acc 0.9909 | train_full n/a | val_acc 0.9000 | val_f1 0.8641 | adv/moduleC 1.00/1.00 | disc_steps 3 | grad(main/disc) 3.655/1.374 | lr(main/disc) 8.50e-05/3.20e-05 | cuda_peak(alloc/resv) 21.77/28.18GB | phase(train/val/raw/train_eval) 3.3/0.6/0.0/0.0s | 3.9s
2026-08-29 23:00:18 | Epoch 033/060 | loss 2.2040 | cls 1.2391 | tal -0.0436 | dual_g 0.9780 | dual_d 1.0482 | train_acc 0.9982 | train_full n/a | val_acc 0.9000 | val_f1 0.8735 | adv/moduleC 1.00/1.00 | disc_steps 3 | grad(main/disc) 3.253/1.321 | lr(main/disc) 8.50e-05/3.20e-05 | cuda_peak(alloc/resv) 21.77/28.18GB | phase(train/val/raw/train_eval) 3.2/0.6/0.0/0.0s | 3.8s
2026-08-29 23:00:22 | Epoch 034/060 | loss 2.2060 | cls 1.2465 | tal -0.0336 | dual_g 0.9695 | dual_d 1.0285 | train_acc 0.9928 | train_full n/a | val_acc 0.9000 | val_f1 0.8631 | adv/moduleC 1.00/1.00 | disc_steps 3 | grad(main/disc) 3.494/1.312 | lr(main/disc) 8.50e-05/3.20e-05 | cuda_peak(alloc/resv) 21.77/28.18GB | phase(train/val/raw/train_eval) 3.3/0.6/0.0/0.0s | 3.9s
2026-08-29 23:00:27 | Epoch 035/060 | loss 2.2146 | cls 1.2501 | tal -0.0454 | dual_g 0.9780 | dual_d 1.0537 | train_acc 0.9909 | train_full 0.9677 | val_acc 0.9333 | val_f1 0.9244 | adv/moduleC 1.00/1.00 | disc_steps 3 | grad(main/disc) 3.633/1.306 | lr(main/disc) 8.50e-05/3.20e-05 | cuda_peak(alloc/resv) 21.77/28.18GB | phase(train/val/raw/train_eval) 3.8/0.6/0.6/0.8s | 5.8s
2026-08-29 23:00:30 | New best val_f1_macro_present: raw=0.9244 stable_score=0.9244 at epoch 35
2026-08-29 23:00:34 | Epoch 036/060 | loss 2.2076 | cls 1.2426 | tal -0.0179 | dual_g 0.9704 | dual_d 1.0439 | train_acc 0.9946 | train_full n/a | val_acc 0.9250 | val_f1 0.9202 | adv/moduleC 1.00/1.00 | disc_steps 3 | grad(main/disc) 3.641/1.302 | lr(main/disc) 8.50e-05/3.20e-05 | cuda_peak(alloc/resv) 21.77/28.18GB | phase(train/val/raw/train_eval) 3.4/0.6/0.0/0.0s | 4.0s
2026-08-29 23:00:38 | Epoch 037/060 | loss 2.1842 | cls 1.2326 | tal -0.0503 | dual_g 0.9666 | dual_d 1.0675 | train_acc 0.9946 | train_full n/a | val_acc 0.9333 | val_f1 0.9206 | adv/moduleC 1.00/1.00 | disc_steps 3 | grad(main/disc) 3.960/1.366 | lr(main/disc) 8.50e-05/3.20e-05 | cuda_peak(alloc/resv) 21.77/28.18GB | phase(train/val/raw/train_eval) 3.3/0.6/0.0/0.0s | 3.9s
2026-08-29 23:00:43 | Epoch 038/060 | loss 2.1608 | cls 1.2300 | tal -0.0812 | dual_g 0.9552 | dual_d 1.0633 | train_acc 0.9982 | train_full n/a | val_acc 0.9083 | val_f1 0.9021 | adv/moduleC 1.00/1.00 | disc_steps 3 | grad(main/disc) 2.830/1.301 | lr(main/disc) 8.50e-05/3.20e-05 | cuda_peak(alloc/resv) 21.77/28.18GB | phase(train/val/raw/train_eval) 3.7/0.6/0.0/0.0s | 4.3s
2026-08-29 23:00:47 | Epoch 039/060 | loss 2.1508 | cls 1.2163 | tal -0.0646 | dual_g 0.9538 | dual_d 1.0678 | train_acc 0.9946 | train_full n/a | val_acc 0.9083 | val_f1 0.8869 | adv/moduleC 1.00/1.00 | disc_steps 3 | grad(main/disc) 2.856/1.314 | lr(main/disc) 8.50e-05/3.20e-05 | cuda_peak(alloc/resv) 21.77/28.18GB | phase(train/val/raw/train_eval) 3.7/0.6/0.0/0.0s | 4.3s
2026-08-29 23:00:52 | Epoch 040/060 | loss 2.1422 | cls 1.2095 | tal -0.0492 | dual_g 0.9475 | dual_d 1.0372 | train_acc 0.9964 | train_full 0.9677 | val_acc 0.9000 | val_f1 0.8793 | adv/moduleC 1.00/1.00 | disc_steps 3 | grad(main/disc) 2.558/1.286 | lr(main/disc) 8.50e-05/3.20e-05 | cuda_peak(alloc/resv) 21.77/28.18GB | phase(train/val/raw/train_eval) 3.2/0.6/0.6/0.8s | 5.2s
2026-08-29 23:00:56 | Epoch 041/060 | loss 2.1247 | cls 1.2024 | tal -0.0701 | dual_g 0.9433 | dual_d 1.0362 | train_acc 0.9982 | train_full n/a | val_acc 0.9000 | val_f1 0.8845 | adv/moduleC 1.00/1.00 | disc_steps 3 | grad(main/disc) 2.223/1.272 | lr(main/disc) 8.50e-05/3.20e-05 | cuda_peak(alloc/resv) 21.77/28.18GB | phase(train/val/raw/train_eval) 3.5/0.6/0.0/0.0s | 4.1s
2026-08-29 23:01:00 | Epoch 042/060 | loss 2.1281 | cls 1.2107 | tal -0.0817 | dual_g 0.9419 | dual_d 1.0829 | train_acc 0.9982 | train_full n/a | val_acc 0.9000 | val_f1 0.8852 | adv/moduleC 1.00/1.00 | disc_steps 3 | grad(main/disc) 2.694/1.324 | lr(main/disc) 8.50e-05/3.20e-05 | cuda_peak(alloc/resv) 21.77/28.18GB | phase(train/val/raw/train_eval) 3.1/0.6/0.0/0.0s | 3.7s
2026-08-29 23:01:04 | Epoch 043/060 | loss 2.1287 | cls 1.2139 | tal -0.0775 | dual_g 0.9381 | dual_d 1.0566 | train_acc 0.9982 | train_full n/a | val_acc 0.9250 | val_f1 0.9014 | adv/moduleC 1.00/1.00 | disc_steps 3 | grad(main/disc) 2.696/1.297 | lr(main/disc) 8.50e-05/3.20e-05 | cuda_peak(alloc/resv) 21.77/28.18GB | phase(train/val/raw/train_eval) 3.4/0.6/0.0/0.0s | 4.0s
2026-08-29 23:01:08 | Epoch 044/060 | loss 2.1165 | cls 1.2078 | tal -0.0660 | dual_g 0.9285 | dual_d 1.0653 | train_acc 1.0000 | train_full n/a | val_acc 0.9167 | val_f1 0.8774 | adv/moduleC 1.00/1.00 | disc_steps 3 | grad(main/disc) 2.419/1.288 | lr(main/disc) 4.25e-05/1.60e-05 | cuda_peak(alloc/resv) 21.77/28.18GB | phase(train/val/raw/train_eval) 3.7/0.6/0.0/0.0s | 4.3s
2026-08-29 23:01:13 | Epoch 045/060 | loss 2.1114 | cls 1.1988 | tal -0.0764 | dual_g 0.9355 | dual_d 1.0368 | train_acc 0.9946 | train_full 0.9613 | val_acc 0.9500 | val_f1 0.9459 | adv/moduleC 1.00/1.00 | disc_steps 3 | grad(main/disc) 2.501/1.256 | lr(main/disc) 4.25e-05/1.60e-05 | cuda_peak(alloc/resv) 21.77/28.18GB | phase(train/val/raw/train_eval) 3.4/0.6/0.6/0.8s | 5.4s
2026-08-29 23:01:16 | New best val_f1_macro_present: raw=0.9459 stable_score=0.9459 at epoch 45
2026-08-29 23:01:20 | Epoch 046/060 | loss 2.1086 | cls 1.2031 | tal -0.0859 | dual_g 0.9312 | dual_d 1.0522 | train_acc 1.0000 | train_full n/a | val_acc 0.9000 | val_f1 0.9043 | adv/moduleC 1.00/1.00 | disc_steps 3 | grad(main/disc) 2.085/1.251 | lr(main/disc) 4.25e-05/1.60e-05 | cuda_peak(alloc/resv) 21.77/28.18GB | phase(train/val/raw/train_eval) 3.4/0.6/0.0/0.0s | 4.0s
2026-08-29 23:01:24 | Epoch 047/060 | loss 2.1049 | cls 1.1987 | tal -0.0838 | dual_g 0.9313 | dual_d 1.0980 | train_acc 0.9964 | train_full n/a | val_acc 0.8833 | val_f1 0.8740 | adv/moduleC 1.00/1.00 | disc_steps 3 | grad(main/disc) 2.128/1.331 | lr(main/disc) 4.25e-05/1.60e-05 | cuda_peak(alloc/resv) 21.77/28.18GB | phase(train/val/raw/train_eval) 3.4/0.6/0.0/0.0s | 3.9s
2026-08-29 23:01:28 | Epoch 048/060 | loss 2.1169 | cls 1.2100 | tal -0.0933 | dual_g 0.9348 | dual_d 1.0904 | train_acc 0.9946 | train_full n/a | val_acc 0.9250 | val_f1 0.9023 | adv/moduleC 1.00/1.00 | disc_steps 3 | grad(main/disc) 2.520/1.354 | lr(main/disc) 4.25e-05/1.60e-05 | cuda_peak(alloc/resv) 21.77/28.18GB | phase(train/val/raw/train_eval) 3.5/0.6/0.0/0.0s | 4.1s
2026-08-29 23:01:32 | Epoch 049/060 | loss 2.0786 | cls 1.1909 | tal -0.1338 | dual_g 0.9278 | dual_d 1.0940 | train_acc 0.9982 | train_full n/a | val_acc 0.9333 | val_f1 0.9219 | adv/moduleC 1.00/1.00 | disc_steps 3 | grad(main/disc) 2.190/1.286 | lr(main/disc) 4.25e-05/1.60e-05 | cuda_peak(alloc/resv) 21.77/28.18GB | phase(train/val/raw/train_eval) 3.5/0.6/0.0/0.0s | 4.0s
2026-08-29 23:01:38 | Epoch 050/060 | loss 2.0768 | cls 1.1972 | tal -0.1532 | dual_g 0.9256 | dual_d 1.0425 | train_acc 0.9982 | train_full 0.9849 | val_acc 0.9333 | val_f1 0.9275 | adv/moduleC 1.00/1.00 | disc_steps 3 | grad(main/disc) 2.281/1.260 | lr(main/disc) 4.25e-05/1.60e-05 | cuda_peak(alloc/resv) 21.77/28.18GB | phase(train/val/raw/train_eval) 3.7/0.6/0.6/0.8s | 5.7s
2026-08-29 23:01:42 | Epoch 051/060 | loss 2.0760 | cls 1.1929 | tal -0.1354 | dual_g 0.9237 | dual_d 1.0432 | train_acc 1.0000 | train_full n/a | val_acc 0.9250 | val_f1 0.9080 | adv/moduleC 1.00/1.00 | disc_steps 3 | grad(main/disc) 2.202/1.228 | lr(main/disc) 4.25e-05/1.60e-05 | cuda_peak(alloc/resv) 21.77/28.18GB | phase(train/val/raw/train_eval) 3.7/0.6/0.0/0.0s | 4.3s
2026-08-29 23:01:46 | Epoch 052/060 | loss 2.0814 | cls 1.1961 | tal -0.1162 | dual_g 0.9202 | dual_d 1.0562 | train_acc 0.9964 | train_full n/a | val_acc 0.9083 | val_f1 0.8677 | adv/moduleC 1.00/1.00 | disc_steps 3 | grad(main/disc) 2.114/1.237 | lr(main/disc) 4.25e-05/1.60e-05 | cuda_peak(alloc/resv) 21.77/28.18GB | phase(train/val/raw/train_eval) 3.4/0.6/0.0/0.0s | 4.0s
2026-08-29 23:01:51 | Epoch 053/060 | loss 2.0881 | cls 1.1981 | tal -0.1281 | dual_g 0.9285 | dual_d 1.0853 | train_acc 0.9982 | train_full n/a | val_acc 0.9083 | val_f1 0.9229 | adv/moduleC 1.00/1.00 | disc_steps 3 | grad(main/disc) 2.517/1.243 | lr(main/disc) 4.25e-05/1.60e-05 | cuda_peak(alloc/resv) 21.77/28.18GB | phase(train/val/raw/train_eval) 3.5/0.6/0.0/0.0s | 4.1s
2026-08-29 23:01:55 | Epoch 054/060 | loss 2.0855 | cls 1.2001 | tal -0.1207 | dual_g 0.9216 | dual_d 1.0576 | train_acc 1.0000 | train_full n/a | val_acc 0.9417 | val_f1 0.9432 | adv/moduleC 1.00/1.00 | disc_steps 3 | grad(main/disc) 2.434/1.251 | lr(main/disc) 2.13e-05/8.00e-06 | cuda_peak(alloc/resv) 21.77/28.18GB | phase(train/val/raw/train_eval) 3.7/0.6/0.0/0.0s | 4.3s
2026-08-29 23:02:00 | Epoch 055/060 | loss 2.0840 | cls 1.1952 | tal -0.1134 | dual_g 0.9229 | dual_d 1.0731 | train_acc 1.0000 | train_full 0.9656 | val_acc 0.9250 | val_f1 0.9323 | adv/moduleC 1.00/1.00 | disc_steps 3 | grad(main/disc) 2.054/1.248 | lr(main/disc) 2.13e-05/8.00e-06 | cuda_peak(alloc/resv) 21.77/28.18GB | phase(train/val/raw/train_eval) 3.2/0.6/0.6/0.8s | 5.2s
2026-08-29 23:02:04 | Epoch 056/060 | loss 2.0662 | cls 1.1828 | tal -0.1160 | dual_g 0.9182 | dual_d 1.0712 | train_acc 1.0000 | train_full n/a | val_acc 0.9250 | val_f1 0.9212 | adv/moduleC 1.00/1.00 | disc_steps 3 | grad(main/disc) 1.943/1.239 | lr(main/disc) 2.13e-05/8.00e-06 | cuda_peak(alloc/resv) 21.77/28.18GB | phase(train/val/raw/train_eval) 3.6/0.6/0.0/0.0s | 4.1s
2026-08-29 23:02:09 | Epoch 057/060 | loss 2.0787 | cls 1.1976 | tal -0.1318 | dual_g 0.9207 | dual_d 1.0543 | train_acc 1.0000 | train_full n/a | val_acc 0.9167 | val_f1 0.9119 | adv/moduleC 1.00/1.00 | disc_steps 3 | grad(main/disc) 2.079/1.230 | lr(main/disc) 2.13e-05/8.00e-06 | cuda_peak(alloc/resv) 21.77/28.18GB | phase(train/val/raw/train_eval) 3.8/0.6/0.0/0.0s | 4.4s
2026-08-29 23:02:13 | Epoch 058/060 | loss 2.0567 | cls 1.1800 | tal -0.1282 | dual_g 0.9152 | dual_d 1.0699 | train_acc 1.0000 | train_full n/a | val_acc 0.9250 | val_f1 0.9168 | adv/moduleC 1.00/1.00 | disc_steps 3 | grad(main/disc) 1.909/1.231 | lr(main/disc) 2.13e-05/8.00e-06 | cuda_peak(alloc/resv) 21.77/28.18GB | phase(train/val/raw/train_eval) 3.5/0.6/0.0/0.0s | 4.1s
2026-08-29 23:02:17 | Epoch 059/060 | loss 2.0637 | cls 1.1889 | tal -0.1439 | dual_g 0.9179 | dual_d 1.0628 | train_acc 1.0000 | train_full n/a | val_acc 0.9333 | val_f1 0.9373 | adv/moduleC 1.00/1.00 | disc_steps 3 | grad(main/disc) 2.073/1.218 | lr(main/disc) 2.13e-05/8.00e-06 | cuda_peak(alloc/resv) 21.77/28.18GB | phase(train/val/raw/train_eval) 3.4/0.6/0.0/0.0s | 4.0s
2026-08-29 23:02:22 | Epoch 060/060 | loss 2.0616 | cls 1.1845 | tal -0.1334 | dual_g 0.9171 | dual_d 1.0344 | train_acc 1.0000 | train_full 0.9763 | val_acc 0.9417 | val_f1 0.9424 | adv/moduleC 1.00/1.00 | disc_steps 3 | grad(main/disc) 2.163/1.208 | lr(main/disc) 2.13e-05/8.00e-06 | cuda_peak(alloc/resv) 21.77/28.18GB | phase(train/val/raw/train_eval) 3.5/0.6/0.6/0.8s | 5.5s
2026-08-29 23:02:22 | Early stopping at epoch 60 after 15 epochs without val_f1_macro_present improvement.
2026-08-29 23:02:22 | Training complete. Peak validation accuracy: 0.9500 | selected val_f1_macro_present: 0.9459
2026-08-29 23:02:22 | Starting Dual_D standalone training
2026-08-29 23:02:22 | Run directory: runs/module_c_ablation_60_v8/module_c_20260829_205331/module_c_no_paired_contrastive_黑天_20260829_225211
2026-08-29 23:02:22 | Device: cuda
2026-08-29 23:02:22 | Source train samples: 992
2026-08-29 23:02:22 | Target train samples: 465
2026-08-29 23:02:22 | Target val samples: 120
2026-08-29 23:02:22 | Classes: 14
2026-08-29 23:02:22 | Data audit: same_dir=False | path_overlap(vis/ir/ais)=0/0/0 | content_overlap(vis/ir/ais)=0/0/0 | ais_index_overlap=0 | stem_mismatch(vis-ir/vis-ais)=578/0
2026-08-29 23:02:22 | source_train classes: present 14/14 | absent 0 | counts [0:120, 1:44, 2:69, 3:45, 4:40, 5:30, 6:64, 7:80, 8:116, 9:68, 10:57, 11:83, 12:48, 13:128]
2026-08-29 23:02:22 | target_train classes: present 8/14 | absent 6 | counts [0:100, 2:11, 3:16, 6:89, 9:162, 10:12, 11:44, 13:31]
2026-08-29 23:02:22 | target_val classes: present 8/14 | absent 6 | counts [0:26, 2:3, 3:5, 6:23, 9:41, 10:3, 11:11, 13:8]
2026-08-29 23:02:22 | Paired training classes: 8/14 | class ids [0, 2, 3, 6, 9, 10, 11, 13]
2026-08-29 23:02:22 | Runtime profile: batch=92 | paired_steps=6 | workers=16 | train_eval_every=5 | raw_eval_every=5 | stability_window=1 | lr_scheduler_start=24 | early_stop=15 after min_epoch=48
2026-08-29 23:02:22 | VIS/IR pairing: class-level-unpaired | count-mismatch classes train/val: 10/0 | AIS alignment: none | AIS rows train/val: 0/0
2026-08-29 23:02:23 | Effective Dual-D loss weights: {"adv_auxiliary": 0.03, "adv_primary": 0.03, "classification": 0.65, "contrastive": 0.0, "cycle": 0.16, "identity": 0.04, "prototype_contrastive": 0.03}
2026-08-29 23:02:23 | Model parameters: total=17277714 | trainable=17120210
Starting run 3/9: domain=黑天, iteration=3, seed=44
2026-08-29 23:02:29 | Epoch 001/060 | loss 5.9307 | cls 5.8513 | tal 0.2647 | dual_g 0.0000 | dual_d 0.0000 | train_acc 0.0906 | train_full 0.1978 | val_acc 0.2167 | val_f1 0.0947 | adv/moduleC 0.00/0.00 | disc_steps 0 | grad(main/disc) 15.919/0.000 | lr(main/disc) 8.50e-05/3.20e-05 | cuda_peak(alloc/resv) 21.77/28.18GB | phase(train/val/raw/train_eval) 4.0/0.6/0.6/0.9s | 6.1s
2026-08-29 23:02:32 | New best val_f1_macro_present: raw=0.0947 stable_score=0.0947 at epoch 1
2026-08-29 23:02:36 | Epoch 002/060 | loss 4.4228 | cls 4.4122 | tal 0.0352 | dual_g 0.0000 | dual_d 0.0000 | train_acc 0.2464 | train_full n/a | val_acc 0.1250 | val_f1 0.0692 | adv/moduleC 0.00/0.00 | disc_steps 0 | grad(main/disc) 11.707/0.000 | lr(main/disc) 8.50e-05/3.20e-05 | cuda_peak(alloc/resv) 21.77/28.18GB | phase(train/val/raw/train_eval) 3.4/0.6/0.0/0.0s | 4.0s
2026-08-29 23:02:40 | Epoch 003/060 | loss 3.8063 | cls 3.8144 | tal -0.0269 | dual_g 0.0000 | dual_d 0.0000 | train_acc 0.3949 | train_full n/a | val_acc 0.0833 | val_f1 0.0747 | adv/moduleC 0.00/0.00 | disc_steps 0 | grad(main/disc) 10.108/0.000 | lr(main/disc) 8.50e-05/3.20e-05 | cuda_peak(alloc/resv) 21.77/28.18GB | phase(train/val/raw/train_eval) 3.5/0.6/0.0/0.0s | 4.1s
2026-08-29 23:02:45 | Epoch 004/060 | loss 3.5664 | cls 3.2804 | tal -0.0816 | dual_g 0.3105 | dual_d 0.0000 | train_acc 0.4964 | train_full n/a | val_acc 0.1667 | val_f1 0.2174 | adv/moduleC 0.00/0.12 | disc_steps 0 | grad(main/disc) 9.749/0.000 | lr(main/disc) 8.50e-05/3.20e-05 | cuda_peak(alloc/resv) 21.77/28.18GB | phase(train/val/raw/train_eval) 3.8/0.6/0.6/0.0s | 5.0s
2026-08-29 23:02:48 | New best val_f1_macro_present: raw=0.2174 stable_score=0.2174 at epoch 4
2026-08-29 23:02:54 | Epoch 005/060 | loss 3.4257 | cls 2.9070 | tal -0.1357 | dual_g 0.5594 | dual_d 0.0000 | train_acc 0.5833 | train_full 0.2645 | val_acc 0.2667 | val_f1 0.3298 | adv/moduleC 0.00/0.25 | disc_steps 0 | grad(main/disc) 9.281/0.000 | lr(main/disc) 8.50e-05/3.20e-05 | cuda_peak(alloc/resv) 21.77/28.18GB | phase(train/val/raw/train_eval) 3.4/0.6/0.6/0.8s | 5.4s
2026-08-29 23:02:56 | New best val_f1_macro_present: raw=0.3298 stable_score=0.3298 at epoch 5
2026-08-29 23:03:01 | Epoch 006/060 | loss 3.3983 | cls 2.6642 | tal -0.1010 | dual_g 0.7644 | dual_d 0.8725 | train_acc 0.6268 | train_full n/a | val_acc 0.3667 | val_f1 0.4925 | adv/moduleC 0.07/0.38 | disc_steps 3 | grad(main/disc) 9.381/1.542 | lr(main/disc) 8.50e-05/3.20e-05 | cuda_peak(alloc/resv) 21.77/28.18GB | phase(train/val/raw/train_eval) 4.0/0.6/0.6/0.0s | 5.2s
2026-08-29 23:03:04 | New best val_f1_macro_present: raw=0.4925 stable_score=0.4925 at epoch 6
2026-08-29 23:03:09 | Epoch 007/060 | loss 3.3605 | cls 2.4334 | tal -0.0888 | dual_g 0.9538 | dual_d 0.8481 | train_acc 0.6975 | train_full n/a | val_acc 0.6750 | val_f1 0.7163 | adv/moduleC 0.13/0.50 | disc_steps 3 | grad(main/disc) 10.320/1.510 | lr(main/disc) 8.50e-05/3.20e-05 | cuda_peak(alloc/resv) 21.77/28.18GB | phase(train/val/raw/train_eval) 3.7/0.6/0.6/0.0s | 4.8s
2026-08-29 23:03:12 | New best val_f1_macro_present: raw=0.7163 stable_score=0.7163 at epoch 7
2026-08-29 23:03:17 | Epoch 008/060 | loss 3.4221 | cls 2.3119 | tal -0.0606 | dual_g 1.1284 | dual_d 0.8302 | train_acc 0.7464 | train_full n/a | val_acc 0.8000 | val_f1 0.7738 | adv/moduleC 0.20/0.62 | disc_steps 3 | grad(main/disc) 11.304/1.462 | lr(main/disc) 8.50e-05/3.20e-05 | cuda_peak(alloc/resv) 21.77/28.18GB | phase(train/val/raw/train_eval) 3.8/0.6/0.6/0.0s | 5.0s
2026-08-29 23:03:20 | New best val_f1_macro_present: raw=0.7738 stable_score=0.7738 at epoch 8
2026-08-29 23:03:24 | Epoch 009/060 | loss 3.3146 | cls 2.1055 | tal -0.0433 | dual_g 1.2221 | dual_d 0.8604 | train_acc 0.7899 | train_full n/a | val_acc 0.7917 | val_f1 0.7692 | adv/moduleC 0.27/0.75 | disc_steps 3 | grad(main/disc) 10.654/1.455 | lr(main/disc) 8.50e-05/3.20e-05 | cuda_peak(alloc/resv) 21.77/28.18GB | phase(train/val/raw/train_eval) 3.4/0.6/0.0/0.0s | 4.0s
2026-08-29 23:03:30 | Epoch 010/060 | loss 3.2884 | cls 1.9783 | tal -0.0372 | dual_g 1.3213 | dual_d 0.8362 | train_acc 0.8188 | train_full 0.7677 | val_acc 0.7250 | val_f1 0.7077 | adv/moduleC 0.33/0.88 | disc_steps 3 | grad(main/disc) 10.130/1.397 | lr(main/disc) 8.50e-05/3.20e-05 | cuda_peak(alloc/resv) 21.77/28.18GB | phase(train/val/raw/train_eval) 3.8/0.6/0.6/0.8s | 5.9s
2026-08-29 23:03:35 | Epoch 011/060 | loss 3.3149 | cls 1.8497 | tal -0.0549 | dual_g 1.4817 | dual_d 0.8353 | train_acc 0.8587 | train_full n/a | val_acc 0.8750 | val_f1 0.8563 | adv/moduleC 0.40/1.00 | disc_steps 3 | grad(main/disc) 13.261/1.399 | lr(main/disc) 8.50e-05/3.20e-05 | cuda_peak(alloc/resv) 21.77/28.18GB | phase(train/val/raw/train_eval) 3.7/0.6/0.6/0.0s | 4.8s
2026-08-29 23:03:38 | New best val_f1_macro_present: raw=0.8563 stable_score=0.8563 at epoch 11
2026-08-29 23:03:43 | Epoch 012/060 | loss 3.1246 | cls 1.7715 | tal -0.0916 | dual_g 1.3806 | dual_d 0.8451 | train_acc 0.8659 | train_full n/a | val_acc 0.9000 | val_f1 0.8639 | adv/moduleC 0.47/1.00 | disc_steps 3 | grad(main/disc) 10.978/1.362 | lr(main/disc) 8.50e-05/3.20e-05 | cuda_peak(alloc/resv) 21.77/28.18GB | phase(train/val/raw/train_eval) 4.0/0.6/0.6/0.0s | 5.1s
2026-08-29 23:03:46 | New best val_f1_macro_present: raw=0.8639 stable_score=0.8639 at epoch 12
2026-08-29 23:03:50 | Epoch 013/060 | loss 2.9191 | cls 1.6614 | tal -0.0787 | dual_g 1.2814 | dual_d 0.8629 | train_acc 0.8931 | train_full n/a | val_acc 0.8583 | val_f1 0.8278 | adv/moduleC 0.53/1.00 | disc_steps 3 | grad(main/disc) 9.245/1.386 | lr(main/disc) 8.50e-05/3.20e-05 | cuda_peak(alloc/resv) 21.77/28.18GB | phase(train/val/raw/train_eval) 3.4/0.6/0.0/0.0s | 4.0s
2026-08-29 23:03:54 | Epoch 014/060 | loss 2.8944 | cls 1.6461 | tal -0.0813 | dual_g 1.2726 | dual_d 0.8559 | train_acc 0.9149 | train_full n/a | val_acc 0.8417 | val_f1 0.8043 | adv/moduleC 0.60/1.00 | disc_steps 3 | grad(main/disc) 9.237/1.308 | lr(main/disc) 8.50e-05/3.20e-05 | cuda_peak(alloc/resv) 21.77/28.18GB | phase(train/val/raw/train_eval) 3.5/0.6/0.0/0.0s | 4.1s
2026-08-29 23:04:00 | Epoch 015/060 | loss 2.8621 | cls 1.6223 | tal -0.0999 | dual_g 1.2698 | dual_d 0.8702 | train_acc 0.9076 | train_full 0.9204 | val_acc 0.9167 | val_f1 0.8902 | adv/moduleC 0.67/1.00 | disc_steps 3 | grad(main/disc) 11.157/1.382 | lr(main/disc) 8.50e-05/3.20e-05 | cuda_peak(alloc/resv) 21.77/28.18GB | phase(train/val/raw/train_eval) 3.8/0.6/0.6/0.9s | 5.9s
2026-08-29 23:04:02 | New best val_f1_macro_present: raw=0.8902 stable_score=0.8902 at epoch 15
2026-08-29 23:04:07 | Epoch 016/060 | loss 2.7375 | cls 1.5571 | tal -0.1194 | dual_g 1.2162 | dual_d 0.8348 | train_acc 0.9275 | train_full n/a | val_acc 0.9000 | val_f1 0.8828 | adv/moduleC 0.73/1.00 | disc_steps 3 | grad(main/disc) 11.183/1.311 | lr(main/disc) 8.50e-05/3.20e-05 | cuda_peak(alloc/resv) 21.77/28.18GB | phase(train/val/raw/train_eval) 3.8/0.6/0.0/0.0s | 4.4s
2026-08-29 23:04:11 | Epoch 017/060 | loss 2.6902 | cls 1.5429 | tal -0.1397 | dual_g 1.1892 | dual_d 0.8105 | train_acc 0.9330 | train_full n/a | val_acc 0.8833 | val_f1 0.8533 | adv/moduleC 0.80/1.00 | disc_steps 3 | grad(main/disc) 9.542/1.273 | lr(main/disc) 8.50e-05/3.20e-05 | cuda_peak(alloc/resv) 21.77/28.18GB | phase(train/val/raw/train_eval) 3.8/0.6/0.0/0.0s | 4.4s
2026-08-29 23:04:16 | Epoch 018/060 | loss 2.5532 | cls 1.4482 | tal -0.0944 | dual_g 1.1333 | dual_d 0.8227 | train_acc 0.9457 | train_full n/a | val_acc 0.9167 | val_f1 0.8946 | adv/moduleC 0.87/1.00 | disc_steps 3 | grad(main/disc) 7.381/1.272 | lr(main/disc) 8.50e-05/3.20e-05 | cuda_peak(alloc/resv) 21.77/28.18GB | phase(train/val/raw/train_eval) 3.5/0.6/0.6/0.0s | 4.7s
2026-08-29 23:04:19 | New best val_f1_macro_present: raw=0.8946 stable_score=0.8946 at epoch 18
2026-08-29 23:04:23 | Epoch 019/060 | loss 2.5207 | cls 1.4101 | tal -0.0524 | dual_g 1.1262 | dual_d 0.8319 | train_acc 0.9457 | train_full n/a | val_acc 0.9417 | val_f1 0.9324 | adv/moduleC 0.93/1.00 | disc_steps 3 | grad(main/disc) 7.232/1.268 | lr(main/disc) 8.50e-05/3.20e-05 | cuda_peak(alloc/resv) 21.77/28.18GB | phase(train/val/raw/train_eval) 3.6/0.6/0.6/0.0s | 4.8s
2026-08-29 23:04:26 | New best val_f1_macro_present: raw=0.9324 stable_score=0.9324 at epoch 19
2026-08-29 23:04:32 | Epoch 020/060 | loss 2.5031 | cls 1.4053 | tal -0.0133 | dual_g 1.1019 | dual_d 0.8342 | train_acc 0.9638 | train_full 0.9591 | val_acc 0.9333 | val_f1 0.9128 | adv/moduleC 1.00/1.00 | disc_steps 3 | grad(main/disc) 6.998/1.258 | lr(main/disc) 8.50e-05/3.20e-05 | cuda_peak(alloc/resv) 21.77/28.18GB | phase(train/val/raw/train_eval) 3.5/0.6/0.6/0.8s | 5.4s
2026-08-29 23:04:36 | Epoch 021/060 | loss 2.4368 | cls 1.3899 | tal -0.0848 | dual_g 1.0723 | dual_d 0.8360 | train_acc 0.9764 | train_full n/a | val_acc 0.9250 | val_f1 0.8896 | adv/moduleC 1.00/1.00 | disc_steps 3 | grad(main/disc) 7.647/1.249 | lr(main/disc) 8.50e-05/3.20e-05 | cuda_peak(alloc/resv) 21.77/28.18GB | phase(train/val/raw/train_eval) 3.5/0.6/0.0/0.0s | 4.1s
2026-08-29 23:04:41 | Epoch 022/060 | loss 2.3729 | cls 1.3404 | tal -0.0761 | dual_g 1.0554 | dual_d 0.8520 | train_acc 0.9764 | train_full n/a | val_acc 0.9333 | val_f1 0.9347 | adv/moduleC 1.00/1.00 | disc_steps 3 | grad(main/disc) 6.210/1.271 | lr(main/disc) 8.50e-05/3.20e-05 | cuda_peak(alloc/resv) 21.77/28.18GB | phase(train/val/raw/train_eval) 3.6/0.6/0.6/0.0s | 4.8s
2026-08-29 23:04:43 | New best val_f1_macro_present: raw=0.9347 stable_score=0.9347 at epoch 22
2026-08-29 23:04:47 | Epoch 023/060 | loss 2.3526 | cls 1.3443 | tal -0.1096 | dual_g 1.0412 | dual_d 0.9006 | train_acc 0.9764 | train_full n/a | val_acc 0.9250 | val_f1 0.8906 | adv/moduleC 1.00/1.00 | disc_steps 3 | grad(main/disc) 6.292/1.318 | lr(main/disc) 8.50e-05/3.20e-05 | cuda_peak(alloc/resv) 21.77/28.18GB | phase(train/val/raw/train_eval) 3.6/0.6/0.0/0.0s | 4.2s
2026-08-29 23:04:51 | Epoch 024/060 | loss 2.3403 | cls 1.3133 | tal -0.1036 | dual_g 1.0581 | dual_d 0.9001 | train_acc 0.9728 | train_full n/a | val_acc 0.9333 | val_f1 0.9020 | adv/moduleC 1.00/1.00 | disc_steps 3 | grad(main/disc) 6.242/1.283 | lr(main/disc) 8.50e-05/3.20e-05 | cuda_peak(alloc/resv) 21.77/28.18GB | phase(train/val/raw/train_eval) 3.4/0.6/0.0/0.0s | 4.0s
2026-08-29 23:04:57 | Epoch 025/060 | loss 2.2680 | cls 1.2956 | tal -0.1397 | dual_g 1.0144 | dual_d 0.8913 | train_acc 0.9873 | train_full 0.9806 | val_acc 0.9333 | val_f1 0.9074 | adv/moduleC 1.00/1.00 | disc_steps 3 | grad(main/disc) 4.738/1.263 | lr(main/disc) 8.50e-05/3.20e-05 | cuda_peak(alloc/resv) 21.77/28.18GB | phase(train/val/raw/train_eval) 3.7/0.6/0.6/0.9s | 5.7s
2026-08-29 23:05:02 | Epoch 026/060 | loss 2.2803 | cls 1.2962 | tal -0.1649 | dual_g 1.0335 | dual_d 0.8717 | train_acc 0.9873 | train_full n/a | val_acc 0.9500 | val_f1 0.9418 | adv/moduleC 1.00/1.00 | disc_steps 3 | grad(main/disc) 6.477/1.251 | lr(main/disc) 8.50e-05/3.20e-05 | cuda_peak(alloc/resv) 21.77/28.18GB | phase(train/val/raw/train_eval) 3.3/0.6/0.6/0.0s | 4.5s
2026-08-29 23:05:04 | New best val_f1_macro_present: raw=0.9418 stable_score=0.9418 at epoch 26
2026-08-29 23:05:09 | Epoch 027/060 | loss 2.2290 | cls 1.2676 | tal -0.1673 | dual_g 1.0116 | dual_d 0.9073 | train_acc 0.9837 | train_full n/a | val_acc 0.9250 | val_f1 0.8894 | adv/moduleC 1.00/1.00 | disc_steps 3 | grad(main/disc) 4.556/1.310 | lr(main/disc) 8.50e-05/3.20e-05 | cuda_peak(alloc/resv) 21.77/28.18GB | phase(train/val/raw/train_eval) 3.8/0.6/0.0/0.0s | 4.4s
2026-08-29 23:05:13 | Epoch 028/060 | loss 2.2482 | cls 1.2943 | tal -0.1919 | dual_g 1.0114 | dual_d 0.8883 | train_acc 0.9855 | train_full n/a | val_acc 0.9583 | val_f1 0.9407 | adv/moduleC 1.00/1.00 | disc_steps 3 | grad(main/disc) 4.611/1.272 | lr(main/disc) 8.50e-05/3.20e-05 | cuda_peak(alloc/resv) 21.77/28.18GB | phase(train/val/raw/train_eval) 3.5/0.6/0.0/0.0s | 4.1s
2026-08-29 23:05:18 | Epoch 029/060 | loss 2.2100 | cls 1.2641 | tal -0.1660 | dual_g 0.9956 | dual_d 0.9115 | train_acc 0.9928 | train_full n/a | val_acc 0.9667 | val_f1 0.9594 | adv/moduleC 1.00/1.00 | disc_steps 3 | grad(main/disc) 3.880/1.294 | lr(main/disc) 8.50e-05/3.20e-05 | cuda_peak(alloc/resv) 21.77/28.18GB | phase(train/val/raw/train_eval) 3.4/0.6/0.6/0.0s | 4.6s
2026-08-29 23:05:21 | New best val_f1_macro_present: raw=0.9594 stable_score=0.9594 at epoch 29
2026-08-29 23:05:26 | Epoch 030/060 | loss 2.2396 | cls 1.2799 | tal -0.1539 | dual_g 1.0059 | dual_d 0.9605 | train_acc 0.9891 | train_full 0.9806 | val_acc 0.9750 | val_f1 0.9644 | adv/moduleC 1.00/1.00 | disc_steps 3 | grad(main/disc) 5.296/1.296 | lr(main/disc) 8.50e-05/3.20e-05 | cuda_peak(alloc/resv) 21.77/28.18GB | phase(train/val/raw/train_eval) 3.4/0.6/0.6/0.8s | 5.4s
2026-08-29 23:05:29 | New best val_f1_macro_present: raw=0.9644 stable_score=0.9644 at epoch 30
2026-08-29 23:05:33 | Epoch 031/060 | loss 2.1905 | cls 1.2431 | tal -0.1177 | dual_g 0.9827 | dual_d 0.9188 | train_acc 0.9909 | train_full n/a | val_acc 0.9417 | val_f1 0.9177 | adv/moduleC 1.00/1.00 | disc_steps 3 | grad(main/disc) 3.588/1.232 | lr(main/disc) 8.50e-05/3.20e-05 | cuda_peak(alloc/resv) 21.77/28.18GB | phase(train/val/raw/train_eval) 3.7/0.6/0.0/0.0s | 4.3s
2026-08-29 23:05:37 | Epoch 032/060 | loss 2.2172 | cls 1.2599 | tal -0.0893 | dual_g 0.9840 | dual_d 0.9414 | train_acc 0.9891 | train_full n/a | val_acc 0.9583 | val_f1 0.9529 | adv/moduleC 1.00/1.00 | disc_steps 3 | grad(main/disc) 5.049/1.270 | lr(main/disc) 8.50e-05/3.20e-05 | cuda_peak(alloc/resv) 21.77/28.18GB | phase(train/val/raw/train_eval) 3.8/0.6/0.0/0.0s | 4.4s
2026-08-29 23:05:42 | Epoch 033/060 | loss 2.1944 | cls 1.2388 | tal -0.0718 | dual_g 0.9772 | dual_d 0.9531 | train_acc 0.9946 | train_full n/a | val_acc 0.9667 | val_f1 0.9494 | adv/moduleC 1.00/1.00 | disc_steps 3 | grad(main/disc) 3.336/1.281 | lr(main/disc) 8.50e-05/3.20e-05 | cuda_peak(alloc/resv) 21.77/28.18GB | phase(train/val/raw/train_eval) 3.6/0.6/0.0/0.0s | 4.2s
2026-08-29 23:05:46 | Epoch 034/060 | loss 2.1806 | cls 1.2316 | tal -0.0967 | dual_g 0.9780 | dual_d 0.9704 | train_acc 0.9928 | train_full n/a | val_acc 0.9667 | val_f1 0.9594 | adv/moduleC 1.00/1.00 | disc_steps 3 | grad(main/disc) 3.432/1.345 | lr(main/disc) 8.50e-05/3.20e-05 | cuda_peak(alloc/resv) 21.77/28.18GB | phase(train/val/raw/train_eval) 3.4/0.6/0.0/0.0s | 4.0s
2026-08-29 23:05:52 | Epoch 035/060 | loss 2.1601 | cls 1.2328 | tal -0.1258 | dual_g 0.9650 | dual_d 0.9907 | train_acc 0.9946 | train_full 0.9763 | val_acc 0.9417 | val_f1 0.9197 | adv/moduleC 1.00/1.00 | disc_steps 3 | grad(main/disc) 3.473/1.267 | lr(main/disc) 8.50e-05/3.20e-05 | cuda_peak(alloc/resv) 21.77/28.18GB | phase(train/val/raw/train_eval) 3.8/0.6/0.6/0.9s | 5.9s
2026-08-29 23:05:55 | Epoch 036/060 | loss 2.1337 | cls 1.2235 | tal -0.1768 | dual_g 0.9632 | dual_d 0.9808 | train_acc 0.9946 | train_full n/a | val_acc 0.9500 | val_f1 0.9265 | adv/moduleC 1.00/1.00 | disc_steps 3 | grad(main/disc) 2.843/1.323 | lr(main/disc) 8.50e-05/3.20e-05 | cuda_peak(alloc/resv) 21.77/28.18GB | phase(train/val/raw/train_eval) 3.3/0.6/0.0/0.0s | 3.9s
2026-08-29 23:05:59 | Epoch 037/060 | loss 2.1344 | cls 1.2270 | tal -0.1868 | dual_g 0.9634 | dual_d 0.9499 | train_acc 0.9946 | train_full n/a | val_acc 0.9667 | val_f1 0.9579 | adv/moduleC 1.00/1.00 | disc_steps 3 | grad(main/disc) 3.491/1.254 | lr(main/disc) 8.50e-05/3.20e-05 | cuda_peak(alloc/resv) 21.77/28.18GB | phase(train/val/raw/train_eval) 3.4/0.6/0.0/0.0s | 3.9s
2026-08-29 23:06:04 | Epoch 038/060 | loss 2.1332 | cls 1.2208 | tal -0.1460 | dual_g 0.9561 | dual_d 0.9707 | train_acc 0.9946 | train_full n/a | val_acc 0.9167 | val_f1 0.9229 | adv/moduleC 1.00/1.00 | disc_steps 3 | grad(main/disc) 2.761/1.319 | lr(main/disc) 8.50e-05/3.20e-05 | cuda_peak(alloc/resv) 21.77/28.18GB | phase(train/val/raw/train_eval) 3.7/0.6/0.0/0.0s | 4.2s
2026-08-29 23:06:08 | Epoch 039/060 | loss 2.1263 | cls 1.2209 | tal -0.1586 | dual_g 0.9530 | dual_d 0.9715 | train_acc 0.9946 | train_full n/a | val_acc 0.9500 | val_f1 0.9443 | adv/moduleC 1.00/1.00 | disc_steps 3 | grad(main/disc) 4.451/1.266 | lr(main/disc) 4.25e-05/1.60e-05 | cuda_peak(alloc/resv) 21.77/28.18GB | phase(train/val/raw/train_eval) 3.6/0.6/0.0/0.0s | 4.2s
2026-08-29 23:06:13 | Epoch 040/060 | loss 2.1110 | cls 1.2250 | tal -0.1983 | dual_g 0.9455 | dual_d 0.9862 | train_acc 0.9891 | train_full 0.9914 | val_acc 0.9583 | val_f1 0.9507 | adv/moduleC 1.00/1.00 | disc_steps 3 | grad(main/disc) 3.599/1.269 | lr(main/disc) 4.25e-05/1.60e-05 | cuda_peak(alloc/resv) 21.77/28.18GB | phase(train/val/raw/train_eval) 3.5/0.6/0.6/0.9s | 5.5s
2026-08-29 23:06:17 | Epoch 041/060 | loss 2.0803 | cls 1.2032 | tal -0.2423 | dual_g 0.9498 | dual_d 0.9869 | train_acc 0.9946 | train_full n/a | val_acc 0.9750 | val_f1 0.9644 | adv/moduleC 1.00/1.00 | disc_steps 3 | grad(main/disc) 2.991/1.278 | lr(main/disc) 4.25e-05/1.60e-05 | cuda_peak(alloc/resv) 21.77/28.18GB | phase(train/val/raw/train_eval) 3.3/0.6/0.0/0.0s | 3.9s
2026-08-29 23:06:21 | Epoch 042/060 | loss 2.0762 | cls 1.1973 | tal -0.2275 | dual_g 0.9472 | dual_d 0.9679 | train_acc 1.0000 | train_full n/a | val_acc 0.9667 | val_f1 0.9569 | adv/moduleC 1.00/1.00 | disc_steps 3 | grad(main/disc) 2.102/1.269 | lr(main/disc) 4.25e-05/1.60e-05 | cuda_peak(alloc/resv) 21.77/28.18GB | phase(train/val/raw/train_eval) 3.6/0.6/0.0/0.0s | 4.2s
2026-08-29 23:06:26 | Epoch 043/060 | loss 2.1023 | cls 1.1999 | tal -0.1492 | dual_g 0.9472 | dual_d 1.0129 | train_acc 0.9928 | train_full n/a | val_acc 0.9833 | val_f1 0.9714 | adv/moduleC 1.00/1.00 | disc_steps 3 | grad(main/disc) 2.989/1.300 | lr(main/disc) 4.25e-05/1.60e-05 | cuda_peak(alloc/resv) 21.77/28.18GB | phase(train/val/raw/train_eval) 3.5/0.6/0.6/0.0s | 4.6s
2026-08-29 23:06:29 | New best val_f1_macro_present: raw=0.9714 stable_score=0.9714 at epoch 43
2026-08-29 23:06:33 | Epoch 044/060 | loss 2.0852 | cls 1.2038 | tal -0.1904 | dual_g 0.9386 | dual_d 1.0039 | train_acc 0.9982 | train_full n/a | val_acc 0.9583 | val_f1 0.9542 | adv/moduleC 1.00/1.00 | disc_steps 3 | grad(main/disc) 2.444/1.304 | lr(main/disc) 4.25e-05/1.60e-05 | cuda_peak(alloc/resv) 21.77/28.18GB | phase(train/val/raw/train_eval) 3.7/0.6/0.0/0.0s | 4.3s
2026-08-29 23:06:39 | Epoch 045/060 | loss 2.0995 | cls 1.2113 | tal -0.1800 | dual_g 0.9422 | dual_d 1.0391 | train_acc 0.9982 | train_full 0.9892 | val_acc 0.9667 | val_f1 0.9569 | adv/moduleC 1.00/1.00 | disc_steps 3 | grad(main/disc) 2.708/1.305 | lr(main/disc) 4.25e-05/1.60e-05 | cuda_peak(alloc/resv) 21.77/28.18GB | phase(train/val/raw/train_eval) 3.5/0.6/0.6/0.8s | 5.5s
2026-08-29 23:06:43 | Epoch 046/060 | loss 2.0908 | cls 1.2026 | tal -0.1686 | dual_g 0.9388 | dual_d 0.9895 | train_acc 0.9964 | train_full n/a | val_acc 0.9750 | val_f1 0.9644 | adv/moduleC 1.00/1.00 | disc_steps 3 | grad(main/disc) 2.886/1.262 | lr(main/disc) 4.25e-05/1.60e-05 | cuda_peak(alloc/resv) 21.77/28.18GB | phase(train/val/raw/train_eval) 3.6/0.6/0.0/0.0s | 4.2s
2026-08-29 23:06:47 | Epoch 047/060 | loss 2.0851 | cls 1.2037 | tal -0.1711 | dual_g 0.9327 | dual_d 0.9901 | train_acc 1.0000 | train_full n/a | val_acc 0.9833 | val_f1 0.9714 | adv/moduleC 1.00/1.00 | disc_steps 3 | grad(main/disc) 2.365/1.275 | lr(main/disc) 4.25e-05/1.60e-05 | cuda_peak(alloc/resv) 21.77/28.18GB | phase(train/val/raw/train_eval) 3.4/0.6/0.0/0.0s | 4.0s
2026-08-29 23:06:51 | Epoch 048/060 | loss 2.0842 | cls 1.2051 | tal -0.1830 | dual_g 0.9340 | dual_d 1.0301 | train_acc 0.9982 | train_full n/a | val_acc 0.9833 | val_f1 0.9714 | adv/moduleC 1.00/1.00 | disc_steps 3 | grad(main/disc) 2.447/1.304 | lr(main/disc) 4.25e-05/1.60e-05 | cuda_peak(alloc/resv) 21.77/28.18GB | phase(train/val/raw/train_eval) 3.3/0.6/0.0/0.0s | 3.9s
2026-08-29 23:06:55 | Epoch 049/060 | loss 2.0964 | cls 1.2075 | tal -0.2007 | dual_g 0.9491 | dual_d 0.9905 | train_acc 1.0000 | train_full n/a | val_acc 0.9750 | val_f1 0.9626 | adv/moduleC 1.00/1.00 | disc_steps 3 | grad(main/disc) 2.507/1.237 | lr(main/disc) 4.25e-05/1.60e-05 | cuda_peak(alloc/resv) 21.77/28.18GB | phase(train/val/raw/train_eval) 3.8/0.6/0.0/0.0s | 4.4s
2026-08-29 23:07:00 | Epoch 050/060 | loss 2.0607 | cls 1.1933 | tal -0.2045 | dual_g 0.9287 | dual_d 0.9839 | train_acc 1.0000 | train_full 0.9957 | val_acc 0.9750 | val_f1 0.9644 | adv/moduleC 1.00/1.00 | disc_steps 3 | grad(main/disc) 1.728/1.267 | lr(main/disc) 4.25e-05/1.60e-05 | cuda_peak(alloc/resv) 21.77/28.18GB | phase(train/val/raw/train_eval) 3.3/0.6/0.6/0.8s | 5.3s
2026-08-29 23:07:04 | Epoch 051/060 | loss 2.0576 | cls 1.1914 | tal -0.2149 | dual_g 0.9307 | dual_d 0.9960 | train_acc 0.9982 | train_full n/a | val_acc 0.9667 | val_f1 0.9579 | adv/moduleC 1.00/1.00 | disc_steps 3 | grad(main/disc) 2.134/1.281 | lr(main/disc) 4.25e-05/1.60e-05 | cuda_peak(alloc/resv) 21.77/28.18GB | phase(train/val/raw/train_eval) 3.4/0.6/0.0/0.0s | 4.0s
2026-08-29 23:07:09 | Epoch 052/060 | loss 2.0627 | cls 1.1980 | tal -0.2094 | dual_g 0.9276 | dual_d 0.9571 | train_acc 0.9982 | train_full n/a | val_acc 0.9667 | val_f1 0.9466 | adv/moduleC 1.00/1.00 | disc_steps 3 | grad(main/disc) 2.078/1.246 | lr(main/disc) 2.13e-05/8.00e-06 | cuda_peak(alloc/resv) 21.77/28.18GB | phase(train/val/raw/train_eval) 4.0/0.6/0.0/0.0s | 4.5s
2026-08-29 23:07:14 | Epoch 053/060 | loss 2.0598 | cls 1.1975 | tal -0.2272 | dual_g 0.9305 | dual_d 0.9910 | train_acc 0.9964 | train_full n/a | val_acc 0.9750 | val_f1 0.9644 | adv/moduleC 1.00/1.00 | disc_steps 3 | grad(main/disc) 2.251/1.268 | lr(main/disc) 2.13e-05/8.00e-06 | cuda_peak(alloc/resv) 21.77/28.18GB | phase(train/val/raw/train_eval) 4.0/0.6/0.0/0.0s | 4.5s
2026-08-29 23:07:17 | Epoch 054/060 | loss 2.0633 | cls 1.1960 | tal -0.2224 | dual_g 0.9341 | dual_d 0.9940 | train_acc 0.9982 | train_full n/a | val_acc 0.9750 | val_f1 0.9644 | adv/moduleC 1.00/1.00 | disc_steps 3 | grad(main/disc) 2.356/1.280 | lr(main/disc) 2.13e-05/8.00e-06 | cuda_peak(alloc/resv) 21.77/28.18GB | phase(train/val/raw/train_eval) 3.2/0.6/0.0/0.0s | 3.8s
2026-08-29 23:07:23 | Epoch 055/060 | loss 2.0712 | cls 1.2013 | tal -0.1724 | dual_g 0.9217 | dual_d 1.0204 | train_acc 0.9946 | train_full 0.9957 | val_acc 0.9750 | val_f1 0.9644 | adv/moduleC 1.00/1.00 | disc_steps 3 | grad(main/disc) 2.521/1.297 | lr(main/disc) 2.13e-05/8.00e-06 | cuda_peak(alloc/resv) 21.77/28.18GB | phase(train/val/raw/train_eval) 3.5/0.6/0.6/0.8s | 5.5s
2026-08-29 23:07:27 | Epoch 056/060 | loss 2.0733 | cls 1.1941 | tal -0.1659 | dual_g 0.9290 | dual_d 0.9828 | train_acc 0.9982 | train_full n/a | val_acc 0.9750 | val_f1 0.9644 | adv/moduleC 1.00/1.00 | disc_steps 3 | grad(main/disc) 2.261/1.281 | lr(main/disc) 2.13e-05/8.00e-06 | cuda_peak(alloc/resv) 21.77/28.18GB | phase(train/val/raw/train_eval) 3.4/0.6/0.0/0.0s | 4.0s
2026-08-29 23:07:31 | Epoch 057/060 | loss 2.0699 | cls 1.1863 | tal -0.1471 | dual_g 0.9277 | dual_d 0.9920 | train_acc 1.0000 | train_full n/a | val_acc 0.9833 | val_f1 0.9714 | adv/moduleC 1.00/1.00 | disc_steps 3 | grad(main/disc) 1.963/1.251 | lr(main/disc) 2.13e-05/8.00e-06 | cuda_peak(alloc/resv) 21.77/28.18GB | phase(train/val/raw/train_eval) 3.3/0.6/0.0/0.0s | 3.8s
2026-08-29 23:07:35 | Epoch 058/060 | loss 2.0701 | cls 1.1934 | tal -0.1537 | dual_g 0.9228 | dual_d 1.0067 | train_acc 1.0000 | train_full n/a | val_acc 0.9833 | val_f1 0.9714 | adv/moduleC 1.00/1.00 | disc_steps 3 | grad(main/disc) 2.115/1.293 | lr(main/disc) 2.13e-05/8.00e-06 | cuda_peak(alloc/resv) 21.77/28.18GB | phase(train/val/raw/train_eval) 3.4/0.6/0.0/0.0s | 4.0s
2026-08-29 23:07:35 | Early stopping at epoch 58 after 15 epochs without val_f1_macro_present improvement.
2026-08-29 23:07:35 | Training complete. Peak validation accuracy: 0.9833 | selected val_f1_macro_present: 0.9714
2026-08-29 23:07:35 | Starting Dual_D standalone training
2026-08-29 23:07:35 | Run directory: runs/module_c_ablation_60_v8/module_c_20260829_205331/module_c_no_paired_contrastive_逆光_20260829_225211
2026-08-29 23:07:35 | Device: cuda
2026-08-29 23:07:35 | Source train samples: 992
2026-08-29 23:07:35 | Target train samples: 132
2026-08-29 23:07:35 | Target val samples: 37
2026-08-29 23:07:35 | Classes: 14
2026-08-29 23:07:35 | Data audit: same_dir=False | path_overlap(vis/ir/ais)=0/0/0 | content_overlap(vis/ir/ais)=0/0/0 | ais_index_overlap=0 | stem_mismatch(vis-ir/vis-ais)=157/0
2026-08-29 23:07:35 | source_train classes: present 14/14 | absent 0 | counts [0:120, 1:44, 2:69, 3:45, 4:40, 5:30, 6:64, 7:80, 8:116, 9:68, 10:57, 11:83, 12:48, 13:128]
2026-08-29 23:07:35 | target_train classes: present 9/14 | absent 5 | counts [0:20, 2:12, 4:12, 5:2, 9:16, 10:16, 11:29, 12:4, 13:21]
2026-08-29 23:07:35 | target_val classes: present 9/14 | absent 5 | counts [0:6, 2:3, 4:4, 5:1, 9:4, 10:4, 11:8, 12:1, 13:6]
2026-08-29 23:07:35 | Paired training classes: 9/14 | class ids [0, 2, 4, 5, 9, 10, 11, 12, 13]
2026-08-29 23:07:35 | Runtime profile: batch=92 | paired_steps=4 | workers=16 | train_eval_every=5 | raw_eval_every=5 | stability_window=3 | lr_scheduler_start=28 | early_stop=18 after min_epoch=45
2026-08-29 23:07:35 | VIS/IR pairing: class-level-unpaired | count-mismatch classes train/val: 10/1 | AIS alignment: none | AIS rows train/val: 0/0
2026-08-29 23:07:36 | Effective Dual-D loss weights: {"adv_auxiliary": 0.025, "adv_primary": 0.025, "classification": 0.2, "contrastive": 0.0, "cycle": 0.12, "identity": 0.045, "prototype_contrastive": 0.06}
2026-08-29 23:07:36 | Model parameters: total=17277714 | trainable=17120210
Starting run 4/9: domain=逆光, iteration=1, seed=45
2026-08-29 23:07:41 | Epoch 001/060 | loss 6.1941 | cls 6.2475 | tal -0.1781 | dual_g 0.0000 | dual_d 0.0000 | train_acc 0.0543 | train_full 0.0152 | val_acc 0.0000 | val_f1 0.0000 | adv/moduleC 0.00/0.00 | disc_steps 0 | grad(main/disc) 16.991/0.000 | lr(main/disc) 5.50e-05/2.40e-05 | cuda_peak(alloc/resv) 21.77/28.18GB | phase(train/val/raw/train_eval) 3.8/0.5/0.5/0.7s | 5.5s
2026-08-29 23:07:45 | Epoch 002/060 | loss 5.2852 | cls 5.3111 | tal -0.0862 | dual_g 0.0000 | dual_d 0.0000 | train_acc 0.1033 | train_full n/a | val_acc 0.1081 | val_f1 0.0638 | adv/moduleC 0.00/0.00 | disc_steps 0 | grad(main/disc) 14.702/0.000 | lr(main/disc) 5.50e-05/2.40e-05 | cuda_peak(alloc/resv) 21.77/28.18GB | phase(train/val/raw/train_eval) 2.9/0.5/0.0/0.0s | 3.4s
2026-08-29 23:07:49 | Epoch 003/060 | loss 4.6546 | cls 4.6939 | tal -0.1308 | dual_g 0.0000 | dual_d 0.0000 | train_acc 0.2418 | train_full n/a | val_acc 0.2162 | val_f1 0.1241 | adv/moduleC 0.00/0.00 | disc_steps 0 | grad(main/disc) 12.524/0.000 | lr(main/disc) 5.50e-05/2.40e-05 | cuda_peak(alloc/resv) 21.77/28.18GB | phase(train/val/raw/train_eval) 3.2/0.5/0.5/0.0s | 4.1s
2026-08-29 23:07:52 | New best val_f1_macro_present: raw=0.1241 stable_score=0.0000 at epoch 3
2026-08-29 23:07:56 | Epoch 004/060 | loss 4.1762 | cls 4.2346 | tal -0.1949 | dual_g 0.0000 | dual_d 0.0000 | train_acc 0.2962 | train_full n/a | val_acc 0.3243 | val_f1 0.2224 | adv/moduleC 0.00/0.00 | disc_steps 0 | grad(main/disc) 11.609/0.000 | lr(main/disc) 5.50e-05/2.40e-05 | cuda_peak(alloc/resv) 21.77/28.18GB | phase(train/val/raw/train_eval) 3.4/0.5/0.5/0.0s | 4.4s
2026-08-29 23:07:59 | New best val_f1_macro_present: raw=0.2224 stable_score=0.0638 at epoch 4
2026-08-29 23:08:04 | Epoch 005/060 | loss 3.9555 | cls 4.0161 | tal -0.2018 | dual_g 0.0000 | dual_d 0.0000 | train_acc 0.3587 | train_full 0.4773 | val_acc 0.5405 | val_f1 0.4952 | adv/moduleC 0.00/0.00 | disc_steps 0 | grad(main/disc) 11.018/0.000 | lr(main/disc) 5.50e-05/2.40e-05 | cuda_peak(alloc/resv) 21.77/28.18GB | phase(train/val/raw/train_eval) 3.5/0.5/0.5/0.7s | 5.2s
2026-08-29 23:08:07 | New best val_f1_macro_present: raw=0.4952 stable_score=0.1241 at epoch 5
2026-08-29 23:08:10 | Epoch 006/060 | loss 3.7923 | cls 3.7571 | tal -0.2273 | dual_g 0.1034 | dual_d 0.0000 | train_acc 0.4158 | train_full n/a | val_acc 0.5946 | val_f1 0.5816 | adv/moduleC 0.00/0.10 | disc_steps 0 | grad(main/disc) 10.470/0.000 | lr(main/disc) 5.50e-05/2.40e-05 | cuda_peak(alloc/resv) 21.77/28.18GB | phase(train/val/raw/train_eval) 2.8/0.5/0.5/0.0s | 3.8s
2026-08-29 23:08:13 | New best val_f1_macro_present: raw=0.5816 stable_score=0.2224 at epoch 6
2026-08-29 23:08:17 | Epoch 007/060 | loss 3.6219 | cls 3.5014 | tal -0.2455 | dual_g 0.1942 | dual_d 0.0000 | train_acc 0.4321 | train_full n/a | val_acc 0.6216 | val_f1 0.5842 | adv/moduleC 0.00/0.20 | disc_steps 0 | grad(main/disc) 9.966/0.000 | lr(main/disc) 5.50e-05/2.40e-05 | cuda_peak(alloc/resv) 21.77/28.18GB | phase(train/val/raw/train_eval) 3.2/0.5/0.5/0.0s | 4.2s
2026-08-29 23:08:20 | New best val_f1_macro_present: raw=0.5842 stable_score=0.4952 at epoch 7
2026-08-29 23:08:24 | Epoch 008/060 | loss 3.4891 | cls 3.2884 | tal -0.2635 | dual_g 0.2798 | dual_d 0.7949 | train_acc 0.5027 | train_full n/a | val_acc 0.7838 | val_f1 0.8170 | adv/moduleC 0.07/0.30 | disc_steps 2 | grad(main/disc) 9.832/1.548 | lr(main/disc) 5.50e-05/2.40e-05 | cuda_peak(alloc/resv) 21.77/28.18GB | phase(train/val/raw/train_eval) 3.2/0.5/0.5/0.0s | 4.2s
2026-08-29 23:08:27 | New best val_f1_macro_present: raw=0.8170 stable_score=0.5816 at epoch 8
2026-08-29 23:08:31 | Epoch 009/060 | loss 3.4646 | cls 3.1796 | tal -0.2849 | dual_g 0.3705 | dual_d 0.8086 | train_acc 0.5217 | train_full n/a | val_acc 0.7838 | val_f1 0.8111 | adv/moduleC 0.13/0.40 | disc_steps 2 | grad(main/disc) 10.206/1.593 | lr(main/disc) 5.50e-05/2.40e-05 | cuda_peak(alloc/resv) 21.77/28.18GB | phase(train/val/raw/train_eval) 2.9/0.5/0.5/0.0s | 3.9s
2026-08-29 23:08:34 | New best val_f1_macro_present: raw=0.8111 stable_score=0.5842 at epoch 9
2026-08-29 23:08:39 | Epoch 010/060 | loss 3.3241 | cls 2.9754 | tal -0.2884 | dual_g 0.4352 | dual_d 0.8000 | train_acc 0.5625 | train_full 0.8485 | val_acc 0.8378 | val_f1 0.8613 | adv/moduleC 0.20/0.50 | disc_steps 2 | grad(main/disc) 9.786/1.577 | lr(main/disc) 5.50e-05/2.40e-05 | cuda_peak(alloc/resv) 21.77/28.18GB | phase(train/val/raw/train_eval) 3.3/0.5/0.5/0.7s | 4.9s
2026-08-29 23:08:41 | New best val_f1_macro_present: raw=0.8613 stable_score=0.8111 at epoch 10
2026-08-29 23:08:45 | Epoch 011/060 | loss 3.3785 | cls 2.9196 | tal -0.1982 | dual_g 0.5184 | dual_d 0.7709 | train_acc 0.6087 | train_full n/a | val_acc 0.8378 | val_f1 0.8532 | adv/moduleC 0.27/0.60 | disc_steps 2 | grad(main/disc) 9.669/1.502 | lr(main/disc) 5.50e-05/2.40e-05 | cuda_peak(alloc/resv) 21.77/28.18GB | phase(train/val/raw/train_eval) 3.3/0.5/0.0/0.0s | 3.8s
2026-08-29 23:08:49 | Epoch 012/060 | loss 3.2869 | cls 2.7949 | tal -0.1985 | dual_g 0.5515 | dual_d 0.7885 | train_acc 0.6875 | train_full n/a | val_acc 0.9189 | val_f1 0.9335 | adv/moduleC 0.33/0.70 | disc_steps 2 | grad(main/disc) 9.739/1.520 | lr(main/disc) 5.50e-05/2.40e-05 | cuda_peak(alloc/resv) 21.77/28.18GB | phase(train/val/raw/train_eval) 3.1/0.5/0.5/0.0s | 4.1s
2026-08-29 23:08:52 | New best val_f1_macro_present: raw=0.9335 stable_score=0.8532 at epoch 12
2026-08-29 23:08:55 | Epoch 013/060 | loss 3.1203 | cls 2.5660 | tal -0.1684 | dual_g 0.6048 | dual_d 0.7943 | train_acc 0.6875 | train_full n/a | val_acc 0.8919 | val_f1 0.9118 | adv/moduleC 0.40/0.80 | disc_steps 2 | grad(main/disc) 9.323/1.439 | lr(main/disc) 5.50e-05/2.40e-05 | cuda_peak(alloc/resv) 21.77/28.18GB | phase(train/val/raw/train_eval) 3.1/0.5/0.0/0.0s | 3.5s
2026-08-29 23:09:00 | Epoch 014/060 | loss 3.1026 | cls 2.4946 | tal -0.1844 | dual_g 0.6633 | dual_d 0.8077 | train_acc 0.7391 | train_full n/a | val_acc 0.8649 | val_f1 0.8674 | adv/moduleC 0.47/0.90 | disc_steps 2 | grad(main/disc) 8.872/1.496 | lr(main/disc) 5.50e-05/2.40e-05 | cuda_peak(alloc/resv) 21.77/28.18GB | phase(train/val/raw/train_eval) 3.3/0.5/0.5/0.0s | 4.3s
2026-08-29 23:09:03 | New best val_f1_macro_present: raw=0.8674 stable_score=0.8674 at epoch 14
2026-08-29 23:09:08 | Epoch 015/060 | loss 3.1004 | cls 2.4442 | tal -0.2651 | dual_g 0.7357 | dual_d 0.8174 | train_acc 0.7283 | train_full 0.8636 | val_acc 0.8919 | val_f1 0.9129 | adv/moduleC 0.53/1.00 | disc_steps 2 | grad(main/disc) 9.315/1.463 | lr(main/disc) 5.50e-05/2.40e-05 | cuda_peak(alloc/resv) 21.77/28.18GB | phase(train/val/raw/train_eval) 3.2/0.5/0.5/0.8s | 5.0s
2026-08-29 23:09:11 | Epoch 016/060 | loss 2.8917 | cls 2.2685 | tal -0.2579 | dual_g 0.7006 | dual_d 0.8207 | train_acc 0.7799 | train_full n/a | val_acc 0.8919 | val_f1 0.9129 | adv/moduleC 0.60/1.00 | disc_steps 2 | grad(main/disc) 8.573/1.431 | lr(main/disc) 5.50e-05/2.40e-05 | cuda_peak(alloc/resv) 21.77/28.18GB | phase(train/val/raw/train_eval) 3.4/0.5/0.0/0.0s | 3.9s
2026-08-29 23:09:15 | Epoch 017/060 | loss 2.8113 | cls 2.2098 | tal -0.2724 | dual_g 0.6832 | dual_d 0.8382 | train_acc 0.7989 | train_full n/a | val_acc 0.9189 | val_f1 0.9358 | adv/moduleC 0.67/1.00 | disc_steps 2 | grad(main/disc) 9.427/1.438 | lr(main/disc) 5.50e-05/2.40e-05 | cuda_peak(alloc/resv) 21.77/28.18GB | phase(train/val/raw/train_eval) 3.1/0.5/0.5/0.0s | 4.0s
2026-08-29 23:09:18 | New best val_f1_macro_present: raw=0.9358 stable_score=0.9129 at epoch 17
2026-08-29 23:09:22 | Epoch 018/060 | loss 2.9031 | cls 2.2620 | tal -0.1950 | dual_g 0.6996 | dual_d 0.8397 | train_acc 0.8016 | train_full n/a | val_acc 0.9189 | val_f1 0.9261 | adv/moduleC 0.73/1.00 | disc_steps 2 | grad(main/disc) 10.325/1.505 | lr(main/disc) 5.50e-05/2.40e-05 | cuda_peak(alloc/resv) 21.77/28.18GB | phase(train/val/raw/train_eval) 3.5/0.5/0.0/0.0s | 4.0s
2026-08-29 23:09:26 | Epoch 019/060 | loss 2.7818 | cls 2.1593 | tal -0.1865 | dual_g 0.6784 | dual_d 0.8805 | train_acc 0.8152 | train_full n/a | val_acc 0.9730 | val_f1 0.9802 | adv/moduleC 0.80/1.00 | disc_steps 2 | grad(main/disc) 8.608/1.548 | lr(main/disc) 5.50e-05/2.40e-05 | cuda_peak(alloc/resv) 21.77/28.18GB | phase(train/val/raw/train_eval) 3.0/0.5/0.5/0.0s | 4.0s
2026-08-29 23:09:29 | New best val_f1_macro_present: raw=0.9802 stable_score=0.9261 at epoch 19
2026-08-29 23:09:34 | Epoch 020/060 | loss 2.6943 | cls 2.0851 | tal -0.1322 | dual_g 0.6488 | dual_d 0.8218 | train_acc 0.8451 | train_full 0.9697 | val_acc 0.9730 | val_f1 0.9802 | adv/moduleC 0.87/1.00 | disc_steps 2 | grad(main/disc) 9.505/1.419 | lr(main/disc) 5.50e-05/2.40e-05 | cuda_peak(alloc/resv) 21.77/28.18GB | phase(train/val/raw/train_eval) 3.0/0.5/0.5/0.7s | 4.7s
2026-08-29 23:09:38 | Epoch 021/060 | loss 2.5913 | cls 1.9920 | tal -0.1328 | dual_g 0.6391 | dual_d 0.8351 | train_acc 0.8614 | train_full n/a | val_acc 0.9459 | val_f1 0.9578 | adv/moduleC 0.93/1.00 | disc_steps 2 | grad(main/disc) 7.614/1.405 | lr(main/disc) 5.50e-05/2.40e-05 | cuda_peak(alloc/resv) 21.77/28.18GB | phase(train/val/raw/train_eval) 3.4/0.5/0.5/0.0s | 4.4s
2026-08-29 23:09:41 | New best val_f1_macro_present: raw=0.9578 stable_score=0.9578 at epoch 21
2026-08-29 23:09:44 | Epoch 022/060 | loss 2.6083 | cls 1.9946 | tal -0.0913 | dual_g 0.6411 | dual_d 0.8595 | train_acc 0.8777 | train_full n/a | val_acc 0.9730 | val_f1 0.9802 | adv/moduleC 1.00/1.00 | disc_steps 2 | grad(main/disc) 8.228/1.423 | lr(main/disc) 5.50e-05/2.40e-05 | cuda_peak(alloc/resv) 21.77/28.18GB | phase(train/val/raw/train_eval) 2.9/0.5/0.0/0.0s | 3.4s
2026-08-29 23:09:48 | Epoch 023/060 | loss 2.5271 | cls 1.9401 | tal -0.1254 | dual_g 0.6247 | dual_d 0.8189 | train_acc 0.9049 | train_full n/a | val_acc 0.9459 | val_f1 0.9578 | adv/moduleC 1.00/1.00 | disc_steps 2 | grad(main/disc) 7.773/1.410 | lr(main/disc) 5.50e-05/2.40e-05 | cuda_peak(alloc/resv) 21.77/28.18GB | phase(train/val/raw/train_eval) 3.2/0.5/0.0/0.0s | 3.7s
2026-08-29 23:09:51 | Epoch 024/060 | loss 2.4693 | cls 1.8861 | tal -0.1084 | dual_g 0.6157 | dual_d 0.8632 | train_acc 0.8995 | train_full n/a | val_acc 0.9459 | val_f1 0.9578 | adv/moduleC 1.00/1.00 | disc_steps 2 | grad(main/disc) 8.595/1.460 | lr(main/disc) 5.50e-05/2.40e-05 | cuda_peak(alloc/resv) 21.77/28.18GB | phase(train/val/raw/train_eval) 3.0/0.5/0.0/0.0s | 3.5s
2026-08-29 23:09:56 | Epoch 025/060 | loss 2.3442 | cls 1.8108 | tal -0.1670 | dual_g 0.5834 | dual_d 0.9028 | train_acc 0.9130 | train_full 0.9848 | val_acc 0.9730 | val_f1 0.9802 | adv/moduleC 1.00/1.00 | disc_steps 2 | grad(main/disc) 7.570/1.423 | lr(main/disc) 5.50e-05/2.40e-05 | cuda_peak(alloc/resv) 21.77/28.18GB | phase(train/val/raw/train_eval) 3.4/0.5/0.5/0.7s | 5.1s
2026-08-29 23:10:00 | Epoch 026/060 | loss 2.2966 | cls 1.7794 | tal -0.2075 | dual_g 0.5795 | dual_d 0.8876 | train_acc 0.9212 | train_full n/a | val_acc 0.9730 | val_f1 0.9802 | adv/moduleC 1.00/1.00 | disc_steps 2 | grad(main/disc) 7.260/1.450 | lr(main/disc) 5.50e-05/2.40e-05 | cuda_peak(alloc/resv) 21.77/28.18GB | phase(train/val/raw/train_eval) 3.1/0.5/0.0/0.0s | 3.5s
2026-08-29 23:10:04 | Epoch 027/060 | loss 2.2882 | cls 1.7443 | tal -0.1312 | dual_g 0.5834 | dual_d 0.9064 | train_acc 0.9239 | train_full n/a | val_acc 0.9730 | val_f1 0.9802 | adv/moduleC 1.00/1.00 | disc_steps 2 | grad(main/disc) 7.924/1.454 | lr(main/disc) 5.50e-05/2.40e-05 | cuda_peak(alloc/resv) 21.77/28.18GB | phase(train/val/raw/train_eval) 3.1/0.5/0.5/0.0s | 4.1s
2026-08-29 23:10:07 | New best val_f1_macro_present: raw=0.9802 stable_score=0.9802 at epoch 27
2026-08-29 23:10:10 | Epoch 028/060 | loss 2.2382 | cls 1.6965 | tal -0.0561 | dual_g 0.5585 | dual_d 0.9162 | train_acc 0.9484 | train_full n/a | val_acc 0.9459 | val_f1 0.9578 | adv/moduleC 1.00/1.00 | disc_steps 2 | grad(main/disc) 6.883/1.414 | lr(main/disc) 5.50e-05/2.40e-05 | cuda_peak(alloc/resv) 21.77/28.18GB | phase(train/val/raw/train_eval) 3.3/0.5/0.0/0.0s | 3.8s
2026-08-29 23:10:14 | Epoch 029/060 | loss 2.2438 | cls 1.7126 | tal -0.0949 | dual_g 0.5596 | dual_d 0.8756 | train_acc 0.9293 | train_full n/a | val_acc 0.9730 | val_f1 0.9802 | adv/moduleC 1.00/1.00 | disc_steps 2 | grad(main/disc) 7.530/1.358 | lr(main/disc) 5.50e-05/2.40e-05 | cuda_peak(alloc/resv) 21.77/28.18GB | phase(train/val/raw/train_eval) 3.2/0.5/0.0/0.0s | 3.7s
2026-08-29 23:10:19 | Epoch 030/060 | loss 2.2404 | cls 1.7029 | tal -0.0537 | dual_g 0.5536 | dual_d 0.8679 | train_acc 0.9266 | train_full 0.9924 | val_acc 1.0000 | val_f1 1.0000 | adv/moduleC 1.00/1.00 | disc_steps 2 | grad(main/disc) 7.195/1.339 | lr(main/disc) 5.50e-05/2.40e-05 | cuda_peak(alloc/resv) 21.77/28.18GB | phase(train/val/raw/train_eval) 3.4/0.5/0.5/0.7s | 5.1s
2026-08-29 23:10:23 | Epoch 031/060 | loss 2.1770 | cls 1.6713 | tal -0.1226 | dual_g 0.5425 | dual_d 0.9135 | train_acc 0.9348 | train_full n/a | val_acc 1.0000 | val_f1 1.0000 | adv/moduleC 1.00/1.00 | disc_steps 2 | grad(main/disc) 7.462/1.427 | lr(main/disc) 5.50e-05/2.40e-05 | cuda_peak(alloc/resv) 21.77/28.18GB | phase(train/val/raw/train_eval) 3.0/0.5/0.0/0.0s | 3.5s
2026-08-29 23:10:27 | Epoch 032/060 | loss 2.1485 | cls 1.6651 | tal -0.1615 | dual_g 0.5319 | dual_d 0.8668 | train_acc 0.9538 | train_full n/a | val_acc 1.0000 | val_f1 1.0000 | adv/moduleC 1.00/1.00 | disc_steps 2 | grad(main/disc) 7.762/1.357 | lr(main/disc) 5.50e-05/2.40e-05 | cuda_peak(alloc/resv) 21.77/28.18GB | phase(train/val/raw/train_eval) 3.4/0.5/0.5/0.0s | 4.4s
2026-08-29 23:10:30 | New best val_f1_macro_present: raw=1.0000 stable_score=1.0000 at epoch 32
2026-08-29 23:10:33 | Epoch 033/060 | loss 2.1268 | cls 1.6621 | tal -0.2183 | dual_g 0.5303 | dual_d 0.8958 | train_acc 0.9321 | train_full n/a | val_acc 0.9730 | val_f1 0.9776 | adv/moduleC 1.00/1.00 | disc_steps 2 | grad(main/disc) 6.658/1.401 | lr(main/disc) 5.50e-05/2.40e-05 | cuda_peak(alloc/resv) 21.77/28.18GB | phase(train/val/raw/train_eval) 3.2/0.5/0.0/0.0s | 3.6s
2026-08-29 23:10:37 | Epoch 034/060 | loss 2.0986 | cls 1.6204 | tal -0.1717 | dual_g 0.5297 | dual_d 0.9804 | train_acc 0.9484 | train_full n/a | val_acc 0.9730 | val_f1 0.9776 | adv/moduleC 1.00/1.00 | disc_steps 2 | grad(main/disc) 6.537/1.429 | lr(main/disc) 5.50e-05/2.40e-05 | cuda_peak(alloc/resv) 21.77/28.18GB | phase(train/val/raw/train_eval) 3.2/0.5/0.0/0.0s | 3.7s
2026-08-29 23:10:42 | Epoch 035/060 | loss 2.1204 | cls 1.6553 | tal -0.2152 | dual_g 0.5296 | dual_d 0.9257 | train_acc 0.9511 | train_full 0.9848 | val_acc 0.9730 | val_f1 0.9802 | adv/moduleC 1.00/1.00 | disc_steps 2 | grad(main/disc) 7.195/1.419 | lr(main/disc) 5.50e-05/2.40e-05 | cuda_peak(alloc/resv) 21.77/28.18GB | phase(train/val/raw/train_eval) 3.0/0.5/0.5/0.7s | 4.7s
2026-08-29 23:10:46 | Epoch 036/060 | loss 2.0435 | cls 1.5869 | tal -0.1967 | dual_g 0.5157 | dual_d 0.9243 | train_acc 0.9538 | train_full n/a | val_acc 0.9730 | val_f1 0.9840 | adv/moduleC 1.00/1.00 | disc_steps 2 | grad(main/disc) 5.986/1.382 | lr(main/disc) 5.50e-05/2.40e-05 | cuda_peak(alloc/resv) 21.77/28.18GB | phase(train/val/raw/train_eval) 3.2/0.5/0.0/0.0s | 3.7s
2026-08-29 23:10:49 | Epoch 037/060 | loss 2.0955 | cls 1.6543 | tal -0.2612 | dual_g 0.5196 | dual_d 0.9415 | train_acc 0.9402 | train_full n/a | val_acc 0.9730 | val_f1 0.9776 | adv/moduleC 1.00/1.00 | disc_steps 2 | grad(main/disc) 7.900/1.429 | lr(main/disc) 5.50e-05/2.40e-05 | cuda_peak(alloc/resv) 21.77/28.18GB | phase(train/val/raw/train_eval) 3.3/0.5/0.0/0.0s | 3.8s
2026-08-29 23:10:53 | Epoch 038/060 | loss 1.9975 | cls 1.5665 | tal -0.2397 | dual_g 0.5029 | dual_d 0.8996 | train_acc 0.9674 | train_full n/a | val_acc 1.0000 | val_f1 1.0000 | adv/moduleC 1.00/1.00 | disc_steps 2 | grad(main/disc) 6.459/1.345 | lr(main/disc) 5.50e-05/2.40e-05 | cuda_peak(alloc/resv) 21.77/28.18GB | phase(train/val/raw/train_eval) 3.3/0.5/0.0/0.0s | 3.8s
2026-08-29 23:10:57 | Epoch 039/060 | loss 2.0292 | cls 1.5811 | tal -0.1883 | dual_g 0.5046 | dual_d 0.9801 | train_acc 0.9484 | train_full n/a | val_acc 0.9730 | val_f1 0.9776 | adv/moduleC 1.00/1.00 | disc_steps 2 | grad(main/disc) 7.263/1.413 | lr(main/disc) 5.50e-05/2.40e-05 | cuda_peak(alloc/resv) 21.77/28.18GB | phase(train/val/raw/train_eval) 3.5/0.5/0.0/0.0s | 4.0s
2026-08-29 23:11:02 | Epoch 040/060 | loss 1.9417 | cls 1.5260 | tal -0.2590 | dual_g 0.4934 | dual_d 0.9403 | train_acc 0.9701 | train_full 0.9697 | val_acc 0.9730 | val_f1 0.9776 | adv/moduleC 1.00/1.00 | disc_steps 2 | grad(main/disc) 5.398/1.357 | lr(main/disc) 5.50e-05/2.40e-05 | cuda_peak(alloc/resv) 21.77/28.18GB | phase(train/val/raw/train_eval) 3.0/0.5/0.5/0.7s | 4.7s
2026-08-29 23:11:06 | Epoch 041/060 | loss 1.9893 | cls 1.5511 | tal -0.1917 | dual_g 0.4957 | dual_d 0.9528 | train_acc 0.9783 | train_full n/a | val_acc 1.0000 | val_f1 1.0000 | adv/moduleC 1.00/1.00 | disc_steps 2 | grad(main/disc) 6.148/1.393 | lr(main/disc) 2.75e-05/1.20e-05 | cuda_peak(alloc/resv) 21.77/28.18GB | phase(train/val/raw/train_eval) 3.3/0.5/0.0/0.0s | 3.8s
2026-08-29 23:11:09 | Epoch 042/060 | loss 1.9476 | cls 1.5262 | tal -0.2170 | dual_g 0.4865 | dual_d 0.9249 | train_acc 0.9837 | train_full n/a | val_acc 0.9730 | val_f1 0.9802 | adv/moduleC 1.00/1.00 | disc_steps 2 | grad(main/disc) 5.532/1.317 | lr(main/disc) 2.75e-05/1.20e-05 | cuda_peak(alloc/resv) 21.77/28.18GB | phase(train/val/raw/train_eval) 3.0/0.5/0.0/0.0s | 3.5s
2026-08-29 23:11:13 | Epoch 043/060 | loss 1.9230 | cls 1.5035 | tal -0.1952 | dual_g 0.4781 | dual_d 0.9404 | train_acc 0.9918 | train_full n/a | val_acc 0.9730 | val_f1 0.9802 | adv/moduleC 1.00/1.00 | disc_steps 2 | grad(main/disc) 4.913/1.341 | lr(main/disc) 2.75e-05/1.20e-05 | cuda_peak(alloc/resv) 21.77/28.18GB | phase(train/val/raw/train_eval) 3.3/0.5/0.0/0.0s | 3.8s
2026-08-29 23:11:17 | Epoch 044/060 | loss 1.9774 | cls 1.5260 | tal -0.1346 | dual_g 0.4918 | dual_d 0.9572 | train_acc 0.9755 | train_full n/a | val_acc 0.9730 | val_f1 0.9776 | adv/moduleC 1.00/1.00 | disc_steps 2 | grad(main/disc) 6.059/1.340 | lr(main/disc) 2.75e-05/1.20e-05 | cuda_peak(alloc/resv) 21.77/28.18GB | phase(train/val/raw/train_eval) 3.1/0.5/0.0/0.0s | 3.6s
2026-08-29 23:11:22 | Epoch 045/060 | loss 1.9533 | cls 1.5228 | tal -0.1803 | dual_g 0.4845 | dual_d 0.9882 | train_acc 0.9701 | train_full 1.0000 | val_acc 0.9730 | val_f1 0.9776 | adv/moduleC 1.00/1.00 | disc_steps 2 | grad(main/disc) 5.475/1.371 | lr(main/disc) 2.75e-05/1.20e-05 | cuda_peak(alloc/resv) 21.77/28.18GB | phase(train/val/raw/train_eval) 3.3/0.5/0.5/0.7s | 5.0s
2026-08-29 23:11:25 | Epoch 046/060 | loss 1.9668 | cls 1.5188 | tal -0.1214 | dual_g 0.4844 | dual_d 0.9864 | train_acc 0.9837 | train_full n/a | val_acc 1.0000 | val_f1 1.0000 | adv/moduleC 1.00/1.00 | disc_steps 2 | grad(main/disc) 4.931/1.388 | lr(main/disc) 2.75e-05/1.20e-05 | cuda_peak(alloc/resv) 21.77/28.18GB | phase(train/val/raw/train_eval) 3.3/0.5/0.0/0.0s | 3.8s
2026-08-29 23:11:29 | Epoch 047/060 | loss 1.9707 | cls 1.5470 | tal -0.1742 | dual_g 0.4760 | dual_d 0.9776 | train_acc 0.9674 | train_full n/a | val_acc 1.0000 | val_f1 1.0000 | adv/moduleC 1.00/1.00 | disc_steps 2 | grad(main/disc) 5.643/1.387 | lr(main/disc) 2.75e-05/1.20e-05 | cuda_peak(alloc/resv) 21.77/28.18GB | phase(train/val/raw/train_eval) 3.3/0.5/0.0/0.0s | 3.8s
2026-08-29 23:11:33 | Epoch 048/060 | loss 1.9118 | cls 1.4895 | tal -0.1883 | dual_g 0.4788 | dual_d 0.9779 | train_acc 0.9973 | train_full n/a | val_acc 1.0000 | val_f1 1.0000 | adv/moduleC 1.00/1.00 | disc_steps 2 | grad(main/disc) 4.495/1.359 | lr(main/disc) 2.75e-05/1.20e-05 | cuda_peak(alloc/resv) 21.77/28.18GB | phase(train/val/raw/train_eval) 3.4/0.5/0.0/0.0s | 3.8s
2026-08-29 23:11:37 | Epoch 049/060 | loss 1.8776 | cls 1.4839 | tal -0.2670 | dual_g 0.4738 | dual_d 0.9864 | train_acc 0.9973 | train_full n/a | val_acc 1.0000 | val_f1 1.0000 | adv/moduleC 1.00/1.00 | disc_steps 2 | grad(main/disc) 4.542/1.394 | lr(main/disc) 2.75e-05/1.20e-05 | cuda_peak(alloc/resv) 21.77/28.18GB | phase(train/val/raw/train_eval) 3.1/0.5/0.0/0.0s | 3.6s
2026-08-29 23:11:42 | Epoch 050/060 | loss 1.8944 | cls 1.4882 | tal -0.2298 | dual_g 0.4752 | dual_d 0.9788 | train_acc 0.9946 | train_full 1.0000 | val_acc 1.0000 | val_f1 1.0000 | adv/moduleC 1.00/1.00 | disc_steps 2 | grad(main/disc) 5.334/1.369 | lr(main/disc) 2.75e-05/1.20e-05 | cuda_peak(alloc/resv) 21.77/28.18GB | phase(train/val/raw/train_eval) 3.4/0.5/0.5/0.7s | 5.1s
2026-08-29 23:11:42 | Early stopping at epoch 50 after 18 epochs without val_f1_macro_present improvement.
2026-08-29 23:11:42 | Training complete. Peak validation accuracy: 1.0000 | selected val_f1_macro_present: 1.0000
2026-08-29 23:11:42 | Starting Dual_D standalone training
2026-08-29 23:11:42 | Run directory: runs/module_c_ablation_60_v8/module_c_20260829_205331/module_c_no_paired_contrastive_逆光_20260829_225211
2026-08-29 23:11:42 | Device: cuda
2026-08-29 23:11:42 | Source train samples: 992
2026-08-29 23:11:42 | Target train samples: 132
2026-08-29 23:11:42 | Target val samples: 37
2026-08-29 23:11:42 | Classes: 14
2026-08-29 23:11:42 | Data audit: same_dir=False | path_overlap(vis/ir/ais)=0/0/0 | content_overlap(vis/ir/ais)=0/0/0 | ais_index_overlap=0 | stem_mismatch(vis-ir/vis-ais)=157/0
2026-08-29 23:11:42 | source_train classes: present 14/14 | absent 0 | counts [0:120, 1:44, 2:69, 3:45, 4:40, 5:30, 6:64, 7:80, 8:116, 9:68, 10:57, 11:83, 12:48, 13:128]
2026-08-29 23:11:42 | target_train classes: present 9/14 | absent 5 | counts [0:20, 2:12, 4:12, 5:2, 9:16, 10:16, 11:29, 12:4, 13:21]
2026-08-29 23:11:42 | target_val classes: present 9/14 | absent 5 | counts [0:6, 2:3, 4:4, 5:1, 9:4, 10:4, 11:8, 12:1, 13:6]
2026-08-29 23:11:42 | Paired training classes: 9/14 | class ids [0, 2, 4, 5, 9, 10, 11, 12, 13]
2026-08-29 23:11:42 | Runtime profile: batch=92 | paired_steps=4 | workers=16 | train_eval_every=5 | raw_eval_every=5 | stability_window=3 | lr_scheduler_start=28 | early_stop=18 after min_epoch=45
2026-08-29 23:11:42 | VIS/IR pairing: class-level-unpaired | count-mismatch classes train/val: 10/1 | AIS alignment: none | AIS rows train/val: 0/0
2026-08-29 23:11:43 | Effective Dual-D loss weights: {"adv_auxiliary": 0.025, "adv_primary": 0.025, "classification": 0.2, "contrastive": 0.0, "cycle": 0.12, "identity": 0.045, "prototype_contrastive": 0.06}
2026-08-29 23:11:43 | Model parameters: total=17277714 | trainable=17120210
Starting run 5/9: domain=逆光, iteration=2, seed=46
2026-08-29 23:11:48 | Epoch 001/060 | loss 5.8524 | cls 5.9163 | tal -0.2129 | dual_g 0.0000 | dual_d 0.0000 | train_acc 0.0516 | train_full 0.1212 | val_acc 0.2162 | val_f1 0.1115 | adv/moduleC 0.00/0.00 | disc_steps 0 | grad(main/disc) 16.786/0.000 | lr(main/disc) 5.50e-05/2.40e-05 | cuda_peak(alloc/resv) 21.77/28.18GB | phase(train/val/raw/train_eval) 3.8/0.5/0.5/0.8s | 5.5s
2026-08-29 23:11:52 | Epoch 002/060 | loss 5.1042 | cls 5.0945 | tal 0.0324 | dual_g 0.0000 | dual_d 0.0000 | train_acc 0.1712 | train_full n/a | val_acc 0.1622 | val_f1 0.0971 | adv/moduleC 0.00/0.00 | disc_steps 0 | grad(main/disc) 14.129/0.000 | lr(main/disc) 5.50e-05/2.40e-05 | cuda_peak(alloc/resv) 21.77/28.18GB | phase(train/val/raw/train_eval) 3.4/0.5/0.0/0.0s | 3.9s
2026-08-29 23:11:57 | Epoch 003/060 | loss 4.7459 | cls 4.7299 | tal 0.0535 | dual_g 0.0000 | dual_d 0.0000 | train_acc 0.1984 | train_full n/a | val_acc 0.2162 | val_f1 0.1117 | adv/moduleC 0.00/0.00 | disc_steps 0 | grad(main/disc) 13.045/0.000 | lr(main/disc) 5.50e-05/2.40e-05 | cuda_peak(alloc/resv) 21.77/28.18GB | phase(train/val/raw/train_eval) 3.4/0.5/0.5/0.0s | 4.4s
2026-08-29 23:11:59 | New best val_f1_macro_present: raw=0.1117 stable_score=0.0971 at epoch 3
2026-08-29 23:12:03 | Epoch 004/060 | loss 4.1326 | cls 4.1105 | tal 0.0736 | dual_g 0.0000 | dual_d 0.0000 | train_acc 0.3533 | train_full n/a | val_acc 0.3514 | val_f1 0.2868 | adv/moduleC 0.00/0.00 | disc_steps 0 | grad(main/disc) 11.382/0.000 | lr(main/disc) 5.50e-05/2.40e-05 | cuda_peak(alloc/resv) 21.77/28.18GB | phase(train/val/raw/train_eval) 3.3/0.5/0.0/0.0s | 3.8s
2026-08-29 23:12:08 | Epoch 005/060 | loss 4.0910 | cls 4.0551 | tal 0.1197 | dual_g 0.0000 | dual_d 0.0000 | train_acc 0.3315 | train_full 0.3939 | val_acc 0.4865 | val_f1 0.6227 | adv/moduleC 0.00/0.00 | disc_steps 0 | grad(main/disc) 11.256/0.000 | lr(main/disc) 5.50e-05/2.40e-05 | cuda_peak(alloc/resv) 21.77/28.18GB | phase(train/val/raw/train_eval) 3.0/0.5/0.5/0.7s | 4.7s
2026-08-29 23:12:11 | New best val_f1_macro_present: raw=0.6227 stable_score=0.1117 at epoch 5
2026-08-29 23:12:15 | Epoch 006/060 | loss 3.9209 | cls 3.7889 | tal 0.1048 | dual_g 0.1005 | dual_d 0.0000 | train_acc 0.4185 | train_full n/a | val_acc 0.6757 | val_f1 0.7192 | adv/moduleC 0.00/0.10 | disc_steps 0 | grad(main/disc) 10.847/0.000 | lr(main/disc) 5.50e-05/2.40e-05 | cuda_peak(alloc/resv) 21.77/28.18GB | phase(train/val/raw/train_eval) 3.2/0.5/0.5/0.0s | 4.2s
2026-08-29 23:12:18 | New best val_f1_macro_present: raw=0.7192 stable_score=0.2868 at epoch 6
2026-08-29 23:12:22 | Epoch 007/060 | loss 3.7747 | cls 3.5482 | tal 0.1171 | dual_g 0.1914 | dual_d 0.0000 | train_acc 0.4728 | train_full n/a | val_acc 0.7568 | val_f1 0.8188 | adv/moduleC 0.00/0.20 | disc_steps 0 | grad(main/disc) 10.200/0.000 | lr(main/disc) 5.50e-05/2.40e-05 | cuda_peak(alloc/resv) 21.77/28.18GB | phase(train/val/raw/train_eval) 3.3/0.5/0.5/0.0s | 4.3s
2026-08-29 23:12:25 | New best val_f1_macro_present: raw=0.8188 stable_score=0.6227 at epoch 7
2026-08-29 23:12:29 | Epoch 008/060 | loss 3.6439 | cls 3.3229 | tal 0.1316 | dual_g 0.2815 | dual_d 0.8465 | train_acc 0.5299 | train_full n/a | val_acc 0.8649 | val_f1 0.8877 | adv/moduleC 0.07/0.30 | disc_steps 2 | grad(main/disc) 9.954/1.743 | lr(main/disc) 5.50e-05/2.40e-05 | cuda_peak(alloc/resv) 21.77/28.18GB | phase(train/val/raw/train_eval) 3.5/0.5/0.5/0.0s | 4.4s
2026-08-29 23:12:32 | New best val_f1_macro_present: raw=0.8877 stable_score=0.7192 at epoch 8
2026-08-29 23:12:36 | Epoch 009/060 | loss 3.5066 | cls 3.1145 | tal 0.0939 | dual_g 0.3640 | dual_d 0.8231 | train_acc 0.5625 | train_full n/a | val_acc 0.8919 | val_f1 0.9084 | adv/moduleC 0.13/0.40 | disc_steps 2 | grad(main/disc) 9.545/1.646 | lr(main/disc) 5.50e-05/2.40e-05 | cuda_peak(alloc/resv) 21.77/28.18GB | phase(train/val/raw/train_eval) 3.2/0.5/0.5/0.0s | 4.2s
2026-08-29 23:12:39 | New best val_f1_macro_present: raw=0.9084 stable_score=0.8188 at epoch 9
2026-08-29 23:12:44 | Epoch 010/060 | loss 3.4679 | cls 2.9914 | tal 0.1208 | dual_g 0.4403 | dual_d 0.8478 | train_acc 0.5924 | train_full 0.8939 | val_acc 0.9459 | val_f1 0.9616 | adv/moduleC 0.20/0.50 | disc_steps 2 | grad(main/disc) 9.662/1.664 | lr(main/disc) 5.50e-05/2.40e-05 | cuda_peak(alloc/resv) 21.77/28.18GB | phase(train/val/raw/train_eval) 3.4/0.5/0.5/0.7s | 5.1s
2026-08-29 23:12:47 | New best val_f1_macro_present: raw=0.9616 stable_score=0.8877 at epoch 10
2026-08-29 23:12:51 | Epoch 011/060 | loss 3.3993 | cls 2.8654 | tal 0.0818 | dual_g 0.5094 | dual_d 0.8304 | train_acc 0.6413 | train_full n/a | val_acc 0.9459 | val_f1 0.9556 | adv/moduleC 0.27/0.60 | disc_steps 2 | grad(main/disc) 9.971/1.634 | lr(main/disc) 5.50e-05/2.40e-05 | cuda_peak(alloc/resv) 21.77/28.18GB | phase(train/val/raw/train_eval) 3.3/0.5/0.5/0.0s | 4.2s
2026-08-29 23:12:54 | New best val_f1_macro_present: raw=0.9556 stable_score=0.9084 at epoch 11
2026-08-29 23:12:58 | Epoch 012/060 | loss 3.3591 | cls 2.7720 | tal 0.0734 | dual_g 0.5651 | dual_d 0.8194 | train_acc 0.6603 | train_full n/a | val_acc 0.9189 | val_f1 0.9396 | adv/moduleC 0.33/0.70 | disc_steps 2 | grad(main/disc) 9.255/1.580 | lr(main/disc) 5.50e-05/2.40e-05 | cuda_peak(alloc/resv) 21.77/28.18GB | phase(train/val/raw/train_eval) 3.6/0.5/0.5/0.0s | 4.6s
2026-08-29 23:13:01 | New best val_f1_macro_present: raw=0.9396 stable_score=0.9396 at epoch 12
2026-08-29 23:13:05 | Epoch 013/060 | loss 3.2193 | cls 2.5910 | tal 0.0487 | dual_g 0.6137 | dual_d 0.8435 | train_acc 0.6739 | train_full n/a | val_acc 0.9189 | val_f1 0.9396 | adv/moduleC 0.40/0.80 | disc_steps 2 | grad(main/disc) 9.213/1.586 | lr(main/disc) 5.50e-05/2.40e-05 | cuda_peak(alloc/resv) 21.77/28.18GB | phase(train/val/raw/train_eval) 3.2/0.5/0.0/0.0s | 3.7s
2026-08-29 23:13:09 | Epoch 014/060 | loss 3.1957 | cls 2.5256 | tal -0.0101 | dual_g 0.6731 | dual_d 0.8294 | train_acc 0.7283 | train_full n/a | val_acc 0.8919 | val_f1 0.8842 | adv/moduleC 0.47/0.90 | disc_steps 2 | grad(main/disc) 8.945/1.635 | lr(main/disc) 5.50e-05/2.40e-05 | cuda_peak(alloc/resv) 21.77/28.18GB | phase(train/val/raw/train_eval) 3.6/0.5/0.0/0.0s | 4.1s
2026-08-29 23:13:14 | Epoch 015/060 | loss 3.1356 | cls 2.4095 | tal 0.0190 | dual_g 0.7204 | dual_d 0.8624 | train_acc 0.7609 | train_full 0.9394 | val_acc 0.9189 | val_f1 0.9303 | adv/moduleC 0.53/1.00 | disc_steps 2 | grad(main/disc) 9.614/1.632 | lr(main/disc) 5.50e-05/2.40e-05 | cuda_peak(alloc/resv) 21.77/28.18GB | phase(train/val/raw/train_eval) 3.5/0.5/0.5/0.8s | 5.2s
2026-08-29 23:13:18 | Epoch 016/060 | loss 3.0670 | cls 2.3694 | tal 0.0116 | dual_g 0.6941 | dual_d 0.8403 | train_acc 0.7582 | train_full n/a | val_acc 0.9189 | val_f1 0.9261 | adv/moduleC 0.60/1.00 | disc_steps 2 | grad(main/disc) 9.109/1.576 | lr(main/disc) 5.50e-05/2.40e-05 | cuda_peak(alloc/resv) 21.77/28.18GB | phase(train/val/raw/train_eval) 3.3/0.5/0.0/0.0s | 3.8s
2026-08-29 23:13:22 | Epoch 017/060 | loss 2.9621 | cls 2.2676 | tal 0.0071 | dual_g 0.6924 | dual_d 0.8213 | train_acc 0.7663 | train_full n/a | val_acc 0.9730 | val_f1 0.9802 | adv/moduleC 0.67/1.00 | disc_steps 2 | grad(main/disc) 9.943/1.529 | lr(main/disc) 5.50e-05/2.40e-05 | cuda_peak(alloc/resv) 21.77/28.18GB | phase(train/val/raw/train_eval) 3.3/0.5/0.0/0.0s | 3.8s
2026-08-29 23:13:26 | Epoch 018/060 | loss 2.8781 | cls 2.2012 | tal 0.0378 | dual_g 0.6655 | dual_d 0.8075 | train_acc 0.8043 | train_full n/a | val_acc 0.9459 | val_f1 0.9458 | adv/moduleC 0.73/1.00 | disc_steps 2 | grad(main/disc) 9.187/1.459 | lr(main/disc) 5.50e-05/2.40e-05 | cuda_peak(alloc/resv) 21.77/28.18GB | phase(train/val/raw/train_eval) 3.2/0.5/0.0/0.0s | 3.6s
2026-08-29 23:13:30 | Epoch 019/060 | loss 2.8372 | cls 2.1518 | tal 0.0537 | dual_g 0.6693 | dual_d 0.8531 | train_acc 0.8098 | train_full n/a | val_acc 0.9730 | val_f1 0.9776 | adv/moduleC 0.80/1.00 | disc_steps 2 | grad(main/disc) 9.277/1.594 | lr(main/disc) 5.50e-05/2.40e-05 | cuda_peak(alloc/resv) 21.77/28.18GB | phase(train/val/raw/train_eval) 3.4/0.5/0.5/0.0s | 4.3s
2026-08-29 23:13:33 | New best val_f1_macro_present: raw=0.9776 stable_score=0.9458 at epoch 19
2026-08-29 23:13:38 | Epoch 020/060 | loss 2.8073 | cls 2.1031 | tal 0.0566 | dual_g 0.6873 | dual_d 0.7746 | train_acc 0.8424 | train_full 0.9394 | val_acc 0.9730 | val_f1 0.9471 | adv/moduleC 0.87/1.00 | disc_steps 2 | grad(main/disc) 9.036/1.435 | lr(main/disc) 5.50e-05/2.40e-05 | cuda_peak(alloc/resv) 21.77/28.18GB | phase(train/val/raw/train_eval) 3.8/0.5/0.5/0.7s | 5.5s
2026-08-29 23:13:43 | Epoch 021/060 | loss 2.7606 | cls 2.0749 | tal 0.0635 | dual_g 0.6666 | dual_d 0.7944 | train_acc 0.8560 | train_full n/a | val_acc 0.9459 | val_f1 0.9523 | adv/moduleC 0.93/1.00 | disc_steps 2 | grad(main/disc) 9.404/1.473 | lr(main/disc) 5.50e-05/2.40e-05 | cuda_peak(alloc/resv) 21.77/28.18GB | phase(train/val/raw/train_eval) 3.3/0.5/0.5/0.0s | 4.3s
2026-08-29 23:13:45 | New best val_f1_macro_present: raw=0.9523 stable_score=0.9471 at epoch 21
2026-08-29 23:13:49 | Epoch 022/060 | loss 2.6640 | cls 2.0265 | tal 0.0259 | dual_g 0.6297 | dual_d 0.7829 | train_acc 0.8370 | train_full n/a | val_acc 0.9730 | val_f1 0.9840 | adv/moduleC 1.00/1.00 | disc_steps 2 | grad(main/disc) 7.737/1.415 | lr(main/disc) 5.50e-05/2.40e-05 | cuda_peak(alloc/resv) 21.77/28.18GB | phase(train/val/raw/train_eval) 3.5/0.5/0.0/0.0s | 4.0s
2026-08-29 23:13:54 | Epoch 023/060 | loss 2.6161 | cls 1.9847 | tal 0.0190 | dual_g 0.6257 | dual_d 0.8688 | train_acc 0.8641 | train_full n/a | val_acc 0.9730 | val_f1 0.9802 | adv/moduleC 1.00/1.00 | disc_steps 2 | grad(main/disc) 9.653/1.497 | lr(main/disc) 5.50e-05/2.40e-05 | cuda_peak(alloc/resv) 21.77/28.18GB | phase(train/val/raw/train_eval) 3.6/0.5/0.5/0.0s | 4.6s
2026-08-29 23:13:57 | New best val_f1_macro_present: raw=0.9802 stable_score=0.9523 at epoch 23
2026-08-29 23:14:01 | Epoch 024/060 | loss 2.5491 | cls 1.9130 | tal 0.0773 | dual_g 0.6129 | dual_d 0.7873 | train_acc 0.8832 | train_full n/a | val_acc 0.9730 | val_f1 0.9802 | adv/moduleC 1.00/1.00 | disc_steps 2 | grad(main/disc) 8.737/1.377 | lr(main/disc) 5.50e-05/2.40e-05 | cuda_peak(alloc/resv) 21.77/28.18GB | phase(train/val/raw/train_eval) 3.2/0.5/0.5/0.0s | 4.2s
2026-08-29 23:14:04 | New best val_f1_macro_present: raw=0.9802 stable_score=0.9802 at epoch 24
2026-08-29 23:14:09 | Epoch 025/060 | loss 2.4747 | cls 1.8526 | tal 0.0324 | dual_g 0.6124 | dual_d 0.8502 | train_acc 0.9103 | train_full 0.9848 | val_acc 0.9730 | val_f1 0.9802 | adv/moduleC 1.00/1.00 | disc_steps 2 | grad(main/disc) 7.624/1.427 | lr(main/disc) 5.50e-05/2.40e-05 | cuda_peak(alloc/resv) 21.77/28.18GB | phase(train/val/raw/train_eval) 3.5/0.5/0.5/0.7s | 5.2s
2026-08-29 23:14:13 | Epoch 026/060 | loss 2.5090 | cls 1.8934 | tal 0.0697 | dual_g 0.5947 | dual_d 0.8344 | train_acc 0.9049 | train_full n/a | val_acc 0.9730 | val_f1 0.9802 | adv/moduleC 1.00/1.00 | disc_steps 2 | grad(main/disc) 8.528/1.393 | lr(main/disc) 5.50e-05/2.40e-05 | cuda_peak(alloc/resv) 21.77/28.18GB | phase(train/val/raw/train_eval) 3.5/0.5/0.0/0.0s | 4.0s
2026-08-29 23:14:16 | Epoch 027/060 | loss 2.3394 | cls 1.7587 | tal 0.0231 | dual_g 0.5738 | dual_d 0.8435 | train_acc 0.9185 | train_full n/a | val_acc 0.9730 | val_f1 0.9802 | adv/moduleC 1.00/1.00 | disc_steps 2 | grad(main/disc) 7.244/1.383 | lr(main/disc) 5.50e-05/2.40e-05 | cuda_peak(alloc/resv) 21.77/28.18GB | phase(train/val/raw/train_eval) 3.1/0.5/0.0/0.0s | 3.6s
2026-08-29 23:14:20 | Epoch 028/060 | loss 2.3428 | cls 1.7598 | tal 0.0453 | dual_g 0.5694 | dual_d 0.8557 | train_acc 0.9321 | train_full n/a | val_acc 0.9730 | val_f1 0.9802 | adv/moduleC 1.00/1.00 | disc_steps 2 | grad(main/disc) 8.257/1.355 | lr(main/disc) 5.50e-05/2.40e-05 | cuda_peak(alloc/resv) 21.77/28.18GB | phase(train/val/raw/train_eval) 3.4/0.5/0.0/0.0s | 3.9s
2026-08-29 23:14:24 | Epoch 029/060 | loss 2.2822 | cls 1.7191 | tal 0.0133 | dual_g 0.5591 | dual_d 0.8432 | train_acc 0.9348 | train_full n/a | val_acc 0.9730 | val_f1 0.9802 | adv/moduleC 1.00/1.00 | disc_steps 2 | grad(main/disc) 7.590/1.349 | lr(main/disc) 5.50e-05/2.40e-05 | cuda_peak(alloc/resv) 21.77/28.18GB | phase(train/val/raw/train_eval) 3.4/0.5/0.0/0.0s | 3.9s
2026-08-29 23:14:30 | Epoch 030/060 | loss 2.2544 | cls 1.6998 | tal -0.0162 | dual_g 0.5594 | dual_d 0.8521 | train_acc 0.9620 | train_full 0.9924 | val_acc 0.9730 | val_f1 0.9802 | adv/moduleC 1.00/1.00 | disc_steps 2 | grad(main/disc) 7.690/1.372 | lr(main/disc) 5.50e-05/2.40e-05 | cuda_peak(alloc/resv) 21.77/28.18GB | phase(train/val/raw/train_eval) 3.6/0.5/0.5/0.7s | 5.3s
2026-08-29 23:14:34 | Epoch 031/060 | loss 2.2464 | cls 1.6923 | tal 0.0104 | dual_g 0.5510 | dual_d 0.8733 | train_acc 0.9266 | train_full n/a | val_acc 1.0000 | val_f1 1.0000 | adv/moduleC 1.00/1.00 | disc_steps 2 | grad(main/disc) 7.868/1.417 | lr(main/disc) 5.50e-05/2.40e-05 | cuda_peak(alloc/resv) 21.77/28.18GB | phase(train/val/raw/train_eval) 3.7/0.5/0.0/0.0s | 4.2s
2026-08-29 23:14:38 | Epoch 032/060 | loss 2.2425 | cls 1.6917 | tal 0.0319 | dual_g 0.5413 | dual_d 0.8803 | train_acc 0.9293 | train_full n/a | val_acc 0.9730 | val_f1 0.9802 | adv/moduleC 1.00/1.00 | disc_steps 2 | grad(main/disc) 8.042/1.320 | lr(main/disc) 5.50e-05/2.40e-05 | cuda_peak(alloc/resv) 21.77/28.18GB | phase(train/val/raw/train_eval) 3.3/0.6/0.0/0.0s | 3.9s
2026-08-29 23:14:42 | Epoch 033/060 | loss 2.1555 | cls 1.6224 | tal 0.0178 | dual_g 0.5277 | dual_d 0.8641 | train_acc 0.9538 | train_full n/a | val_acc 0.9730 | val_f1 0.9802 | adv/moduleC 1.00/1.00 | disc_steps 2 | grad(main/disc) 6.795/1.360 | lr(main/disc) 5.50e-05/2.40e-05 | cuda_peak(alloc/resv) 21.77/28.18GB | phase(train/val/raw/train_eval) 3.7/0.5/0.0/0.0s | 4.2s
2026-08-29 23:14:46 | Epoch 034/060 | loss 2.1520 | cls 1.6140 | tal 0.0376 | dual_g 0.5267 | dual_d 0.9129 | train_acc 0.9484 | train_full n/a | val_acc 0.9730 | val_f1 0.9802 | adv/moduleC 1.00/1.00 | disc_steps 2 | grad(main/disc) 6.536/1.374 | lr(main/disc) 5.50e-05/2.40e-05 | cuda_peak(alloc/resv) 21.77/28.18GB | phase(train/val/raw/train_eval) 3.7/0.5/0.0/0.0s | 4.2s
2026-08-29 23:14:51 | Epoch 035/060 | loss 2.1112 | cls 1.5934 | tal 0.0037 | dual_g 0.5167 | dual_d 0.8854 | train_acc 0.9429 | train_full 1.0000 | val_acc 0.9730 | val_f1 0.9802 | adv/moduleC 1.00/1.00 | disc_steps 2 | grad(main/disc) 5.749/1.341 | lr(main/disc) 5.50e-05/2.40e-05 | cuda_peak(alloc/resv) 21.77/28.18GB | phase(train/val/raw/train_eval) 3.5/0.5/0.5/0.7s | 5.2s
2026-08-29 23:14:56 | Epoch 036/060 | loss 2.1096 | cls 1.5847 | tal 0.0517 | dual_g 0.5093 | dual_d 0.9081 | train_acc 0.9701 | train_full n/a | val_acc 0.9730 | val_f1 0.9802 | adv/moduleC 1.00/1.00 | disc_steps 2 | grad(main/disc) 6.734/1.364 | lr(main/disc) 5.50e-05/2.40e-05 | cuda_peak(alloc/resv) 21.77/28.18GB | phase(train/val/raw/train_eval) 3.9/0.5/0.0/0.0s | 4.4s
2026-08-29 23:15:00 | Epoch 037/060 | loss 2.1041 | cls 1.5775 | tal 0.0307 | dual_g 0.5175 | dual_d 0.9007 | train_acc 0.9565 | train_full n/a | val_acc 0.9730 | val_f1 0.9802 | adv/moduleC 1.00/1.00 | disc_steps 2 | grad(main/disc) 6.814/1.329 | lr(main/disc) 5.50e-05/2.40e-05 | cuda_peak(alloc/resv) 21.77/28.18GB | phase(train/val/raw/train_eval) 3.4/0.5/0.0/0.0s | 3.9s
2026-08-29 23:15:03 | Epoch 038/060 | loss 2.1318 | cls 1.6106 | tal 0.0354 | dual_g 0.5106 | dual_d 0.9005 | train_acc 0.9457 | train_full n/a | val_acc 0.9730 | val_f1 0.9802 | adv/moduleC 1.00/1.00 | disc_steps 2 | grad(main/disc) 7.324/1.325 | lr(main/disc) 5.50e-05/2.40e-05 | cuda_peak(alloc/resv) 21.77/28.18GB | phase(train/val/raw/train_eval) 3.2/0.5/0.0/0.0s | 3.7s
2026-08-29 23:15:07 | Epoch 039/060 | loss 2.0869 | cls 1.5746 | tal 0.0032 | dual_g 0.5113 | dual_d 0.8827 | train_acc 0.9783 | train_full n/a | val_acc 0.9730 | val_f1 0.9802 | adv/moduleC 1.00/1.00 | disc_steps 2 | grad(main/disc) 7.202/1.293 | lr(main/disc) 5.50e-05/2.40e-05 | cuda_peak(alloc/resv) 21.77/28.18GB | phase(train/val/raw/train_eval) 3.3/0.5/0.0/0.0s | 3.8s
2026-08-29 23:15:12 | Epoch 040/060 | loss 2.0377 | cls 1.5586 | tal -0.0563 | dual_g 0.4961 | dual_d 0.9151 | train_acc 0.9837 | train_full 1.0000 | val_acc 0.9730 | val_f1 0.9802 | adv/moduleC 1.00/1.00 | disc_steps 2 | grad(main/disc) 6.025/1.328 | lr(main/disc) 5.50e-05/2.40e-05 | cuda_peak(alloc/resv) 21.77/28.18GB | phase(train/val/raw/train_eval) 3.3/0.5/0.5/0.7s | 5.0s
2026-08-29 23:15:16 | Epoch 041/060 | loss 2.0367 | cls 1.5472 | tal -0.0351 | dual_g 0.5001 | dual_d 0.9566 | train_acc 0.9783 | train_full n/a | val_acc 0.9730 | val_f1 0.9802 | adv/moduleC 1.00/1.00 | disc_steps 2 | grad(main/disc) 5.765/1.374 | lr(main/disc) 5.50e-05/2.40e-05 | cuda_peak(alloc/resv) 21.77/28.18GB | phase(train/val/raw/train_eval) 3.9/0.5/0.0/0.0s | 4.4s
2026-08-29 23:15:20 | Epoch 042/060 | loss 1.9934 | cls 1.5219 | tal -0.0618 | dual_g 0.4901 | dual_d 0.9264 | train_acc 0.9810 | train_full n/a | val_acc 0.9730 | val_f1 0.9802 | adv/moduleC 1.00/1.00 | disc_steps 2 | grad(main/disc) 6.777/1.314 | lr(main/disc) 2.75e-05/1.20e-05 | cuda_peak(alloc/resv) 21.77/28.18GB | phase(train/val/raw/train_eval) 3.2/0.5/0.0/0.0s | 3.7s
2026-08-29 23:15:24 | Epoch 043/060 | loss 1.9802 | cls 1.5062 | tal -0.0218 | dual_g 0.4805 | dual_d 0.9388 | train_acc 0.9837 | train_full n/a | val_acc 0.9730 | val_f1 0.9802 | adv/moduleC 1.00/1.00 | disc_steps 2 | grad(main/disc) 4.876/1.304 | lr(main/disc) 2.75e-05/1.20e-05 | cuda_peak(alloc/resv) 21.77/28.18GB | phase(train/val/raw/train_eval) 3.5/0.5/0.0/0.0s | 4.0s
2026-08-29 23:15:28 | Epoch 044/060 | loss 1.9749 | cls 1.5034 | tal -0.0229 | dual_g 0.4784 | dual_d 0.9156 | train_acc 0.9891 | train_full n/a | val_acc 0.9730 | val_f1 0.9802 | adv/moduleC 1.00/1.00 | disc_steps 2 | grad(main/disc) 4.898/1.289 | lr(main/disc) 2.75e-05/1.20e-05 | cuda_peak(alloc/resv) 21.77/28.18GB | phase(train/val/raw/train_eval) 3.6/0.5/0.0/0.0s | 4.1s
2026-08-29 23:15:34 | Epoch 045/060 | loss 2.0013 | cls 1.5272 | tal -0.0384 | dual_g 0.4856 | dual_d 0.9185 | train_acc 0.9810 | train_full 1.0000 | val_acc 0.9730 | val_f1 0.9802 | adv/moduleC 1.00/1.00 | disc_steps 2 | grad(main/disc) 5.309/1.311 | lr(main/disc) 2.75e-05/1.20e-05 | cuda_peak(alloc/resv) 21.77/28.18GB | phase(train/val/raw/train_eval) 3.8/0.5/0.5/0.7s | 5.5s
2026-08-29 23:15:34 | Early stopping at epoch 45 after 21 epochs without val_f1_macro_present improvement.
2026-08-29 23:15:34 | Training complete. Peak validation accuracy: 1.0000 | selected val_f1_macro_present: 0.9802
2026-08-29 23:15:34 | Starting Dual_D standalone training
2026-08-29 23:15:34 | Run directory: runs/module_c_ablation_60_v8/module_c_20260829_205331/module_c_no_paired_contrastive_逆光_20260829_225211
2026-08-29 23:15:34 | Device: cuda
2026-08-29 23:15:34 | Source train samples: 992
2026-08-29 23:15:34 | Target train samples: 132
2026-08-29 23:15:34 | Target val samples: 37
2026-08-29 23:15:34 | Classes: 14
2026-08-29 23:15:34 | Data audit: same_dir=False | path_overlap(vis/ir/ais)=0/0/0 | content_overlap(vis/ir/ais)=0/0/0 | ais_index_overlap=0 | stem_mismatch(vis-ir/vis-ais)=157/0
2026-08-29 23:15:34 | source_train classes: present 14/14 | absent 0 | counts [0:120, 1:44, 2:69, 3:45, 4:40, 5:30, 6:64, 7:80, 8:116, 9:68, 10:57, 11:83, 12:48, 13:128]
2026-08-29 23:15:34 | target_train classes: present 9/14 | absent 5 | counts [0:20, 2:12, 4:12, 5:2, 9:16, 10:16, 11:29, 12:4, 13:21]
2026-08-29 23:15:34 | target_val classes: present 9/14 | absent 5 | counts [0:6, 2:3, 4:4, 5:1, 9:4, 10:4, 11:8, 12:1, 13:6]
2026-08-29 23:15:34 | Paired training classes: 9/14 | class ids [0, 2, 4, 5, 9, 10, 11, 12, 13]
2026-08-29 23:15:34 | Runtime profile: batch=92 | paired_steps=4 | workers=16 | train_eval_every=5 | raw_eval_every=5 | stability_window=3 | lr_scheduler_start=28 | early_stop=18 after min_epoch=45
2026-08-29 23:15:34 | VIS/IR pairing: class-level-unpaired | count-mismatch classes train/val: 10/1 | AIS alignment: none | AIS rows train/val: 0/0
2026-08-29 23:15:34 | Effective Dual-D loss weights: {"adv_auxiliary": 0.025, "adv_primary": 0.025, "classification": 0.2, "contrastive": 0.0, "cycle": 0.12, "identity": 0.045, "prototype_contrastive": 0.06}
2026-08-29 23:15:34 | Model parameters: total=17277714 | trainable=17120210
Starting run 6/9: domain=逆光, iteration=3, seed=47
2026-08-29 23:15:40 | Epoch 001/060 | loss 6.0087 | cls 5.9965 | tal 0.0405 | dual_g 0.0000 | dual_d 0.0000 | train_acc 0.0870 | train_full 0.1288 | val_acc 0.2162 | val_f1 0.0718 | adv/moduleC 0.00/0.00 | disc_steps 0 | grad(main/disc) 16.112/0.000 | lr(main/disc) 5.50e-05/2.40e-05 | cuda_peak(alloc/resv) 21.77/28.18GB | phase(train/val/raw/train_eval) 3.7/0.5/0.5/0.7s | 5.4s
2026-08-29 23:15:44 | Epoch 002/060 | loss 5.2289 | cls 5.2179 | tal 0.0365 | dual_g 0.0000 | dual_d 0.0000 | train_acc 0.1495 | train_full n/a | val_acc 0.2432 | val_f1 0.0792 | adv/moduleC 0.00/0.00 | disc_steps 0 | grad(main/disc) 13.614/0.000 | lr(main/disc) 5.50e-05/2.40e-05 | cuda_peak(alloc/resv) 21.77/28.18GB | phase(train/val/raw/train_eval) 3.4/0.5/0.0/0.0s | 3.9s
2026-08-29 23:15:48 | Epoch 003/060 | loss 4.6395 | cls 4.6202 | tal 0.0646 | dual_g 0.0000 | dual_d 0.0000 | train_acc 0.2391 | train_full n/a | val_acc 0.1892 | val_f1 0.0611 | adv/moduleC 0.00/0.00 | disc_steps 0 | grad(main/disc) 12.112/0.000 | lr(main/disc) 5.50e-05/2.40e-05 | cuda_peak(alloc/resv) 21.77/28.18GB | phase(train/val/raw/train_eval) 3.3/0.5/0.5/0.0s | 4.3s
Running Module-C variant: full
/home/lixiang/envs/lx_pytorch/bin/python /home/lixiang/lx/Dual_D/scripts/train_dual_d.py --config /home/lixiang/lx/Dual_D/configs/train_dual_d_default.json --dual-config runs/module_c_ablation_60_v8/module_c_20260829_205331/configs/dual_d_full.json --source-root /home/lixiang/lx/Data/晴天 --output-dir runs/module_c_ablation_60_v8/module_c_20260829_205331 --run-name module_c_full --iterations 3 --epochs 60 --group-iterations --no-save-checkpoints --save-feature-embeddings --feature-visualization-samples 512 --monitor-metric val_f1_macro_present --no-use-ais --no-multi-gpu --deterministic-training --target-parent-root /home/lixiang/lx/Data --target-domains 黑天 逆光 雨天 --weather-profile-config configs/module_c_weather_profiles_v8.json --device cuda --seed 42
Running Module-C variant: no_cycle
/home/lixiang/envs/lx_pytorch/bin/python /home/lixiang/lx/Dual_D/scripts/train_dual_d.py --config /home/lixiang/lx/Dual_D/configs/train_dual_d_default.json --dual-config runs/module_c_ablation_60_v8/module_c_20260829_205331/configs/dual_d_no_cycle.json --source-root /home/lixiang/lx/Data/晴天 --output-dir runs/module_c_ablation_60_v8/module_c_20260829_205331 --run-name module_c_no_cycle --iterations 3 --epochs 60 --group-iterations --no-save-checkpoints --save-feature-embeddings --feature-visualization-samples 512 --monitor-metric val_f1_macro_present --no-use-ais --no-multi-gpu --deterministic-training --target-parent-root /home/lixiang/lx/Data --target-domains 黑天 逆光 雨天 --weather-profile-config configs/module_c_weather_profiles_v8.json --device cuda --seed 42
Running Module-C variant: no_identity
/home/lixiang/envs/lx_pytorch/bin/python /home/lixiang/lx/Dual_D/scripts/train_dual_d.py --config /home/lixiang/lx/Dual_D/configs/train_dual_d_default.json --dual-config runs/module_c_ablation_60_v8/module_c_20260829_205331/configs/dual_d_no_identity.json --source-root /home/lixiang/lx/Data/晴天 --output-dir runs/module_c_ablation_60_v8/module_c_20260829_205331 --run-name module_c_no_identity --iterations 3 --epochs 60 --group-iterations --no-save-checkpoints --save-feature-embeddings --feature-visualization-samples 512 --monitor-metric val_f1_macro_present --no-use-ais --no-multi-gpu --deterministic-training --target-parent-root /home/lixiang/lx/Data --target-domains 黑天 逆光 雨天 --weather-profile-config configs/module_c_weather_profiles_v8.json --device cuda --seed 42
Running Module-C variant: no_paired_contrastive
/home/lixiang/envs/lx_pytorch/bin/python /home/lixiang/lx/Dual_D/scripts/train_dual_d.py --config /home/lixiang/lx/Dual_D/configs/train_dual_d_default.json --dual-config runs/module_c_ablation_60_v8/module_c_20260829_205331/configs/dual_d_no_paired_contrastive.json --source-root /home/lixiang/lx/Data/晴天 --output-dir runs/module_c_ablation_60_v8/module_c_20260829_205331 --run-name module_c_no_paired_contrastive --iterations 3 --epochs 60 --group-iterations --no-save-checkpoints --save-feature-embeddings --feature-visualization-samples 512 --monitor-metric val_f1_macro_present --no-use-ais --no-multi-gpu --deterministic-training --target-parent-root /home/lixiang/lx/Data --target-domains 黑天 逆光 雨天 --weather-profile-config configs/module_c_weather_profiles_v8.json --device cuda --seed 42
Traceback (most recent call last):
  File "/home/lixiang/lx/Dual_D/scripts/ablate_module_c.py", line 2509, in <module>
    main()
  File "/home/lixiang/lx/Dual_D/scripts/ablate_module_c.py", line 2499, in main
    experiment_dir = run_variants(args, variants)
                     ^^^^^^^^^^^^^^^^^^^^^^^^^^^^
  File "/home/lixiang/lx/Dual_D/scripts/ablate_module_c.py", line 227, in run_variants
    subprocess.run(command, cwd=str(PROJECT_ROOT), check=True)
  File "/home/lixiang/envs/lx_pytorch/lib/python3.11/subprocess.py", line 571, in run
    raise CalledProcessError(retcode, process.args,
subprocess.CalledProcessError: Command '['/home/lixiang/envs/lx_pytorch/bin/python', '/home/lixiang/lx/Dual_D/scripts/train_dual_d.py', '--config', '/home/lixiang/lx/Dual_D/configs/train_dual_d_default.json', '--dual-config', 'runs/module_c_ablation_60_v8/module_c_20260829_205331/configs/dual_d_no_paired_contrastive.json', '--source-root', '/home/lixiang/lx/Data/晴天', '--output-dir', 'runs/module_c_ablation_60_v8/module_c_20260829_205331', '--run-name', 'module_c_no_paired_contrastive', '--iterations', '3', '--epochs', '60', '--group-iterations', '--no-save-checkpoints', '--save-feature-embeddings', '--feature-visualization-samples', '512', '--monitor-metric', 'val_f1_macro_present', '--no-use-ais', '--no-multi-gpu', '--deterministic-training', '--target-parent-root', '/home/lixiang/lx/Data', '--target-domains', '黑天', '逆光', '雨天', '--weather-profile-config', 'configs/module_c_weather_profiles_v8.json', '--device', 'cuda', '--seed', '42']' died with <Signals.SIGTERM: 15>.
