nohup: 忽略输入
/home/lixiang/envs/lx_pytorch/lib/python3.11/site-packages/torch/cuda/__init__.py:1061: UserWarning: Can't initialize NVML
  raw_cnt = _raw_device_count_nvml()
2026-08-20 20:42:37 | Starting Dual_D standalone training
2026-08-20 20:42:37 | Run directory: runs/module_c_ablation/module_c_full_黑天_iter01_20260820_204237
2026-08-20 20:42:37 | Device: cuda
2026-08-20 20:42:37 | Source train samples: 992
2026-08-20 20:42:37 | Target train samples: 465
2026-08-20 20:42:37 | Target val samples: 120
2026-08-20 20:42:37 | Classes: 14
2026-08-20 20:42:37 | Data audit: same_dir=False | path_overlap(vis/ir/ais)=0/0/0 | content_overlap(vis/ir/ais)=0/0/0 | ais_index_overlap=0 | stem_mismatch(vis-ir/vis-ais)=578/0
2026-08-20 20:42:37 | source_train classes: present 14/14 | absent 0 | counts [0:120, 1:44, 2:69, 3:45, 4:40, 5:30, 6:64, 7:80, 8:116, 9:68, 10:57, 11:83, 12:48, 13:128]
2026-08-20 20:42:37 | target_train classes: present 8/14 | absent 6 | counts [0:100, 2:11, 3:16, 6:89, 9:162, 10:12, 11:44, 13:31]
2026-08-20 20:42:37 | target_val classes: present 8/14 | absent 6 | counts [0:26, 2:3, 3:5, 6:23, 9:41, 10:3, 11:11, 13:8]
2026-08-20 20:42:37 | Paired training classes: 8/14 | class ids [0, 2, 3, 6, 9, 10, 11, 13]
2026-08-20 20:42:37 | VIS/IR pairing: class-level-unpaired | count-mismatch classes train/val: 10/0 | AIS alignment: none | AIS rows train/val: 0/0
2026-08-20 20:42:38 | Model parameters: total=17277714 | trainable=17120210
Starting run 1/12: domain=黑天, iteration=1, seed=42
2026-08-20 20:45:39 | Epoch 001/100 | loss 9.0040 | cls 4.6358 | tal 0.2008 | dual_g 4.3080 | dual_d 0.0000 | train_acc 0.1729 | train_full 0.1118 | val_acc 0.1167 | val_f1 0.1077 | grad(main/disc) 28.801/0.000 | lr(main/disc) 7.00e-05/3.50e-05 | 180.2s
2026-08-20 20:45:39 | New best val_f1_macro_present: 0.1077 at epoch 1
2026-08-20 20:48:35 | Epoch 002/100 | loss 6.9303 | cls 3.4937 | tal 0.0300 | dual_g 3.4277 | dual_d 0.0000 | train_acc 0.3979 | train_full 0.2129 | val_acc 0.2083 | val_f1 0.2926 | grad(main/disc) 22.989/0.000 | lr(main/disc) 7.00e-05/3.50e-05 | 176.3s
2026-08-20 20:48:36 | New best val_f1_macro_present: 0.2926 at epoch 2
2026-08-20 20:51:35 | Epoch 003/100 | loss 5.8970 | cls 2.9579 | tal 0.0408 | dual_g 2.9269 | dual_d 0.0000 | train_acc 0.5104 | train_full 0.4108 | val_acc 0.4167 | val_f1 0.4968 | grad(main/disc) 21.410/0.000 | lr(main/disc) 7.00e-05/3.50e-05 | 179.6s
2026-08-20 20:51:35 | New best val_f1_macro_present: 0.4968 at epoch 3
2026-08-20 20:54:37 | Epoch 004/100 | loss 5.1829 | cls 2.5608 | tal 0.0021 | dual_g 2.6215 | dual_d 0.0000 | train_acc 0.6188 | train_full 0.5677 | val_acc 0.5583 | val_f1 0.5841 | grad(main/disc) 19.933/0.000 | lr(main/disc) 7.00e-05/3.50e-05 | 181.9s
2026-08-20 20:54:38 | New best val_f1_macro_present: 0.5841 at epoch 4
2026-08-20 20:57:40 | Epoch 005/100 | loss 4.6586 | cls 2.2559 | tal 0.0022 | dual_g 2.4020 | dual_d 0.0000 | train_acc 0.6792 | train_full 0.6495 | val_acc 0.6500 | val_f1 0.6465 | grad(main/disc) 18.788/0.000 | lr(main/disc) 7.00e-05/3.50e-05 | 182.4s
2026-08-20 20:57:40 | New best val_f1_macro_present: 0.6465 at epoch 5
2026-08-20 21:00:42 | Epoch 006/100 | loss 4.0751 | cls 1.9544 | tal 0.0168 | dual_g 2.1156 | dual_d 0.9466 | train_acc 0.7771 | train_full 0.6796 | val_acc 0.6500 | val_f1 0.6486 | grad(main/disc) 16.369/1.996 | lr(main/disc) 7.00e-05/3.50e-05 | 181.3s
2026-08-20 21:00:42 | New best val_f1_macro_present: 0.6486 at epoch 6
2026-08-20 21:03:44 | Epoch 007/100 | loss 3.9715 | cls 1.9210 | tal 0.0120 | dual_g 2.0469 | dual_d 0.8881 | train_acc 0.7854 | train_full 0.7591 | val_acc 0.6917 | val_f1 0.6939 | grad(main/disc) 16.905/1.900 | lr(main/disc) 7.00e-05/3.50e-05 | 182.0s
2026-08-20 21:03:44 | New best val_f1_macro_present: 0.6939 at epoch 7
2026-08-20 21:06:49 | Epoch 008/100 | loss 3.6895 | cls 1.7618 | tal 0.0234 | dual_g 1.9207 | dual_d 0.8328 | train_acc 0.8396 | train_full 0.7204 | val_acc 0.7000 | val_f1 0.6887 | grad(main/disc) 15.109/1.743 | lr(main/disc) 7.00e-05/3.50e-05 | 185.0s
2026-08-20 21:09:47 | Epoch 009/100 | loss 3.6018 | cls 1.7256 | tal 0.0801 | dual_g 1.8522 | dual_d 0.8386 | train_acc 0.8375 | train_full 0.7935 | val_acc 0.7750 | val_f1 0.7384 | grad(main/disc) 15.257/1.741 | lr(main/disc) 7.00e-05/3.50e-05 | 178.0s
2026-08-20 21:09:48 | New best val_f1_macro_present: 0.7384 at epoch 9
2026-08-20 21:12:53 | Epoch 010/100 | loss 3.4676 | cls 1.6527 | tal 0.0118 | dual_g 1.8114 | dual_d 0.8141 | train_acc 0.8917 | train_full 0.8538 | val_acc 0.8333 | val_f1 0.8211 | grad(main/disc) 15.009/1.685 | lr(main/disc) 7.00e-05/3.50e-05 | 185.4s
2026-08-20 21:12:53 | New best val_f1_macro_present: 0.8211 at epoch 10
2026-08-20 21:15:53 | Epoch 011/100 | loss 3.3288 | cls 1.5620 | tal 0.0719 | dual_g 1.7453 | dual_d 0.7931 | train_acc 0.8917 | train_full 0.9054 | val_acc 0.8667 | val_f1 0.8257 | grad(main/disc) 12.646/1.617 | lr(main/disc) 7.00e-05/3.50e-05 | 179.8s
2026-08-20 21:15:53 | New best val_f1_macro_present: 0.8257 at epoch 11
2026-08-20 21:18:56 | Epoch 012/100 | loss 3.1895 | cls 1.5414 | tal 0.0495 | dual_g 1.6333 | dual_d 0.7981 | train_acc 0.9042 | train_full 0.7183 | val_acc 0.7250 | val_f1 0.7196 | grad(main/disc) 12.594/1.590 | lr(main/disc) 7.00e-05/3.50e-05 | 182.8s
2026-08-20 21:21:58 | Epoch 013/100 | loss 3.1400 | cls 1.5107 | tal 0.0178 | dual_g 1.6239 | dual_d 0.7573 | train_acc 0.9417 | train_full 0.9312 | val_acc 0.9083 | val_f1 0.8638 | grad(main/disc) 11.708/1.529 | lr(main/disc) 7.00e-05/3.50e-05 | 181.6s
2026-08-20 21:21:58 | New best val_f1_macro_present: 0.8638 at epoch 13
2026-08-20 21:24:57 | Epoch 014/100 | loss 3.0824 | cls 1.4786 | tal -0.0218 | dual_g 1.6103 | dual_d 0.8028 | train_acc 0.9271 | train_full 0.9376 | val_acc 0.8750 | val_f1 0.8811 | grad(main/disc) 11.168/1.552 | lr(main/disc) 7.00e-05/3.50e-05 | 178.7s
2026-08-20 21:24:57 | New best val_f1_macro_present: 0.8811 at epoch 14
2026-08-20 21:29:38 | Epoch 015/100 | loss 2.9510 | cls 1.4175 | tal -0.0071 | dual_g 1.5357 | dual_d 0.7713 | train_acc 0.9688 | train_full 0.9032 | val_acc 0.8833 | val_f1 0.8382 | grad(main/disc) 9.293/1.497 | lr(main/disc) 7.00e-05/3.50e-05 | 281.5s
2026-08-20 21:35:14 | Epoch 016/100 | loss 2.9101 | cls 1.3880 | tal -0.0485 | dual_g 1.5366 | dual_d 0.8116 | train_acc 0.9625 | train_full 0.8731 | val_acc 0.8667 | val_f1 0.8287 | grad(main/disc) 10.077/1.499 | lr(main/disc) 7.00e-05/3.50e-05 | 336.0s
2026-08-20 21:40:49 | Epoch 017/100 | loss 2.9219 | cls 1.3978 | tal -0.0370 | dual_g 1.5352 | dual_d 0.8657 | train_acc 0.9708 | train_full 0.9269 | val_acc 0.9000 | val_f1 0.8681 | grad(main/disc) 9.813/1.527 | lr(main/disc) 7.00e-05/3.50e-05 | 334.3s
2026-08-20 21:46:25 | Epoch 018/100 | loss 2.8455 | cls 1.3652 | tal -0.0195 | dual_g 1.4861 | dual_d 0.8867 | train_acc 0.9812 | train_full 0.9398 | val_acc 0.9167 | val_f1 0.8836 | grad(main/disc) 7.779/1.553 | lr(main/disc) 7.00e-05/3.50e-05 | 335.8s
2026-08-20 21:46:25 | New best val_f1_macro_present: 0.8836 at epoch 18
2026-08-20 21:51:59 | Epoch 019/100 | loss 2.8460 | cls 1.3712 | tal -0.0736 | dual_g 1.4969 | dual_d 0.8858 | train_acc 0.9771 | train_full 0.9441 | val_acc 0.9083 | val_f1 0.8858 | grad(main/disc) 8.550/1.533 | lr(main/disc) 7.00e-05/3.50e-05 | 334.5s
2026-08-20 21:52:00 | New best val_f1_macro_present: 0.8858 at epoch 19
2026-08-20 21:57:36 | Epoch 020/100 | loss 2.8466 | cls 1.3735 | tal -0.0763 | dual_g 1.4960 | dual_d 0.9291 | train_acc 0.9688 | train_full 0.9484 | val_acc 0.9167 | val_f1 0.8941 | grad(main/disc) 9.173/1.607 | lr(main/disc) 7.00e-05/3.50e-05 | 336.3s
2026-08-20 21:57:37 | New best val_f1_macro_present: 0.8941 at epoch 20
2026-08-20 22:03:08 | Epoch 021/100 | loss 2.7216 | cls 1.3274 | tal -0.1454 | dual_g 1.4378 | dual_d 0.9416 | train_acc 0.9833 | train_full 0.9570 | val_acc 0.9000 | val_f1 0.8538 | grad(main/disc) 7.134/1.571 | lr(main/disc) 7.00e-05/3.50e-05 | 331.5s
2026-08-20 22:08:38 | Epoch 022/100 | loss 2.7761 | cls 1.3500 | tal -0.0892 | dual_g 1.4528 | dual_d 0.9663 | train_acc 0.9812 | train_full 0.9656 | val_acc 0.9500 | val_f1 0.9331 | grad(main/disc) 8.171/1.557 | lr(main/disc) 7.00e-05/3.50e-05 | 329.6s
2026-08-20 22:08:38 | New best val_f1_macro_present: 0.9331 at epoch 22
2026-08-20 22:14:10 | Epoch 023/100 | loss 2.6999 | cls 1.3247 | tal -0.1153 | dual_g 1.4097 | dual_d 0.9258 | train_acc 0.9875 | train_full 0.9462 | val_acc 0.9250 | val_f1 0.8966 | grad(main/disc) 6.395/1.523 | lr(main/disc) 7.00e-05/3.50e-05 | 331.8s
2026-08-20 22:19:44 | Epoch 024/100 | loss 2.6957 | cls 1.3062 | tal -0.0798 | dual_g 1.4134 | dual_d 0.9910 | train_acc 0.9833 | train_full 0.9849 | val_acc 0.9500 | val_f1 0.9223 | grad(main/disc) 6.333/1.579 | lr(main/disc) 7.00e-05/3.50e-05 | 334.4s
2026-08-20 22:25:20 | Epoch 025/100 | loss 2.6860 | cls 1.3186 | tal -0.1208 | dual_g 1.4037 | dual_d 1.0196 | train_acc 0.9875 | train_full 0.9591 | val_acc 0.9417 | val_f1 0.9032 | grad(main/disc) 6.692/1.625 | lr(main/disc) 7.00e-05/3.50e-05 | 335.5s
2026-08-20 22:30:57 | Epoch 026/100 | loss 2.6363 | cls 1.2924 | tal -0.1525 | dual_g 1.3896 | dual_d 1.0238 | train_acc 0.9958 | train_full 0.9935 | val_acc 0.9750 | val_f1 0.9734 | grad(main/disc) 5.871/1.587 | lr(main/disc) 7.00e-05/3.50e-05 | 337.4s
2026-08-20 22:30:57 | New best val_f1_macro_present: 0.9734 at epoch 26
2026-08-20 22:34:25 | Epoch 027/100 | loss 2.6208 | cls 1.2970 | tal -0.1748 | dual_g 1.3763 | dual_d 1.0521 | train_acc 0.9833 | train_full 0.9785 | val_acc 0.9583 | val_f1 0.9529 | grad(main/disc) 5.804/1.605 | lr(main/disc) 7.00e-05/3.50e-05 | 207.7s
2026-08-20 22:37:24 | Epoch 028/100 | loss 2.5781 | cls 1.2752 | tal -0.1907 | dual_g 1.3601 | dual_d 1.0660 | train_acc 0.9938 | train_full 0.9720 | val_acc 0.9667 | val_f1 0.9484 | grad(main/disc) 5.948/1.595 | lr(main/disc) 7.00e-05/3.50e-05 | 179.0s
2026-08-20 22:40:23 | Epoch 029/100 | loss 2.5611 | cls 1.2738 | tal -0.2025 | dual_g 1.3480 | dual_d 1.0757 | train_acc 0.9875 | train_full 0.9957 | val_acc 0.9833 | val_f1 0.9624 | grad(main/disc) 5.316/1.582 | lr(main/disc) 7.00e-05/3.50e-05 | 179.4s
2026-08-20 22:43:30 | Epoch 030/100 | loss 2.5400 | cls 1.2620 | tal -0.1785 | dual_g 1.3315 | dual_d 1.0732 | train_acc 0.9958 | train_full 0.9849 | val_acc 0.9750 | val_f1 0.9554 | grad(main/disc) 4.621/1.578 | lr(main/disc) 7.00e-05/3.50e-05 | 186.7s
2026-08-20 22:46:35 | Epoch 031/100 | loss 2.5244 | cls 1.2522 | tal -0.1834 | dual_g 1.3272 | dual_d 1.0671 | train_acc 0.9938 | train_full 0.9785 | val_acc 0.9667 | val_f1 0.9630 | grad(main/disc) 4.463/1.589 | lr(main/disc) 7.00e-05/3.50e-05 | 185.3s
2026-08-20 22:49:38 | Epoch 032/100 | loss 2.5112 | cls 1.2573 | tal -0.2078 | dual_g 1.3162 | dual_d 1.0868 | train_acc 0.9917 | train_full 0.9892 | val_acc 0.9750 | val_f1 0.9535 | grad(main/disc) 4.686/1.578 | lr(main/disc) 7.00e-05/3.50e-05 | 182.7s
2026-08-20 22:52:44 | Epoch 033/100 | loss 2.5161 | cls 1.2564 | tal -0.2120 | dual_g 1.3233 | dual_d 1.1020 | train_acc 0.9958 | train_full 0.9527 | val_acc 0.9333 | val_f1 0.9033 | grad(main/disc) 5.402/1.584 | lr(main/disc) 3.50e-05/1.75e-05 | 186.2s
2026-08-20 22:55:51 | Epoch 034/100 | loss 2.4539 | cls 1.2349 | tal -0.2199 | dual_g 1.2850 | dual_d 1.1063 | train_acc 0.9979 | train_full 0.9892 | val_acc 0.9833 | val_f1 0.9757 | grad(main/disc) 3.236/1.598 | lr(main/disc) 3.50e-05/1.75e-05 | 186.1s
2026-08-20 22:55:51 | New best val_f1_macro_present: 0.9757 at epoch 34
2026-08-20 22:58:54 | Epoch 035/100 | loss 2.4356 | cls 1.2322 | tal -0.2540 | dual_g 1.2796 | dual_d 1.0758 | train_acc 0.9979 | train_full 0.9914 | val_acc 0.9833 | val_f1 0.9757 | grad(main/disc) 3.561/1.558 | lr(main/disc) 3.50e-05/1.75e-05 | 183.3s
2026-08-20 23:01:57 | Epoch 036/100 | loss 2.4314 | cls 1.2310 | tal -0.2600 | dual_g 1.2784 | dual_d 1.0667 | train_acc 0.9958 | train_full 0.9806 | val_acc 0.9750 | val_f1 0.9669 | grad(main/disc) 3.527/1.524 | lr(main/disc) 3.50e-05/1.75e-05 | 182.6s
2026-08-20 23:07:25 | Epoch 037/100 | loss 2.4221 | cls 1.2275 | tal -0.2592 | dual_g 1.2724 | dual_d 1.0577 | train_acc 0.9979 | train_full 0.9720 | val_acc 0.9500 | val_f1 0.9369 | grad(main/disc) 3.495/1.488 | lr(main/disc) 3.50e-05/1.75e-05 | 328.0s
2026-08-20 23:13:01 | Epoch 038/100 | loss 2.4150 | cls 1.2186 | tal -0.2612 | dual_g 1.2747 | dual_d 1.0642 | train_acc 0.9938 | train_full 0.9914 | val_acc 0.9750 | val_f1 0.9535 | grad(main/disc) 3.343/1.511 | lr(main/disc) 3.50e-05/1.75e-05 | 336.4s
2026-08-20 23:18:41 | Epoch 039/100 | loss 2.4268 | cls 1.2319 | tal -0.2604 | dual_g 1.2730 | dual_d 1.0569 | train_acc 0.9938 | train_full 0.9720 | val_acc 0.9667 | val_f1 0.9489 | grad(main/disc) 3.730/1.509 | lr(main/disc) 3.50e-05/1.75e-05 | 339.8s
2026-08-20 23:24:17 | Epoch 040/100 | loss 2.4002 | cls 1.2187 | tal -0.2594 | dual_g 1.2593 | dual_d 1.0653 | train_acc 1.0000 | train_full 0.9828 | val_acc 0.9750 | val_f1 0.9554 | grad(main/disc) 3.196/1.513 | lr(main/disc) 3.50e-05/1.75e-05 | 336.3s
2026-08-20 23:29:51 | Epoch 041/100 | loss 2.4058 | cls 1.2234 | tal -0.2716 | dual_g 1.2639 | dual_d 1.0565 | train_acc 0.9958 | train_full 0.9849 | val_acc 0.9750 | val_f1 0.9554 | grad(main/disc) 3.401/1.459 | lr(main/disc) 1.75e-05/8.75e-06 | 333.9s
2026-08-20 23:35:29 | Epoch 042/100 | loss 2.3799 | cls 1.2173 | tal -0.3176 | dual_g 1.2579 | dual_d 1.0938 | train_acc 0.9979 | train_full 0.9914 | val_acc 0.9750 | val_f1 0.9535 | grad(main/disc) 3.261/1.541 | lr(main/disc) 1.75e-05/8.75e-06 | 337.6s
2026-08-20 23:41:04 | Epoch 043/100 | loss 2.3703 | cls 1.2011 | tal -0.2903 | dual_g 1.2563 | dual_d 1.1044 | train_acc 1.0000 | train_full 0.9892 | val_acc 0.9833 | val_f1 0.9624 | grad(main/disc) 2.896/1.523 | lr(main/disc) 1.75e-05/8.75e-06 | 335.6s
2026-08-20 23:41:04 | Early stopping at epoch 43 after 9 epochs without val_f1_macro_present improvement.
2026-08-20 23:41:04 | Training complete. Best validation accuracy: 0.9833 | best val_f1_macro_present: 0.9757
2026-08-20 23:41:04 | Starting Dual_D standalone training
2026-08-20 23:41:04 | Run directory: runs/module_c_ablation/module_c_full_黑天_iter02_20260820_204237
2026-08-20 23:41:04 | Device: cuda
2026-08-20 23:41:04 | Source train samples: 992
2026-08-20 23:41:04 | Target train samples: 465
2026-08-20 23:41:04 | Target val samples: 120
2026-08-20 23:41:04 | Classes: 14
2026-08-20 23:41:04 | Data audit: same_dir=False | path_overlap(vis/ir/ais)=0/0/0 | content_overlap(vis/ir/ais)=0/0/0 | ais_index_overlap=0 | stem_mismatch(vis-ir/vis-ais)=578/0
2026-08-20 23:41:04 | source_train classes: present 14/14 | absent 0 | counts [0:120, 1:44, 2:69, 3:45, 4:40, 5:30, 6:64, 7:80, 8:116, 9:68, 10:57, 11:83, 12:48, 13:128]
2026-08-20 23:41:04 | target_train classes: present 8/14 | absent 6 | counts [0:100, 2:11, 3:16, 6:89, 9:162, 10:12, 11:44, 13:31]
2026-08-20 23:41:04 | target_val classes: present 8/14 | absent 6 | counts [0:26, 2:3, 3:5, 6:23, 9:41, 10:3, 11:11, 13:8]
2026-08-20 23:41:04 | Paired training classes: 8/14 | class ids [0, 2, 3, 6, 9, 10, 11, 13]
2026-08-20 23:41:04 | VIS/IR pairing: class-level-unpaired | count-mismatch classes train/val: 10/0 | AIS alignment: none | AIS rows train/val: 0/0
2026-08-20 23:41:07 | Model parameters: total=17277714 | trainable=17120210
Starting run 2/12: domain=黑天, iteration=2, seed=43
2026-08-20 23:46:45 | Epoch 001/100 | loss 9.2911 | cls 4.7958 | tal 0.2040 | dual_g 4.4341 | dual_d 0.0000 | train_acc 0.1417 | train_full 0.3312 | val_acc 0.3083 | val_f1 0.1396 | grad(main/disc) 28.082/0.000 | lr(main/disc) 7.00e-05/3.50e-05 | 337.4s
2026-08-20 23:46:45 | New best val_f1_macro_present: 0.1396 at epoch 1
2026-08-20 23:52:25 | Epoch 002/100 | loss 7.0092 | cls 3.5380 | tal 0.1005 | dual_g 3.4410 | dual_d 0.0000 | train_acc 0.3500 | train_full 0.1570 | val_acc 0.1667 | val_f1 0.1852 | grad(main/disc) 21.148/0.000 | lr(main/disc) 7.00e-05/3.50e-05 | 339.6s
2026-08-20 23:52:25 | New best val_f1_macro_present: 0.1852 at epoch 2
2026-08-20 23:58:02 | Epoch 003/100 | loss 5.9682 | cls 3.0177 | tal -0.0635 | dual_g 2.9696 | dual_d 0.0000 | train_acc 0.4729 | train_full 0.2688 | val_acc 0.2917 | val_f1 0.4299 | grad(main/disc) 19.753/0.000 | lr(main/disc) 7.00e-05/3.50e-05 | 336.5s
2026-08-20 23:58:02 | New best val_f1_macro_present: 0.4299 at epoch 3
2026-08-21 00:03:40 | Epoch 004/100 | loss 5.1248 | cls 2.5995 | tal -0.0741 | dual_g 2.5476 | dual_d 0.0000 | train_acc 0.5917 | train_full 0.5849 | val_acc 0.5917 | val_f1 0.5884 | grad(main/disc) 18.591/0.000 | lr(main/disc) 7.00e-05/3.50e-05 | 338.3s
2026-08-21 00:03:41 | New best val_f1_macro_present: 0.5884 at epoch 4
2026-08-21 00:08:48 | Epoch 005/100 | loss 4.5714 | cls 2.2307 | tal -0.0257 | dual_g 2.3483 | dual_d 0.0000 | train_acc 0.7000 | train_full 0.4817 | val_acc 0.5250 | val_f1 0.5894 | grad(main/disc) 18.413/0.000 | lr(main/disc) 7.00e-05/3.50e-05 | 307.1s
2026-08-21 00:11:49 | Epoch 006/100 | loss 4.3809 | cls 2.1121 | tal -0.0216 | dual_g 2.2753 | dual_d 0.9598 | train_acc 0.7438 | train_full 0.7097 | val_acc 0.6833 | val_f1 0.6728 | grad(main/disc) 17.962/1.865 | lr(main/disc) 7.00e-05/3.50e-05 | 180.9s
2026-08-21 00:11:49 | New best val_f1_macro_present: 0.6728 at epoch 6
2026-08-21 00:14:50 | Epoch 007/100 | loss 3.9655 | cls 1.9731 | tal -0.0274 | dual_g 2.0006 | dual_d 0.9220 | train_acc 0.7958 | train_full 0.7871 | val_acc 0.7583 | val_f1 0.7214 | grad(main/disc) 16.313/1.793 | lr(main/disc) 7.00e-05/3.50e-05 | 181.1s
2026-08-21 00:14:50 | New best val_f1_macro_present: 0.7214 at epoch 7
2026-08-21 00:17:52 | Epoch 008/100 | loss 3.7650 | cls 1.8124 | tal 0.0079 | dual_g 1.9502 | dual_d 0.8673 | train_acc 0.8625 | train_full 0.7785 | val_acc 0.6833 | val_f1 0.6706 | grad(main/disc) 15.711/1.712 | lr(main/disc) 7.00e-05/3.50e-05 | 181.8s
2026-08-21 00:20:57 | Epoch 009/100 | loss 3.6134 | cls 1.7732 | tal -0.0042 | dual_g 1.8415 | dual_d 0.8228 | train_acc 0.8583 | train_full 0.7914 | val_acc 0.7500 | val_f1 0.7251 | grad(main/disc) 15.153/1.688 | lr(main/disc) 7.00e-05/3.50e-05 | 185.1s
2026-08-21 00:20:58 | New best val_f1_macro_present: 0.7251 at epoch 9
2026-08-21 00:23:59 | Epoch 010/100 | loss 3.4540 | cls 1.6787 | tal -0.0365 | dual_g 1.7862 | dual_d 0.8622 | train_acc 0.8854 | train_full 0.9032 | val_acc 0.8583 | val_f1 0.8326 | grad(main/disc) 14.662/1.599 | lr(main/disc) 7.00e-05/3.50e-05 | 181.4s
2026-08-21 00:23:59 | New best val_f1_macro_present: 0.8326 at epoch 10
2026-08-21 00:27:00 | Epoch 011/100 | loss 3.3151 | cls 1.5924 | tal -0.0243 | dual_g 1.7300 | dual_d 0.8708 | train_acc 0.9021 | train_full 0.8280 | val_acc 0.8000 | val_f1 0.7789 | grad(main/disc) 13.602/1.581 | lr(main/disc) 7.00e-05/3.50e-05 | 181.1s
2026-08-21 00:30:04 | Epoch 012/100 | loss 3.1557 | cls 1.4898 | tal 0.0021 | dual_g 1.6653 | dual_d 0.8283 | train_acc 0.9521 | train_full 0.9376 | val_acc 0.9167 | val_f1 0.8849 | grad(main/disc) 11.547/1.538 | lr(main/disc) 7.00e-05/3.50e-05 | 183.8s
2026-08-21 00:30:04 | New best val_f1_macro_present: 0.8849 at epoch 12
2026-08-21 00:33:05 | Epoch 013/100 | loss 3.1316 | cls 1.4985 | tal -0.0511 | dual_g 1.6484 | dual_d 0.8268 | train_acc 0.9479 | train_full 0.8667 | val_acc 0.8167 | val_f1 0.7898 | grad(main/disc) 11.888/1.483 | lr(main/disc) 7.00e-05/3.50e-05 | 180.7s
2026-08-21 00:36:10 | Epoch 014/100 | loss 3.0641 | cls 1.4746 | tal -0.0262 | dual_g 1.5973 | dual_d 0.8276 | train_acc 0.9521 | train_full 0.9075 | val_acc 0.8417 | val_f1 0.8291 | grad(main/disc) 11.119/1.499 | lr(main/disc) 7.00e-05/3.50e-05 | 185.1s
2026-08-21 00:38:56 | Epoch 015/100 | loss 3.0282 | cls 1.4494 | tal -0.0127 | dual_g 1.5826 | dual_d 0.8288 | train_acc 0.9604 | train_full 0.9269 | val_acc 0.8750 | val_f1 0.8463 | grad(main/disc) 10.661/1.449 | lr(main/disc) 7.00e-05/3.50e-05 | 166.2s
2026-08-21 00:40:14 | Epoch 016/100 | loss 2.9614 | cls 1.4367 | tal -0.0671 | dual_g 1.5448 | dual_d 0.8231 | train_acc 0.9417 | train_full 0.9183 | val_acc 0.8333 | val_f1 0.8292 | grad(main/disc) 9.934/1.453 | lr(main/disc) 7.00e-05/3.50e-05 | 77.3s
2026-08-21 00:41:29 | Epoch 017/100 | loss 2.9119 | cls 1.3934 | tal -0.0478 | dual_g 1.5329 | dual_d 0.8510 | train_acc 0.9604 | train_full 0.9742 | val_acc 0.9250 | val_f1 0.8868 | grad(main/disc) 9.195/1.429 | lr(main/disc) 7.00e-05/3.50e-05 | 75.4s
2026-08-21 00:41:29 | New best val_f1_macro_present: 0.8868 at epoch 17
2026-08-21 00:42:48 | Epoch 018/100 | loss 2.9198 | cls 1.4042 | tal -0.0480 | dual_g 1.5300 | dual_d 0.8690 | train_acc 0.9563 | train_full 0.8989 | val_acc 0.8333 | val_f1 0.8391 | grad(main/disc) 9.833/1.411 | lr(main/disc) 7.00e-05/3.50e-05 | 78.4s
2026-08-21 00:44:05 | Epoch 019/100 | loss 2.8069 | cls 1.3691 | tal -0.1252 | dual_g 1.4754 | dual_d 0.8970 | train_acc 0.9688 | train_full 0.9226 | val_acc 0.8583 | val_f1 0.8376 | grad(main/disc) 7.753/1.449 | lr(main/disc) 7.00e-05/3.50e-05 | 76.6s
2026-08-21 00:45:23 | Epoch 020/100 | loss 2.7762 | cls 1.3443 | tal -0.0837 | dual_g 1.4570 | dual_d 0.9038 | train_acc 0.9896 | train_full 0.9462 | val_acc 0.9083 | val_f1 0.8835 | grad(main/disc) 6.808/1.382 | lr(main/disc) 7.00e-05/3.50e-05 | 78.5s
2026-08-21 00:46:37 | Epoch 021/100 | loss 2.7709 | cls 1.3470 | tal -0.0894 | dual_g 1.4508 | dual_d 0.9070 | train_acc 0.9750 | train_full 0.9075 | val_acc 0.8333 | val_f1 0.8163 | grad(main/disc) 7.845/1.401 | lr(main/disc) 7.00e-05/3.50e-05 | 74.1s
2026-08-21 00:47:53 | Epoch 022/100 | loss 2.7509 | cls 1.3454 | tal -0.0808 | dual_g 1.4298 | dual_d 0.9260 | train_acc 0.9854 | train_full 0.9656 | val_acc 0.9000 | val_f1 0.9007 | grad(main/disc) 7.403/1.390 | lr(main/disc) 7.00e-05/3.50e-05 | 75.9s
2026-08-21 00:47:53 | New best val_f1_macro_present: 0.9007 at epoch 22
2026-08-21 00:49:09 | Epoch 023/100 | loss 2.7386 | cls 1.3273 | tal -0.0805 | dual_g 1.4355 | dual_d 0.9103 | train_acc 0.9875 | train_full 0.9161 | val_acc 0.8750 | val_f1 0.8632 | grad(main/disc) 7.217/1.359 | lr(main/disc) 7.00e-05/3.50e-05 | 76.0s
2026-08-21 00:50:27 | Epoch 024/100 | loss 2.6502 | cls 1.2989 | tal -0.1353 | dual_g 1.3919 | dual_d 0.9446 | train_acc 0.9917 | train_full 0.9613 | val_acc 0.9167 | val_f1 0.9374 | grad(main/disc) 5.508/1.387 | lr(main/disc) 7.00e-05/3.50e-05 | 78.0s
2026-08-21 00:50:28 | New best val_f1_macro_present: 0.9374 at epoch 24
2026-08-21 00:51:44 | Epoch 025/100 | loss 2.6416 | cls 1.2898 | tal -0.1423 | dual_g 1.3945 | dual_d 0.9623 | train_acc 0.9917 | train_full 0.9548 | val_acc 0.9000 | val_f1 0.8869 | grad(main/disc) 5.611/1.423 | lr(main/disc) 7.00e-05/3.50e-05 | 76.7s
2026-08-21 00:53:02 | Epoch 026/100 | loss 2.6185 | cls 1.2939 | tal -0.1622 | dual_g 1.3732 | dual_d 0.9644 | train_acc 0.9896 | train_full 0.9548 | val_acc 0.9250 | val_f1 0.9412 | grad(main/disc) 5.522/1.416 | lr(main/disc) 7.00e-05/3.50e-05 | 77.9s
2026-08-21 00:53:03 | New best val_f1_macro_present: 0.9412 at epoch 26
2026-08-21 00:54:14 | Epoch 027/100 | loss 2.6063 | cls 1.2793 | tal -0.1355 | dual_g 1.3677 | dual_d 1.0111 | train_acc 0.9833 | train_full 0.9742 | val_acc 0.9250 | val_f1 0.9221 | grad(main/disc) 5.447/1.410 | lr(main/disc) 7.00e-05/3.50e-05 | 71.1s
2026-08-21 00:55:27 | Epoch 028/100 | loss 2.6299 | cls 1.2901 | tal -0.1009 | dual_g 1.3701 | dual_d 0.9969 | train_acc 0.9833 | train_full 0.9806 | val_acc 0.9333 | val_f1 0.9228 | grad(main/disc) 5.892/1.416 | lr(main/disc) 7.00e-05/3.50e-05 | 73.8s
2026-08-21 00:56:44 | Epoch 029/100 | loss 2.5957 | cls 1.2756 | tal -0.1197 | dual_g 1.3561 | dual_d 1.0058 | train_acc 0.9958 | train_full 0.9806 | val_acc 0.9583 | val_f1 0.9539 | grad(main/disc) 5.014/1.365 | lr(main/disc) 7.00e-05/3.50e-05 | 77.1s
2026-08-21 00:56:45 | New best val_f1_macro_present: 0.9539 at epoch 29
2026-08-21 00:58:00 | Epoch 030/100 | loss 2.5697 | cls 1.2650 | tal -0.1093 | dual_g 1.3374 | dual_d 1.0318 | train_acc 0.9896 | train_full 0.8968 | val_acc 0.8750 | val_f1 0.8576 | grad(main/disc) 4.777/1.392 | lr(main/disc) 7.00e-05/3.50e-05 | 74.9s
2026-08-21 00:59:17 | Epoch 031/100 | loss 2.5409 | cls 1.2469 | tal -0.1354 | dual_g 1.3345 | dual_d 1.0145 | train_acc 0.9938 | train_full 0.9763 | val_acc 0.9417 | val_f1 0.9383 | grad(main/disc) 4.154/1.355 | lr(main/disc) 7.00e-05/3.50e-05 | 77.0s
2026-08-21 01:00:35 | Epoch 032/100 | loss 2.5400 | cls 1.2538 | tal -0.1130 | dual_g 1.3202 | dual_d 1.0152 | train_acc 0.9958 | train_full 0.9699 | val_acc 0.9167 | val_f1 0.9208 | grad(main/disc) 4.695/1.346 | lr(main/disc) 7.00e-05/3.50e-05 | 78.1s
2026-08-21 01:01:51 | Epoch 033/100 | loss 2.5291 | cls 1.2447 | tal -0.0993 | dual_g 1.3142 | dual_d 0.9922 | train_acc 1.0000 | train_full 0.9828 | val_acc 0.9667 | val_f1 0.9395 | grad(main/disc) 4.090/1.310 | lr(main/disc) 7.00e-05/3.50e-05 | 75.8s
2026-08-21 01:03:07 | Epoch 034/100 | loss 2.5148 | cls 1.2474 | tal -0.1168 | dual_g 1.3024 | dual_d 1.0215 | train_acc 0.9917 | train_full 0.9871 | val_acc 0.9667 | val_f1 0.9579 | grad(main/disc) 4.114/1.371 | lr(main/disc) 7.00e-05/3.50e-05 | 76.9s
2026-08-21 01:03:08 | New best val_f1_macro_present: 0.9579 at epoch 34
2026-08-21 01:04:21 | Epoch 035/100 | loss 2.4917 | cls 1.2436 | tal -0.1324 | dual_g 1.2878 | dual_d 1.0312 | train_acc 0.9979 | train_full 0.9785 | val_acc 0.9583 | val_f1 0.9572 | grad(main/disc) 4.129/1.354 | lr(main/disc) 7.00e-05/3.50e-05 | 73.5s
2026-08-21 01:05:38 | Epoch 036/100 | loss 2.4707 | cls 1.2327 | tal -0.1414 | dual_g 1.2804 | dual_d 1.0329 | train_acc 0.9958 | train_full 0.9720 | val_acc 0.9417 | val_f1 0.9547 | grad(main/disc) 3.607/1.328 | lr(main/disc) 7.00e-05/3.50e-05 | 76.9s
2026-08-21 01:06:56 | Epoch 037/100 | loss 2.4697 | cls 1.2271 | tal -0.1170 | dual_g 1.2777 | dual_d 1.0370 | train_acc 1.0000 | train_full 0.9849 | val_acc 0.9667 | val_f1 0.9712 | grad(main/disc) 3.446/1.373 | lr(main/disc) 7.00e-05/3.50e-05 | 77.8s
2026-08-21 01:06:56 | New best val_f1_macro_present: 0.9712 at epoch 37
2026-08-21 01:08:12 | Epoch 038/100 | loss 2.4471 | cls 1.2333 | tal -0.1777 | dual_g 1.2671 | dual_d 1.0202 | train_acc 0.9979 | train_full 0.9849 | val_acc 0.9583 | val_f1 0.9518 | grad(main/disc) 3.426/1.306 | lr(main/disc) 7.00e-05/3.50e-05 | 76.1s
2026-08-21 01:09:29 | Epoch 039/100 | loss 2.4137 | cls 1.2088 | tal -0.1612 | dual_g 1.2532 | dual_d 0.9953 | train_acc 0.9979 | train_full 0.9828 | val_acc 0.9583 | val_f1 0.9518 | grad(main/disc) 2.999/1.292 | lr(main/disc) 7.00e-05/3.50e-05 | 76.8s
2026-08-21 01:10:46 | Epoch 040/100 | loss 2.4161 | cls 1.2107 | tal -0.1748 | dual_g 1.2579 | dual_d 0.9638 | train_acc 0.9979 | train_full 0.9806 | val_acc 0.9583 | val_f1 0.9518 | grad(main/disc) 3.175/1.273 | lr(main/disc) 7.00e-05/3.50e-05 | 76.6s
2026-08-21 01:12:04 | Epoch 041/100 | loss 2.4052 | cls 1.2062 | tal -0.1353 | dual_g 1.2395 | dual_d 0.9717 | train_acc 0.9958 | train_full 0.9914 | val_acc 0.9667 | val_f1 0.9514 | grad(main/disc) 2.707/1.243 | lr(main/disc) 7.00e-05/3.50e-05 | 77.9s
2026-08-21 01:13:18 | Epoch 042/100 | loss 2.3775 | cls 1.2065 | tal -0.2161 | dual_g 1.2358 | dual_d 1.0028 | train_acc 1.0000 | train_full 0.9785 | val_acc 0.9583 | val_f1 0.9427 | grad(main/disc) 2.892/1.251 | lr(main/disc) 7.00e-05/3.50e-05 | 74.6s
2026-08-21 01:14:34 | Epoch 043/100 | loss 2.4010 | cls 1.2156 | tal -0.2018 | dual_g 1.2460 | dual_d 1.0019 | train_acc 0.9958 | train_full 0.9828 | val_acc 0.9667 | val_f1 0.9721 | grad(main/disc) 3.395/1.255 | lr(main/disc) 7.00e-05/3.50e-05 | 75.9s
2026-08-21 01:15:52 | Epoch 044/100 | loss 2.3896 | cls 1.1963 | tal -0.1561 | dual_g 1.2401 | dual_d 1.0020 | train_acc 0.9979 | train_full 0.9935 | val_acc 0.9833 | val_f1 0.9714 | grad(main/disc) 2.695/1.274 | lr(main/disc) 7.00e-05/3.50e-05 | 78.0s
2026-08-21 01:17:10 | Epoch 045/100 | loss 2.3813 | cls 1.1902 | tal -0.1322 | dual_g 1.2307 | dual_d 1.0050 | train_acc 1.0000 | train_full 0.9914 | val_acc 0.9667 | val_f1 0.9489 | grad(main/disc) 2.529/1.284 | lr(main/disc) 7.00e-05/3.50e-05 | 77.4s
2026-08-21 01:18:26 | Epoch 046/100 | loss 2.3526 | cls 1.1944 | tal -0.2116 | dual_g 1.2217 | dual_d 0.9805 | train_acc 0.9979 | train_full 0.9978 | val_acc 0.9833 | val_f1 0.9714 | grad(main/disc) 2.525/1.230 | lr(main/disc) 7.00e-05/3.50e-05 | 75.9s
2026-08-21 01:18:26 | Early stopping at epoch 46 after 9 epochs without val_f1_macro_present improvement.
2026-08-21 01:18:26 | Training complete. Best validation accuracy: 0.9833 | best val_f1_macro_present: 0.9712
2026-08-21 01:18:26 | Starting Dual_D standalone training
2026-08-21 01:18:26 | Run directory: runs/module_c_ablation/module_c_full_黑天_iter03_20260820_204237
2026-08-21 01:18:26 | Device: cuda
2026-08-21 01:18:26 | Source train samples: 992
2026-08-21 01:18:26 | Target train samples: 465
2026-08-21 01:18:26 | Target val samples: 120
2026-08-21 01:18:26 | Classes: 14
2026-08-21 01:18:26 | Data audit: same_dir=False | path_overlap(vis/ir/ais)=0/0/0 | content_overlap(vis/ir/ais)=0/0/0 | ais_index_overlap=0 | stem_mismatch(vis-ir/vis-ais)=578/0
2026-08-21 01:18:26 | source_train classes: present 14/14 | absent 0 | counts [0:120, 1:44, 2:69, 3:45, 4:40, 5:30, 6:64, 7:80, 8:116, 9:68, 10:57, 11:83, 12:48, 13:128]
2026-08-21 01:18:26 | target_train classes: present 8/14 | absent 6 | counts [0:100, 2:11, 3:16, 6:89, 9:162, 10:12, 11:44, 13:31]
2026-08-21 01:18:26 | target_val classes: present 8/14 | absent 6 | counts [0:26, 2:3, 3:5, 6:23, 9:41, 10:3, 11:11, 13:8]
2026-08-21 01:18:26 | Paired training classes: 8/14 | class ids [0, 2, 3, 6, 9, 10, 11, 13]
2026-08-21 01:18:26 | VIS/IR pairing: class-level-unpaired | count-mismatch classes train/val: 10/0 | AIS alignment: none | AIS rows train/val: 0/0
2026-08-21 01:18:26 | Model parameters: total=17277714 | trainable=17120210
Starting run 3/12: domain=黑天, iteration=3, seed=44
2026-08-21 01:19:44 | Epoch 001/100 | loss 9.0163 | cls 4.6032 | tal 0.2268 | dual_g 4.3451 | dual_d 0.0000 | train_acc 0.1417 | train_full 0.1011 | val_acc 0.1167 | val_f1 0.0649 | grad(main/disc) 26.687/0.000 | lr(main/disc) 7.00e-05/3.50e-05 | 77.2s
2026-08-21 01:19:44 | New best val_f1_macro_present: 0.0649 at epoch 1
2026-08-21 01:21:00 | Epoch 002/100 | loss 7.2259 | cls 3.6766 | tal -0.0101 | dual_g 3.5523 | dual_d 0.0000 | train_acc 0.2792 | train_full 0.2817 | val_acc 0.2750 | val_f1 0.3218 | grad(main/disc) 21.835/0.000 | lr(main/disc) 7.00e-05/3.50e-05 | 76.5s
2026-08-21 01:21:01 | New best val_f1_macro_present: 0.3218 at epoch 2
2026-08-21 01:22:20 | Epoch 003/100 | loss 5.8997 | cls 2.9855 | tal 0.0171 | dual_g 2.9091 | dual_d 0.0000 | train_acc 0.5188 | train_full 0.3849 | val_acc 0.3833 | val_f1 0.4745 | grad(main/disc) 18.993/0.000 | lr(main/disc) 7.00e-05/3.50e-05 | 79.4s
2026-08-21 01:22:20 | New best val_f1_macro_present: 0.4745 at epoch 3
2026-08-21 01:23:37 | Epoch 004/100 | loss 5.2137 | cls 2.5843 | tal 0.0594 | dual_g 2.6117 | dual_d 0.0000 | train_acc 0.6125 | train_full 0.5742 | val_acc 0.5583 | val_f1 0.5763 | grad(main/disc) 19.176/0.000 | lr(main/disc) 7.00e-05/3.50e-05 | 76.3s
2026-08-21 01:23:37 | New best val_f1_macro_present: 0.5763 at epoch 4
2026-08-21 01:24:51 | Epoch 005/100 | loss 4.7291 | cls 2.3032 | tal 0.0769 | dual_g 2.4028 | dual_d 0.0000 | train_acc 0.6792 | train_full 0.6989 | val_acc 0.6750 | val_f1 0.6616 | grad(main/disc) 18.288/0.000 | lr(main/disc) 7.00e-05/3.50e-05 | 74.0s
2026-08-21 01:24:51 | New best val_f1_macro_present: 0.6616 at epoch 5
2026-08-21 01:26:06 | Epoch 006/100 | loss 4.3213 | cls 2.1128 | tal 0.0731 | dual_g 2.1866 | dual_d 0.8775 | train_acc 0.7188 | train_full 0.7828 | val_acc 0.8000 | val_f1 0.7813 | grad(main/disc) 17.778/1.769 | lr(main/disc) 7.00e-05/3.50e-05 | 74.2s
2026-08-21 01:26:06 | New best val_f1_macro_present: 0.7813 at epoch 6
2026-08-21 01:27:22 | Epoch 007/100 | loss 4.0746 | cls 1.9672 | tal 0.0453 | dual_g 2.0938 | dual_d 0.8056 | train_acc 0.7937 | train_full 0.7269 | val_acc 0.7250 | val_f1 0.7080 | grad(main/disc) 16.915/1.652 | lr(main/disc) 7.00e-05/3.50e-05 | 75.8s
2026-08-21 01:28:40 | Epoch 008/100 | loss 3.9148 | cls 1.8960 | tal 0.0137 | dual_g 2.0147 | dual_d 0.8402 | train_acc 0.8333 | train_full 0.7892 | val_acc 0.7833 | val_f1 0.7590 | grad(main/disc) 16.966/1.663 | lr(main/disc) 7.00e-05/3.50e-05 | 78.2s
2026-08-21 01:29:59 | Epoch 009/100 | loss 3.7528 | cls 1.8277 | tal 0.0112 | dual_g 1.9217 | dual_d 0.7942 | train_acc 0.8604 | train_full 0.8667 | val_acc 0.8667 | val_f1 0.8306 | grad(main/disc) 15.888/1.558 | lr(main/disc) 7.00e-05/3.50e-05 | 78.8s
2026-08-21 01:29:59 | New best val_f1_macro_present: 0.8306 at epoch 9
2026-08-21 01:31:17 | Epoch 010/100 | loss 3.4969 | cls 1.6754 | tal -0.0324 | dual_g 1.8313 | dual_d 0.7929 | train_acc 0.8812 | train_full 0.9247 | val_acc 0.8833 | val_f1 0.8504 | grad(main/disc) 13.975/1.530 | lr(main/disc) 7.00e-05/3.50e-05 | 77.9s
2026-08-21 01:31:17 | New best val_f1_macro_present: 0.8504 at epoch 10
2026-08-21 01:32:31 | Epoch 011/100 | loss 3.3546 | cls 1.6181 | tal -0.0853 | dual_g 1.7621 | dual_d 0.7736 | train_acc 0.8750 | train_full 0.8731 | val_acc 0.8500 | val_f1 0.8219 | grad(main/disc) 14.574/1.439 | lr(main/disc) 7.00e-05/3.50e-05 | 74.1s
2026-08-21 01:33:47 | Epoch 012/100 | loss 3.2306 | cls 1.5709 | tal -0.1038 | dual_g 1.6908 | dual_d 0.7286 | train_acc 0.9021 | train_full 0.9097 | val_acc 0.8917 | val_f1 0.8463 | grad(main/disc) 13.513/1.367 | lr(main/disc) 7.00e-05/3.50e-05 | 75.5s
2026-08-21 01:35:03 | Epoch 013/100 | loss 3.1428 | cls 1.5274 | tal -0.0856 | dual_g 1.6411 | dual_d 0.7877 | train_acc 0.9313 | train_full 0.9333 | val_acc 0.8917 | val_f1 0.8699 | grad(main/disc) 11.217/1.433 | lr(main/disc) 7.00e-05/3.50e-05 | 75.9s
2026-08-21 01:35:03 | New best val_f1_macro_present: 0.8699 at epoch 13
2026-08-21 01:36:24 | Epoch 014/100 | loss 3.0969 | cls 1.4927 | tal -0.0763 | dual_g 1.6271 | dual_d 0.7765 | train_acc 0.9563 | train_full 0.9505 | val_acc 0.9000 | val_f1 0.8695 | grad(main/disc) 12.242/1.387 | lr(main/disc) 7.00e-05/3.50e-05 | 80.4s
2026-08-21 01:37:37 | Epoch 015/100 | loss 2.9885 | cls 1.4480 | tal -0.1517 | dual_g 1.5861 | dual_d 0.7534 | train_acc 0.9604 | train_full 0.9032 | val_acc 0.8833 | val_f1 0.8417 | grad(main/disc) 11.612/1.336 | lr(main/disc) 7.00e-05/3.50e-05 | 73.6s
2026-08-21 01:38:53 | Epoch 016/100 | loss 2.9112 | cls 1.4079 | tal -0.1681 | dual_g 1.5538 | dual_d 0.7550 | train_acc 0.9667 | train_full 0.9742 | val_acc 0.9333 | val_f1 0.9012 | grad(main/disc) 10.655/1.316 | lr(main/disc) 7.00e-05/3.50e-05 | 76.0s
2026-08-21 01:38:53 | New best val_f1_macro_present: 0.9012 at epoch 16
2026-08-21 01:40:10 | Epoch 017/100 | loss 3.0442 | cls 1.5126 | tal -0.1514 | dual_g 1.5770 | dual_d 0.7592 | train_acc 0.9542 | train_full 0.9269 | val_acc 0.9000 | val_f1 0.8609 | grad(main/disc) 12.714/1.291 | lr(main/disc) 7.00e-05/3.50e-05 | 76.8s
2026-08-21 01:41:25 | Epoch 018/100 | loss 2.9053 | cls 1.3878 | tal -0.1375 | dual_g 1.5587 | dual_d 0.7773 | train_acc 0.9625 | train_full 0.9656 | val_acc 0.9333 | val_f1 0.9026 | grad(main/disc) 9.946/1.319 | lr(main/disc) 7.00e-05/3.50e-05 | 74.7s
2026-08-21 01:41:25 | New best val_f1_macro_present: 0.9026 at epoch 18
2026-08-21 01:42:40 | Epoch 019/100 | loss 2.8420 | cls 1.3967 | tal -0.1997 | dual_g 1.5052 | dual_d 0.7921 | train_acc 0.9625 | train_full 0.9677 | val_acc 0.9417 | val_f1 0.9306 | grad(main/disc) 8.451/1.324 | lr(main/disc) 7.00e-05/3.50e-05 | 74.5s
2026-08-21 01:42:40 | New best val_f1_macro_present: 0.9306 at epoch 19
2026-08-21 01:43:53 | Epoch 020/100 | loss 2.7823 | cls 1.3681 | tal -0.1981 | dual_g 1.4736 | dual_d 0.7980 | train_acc 0.9646 | train_full 0.9570 | val_acc 0.9250 | val_f1 0.8947 | grad(main/disc) 7.625/1.329 | lr(main/disc) 7.00e-05/3.50e-05 | 73.1s
2026-08-21 01:45:12 | Epoch 021/100 | loss 2.7468 | cls 1.3413 | tal -0.1745 | dual_g 1.4579 | dual_d 0.8328 | train_acc 0.9771 | train_full 0.9849 | val_acc 0.9667 | val_f1 0.9584 | grad(main/disc) 7.412/1.349 | lr(main/disc) 7.00e-05/3.50e-05 | 78.2s
2026-08-21 01:45:12 | New best val_f1_macro_present: 0.9584 at epoch 21
2026-08-21 01:46:29 | Epoch 022/100 | loss 2.7198 | cls 1.3317 | tal -0.1977 | dual_g 1.4474 | dual_d 0.8589 | train_acc 0.9771 | train_full 0.9462 | val_acc 0.9333 | val_f1 0.8986 | grad(main/disc) 6.833/1.379 | lr(main/disc) 7.00e-05/3.50e-05 | 77.0s
2026-08-21 01:47:47 | Epoch 023/100 | loss 2.7044 | cls 1.3269 | tal -0.1800 | dual_g 1.4315 | dual_d 0.9181 | train_acc 0.9833 | train_full 0.9871 | val_acc 0.9583 | val_f1 0.9540 | grad(main/disc) 6.492/1.435 | lr(main/disc) 7.00e-05/3.50e-05 | 77.8s
2026-08-21 01:49:00 | Epoch 024/100 | loss 2.6476 | cls 1.2991 | tal -0.1955 | dual_g 1.4072 | dual_d 0.9193 | train_acc 0.9896 | train_full 0.9720 | val_acc 0.9417 | val_f1 0.9128 | grad(main/disc) 5.790/1.393 | lr(main/disc) 7.00e-05/3.50e-05 | 73.5s
2026-08-21 01:50:18 | Epoch 025/100 | loss 2.6562 | cls 1.2971 | tal -0.1749 | dual_g 1.4115 | dual_d 0.9648 | train_acc 0.9938 | train_full 0.9677 | val_acc 0.9333 | val_f1 0.9168 | grad(main/disc) 5.923/1.412 | lr(main/disc) 7.00e-05/3.50e-05 | 77.5s
2026-08-21 01:51:34 | Epoch 026/100 | loss 2.6136 | cls 1.2966 | tal -0.2223 | dual_g 1.3837 | dual_d 0.9662 | train_acc 0.9833 | train_full 0.9570 | val_acc 0.9250 | val_f1 0.8871 | grad(main/disc) 5.642/1.398 | lr(main/disc) 7.00e-05/3.50e-05 | 76.2s
2026-08-21 01:52:52 | Epoch 027/100 | loss 2.5998 | cls 1.2822 | tal -0.2036 | dual_g 1.3786 | dual_d 0.9297 | train_acc 0.9833 | train_full 0.9828 | val_acc 0.9667 | val_f1 0.9395 | grad(main/disc) 5.516/1.379 | lr(main/disc) 7.00e-05/3.50e-05 | 77.8s
2026-08-21 01:54:08 | Epoch 028/100 | loss 2.5589 | cls 1.2807 | tal -0.2422 | dual_g 1.3509 | dual_d 0.9763 | train_acc 0.9896 | train_full 0.9720 | val_acc 0.9333 | val_f1 0.9059 | grad(main/disc) 4.796/1.391 | lr(main/disc) 3.50e-05/1.75e-05 | 76.5s
2026-08-21 01:55:24 | Epoch 029/100 | loss 2.5480 | cls 1.2650 | tal -0.2274 | dual_g 1.3512 | dual_d 0.9861 | train_acc 0.9917 | train_full 0.9978 | val_acc 0.9833 | val_f1 0.9714 | grad(main/disc) 4.533/1.415 | lr(main/disc) 3.50e-05/1.75e-05 | 75.9s
2026-08-21 01:55:24 | New best val_f1_macro_present: 0.9714 at epoch 29
2026-08-21 01:56:39 | Epoch 030/100 | loss 2.5356 | cls 1.2684 | tal -0.2352 | dual_g 1.3378 | dual_d 0.9346 | train_acc 0.9958 | train_full 0.9935 | val_acc 0.9667 | val_f1 0.9533 | grad(main/disc) 4.737/1.371 | lr(main/disc) 3.50e-05/1.75e-05 | 74.7s
2026-08-21 01:57:58 | Epoch 031/100 | loss 2.5400 | cls 1.2602 | tal -0.2071 | dual_g 1.3418 | dual_d 0.9588 | train_acc 0.9979 | train_full 0.9763 | val_acc 0.9667 | val_f1 0.9311 | grad(main/disc) 4.620/1.379 | lr(main/disc) 3.50e-05/1.75e-05 | 79.0s
2026-08-21 01:59:16 | Epoch 032/100 | loss 2.5087 | cls 1.2572 | tal -0.2399 | dual_g 1.3234 | dual_d 0.9997 | train_acc 0.9979 | train_full 0.9892 | val_acc 0.9667 | val_f1 0.9594 | grad(main/disc) 4.854/1.423 | lr(main/disc) 3.50e-05/1.75e-05 | 77.5s
2026-08-21 02:00:34 | Epoch 033/100 | loss 2.5055 | cls 1.2602 | tal -0.2516 | dual_g 1.3208 | dual_d 0.9779 | train_acc 0.9917 | train_full 0.9892 | val_acc 0.9667 | val_f1 0.9594 | grad(main/disc) 5.060/1.417 | lr(main/disc) 3.50e-05/1.75e-05 | 78.6s
2026-08-21 02:01:52 | Epoch 034/100 | loss 2.4956 | cls 1.2472 | tal -0.2542 | dual_g 1.3247 | dual_d 0.9791 | train_acc 0.9958 | train_full 0.9806 | val_acc 0.9583 | val_f1 0.9272 | grad(main/disc) 4.478/1.358 | lr(main/disc) 3.50e-05/1.75e-05 | 77.3s
2026-08-21 02:03:09 | Epoch 035/100 | loss 2.4927 | cls 1.2616 | tal -0.2826 | dual_g 1.3158 | dual_d 0.9715 | train_acc 0.9979 | train_full 0.9914 | val_acc 0.9667 | val_f1 0.9576 | grad(main/disc) 4.830/1.352 | lr(main/disc) 3.50e-05/1.75e-05 | 77.0s
2026-08-21 02:04:24 | Epoch 036/100 | loss 2.4781 | cls 1.2468 | tal -0.2659 | dual_g 1.3111 | dual_d 0.9765 | train_acc 0.9958 | train_full 0.9892 | val_acc 0.9667 | val_f1 0.9385 | grad(main/disc) 4.391/1.385 | lr(main/disc) 1.75e-05/8.75e-06 | 75.7s
2026-08-21 02:05:41 | Epoch 037/100 | loss 2.4751 | cls 1.2426 | tal -0.2730 | dual_g 1.3144 | dual_d 1.0215 | train_acc 0.9896 | train_full 0.9935 | val_acc 0.9833 | val_f1 0.9714 | grad(main/disc) 4.365/1.396 | lr(main/disc) 1.75e-05/8.75e-06 | 76.3s
2026-08-21 02:06:56 | Epoch 038/100 | loss 2.4483 | cls 1.2351 | tal -0.2846 | dual_g 1.2986 | dual_d 0.9826 | train_acc 0.9958 | train_full 0.9871 | val_acc 0.9833 | val_f1 0.9714 | grad(main/disc) 3.743/1.381 | lr(main/disc) 1.75e-05/8.75e-06 | 75.6s
2026-08-21 02:06:56 | Early stopping at epoch 38 after 9 epochs without val_f1_macro_present improvement.
2026-08-21 02:06:56 | Training complete. Best validation accuracy: 0.9833 | best val_f1_macro_present: 0.9714
2026-08-21 02:06:56 | Starting Dual_D standalone training
2026-08-21 02:06:56 | Run directory: runs/module_c_ablation/module_c_full_逆光_iter01_20260820_204237
2026-08-21 02:06:56 | Device: cuda
2026-08-21 02:06:56 | Source train samples: 992
2026-08-21 02:06:56 | Target train samples: 132
2026-08-21 02:06:56 | Target val samples: 37
2026-08-21 02:06:56 | Classes: 14
2026-08-21 02:06:56 | Data audit: same_dir=False | path_overlap(vis/ir/ais)=0/0/0 | content_overlap(vis/ir/ais)=0/0/0 | ais_index_overlap=0 | stem_mismatch(vis-ir/vis-ais)=157/0
2026-08-21 02:06:56 | source_train classes: present 14/14 | absent 0 | counts [0:120, 1:44, 2:69, 3:45, 4:40, 5:30, 6:64, 7:80, 8:116, 9:68, 10:57, 11:83, 12:48, 13:128]
2026-08-21 02:06:56 | target_train classes: present 9/14 | absent 5 | counts [0:20, 2:12, 4:12, 5:2, 9:16, 10:16, 11:29, 12:4, 13:21]
2026-08-21 02:06:56 | target_val classes: present 9/14 | absent 5 | counts [0:6, 2:3, 4:4, 5:1, 9:4, 10:4, 11:8, 12:1, 13:6]
2026-08-21 02:06:56 | Paired training classes: 9/14 | class ids [0, 2, 4, 5, 9, 10, 11, 12, 13]
2026-08-21 02:06:56 | VIS/IR pairing: class-level-unpaired | count-mismatch classes train/val: 10/1 | AIS alignment: none | AIS rows train/val: 0/0
2026-08-21 02:06:57 | Model parameters: total=17277714 | trainable=17120210
Starting run 4/12: domain=逆光, iteration=1, seed=45
2026-08-21 02:07:22 | Epoch 001/100 | loss 10.6173 | cls 5.6277 | tal -0.2279 | dual_g 5.0580 | dual_d 0.0000 | train_acc 0.0500 | train_full 0.0152 | val_acc 0.0000 | val_f1 0.0000 | grad(main/disc) 32.710/0.000 | lr(main/disc) 7.00e-05/3.50e-05 | 25.0s
2026-08-21 02:07:22 | New best val_f1_macro_present: 0.0000 at epoch 1
2026-08-21 02:07:49 | Epoch 002/100 | loss 9.0553 | cls 4.8316 | tal -0.3637 | dual_g 4.3327 | dual_d 0.0000 | train_acc 0.1375 | train_full 0.1818 | val_acc 0.1622 | val_f1 0.1313 | grad(main/disc) 27.650/0.000 | lr(main/disc) 7.00e-05/3.50e-05 | 27.1s
2026-08-21 02:07:49 | New best val_f1_macro_present: 0.1313 at epoch 2
2026-08-21 02:08:16 | Epoch 003/100 | loss 7.9080 | cls 4.0431 | tal -0.2062 | dual_g 3.9268 | dual_d 0.0000 | train_acc 0.2188 | train_full 0.2879 | val_acc 0.3243 | val_f1 0.2287 | grad(main/disc) 23.657/0.000 | lr(main/disc) 7.00e-05/3.50e-05 | 26.3s
2026-08-21 02:08:16 | New best val_f1_macro_present: 0.2287 at epoch 3
2026-08-21 02:08:43 | Epoch 004/100 | loss 7.3114 | cls 3.7774 | tal -0.2825 | dual_g 3.6188 | dual_d 0.0000 | train_acc 0.3563 | train_full 0.4848 | val_acc 0.4595 | val_f1 0.3770 | grad(main/disc) 22.378/0.000 | lr(main/disc) 7.00e-05/3.50e-05 | 26.6s
2026-08-21 02:08:43 | New best val_f1_macro_present: 0.3770 at epoch 4
2026-08-21 02:09:10 | Epoch 005/100 | loss 6.7901 | cls 3.5279 | tal -0.3520 | dual_g 3.3678 | dual_d 0.0000 | train_acc 0.3563 | train_full 0.6515 | val_acc 0.5676 | val_f1 0.5563 | grad(main/disc) 21.060/0.000 | lr(main/disc) 7.00e-05/3.50e-05 | 27.0s
2026-08-21 02:09:10 | New best val_f1_macro_present: 0.5563 at epoch 5
2026-08-21 02:09:37 | Epoch 006/100 | loss 6.4256 | cls 3.3570 | tal -0.2469 | dual_g 3.1427 | dual_d 0.7722 | train_acc 0.4750 | train_full 0.7652 | val_acc 0.6757 | val_f1 0.7529 | grad(main/disc) 20.340/1.734 | lr(main/disc) 7.00e-05/3.50e-05 | 26.9s
2026-08-21 02:09:37 | New best val_f1_macro_present: 0.7529 at epoch 6
2026-08-21 02:10:04 | Epoch 007/100 | loss 5.8856 | cls 2.9911 | tal -0.3288 | dual_g 2.9931 | dual_d 0.7718 | train_acc 0.4625 | train_full 0.7955 | val_acc 0.7568 | val_f1 0.7849 | grad(main/disc) 19.596/1.815 | lr(main/disc) 7.00e-05/3.50e-05 | 26.5s
2026-08-21 02:10:04 | New best val_f1_macro_present: 0.7849 at epoch 7
2026-08-21 02:10:30 | Epoch 008/100 | loss 5.7427 | cls 2.9560 | tal -0.2405 | dual_g 2.8589 | dual_d 0.8174 | train_acc 0.4813 | train_full 0.8258 | val_acc 0.8108 | val_f1 0.8189 | grad(main/disc) 20.368/1.853 | lr(main/disc) 7.00e-05/3.50e-05 | 25.9s
2026-08-21 02:10:30 | New best val_f1_macro_present: 0.8189 at epoch 8
2026-08-21 02:10:57 | Epoch 009/100 | loss 5.5726 | cls 2.7585 | tal -0.1560 | dual_g 2.8609 | dual_d 0.7432 | train_acc 0.6062 | train_full 0.8333 | val_acc 0.8108 | val_f1 0.8464 | grad(main/disc) 19.381/1.702 | lr(main/disc) 7.00e-05/3.50e-05 | 26.3s
2026-08-21 02:10:57 | New best val_f1_macro_present: 0.8464 at epoch 9
2026-08-21 02:11:23 | Epoch 010/100 | loss 5.4302 | cls 2.7346 | tal -0.1153 | dual_g 2.7302 | dual_d 0.7850 | train_acc 0.5563 | train_full 0.7652 | val_acc 0.7838 | val_f1 0.8056 | grad(main/disc) 19.889/1.659 | lr(main/disc) 7.00e-05/3.50e-05 | 26.4s
2026-08-21 02:11:51 | Epoch 011/100 | loss 5.2316 | cls 2.5571 | tal -0.1359 | dual_g 2.7152 | dual_d 0.7736 | train_acc 0.6312 | train_full 0.8258 | val_acc 0.8108 | val_f1 0.8125 | grad(main/disc) 19.693/1.716 | lr(main/disc) 7.00e-05/3.50e-05 | 27.4s
2026-08-21 02:12:18 | Epoch 012/100 | loss 4.7710 | cls 2.3748 | tal -0.1502 | dual_g 2.4412 | dual_d 0.7344 | train_acc 0.6937 | train_full 0.8409 | val_acc 0.8649 | val_f1 0.8597 | grad(main/disc) 17.418/1.614 | lr(main/disc) 7.00e-05/3.50e-05 | 27.5s
2026-08-21 02:12:18 | New best val_f1_macro_present: 0.8597 at epoch 12
2026-08-21 02:12:44 | Epoch 013/100 | loss 4.7402 | cls 2.3588 | tal -0.1356 | dual_g 2.4221 | dual_d 0.7966 | train_acc 0.6750 | train_full 0.9091 | val_acc 0.9459 | val_f1 0.9578 | grad(main/disc) 17.334/1.695 | lr(main/disc) 7.00e-05/3.50e-05 | 25.7s
2026-08-21 02:12:44 | New best val_f1_macro_present: 0.9578 at epoch 13
2026-08-21 02:13:10 | Epoch 014/100 | loss 4.7147 | cls 2.3695 | tal -0.1540 | dual_g 2.3914 | dual_d 0.7731 | train_acc 0.7000 | train_full 0.8409 | val_acc 0.8649 | val_f1 0.8829 | grad(main/disc) 17.790/1.692 | lr(main/disc) 7.00e-05/3.50e-05 | 25.9s
2026-08-21 02:13:37 | Epoch 015/100 | loss 4.4493 | cls 2.2140 | tal -0.1626 | dual_g 2.2841 | dual_d 0.7556 | train_acc 0.7812 | train_full 0.9015 | val_acc 0.8378 | val_f1 0.8613 | grad(main/disc) 17.715/1.689 | lr(main/disc) 7.00e-05/3.50e-05 | 26.3s
2026-08-21 02:14:03 | Epoch 016/100 | loss 4.5822 | cls 2.3020 | tal -0.2050 | dual_g 2.3417 | dual_d 0.7828 | train_acc 0.7500 | train_full 0.9242 | val_acc 0.8649 | val_f1 0.8812 | grad(main/disc) 18.398/1.658 | lr(main/disc) 7.00e-05/3.50e-05 | 26.6s
2026-08-21 02:14:31 | Epoch 017/100 | loss 4.0660 | cls 1.9852 | tal -0.1919 | dual_g 2.1384 | dual_d 0.7842 | train_acc 0.8063 | train_full 0.9697 | val_acc 0.8919 | val_f1 0.9079 | grad(main/disc) 15.508/1.591 | lr(main/disc) 7.00e-05/3.50e-05 | 27.6s
2026-08-21 02:14:57 | Epoch 018/100 | loss 3.9751 | cls 1.9355 | tal -0.1754 | dual_g 2.0922 | dual_d 0.7664 | train_acc 0.8500 | train_full 0.9697 | val_acc 0.9459 | val_f1 0.9578 | grad(main/disc) 15.719/1.597 | lr(main/disc) 7.00e-05/3.50e-05 | 26.0s
2026-08-21 02:15:24 | Epoch 019/100 | loss 3.8870 | cls 1.8757 | tal -0.1681 | dual_g 2.0618 | dual_d 0.7783 | train_acc 0.8375 | train_full 0.9318 | val_acc 0.9189 | val_f1 0.9358 | grad(main/disc) 14.658/1.597 | lr(main/disc) 7.00e-05/3.50e-05 | 27.3s
2026-08-21 02:15:50 | Epoch 020/100 | loss 3.8814 | cls 1.8694 | tal -0.2177 | dual_g 2.0773 | dual_d 0.7839 | train_acc 0.8438 | train_full 0.9470 | val_acc 0.9459 | val_f1 0.9578 | grad(main/disc) 15.367/1.595 | lr(main/disc) 3.50e-05/1.75e-05 | 25.8s
2026-08-21 02:16:17 | Epoch 021/100 | loss 3.6317 | cls 1.7574 | tal -0.2286 | dual_g 1.9429 | dual_d 0.7939 | train_acc 0.8812 | train_full 0.9470 | val_acc 0.9189 | val_f1 0.9358 | grad(main/disc) 13.897/1.586 | lr(main/disc) 3.50e-05/1.75e-05 | 26.9s
2026-08-21 02:16:43 | Epoch 022/100 | loss 3.8777 | cls 1.8768 | tal -0.1990 | dual_g 2.0606 | dual_d 0.7893 | train_acc 0.8313 | train_full 0.9394 | val_acc 0.9730 | val_f1 0.9776 | grad(main/disc) 15.512/1.554 | lr(main/disc) 3.50e-05/1.75e-05 | 26.2s
2026-08-21 02:16:43 | New best val_f1_macro_present: 0.9776 at epoch 22
2026-08-21 02:17:10 | Epoch 023/100 | loss 3.9251 | cls 1.9269 | tal -0.2170 | dual_g 2.0633 | dual_d 0.7505 | train_acc 0.8750 | train_full 0.9621 | val_acc 0.9459 | val_f1 0.9578 | grad(main/disc) 17.468/1.527 | lr(main/disc) 3.50e-05/1.75e-05 | 26.6s
2026-08-21 02:17:36 | Epoch 024/100 | loss 3.6876 | cls 1.7726 | tal -0.2179 | dual_g 1.9803 | dual_d 0.7885 | train_acc 0.8875 | train_full 0.9848 | val_acc 0.9459 | val_f1 0.9578 | grad(main/disc) 14.030/1.585 | lr(main/disc) 3.50e-05/1.75e-05 | 25.8s
2026-08-21 02:18:02 | Epoch 025/100 | loss 3.6518 | cls 1.7412 | tal -0.2483 | dual_g 1.9850 | dual_d 0.7657 | train_acc 0.9000 | train_full 0.9848 | val_acc 0.9459 | val_f1 0.9578 | grad(main/disc) 14.537/1.559 | lr(main/disc) 3.50e-05/1.75e-05 | 26.9s
2026-08-21 02:18:28 | Epoch 026/100 | loss 3.5499 | cls 1.6876 | tal -0.2086 | dual_g 1.9249 | dual_d 0.7375 | train_acc 0.9375 | train_full 0.9848 | val_acc 0.9459 | val_f1 0.9578 | grad(main/disc) 13.987/1.512 | lr(main/disc) 3.50e-05/1.75e-05 | 25.5s
2026-08-21 02:18:56 | Epoch 027/100 | loss 3.6638 | cls 1.7808 | tal -0.1798 | dual_g 1.9369 | dual_d 0.7505 | train_acc 0.9000 | train_full 0.9621 | val_acc 0.9189 | val_f1 0.9261 | grad(main/disc) 15.653/1.573 | lr(main/disc) 3.50e-05/1.75e-05 | 28.2s
2026-08-21 02:19:23 | Epoch 028/100 | loss 3.5838 | cls 1.7326 | tal -0.1438 | dual_g 1.8943 | dual_d 0.7022 | train_acc 0.8688 | train_full 0.9621 | val_acc 0.9189 | val_f1 0.9261 | grad(main/disc) 14.083/1.487 | lr(main/disc) 3.50e-05/1.75e-05 | 27.0s
2026-08-21 02:19:49 | Epoch 029/100 | loss 3.4980 | cls 1.6620 | tal -0.1913 | dual_g 1.8934 | dual_d 0.7685 | train_acc 0.9187 | train_full 0.9848 | val_acc 0.9459 | val_f1 0.9578 | grad(main/disc) 13.768/1.562 | lr(main/disc) 1.75e-05/8.75e-06 | 25.5s
2026-08-21 02:20:15 | Epoch 030/100 | loss 3.4923 | cls 1.6467 | tal -0.1968 | dual_g 1.9046 | dual_d 0.7417 | train_acc 0.9250 | train_full 0.9848 | val_acc 0.9459 | val_f1 0.9578 | grad(main/disc) 14.254/1.489 | lr(main/disc) 1.75e-05/8.75e-06 | 26.7s
2026-08-21 02:20:42 | Epoch 031/100 | loss 3.3866 | cls 1.6024 | tal -0.1823 | dual_g 1.8389 | dual_d 0.7896 | train_acc 0.9437 | train_full 0.9924 | val_acc 0.9730 | val_f1 0.9776 | grad(main/disc) 12.629/1.575 | lr(main/disc) 1.75e-05/8.75e-06 | 26.9s
2026-08-21 02:20:42 | Early stopping at epoch 31 after 9 epochs without val_f1_macro_present improvement.
2026-08-21 02:20:42 | Training complete. Best validation accuracy: 0.9730 | best val_f1_macro_present: 0.9776
2026-08-21 02:20:42 | Starting Dual_D standalone training
2026-08-21 02:20:42 | Run directory: runs/module_c_ablation/module_c_full_逆光_iter02_20260820_204237
2026-08-21 02:20:42 | Device: cuda
2026-08-21 02:20:42 | Source train samples: 992
2026-08-21 02:20:42 | Target train samples: 132
2026-08-21 02:20:42 | Target val samples: 37
2026-08-21 02:20:42 | Classes: 14
2026-08-21 02:20:42 | Data audit: same_dir=False | path_overlap(vis/ir/ais)=0/0/0 | content_overlap(vis/ir/ais)=0/0/0 | ais_index_overlap=0 | stem_mismatch(vis-ir/vis-ais)=157/0
2026-08-21 02:20:42 | source_train classes: present 14/14 | absent 0 | counts [0:120, 1:44, 2:69, 3:45, 4:40, 5:30, 6:64, 7:80, 8:116, 9:68, 10:57, 11:83, 12:48, 13:128]
2026-08-21 02:20:42 | target_train classes: present 9/14 | absent 5 | counts [0:20, 2:12, 4:12, 5:2, 9:16, 10:16, 11:29, 12:4, 13:21]
2026-08-21 02:20:42 | target_val classes: present 9/14 | absent 5 | counts [0:6, 2:3, 4:4, 5:1, 9:4, 10:4, 11:8, 12:1, 13:6]
2026-08-21 02:20:42 | Paired training classes: 9/14 | class ids [0, 2, 4, 5, 9, 10, 11, 12, 13]
2026-08-21 02:20:42 | VIS/IR pairing: class-level-unpaired | count-mismatch classes train/val: 10/1 | AIS alignment: none | AIS rows train/val: 0/0
2026-08-21 02:20:43 | Model parameters: total=17277714 | trainable=17120210
Starting run 5/12: domain=逆光, iteration=2, seed=46
2026-08-21 02:21:10 | Epoch 001/100 | loss 10.2361 | cls 5.4009 | tal -0.1065 | dual_g 4.8671 | dual_d 0.0000 | train_acc 0.0625 | train_full 0.1288 | val_acc 0.1892 | val_f1 0.1038 | grad(main/disc) 32.612/0.000 | lr(main/disc) 7.00e-05/3.50e-05 | 27.4s
2026-08-21 02:21:10 | New best val_f1_macro_present: 0.1038 at epoch 1
2026-08-21 02:21:36 | Epoch 002/100 | loss 8.7182 | cls 4.6477 | tal -0.0603 | dual_g 4.0886 | dual_d 0.0000 | train_acc 0.1250 | train_full 0.1439 | val_acc 0.2703 | val_f1 0.2140 | grad(main/disc) 27.142/0.000 | lr(main/disc) 7.00e-05/3.50e-05 | 25.7s
2026-08-21 02:21:36 | New best val_f1_macro_present: 0.2140 at epoch 2
2026-08-21 02:22:03 | Epoch 003/100 | loss 7.6620 | cls 3.8764 | tal 0.0225 | dual_g 3.7789 | dual_d 0.0000 | train_acc 0.3250 | train_full 0.2197 | val_acc 0.3243 | val_f1 0.2468 | grad(main/disc) 24.385/0.000 | lr(main/disc) 7.00e-05/3.50e-05 | 26.4s
2026-08-21 02:22:03 | New best val_f1_macro_present: 0.2468 at epoch 3
2026-08-21 02:22:29 | Epoch 004/100 | loss 7.3042 | cls 3.7405 | tal 0.0814 | dual_g 3.5393 | dual_d 0.0000 | train_acc 0.2875 | train_full 0.3561 | val_acc 0.3784 | val_f1 0.3989 | grad(main/disc) 22.590/0.000 | lr(main/disc) 7.00e-05/3.50e-05 | 25.3s
2026-08-21 02:22:29 | New best val_f1_macro_present: 0.3989 at epoch 4
2026-08-21 02:22:56 | Epoch 005/100 | loss 7.0471 | cls 3.6543 | tal 0.2468 | dual_g 3.3188 | dual_d 0.0000 | train_acc 0.3688 | train_full 0.7045 | val_acc 0.7297 | val_f1 0.7950 | grad(main/disc) 22.247/0.000 | lr(main/disc) 7.00e-05/3.50e-05 | 26.9s
2026-08-21 02:22:56 | New best val_f1_macro_present: 0.7950 at epoch 5
2026-08-21 02:23:22 | Epoch 006/100 | loss 6.4472 | cls 3.2029 | tal 0.1776 | dual_g 3.1910 | dual_d 0.8033 | train_acc 0.4125 | train_full 0.8333 | val_acc 0.8378 | val_f1 0.8600 | grad(main/disc) 20.568/1.947 | lr(main/disc) 7.00e-05/3.50e-05 | 26.2s
2026-08-21 02:23:23 | New best val_f1_macro_present: 0.8600 at epoch 6
2026-08-21 02:23:49 | Epoch 007/100 | loss 6.1337 | cls 3.0839 | tal 0.3115 | dual_g 2.9564 | dual_d 0.8020 | train_acc 0.4688 | train_full 0.9091 | val_acc 0.9189 | val_f1 0.9373 | grad(main/disc) 20.062/1.945 | lr(main/disc) 7.00e-05/3.50e-05 | 26.6s
2026-08-21 02:23:49 | New best val_f1_macro_present: 0.9373 at epoch 7
2026-08-21 02:24:15 | Epoch 008/100 | loss 6.0588 | cls 3.0381 | tal 0.3113 | dual_g 2.9273 | dual_d 0.8343 | train_acc 0.5312 | train_full 0.9015 | val_acc 0.8919 | val_f1 0.9041 | grad(main/disc) 20.228/1.958 | lr(main/disc) 7.00e-05/3.50e-05 | 25.9s
2026-08-21 02:24:42 | Epoch 009/100 | loss 5.6764 | cls 2.8235 | tal 0.2791 | dual_g 2.7692 | dual_d 0.8108 | train_acc 0.5312 | train_full 0.8939 | val_acc 0.8919 | val_f1 0.9050 | grad(main/disc) 19.558/1.874 | lr(main/disc) 7.00e-05/3.50e-05 | 27.1s
2026-08-21 02:25:08 | Epoch 010/100 | loss 5.1778 | cls 2.5238 | tal 0.2399 | dual_g 2.5821 | dual_d 0.8130 | train_acc 0.6937 | train_full 0.9091 | val_acc 0.9189 | val_f1 0.9299 | grad(main/disc) 18.387/1.905 | lr(main/disc) 7.00e-05/3.50e-05 | 25.9s
2026-08-21 02:25:35 | Epoch 011/100 | loss 5.1889 | cls 2.4903 | tal 0.2548 | dual_g 2.6221 | dual_d 0.7849 | train_acc 0.6750 | train_full 0.9697 | val_acc 0.9189 | val_f1 0.9299 | grad(main/disc) 18.963/1.829 | lr(main/disc) 7.00e-05/3.50e-05 | 26.5s
2026-08-21 02:26:02 | Epoch 012/100 | loss 5.1035 | cls 2.4827 | tal 0.2442 | dual_g 2.5475 | dual_d 0.7652 | train_acc 0.6438 | train_full 0.9470 | val_acc 0.9189 | val_f1 0.9377 | grad(main/disc) 19.190/1.730 | lr(main/disc) 7.00e-05/3.50e-05 | 26.9s
2026-08-21 02:26:27 | Epoch 013/100 | loss 4.8730 | cls 2.3670 | tal 0.2678 | dual_g 2.4257 | dual_d 0.7667 | train_acc 0.7250 | train_full 0.9242 | val_acc 0.9189 | val_f1 0.9303 | grad(main/disc) 18.276/1.649 | lr(main/disc) 7.00e-05/3.50e-05 | 25.6s
2026-08-21 02:26:54 | Epoch 014/100 | loss 4.8060 | cls 2.3804 | tal 0.2398 | dual_g 2.3537 | dual_d 0.7469 | train_acc 0.6813 | train_full 0.9470 | val_acc 0.9459 | val_f1 0.9616 | grad(main/disc) 18.917/1.715 | lr(main/disc) 7.00e-05/3.50e-05 | 26.2s
2026-08-21 02:26:54 | New best val_f1_macro_present: 0.9616 at epoch 14
2026-08-21 02:27:21 | Epoch 015/100 | loss 4.5334 | cls 2.2123 | tal 0.2414 | dual_g 2.2486 | dual_d 0.7278 | train_acc 0.6937 | train_full 0.9394 | val_acc 0.9189 | val_f1 0.9053 | grad(main/disc) 17.622/1.633 | lr(main/disc) 7.00e-05/3.50e-05 | 27.0s
2026-08-21 02:27:47 | Epoch 016/100 | loss 4.3729 | cls 2.1238 | tal 0.1027 | dual_g 2.2183 | dual_d 0.7109 | train_acc 0.7750 | train_full 0.9773 | val_acc 0.9459 | val_f1 0.9578 | grad(main/disc) 17.497/1.574 | lr(main/disc) 7.00e-05/3.50e-05 | 26.4s
2026-08-21 02:28:14 | Epoch 017/100 | loss 4.4285 | cls 2.2078 | tal 0.2084 | dual_g 2.1582 | dual_d 0.6611 | train_acc 0.7875 | train_full 0.9848 | val_acc 0.9189 | val_f1 0.9261 | grad(main/disc) 18.130/1.588 | lr(main/disc) 7.00e-05/3.50e-05 | 26.3s
2026-08-21 02:28:40 | Epoch 018/100 | loss 4.3080 | cls 2.0273 | tal 0.2134 | dual_g 2.2166 | dual_d 0.7012 | train_acc 0.8125 | train_full 0.9773 | val_acc 0.9189 | val_f1 0.9261 | grad(main/disc) 17.942/1.598 | lr(main/disc) 7.00e-05/3.50e-05 | 26.5s
2026-08-21 02:29:07 | Epoch 019/100 | loss 4.0597 | cls 1.9104 | tal 0.2367 | dual_g 2.0783 | dual_d 0.7134 | train_acc 0.8250 | train_full 0.9848 | val_acc 0.9730 | val_f1 0.9802 | grad(main/disc) 17.738/1.517 | lr(main/disc) 7.00e-05/3.50e-05 | 27.0s
2026-08-21 02:29:07 | New best val_f1_macro_present: 0.9802 at epoch 19
2026-08-21 02:29:34 | Epoch 020/100 | loss 3.9339 | cls 1.8587 | tal 0.1733 | dual_g 2.0232 | dual_d 0.7243 | train_acc 0.8187 | train_full 0.9848 | val_acc 0.9730 | val_f1 0.9802 | grad(main/disc) 16.134/1.572 | lr(main/disc) 7.00e-05/3.50e-05 | 26.4s
2026-08-21 02:29:59 | Epoch 021/100 | loss 3.8756 | cls 1.8369 | tal 0.0207 | dual_g 2.0325 | dual_d 0.6695 | train_acc 0.8938 | train_full 0.9621 | val_acc 0.9730 | val_f1 0.9802 | grad(main/disc) 16.476/1.434 | lr(main/disc) 7.00e-05/3.50e-05 | 25.1s
2026-08-21 02:30:25 | Epoch 022/100 | loss 3.7261 | cls 1.7256 | tal 0.0553 | dual_g 1.9839 | dual_d 0.7953 | train_acc 0.8938 | train_full 0.9242 | val_acc 0.9459 | val_f1 0.9278 | grad(main/disc) 14.830/1.692 | lr(main/disc) 7.00e-05/3.50e-05 | 26.1s
2026-08-21 02:30:51 | Epoch 023/100 | loss 3.7777 | cls 1.8226 | tal -0.0486 | dual_g 1.9697 | dual_d 0.7306 | train_acc 0.8500 | train_full 0.9848 | val_acc 0.9730 | val_f1 0.9802 | grad(main/disc) 16.124/1.532 | lr(main/disc) 7.00e-05/3.50e-05 | 25.7s
2026-08-21 02:31:17 | Epoch 024/100 | loss 3.7637 | cls 1.8384 | tal -0.0051 | dual_g 1.9268 | dual_d 0.7624 | train_acc 0.8625 | train_full 0.9848 | val_acc 0.9730 | val_f1 0.9802 | grad(main/disc) 14.890/1.600 | lr(main/disc) 7.00e-05/3.50e-05 | 26.3s
2026-08-21 02:31:42 | Epoch 025/100 | loss 3.6268 | cls 1.7374 | tal 0.0438 | dual_g 1.8763 | dual_d 0.7363 | train_acc 0.9313 | train_full 0.9848 | val_acc 0.9730 | val_f1 0.9802 | grad(main/disc) 14.252/1.536 | lr(main/disc) 7.00e-05/3.50e-05 | 25.5s
2026-08-21 02:32:09 | Epoch 026/100 | loss 3.7344 | cls 1.7714 | tal 0.0604 | dual_g 1.9448 | dual_d 0.7371 | train_acc 0.8500 | train_full 0.9924 | val_acc 1.0000 | val_f1 1.0000 | grad(main/disc) 17.872/1.557 | lr(main/disc) 7.00e-05/3.50e-05 | 26.6s
2026-08-21 02:32:09 | New best val_f1_macro_present: 1.0000 at epoch 26
2026-08-21 02:32:35 | Epoch 027/100 | loss 3.6403 | cls 1.7273 | tal 0.1467 | dual_g 1.8690 | dual_d 0.8076 | train_acc 0.8562 | train_full 0.9924 | val_acc 1.0000 | val_f1 1.0000 | grad(main/disc) 16.046/1.633 | lr(main/disc) 7.00e-05/3.50e-05 | 26.0s
2026-08-21 02:33:02 | Epoch 028/100 | loss 3.7161 | cls 1.7822 | tal 0.0468 | dual_g 1.9198 | dual_d 0.7663 | train_acc 0.8875 | train_full 0.9924 | val_acc 1.0000 | val_f1 1.0000 | grad(main/disc) 16.047/1.541 | lr(main/disc) 7.00e-05/3.50e-05 | 27.0s
2026-08-21 02:33:29 | Epoch 029/100 | loss 3.4896 | cls 1.6781 | tal -0.0275 | dual_g 1.8198 | dual_d 0.7471 | train_acc 0.9313 | train_full 1.0000 | val_acc 1.0000 | val_f1 1.0000 | grad(main/disc) 14.217/1.574 | lr(main/disc) 7.00e-05/3.50e-05 | 26.2s
2026-08-21 02:33:56 | Epoch 030/100 | loss 3.4040 | cls 1.6162 | tal 0.0047 | dual_g 1.7864 | dual_d 0.7224 | train_acc 0.9187 | train_full 0.9924 | val_acc 0.9730 | val_f1 0.9840 | grad(main/disc) 14.258/1.483 | lr(main/disc) 7.00e-05/3.50e-05 | 27.4s
2026-08-21 02:34:23 | Epoch 031/100 | loss 3.3966 | cls 1.5860 | tal -0.0801 | dual_g 1.8346 | dual_d 0.7102 | train_acc 0.9500 | train_full 0.9924 | val_acc 0.9730 | val_f1 0.9840 | grad(main/disc) 14.268/1.469 | lr(main/disc) 7.00e-05/3.50e-05 | 26.7s
2026-08-21 02:34:50 | Epoch 032/100 | loss 3.4105 | cls 1.5857 | tal 0.0482 | dual_g 1.8103 | dual_d 0.7715 | train_acc 0.9563 | train_full 1.0000 | val_acc 1.0000 | val_f1 1.0000 | grad(main/disc) 12.687/1.507 | lr(main/disc) 7.00e-05/3.50e-05 | 27.4s
2026-08-21 02:35:17 | Epoch 033/100 | loss 3.3532 | cls 1.6140 | tal -0.0159 | dual_g 1.7440 | dual_d 0.7820 | train_acc 0.9500 | train_full 1.0000 | val_acc 1.0000 | val_f1 1.0000 | grad(main/disc) 13.296/1.513 | lr(main/disc) 3.50e-05/1.75e-05 | 27.2s
2026-08-21 02:35:44 | Epoch 034/100 | loss 3.1857 | cls 1.4726 | tal -0.0005 | dual_g 1.7132 | dual_d 0.7377 | train_acc 0.9812 | train_full 1.0000 | val_acc 1.0000 | val_f1 1.0000 | grad(main/disc) 10.582/1.457 | lr(main/disc) 3.50e-05/1.75e-05 | 27.1s
2026-08-21 02:36:13 | Epoch 035/100 | loss 3.2506 | cls 1.5460 | tal 0.0283 | dual_g 1.6962 | dual_d 0.6790 | train_acc 0.9250 | train_full 1.0000 | val_acc 0.9730 | val_f1 0.9802 | grad(main/disc) 12.214/1.400 | lr(main/disc) 3.50e-05/1.75e-05 | 28.5s
2026-08-21 02:36:13 | Early stopping at epoch 35 after 9 epochs without val_f1_macro_present improvement.
2026-08-21 02:36:13 | Training complete. Best validation accuracy: 1.0000 | best val_f1_macro_present: 1.0000
2026-08-21 02:36:13 | Starting Dual_D standalone training
2026-08-21 02:36:13 | Run directory: runs/module_c_ablation/module_c_full_逆光_iter03_20260820_204237
2026-08-21 02:36:13 | Device: cuda
2026-08-21 02:36:13 | Source train samples: 992
2026-08-21 02:36:13 | Target train samples: 132
2026-08-21 02:36:13 | Target val samples: 37
2026-08-21 02:36:13 | Classes: 14
2026-08-21 02:36:13 | Data audit: same_dir=False | path_overlap(vis/ir/ais)=0/0/0 | content_overlap(vis/ir/ais)=0/0/0 | ais_index_overlap=0 | stem_mismatch(vis-ir/vis-ais)=157/0
2026-08-21 02:36:13 | source_train classes: present 14/14 | absent 0 | counts [0:120, 1:44, 2:69, 3:45, 4:40, 5:30, 6:64, 7:80, 8:116, 9:68, 10:57, 11:83, 12:48, 13:128]
2026-08-21 02:36:13 | target_train classes: present 9/14 | absent 5 | counts [0:20, 2:12, 4:12, 5:2, 9:16, 10:16, 11:29, 12:4, 13:21]
2026-08-21 02:36:13 | target_val classes: present 9/14 | absent 5 | counts [0:6, 2:3, 4:4, 5:1, 9:4, 10:4, 11:8, 12:1, 13:6]
2026-08-21 02:36:13 | Paired training classes: 9/14 | class ids [0, 2, 4, 5, 9, 10, 11, 12, 13]
2026-08-21 02:36:13 | VIS/IR pairing: class-level-unpaired | count-mismatch classes train/val: 10/1 | AIS alignment: none | AIS rows train/val: 0/0
2026-08-21 02:36:13 | Model parameters: total=17277714 | trainable=17120210
Starting run 6/12: domain=逆光, iteration=3, seed=47
2026-08-21 02:36:39 | Epoch 001/100 | loss 10.0506 | cls 5.3482 | tal -0.0016 | dual_g 4.7028 | dual_d 0.0000 | train_acc 0.1375 | train_full 0.1364 | val_acc 0.1892 | val_f1 0.0634 | grad(main/disc) 30.153/0.000 | lr(main/disc) 7.00e-05/3.50e-05 | 25.9s
2026-08-21 02:36:40 | New best val_f1_macro_present: 0.0634 at epoch 1
2026-08-21 02:37:06 | Epoch 002/100 | loss 8.8079 | cls 4.5874 | tal 0.1814 | dual_g 4.1660 | dual_d 0.0000 | train_acc 0.1750 | train_full 0.2348 | val_acc 0.2703 | val_f1 0.1428 | grad(main/disc) 25.223/0.000 | lr(main/disc) 7.00e-05/3.50e-05 | 26.2s
2026-08-21 02:37:06 | New best val_f1_macro_present: 0.1428 at epoch 2
2026-08-21 02:37:33 | Epoch 003/100 | loss 7.9113 | cls 4.0232 | tal 0.0906 | dual_g 3.8609 | dual_d 0.0000 | train_acc 0.3063 | train_full 0.1894 | val_acc 0.2703 | val_f1 0.1058 | grad(main/disc) 22.715/0.000 | lr(main/disc) 7.00e-05/3.50e-05 | 26.7s
2026-08-21 02:37:59 | Epoch 004/100 | loss 7.0383 | cls 3.7031 | tal 0.0222 | dual_g 3.3285 | dual_d 0.0000 | train_acc 0.3563 | train_full 0.2955 | val_acc 0.4054 | val_f1 0.3504 | grad(main/disc) 21.288/0.000 | lr(main/disc) 7.00e-05/3.50e-05 | 26.3s
2026-08-21 02:37:59 | New best val_f1_macro_present: 0.3504 at epoch 4
2026-08-21 02:38:26 | Epoch 005/100 | loss 6.7420 | cls 3.4698 | tal 0.0047 | dual_g 3.2708 | dual_d 0.0000 | train_acc 0.4250 | train_full 0.5152 | val_acc 0.5135 | val_f1 0.4177 | grad(main/disc) 20.086/0.000 | lr(main/disc) 7.00e-05/3.50e-05 | 26.9s
2026-08-21 02:38:27 | New best val_f1_macro_present: 0.4177 at epoch 5
2026-08-21 02:38:54 | Epoch 006/100 | loss 6.6841 | cls 3.4463 | tal 0.0401 | dual_g 3.2258 | dual_d 0.8654 | train_acc 0.4313 | train_full 0.7727 | val_acc 0.7838 | val_f1 0.7754 | grad(main/disc) 19.894/1.935 | lr(main/disc) 7.00e-05/3.50e-05 | 27.0s
2026-08-21 02:38:54 | New best val_f1_macro_present: 0.7754 at epoch 6
2026-08-21 02:39:20 | Epoch 007/100 | loss 5.9483 | cls 2.9856 | tal 0.0053 | dual_g 2.9611 | dual_d 0.8137 | train_acc 0.4938 | train_full 0.8485 | val_acc 0.8108 | val_f1 0.8149 | grad(main/disc) 18.279/1.822 | lr(main/disc) 7.00e-05/3.50e-05 | 26.6s
2026-08-21 02:39:21 | New best val_f1_macro_present: 0.8149 at epoch 7
2026-08-21 02:39:48 | Epoch 008/100 | loss 5.8280 | cls 2.9222 | tal 0.0598 | dual_g 2.8878 | dual_d 0.8055 | train_acc 0.5062 | train_full 0.8561 | val_acc 0.8378 | val_f1 0.8653 | grad(main/disc) 18.178/1.791 | lr(main/disc) 7.00e-05/3.50e-05 | 27.3s
2026-08-21 02:39:48 | New best val_f1_macro_present: 0.8653 at epoch 8
2026-08-21 02:40:15 | Epoch 009/100 | loss 5.5662 | cls 2.8774 | tal -0.0057 | dual_g 2.6904 | dual_d 0.8056 | train_acc 0.5875 | train_full 0.9015 | val_acc 0.8649 | val_f1 0.8857 | grad(main/disc) 18.138/1.857 | lr(main/disc) 7.00e-05/3.50e-05 | 26.5s
2026-08-21 02:40:15 | New best val_f1_macro_present: 0.8857 at epoch 9
2026-08-21 02:40:41 | Epoch 010/100 | loss 5.3303 | cls 2.6546 | tal -0.0210 | dual_g 2.6821 | dual_d 0.7704 | train_acc 0.5687 | train_full 0.8864 | val_acc 0.9189 | val_f1 0.9331 | grad(main/disc) 17.957/1.663 | lr(main/disc) 7.00e-05/3.50e-05 | 26.1s
2026-08-21 02:40:42 | New best val_f1_macro_present: 0.9331 at epoch 10
2026-08-21 02:41:08 | Epoch 011/100 | loss 5.0557 | cls 2.5543 | tal -0.0481 | dual_g 2.5158 | dual_d 0.7969 | train_acc 0.6625 | train_full 0.8864 | val_acc 0.8919 | val_f1 0.8941 | grad(main/disc) 17.714/1.741 | lr(main/disc) 7.00e-05/3.50e-05 | 26.7s
2026-08-21 02:41:35 | Epoch 012/100 | loss 4.9298 | cls 2.4252 | tal -0.0735 | dual_g 2.5266 | dual_d 0.7132 | train_acc 0.6875 | train_full 0.8788 | val_acc 0.8919 | val_f1 0.8844 | grad(main/disc) 18.208/1.609 | lr(main/disc) 7.00e-05/3.50e-05 | 26.8s
2026-08-21 02:42:02 | Epoch 013/100 | loss 4.6621 | cls 2.3446 | tal -0.1211 | dual_g 2.3538 | dual_d 0.7036 | train_acc 0.7625 | train_full 0.9697 | val_acc 0.9189 | val_f1 0.9393 | grad(main/disc) 18.169/1.560 | lr(main/disc) 7.00e-05/3.50e-05 | 26.5s
2026-08-21 02:42:02 | New best val_f1_macro_present: 0.9393 at epoch 13
2026-08-21 02:42:28 | Epoch 014/100 | loss 4.4326 | cls 2.2280 | tal -0.1236 | dual_g 2.2417 | dual_d 0.7402 | train_acc 0.7438 | train_full 0.9621 | val_acc 0.9189 | val_f1 0.9373 | grad(main/disc) 17.313/1.677 | lr(main/disc) 7.00e-05/3.50e-05 | 25.8s
2026-08-21 02:42:55 | Epoch 015/100 | loss 4.1800 | cls 2.0431 | tal -0.1791 | dual_g 2.1906 | dual_d 0.7256 | train_acc 0.8500 | train_full 0.9697 | val_acc 0.9189 | val_f1 0.9299 | grad(main/disc) 16.918/1.596 | lr(main/disc) 7.00e-05/3.50e-05 | 26.9s
2026-08-21 02:43:21 | Epoch 016/100 | loss 4.1245 | cls 2.0751 | tal -0.1517 | dual_g 2.0949 | dual_d 0.7775 | train_acc 0.7625 | train_full 0.9545 | val_acc 0.8919 | val_f1 0.9167 | grad(main/disc) 17.711/1.622 | lr(main/disc) 7.00e-05/3.50e-05 | 26.7s
2026-08-21 02:43:48 | Epoch 017/100 | loss 4.2789 | cls 2.1700 | tal -0.1281 | dual_g 2.1474 | dual_d 0.7748 | train_acc 0.8250 | train_full 0.9697 | val_acc 0.9459 | val_f1 0.9616 | grad(main/disc) 19.085/1.620 | lr(main/disc) 7.00e-05/3.50e-05 | 26.8s
2026-08-21 02:43:48 | New best val_f1_macro_present: 0.9616 at epoch 17
2026-08-21 02:44:12 | Epoch 018/100 | loss 3.8630 | cls 1.8763 | tal -0.1690 | dual_g 2.0374 | dual_d 0.7099 | train_acc 0.8438 | train_full 0.9545 | val_acc 0.9459 | val_f1 0.9616 | grad(main/disc) 15.087/1.493 | lr(main/disc) 7.00e-05/3.50e-05 | 24.1s
2026-08-21 02:44:38 | Epoch 019/100 | loss 3.8136 | cls 1.9181 | tal -0.1453 | dual_g 1.9391 | dual_d 0.7645 | train_acc 0.8500 | train_full 0.9545 | val_acc 0.9189 | val_f1 0.9087 | grad(main/disc) 15.166/1.637 | lr(main/disc) 7.00e-05/3.50e-05 | 26.0s
2026-08-21 02:45:05 | Epoch 020/100 | loss 3.7356 | cls 1.7990 | tal -0.1613 | dual_g 1.9850 | dual_d 0.7616 | train_acc 0.8688 | train_full 0.9697 | val_acc 0.9189 | val_f1 0.9396 | grad(main/disc) 15.294/1.550 | lr(main/disc) 7.00e-05/3.50e-05 | 26.3s
2026-08-21 02:45:31 | Epoch 021/100 | loss 3.6897 | cls 1.7910 | tal -0.1422 | dual_g 1.9414 | dual_d 0.7714 | train_acc 0.8875 | train_full 0.9848 | val_acc 0.9189 | val_f1 0.9396 | grad(main/disc) 13.651/1.574 | lr(main/disc) 7.00e-05/3.50e-05 | 26.6s
2026-08-21 02:45:59 | Epoch 022/100 | loss 3.5351 | cls 1.6966 | tal -0.1784 | dual_g 1.8921 | dual_d 0.8185 | train_acc 0.8812 | train_full 0.9924 | val_acc 0.9189 | val_f1 0.9396 | grad(main/disc) 14.659/1.538 | lr(main/disc) 7.00e-05/3.50e-05 | 27.9s
2026-08-21 02:46:25 | Epoch 023/100 | loss 3.5213 | cls 1.7379 | tal -0.1566 | dual_g 1.8303 | dual_d 0.7753 | train_acc 0.8875 | train_full 0.9773 | val_acc 0.9459 | val_f1 0.9556 | grad(main/disc) 14.629/1.487 | lr(main/disc) 7.00e-05/3.50e-05 | 26.2s
2026-08-21 02:46:52 | Epoch 024/100 | loss 3.5062 | cls 1.6819 | tal -0.1181 | dual_g 1.8598 | dual_d 0.7920 | train_acc 0.9000 | train_full 0.9848 | val_acc 0.9730 | val_f1 0.9802 | grad(main/disc) 15.670/1.588 | lr(main/disc) 7.00e-05/3.50e-05 | 26.5s
2026-08-21 02:46:52 | New best val_f1_macro_present: 0.9802 at epoch 24
2026-08-21 02:47:19 | Epoch 025/100 | loss 3.4184 | cls 1.6347 | tal -0.1463 | dual_g 1.8276 | dual_d 0.7510 | train_acc 0.8875 | train_full 0.9924 | val_acc 0.9459 | val_f1 0.9616 | grad(main/disc) 12.731/1.569 | lr(main/disc) 7.00e-05/3.50e-05 | 26.7s
2026-08-21 02:47:45 | Epoch 026/100 | loss 3.2401 | cls 1.5401 | tal -0.1486 | dual_g 1.7446 | dual_d 0.8472 | train_acc 0.9125 | train_full 0.9773 | val_acc 0.9730 | val_f1 0.9840 | grad(main/disc) 12.615/1.553 | lr(main/disc) 7.00e-05/3.50e-05 | 25.7s
2026-08-21 02:47:45 | New best val_f1_macro_present: 0.9840 at epoch 26
2026-08-21 02:48:12 | Epoch 027/100 | loss 3.4038 | cls 1.6473 | tal -0.1677 | dual_g 1.8069 | dual_d 0.7868 | train_acc 0.8812 | train_full 0.9924 | val_acc 0.9459 | val_f1 0.9556 | grad(main/disc) 14.298/1.471 | lr(main/disc) 7.00e-05/3.50e-05 | 27.0s
2026-08-21 02:48:38 | Epoch 028/100 | loss 3.3432 | cls 1.5995 | tal -0.1706 | dual_g 1.7948 | dual_d 0.8447 | train_acc 0.9313 | train_full 0.9848 | val_acc 0.9459 | val_f1 0.9556 | grad(main/disc) 17.489/1.556 | lr(main/disc) 7.00e-05/3.50e-05 | 26.2s
2026-08-21 02:49:05 | Epoch 029/100 | loss 3.2197 | cls 1.5449 | tal -0.1538 | dual_g 1.7209 | dual_d 0.8421 | train_acc 0.9563 | train_full 0.9924 | val_acc 0.9730 | val_f1 0.9776 | grad(main/disc) 12.747/1.641 | lr(main/disc) 7.00e-05/3.50e-05 | 26.4s
2026-08-21 02:49:31 | Epoch 030/100 | loss 3.2696 | cls 1.5692 | tal -0.0945 | dual_g 1.7288 | dual_d 0.8517 | train_acc 0.9563 | train_full 1.0000 | val_acc 0.9730 | val_f1 0.9802 | grad(main/disc) 14.018/1.591 | lr(main/disc) 7.00e-05/3.50e-05 | 26.2s
2026-08-21 02:49:58 | Epoch 031/100 | loss 3.1535 | cls 1.5292 | tal -0.1426 | dual_g 1.6670 | dual_d 0.8779 | train_acc 0.9563 | train_full 1.0000 | val_acc 0.9730 | val_f1 0.9802 | grad(main/disc) 13.907/1.694 | lr(main/disc) 7.00e-05/3.50e-05 | 26.9s
2026-08-21 02:50:24 | Epoch 032/100 | loss 3.2593 | cls 1.6014 | tal -0.1088 | dual_g 1.6905 | dual_d 0.9274 | train_acc 0.9313 | train_full 0.9924 | val_acc 0.9730 | val_f1 0.9840 | grad(main/disc) 13.439/1.568 | lr(main/disc) 7.00e-05/3.50e-05 | 26.2s
2026-08-21 02:50:51 | Epoch 033/100 | loss 3.1515 | cls 1.5253 | tal -0.1472 | dual_g 1.6704 | dual_d 0.8334 | train_acc 0.9437 | train_full 1.0000 | val_acc 0.9459 | val_f1 0.9616 | grad(main/disc) 12.161/1.597 | lr(main/disc) 3.50e-05/1.75e-05 | 26.8s
2026-08-21 02:51:16 | Epoch 034/100 | loss 3.1688 | cls 1.5554 | tal -0.2102 | dual_g 1.6764 | dual_d 0.8446 | train_acc 0.9437 | train_full 1.0000 | val_acc 1.0000 | val_f1 1.0000 | grad(main/disc) 13.317/1.550 | lr(main/disc) 3.50e-05/1.75e-05 | 25.8s
2026-08-21 02:51:17 | New best val_f1_macro_present: 1.0000 at epoch 34
2026-08-21 02:51:43 | Epoch 035/100 | loss 3.0937 | cls 1.5019 | tal -0.1898 | dual_g 1.6488 | dual_d 0.8846 | train_acc 0.9625 | train_full 1.0000 | val_acc 0.9730 | val_f1 0.9840 | grad(main/disc) 13.621/1.605 | lr(main/disc) 3.50e-05/1.75e-05 | 26.6s
2026-08-21 02:52:10 | Epoch 036/100 | loss 3.1061 | cls 1.5344 | tal -0.2182 | dual_g 1.6372 | dual_d 0.8263 | train_acc 0.9500 | train_full 1.0000 | val_acc 0.9730 | val_f1 0.9840 | grad(main/disc) 12.155/1.504 | lr(main/disc) 3.50e-05/1.75e-05 | 26.5s
2026-08-21 02:52:36 | Epoch 037/100 | loss 2.9801 | cls 1.4668 | tal -0.2450 | dual_g 1.5868 | dual_d 0.8802 | train_acc 0.9812 | train_full 0.9924 | val_acc 0.9730 | val_f1 0.9840 | grad(main/disc) 11.488/1.516 | lr(main/disc) 3.50e-05/1.75e-05 | 26.3s
2026-08-21 02:53:03 | Epoch 038/100 | loss 3.0870 | cls 1.5249 | tal -0.1930 | dual_g 1.6200 | dual_d 0.8741 | train_acc 0.9062 | train_full 0.9924 | val_acc 0.9730 | val_f1 0.9840 | grad(main/disc) 11.284/1.548 | lr(main/disc) 3.50e-05/1.75e-05 | 26.7s
2026-08-21 02:53:29 | Epoch 039/100 | loss 3.1180 | cls 1.5096 | tal -0.1884 | dual_g 1.6649 | dual_d 0.9162 | train_acc 0.9563 | train_full 1.0000 | val_acc 1.0000 | val_f1 1.0000 | grad(main/disc) 12.496/1.582 | lr(main/disc) 3.50e-05/1.75e-05 | 25.9s
2026-08-21 02:53:55 | Epoch 040/100 | loss 3.1605 | cls 1.5091 | tal -0.2027 | dual_g 1.7122 | dual_d 0.9303 | train_acc 0.9500 | train_full 1.0000 | val_acc 1.0000 | val_f1 1.0000 | grad(main/disc) 13.475/1.570 | lr(main/disc) 3.50e-05/1.75e-05 | 26.3s
2026-08-21 02:54:22 | Epoch 041/100 | loss 2.9684 | cls 1.4521 | tal -0.1912 | dual_g 1.5737 | dual_d 0.9377 | train_acc 0.9250 | train_full 1.0000 | val_acc 1.0000 | val_f1 1.0000 | grad(main/disc) 11.838/1.578 | lr(main/disc) 1.75e-05/8.75e-06 | 26.9s
2026-08-21 02:54:49 | Epoch 042/100 | loss 2.9836 | cls 1.4752 | tal -0.2072 | dual_g 1.5706 | dual_d 0.8588 | train_acc 0.9625 | train_full 1.0000 | val_acc 1.0000 | val_f1 1.0000 | grad(main/disc) 10.982/1.494 | lr(main/disc) 1.75e-05/8.75e-06 | 26.8s
2026-08-21 02:55:16 | Epoch 043/100 | loss 2.8996 | cls 1.4232 | tal -0.2570 | dual_g 1.5534 | dual_d 0.9270 | train_acc 0.9812 | train_full 1.0000 | val_acc 1.0000 | val_f1 1.0000 | grad(main/disc) 8.746/1.533 | lr(main/disc) 1.75e-05/8.75e-06 | 27.4s
2026-08-21 02:55:16 | Early stopping at epoch 43 after 9 epochs without val_f1_macro_present improvement.
2026-08-21 02:55:16 | Training complete. Best validation accuracy: 1.0000 | best val_f1_macro_present: 1.0000
2026-08-21 02:55:16 | Starting Dual_D standalone training
2026-08-21 02:55:16 | Run directory: runs/module_c_ablation/module_c_full_雾天_iter01_20260820_204237
2026-08-21 02:55:16 | Device: cuda
2026-08-21 02:55:16 | Source train samples: 992
2026-08-21 02:55:16 | Target train samples: 507
2026-08-21 02:55:16 | Target val samples: 132
2026-08-21 02:55:16 | Classes: 14
2026-08-21 02:55:16 | Data audit: same_dir=False | path_overlap(vis/ir/ais)=0/0/0 | content_overlap(vis/ir/ais)=0/0/0 | ais_index_overlap=0 | stem_mismatch(vis-ir/vis-ais)=630/0
2026-08-21 02:55:16 | source_train classes: present 14/14 | absent 0 | counts [0:120, 1:44, 2:69, 3:45, 4:40, 5:30, 6:64, 7:80, 8:116, 9:68, 10:57, 11:83, 12:48, 13:128]
2026-08-21 02:55:16 | target_train classes: present 9/14 | absent 5 | counts [0:35, 1:18, 2:119, 6:110, 8:25, 9:50, 10:48, 12:9, 13:93]
2026-08-21 02:55:16 | target_val classes: present 9/14 | absent 5 | counts [0:9, 1:5, 2:30, 6:28, 8:7, 9:13, 10:13, 12:3, 13:24]
2026-08-21 02:55:16 | Paired training classes: 9/14 | class ids [0, 1, 2, 6, 8, 9, 10, 12, 13]
2026-08-21 02:55:16 | VIS/IR pairing: class-level-unpaired | count-mismatch classes train/val: 10/2 | AIS alignment: none | AIS rows train/val: 0/0
2026-08-21 02:55:17 | Model parameters: total=17277714 | trainable=17120210
Starting run 7/12: domain=雾天, iteration=1, seed=48
2026-08-21 02:56:37 | Epoch 001/100 | loss 9.2688 | cls 4.7827 | tal 0.0166 | dual_g 4.4811 | dual_d 0.0000 | train_acc 0.1328 | train_full 0.2229 | val_acc 0.1970 | val_f1 0.1221 | grad(main/disc) 27.721/0.000 | lr(main/disc) 7.00e-05/3.50e-05 | 80.5s
2026-08-21 02:56:38 | New best val_f1_macro_present: 0.1221 at epoch 1
2026-08-21 02:57:58 | Epoch 002/100 | loss 7.4786 | cls 3.8029 | tal -0.0463 | dual_g 3.6895 | dual_d 0.0000 | train_acc 0.2422 | train_full 0.4083 | val_acc 0.4242 | val_f1 0.3917 | grad(main/disc) 22.364/0.000 | lr(main/disc) 7.00e-05/3.50e-05 | 80.1s
2026-08-21 02:57:58 | New best val_f1_macro_present: 0.3917 at epoch 2
2026-08-21 02:59:20 | Epoch 003/100 | loss 6.8193 | cls 3.4659 | tal -0.1114 | dual_g 3.3868 | dual_d 0.0000 | train_acc 0.3105 | train_full 0.4753 | val_acc 0.4318 | val_f1 0.4529 | grad(main/disc) 20.283/0.000 | lr(main/disc) 7.00e-05/3.50e-05 | 82.1s
2026-08-21 02:59:21 | New best val_f1_macro_present: 0.4529 at epoch 3
2026-08-21 03:00:40 | Epoch 004/100 | loss 6.3029 | cls 3.1712 | tal -0.0964 | dual_g 3.1606 | dual_d 0.0000 | train_acc 0.3535 | train_full 0.6292 | val_acc 0.5985 | val_f1 0.6293 | grad(main/disc) 19.884/0.000 | lr(main/disc) 7.00e-05/3.50e-05 | 79.1s
2026-08-21 03:00:40 | New best val_f1_macro_present: 0.6293 at epoch 4
2026-08-21 03:02:01 | Epoch 005/100 | loss 5.7619 | cls 2.9146 | tal -0.1318 | dual_g 2.8868 | dual_d 0.0000 | train_acc 0.4707 | train_full 0.6805 | val_acc 0.6136 | val_f1 0.6426 | grad(main/disc) 19.333/0.000 | lr(main/disc) 7.00e-05/3.50e-05 | 80.9s
2026-08-21 03:02:01 | New best val_f1_macro_present: 0.6426 at epoch 5
2026-08-21 03:03:22 | Epoch 006/100 | loss 5.2162 | cls 2.5443 | tal -0.1174 | dual_g 2.7071 | dual_d 0.9147 | train_acc 0.5605 | train_full 0.7041 | val_acc 0.6818 | val_f1 0.6986 | grad(main/disc) 19.567/1.989 | lr(main/disc) 7.00e-05/3.50e-05 | 80.4s
2026-08-21 03:03:22 | New best val_f1_macro_present: 0.6986 at epoch 6
2026-08-21 03:04:39 | Epoch 007/100 | loss 4.9727 | cls 2.4703 | tal -0.0851 | dual_g 2.5280 | dual_d 0.9032 | train_acc 0.5664 | train_full 0.8008 | val_acc 0.7803 | val_f1 0.7601 | grad(main/disc) 18.975/1.997 | lr(main/disc) 7.00e-05/3.50e-05 | 77.4s
2026-08-21 03:04:40 | New best val_f1_macro_present: 0.7601 at epoch 7
2026-08-21 03:05:59 | Epoch 008/100 | loss 4.7456 | cls 2.3328 | tal -0.1575 | dual_g 2.4600 | dual_d 0.8315 | train_acc 0.6387 | train_full 0.7909 | val_acc 0.7652 | val_f1 0.7540 | grad(main/disc) 20.352/1.862 | lr(main/disc) 7.00e-05/3.50e-05 | 79.0s
2026-08-21 03:07:19 | Epoch 009/100 | loss 4.3797 | cls 2.1488 | tal -0.1555 | dual_g 2.2776 | dual_d 0.8199 | train_acc 0.6680 | train_full 0.7870 | val_acc 0.7727 | val_f1 0.7689 | grad(main/disc) 19.517/1.798 | lr(main/disc) 7.00e-05/3.50e-05 | 80.6s
2026-08-21 03:07:20 | New best val_f1_macro_present: 0.7689 at epoch 9
2026-08-21 03:08:38 | Epoch 010/100 | loss 4.1899 | cls 2.0576 | tal -0.1072 | dual_g 2.1645 | dual_d 0.7685 | train_acc 0.7402 | train_full 0.8639 | val_acc 0.8333 | val_f1 0.8380 | grad(main/disc) 17.298/1.745 | lr(main/disc) 7.00e-05/3.50e-05 | 78.6s
2026-08-21 03:08:39 | New best val_f1_macro_present: 0.8380 at epoch 10
2026-08-21 03:10:00 | Epoch 011/100 | loss 3.9793 | cls 1.9232 | tal -0.0726 | dual_g 2.0779 | dual_d 0.7702 | train_acc 0.7754 | train_full 0.8955 | val_acc 0.8636 | val_f1 0.8490 | grad(main/disc) 16.960/1.727 | lr(main/disc) 7.00e-05/3.50e-05 | 81.4s
2026-08-21 03:10:00 | New best val_f1_macro_present: 0.8490 at epoch 11
2026-08-21 03:11:19 | Epoch 012/100 | loss 3.8100 | cls 1.8083 | tal -0.0796 | dual_g 2.0255 | dual_d 0.7634 | train_acc 0.8008 | train_full 0.8619 | val_acc 0.8106 | val_f1 0.7995 | grad(main/disc) 17.627/1.668 | lr(main/disc) 7.00e-05/3.50e-05 | 78.2s
2026-08-21 03:12:38 | Epoch 013/100 | loss 3.6541 | cls 1.7532 | tal -0.1184 | dual_g 1.9364 | dual_d 0.7618 | train_acc 0.8281 | train_full 0.9112 | val_acc 0.9091 | val_f1 0.9010 | grad(main/disc) 15.974/1.629 | lr(main/disc) 7.00e-05/3.50e-05 | 79.6s
2026-08-21 03:12:39 | New best val_f1_macro_present: 0.9010 at epoch 13
2026-08-21 03:13:59 | Epoch 014/100 | loss 3.5629 | cls 1.7122 | tal -0.1391 | dual_g 1.8924 | dual_d 0.7483 | train_acc 0.8340 | train_full 0.9152 | val_acc 0.8788 | val_f1 0.8631 | grad(main/disc) 15.847/1.610 | lr(main/disc) 7.00e-05/3.50e-05 | 80.5s
2026-08-21 03:15:22 | Epoch 015/100 | loss 3.4010 | cls 1.6344 | tal -0.1469 | dual_g 1.8107 | dual_d 0.7417 | train_acc 0.8809 | train_full 0.9408 | val_acc 0.9242 | val_f1 0.9163 | grad(main/disc) 14.360/1.578 | lr(main/disc) 7.00e-05/3.50e-05 | 82.7s
2026-08-21 03:15:22 | New best val_f1_macro_present: 0.9163 at epoch 15
2026-08-21 03:16:42 | Epoch 016/100 | loss 3.2923 | cls 1.5487 | tal -0.0638 | dual_g 1.7627 | dual_d 0.7361 | train_acc 0.9004 | train_full 0.9349 | val_acc 0.9470 | val_f1 0.9453 | grad(main/disc) 13.444/1.549 | lr(main/disc) 7.00e-05/3.50e-05 | 80.3s
2026-08-21 03:16:43 | New best val_f1_macro_present: 0.9453 at epoch 16
2026-08-21 03:18:01 | Epoch 017/100 | loss 3.3135 | cls 1.6039 | tal -0.0832 | dual_g 1.7345 | dual_d 0.7725 | train_acc 0.9102 | train_full 0.9724 | val_acc 0.9621 | val_f1 0.9550 | grad(main/disc) 13.996/1.587 | lr(main/disc) 7.00e-05/3.50e-05 | 78.3s
2026-08-21 03:18:01 | New best val_f1_macro_present: 0.9550 at epoch 17
2026-08-21 03:19:22 | Epoch 018/100 | loss 3.1505 | cls 1.4887 | tal -0.0972 | dual_g 1.6910 | dual_d 0.7693 | train_acc 0.9277 | train_full 0.9527 | val_acc 0.9242 | val_f1 0.9092 | grad(main/disc) 12.685/1.510 | lr(main/disc) 7.00e-05/3.50e-05 | 80.9s
2026-08-21 03:20:41 | Epoch 019/100 | loss 3.1188 | cls 1.4881 | tal -0.0484 | dual_g 1.6452 | dual_d 0.7871 | train_acc 0.9336 | train_full 0.9684 | val_acc 0.9621 | val_f1 0.9564 | grad(main/disc) 11.613/1.533 | lr(main/disc) 7.00e-05/3.50e-05 | 78.8s
2026-08-21 03:20:41 | New best val_f1_macro_present: 0.9564 at epoch 19
2026-08-21 03:22:04 | Epoch 020/100 | loss 3.0400 | cls 1.4530 | tal -0.0572 | dual_g 1.6042 | dual_d 0.8103 | train_acc 0.9277 | train_full 0.9901 | val_acc 0.9773 | val_f1 0.9685 | grad(main/disc) 10.645/1.514 | lr(main/disc) 7.00e-05/3.50e-05 | 82.2s
2026-08-21 03:22:04 | New best val_f1_macro_present: 0.9685 at epoch 20
2026-08-21 03:23:23 | Epoch 021/100 | loss 2.9883 | cls 1.4275 | tal -0.1041 | dual_g 1.5920 | dual_d 0.8315 | train_acc 0.9668 | train_full 0.9763 | val_acc 0.9621 | val_f1 0.9520 | grad(main/disc) 10.881/1.507 | lr(main/disc) 7.00e-05/3.50e-05 | 78.7s
2026-08-21 03:24:44 | Epoch 022/100 | loss 2.9066 | cls 1.3858 | tal -0.1037 | dual_g 1.5519 | dual_d 0.8643 | train_acc 0.9570 | train_full 0.9901 | val_acc 0.9848 | val_f1 0.9828 | grad(main/disc) 8.946/1.560 | lr(main/disc) 7.00e-05/3.50e-05 | 81.6s
2026-08-21 03:24:44 | New best val_f1_macro_present: 0.9828 at epoch 22
2026-08-21 03:26:05 | Epoch 023/100 | loss 2.9369 | cls 1.4128 | tal -0.1158 | dual_g 1.5588 | dual_d 0.8681 | train_acc 0.9551 | train_full 0.9803 | val_acc 0.9545 | val_f1 0.9279 | grad(main/disc) 10.331/1.529 | lr(main/disc) 7.00e-05/3.50e-05 | 80.9s
2026-08-21 03:27:25 | Epoch 024/100 | loss 2.8778 | cls 1.3829 | tal -0.1399 | dual_g 1.5368 | dual_d 0.9039 | train_acc 0.9512 | train_full 0.9921 | val_acc 0.9773 | val_f1 0.9773 | grad(main/disc) 9.951/1.531 | lr(main/disc) 7.00e-05/3.50e-05 | 79.9s
2026-08-21 03:28:47 | Epoch 025/100 | loss 2.8930 | cls 1.3738 | tal -0.0845 | dual_g 1.5445 | dual_d 0.8860 | train_acc 0.9668 | train_full 0.9842 | val_acc 0.9773 | val_f1 0.9771 | grad(main/disc) 9.325/1.487 | lr(main/disc) 7.00e-05/3.50e-05 | 81.7s
2026-08-21 03:30:07 | Epoch 026/100 | loss 2.8170 | cls 1.3629 | tal -0.1899 | dual_g 1.5111 | dual_d 0.9655 | train_acc 0.9785 | train_full 0.9783 | val_acc 0.9621 | val_f1 0.9595 | grad(main/disc) 8.627/1.566 | lr(main/disc) 7.00e-05/3.50e-05 | 80.6s
2026-08-21 03:31:28 | Epoch 027/100 | loss 2.8054 | cls 1.3619 | tal -0.2273 | dual_g 1.5117 | dual_d 0.9814 | train_acc 0.9785 | train_full 0.9941 | val_acc 0.9773 | val_f1 0.9767 | grad(main/disc) 8.735/1.532 | lr(main/disc) 7.00e-05/3.50e-05 | 80.1s
2026-08-21 03:32:46 | Epoch 028/100 | loss 2.7759 | cls 1.3357 | tal -0.1399 | dual_g 1.4822 | dual_d 0.9959 | train_acc 0.9883 | train_full 0.9941 | val_acc 0.9773 | val_f1 0.9771 | grad(main/disc) 7.706/1.572 | lr(main/disc) 7.00e-05/3.50e-05 | 78.4s
2026-08-21 03:34:06 | Epoch 029/100 | loss 2.7620 | cls 1.3344 | tal -0.1284 | dual_g 1.4661 | dual_d 1.0383 | train_acc 0.9824 | train_full 0.9704 | val_acc 0.9697 | val_f1 0.9710 | grad(main/disc) 7.711/1.565 | lr(main/disc) 3.50e-05/1.75e-05 | 80.2s
2026-08-21 03:35:23 | Epoch 030/100 | loss 2.7375 | cls 1.3348 | tal -0.1935 | dual_g 1.4607 | dual_d 1.0005 | train_acc 0.9727 | train_full 0.9901 | val_acc 0.9621 | val_f1 0.9605 | grad(main/disc) 7.574/1.544 | lr(main/disc) 3.50e-05/1.75e-05 | 77.0s
2026-08-21 03:36:44 | Epoch 031/100 | loss 2.7023 | cls 1.3133 | tal -0.1624 | dual_g 1.4377 | dual_d 1.0452 | train_acc 0.9746 | train_full 0.9941 | val_acc 0.9773 | val_f1 0.9773 | grad(main/disc) 7.012/1.571 | lr(main/disc) 3.50e-05/1.75e-05 | 80.8s
2026-08-21 03:36:44 | Early stopping at epoch 31 after 9 epochs without val_f1_macro_present improvement.
2026-08-21 03:36:44 | Training complete. Best validation accuracy: 0.9848 | best val_f1_macro_present: 0.9828
2026-08-21 03:36:44 | Starting Dual_D standalone training
2026-08-21 03:36:44 | Run directory: runs/module_c_ablation/module_c_full_雾天_iter02_20260820_204237
2026-08-21 03:36:44 | Device: cuda
2026-08-21 03:36:44 | Source train samples: 992
2026-08-21 03:36:44 | Target train samples: 507
2026-08-21 03:36:44 | Target val samples: 132
2026-08-21 03:36:44 | Classes: 14
2026-08-21 03:36:44 | Data audit: same_dir=False | path_overlap(vis/ir/ais)=0/0/0 | content_overlap(vis/ir/ais)=0/0/0 | ais_index_overlap=0 | stem_mismatch(vis-ir/vis-ais)=630/0
2026-08-21 03:36:44 | source_train classes: present 14/14 | absent 0 | counts [0:120, 1:44, 2:69, 3:45, 4:40, 5:30, 6:64, 7:80, 8:116, 9:68, 10:57, 11:83, 12:48, 13:128]
2026-08-21 03:36:44 | target_train classes: present 9/14 | absent 5 | counts [0:35, 1:18, 2:119, 6:110, 8:25, 9:50, 10:48, 12:9, 13:93]
2026-08-21 03:36:44 | target_val classes: present 9/14 | absent 5 | counts [0:9, 1:5, 2:30, 6:28, 8:7, 9:13, 10:13, 12:3, 13:24]
2026-08-21 03:36:44 | Paired training classes: 9/14 | class ids [0, 1, 2, 6, 8, 9, 10, 12, 13]
2026-08-21 03:36:44 | VIS/IR pairing: class-level-unpaired | count-mismatch classes train/val: 10/2 | AIS alignment: none | AIS rows train/val: 0/0
2026-08-21 03:36:44 | Model parameters: total=17277714 | trainable=17120210
Starting run 8/12: domain=雾天, iteration=2, seed=49
2026-08-21 03:38:07 | Epoch 001/100 | loss 8.9682 | cls 4.6461 | tal -0.2205 | dual_g 4.3883 | dual_d 0.0000 | train_acc 0.1133 | train_full 0.2426 | val_acc 0.2273 | val_f1 0.1240 | grad(main/disc) 26.532/0.000 | lr(main/disc) 7.00e-05/3.50e-05 | 82.2s
2026-08-21 03:38:07 | New best val_f1_macro_present: 0.1240 at epoch 1
2026-08-21 03:39:26 | Epoch 002/100 | loss 7.5604 | cls 3.8424 | tal -0.0630 | dual_g 3.7369 | dual_d 0.0000 | train_acc 0.2031 | train_full 0.4852 | val_acc 0.4242 | val_f1 0.3329 | grad(main/disc) 21.618/0.000 | lr(main/disc) 7.00e-05/3.50e-05 | 78.7s
2026-08-21 03:39:26 | New best val_f1_macro_present: 0.3329 at epoch 2
2026-08-21 03:40:46 | Epoch 003/100 | loss 6.6519 | cls 3.3144 | tal 0.0021 | dual_g 3.3369 | dual_d 0.0000 | train_acc 0.3125 | train_full 0.6095 | val_acc 0.5455 | val_f1 0.5089 | grad(main/disc) 20.027/0.000 | lr(main/disc) 7.00e-05/3.50e-05 | 80.1s
2026-08-21 03:40:46 | New best val_f1_macro_present: 0.5089 at epoch 3
2026-08-21 03:42:09 | Epoch 004/100 | loss 6.1825 | cls 3.0794 | tal -0.0013 | dual_g 3.1035 | dual_d 0.0000 | train_acc 0.3828 | train_full 0.6746 | val_acc 0.6667 | val_f1 0.6503 | grad(main/disc) 20.032/0.000 | lr(main/disc) 7.00e-05/3.50e-05 | 82.7s
2026-08-21 03:42:09 | New best val_f1_macro_present: 0.6503 at epoch 4
2026-08-21 03:43:31 | Epoch 005/100 | loss 5.6758 | cls 2.8471 | tal -0.1217 | dual_g 2.8653 | dual_d 0.0000 | train_acc 0.4238 | train_full 0.6824 | val_acc 0.6515 | val_f1 0.6522 | grad(main/disc) 20.387/0.000 | lr(main/disc) 7.00e-05/3.50e-05 | 81.3s
2026-08-21 03:43:31 | New best val_f1_macro_present: 0.6522 at epoch 5
2026-08-21 03:44:52 | Epoch 006/100 | loss 5.2324 | cls 2.5710 | tal -0.0349 | dual_g 2.6718 | dual_d 0.7901 | train_acc 0.5137 | train_full 0.7061 | val_acc 0.6742 | val_f1 0.6518 | grad(main/disc) 19.736/1.694 | lr(main/disc) 7.00e-05/3.50e-05 | 81.0s
2026-08-21 03:46:12 | Epoch 007/100 | loss 4.9543 | cls 2.4478 | tal -0.0599 | dual_g 2.5245 | dual_d 0.7889 | train_acc 0.5332 | train_full 0.7653 | val_acc 0.7500 | val_f1 0.7640 | grad(main/disc) 20.180/1.674 | lr(main/disc) 7.00e-05/3.50e-05 | 79.7s
2026-08-21 03:46:12 | New best val_f1_macro_present: 0.7640 at epoch 7
2026-08-21 03:47:31 | Epoch 008/100 | loss 4.6464 | cls 2.2595 | tal -0.0822 | dual_g 2.4116 | dual_d 0.7445 | train_acc 0.6582 | train_full 0.8540 | val_acc 0.8182 | val_f1 0.8274 | grad(main/disc) 18.936/1.568 | lr(main/disc) 7.00e-05/3.50e-05 | 79.2s
2026-08-21 03:47:32 | New best val_f1_macro_present: 0.8274 at epoch 8
2026-08-21 03:48:51 | Epoch 009/100 | loss 4.3563 | cls 2.1239 | tal -0.0652 | dual_g 2.2520 | dual_d 0.7230 | train_acc 0.6816 | train_full 0.8718 | val_acc 0.8485 | val_f1 0.8481 | grad(main/disc) 18.984/1.497 | lr(main/disc) 7.00e-05/3.50e-05 | 79.5s
2026-08-21 03:48:51 | New best val_f1_macro_present: 0.8481 at epoch 9
2026-08-21 03:50:10 | Epoch 010/100 | loss 4.0541 | cls 1.9526 | tal -0.1366 | dual_g 2.1425 | dual_d 0.6989 | train_acc 0.7598 | train_full 0.8540 | val_acc 0.8485 | val_f1 0.8636 | grad(main/disc) 18.211/1.442 | lr(main/disc) 7.00e-05/3.50e-05 | 78.9s
2026-08-21 03:50:11 | New best val_f1_macro_present: 0.8636 at epoch 10
2026-08-21 03:51:31 | Epoch 011/100 | loss 4.0438 | cls 1.9734 | tal -0.0496 | dual_g 2.0852 | dual_d 0.6773 | train_acc 0.7871 | train_full 0.8797 | val_acc 0.8712 | val_f1 0.8504 | grad(main/disc) 17.737/1.424 | lr(main/disc) 7.00e-05/3.50e-05 | 80.4s
2026-08-21 03:52:52 | Epoch 012/100 | loss 3.7991 | cls 1.8191 | tal 0.0110 | dual_g 1.9766 | dual_d 0.6842 | train_acc 0.8086 | train_full 0.9112 | val_acc 0.9167 | val_f1 0.9175 | grad(main/disc) 16.739/1.466 | lr(main/disc) 7.00e-05/3.50e-05 | 81.0s
2026-08-21 03:52:52 | New best val_f1_macro_present: 0.9175 at epoch 12
2026-08-21 03:54:10 | Epoch 013/100 | loss 3.6838 | cls 1.7572 | tal -0.0093 | dual_g 1.9294 | dual_d 0.6600 | train_acc 0.8320 | train_full 0.9132 | val_acc 0.9015 | val_f1 0.8926 | grad(main/disc) 16.250/1.363 | lr(main/disc) 7.00e-05/3.50e-05 | 77.8s
2026-08-21 03:55:33 | Epoch 014/100 | loss 3.5868 | cls 1.7228 | tal -0.0331 | dual_g 1.8740 | dual_d 0.6332 | train_acc 0.8242 | train_full 0.9172 | val_acc 0.9015 | val_f1 0.8946 | grad(main/disc) 16.218/1.264 | lr(main/disc) 7.00e-05/3.50e-05 | 82.6s
2026-08-21 03:56:53 | Epoch 015/100 | loss 3.5683 | cls 1.7185 | tal -0.0360 | dual_g 1.8606 | dual_d 0.6459 | train_acc 0.8672 | train_full 0.9527 | val_acc 0.9394 | val_f1 0.9423 | grad(main/disc) 16.362/1.317 | lr(main/disc) 7.00e-05/3.50e-05 | 79.8s
2026-08-21 03:56:53 | New best val_f1_macro_present: 0.9423 at epoch 15
2026-08-21 03:58:10 | Epoch 016/100 | loss 3.4115 | cls 1.6156 | tal -0.0195 | dual_g 1.8017 | dual_d 0.6649 | train_acc 0.8965 | train_full 0.9408 | val_acc 0.9394 | val_f1 0.9271 | grad(main/disc) 15.184/1.350 | lr(main/disc) 7.00e-05/3.50e-05 | 77.4s
2026-08-21 03:59:32 | Epoch 017/100 | loss 3.2893 | cls 1.5533 | tal -0.0342 | dual_g 1.7463 | dual_d 0.6490 | train_acc 0.9160 | train_full 0.9329 | val_acc 0.9318 | val_f1 0.9416 | grad(main/disc) 13.107/1.248 | lr(main/disc) 7.00e-05/3.50e-05 | 82.2s
2026-08-21 04:00:52 | Epoch 018/100 | loss 3.1897 | cls 1.5047 | tal -0.0946 | dual_g 1.7134 | dual_d 0.6952 | train_acc 0.9238 | train_full 0.9487 | val_acc 0.9470 | val_f1 0.9360 | grad(main/disc) 11.734/1.330 | lr(main/disc) 7.00e-05/3.50e-05 | 79.7s
2026-08-21 04:02:11 | Epoch 019/100 | loss 3.2506 | cls 1.5637 | tal -0.0355 | dual_g 1.6975 | dual_d 0.7151 | train_acc 0.8965 | train_full 0.9606 | val_acc 0.9545 | val_f1 0.9522 | grad(main/disc) 12.973/1.338 | lr(main/disc) 7.00e-05/3.50e-05 | 78.8s
2026-08-21 04:02:11 | New best val_f1_macro_present: 0.9522 at epoch 19
2026-08-21 04:03:32 | Epoch 020/100 | loss 3.0824 | cls 1.4692 | tal -0.0436 | dual_g 1.6262 | dual_d 0.7373 | train_acc 0.9355 | train_full 0.9467 | val_acc 0.9470 | val_f1 0.9494 | grad(main/disc) 10.749/1.347 | lr(main/disc) 7.00e-05/3.50e-05 | 80.6s
2026-08-21 04:04:53 | Epoch 021/100 | loss 3.0296 | cls 1.4413 | tal -0.1188 | dual_g 1.6239 | dual_d 0.7599 | train_acc 0.9453 | train_full 0.9744 | val_acc 0.9621 | val_f1 0.9648 | grad(main/disc) 10.710/1.347 | lr(main/disc) 7.00e-05/3.50e-05 | 81.5s
2026-08-21 04:04:54 | New best val_f1_macro_present: 0.9648 at epoch 21
2026-08-21 04:06:15 | Epoch 022/100 | loss 3.0129 | cls 1.4240 | tal -0.1040 | dual_g 1.6202 | dual_d 0.7826 | train_acc 0.9473 | train_full 0.9744 | val_acc 0.9773 | val_f1 0.9708 | grad(main/disc) 10.773/1.413 | lr(main/disc) 7.00e-05/3.50e-05 | 81.2s
2026-08-21 04:06:15 | New best val_f1_macro_present: 0.9708 at epoch 22
2026-08-21 04:07:35 | Epoch 023/100 | loss 2.9380 | cls 1.3992 | tal -0.0961 | dual_g 1.5677 | dual_d 0.7527 | train_acc 0.9551 | train_full 0.9645 | val_acc 0.9621 | val_f1 0.9585 | grad(main/disc) 9.709/1.291 | lr(main/disc) 7.00e-05/3.50e-05 | 79.1s
2026-08-21 04:08:52 | Epoch 024/100 | loss 2.9956 | cls 1.4413 | tal -0.0911 | dual_g 1.5816 | dual_d 0.7865 | train_acc 0.9473 | train_full 0.9803 | val_acc 0.9773 | val_f1 0.9767 | grad(main/disc) 11.922/1.350 | lr(main/disc) 7.00e-05/3.50e-05 | 78.0s
2026-08-21 04:08:53 | New best val_f1_macro_present: 0.9767 at epoch 24
2026-08-21 04:10:10 | Epoch 025/100 | loss 2.9014 | cls 1.3959 | tal -0.0757 | dual_g 1.5282 | dual_d 0.8498 | train_acc 0.9629 | train_full 0.9783 | val_acc 0.9621 | val_f1 0.9668 | grad(main/disc) 9.240/1.428 | lr(main/disc) 7.00e-05/3.50e-05 | 77.5s
2026-08-21 04:11:30 | Epoch 026/100 | loss 2.8467 | cls 1.3826 | tal -0.1291 | dual_g 1.5028 | dual_d 0.8799 | train_acc 0.9688 | train_full 0.9803 | val_acc 0.9848 | val_f1 0.9832 | grad(main/disc) 8.841/1.420 | lr(main/disc) 7.00e-05/3.50e-05 | 79.3s
2026-08-21 04:11:30 | New best val_f1_macro_present: 0.9832 at epoch 26
2026-08-21 04:12:54 | Epoch 027/100 | loss 2.8668 | cls 1.3747 | tal -0.0903 | dual_g 1.5192 | dual_d 0.9039 | train_acc 0.9727 | train_full 0.9803 | val_acc 0.9773 | val_f1 0.9773 | grad(main/disc) 9.012/1.395 | lr(main/disc) 7.00e-05/3.50e-05 | 83.8s
2026-08-21 04:14:15 | Epoch 028/100 | loss 2.8440 | cls 1.3682 | tal -0.0934 | dual_g 1.5039 | dual_d 0.9870 | train_acc 0.9766 | train_full 0.9704 | val_acc 0.9621 | val_f1 0.9673 | grad(main/disc) 8.643/1.476 | lr(main/disc) 7.00e-05/3.50e-05 | 81.7s
2026-08-21 04:15:35 | Epoch 029/100 | loss 2.7608 | cls 1.3294 | tal -0.0981 | dual_g 1.4608 | dual_d 0.9506 | train_acc 0.9824 | train_full 0.9901 | val_acc 0.9773 | val_f1 0.9768 | grad(main/disc) 7.337/1.444 | lr(main/disc) 7.00e-05/3.50e-05 | 79.7s
2026-08-21 04:16:55 | Epoch 030/100 | loss 2.7565 | cls 1.3372 | tal -0.0995 | dual_g 1.4491 | dual_d 0.9786 | train_acc 0.9805 | train_full 0.9862 | val_acc 0.9697 | val_f1 0.9711 | grad(main/disc) 7.344/1.476 | lr(main/disc) 7.00e-05/3.50e-05 | 80.2s
2026-08-21 04:18:17 | Epoch 031/100 | loss 2.7379 | cls 1.3189 | tal -0.1187 | dual_g 1.4547 | dual_d 0.9471 | train_acc 0.9902 | train_full 0.9763 | val_acc 0.9545 | val_f1 0.9571 | grad(main/disc) 7.555/1.395 | lr(main/disc) 7.00e-05/3.50e-05 | 81.4s
2026-08-21 04:19:34 | Epoch 032/100 | loss 2.7420 | cls 1.3295 | tal -0.0888 | dual_g 1.4392 | dual_d 0.9873 | train_acc 0.9844 | train_full 0.9921 | val_acc 0.9697 | val_f1 0.9711 | grad(main/disc) 7.462/1.429 | lr(main/disc) 7.00e-05/3.50e-05 | 77.7s
2026-08-21 04:20:55 | Epoch 033/100 | loss 2.6778 | cls 1.3109 | tal -0.1963 | dual_g 1.4258 | dual_d 0.9794 | train_acc 0.9844 | train_full 0.9901 | val_acc 0.9773 | val_f1 0.9709 | grad(main/disc) 7.114/1.437 | lr(main/disc) 3.50e-05/1.75e-05 | 81.0s
2026-08-21 04:22:16 | Epoch 034/100 | loss 2.6745 | cls 1.3042 | tal -0.1566 | dual_g 1.4172 | dual_d 0.9508 | train_acc 0.9941 | train_full 0.9961 | val_acc 0.9773 | val_f1 0.9771 | grad(main/disc) 6.417/1.396 | lr(main/disc) 3.50e-05/1.75e-05 | 80.7s
2026-08-21 04:23:35 | Epoch 035/100 | loss 2.6483 | cls 1.2887 | tal -0.1321 | dual_g 1.3992 | dual_d 0.9422 | train_acc 0.9844 | train_full 0.9980 | val_acc 0.9848 | val_f1 0.9830 | grad(main/disc) 6.470/1.346 | lr(main/disc) 3.50e-05/1.75e-05 | 79.2s
2026-08-21 04:23:35 | Early stopping at epoch 35 after 9 epochs without val_f1_macro_present improvement.
2026-08-21 04:23:35 | Training complete. Best validation accuracy: 0.9848 | best val_f1_macro_present: 0.9832
2026-08-21 04:23:35 | Starting Dual_D standalone training
2026-08-21 04:23:35 | Run directory: runs/module_c_ablation/module_c_full_雾天_iter03_20260820_204237
2026-08-21 04:23:35 | Device: cuda
2026-08-21 04:23:35 | Source train samples: 992
2026-08-21 04:23:35 | Target train samples: 507
2026-08-21 04:23:35 | Target val samples: 132
2026-08-21 04:23:35 | Classes: 14
2026-08-21 04:23:35 | Data audit: same_dir=False | path_overlap(vis/ir/ais)=0/0/0 | content_overlap(vis/ir/ais)=0/0/0 | ais_index_overlap=0 | stem_mismatch(vis-ir/vis-ais)=630/0
2026-08-21 04:23:35 | source_train classes: present 14/14 | absent 0 | counts [0:120, 1:44, 2:69, 3:45, 4:40, 5:30, 6:64, 7:80, 8:116, 9:68, 10:57, 11:83, 12:48, 13:128]
2026-08-21 04:23:35 | target_train classes: present 9/14 | absent 5 | counts [0:35, 1:18, 2:119, 6:110, 8:25, 9:50, 10:48, 12:9, 13:93]
2026-08-21 04:23:35 | target_val classes: present 9/14 | absent 5 | counts [0:9, 1:5, 2:30, 6:28, 8:7, 9:13, 10:13, 12:3, 13:24]
2026-08-21 04:23:35 | Paired training classes: 9/14 | class ids [0, 1, 2, 6, 8, 9, 10, 12, 13]
2026-08-21 04:23:35 | VIS/IR pairing: class-level-unpaired | count-mismatch classes train/val: 10/2 | AIS alignment: none | AIS rows train/val: 0/0
2026-08-21 04:23:36 | Model parameters: total=17277714 | trainable=17120210
Starting run 9/12: domain=雾天, iteration=3, seed=50
2026-08-21 04:24:56 | Epoch 001/100 | loss 9.3395 | cls 4.8291 | tal -0.0858 | dual_g 4.5362 | dual_d 0.0000 | train_acc 0.1250 | train_full 0.1282 | val_acc 0.1061 | val_f1 0.0651 | grad(main/disc) 27.209/0.000 | lr(main/disc) 7.00e-05/3.50e-05 | 80.0s
2026-08-21 04:24:56 | New best val_f1_macro_present: 0.0651 at epoch 1
2026-08-21 04:26:17 | Epoch 002/100 | loss 7.6398 | cls 3.8897 | tal -0.0557 | dual_g 3.7669 | dual_d 0.0000 | train_acc 0.2363 | train_full 0.3728 | val_acc 0.3182 | val_f1 0.2963 | grad(main/disc) 21.413/0.000 | lr(main/disc) 7.00e-05/3.50e-05 | 80.3s
2026-08-21 04:26:17 | New best val_f1_macro_present: 0.2963 at epoch 2
2026-08-21 04:27:37 | Epoch 003/100 | loss 6.7594 | cls 3.4515 | tal -0.1946 | dual_g 3.3663 | dual_d 0.0000 | train_acc 0.2715 | train_full 0.4103 | val_acc 0.3182 | val_f1 0.2842 | grad(main/disc) 19.830/0.000 | lr(main/disc) 7.00e-05/3.50e-05 | 80.0s
2026-08-21 04:28:57 | Epoch 004/100 | loss 6.1005 | cls 3.1052 | tal -0.2472 | dual_g 3.0695 | dual_d 0.0000 | train_acc 0.3672 | train_full 0.5424 | val_acc 0.4773 | val_f1 0.4283 | grad(main/disc) 19.028/0.000 | lr(main/disc) 7.00e-05/3.50e-05 | 80.6s
2026-08-21 04:28:58 | New best val_f1_macro_present: 0.4283 at epoch 4
2026-08-21 04:30:20 | Epoch 005/100 | loss 5.6042 | cls 2.8356 | tal -0.2767 | dual_g 2.8516 | dual_d 0.0000 | train_acc 0.4434 | train_full 0.5917 | val_acc 0.5076 | val_f1 0.5164 | grad(main/disc) 19.731/0.000 | lr(main/disc) 7.00e-05/3.50e-05 | 81.7s
2026-08-21 04:30:20 | New best val_f1_macro_present: 0.5164 at epoch 5
2026-08-21 04:31:40 | Epoch 006/100 | loss 5.2543 | cls 2.6148 | tal -0.1774 | dual_g 2.6927 | dual_d 0.8023 | train_acc 0.4922 | train_full 0.7988 | val_acc 0.7424 | val_f1 0.7609 | grad(main/disc) 20.006/1.827 | lr(main/disc) 7.00e-05/3.50e-05 | 80.5s
2026-08-21 04:31:41 | New best val_f1_macro_present: 0.7609 at epoch 6
2026-08-21 04:33:02 | Epoch 007/100 | loss 4.9628 | cls 2.4317 | tal -0.1289 | dual_g 2.5697 | dual_d 0.7292 | train_acc 0.5332 | train_full 0.7633 | val_acc 0.6970 | val_f1 0.7288 | grad(main/disc) 20.245/1.635 | lr(main/disc) 7.00e-05/3.50e-05 | 81.2s
2026-08-21 04:34:24 | Epoch 008/100 | loss 4.5072 | cls 2.2341 | tal -0.1643 | dual_g 2.3224 | dual_d 0.7021 | train_acc 0.6387 | train_full 0.7613 | val_acc 0.7652 | val_f1 0.7809 | grad(main/disc) 18.917/1.571 | lr(main/disc) 7.00e-05/3.50e-05 | 81.8s
2026-08-21 04:34:24 | New best val_f1_macro_present: 0.7809 at epoch 8
2026-08-21 04:35:43 | Epoch 009/100 | loss 4.4216 | cls 2.1783 | tal -0.1718 | dual_g 2.2948 | dual_d 0.6780 | train_acc 0.6582 | train_full 0.8659 | val_acc 0.7955 | val_f1 0.8162 | grad(main/disc) 20.381/1.537 | lr(main/disc) 7.00e-05/3.50e-05 | 79.4s
2026-08-21 04:35:44 | New best val_f1_macro_present: 0.8162 at epoch 9
2026-08-21 04:37:02 | Epoch 010/100 | loss 4.1789 | cls 2.0476 | tal -0.1344 | dual_g 2.1716 | dual_d 0.6791 | train_acc 0.7168 | train_full 0.8560 | val_acc 0.7652 | val_f1 0.7239 | grad(main/disc) 18.620/1.470 | lr(main/disc) 7.00e-05/3.50e-05 | 78.1s
2026-08-21 04:38:22 | Epoch 011/100 | loss 4.0082 | cls 1.9633 | tal -0.1378 | dual_g 2.0863 | dual_d 0.6804 | train_acc 0.7734 | train_full 0.9250 | val_acc 0.8333 | val_f1 0.8577 | grad(main/disc) 18.082/1.456 | lr(main/disc) 7.00e-05/3.50e-05 | 80.6s
2026-08-21 04:38:23 | New best val_f1_macro_present: 0.8577 at epoch 11
2026-08-21 04:39:43 | Epoch 012/100 | loss 3.7262 | cls 1.7918 | tal -0.1628 | dual_g 1.9832 | dual_d 0.6542 | train_acc 0.7891 | train_full 0.8974 | val_acc 0.8258 | val_f1 0.8243 | grad(main/disc) 17.083/1.444 | lr(main/disc) 7.00e-05/3.50e-05 | 80.5s
2026-08-21 04:41:01 | Epoch 013/100 | loss 3.7276 | cls 1.7692 | tal -0.0946 | dual_g 1.9868 | dual_d 0.6607 | train_acc 0.8242 | train_full 0.9172 | val_acc 0.8030 | val_f1 0.7510 | grad(main/disc) 16.840/1.404 | lr(main/disc) 7.00e-05/3.50e-05 | 77.8s
2026-08-21 04:42:21 | Epoch 014/100 | loss 3.5801 | cls 1.7169 | tal -0.1125 | dual_g 1.8970 | dual_d 0.6582 | train_acc 0.8516 | train_full 0.9310 | val_acc 0.8939 | val_f1 0.8900 | grad(main/disc) 15.888/1.369 | lr(main/disc) 7.00e-05/3.50e-05 | 80.0s
2026-08-21 04:42:21 | New best val_f1_macro_present: 0.8900 at epoch 14
2026-08-21 04:43:40 | Epoch 015/100 | loss 3.4085 | cls 1.6571 | tal -0.2719 | dual_g 1.8330 | dual_d 0.6637 | train_acc 0.8809 | train_full 0.9507 | val_acc 0.8939 | val_f1 0.8789 | grad(main/disc) 14.906/1.355 | lr(main/disc) 7.00e-05/3.50e-05 | 78.8s
2026-08-21 04:44:59 | Epoch 016/100 | loss 3.3755 | cls 1.6287 | tal -0.1717 | dual_g 1.7984 | dual_d 0.6797 | train_acc 0.8926 | train_full 0.9329 | val_acc 0.8939 | val_f1 0.8836 | grad(main/disc) 14.743/1.380 | lr(main/disc) 7.00e-05/3.50e-05 | 79.2s
2026-08-21 04:46:21 | Epoch 017/100 | loss 3.1955 | cls 1.5433 | tal -0.2255 | dual_g 1.7199 | dual_d 0.6469 | train_acc 0.9199 | train_full 0.9783 | val_acc 0.9167 | val_f1 0.9101 | grad(main/disc) 12.352/1.281 | lr(main/disc) 7.00e-05/3.50e-05 | 81.6s
2026-08-21 04:46:21 | New best val_f1_macro_present: 0.9101 at epoch 17
2026-08-21 04:47:45 | Epoch 018/100 | loss 3.1698 | cls 1.5211 | tal -0.1518 | dual_g 1.6942 | dual_d 0.7045 | train_acc 0.9199 | train_full 0.9803 | val_acc 0.9242 | val_f1 0.9293 | grad(main/disc) 13.295/1.337 | lr(main/disc) 7.00e-05/3.50e-05 | 83.4s
2026-08-21 04:47:45 | New best val_f1_macro_present: 0.9293 at epoch 18
2026-08-21 04:49:06 | Epoch 019/100 | loss 3.1047 | cls 1.4870 | tal -0.1623 | dual_g 1.6664 | dual_d 0.7110 | train_acc 0.9258 | train_full 0.9783 | val_acc 0.9318 | val_f1 0.9271 | grad(main/disc) 11.369/1.357 | lr(main/disc) 7.00e-05/3.50e-05 | 81.4s
2026-08-21 04:50:26 | Epoch 020/100 | loss 3.0937 | cls 1.4813 | tal -0.1533 | dual_g 1.6584 | dual_d 0.7518 | train_acc 0.9219 | train_full 0.9822 | val_acc 0.9545 | val_f1 0.9613 | grad(main/disc) 12.407/1.403 | lr(main/disc) 7.00e-05/3.50e-05 | 79.1s
2026-08-21 04:50:26 | New best val_f1_macro_present: 0.9613 at epoch 20
2026-08-21 04:51:46 | Epoch 021/100 | loss 2.9717 | cls 1.4236 | tal -0.1395 | dual_g 1.5900 | dual_d 0.7654 | train_acc 0.9492 | train_full 0.9803 | val_acc 0.9545 | val_f1 0.9450 | grad(main/disc) 10.875/1.335 | lr(main/disc) 7.00e-05/3.50e-05 | 80.3s
2026-08-21 04:53:07 | Epoch 022/100 | loss 2.9270 | cls 1.4086 | tal -0.1292 | dual_g 1.5572 | dual_d 0.8035 | train_acc 0.9473 | train_full 0.9882 | val_acc 0.9545 | val_f1 0.9585 | grad(main/disc) 9.635/1.379 | lr(main/disc) 7.00e-05/3.50e-05 | 80.4s
2026-08-21 04:54:25 | Epoch 023/100 | loss 2.9441 | cls 1.4178 | tal -0.1326 | dual_g 1.5661 | dual_d 0.8632 | train_acc 0.9473 | train_full 0.9822 | val_acc 0.9470 | val_f1 0.9548 | grad(main/disc) 10.811/1.404 | lr(main/disc) 7.00e-05/3.50e-05 | 78.1s
2026-08-21 04:55:46 | Epoch 024/100 | loss 2.8537 | cls 1.3735 | tal -0.1473 | dual_g 1.5244 | dual_d 0.8469 | train_acc 0.9727 | train_full 0.9842 | val_acc 0.9394 | val_f1 0.9415 | grad(main/disc) 8.808/1.371 | lr(main/disc) 7.00e-05/3.50e-05 | 81.7s
2026-08-21 04:57:04 | Epoch 025/100 | loss 2.8190 | cls 1.3467 | tal -0.1165 | dual_g 1.5073 | dual_d 0.9280 | train_acc 0.9707 | train_full 0.9921 | val_acc 0.9394 | val_f1 0.9432 | grad(main/disc) 8.116/1.471 | lr(main/disc) 7.00e-05/3.50e-05 | 77.3s
2026-08-21 04:58:24 | Epoch 026/100 | loss 2.7759 | cls 1.3502 | tal -0.1335 | dual_g 1.4657 | dual_d 0.9370 | train_acc 0.9727 | train_full 0.9961 | val_acc 0.9394 | val_f1 0.9426 | grad(main/disc) 8.008/1.419 | lr(main/disc) 7.00e-05/3.50e-05 | 80.6s
2026-08-21 04:59:42 | Epoch 027/100 | loss 2.7979 | cls 1.3311 | tal -0.0537 | dual_g 1.4829 | dual_d 0.9744 | train_acc 0.9688 | train_full 0.9980 | val_acc 0.9318 | val_f1 0.9304 | grad(main/disc) 7.919/1.447 | lr(main/disc) 3.50e-05/1.75e-05 | 77.7s
2026-08-21 05:01:06 | Epoch 028/100 | loss 2.8087 | cls 1.3402 | tal -0.0001 | dual_g 1.4686 | dual_d 0.9309 | train_acc 0.9824 | train_full 0.9961 | val_acc 0.9545 | val_f1 0.9512 | grad(main/disc) 8.305/1.442 | lr(main/disc) 3.50e-05/1.75e-05 | 84.0s
2026-08-21 05:02:27 | Epoch 029/100 | loss 2.7109 | cls 1.3079 | tal -0.0776 | dual_g 1.4262 | dual_d 0.9681 | train_acc 0.9941 | train_full 0.9980 | val_acc 0.9621 | val_f1 0.9667 | grad(main/disc) 6.045/1.404 | lr(main/disc) 3.50e-05/1.75e-05 | 81.1s
2026-08-21 05:02:28 | New best val_f1_macro_present: 0.9667 at epoch 29
2026-08-21 05:03:50 | Epoch 030/100 | loss 2.7059 | cls 1.3041 | tal -0.0782 | dual_g 1.4252 | dual_d 1.0082 | train_acc 0.9844 | train_full 0.9980 | val_acc 0.9545 | val_f1 0.9588 | grad(main/disc) 6.534/1.491 | lr(main/disc) 3.50e-05/1.75e-05 | 82.2s
2026-08-21 05:05:10 | Epoch 031/100 | loss 2.7072 | cls 1.3300 | tal -0.1114 | dual_g 1.4107 | dual_d 0.9975 | train_acc 0.9727 | train_full 0.9961 | val_acc 0.9470 | val_f1 0.9467 | grad(main/disc) 6.839/1.452 | lr(main/disc) 3.50e-05/1.75e-05 | 80.0s
2026-08-21 05:06:32 | Epoch 032/100 | loss 2.6756 | cls 1.2986 | tal -0.1309 | dual_g 1.4163 | dual_d 1.0230 | train_acc 0.9785 | train_full 1.0000 | val_acc 0.9773 | val_f1 0.9745 | grad(main/disc) 6.701/1.452 | lr(main/disc) 3.50e-05/1.75e-05 | 81.7s
2026-08-21 05:06:32 | New best val_f1_macro_present: 0.9745 at epoch 32
2026-08-21 05:07:53 | Epoch 033/100 | loss 2.6922 | cls 1.3134 | tal -0.1199 | dual_g 1.4147 | dual_d 0.9871 | train_acc 0.9785 | train_full 0.9980 | val_acc 0.9621 | val_f1 0.9648 | grad(main/disc) 6.940/1.441 | lr(main/disc) 3.50e-05/1.75e-05 | 81.2s
2026-08-21 05:09:15 | Epoch 034/100 | loss 2.6802 | cls 1.2921 | tal -0.0396 | dual_g 1.4000 | dual_d 1.0179 | train_acc 0.9844 | train_full 0.9980 | val_acc 0.9545 | val_f1 0.9544 | grad(main/disc) 6.025/1.426 | lr(main/disc) 3.50e-05/1.75e-05 | 81.7s
2026-08-21 05:10:36 | Epoch 035/100 | loss 2.6787 | cls 1.2985 | tal -0.0733 | dual_g 1.4023 | dual_d 1.0360 | train_acc 0.9902 | train_full 1.0000 | val_acc 0.9621 | val_f1 0.9623 | grad(main/disc) 7.117/1.447 | lr(main/disc) 3.50e-05/1.75e-05 | 81.3s
2026-08-21 05:11:57 | Epoch 036/100 | loss 2.6387 | cls 1.2904 | tal -0.1124 | dual_g 1.3821 | dual_d 1.0419 | train_acc 0.9941 | train_full 1.0000 | val_acc 0.9697 | val_f1 0.9686 | grad(main/disc) 6.225/1.429 | lr(main/disc) 3.50e-05/1.75e-05 | 81.5s
2026-08-21 05:13:20 | Epoch 037/100 | loss 2.6061 | cls 1.2764 | tal -0.1072 | dual_g 1.3618 | dual_d 1.0221 | train_acc 0.9902 | train_full 0.9980 | val_acc 0.9621 | val_f1 0.9673 | grad(main/disc) 5.129/1.400 | lr(main/disc) 3.50e-05/1.75e-05 | 82.3s
2026-08-21 05:14:38 | Epoch 038/100 | loss 2.5767 | cls 1.2654 | tal -0.1396 | dual_g 1.3532 | dual_d 1.0310 | train_acc 0.9902 | train_full 0.9980 | val_acc 0.9545 | val_f1 0.9522 | grad(main/disc) 5.062/1.379 | lr(main/disc) 3.50e-05/1.75e-05 | 78.2s
2026-08-21 05:15:57 | Epoch 039/100 | loss 2.6400 | cls 1.2927 | tal -0.0828 | dual_g 1.3721 | dual_d 0.9965 | train_acc 0.9746 | train_full 1.0000 | val_acc 0.9470 | val_f1 0.9500 | grad(main/disc) 6.077/1.377 | lr(main/disc) 1.75e-05/8.75e-06 | 79.0s
2026-08-21 05:17:20 | Epoch 040/100 | loss 2.6427 | cls 1.2964 | tal -0.0844 | dual_g 1.3716 | dual_d 1.0489 | train_acc 0.9805 | train_full 1.0000 | val_acc 0.9697 | val_f1 0.9728 | grad(main/disc) 6.541/1.396 | lr(main/disc) 1.75e-05/8.75e-06 | 82.7s
2026-08-21 05:18:41 | Epoch 041/100 | loss 2.5637 | cls 1.2577 | tal -0.1294 | dual_g 1.3448 | dual_d 1.0284 | train_acc 0.9922 | train_full 1.0000 | val_acc 0.9545 | val_f1 0.9522 | grad(main/disc) 4.547/1.389 | lr(main/disc) 1.75e-05/8.75e-06 | 81.7s
2026-08-21 05:18:41 | Early stopping at epoch 41 after 9 epochs without val_f1_macro_present improvement.
2026-08-21 05:18:41 | Training complete. Best validation accuracy: 0.9773 | best val_f1_macro_present: 0.9745
2026-08-21 05:18:41 | Starting Dual_D standalone training
2026-08-21 05:18:41 | Run directory: runs/module_c_ablation/module_c_full_雨天_iter01_20260820_204237
2026-08-21 05:18:41 | Device: cuda
2026-08-21 05:18:41 | Source train samples: 992
2026-08-21 05:18:41 | Target train samples: 96
2026-08-21 05:18:41 | Target val samples: 26
2026-08-21 05:18:41 | Classes: 14
2026-08-21 05:18:41 | Data audit: same_dir=False | path_overlap(vis/ir/ais)=0/0/0 | content_overlap(vis/ir/ais)=0/0/0 | ais_index_overlap=0 | stem_mismatch(vis-ir/vis-ais)=117/0
2026-08-21 05:18:41 | source_train classes: present 14/14 | absent 0 | counts [0:120, 1:44, 2:69, 3:45, 4:40, 5:30, 6:64, 7:80, 8:116, 9:68, 10:57, 11:83, 12:48, 13:128]
2026-08-21 05:18:41 | target_train classes: present 6/14 | absent 8 | counts [0:7, 2:19, 9:32, 10:12, 11:6, 13:20]
2026-08-21 05:18:41 | target_val classes: present 6/14 | absent 8 | counts [0:2, 2:5, 9:8, 10:4, 11:2, 13:5]
2026-08-21 05:18:41 | Paired training classes: 6/14 | class ids [0, 2, 9, 10, 11, 13]
2026-08-21 05:18:41 | VIS/IR pairing: class-level-unpaired | count-mismatch classes train/val: 10/0 | AIS alignment: none | AIS rows train/val: 0/0
2026-08-21 05:18:42 | Model parameters: total=17277714 | trainable=17120210
Starting run 10/12: domain=雨天, iteration=1, seed=51
2026-08-21 05:19:02 | Epoch 001/100 | loss 10.3079 | cls 5.2862 | tal 0.0660 | dual_g 5.0020 | dual_d 0.0000 | train_acc 0.0938 | train_full 0.1250 | val_acc 0.1538 | val_f1 0.1778 | grad(main/disc) 33.284/0.000 | lr(main/disc) 7.00e-05/3.50e-05 | 20.6s
2026-08-21 05:19:03 | New best val_f1_macro_present: 0.1778 at epoch 1
2026-08-21 05:19:24 | Epoch 002/100 | loss 8.8691 | cls 4.5976 | tal 0.0946 | dual_g 4.2431 | dual_d 0.0000 | train_acc 0.1875 | train_full 0.2500 | val_acc 0.1923 | val_f1 0.1545 | grad(main/disc) 28.588/0.000 | lr(main/disc) 7.00e-05/3.50e-05 | 21.3s
2026-08-21 05:19:45 | Epoch 003/100 | loss 7.5363 | cls 3.9333 | tal -0.0267 | dual_g 3.6110 | dual_d 0.0000 | train_acc 0.2500 | train_full 0.3021 | val_acc 0.3077 | val_f1 0.2116 | grad(main/disc) 23.680/0.000 | lr(main/disc) 7.00e-05/3.50e-05 | 20.9s
2026-08-21 05:19:45 | New best val_f1_macro_present: 0.2116 at epoch 3
2026-08-21 05:20:05 | Epoch 004/100 | loss 6.6955 | cls 3.4222 | tal -0.0268 | dual_g 3.2813 | dual_d 0.0000 | train_acc 0.3516 | train_full 0.2500 | val_acc 0.2308 | val_f1 0.1905 | grad(main/disc) 21.200/0.000 | lr(main/disc) 7.00e-05/3.50e-05 | 19.6s
2026-08-21 05:20:25 | Epoch 005/100 | loss 6.2720 | cls 3.1795 | tal -0.0991 | dual_g 3.1223 | dual_d 0.0000 | train_acc 0.3594 | train_full 0.1979 | val_acc 0.1538 | val_f1 0.0533 | grad(main/disc) 20.194/0.000 | lr(main/disc) 7.00e-05/3.50e-05 | 20.6s
2026-08-21 05:20:47 | Epoch 006/100 | loss 5.7119 | cls 2.8813 | tal -0.1150 | dual_g 2.8651 | dual_d 0.8680 | train_acc 0.4219 | train_full 0.2292 | val_acc 0.1923 | val_f1 0.0641 | grad(main/disc) 18.397/2.032 | lr(main/disc) 7.00e-05/3.50e-05 | 21.7s
2026-08-21 05:21:09 | Epoch 007/100 | loss 5.5072 | cls 2.7739 | tal -0.1338 | dual_g 2.7734 | dual_d 0.8471 | train_acc 0.5469 | train_full 0.2604 | val_acc 0.1923 | val_f1 0.0617 | grad(main/disc) 18.236/2.110 | lr(main/disc) 7.00e-05/3.50e-05 | 21.9s
2026-08-21 05:21:30 | Epoch 008/100 | loss 5.3075 | cls 2.6075 | tal -0.1454 | dual_g 2.7437 | dual_d 0.8022 | train_acc 0.6094 | train_full 0.2604 | val_acc 0.3462 | val_f1 0.2298 | grad(main/disc) 17.854/1.894 | lr(main/disc) 7.00e-05/3.50e-05 | 21.3s
2026-08-21 05:21:30 | New best val_f1_macro_present: 0.2298 at epoch 8
2026-08-21 05:21:50 | Epoch 009/100 | loss 5.1807 | cls 2.6144 | tal -0.1144 | dual_g 2.6006 | dual_d 0.8346 | train_acc 0.6016 | train_full 0.2604 | val_acc 0.3462 | val_f1 0.2457 | grad(main/disc) 17.604/1.959 | lr(main/disc) 7.00e-05/3.50e-05 | 19.3s
2026-08-21 05:21:50 | New best val_f1_macro_present: 0.2457 at epoch 9
2026-08-21 05:22:10 | Epoch 010/100 | loss 4.8453 | cls 2.3118 | tal -0.0391 | dual_g 2.5453 | dual_d 0.8247 | train_acc 0.6797 | train_full 0.2396 | val_acc 0.2692 | val_f1 0.1900 | grad(main/disc) 17.669/1.845 | lr(main/disc) 7.00e-05/3.50e-05 | 20.6s
2026-08-21 05:22:32 | Epoch 011/100 | loss 4.6594 | cls 2.2570 | tal -0.0193 | dual_g 2.4082 | dual_d 0.8013 | train_acc 0.7031 | train_full 0.2604 | val_acc 0.3077 | val_f1 0.2395 | grad(main/disc) 17.452/1.895 | lr(main/disc) 7.00e-05/3.50e-05 | 21.4s
2026-08-21 05:22:54 | Epoch 012/100 | loss 4.6281 | cls 2.2985 | tal -0.0059 | dual_g 2.3314 | dual_d 0.8600 | train_acc 0.7422 | train_full 0.3125 | val_acc 0.2692 | val_f1 0.1998 | grad(main/disc) 19.101/1.918 | lr(main/disc) 7.00e-05/3.50e-05 | 21.7s
2026-08-21 05:23:16 | Epoch 013/100 | loss 4.3200 | cls 2.1137 | tal -0.0900 | dual_g 2.2334 | dual_d 0.8461 | train_acc 0.7422 | train_full 0.4792 | val_acc 0.3846 | val_f1 0.3863 | grad(main/disc) 17.316/1.900 | lr(main/disc) 7.00e-05/3.50e-05 | 22.1s
2026-08-21 05:23:16 | New best val_f1_macro_present: 0.3863 at epoch 13
2026-08-21 05:23:35 | Epoch 014/100 | loss 4.3925 | cls 2.1738 | tal -0.0316 | dual_g 2.2281 | dual_d 0.8057 | train_acc 0.7812 | train_full 0.3750 | val_acc 0.3462 | val_f1 0.3624 | grad(main/disc) 18.469/1.781 | lr(main/disc) 7.00e-05/3.50e-05 | 19.1s
2026-08-21 05:23:57 | Epoch 015/100 | loss 3.9946 | cls 1.8901 | tal -0.0348 | dual_g 2.1149 | dual_d 0.8109 | train_acc 0.8281 | train_full 0.6458 | val_acc 0.5385 | val_f1 0.5198 | grad(main/disc) 15.860/1.799 | lr(main/disc) 7.00e-05/3.50e-05 | 22.5s
2026-08-21 05:23:58 | New best val_f1_macro_present: 0.5198 at epoch 15
2026-08-21 05:24:20 | Epoch 016/100 | loss 4.0859 | cls 1.9984 | tal -0.0519 | dual_g 2.1031 | dual_d 0.7394 | train_acc 0.7500 | train_full 0.6667 | val_acc 0.5385 | val_f1 0.5243 | grad(main/disc) 17.748/1.711 | lr(main/disc) 7.00e-05/3.50e-05 | 22.4s
2026-08-21 05:24:20 | New best val_f1_macro_present: 0.5243 at epoch 16
2026-08-21 05:24:40 | Epoch 017/100 | loss 3.9063 | cls 1.8842 | tal -0.1030 | dual_g 2.0530 | dual_d 0.7589 | train_acc 0.8516 | train_full 0.5312 | val_acc 0.4615 | val_f1 0.4873 | grad(main/disc) 16.475/1.705 | lr(main/disc) 7.00e-05/3.50e-05 | 20.0s
2026-08-21 05:25:02 | Epoch 018/100 | loss 3.6359 | cls 1.7280 | tal -0.0835 | dual_g 1.9329 | dual_d 0.7396 | train_acc 0.8672 | train_full 0.5208 | val_acc 0.4615 | val_f1 0.4693 | grad(main/disc) 12.857/1.702 | lr(main/disc) 7.00e-05/3.50e-05 | 21.7s
2026-08-21 05:25:24 | Epoch 019/100 | loss 3.5969 | cls 1.7096 | tal -0.0316 | dual_g 1.8967 | dual_d 0.7431 | train_acc 0.8672 | train_full 0.6042 | val_acc 0.4615 | val_f1 0.4687 | grad(main/disc) 13.292/1.758 | lr(main/disc) 7.00e-05/3.50e-05 | 22.0s
2026-08-21 05:25:45 | Epoch 020/100 | loss 3.5562 | cls 1.7003 | tal -0.0561 | dual_g 1.8726 | dual_d 0.7755 | train_acc 0.9219 | train_full 0.7083 | val_acc 0.6538 | val_f1 0.6905 | grad(main/disc) 13.569/1.800 | lr(main/disc) 7.00e-05/3.50e-05 | 20.5s
2026-08-21 05:25:45 | New best val_f1_macro_present: 0.6905 at epoch 20
2026-08-21 05:26:06 | Epoch 021/100 | loss 3.4502 | cls 1.6347 | tal -0.0587 | dual_g 1.8331 | dual_d 0.7032 | train_acc 0.9219 | train_full 0.6146 | val_acc 0.6154 | val_f1 0.6230 | grad(main/disc) 14.737/1.632 | lr(main/disc) 7.00e-05/3.50e-05 | 20.9s
2026-08-21 05:26:26 | Epoch 022/100 | loss 3.5702 | cls 1.6757 | tal 0.0169 | dual_g 1.8895 | dual_d 0.7059 | train_acc 0.9375 | train_full 0.6667 | val_acc 0.5385 | val_f1 0.5611 | grad(main/disc) 16.232/1.544 | lr(main/disc) 7.00e-05/3.50e-05 | 20.0s
2026-08-21 05:26:47 | Epoch 023/100 | loss 3.5455 | cls 1.6527 | tal 0.0381 | dual_g 1.8813 | dual_d 0.7288 | train_acc 0.9062 | train_full 0.6250 | val_acc 0.5385 | val_f1 0.5474 | grad(main/disc) 18.340/1.599 | lr(main/disc) 7.00e-05/3.50e-05 | 21.6s
2026-08-21 05:27:08 | Epoch 024/100 | loss 3.4312 | cls 1.5920 | tal 0.0308 | dual_g 1.8300 | dual_d 0.6932 | train_acc 0.9531 | train_full 0.6979 | val_acc 0.5769 | val_f1 0.5704 | grad(main/disc) 12.701/1.584 | lr(main/disc) 7.00e-05/3.50e-05 | 20.8s
2026-08-21 05:27:27 | Epoch 025/100 | loss 3.4057 | cls 1.5993 | tal -0.0090 | dual_g 1.8091 | dual_d 0.7401 | train_acc 0.9453 | train_full 0.7708 | val_acc 0.6923 | val_f1 0.7097 | grad(main/disc) 13.802/1.598 | lr(main/disc) 7.00e-05/3.50e-05 | 19.0s
2026-08-21 05:27:27 | New best val_f1_macro_present: 0.7097 at epoch 25
2026-08-21 05:27:48 | Epoch 026/100 | loss 3.3618 | cls 1.6205 | tal -0.0364 | dual_g 1.7523 | dual_d 0.7654 | train_acc 0.9219 | train_full 0.7604 | val_acc 0.7308 | val_f1 0.7552 | grad(main/disc) 12.964/1.525 | lr(main/disc) 7.00e-05/3.50e-05 | 20.3s
2026-08-21 05:27:48 | New best val_f1_macro_present: 0.7552 at epoch 26
2026-08-21 05:28:07 | Epoch 027/100 | loss 3.2655 | cls 1.5473 | tal -0.0778 | dual_g 1.7416 | dual_d 0.7471 | train_acc 0.9453 | train_full 0.8750 | val_acc 0.7692 | val_f1 0.7858 | grad(main/disc) 14.292/1.646 | lr(main/disc) 7.00e-05/3.50e-05 | 19.4s
2026-08-21 05:28:07 | New best val_f1_macro_present: 0.7858 at epoch 27
2026-08-21 05:28:27 | Epoch 028/100 | loss 3.1522 | cls 1.4571 | tal -0.0446 | dual_g 1.7084 | dual_d 0.8332 | train_acc 0.9531 | train_full 0.8438 | val_acc 0.7308 | val_f1 0.7184 | grad(main/disc) 11.388/1.690 | lr(main/disc) 7.00e-05/3.50e-05 | 19.2s
2026-08-21 05:28:47 | Epoch 029/100 | loss 3.3763 | cls 1.6065 | tal 0.0143 | dual_g 1.7656 | dual_d 0.7770 | train_acc 0.9453 | train_full 0.7708 | val_acc 0.6538 | val_f1 0.6431 | grad(main/disc) 15.907/1.648 | lr(main/disc) 7.00e-05/3.50e-05 | 19.9s
2026-08-21 05:29:09 | Epoch 030/100 | loss 3.0743 | cls 1.3985 | tal 0.0013 | dual_g 1.6754 | dual_d 0.7920 | train_acc 0.9688 | train_full 0.7812 | val_acc 0.6154 | val_f1 0.6184 | grad(main/disc) 9.130/1.523 | lr(main/disc) 7.00e-05/3.50e-05 | 22.0s
2026-08-21 05:29:29 | Epoch 031/100 | loss 3.0986 | cls 1.4677 | tal -0.0622 | dual_g 1.6496 | dual_d 0.7224 | train_acc 0.9688 | train_full 0.8125 | val_acc 0.7308 | val_f1 0.7618 | grad(main/disc) 10.640/1.603 | lr(main/disc) 7.00e-05/3.50e-05 | 20.8s
2026-08-21 05:29:49 | Epoch 032/100 | loss 3.0865 | cls 1.4925 | tal -0.1038 | dual_g 1.6251 | dual_d 0.7333 | train_acc 0.9531 | train_full 0.8542 | val_acc 0.7692 | val_f1 0.7946 | grad(main/disc) 11.774/1.574 | lr(main/disc) 7.00e-05/3.50e-05 | 19.3s
2026-08-21 05:29:49 | New best val_f1_macro_present: 0.7946 at epoch 32
2026-08-21 05:30:10 | Epoch 033/100 | loss 3.1144 | cls 1.4621 | tal -0.0682 | dual_g 1.6727 | dual_d 0.8184 | train_acc 0.9297 | train_full 0.8750 | val_acc 0.7308 | val_f1 0.7434 | grad(main/disc) 10.793/1.618 | lr(main/disc) 7.00e-05/3.50e-05 | 20.9s
2026-08-21 05:30:31 | Epoch 034/100 | loss 2.9963 | cls 1.3982 | tal -0.0371 | dual_g 1.6093 | dual_d 0.7822 | train_acc 0.9844 | train_full 0.8438 | val_acc 0.7692 | val_f1 0.7520 | grad(main/disc) 9.478/1.664 | lr(main/disc) 7.00e-05/3.50e-05 | 21.6s
2026-08-21 05:30:53 | Epoch 035/100 | loss 2.8934 | cls 1.3406 | tal -0.1336 | dual_g 1.5930 | dual_d 0.7701 | train_acc 1.0000 | train_full 0.7708 | val_acc 0.7692 | val_f1 0.7593 | grad(main/disc) 9.282/1.614 | lr(main/disc) 7.00e-05/3.50e-05 | 22.1s
2026-08-21 05:31:15 | Epoch 036/100 | loss 2.9595 | cls 1.4131 | tal -0.0946 | dual_g 1.5748 | dual_d 0.7411 | train_acc 0.9844 | train_full 0.8438 | val_acc 0.8077 | val_f1 0.7834 | grad(main/disc) 10.203/1.562 | lr(main/disc) 7.00e-05/3.50e-05 | 21.5s
2026-08-21 05:31:36 | Epoch 037/100 | loss 2.9957 | cls 1.4407 | tal -0.0702 | dual_g 1.5761 | dual_d 0.7849 | train_acc 0.9844 | train_full 0.8542 | val_acc 0.7308 | val_f1 0.7072 | grad(main/disc) 9.028/1.560 | lr(main/disc) 7.00e-05/3.50e-05 | 20.7s
2026-08-21 05:31:57 | Epoch 038/100 | loss 3.0638 | cls 1.4670 | tal -0.1192 | dual_g 1.6325 | dual_d 0.7947 | train_acc 0.9531 | train_full 0.8958 | val_acc 0.8077 | val_f1 0.8107 | grad(main/disc) 11.583/1.630 | lr(main/disc) 7.00e-05/3.50e-05 | 21.6s
2026-08-21 05:31:57 | New best val_f1_macro_present: 0.8107 at epoch 38
2026-08-21 05:32:18 | Epoch 039/100 | loss 2.9744 | cls 1.4359 | tal -0.1111 | dual_g 1.5718 | dual_d 0.7694 | train_acc 0.9844 | train_full 0.8750 | val_acc 0.8846 | val_f1 0.8870 | grad(main/disc) 12.594/1.625 | lr(main/disc) 7.00e-05/3.50e-05 | 20.9s
2026-08-21 05:32:19 | New best val_f1_macro_present: 0.8870 at epoch 39
2026-08-21 05:32:41 | Epoch 040/100 | loss 2.8574 | cls 1.3683 | tal -0.1589 | dual_g 1.5368 | dual_d 0.8405 | train_acc 0.9844 | train_full 0.8646 | val_acc 0.8846 | val_f1 0.8870 | grad(main/disc) 7.883/1.669 | lr(main/disc) 7.00e-05/3.50e-05 | 21.9s
2026-08-21 05:33:02 | Epoch 041/100 | loss 2.8504 | cls 1.3513 | tal -0.1133 | dual_g 1.5331 | dual_d 0.9014 | train_acc 0.9766 | train_full 0.9479 | val_acc 0.9615 | val_f1 0.9663 | grad(main/disc) 8.117/1.728 | lr(main/disc) 7.00e-05/3.50e-05 | 21.5s
2026-08-21 05:33:02 | New best val_f1_macro_present: 0.9663 at epoch 41
2026-08-21 05:33:23 | Epoch 042/100 | loss 2.9064 | cls 1.3581 | tal -0.0109 | dual_g 1.5516 | dual_d 0.8903 | train_acc 0.9844 | train_full 0.9896 | val_acc 1.0000 | val_f1 1.0000 | grad(main/disc) 9.228/1.673 | lr(main/disc) 7.00e-05/3.50e-05 | 21.0s
2026-08-21 05:33:23 | New best val_f1_macro_present: 1.0000 at epoch 42
2026-08-21 05:33:45 | Epoch 043/100 | loss 2.8893 | cls 1.3680 | tal -0.0151 | dual_g 1.5258 | dual_d 0.9480 | train_acc 0.9922 | train_full 0.9688 | val_acc 1.0000 | val_f1 1.0000 | grad(main/disc) 8.556/1.692 | lr(main/disc) 7.00e-05/3.50e-05 | 21.8s
2026-08-21 05:34:06 | Epoch 044/100 | loss 2.8283 | cls 1.3508 | tal -0.0571 | dual_g 1.4946 | dual_d 0.7810 | train_acc 1.0000 | train_full 0.9479 | val_acc 0.8846 | val_f1 0.8492 | grad(main/disc) 7.323/1.559 | lr(main/disc) 7.00e-05/3.50e-05 | 20.9s
2026-08-21 05:34:27 | Epoch 045/100 | loss 2.8850 | cls 1.3479 | tal 0.0418 | dual_g 1.5246 | dual_d 0.8613 | train_acc 1.0000 | train_full 0.9375 | val_acc 0.8077 | val_f1 0.7827 | grad(main/disc) 7.546/1.634 | lr(main/disc) 7.00e-05/3.50e-05 | 20.7s
2026-08-21 05:34:48 | Epoch 046/100 | loss 2.8443 | cls 1.3416 | tal -0.0191 | dual_g 1.5084 | dual_d 0.8702 | train_acc 0.9844 | train_full 0.9479 | val_acc 0.8846 | val_f1 0.8441 | grad(main/disc) 8.593/1.659 | lr(main/disc) 7.00e-05/3.50e-05 | 21.4s
2026-08-21 05:35:11 | Epoch 047/100 | loss 2.8966 | cls 1.4173 | tal -0.0194 | dual_g 1.4851 | dual_d 0.8542 | train_acc 0.9688 | train_full 0.9583 | val_acc 0.9615 | val_f1 0.9663 | grad(main/disc) 10.803/1.575 | lr(main/disc) 7.00e-05/3.50e-05 | 22.2s
2026-08-21 05:35:31 | Epoch 048/100 | loss 2.9015 | cls 1.3805 | tal 0.0180 | dual_g 1.5156 | dual_d 0.8660 | train_acc 0.9688 | train_full 0.9167 | val_acc 0.9615 | val_f1 0.9630 | grad(main/disc) 10.425/1.636 | lr(main/disc) 7.00e-05/3.50e-05 | 20.8s
2026-08-21 05:35:53 | Epoch 049/100 | loss 2.8068 | cls 1.3282 | tal 0.0067 | dual_g 1.4766 | dual_d 0.9150 | train_acc 1.0000 | train_full 0.9271 | val_acc 0.9231 | val_f1 0.9370 | grad(main/disc) 7.151/1.643 | lr(main/disc) 3.50e-05/1.75e-05 | 21.2s
2026-08-21 05:36:10 | Epoch 050/100 | loss 2.8508 | cls 1.3466 | tal -0.0230 | dual_g 1.5111 | dual_d 0.9258 | train_acc 0.9922 | train_full 0.9688 | val_acc 0.9231 | val_f1 0.9370 | grad(main/disc) 8.754/1.631 | lr(main/disc) 3.50e-05/1.75e-05 | 17.8s
2026-08-21 05:36:31 | Epoch 051/100 | loss 2.7555 | cls 1.3212 | tal 0.0407 | dual_g 1.4221 | dual_d 0.9649 | train_acc 0.9766 | train_full 0.9792 | val_acc 0.9615 | val_f1 0.9663 | grad(main/disc) 5.300/1.675 | lr(main/disc) 3.50e-05/1.75e-05 | 21.0s
2026-08-21 05:36:31 | Early stopping at epoch 51 after 9 epochs without val_f1_macro_present improvement.
2026-08-21 05:36:31 | Training complete. Best validation accuracy: 1.0000 | best val_f1_macro_present: 1.0000
2026-08-21 05:36:31 | Starting Dual_D standalone training
2026-08-21 05:36:31 | Run directory: runs/module_c_ablation/module_c_full_雨天_iter02_20260820_204237
2026-08-21 05:36:31 | Device: cuda
2026-08-21 05:36:31 | Source train samples: 992
2026-08-21 05:36:31 | Target train samples: 96
2026-08-21 05:36:31 | Target val samples: 26
2026-08-21 05:36:31 | Classes: 14
2026-08-21 05:36:31 | Data audit: same_dir=False | path_overlap(vis/ir/ais)=0/0/0 | content_overlap(vis/ir/ais)=0/0/0 | ais_index_overlap=0 | stem_mismatch(vis-ir/vis-ais)=117/0
2026-08-21 05:36:31 | source_train classes: present 14/14 | absent 0 | counts [0:120, 1:44, 2:69, 3:45, 4:40, 5:30, 6:64, 7:80, 8:116, 9:68, 10:57, 11:83, 12:48, 13:128]
2026-08-21 05:36:31 | target_train classes: present 6/14 | absent 8 | counts [0:7, 2:19, 9:32, 10:12, 11:6, 13:20]
2026-08-21 05:36:31 | target_val classes: present 6/14 | absent 8 | counts [0:2, 2:5, 9:8, 10:4, 11:2, 13:5]
2026-08-21 05:36:31 | Paired training classes: 6/14 | class ids [0, 2, 9, 10, 11, 13]
2026-08-21 05:36:31 | VIS/IR pairing: class-level-unpaired | count-mismatch classes train/val: 10/0 | AIS alignment: none | AIS rows train/val: 0/0
2026-08-21 05:36:32 | Model parameters: total=17277714 | trainable=17120210
Starting run 11/12: domain=雨天, iteration=2, seed=52
2026-08-21 05:36:53 | Epoch 001/100 | loss 9.7544 | cls 5.0271 | tal 0.0751 | dual_g 4.7048 | dual_d 0.0000 | train_acc 0.1484 | train_full 0.3125 | val_acc 0.2308 | val_f1 0.0800 | grad(main/disc) 33.750/0.000 | lr(main/disc) 7.00e-05/3.50e-05 | 20.7s
2026-08-21 05:36:53 | New best val_f1_macro_present: 0.0800 at epoch 1
2026-08-21 05:37:14 | Epoch 002/100 | loss 8.0161 | cls 4.1736 | tal -0.0428 | dual_g 3.8553 | dual_d 0.0000 | train_acc 0.1641 | train_full 0.2396 | val_acc 0.1538 | val_f1 0.1639 | grad(main/disc) 28.787/0.000 | lr(main/disc) 7.00e-05/3.50e-05 | 21.0s
2026-08-21 05:37:14 | New best val_f1_macro_present: 0.1639 at epoch 2
2026-08-21 05:37:36 | Epoch 003/100 | loss 7.3657 | cls 3.7695 | tal -0.0027 | dual_g 3.5970 | dual_d 0.0000 | train_acc 0.3203 | train_full 0.1979 | val_acc 0.0769 | val_f1 0.0610 | grad(main/disc) 25.482/0.000 | lr(main/disc) 7.00e-05/3.50e-05 | 21.8s
2026-08-21 05:37:57 | Epoch 004/100 | loss 6.7883 | cls 3.4755 | tal 0.0572 | dual_g 3.2957 | dual_d 0.0000 | train_acc 0.3750 | train_full 0.2812 | val_acc 0.2308 | val_f1 0.1667 | grad(main/disc) 22.852/0.000 | lr(main/disc) 7.00e-05/3.50e-05 | 20.7s
2026-08-21 05:37:57 | New best val_f1_macro_present: 0.1667 at epoch 4
2026-08-21 05:38:20 | Epoch 005/100 | loss 6.1414 | cls 3.1217 | tal 0.0487 | dual_g 3.0051 | dual_d 0.0000 | train_acc 0.4453 | train_full 0.2917 | val_acc 0.2692 | val_f1 0.2006 | grad(main/disc) 20.921/0.000 | lr(main/disc) 7.00e-05/3.50e-05 | 22.7s
2026-08-21 05:38:20 | New best val_f1_macro_present: 0.2006 at epoch 5
2026-08-21 05:38:41 | Epoch 006/100 | loss 5.8395 | cls 3.0460 | tal 0.0304 | dual_g 2.7844 | dual_d 1.0141 | train_acc 0.4922 | train_full 0.2917 | val_acc 0.3462 | val_f1 0.3002 | grad(main/disc) 20.469/2.150 | lr(main/disc) 7.00e-05/3.50e-05 | 21.1s
2026-08-21 05:38:41 | New best val_f1_macro_present: 0.3002 at epoch 6
2026-08-21 05:39:02 | Epoch 007/100 | loss 5.4385 | cls 2.6769 | tal 0.0149 | dual_g 2.7571 | dual_d 0.9591 | train_acc 0.4922 | train_full 0.3333 | val_acc 0.3462 | val_f1 0.2889 | grad(main/disc) 19.389/2.021 | lr(main/disc) 7.00e-05/3.50e-05 | 20.6s
2026-08-21 05:39:25 | Epoch 008/100 | loss 5.2412 | cls 2.6761 | tal 0.0342 | dual_g 2.5549 | dual_d 0.9099 | train_acc 0.5703 | train_full 0.4375 | val_acc 0.4231 | val_f1 0.3636 | grad(main/disc) 18.039/1.935 | lr(main/disc) 7.00e-05/3.50e-05 | 22.8s
2026-08-21 05:39:25 | New best val_f1_macro_present: 0.3636 at epoch 8
2026-08-21 05:39:47 | Epoch 009/100 | loss 4.8517 | cls 2.3547 | tal 0.0753 | dual_g 2.4744 | dual_d 0.9212 | train_acc 0.6641 | train_full 0.4375 | val_acc 0.4231 | val_f1 0.3212 | grad(main/disc) 17.013/2.013 | lr(main/disc) 7.00e-05/3.50e-05 | 22.2s
2026-08-21 05:40:08 | Epoch 010/100 | loss 4.7856 | cls 2.3533 | tal 0.0548 | dual_g 2.4159 | dual_d 0.8802 | train_acc 0.7734 | train_full 0.4062 | val_acc 0.4231 | val_f1 0.3212 | grad(main/disc) 17.715/1.888 | lr(main/disc) 7.00e-05/3.50e-05 | 20.7s
2026-08-21 05:40:29 | Epoch 011/100 | loss 4.7720 | cls 2.3838 | tal 0.1522 | dual_g 2.3425 | dual_d 0.8505 | train_acc 0.7656 | train_full 0.3542 | val_acc 0.3846 | val_f1 0.3111 | grad(main/disc) 18.610/1.898 | lr(main/disc) 7.00e-05/3.50e-05 | 20.8s
2026-08-21 05:40:50 | Epoch 012/100 | loss 4.4370 | cls 2.1739 | tal 0.0703 | dual_g 2.2420 | dual_d 0.8586 | train_acc 0.7422 | train_full 0.5833 | val_acc 0.5000 | val_f1 0.4202 | grad(main/disc) 17.124/1.910 | lr(main/disc) 7.00e-05/3.50e-05 | 21.7s
2026-08-21 05:40:51 | New best val_f1_macro_present: 0.4202 at epoch 12
2026-08-21 05:41:11 | Epoch 013/100 | loss 4.5247 | cls 2.2348 | tal 0.0564 | dual_g 2.2730 | dual_d 0.8869 | train_acc 0.6953 | train_full 0.5208 | val_acc 0.5385 | val_f1 0.4504 | grad(main/disc) 19.822/1.958 | lr(main/disc) 7.00e-05/3.50e-05 | 20.8s
2026-08-21 05:41:12 | New best val_f1_macro_present: 0.4504 at epoch 13
2026-08-21 05:41:32 | Epoch 014/100 | loss 4.0676 | cls 1.8884 | tal 0.0611 | dual_g 2.1609 | dual_d 0.8215 | train_acc 0.8438 | train_full 0.5104 | val_acc 0.5000 | val_f1 0.4607 | grad(main/disc) 14.875/1.774 | lr(main/disc) 7.00e-05/3.50e-05 | 20.7s
2026-08-21 05:41:33 | New best val_f1_macro_present: 0.4607 at epoch 14
2026-08-21 05:41:55 | Epoch 015/100 | loss 4.2680 | cls 2.1003 | tal 0.0999 | dual_g 2.1377 | dual_d 0.7882 | train_acc 0.8203 | train_full 0.5938 | val_acc 0.5385 | val_f1 0.4675 | grad(main/disc) 19.150/1.741 | lr(main/disc) 7.00e-05/3.50e-05 | 22.0s
2026-08-21 05:41:55 | New best val_f1_macro_present: 0.4675 at epoch 15
2026-08-21 05:42:15 | Epoch 016/100 | loss 3.7165 | cls 1.7581 | tal 0.0768 | dual_g 1.9353 | dual_d 0.8792 | train_acc 0.8672 | train_full 0.5521 | val_acc 0.5385 | val_f1 0.4954 | grad(main/disc) 13.757/1.926 | lr(main/disc) 7.00e-05/3.50e-05 | 20.4s
2026-08-21 05:42:16 | New best val_f1_macro_present: 0.4954 at epoch 16
2026-08-21 05:42:37 | Epoch 017/100 | loss 3.5990 | cls 1.7000 | tal 0.0377 | dual_g 1.8877 | dual_d 0.7880 | train_acc 0.8750 | train_full 0.5625 | val_acc 0.5385 | val_f1 0.4954 | grad(main/disc) 13.292/1.756 | lr(main/disc) 7.00e-05/3.50e-05 | 21.5s
2026-08-21 05:42:56 | Epoch 018/100 | loss 3.6659 | cls 1.7497 | tal 0.0615 | dual_g 1.8977 | dual_d 0.7929 | train_acc 0.8828 | train_full 0.6562 | val_acc 0.5000 | val_f1 0.4638 | grad(main/disc) 14.533/1.699 | lr(main/disc) 7.00e-05/3.50e-05 | 19.2s
2026-08-21 05:43:18 | Epoch 019/100 | loss 3.5367 | cls 1.6837 | tal 0.0973 | dual_g 1.8238 | dual_d 0.8124 | train_acc 0.9141 | train_full 0.6354 | val_acc 0.5769 | val_f1 0.6192 | grad(main/disc) 14.441/1.728 | lr(main/disc) 7.00e-05/3.50e-05 | 21.8s
2026-08-21 05:43:18 | New best val_f1_macro_present: 0.6192 at epoch 19
2026-08-21 05:43:40 | Epoch 020/100 | loss 3.6882 | cls 1.7849 | tal 0.0722 | dual_g 1.8816 | dual_d 0.7789 | train_acc 0.8828 | train_full 0.6771 | val_acc 0.6923 | val_f1 0.7645 | grad(main/disc) 17.754/1.729 | lr(main/disc) 7.00e-05/3.50e-05 | 21.4s
2026-08-21 05:43:40 | New best val_f1_macro_present: 0.7645 at epoch 20
2026-08-21 05:44:02 | Epoch 021/100 | loss 3.4325 | cls 1.6445 | tal 0.0202 | dual_g 1.7820 | dual_d 0.7578 | train_acc 0.8828 | train_full 0.6458 | val_acc 0.6538 | val_f1 0.6922 | grad(main/disc) 16.527/1.613 | lr(main/disc) 7.00e-05/3.50e-05 | 22.2s
2026-08-21 05:44:23 | Epoch 022/100 | loss 3.4924 | cls 1.6608 | tal 0.0508 | dual_g 1.8163 | dual_d 0.8259 | train_acc 0.9062 | train_full 0.7083 | val_acc 0.5769 | val_f1 0.6119 | grad(main/disc) 19.149/1.796 | lr(main/disc) 7.00e-05/3.50e-05 | 21.3s
2026-08-21 05:44:43 | Epoch 023/100 | loss 3.3945 | cls 1.6237 | tal 0.0497 | dual_g 1.7560 | dual_d 0.7888 | train_acc 0.9219 | train_full 0.8333 | val_acc 0.6538 | val_f1 0.6604 | grad(main/disc) 16.326/1.630 | lr(main/disc) 7.00e-05/3.50e-05 | 19.0s
2026-08-21 05:45:03 | Epoch 024/100 | loss 3.5577 | cls 1.6953 | tal 0.0051 | dual_g 1.8610 | dual_d 0.8187 | train_acc 0.9453 | train_full 0.7917 | val_acc 0.6538 | val_f1 0.6911 | grad(main/disc) 22.429/1.675 | lr(main/disc) 7.00e-05/3.50e-05 | 20.9s
2026-08-21 05:45:26 | Epoch 025/100 | loss 3.5741 | cls 1.6626 | tal 0.0250 | dual_g 1.9040 | dual_d 0.7963 | train_acc 0.9297 | train_full 0.8333 | val_acc 0.7308 | val_f1 0.7300 | grad(main/disc) 18.585/1.602 | lr(main/disc) 7.00e-05/3.50e-05 | 22.4s
2026-08-21 05:45:48 | Epoch 026/100 | loss 3.3189 | cls 1.5750 | tal 0.0009 | dual_g 1.7437 | dual_d 0.7349 | train_acc 0.9453 | train_full 0.8542 | val_acc 0.6154 | val_f1 0.5466 | grad(main/disc) 15.652/1.541 | lr(main/disc) 7.00e-05/3.50e-05 | 22.3s
2026-08-21 05:46:08 | Epoch 027/100 | loss 3.2916 | cls 1.5447 | tal -0.0304 | dual_g 1.7560 | dual_d 0.7303 | train_acc 0.9609 | train_full 0.8542 | val_acc 0.7308 | val_f1 0.6574 | grad(main/disc) 14.011/1.539 | lr(main/disc) 3.50e-05/1.75e-05 | 20.2s
2026-08-21 05:46:31 | Epoch 028/100 | loss 3.3113 | cls 1.5584 | tal 0.0246 | dual_g 1.7456 | dual_d 0.7427 | train_acc 0.9688 | train_full 0.7812 | val_acc 0.6923 | val_f1 0.6403 | grad(main/disc) 12.295/1.550 | lr(main/disc) 3.50e-05/1.75e-05 | 22.2s
2026-08-21 05:46:51 | Epoch 029/100 | loss 3.3509 | cls 1.5904 | tal 0.0377 | dual_g 1.7492 | dual_d 0.7482 | train_acc 0.9609 | train_full 0.8125 | val_acc 0.8077 | val_f1 0.8259 | grad(main/disc) 16.770/1.607 | lr(main/disc) 3.50e-05/1.75e-05 | 20.1s
2026-08-21 05:46:51 | New best val_f1_macro_present: 0.8259 at epoch 29
2026-08-21 05:47:12 | Epoch 030/100 | loss 3.2473 | cls 1.5235 | tal -0.0100 | dual_g 1.7269 | dual_d 0.7772 | train_acc 0.9688 | train_full 0.8229 | val_acc 0.7692 | val_f1 0.7054 | grad(main/disc) 13.583/1.616 | lr(main/disc) 3.50e-05/1.75e-05 | 21.5s
2026-08-21 05:47:35 | Epoch 031/100 | loss 3.1567 | cls 1.4974 | tal -0.0097 | dual_g 1.6622 | dual_d 0.7680 | train_acc 0.9922 | train_full 0.8750 | val_acc 0.7692 | val_f1 0.7054 | grad(main/disc) 11.831/1.643 | lr(main/disc) 3.50e-05/1.75e-05 | 22.2s
2026-08-21 05:47:55 | Epoch 032/100 | loss 3.2983 | cls 1.5718 | tal 0.0073 | dual_g 1.7243 | dual_d 0.7450 | train_acc 0.9688 | train_full 0.8750 | val_acc 0.7692 | val_f1 0.7962 | grad(main/disc) 15.101/1.570 | lr(main/disc) 3.50e-05/1.75e-05 | 20.9s
2026-08-21 05:48:17 | Epoch 033/100 | loss 3.0548 | cls 1.4359 | tal -0.0592 | dual_g 1.6367 | dual_d 0.8630 | train_acc 0.9922 | train_full 0.8542 | val_acc 0.8462 | val_f1 0.8734 | grad(main/disc) 10.336/1.669 | lr(main/disc) 3.50e-05/1.75e-05 | 22.0s
2026-08-21 05:48:18 | New best val_f1_macro_present: 0.8734 at epoch 33
2026-08-21 05:48:36 | Epoch 034/100 | loss 3.0221 | cls 1.4161 | tal -0.0140 | dual_g 1.6102 | dual_d 0.7701 | train_acc 0.9922 | train_full 0.9062 | val_acc 0.8462 | val_f1 0.8739 | grad(main/disc) 13.318/1.609 | lr(main/disc) 3.50e-05/1.75e-05 | 18.7s
2026-08-21 05:48:56 | Epoch 035/100 | loss 3.1093 | cls 1.4573 | tal -0.0328 | dual_g 1.6618 | dual_d 0.7399 | train_acc 0.9766 | train_full 0.8750 | val_acc 0.8846 | val_f1 0.9009 | grad(main/disc) 18.129/1.553 | lr(main/disc) 3.50e-05/1.75e-05 | 20.0s
2026-08-21 05:48:57 | New best val_f1_macro_present: 0.9009 at epoch 35
2026-08-21 05:49:18 | Epoch 036/100 | loss 3.1468 | cls 1.4763 | tal -0.0284 | dual_g 1.6790 | dual_d 0.7974 | train_acc 0.9609 | train_full 0.9167 | val_acc 0.8846 | val_f1 0.9088 | grad(main/disc) 14.648/1.660 | lr(main/disc) 3.50e-05/1.75e-05 | 21.1s
2026-08-21 05:49:18 | New best val_f1_macro_present: 0.9088 at epoch 36
2026-08-21 05:49:38 | Epoch 037/100 | loss 3.1121 | cls 1.4640 | tal -0.0543 | dual_g 1.6643 | dual_d 0.7724 | train_acc 0.9766 | train_full 0.8646 | val_acc 0.8077 | val_f1 0.7250 | grad(main/disc) 17.680/1.668 | lr(main/disc) 3.50e-05/1.75e-05 | 20.5s
2026-08-21 05:49:59 | Epoch 038/100 | loss 3.0711 | cls 1.4110 | tal -0.0286 | dual_g 1.6687 | dual_d 0.8253 | train_acc 0.9922 | train_full 0.8646 | val_acc 0.8077 | val_f1 0.7250 | grad(main/disc) 12.344/1.725 | lr(main/disc) 3.50e-05/1.75e-05 | 20.7s
2026-08-21 05:50:21 | Epoch 039/100 | loss 3.1506 | cls 1.4842 | tal -0.0171 | dual_g 1.6715 | dual_d 0.7664 | train_acc 0.9766 | train_full 0.8021 | val_acc 0.6923 | val_f1 0.6113 | grad(main/disc) 13.977/1.616 | lr(main/disc) 3.50e-05/1.75e-05 | 21.5s
2026-08-21 05:50:41 | Epoch 040/100 | loss 2.9873 | cls 1.3766 | tal 0.0498 | dual_g 1.5958 | dual_d 0.7788 | train_acc 0.9766 | train_full 0.8438 | val_acc 0.7692 | val_f1 0.8068 | grad(main/disc) 13.846/1.687 | lr(main/disc) 3.50e-05/1.75e-05 | 19.9s
2026-08-21 05:51:02 | Epoch 041/100 | loss 3.0125 | cls 1.4250 | tal -0.0278 | dual_g 1.5959 | dual_d 0.7890 | train_acc 0.9766 | train_full 0.8542 | val_acc 0.7692 | val_f1 0.8313 | grad(main/disc) 11.023/1.659 | lr(main/disc) 3.50e-05/1.75e-05 | 21.1s
2026-08-21 05:51:23 | Epoch 042/100 | loss 2.9635 | cls 1.4050 | tal -0.0376 | dual_g 1.5698 | dual_d 0.8172 | train_acc 1.0000 | train_full 0.8750 | val_acc 0.8462 | val_f1 0.8734 | grad(main/disc) 10.248/1.641 | lr(main/disc) 3.50e-05/1.75e-05 | 21.4s
2026-08-21 05:51:43 | Epoch 043/100 | loss 2.9612 | cls 1.3760 | tal 0.0228 | dual_g 1.5784 | dual_d 0.8226 | train_acc 0.9844 | train_full 0.8750 | val_acc 0.8846 | val_f1 0.9009 | grad(main/disc) 13.612/1.625 | lr(main/disc) 1.75e-05/8.75e-06 | 20.2s
2026-08-21 05:52:05 | Epoch 044/100 | loss 3.2051 | cls 1.5736 | tal -0.0376 | dual_g 1.6428 | dual_d 0.7736 | train_acc 0.9453 | train_full 0.9271 | val_acc 0.9231 | val_f1 0.9306 | grad(main/disc) 18.704/1.620 | lr(main/disc) 1.75e-05/8.75e-06 | 21.3s
2026-08-21 05:52:05 | New best val_f1_macro_present: 0.9306 at epoch 44
2026-08-21 05:52:24 | Epoch 045/100 | loss 2.9922 | cls 1.4465 | tal -0.0042 | dual_g 1.5469 | dual_d 0.8264 | train_acc 0.9922 | train_full 0.9167 | val_acc 0.8846 | val_f1 0.9009 | grad(main/disc) 11.446/1.671 | lr(main/disc) 1.75e-05/8.75e-06 | 19.1s
2026-08-21 05:52:45 | Epoch 046/100 | loss 3.0572 | cls 1.4637 | tal -0.0333 | dual_g 1.6035 | dual_d 0.7666 | train_acc 0.9609 | train_full 0.9583 | val_acc 0.9231 | val_f1 0.9367 | grad(main/disc) 11.601/1.632 | lr(main/disc) 1.75e-05/8.75e-06 | 20.9s
2026-08-21 05:52:45 | New best val_f1_macro_present: 0.9367 at epoch 46
2026-08-21 05:53:05 | Epoch 047/100 | loss 2.8533 | cls 1.3482 | tal -0.0487 | dual_g 1.5197 | dual_d 0.8103 | train_acc 0.9766 | train_full 0.9375 | val_acc 0.9615 | val_f1 0.9663 | grad(main/disc) 7.212/1.694 | lr(main/disc) 1.75e-05/8.75e-06 | 20.0s
2026-08-21 05:53:05 | New best val_f1_macro_present: 0.9663 at epoch 47
2026-08-21 05:53:27 | Epoch 048/100 | loss 2.9794 | cls 1.4155 | tal -0.0411 | dual_g 1.5762 | dual_d 0.8305 | train_acc 0.9766 | train_full 0.8958 | val_acc 0.8846 | val_f1 0.9088 | grad(main/disc) 10.475/1.668 | lr(main/disc) 1.75e-05/8.75e-06 | 21.7s
2026-08-21 05:53:47 | Epoch 049/100 | loss 2.8744 | cls 1.3607 | tal -0.0287 | dual_g 1.5223 | dual_d 0.7561 | train_acc 0.9844 | train_full 0.9062 | val_acc 0.8846 | val_f1 0.9088 | grad(main/disc) 8.439/1.572 | lr(main/disc) 1.75e-05/8.75e-06 | 20.1s
2026-08-21 05:54:08 | Epoch 050/100 | loss 3.0361 | cls 1.4384 | tal 0.0426 | dual_g 1.5850 | dual_d 0.7974 | train_acc 0.9844 | train_full 0.9062 | val_acc 0.8846 | val_f1 0.9088 | grad(main/disc) 13.028/1.569 | lr(main/disc) 1.75e-05/8.75e-06 | 20.8s
2026-08-21 05:54:29 | Epoch 051/100 | loss 2.9453 | cls 1.4007 | tal 0.0063 | dual_g 1.5427 | dual_d 0.7793 | train_acc 1.0000 | train_full 0.9167 | val_acc 0.9615 | val_f1 0.9663 | grad(main/disc) 12.001/1.636 | lr(main/disc) 1.75e-05/8.75e-06 | 21.5s
2026-08-21 05:54:50 | Epoch 052/100 | loss 2.9547 | cls 1.3551 | tal 0.0299 | dual_g 1.5906 | dual_d 0.7950 | train_acc 1.0000 | train_full 0.9375 | val_acc 0.9615 | val_f1 0.9630 | grad(main/disc) 10.001/1.644 | lr(main/disc) 1.75e-05/8.75e-06 | 20.9s
2026-08-21 05:55:12 | Epoch 053/100 | loss 2.9617 | cls 1.4001 | tal -0.0284 | dual_g 1.5701 | dual_d 0.8578 | train_acc 0.9609 | train_full 0.9062 | val_acc 0.8462 | val_f1 0.8790 | grad(main/disc) 11.278/1.693 | lr(main/disc) 1.75e-05/8.75e-06 | 21.3s
2026-08-21 05:55:34 | Epoch 054/100 | loss 2.9167 | cls 1.3945 | tal -0.0371 | dual_g 1.5333 | dual_d 0.8001 | train_acc 1.0000 | train_full 0.8958 | val_acc 0.8462 | val_f1 0.8734 | grad(main/disc) 13.460/1.657 | lr(main/disc) 8.75e-06/4.37e-06 | 22.2s
2026-08-21 05:55:55 | Epoch 055/100 | loss 2.8637 | cls 1.3479 | tal -0.0029 | dual_g 1.5167 | dual_d 0.7785 | train_acc 0.9844 | train_full 0.9062 | val_acc 0.8462 | val_f1 0.8734 | grad(main/disc) 11.804/1.631 | lr(main/disc) 8.75e-06/4.37e-06 | 21.1s
2026-08-21 05:56:15 | Epoch 056/100 | loss 2.8657 | cls 1.3387 | tal 0.0379 | dual_g 1.5156 | dual_d 0.8313 | train_acc 0.9766 | train_full 0.9062 | val_acc 0.8462 | val_f1 0.8734 | grad(main/disc) 8.112/1.616 | lr(main/disc) 8.75e-06/4.37e-06 | 19.9s
2026-08-21 05:56:15 | Early stopping at epoch 56 after 9 epochs without val_f1_macro_present improvement.
2026-08-21 05:56:15 | Training complete. Best validation accuracy: 0.9615 | best val_f1_macro_present: 0.9663
2026-08-21 05:56:15 | Starting Dual_D standalone training
2026-08-21 05:56:15 | Run directory: runs/module_c_ablation/module_c_full_雨天_iter03_20260820_204237
2026-08-21 05:56:15 | Device: cuda
2026-08-21 05:56:15 | Source train samples: 992
2026-08-21 05:56:15 | Target train samples: 96
2026-08-21 05:56:15 | Target val samples: 26
2026-08-21 05:56:15 | Classes: 14
2026-08-21 05:56:15 | Data audit: same_dir=False | path_overlap(vis/ir/ais)=0/0/0 | content_overlap(vis/ir/ais)=0/0/0 | ais_index_overlap=0 | stem_mismatch(vis-ir/vis-ais)=117/0
2026-08-21 05:56:15 | source_train classes: present 14/14 | absent 0 | counts [0:120, 1:44, 2:69, 3:45, 4:40, 5:30, 6:64, 7:80, 8:116, 9:68, 10:57, 11:83, 12:48, 13:128]
2026-08-21 05:56:15 | target_train classes: present 6/14 | absent 8 | counts [0:7, 2:19, 9:32, 10:12, 11:6, 13:20]
2026-08-21 05:56:15 | target_val classes: present 6/14 | absent 8 | counts [0:2, 2:5, 9:8, 10:4, 11:2, 13:5]
2026-08-21 05:56:15 | Paired training classes: 6/14 | class ids [0, 2, 9, 10, 11, 13]
2026-08-21 05:56:15 | VIS/IR pairing: class-level-unpaired | count-mismatch classes train/val: 10/0 | AIS alignment: none | AIS rows train/val: 0/0
2026-08-21 05:56:16 | Model parameters: total=17277714 | trainable=17120210
Starting run 12/12: domain=雨天, iteration=3, seed=53
2026-08-21 05:56:35 | Epoch 001/100 | loss 9.2838 | cls 4.8257 | tal 0.0733 | dual_g 4.4361 | dual_d 0.0000 | train_acc 0.0938 | train_full 0.0625 | val_acc 0.0385 | val_f1 0.0196 | grad(main/disc) 30.918/0.000 | lr(main/disc) 7.00e-05/3.50e-05 | 19.0s
2026-08-21 05:56:35 | New best val_f1_macro_present: 0.0196 at epoch 1
2026-08-21 05:56:56 | Epoch 002/100 | loss 7.8686 | cls 4.0656 | tal -0.0383 | dual_g 3.8145 | dual_d 0.0000 | train_acc 0.2109 | train_full 0.1771 | val_acc 0.1538 | val_f1 0.0889 | grad(main/disc) 26.301/0.000 | lr(main/disc) 7.00e-05/3.50e-05 | 20.6s
2026-08-21 05:56:56 | New best val_f1_macro_present: 0.0889 at epoch 2
2026-08-21 05:57:17 | Epoch 003/100 | loss 7.2743 | cls 3.6952 | tal -0.0068 | dual_g 3.5812 | dual_d 0.0000 | train_acc 0.2969 | train_full 0.1250 | val_acc 0.1538 | val_f1 0.1255 | grad(main/disc) 25.051/0.000 | lr(main/disc) 7.00e-05/3.50e-05 | 21.3s
2026-08-21 05:57:17 | New best val_f1_macro_present: 0.1255 at epoch 3
2026-08-21 05:57:39 | Epoch 004/100 | loss 6.6211 | cls 3.2990 | tal 0.0500 | dual_g 3.3071 | dual_d 0.0000 | train_acc 0.4375 | train_full 0.1146 | val_acc 0.1154 | val_f1 0.0833 | grad(main/disc) 21.744/0.000 | lr(main/disc) 7.00e-05/3.50e-05 | 21.7s
2026-08-21 05:57:59 | Epoch 005/100 | loss 6.2777 | cls 3.1641 | tal 0.0723 | dual_g 3.0919 | dual_d 0.0000 | train_acc 0.4375 | train_full 0.2292 | val_acc 0.3077 | val_f1 0.2198 | grad(main/disc) 20.924/0.000 | lr(main/disc) 7.00e-05/3.50e-05 | 20.3s
2026-08-21 05:58:00 | New best val_f1_macro_present: 0.2198 at epoch 5
2026-08-21 05:58:21 | Epoch 006/100 | loss 5.5156 | cls 2.6996 | tal 0.0472 | dual_g 2.8018 | dual_d 0.9458 | train_acc 0.5391 | train_full 0.1875 | val_acc 0.2308 | val_f1 0.1657 | grad(main/disc) 18.384/2.156 | lr(main/disc) 7.00e-05/3.50e-05 | 21.0s
2026-08-21 05:58:43 | Epoch 007/100 | loss 5.5282 | cls 2.8512 | tal 0.0692 | dual_g 2.6562 | dual_d 0.8538 | train_acc 0.5781 | train_full 0.2188 | val_acc 0.2692 | val_f1 0.1757 | grad(main/disc) 19.618/2.108 | lr(main/disc) 7.00e-05/3.50e-05 | 22.4s
2026-08-21 05:59:04 | Epoch 008/100 | loss 5.2999 | cls 2.6977 | tal 0.1547 | dual_g 2.5557 | dual_d 0.9500 | train_acc 0.6719 | train_full 0.2500 | val_acc 0.2692 | val_f1 0.1761 | grad(main/disc) 18.348/2.125 | lr(main/disc) 7.00e-05/3.50e-05 | 20.6s
2026-08-21 05:59:26 | Epoch 009/100 | loss 5.3796 | cls 2.7336 | tal 0.1490 | dual_g 2.6013 | dual_d 0.8250 | train_acc 0.6562 | train_full 0.2917 | val_acc 0.2692 | val_f1 0.1761 | grad(main/disc) 19.715/2.006 | lr(main/disc) 7.00e-05/3.50e-05 | 21.9s
2026-08-21 05:59:48 | Epoch 010/100 | loss 4.7643 | cls 2.3014 | tal 0.1225 | dual_g 2.4262 | dual_d 0.8140 | train_acc 0.7109 | train_full 0.3646 | val_acc 0.3462 | val_f1 0.3523 | grad(main/disc) 17.166/2.008 | lr(main/disc) 7.00e-05/3.50e-05 | 22.1s
2026-08-21 05:59:48 | New best val_f1_macro_present: 0.3523 at epoch 10
2026-08-21 06:00:09 | Epoch 011/100 | loss 4.5811 | cls 2.2074 | tal 0.0708 | dual_g 2.3525 | dual_d 0.8614 | train_acc 0.7188 | train_full 0.5000 | val_acc 0.4615 | val_f1 0.3716 | grad(main/disc) 17.824/1.960 | lr(main/disc) 7.00e-05/3.50e-05 | 21.4s
2026-08-21 06:00:09 | New best val_f1_macro_present: 0.3716 at epoch 11
2026-08-21 06:00:31 | Epoch 012/100 | loss 4.5100 | cls 2.1487 | tal 0.0333 | dual_g 2.3513 | dual_d 0.8329 | train_acc 0.6875 | train_full 0.5312 | val_acc 0.5000 | val_f1 0.4076 | grad(main/disc) 19.928/1.852 | lr(main/disc) 7.00e-05/3.50e-05 | 21.2s
2026-08-21 06:00:31 | New best val_f1_macro_present: 0.4076 at epoch 12
2026-08-21 06:00:51 | Epoch 013/100 | loss 4.2127 | cls 1.9901 | tal 0.0773 | dual_g 2.1994 | dual_d 0.8446 | train_acc 0.8203 | train_full 0.4375 | val_acc 0.4615 | val_f1 0.3623 | grad(main/disc) 16.499/1.993 | lr(main/disc) 7.00e-05/3.50e-05 | 20.5s
2026-08-21 06:01:12 | Epoch 014/100 | loss 4.0680 | cls 1.9680 | tal 0.0207 | dual_g 2.0938 | dual_d 0.8547 | train_acc 0.7578 | train_full 0.4375 | val_acc 0.4615 | val_f1 0.3587 | grad(main/disc) 17.388/1.995 | lr(main/disc) 7.00e-05/3.50e-05 | 20.1s
2026-08-21 06:01:32 | Epoch 015/100 | loss 3.8794 | cls 1.8341 | tal -0.0267 | dual_g 2.0533 | dual_d 0.7992 | train_acc 0.8281 | train_full 0.5000 | val_acc 0.4615 | val_f1 0.3833 | grad(main/disc) 14.773/1.749 | lr(main/disc) 7.00e-05/3.50e-05 | 20.3s
2026-08-21 06:01:53 | Epoch 016/100 | loss 3.9385 | cls 1.9136 | tal -0.0096 | dual_g 2.0278 | dual_d 0.8693 | train_acc 0.8281 | train_full 0.6562 | val_acc 0.5385 | val_f1 0.5294 | grad(main/disc) 16.670/1.913 | lr(main/disc) 7.00e-05/3.50e-05 | 20.8s
2026-08-21 06:01:53 | New best val_f1_macro_present: 0.5294 at epoch 16
2026-08-21 06:02:14 | Epoch 017/100 | loss 3.6933 | cls 1.6871 | tal -0.0160 | dual_g 2.0110 | dual_d 0.7159 | train_acc 0.8906 | train_full 0.7812 | val_acc 0.6923 | val_f1 0.7051 | grad(main/disc) 15.607/1.680 | lr(main/disc) 7.00e-05/3.50e-05 | 20.6s
2026-08-21 06:02:14 | New best val_f1_macro_present: 0.7051 at epoch 17
2026-08-21 06:02:35 | Epoch 018/100 | loss 3.5866 | cls 1.6929 | tal 0.0031 | dual_g 1.8927 | dual_d 0.7637 | train_acc 0.8906 | train_full 0.8333 | val_acc 0.7308 | val_f1 0.7653 | grad(main/disc) 14.957/1.647 | lr(main/disc) 7.00e-05/3.50e-05 | 21.5s
2026-08-21 06:02:35 | New best val_f1_macro_present: 0.7653 at epoch 18
2026-08-21 06:02:57 | Epoch 019/100 | loss 3.5274 | cls 1.6726 | tal -0.0583 | dual_g 1.8723 | dual_d 0.7775 | train_acc 0.8516 | train_full 0.8021 | val_acc 0.6538 | val_f1 0.7168 | grad(main/disc) 14.421/1.752 | lr(main/disc) 7.00e-05/3.50e-05 | 21.3s
2026-08-21 06:03:18 | Epoch 020/100 | loss 3.5208 | cls 1.6983 | tal -0.0209 | dual_g 1.8287 | dual_d 0.8200 | train_acc 0.8672 | train_full 0.7812 | val_acc 0.6154 | val_f1 0.6484 | grad(main/disc) 17.308/1.823 | lr(main/disc) 7.00e-05/3.50e-05 | 20.8s
2026-08-21 06:03:38 | Epoch 021/100 | loss 3.3520 | cls 1.6290 | tal -0.1098 | dual_g 1.7559 | dual_d 0.8846 | train_acc 0.9219 | train_full 0.8021 | val_acc 0.6154 | val_f1 0.6337 | grad(main/disc) 13.256/1.809 | lr(main/disc) 7.00e-05/3.50e-05 | 20.1s
2026-08-21 06:03:57 | Epoch 022/100 | loss 3.3043 | cls 1.5604 | tal -0.0705 | dual_g 1.7651 | dual_d 0.7773 | train_acc 0.9609 | train_full 0.8125 | val_acc 0.6923 | val_f1 0.7310 | grad(main/disc) 13.179/1.764 | lr(main/disc) 7.00e-05/3.50e-05 | 19.7s
2026-08-21 06:04:18 | Epoch 023/100 | loss 3.3587 | cls 1.5958 | tal -0.0990 | dual_g 1.7926 | dual_d 0.7829 | train_acc 0.8906 | train_full 0.8021 | val_acc 0.6923 | val_f1 0.6978 | grad(main/disc) 12.567/1.713 | lr(main/disc) 7.00e-05/3.50e-05 | 21.1s
2026-08-21 06:04:40 | Epoch 024/100 | loss 3.3055 | cls 1.5531 | tal -0.0429 | dual_g 1.7652 | dual_d 0.7579 | train_acc 0.9297 | train_full 0.8438 | val_acc 0.7308 | val_f1 0.7234 | grad(main/disc) 15.306/1.663 | lr(main/disc) 7.00e-05/3.50e-05 | 21.4s
2026-08-21 06:05:01 | Epoch 025/100 | loss 3.2666 | cls 1.5142 | tal -0.0798 | dual_g 1.7764 | dual_d 0.7350 | train_acc 0.9375 | train_full 0.8229 | val_acc 0.7308 | val_f1 0.7529 | grad(main/disc) 14.615/1.566 | lr(main/disc) 3.50e-05/1.75e-05 | 21.2s
2026-08-21 06:05:20 | Epoch 026/100 | loss 3.3831 | cls 1.6666 | tal -0.1168 | dual_g 1.7515 | dual_d 0.8275 | train_acc 0.9141 | train_full 0.8646 | val_acc 0.8462 | val_f1 0.8538 | grad(main/disc) 18.147/1.771 | lr(main/disc) 3.50e-05/1.75e-05 | 19.3s
2026-08-21 06:05:21 | New best val_f1_macro_present: 0.8538 at epoch 26
2026-08-21 06:05:43 | Epoch 027/100 | loss 3.2312 | cls 1.5619 | tal -0.0493 | dual_g 1.6841 | dual_d 0.8070 | train_acc 0.9141 | train_full 0.8333 | val_acc 0.7308 | val_f1 0.7604 | grad(main/disc) 12.613/1.701 | lr(main/disc) 3.50e-05/1.75e-05 | 22.1s
2026-08-21 06:06:06 | Epoch 028/100 | loss 3.3775 | cls 1.6273 | tal -0.0881 | dual_g 1.7766 | dual_d 0.7572 | train_acc 0.8984 | train_full 0.7917 | val_acc 0.7692 | val_f1 0.7861 | grad(main/disc) 14.502/1.627 | lr(main/disc) 3.50e-05/1.75e-05 | 22.9s
2026-08-21 06:06:26 | Epoch 029/100 | loss 3.1225 | cls 1.4514 | tal -0.0916 | dual_g 1.6986 | dual_d 0.7425 | train_acc 0.9375 | train_full 0.8125 | val_acc 0.8077 | val_f1 0.8315 | grad(main/disc) 13.530/1.606 | lr(main/disc) 3.50e-05/1.75e-05 | 20.4s
2026-08-21 06:06:48 | Epoch 030/100 | loss 3.2364 | cls 1.5577 | tal -0.1069 | dual_g 1.7108 | dual_d 0.8620 | train_acc 0.9531 | train_full 0.8333 | val_acc 0.7692 | val_f1 0.7861 | grad(main/disc) 14.341/1.738 | lr(main/disc) 3.50e-05/1.75e-05 | 21.8s
2026-08-21 06:07:08 | Epoch 031/100 | loss 3.0431 | cls 1.4096 | tal -0.1013 | dual_g 1.6639 | dual_d 0.7930 | train_acc 0.9609 | train_full 0.8542 | val_acc 0.7692 | val_f1 0.7927 | grad(main/disc) 11.085/1.715 | lr(main/disc) 3.50e-05/1.75e-05 | 20.2s
2026-08-21 06:07:30 | Epoch 032/100 | loss 3.1359 | cls 1.4714 | tal -0.1579 | dual_g 1.7119 | dual_d 0.8088 | train_acc 0.9375 | train_full 0.8542 | val_acc 0.6923 | val_f1 0.7329 | grad(main/disc) 12.373/1.679 | lr(main/disc) 3.50e-05/1.75e-05 | 21.7s
2026-08-21 06:07:50 | Epoch 033/100 | loss 3.0429 | cls 1.4330 | tal -0.1092 | dual_g 1.6427 | dual_d 0.7769 | train_acc 0.9688 | train_full 0.8542 | val_acc 0.7308 | val_f1 0.7563 | grad(main/disc) 11.821/1.701 | lr(main/disc) 1.75e-05/8.75e-06 | 20.8s
2026-08-21 06:08:11 | Epoch 034/100 | loss 3.0138 | cls 1.4116 | tal -0.0659 | dual_g 1.6220 | dual_d 0.7719 | train_acc 0.9844 | train_full 0.8438 | val_acc 0.7308 | val_f1 0.7563 | grad(main/disc) 9.642/1.611 | lr(main/disc) 1.75e-05/8.75e-06 | 21.1s
2026-08-21 06:08:33 | Epoch 035/100 | loss 3.1013 | cls 1.4670 | tal -0.1343 | dual_g 1.6746 | dual_d 0.7982 | train_acc 0.9922 | train_full 0.8333 | val_acc 0.7308 | val_f1 0.7563 | grad(main/disc) 11.313/1.625 | lr(main/disc) 1.75e-05/8.75e-06 | 21.2s
2026-08-21 06:08:33 | Early stopping at epoch 35 after 9 epochs without val_f1_macro_present improvement.
2026-08-21 06:08:33 | Training complete. Best validation accuracy: 0.8462 | best val_f1_macro_present: 0.8538
Dual_D experiment matrix complete.
Batch summary: runs/module_c_ablation/batch_summary_20260820_204237.json
黑天: best val acc 0.9833 ± 0.0000 over 3 run(s)
逆光: best val acc 0.9910 ± 0.0127 over 3 run(s)
雾天: best val acc 0.9823 ± 0.0036 over 3 run(s)
雨天: best val acc 0.9359 ± 0.0654 over 3 run(s)
/home/lixiang/envs/lx_pytorch/lib/python3.11/site-packages/torch/cuda/__init__.py:1061: UserWarning: Can't initialize NVML
  raw_cnt = _raw_device_count_nvml()
2026-08-21 06:08:35 | Starting Dual_D standalone training
2026-08-21 06:08:35 | Run directory: runs/module_c_ablation/module_c_no_cycle_黑天_iter01_20260821_060834
2026-08-21 06:08:35 | Device: cuda
2026-08-21 06:08:35 | Source train samples: 992
2026-08-21 06:08:35 | Target train samples: 465
2026-08-21 06:08:35 | Target val samples: 120
2026-08-21 06:08:35 | Classes: 14
2026-08-21 06:08:35 | Data audit: same_dir=False | path_overlap(vis/ir/ais)=0/0/0 | content_overlap(vis/ir/ais)=0/0/0 | ais_index_overlap=0 | stem_mismatch(vis-ir/vis-ais)=578/0
2026-08-21 06:08:35 | source_train classes: present 14/14 | absent 0 | counts [0:120, 1:44, 2:69, 3:45, 4:40, 5:30, 6:64, 7:80, 8:116, 9:68, 10:57, 11:83, 12:48, 13:128]
2026-08-21 06:08:35 | target_train classes: present 8/14 | absent 6 | counts [0:100, 2:11, 3:16, 6:89, 9:162, 10:12, 11:44, 13:31]
2026-08-21 06:08:35 | target_val classes: present 8/14 | absent 6 | counts [0:26, 2:3, 3:5, 6:23, 9:41, 10:3, 11:11, 13:8]
2026-08-21 06:08:35 | Paired training classes: 8/14 | class ids [0, 2, 3, 6, 9, 10, 11, 13]
2026-08-21 06:08:35 | VIS/IR pairing: class-level-unpaired | count-mismatch classes train/val: 10/0 | AIS alignment: none | AIS rows train/val: 0/0
2026-08-21 06:08:36 | Model parameters: total=17277714 | trainable=17120210
Starting run 1/12: domain=黑天, iteration=1, seed=42
2026-08-21 06:09:54 | Epoch 001/100 | loss 8.8838 | cls 4.6326 | tal 0.2049 | dual_g 4.1898 | dual_d 0.0000 | train_acc 0.1833 | train_full 0.1075 | val_acc 0.1250 | val_f1 0.1150 | grad(main/disc) 28.754/0.000 | lr(main/disc) 7.00e-05/3.50e-05 | 78.5s
2026-08-21 06:09:54 | New best val_f1_macro_present: 0.1150 at epoch 1
2026-08-21 06:11:11 | Epoch 002/100 | loss 6.8224 | cls 3.4983 | tal 0.0465 | dual_g 3.3101 | dual_d 0.0000 | train_acc 0.3958 | train_full 0.2086 | val_acc 0.2000 | val_f1 0.2779 | grad(main/disc) 22.964/0.000 | lr(main/disc) 7.00e-05/3.50e-05 | 76.8s
2026-08-21 06:11:11 | New best val_f1_macro_present: 0.2779 at epoch 2
2026-08-21 06:12:29 | Epoch 003/100 | loss 5.7915 | cls 2.9555 | tal 0.0577 | dual_g 2.8187 | dual_d 0.0000 | train_acc 0.5208 | train_full 0.4387 | val_acc 0.4417 | val_f1 0.5098 | grad(main/disc) 21.394/0.000 | lr(main/disc) 7.00e-05/3.50e-05 | 77.5s
2026-08-21 06:12:29 | New best val_f1_macro_present: 0.5098 at epoch 3
2026-08-21 06:13:44 | Epoch 004/100 | loss 5.0795 | cls 2.5530 | tal 0.0249 | dual_g 2.5191 | dual_d 0.0000 | train_acc 0.6229 | train_full 0.5871 | val_acc 0.5833 | val_f1 0.6008 | grad(main/disc) 19.937/0.000 | lr(main/disc) 7.00e-05/3.50e-05 | 75.2s
2026-08-21 06:13:45 | New best val_f1_macro_present: 0.6008 at epoch 4
2026-08-21 06:15:03 | Epoch 005/100 | loss 4.5525 | cls 2.2509 | tal 0.0062 | dual_g 2.2997 | dual_d 0.0000 | train_acc 0.6917 | train_full 0.6624 | val_acc 0.6583 | val_f1 0.6515 | grad(main/disc) 18.614/0.000 | lr(main/disc) 7.00e-05/3.50e-05 | 78.3s
2026-08-21 06:15:03 | New best val_f1_macro_present: 0.6515 at epoch 5
2026-08-21 06:16:19 | Epoch 006/100 | loss 3.9885 | cls 1.9554 | tal 0.0329 | dual_g 2.0233 | dual_d 0.9479 | train_acc 0.7750 | train_full 0.6473 | val_acc 0.6000 | val_f1 0.6157 | grad(main/disc) 16.314/1.992 | lr(main/disc) 7.00e-05/3.50e-05 | 75.4s
2026-08-21 06:17:37 | Epoch 007/100 | loss 3.8855 | cls 1.9404 | tal 0.0211 | dual_g 1.9387 | dual_d 0.8861 | train_acc 0.7688 | train_full 0.7828 | val_acc 0.7333 | val_f1 0.7199 | grad(main/disc) 17.396/1.906 | lr(main/disc) 7.00e-05/3.50e-05 | 78.2s
2026-08-21 06:17:37 | New best val_f1_macro_present: 0.7199 at epoch 7
2026-08-21 06:18:56 | Epoch 008/100 | loss 3.5897 | cls 1.7644 | tal 0.0286 | dual_g 1.8167 | dual_d 0.8320 | train_acc 0.8333 | train_full 0.7269 | val_acc 0.7000 | val_f1 0.6850 | grad(main/disc) 14.961/1.763 | lr(main/disc) 7.00e-05/3.50e-05 | 78.4s
2026-08-21 06:20:08 | Epoch 009/100 | loss 3.4706 | cls 1.7080 | tal 0.0424 | dual_g 1.7499 | dual_d 0.8379 | train_acc 0.8271 | train_full 0.8108 | val_acc 0.7917 | val_f1 0.7525 | grad(main/disc) 15.754/1.743 | lr(main/disc) 7.00e-05/3.50e-05 | 72.5s
2026-08-21 06:20:09 | New best val_f1_macro_present: 0.7525 at epoch 9
2026-08-21 06:21:23 | Epoch 010/100 | loss 3.3087 | cls 1.6147 | tal -0.0200 | dual_g 1.6999 | dual_d 0.8210 | train_acc 0.8896 | train_full 0.8624 | val_acc 0.8417 | val_f1 0.8016 | grad(main/disc) 13.888/1.666 | lr(main/disc) 7.00e-05/3.50e-05 | 74.2s
2026-08-21 06:21:23 | New best val_f1_macro_present: 0.8016 at epoch 10
2026-08-21 06:22:41 | Epoch 011/100 | loss 3.2343 | cls 1.5703 | tal 0.0639 | dual_g 1.6448 | dual_d 0.7912 | train_acc 0.8917 | train_full 0.8989 | val_acc 0.8583 | val_f1 0.8218 | grad(main/disc) 13.721/1.611 | lr(main/disc) 7.00e-05/3.50e-05 | 77.9s
2026-08-21 06:22:41 | New best val_f1_macro_present: 0.8218 at epoch 11
2026-08-21 06:23:54 | Epoch 012/100 | loss 3.1280 | cls 1.5615 | tal 0.0184 | dual_g 1.5610 | dual_d 0.7864 | train_acc 0.9062 | train_full 0.8215 | val_acc 0.8333 | val_f1 0.7967 | grad(main/disc) 13.327/1.569 | lr(main/disc) 7.00e-05/3.50e-05 | 73.2s
2026-08-21 06:25:10 | Epoch 013/100 | loss 3.0469 | cls 1.4991 | tal 0.0194 | dual_g 1.5420 | dual_d 0.7310 | train_acc 0.9250 | train_full 0.9140 | val_acc 0.8917 | val_f1 0.8608 | grad(main/disc) 11.275/1.506 | lr(main/disc) 7.00e-05/3.50e-05 | 75.1s
2026-08-21 06:25:10 | New best val_f1_macro_present: 0.8608 at epoch 13
2026-08-21 06:26:29 | Epoch 014/100 | loss 3.0146 | cls 1.4938 | tal -0.0719 | dual_g 1.5424 | dual_d 0.8063 | train_acc 0.9292 | train_full 0.9097 | val_acc 0.8833 | val_f1 0.8694 | grad(main/disc) 11.476/1.549 | lr(main/disc) 7.00e-05/3.50e-05 | 79.5s
2026-08-21 06:26:30 | New best val_f1_macro_present: 0.8694 at epoch 14
2026-08-21 06:27:48 | Epoch 015/100 | loss 2.8651 | cls 1.4199 | tal 0.0203 | dual_g 1.4391 | dual_d 0.7569 | train_acc 0.9708 | train_full 0.8581 | val_acc 0.8333 | val_f1 0.7834 | grad(main/disc) 9.181/1.500 | lr(main/disc) 7.00e-05/3.50e-05 | 77.9s
2026-08-21 06:29:05 | Epoch 016/100 | loss 2.8867 | cls 1.4149 | tal 0.0220 | dual_g 1.4652 | dual_d 0.7992 | train_acc 0.9437 | train_full 0.8280 | val_acc 0.8167 | val_f1 0.7677 | grad(main/disc) 10.478/1.500 | lr(main/disc) 7.00e-05/3.50e-05 | 77.2s
2026-08-21 06:30:24 | Epoch 017/100 | loss 2.8677 | cls 1.4123 | tal 0.0098 | dual_g 1.4525 | dual_d 0.8213 | train_acc 0.9563 | train_full 0.9376 | val_acc 0.9083 | val_f1 0.8679 | grad(main/disc) 10.085/1.500 | lr(main/disc) 7.00e-05/3.50e-05 | 79.6s
2026-08-21 06:31:41 | Epoch 018/100 | loss 2.7712 | cls 1.3648 | tal -0.0295 | dual_g 1.4152 | dual_d 0.8538 | train_acc 0.9708 | train_full 0.9462 | val_acc 0.9083 | val_f1 0.8790 | grad(main/disc) 7.905/1.507 | lr(main/disc) 7.00e-05/3.50e-05 | 76.5s
2026-08-21 06:31:41 | New best val_f1_macro_present: 0.8790 at epoch 18
2026-08-21 06:32:58 | Epoch 019/100 | loss 2.7956 | cls 1.3909 | tal -0.1140 | dual_g 1.4389 | dual_d 0.9040 | train_acc 0.9563 | train_full 0.9419 | val_acc 0.9167 | val_f1 0.8867 | grad(main/disc) 9.910/1.568 | lr(main/disc) 7.00e-05/3.50e-05 | 77.2s
2026-08-21 06:32:59 | New best val_f1_macro_present: 0.8867 at epoch 19
2026-08-21 06:34:15 | Epoch 020/100 | loss 2.7636 | cls 1.3649 | tal -0.1214 | dual_g 1.4351 | dual_d 0.9028 | train_acc 0.9667 | train_full 0.9484 | val_acc 0.9417 | val_f1 0.9428 | grad(main/disc) 9.224/1.535 | lr(main/disc) 7.00e-05/3.50e-05 | 76.2s
2026-08-21 06:34:15 | New best val_f1_macro_present: 0.9428 at epoch 20
2026-08-21 06:35:31 | Epoch 021/100 | loss 2.6679 | cls 1.3283 | tal -0.1175 | dual_g 1.3749 | dual_d 0.9497 | train_acc 0.9729 | train_full 0.9376 | val_acc 0.9083 | val_f1 0.8786 | grad(main/disc) 7.178/1.624 | lr(main/disc) 7.00e-05/3.50e-05 | 76.1s
2026-08-21 06:36:46 | Epoch 022/100 | loss 2.6583 | cls 1.3430 | tal -0.1628 | dual_g 1.3642 | dual_d 0.9779 | train_acc 0.9875 | train_full 0.9677 | val_acc 0.9417 | val_f1 0.9140 | grad(main/disc) 7.700/1.552 | lr(main/disc) 7.00e-05/3.50e-05 | 74.9s
2026-08-21 06:38:04 | Epoch 023/100 | loss 2.6351 | cls 1.3377 | tal -0.1235 | dual_g 1.3344 | dual_d 0.9579 | train_acc 0.9771 | train_full 0.9376 | val_acc 0.9333 | val_f1 0.9364 | grad(main/disc) 6.705/1.561 | lr(main/disc) 7.00e-05/3.50e-05 | 77.3s
2026-08-21 06:39:20 | Epoch 024/100 | loss 2.5833 | cls 1.2974 | tal -0.1537 | dual_g 1.3320 | dual_d 1.0503 | train_acc 0.9833 | train_full 0.9570 | val_acc 0.9417 | val_f1 0.9201 | grad(main/disc) 6.264/1.623 | lr(main/disc) 7.00e-05/3.50e-05 | 76.3s
2026-08-21 06:40:36 | Epoch 025/100 | loss 2.6148 | cls 1.3279 | tal -0.1366 | dual_g 1.3278 | dual_d 1.0559 | train_acc 0.9792 | train_full 0.9699 | val_acc 0.9583 | val_f1 0.9492 | grad(main/disc) 6.899/1.654 | lr(main/disc) 7.00e-05/3.50e-05 | 76.4s
2026-08-21 06:40:37 | New best val_f1_macro_present: 0.9492 at epoch 25
2026-08-21 06:41:55 | Epoch 026/100 | loss 2.5594 | cls 1.2919 | tal -0.1819 | dual_g 1.3221 | dual_d 1.0517 | train_acc 0.9875 | train_full 0.9720 | val_acc 0.9667 | val_f1 0.9521 | grad(main/disc) 6.138/1.622 | lr(main/disc) 7.00e-05/3.50e-05 | 78.1s
2026-08-21 06:41:55 | New best val_f1_macro_present: 0.9521 at epoch 26
2026-08-21 06:43:12 | Epoch 027/100 | loss 2.5504 | cls 1.3042 | tal -0.1706 | dual_g 1.2974 | dual_d 1.0599 | train_acc 0.9875 | train_full 0.9828 | val_acc 0.9583 | val_f1 0.9492 | grad(main/disc) 5.534/1.620 | lr(main/disc) 7.00e-05/3.50e-05 | 76.5s
2026-08-21 06:44:28 | Epoch 028/100 | loss 2.5048 | cls 1.2752 | tal -0.1506 | dual_g 1.2748 | dual_d 1.1261 | train_acc 0.9979 | train_full 0.9677 | val_acc 0.9500 | val_f1 0.9290 | grad(main/disc) 4.875/1.677 | lr(main/disc) 7.00e-05/3.50e-05 | 76.6s
2026-08-21 06:45:44 | Epoch 029/100 | loss 2.4802 | cls 1.2630 | tal -0.1636 | dual_g 1.2663 | dual_d 1.1045 | train_acc 0.9917 | train_full 0.9570 | val_acc 0.9417 | val_f1 0.9314 | grad(main/disc) 4.488/1.591 | lr(main/disc) 7.00e-05/3.50e-05 | 75.9s
2026-08-21 06:47:02 | Epoch 030/100 | loss 2.4633 | cls 1.2583 | tal -0.1937 | dual_g 1.2631 | dual_d 1.1234 | train_acc 1.0000 | train_full 0.9527 | val_acc 0.9250 | val_f1 0.9176 | grad(main/disc) 4.838/1.611 | lr(main/disc) 7.00e-05/3.50e-05 | 78.4s
2026-08-21 06:48:21 | Epoch 031/100 | loss 2.4677 | cls 1.2585 | tal -0.1883 | dual_g 1.2657 | dual_d 1.1088 | train_acc 0.9979 | train_full 0.9419 | val_acc 0.9500 | val_f1 0.9517 | grad(main/disc) 4.857/1.593 | lr(main/disc) 7.00e-05/3.50e-05 | 78.4s
2026-08-21 06:49:38 | Epoch 032/100 | loss 2.4511 | cls 1.2580 | tal -0.2132 | dual_g 1.2570 | dual_d 1.1332 | train_acc 0.9854 | train_full 0.9914 | val_acc 0.9833 | val_f1 0.9714 | grad(main/disc) 4.684/1.612 | lr(main/disc) 7.00e-05/3.50e-05 | 77.4s
2026-08-21 06:49:39 | New best val_f1_macro_present: 0.9714 at epoch 32
2026-08-21 06:50:59 | Epoch 033/100 | loss 2.4518 | cls 1.2562 | tal -0.2086 | dual_g 1.2581 | dual_d 1.1410 | train_acc 0.9917 | train_full 0.9398 | val_acc 0.8917 | val_f1 0.8663 | grad(main/disc) 5.214/1.623 | lr(main/disc) 7.00e-05/3.50e-05 | 80.9s
2026-08-21 06:52:17 | Epoch 034/100 | loss 2.4008 | cls 1.2369 | tal -0.2192 | dual_g 1.2296 | dual_d 1.1335 | train_acc 0.9958 | train_full 0.9828 | val_acc 0.9500 | val_f1 0.9431 | grad(main/disc) 3.743/1.611 | lr(main/disc) 7.00e-05/3.50e-05 | 77.1s
2026-08-21 06:53:32 | Epoch 035/100 | loss 2.3853 | cls 1.2374 | tal -0.2410 | dual_g 1.2203 | dual_d 1.0679 | train_acc 1.0000 | train_full 0.9763 | val_acc 0.9500 | val_f1 0.9459 | grad(main/disc) 3.908/1.523 | lr(main/disc) 7.00e-05/3.50e-05 | 75.6s
2026-08-21 06:54:47 | Epoch 036/100 | loss 2.3807 | cls 1.2295 | tal -0.2379 | dual_g 1.2226 | dual_d 1.0873 | train_acc 0.9958 | train_full 0.9634 | val_acc 0.9250 | val_f1 0.9267 | grad(main/disc) 3.568/1.539 | lr(main/disc) 7.00e-05/3.50e-05 | 74.6s
2026-08-21 06:56:02 | Epoch 037/100 | loss 2.3766 | cls 1.2307 | tal -0.2240 | dual_g 1.2130 | dual_d 1.0545 | train_acc 0.9875 | train_full 0.9828 | val_acc 0.9667 | val_f1 0.9630 | grad(main/disc) 3.874/1.490 | lr(main/disc) 7.00e-05/3.50e-05 | 75.3s
2026-08-21 06:57:20 | Epoch 038/100 | loss 2.3757 | cls 1.2263 | tal -0.1924 | dual_g 1.2072 | dual_d 1.0450 | train_acc 1.0000 | train_full 0.9828 | val_acc 0.9667 | val_f1 0.9493 | grad(main/disc) 3.914/1.478 | lr(main/disc) 7.00e-05/3.50e-05 | 77.9s
2026-08-21 06:58:34 | Epoch 039/100 | loss 2.3924 | cls 1.2317 | tal -0.1885 | dual_g 1.2172 | dual_d 1.0519 | train_acc 0.9958 | train_full 0.9785 | val_acc 0.9667 | val_f1 0.9434 | grad(main/disc) 4.006/1.485 | lr(main/disc) 3.50e-05/1.75e-05 | 74.4s
2026-08-21 06:59:49 | Epoch 040/100 | loss 2.3543 | cls 1.2165 | tal -0.1786 | dual_g 1.1913 | dual_d 1.0581 | train_acc 1.0000 | train_full 0.9720 | val_acc 0.9667 | val_f1 0.9489 | grad(main/disc) 3.070/1.484 | lr(main/disc) 3.50e-05/1.75e-05 | 74.8s
2026-08-21 07:01:02 | Epoch 041/100 | loss 2.3413 | cls 1.2093 | tal -0.1944 | dual_g 1.1903 | dual_d 1.0669 | train_acc 1.0000 | train_full 0.9785 | val_acc 0.9750 | val_f1 0.9554 | grad(main/disc) 3.046/1.439 | lr(main/disc) 3.50e-05/1.75e-05 | 73.0s
2026-08-21 07:01:02 | Early stopping at epoch 41 after 9 epochs without val_f1_macro_present improvement.
2026-08-21 07:01:02 | Training complete. Best validation accuracy: 0.9833 | best val_f1_macro_present: 0.9714
2026-08-21 07:01:02 | Starting Dual_D standalone training
2026-08-21 07:01:02 | Run directory: runs/module_c_ablation/module_c_no_cycle_黑天_iter02_20260821_060834
2026-08-21 07:01:02 | Device: cuda
2026-08-21 07:01:02 | Source train samples: 992
2026-08-21 07:01:02 | Target train samples: 465
2026-08-21 07:01:02 | Target val samples: 120
2026-08-21 07:01:02 | Classes: 14
2026-08-21 07:01:02 | Data audit: same_dir=False | path_overlap(vis/ir/ais)=0/0/0 | content_overlap(vis/ir/ais)=0/0/0 | ais_index_overlap=0 | stem_mismatch(vis-ir/vis-ais)=578/0
2026-08-21 07:01:02 | source_train classes: present 14/14 | absent 0 | counts [0:120, 1:44, 2:69, 3:45, 4:40, 5:30, 6:64, 7:80, 8:116, 9:68, 10:57, 11:83, 12:48, 13:128]
2026-08-21 07:01:02 | target_train classes: present 8/14 | absent 6 | counts [0:100, 2:11, 3:16, 6:89, 9:162, 10:12, 11:44, 13:31]
2026-08-21 07:01:02 | target_val classes: present 8/14 | absent 6 | counts [0:26, 2:3, 3:5, 6:23, 9:41, 10:3, 11:11, 13:8]
2026-08-21 07:01:02 | Paired training classes: 8/14 | class ids [0, 2, 3, 6, 9, 10, 11, 13]
2026-08-21 07:01:02 | VIS/IR pairing: class-level-unpaired | count-mismatch classes train/val: 10/0 | AIS alignment: none | AIS rows train/val: 0/0
2026-08-21 07:01:03 | Model parameters: total=17277714 | trainable=17120210
Starting run 2/12: domain=黑天, iteration=2, seed=43
2026-08-21 07:02:18 | Epoch 001/100 | loss 9.1720 | cls 4.7961 | tal 0.1971 | dual_g 4.3167 | dual_d 0.0000 | train_acc 0.1417 | train_full 0.3247 | val_acc 0.2917 | val_f1 0.1207 | grad(main/disc) 28.093/0.000 | lr(main/disc) 7.00e-05/3.50e-05 | 74.8s
2026-08-21 07:02:18 | New best val_f1_macro_present: 0.1207 at epoch 1
2026-08-21 07:03:33 | Epoch 002/100 | loss 6.8814 | cls 3.5283 | tal 0.0696 | dual_g 3.3323 | dual_d 0.0000 | train_acc 0.3542 | train_full 0.1290 | val_acc 0.1167 | val_f1 0.1044 | grad(main/disc) 21.135/0.000 | lr(main/disc) 7.00e-05/3.50e-05 | 75.0s
2026-08-21 07:04:49 | Epoch 003/100 | loss 5.8261 | cls 3.0160 | tal -0.0764 | dual_g 2.8329 | dual_d 0.0000 | train_acc 0.4729 | train_full 0.2774 | val_acc 0.2833 | val_f1 0.4039 | grad(main/disc) 19.582/0.000 | lr(main/disc) 7.00e-05/3.50e-05 | 76.5s
2026-08-21 07:04:50 | New best val_f1_macro_present: 0.4039 at epoch 3
2026-08-21 07:06:04 | Epoch 004/100 | loss 4.9993 | cls 2.5945 | tal -0.0978 | dual_g 2.4341 | dual_d 0.0000 | train_acc 0.5896 | train_full 0.5527 | val_acc 0.6333 | val_f1 0.6058 | grad(main/disc) 18.893/0.000 | lr(main/disc) 7.00e-05/3.50e-05 | 74.4s
2026-08-21 07:06:04 | New best val_f1_macro_present: 0.6058 at epoch 4
2026-08-21 07:07:22 | Epoch 005/100 | loss 4.4475 | cls 2.2346 | tal -0.0807 | dual_g 2.2372 | dual_d 0.0000 | train_acc 0.7146 | train_full 0.5247 | val_acc 0.5417 | val_f1 0.5704 | grad(main/disc) 18.718/0.000 | lr(main/disc) 7.00e-05/3.50e-05 | 77.2s
2026-08-21 07:08:35 | Epoch 006/100 | loss 4.3149 | cls 2.1558 | tal -0.0279 | dual_g 2.1675 | dual_d 0.9701 | train_acc 0.7229 | train_full 0.7591 | val_acc 0.7167 | val_f1 0.7054 | grad(main/disc) 18.356/1.884 | lr(main/disc) 7.00e-05/3.50e-05 | 73.2s
2026-08-21 07:08:35 | New best val_f1_macro_present: 0.7054 at epoch 6
2026-08-21 07:09:52 | Epoch 007/100 | loss 3.8182 | cls 1.9468 | tal -0.0696 | dual_g 1.8923 | dual_d 0.9378 | train_acc 0.8083 | train_full 0.7742 | val_acc 0.7750 | val_f1 0.7282 | grad(main/disc) 15.786/1.776 | lr(main/disc) 7.00e-05/3.50e-05 | 76.6s
2026-08-21 07:09:52 | New best val_f1_macro_present: 0.7282 at epoch 7
2026-08-21 07:11:09 | Epoch 008/100 | loss 3.6212 | cls 1.8119 | tal -0.0782 | dual_g 1.8328 | dual_d 0.8662 | train_acc 0.8250 | train_full 0.8108 | val_acc 0.7583 | val_f1 0.7166 | grad(main/disc) 15.778/1.707 | lr(main/disc) 7.00e-05/3.50e-05 | 77.2s
2026-08-21 07:12:27 | Epoch 009/100 | loss 3.5170 | cls 1.7581 | tal -0.0254 | dual_g 1.7664 | dual_d 0.8319 | train_acc 0.8583 | train_full 0.8280 | val_acc 0.7917 | val_f1 0.7676 | grad(main/disc) 15.223/1.662 | lr(main/disc) 7.00e-05/3.50e-05 | 78.0s
2026-08-21 07:12:28 | New best val_f1_macro_present: 0.7676 at epoch 9
2026-08-21 07:13:42 | Epoch 010/100 | loss 3.3190 | cls 1.6567 | tal -0.0537 | dual_g 1.6784 | dual_d 0.8437 | train_acc 0.8812 | train_full 0.8731 | val_acc 0.8667 | val_f1 0.8407 | grad(main/disc) 13.870/1.567 | lr(main/disc) 7.00e-05/3.50e-05 | 74.9s
2026-08-21 07:13:43 | New best val_f1_macro_present: 0.8407 at epoch 10
2026-08-21 07:14:58 | Epoch 011/100 | loss 3.2099 | cls 1.5820 | tal -0.0680 | dual_g 1.6483 | dual_d 0.8566 | train_acc 0.9229 | train_full 0.8108 | val_acc 0.7583 | val_f1 0.7511 | grad(main/disc) 12.984/1.564 | lr(main/disc) 7.00e-05/3.50e-05 | 75.5s
2026-08-21 07:16:15 | Epoch 012/100 | loss 3.0798 | cls 1.5046 | tal -0.0653 | dual_g 1.5948 | dual_d 0.8456 | train_acc 0.9396 | train_full 0.9140 | val_acc 0.8583 | val_f1 0.8115 | grad(main/disc) 11.894/1.547 | lr(main/disc) 7.00e-05/3.50e-05 | 76.7s
2026-08-21 07:17:29 | Epoch 013/100 | loss 3.0349 | cls 1.5040 | tal -0.0729 | dual_g 1.5528 | dual_d 0.8639 | train_acc 0.9437 | train_full 0.8624 | val_acc 0.8000 | val_f1 0.7837 | grad(main/disc) 11.773/1.509 | lr(main/disc) 7.00e-05/3.50e-05 | 73.7s
2026-08-21 07:18:47 | Epoch 014/100 | loss 3.0087 | cls 1.4794 | tal 0.0045 | dual_g 1.5280 | dual_d 0.8499 | train_acc 0.9417 | train_full 0.8667 | val_acc 0.7917 | val_f1 0.7911 | grad(main/disc) 11.305/1.499 | lr(main/disc) 7.00e-05/3.50e-05 | 78.8s
2026-08-21 07:20:02 | Epoch 015/100 | loss 2.9887 | cls 1.4768 | tal -0.0310 | dual_g 1.5211 | dual_d 0.8549 | train_acc 0.9542 | train_full 0.9570 | val_acc 0.8917 | val_f1 0.8781 | grad(main/disc) 11.878/1.441 | lr(main/disc) 7.00e-05/3.50e-05 | 74.1s
2026-08-21 07:20:02 | New best val_f1_macro_present: 0.8781 at epoch 15
2026-08-21 07:21:19 | Epoch 016/100 | loss 2.9037 | cls 1.4332 | tal -0.0338 | dual_g 1.4807 | dual_d 0.8382 | train_acc 0.9563 | train_full 0.9290 | val_acc 0.8250 | val_f1 0.8007 | grad(main/disc) 10.270/1.411 | lr(main/disc) 7.00e-05/3.50e-05 | 76.9s
2026-08-21 07:22:32 | Epoch 017/100 | loss 2.7903 | cls 1.3695 | tal -0.0447 | dual_g 1.4342 | dual_d 0.8444 | train_acc 0.9667 | train_full 0.9570 | val_acc 0.9083 | val_f1 0.8732 | grad(main/disc) 7.817/1.414 | lr(main/disc) 7.00e-05/3.50e-05 | 73.0s
2026-08-21 07:23:45 | Epoch 018/100 | loss 2.7947 | cls 1.3833 | tal -0.1337 | dual_g 1.4515 | dual_d 0.8511 | train_acc 0.9667 | train_full 0.8559 | val_acc 0.8083 | val_f1 0.8209 | grad(main/disc) 9.177/1.392 | lr(main/disc) 7.00e-05/3.50e-05 | 72.7s
2026-08-21 07:25:03 | Epoch 019/100 | loss 2.7339 | cls 1.3749 | tal -0.1076 | dual_g 1.3913 | dual_d 0.8858 | train_acc 0.9667 | train_full 0.9290 | val_acc 0.8583 | val_f1 0.8619 | grad(main/disc) 7.674/1.466 | lr(main/disc) 7.00e-05/3.50e-05 | 78.6s
2026-08-21 07:26:20 | Epoch 020/100 | loss 2.7014 | cls 1.3462 | tal -0.0908 | dual_g 1.3825 | dual_d 0.8708 | train_acc 0.9833 | train_full 0.9656 | val_acc 0.9083 | val_f1 0.8825 | grad(main/disc) 6.841/1.391 | lr(main/disc) 7.00e-05/3.50e-05 | 77.2s
2026-08-21 07:26:21 | New best val_f1_macro_present: 0.8825 at epoch 20
2026-08-21 07:27:39 | Epoch 021/100 | loss 2.7159 | cls 1.3483 | tal -0.0726 | dual_g 1.3894 | dual_d 0.9396 | train_acc 0.9750 | train_full 0.9204 | val_acc 0.8917 | val_f1 0.8473 | grad(main/disc) 8.142/1.454 | lr(main/disc) 7.00e-05/3.50e-05 | 78.1s
2026-08-21 07:28:53 | Epoch 022/100 | loss 2.6462 | cls 1.3417 | tal -0.1728 | dual_g 1.3563 | dual_d 0.9373 | train_acc 0.9833 | train_full 0.9505 | val_acc 0.9083 | val_f1 0.8908 | grad(main/disc) 7.355/1.413 | lr(main/disc) 7.00e-05/3.50e-05 | 73.9s
2026-08-21 07:28:53 | New best val_f1_macro_present: 0.8908 at epoch 22
2026-08-21 07:30:09 | Epoch 023/100 | loss 2.6686 | cls 1.3284 | tal -0.1342 | dual_g 1.3804 | dual_d 0.9128 | train_acc 0.9792 | train_full 0.8301 | val_acc 0.7500 | val_f1 0.7806 | grad(main/disc) 7.866/1.407 | lr(main/disc) 7.00e-05/3.50e-05 | 76.3s
2026-08-21 07:31:29 | Epoch 024/100 | loss 2.6185 | cls 1.3156 | tal -0.1263 | dual_g 1.3408 | dual_d 0.9244 | train_acc 0.9875 | train_full 0.9548 | val_acc 0.9250 | val_f1 0.9259 | grad(main/disc) 6.457/1.371 | lr(main/disc) 7.00e-05/3.50e-05 | 80.1s
2026-08-21 07:31:30 | New best val_f1_macro_present: 0.9259 at epoch 24
2026-08-21 07:32:47 | Epoch 025/100 | loss 2.5751 | cls 1.2908 | tal -0.1485 | dual_g 1.3289 | dual_d 0.9722 | train_acc 0.9917 | train_full 0.9097 | val_acc 0.8750 | val_f1 0.8634 | grad(main/disc) 5.491/1.421 | lr(main/disc) 7.00e-05/3.50e-05 | 77.5s
2026-08-21 07:34:02 | Epoch 026/100 | loss 2.5397 | cls 1.2942 | tal -0.1919 | dual_g 1.3031 | dual_d 0.9783 | train_acc 0.9854 | train_full 0.9505 | val_acc 0.9083 | val_f1 0.8813 | grad(main/disc) 5.095/1.415 | lr(main/disc) 7.00e-05/3.50e-05 | 74.3s
2026-08-21 07:35:17 | Epoch 027/100 | loss 2.5271 | cls 1.2764 | tal -0.1663 | dual_g 1.3006 | dual_d 1.0345 | train_acc 0.9917 | train_full 0.9355 | val_acc 0.9000 | val_f1 0.8901 | grad(main/disc) 5.292/1.437 | lr(main/disc) 7.00e-05/3.50e-05 | 75.5s
2026-08-21 07:36:31 | Epoch 028/100 | loss 2.5140 | cls 1.2821 | tal -0.1993 | dual_g 1.2917 | dual_d 1.0049 | train_acc 0.9854 | train_full 0.9828 | val_acc 0.9583 | val_f1 0.9540 | grad(main/disc) 5.687/1.436 | lr(main/disc) 7.00e-05/3.50e-05 | 73.8s
2026-08-21 07:36:31 | New best val_f1_macro_present: 0.9540 at epoch 28
2026-08-21 07:37:46 | Epoch 029/100 | loss 2.4984 | cls 1.2777 | tal -0.2100 | dual_g 1.2837 | dual_d 1.0199 | train_acc 0.9938 | train_full 0.9441 | val_acc 0.9167 | val_f1 0.9132 | grad(main/disc) 5.409/1.375 | lr(main/disc) 7.00e-05/3.50e-05 | 74.4s
2026-08-21 07:39:02 | Epoch 030/100 | loss 2.4660 | cls 1.2623 | tal -0.2086 | dual_g 1.2663 | dual_d 1.0209 | train_acc 0.9896 | train_full 0.9634 | val_acc 0.9167 | val_f1 0.8939 | grad(main/disc) 4.636/1.405 | lr(main/disc) 7.00e-05/3.50e-05 | 76.4s
2026-08-21 07:40:16 | Epoch 031/100 | loss 2.4466 | cls 1.2502 | tal -0.2246 | dual_g 1.2637 | dual_d 1.0119 | train_acc 0.9958 | train_full 0.9462 | val_acc 0.9083 | val_f1 0.9000 | grad(main/disc) 4.328/1.372 | lr(main/disc) 7.00e-05/3.50e-05 | 74.4s
2026-08-21 07:41:34 | Epoch 032/100 | loss 2.4421 | cls 1.2484 | tal -0.1968 | dual_g 1.2528 | dual_d 1.0388 | train_acc 0.9958 | train_full 0.9441 | val_acc 0.9000 | val_f1 0.8959 | grad(main/disc) 4.164/1.393 | lr(main/disc) 7.00e-05/3.50e-05 | 78.0s
2026-08-21 07:42:46 | Epoch 033/100 | loss 2.4298 | cls 1.2425 | tal -0.2047 | dual_g 1.2487 | dual_d 1.0311 | train_acc 0.9979 | train_full 0.9720 | val_acc 0.9417 | val_f1 0.9212 | grad(main/disc) 4.040/1.366 | lr(main/disc) 7.00e-05/3.50e-05 | 72.1s
2026-08-21 07:44:03 | Epoch 034/100 | loss 2.4348 | cls 1.2422 | tal -0.1769 | dual_g 1.2457 | dual_d 1.0267 | train_acc 0.9875 | train_full 0.9957 | val_acc 0.9833 | val_f1 0.9714 | grad(main/disc) 4.018/1.397 | lr(main/disc) 7.00e-05/3.50e-05 | 76.4s
2026-08-21 07:44:03 | New best val_f1_macro_present: 0.9714 at epoch 34
2026-08-21 07:45:19 | Epoch 035/100 | loss 2.4564 | cls 1.2570 | tal -0.1466 | dual_g 1.2433 | dual_d 1.0434 | train_acc 0.9958 | train_full 0.9333 | val_acc 0.8917 | val_f1 0.8846 | grad(main/disc) 4.863/1.379 | lr(main/disc) 7.00e-05/3.50e-05 | 75.5s
2026-08-21 07:46:35 | Epoch 036/100 | loss 2.4122 | cls 1.2349 | tal -0.1578 | dual_g 1.2246 | dual_d 1.0301 | train_acc 0.9938 | train_full 0.9871 | val_acc 0.9583 | val_f1 0.9672 | grad(main/disc) 3.735/1.325 | lr(main/disc) 7.00e-05/3.50e-05 | 76.1s
2026-08-21 07:47:54 | Epoch 037/100 | loss 2.3984 | cls 1.2354 | tal -0.1985 | dual_g 1.2226 | dual_d 1.0278 | train_acc 0.9979 | train_full 0.9914 | val_acc 0.9583 | val_f1 0.9330 | grad(main/disc) 4.073/1.350 | lr(main/disc) 7.00e-05/3.50e-05 | 78.9s
2026-08-21 07:49:10 | Epoch 038/100 | loss 2.3802 | cls 1.2421 | tal -0.2542 | dual_g 1.2144 | dual_d 0.9950 | train_acc 0.9979 | train_full 0.9785 | val_acc 0.9250 | val_f1 0.9127 | grad(main/disc) 3.991/1.289 | lr(main/disc) 7.00e-05/3.50e-05 | 76.5s
2026-08-21 07:50:27 | Epoch 039/100 | loss 2.3187 | cls 1.2112 | tal -0.2943 | dual_g 1.1957 | dual_d 1.0009 | train_acc 0.9979 | train_full 0.9785 | val_acc 0.9500 | val_f1 0.9459 | grad(main/disc) 2.926/1.291 | lr(main/disc) 7.00e-05/3.50e-05 | 77.0s
2026-08-21 07:51:45 | Epoch 040/100 | loss 2.3266 | cls 1.2092 | tal -0.2801 | dual_g 1.2013 | dual_d 0.9845 | train_acc 1.0000 | train_full 0.9763 | val_acc 0.9500 | val_f1 0.9369 | grad(main/disc) 3.096/1.276 | lr(main/disc) 7.00e-05/3.50e-05 | 77.4s
2026-08-21 07:53:03 | Epoch 041/100 | loss 2.3310 | cls 1.2086 | tal -0.2411 | dual_g 1.1948 | dual_d 0.9950 | train_acc 1.0000 | train_full 0.9828 | val_acc 0.9500 | val_f1 0.9369 | grad(main/disc) 3.121/1.270 | lr(main/disc) 3.50e-05/1.75e-05 | 77.9s
2026-08-21 07:54:19 | Epoch 042/100 | loss 2.3148 | cls 1.2035 | tal -0.2478 | dual_g 1.1856 | dual_d 1.0170 | train_acc 1.0000 | train_full 0.9871 | val_acc 0.9583 | val_f1 0.9518 | grad(main/disc) 2.696/1.284 | lr(main/disc) 3.50e-05/1.75e-05 | 76.0s
2026-08-21 07:55:36 | Epoch 043/100 | loss 2.3225 | cls 1.2087 | tal -0.2424 | dual_g 1.1866 | dual_d 1.0352 | train_acc 0.9979 | train_full 0.9849 | val_acc 0.9500 | val_f1 0.9459 | grad(main/disc) 2.740/1.296 | lr(main/disc) 3.50e-05/1.75e-05 | 76.9s
2026-08-21 07:55:36 | Early stopping at epoch 43 after 9 epochs without val_f1_macro_present improvement.
2026-08-21 07:55:36 | Training complete. Best validation accuracy: 0.9833 | best val_f1_macro_present: 0.9714
2026-08-21 07:55:36 | Starting Dual_D standalone training
2026-08-21 07:55:36 | Run directory: runs/module_c_ablation/module_c_no_cycle_黑天_iter03_20260821_060834
2026-08-21 07:55:36 | Device: cuda
2026-08-21 07:55:36 | Source train samples: 992
2026-08-21 07:55:36 | Target train samples: 465
2026-08-21 07:55:36 | Target val samples: 120
2026-08-21 07:55:36 | Classes: 14
2026-08-21 07:55:36 | Data audit: same_dir=False | path_overlap(vis/ir/ais)=0/0/0 | content_overlap(vis/ir/ais)=0/0/0 | ais_index_overlap=0 | stem_mismatch(vis-ir/vis-ais)=578/0
2026-08-21 07:55:36 | source_train classes: present 14/14 | absent 0 | counts [0:120, 1:44, 2:69, 3:45, 4:40, 5:30, 6:64, 7:80, 8:116, 9:68, 10:57, 11:83, 12:48, 13:128]
2026-08-21 07:55:36 | target_train classes: present 8/14 | absent 6 | counts [0:100, 2:11, 3:16, 6:89, 9:162, 10:12, 11:44, 13:31]
2026-08-21 07:55:36 | target_val classes: present 8/14 | absent 6 | counts [0:26, 2:3, 3:5, 6:23, 9:41, 10:3, 11:11, 13:8]
2026-08-21 07:55:36 | Paired training classes: 8/14 | class ids [0, 2, 3, 6, 9, 10, 11, 13]
2026-08-21 07:55:36 | VIS/IR pairing: class-level-unpaired | count-mismatch classes train/val: 10/0 | AIS alignment: none | AIS rows train/val: 0/0
2026-08-21 07:55:36 | Model parameters: total=17277714 | trainable=17120210
Starting run 3/12: domain=黑天, iteration=3, seed=44
2026-08-21 07:56:50 | Epoch 001/100 | loss 8.8988 | cls 4.6039 | tal 0.2229 | dual_g 4.2280 | dual_d 0.0000 | train_acc 0.1458 | train_full 0.0968 | val_acc 0.1167 | val_f1 0.0655 | grad(main/disc) 26.708/0.000 | lr(main/disc) 7.00e-05/3.50e-05 | 73.9s
2026-08-21 07:56:50 | New best val_f1_macro_present: 0.0655 at epoch 1
2026-08-21 07:58:07 | Epoch 002/100 | loss 7.1273 | cls 3.6861 | tal -0.0253 | dual_g 3.4488 | dual_d 0.0000 | train_acc 0.2687 | train_full 0.2968 | val_acc 0.2917 | val_f1 0.3594 | grad(main/disc) 21.752/0.000 | lr(main/disc) 7.00e-05/3.50e-05 | 76.8s
2026-08-21 07:58:07 | New best val_f1_macro_present: 0.3594 at epoch 2
2026-08-21 07:59:25 | Epoch 003/100 | loss 5.7923 | cls 2.9898 | tal -0.0184 | dual_g 2.8080 | dual_d 0.0000 | train_acc 0.5062 | train_full 0.3312 | val_acc 0.3250 | val_f1 0.4083 | grad(main/disc) 19.078/0.000 | lr(main/disc) 7.00e-05/3.50e-05 | 77.2s
2026-08-21 07:59:25 | New best val_f1_macro_present: 0.4083 at epoch 3
2026-08-21 08:00:40 | Epoch 004/100 | loss 5.1003 | cls 2.5867 | tal 0.0338 | dual_g 2.5034 | dual_d 0.0000 | train_acc 0.6167 | train_full 0.5828 | val_acc 0.5667 | val_f1 0.5628 | grad(main/disc) 19.144/0.000 | lr(main/disc) 7.00e-05/3.50e-05 | 74.8s
2026-08-21 08:00:40 | New best val_f1_macro_present: 0.5628 at epoch 4
2026-08-21 08:01:57 | Epoch 005/100 | loss 4.6200 | cls 2.3050 | tal 0.0467 | dual_g 2.3010 | dual_d 0.0000 | train_acc 0.6687 | train_full 0.7032 | val_acc 0.6917 | val_f1 0.6641 | grad(main/disc) 18.641/0.000 | lr(main/disc) 7.00e-05/3.50e-05 | 76.6s
2026-08-21 08:01:57 | New best val_f1_macro_present: 0.6641 at epoch 5
2026-08-21 08:03:15 | Epoch 006/100 | loss 4.2349 | cls 2.1227 | tal 0.0503 | dual_g 2.0971 | dual_d 0.8835 | train_acc 0.7292 | train_full 0.7699 | val_acc 0.8167 | val_f1 0.7870 | grad(main/disc) 18.207/1.786 | lr(main/disc) 7.00e-05/3.50e-05 | 77.8s
2026-08-21 08:03:15 | New best val_f1_macro_present: 0.7870 at epoch 6
2026-08-21 08:04:32 | Epoch 007/100 | loss 3.9773 | cls 1.9735 | tal 0.0197 | dual_g 1.9979 | dual_d 0.8113 | train_acc 0.7917 | train_full 0.7097 | val_acc 0.7250 | val_f1 0.7110 | grad(main/disc) 17.506/1.672 | lr(main/disc) 7.00e-05/3.50e-05 | 77.2s
2026-08-21 08:05:48 | Epoch 008/100 | loss 3.8401 | cls 1.9137 | tal 0.0281 | dual_g 1.9179 | dual_d 0.8439 | train_acc 0.8125 | train_full 0.7978 | val_acc 0.7833 | val_f1 0.7651 | grad(main/disc) 16.765/1.680 | lr(main/disc) 7.00e-05/3.50e-05 | 75.5s
2026-08-21 08:07:05 | Epoch 009/100 | loss 3.7000 | cls 1.8546 | tal -0.0023 | dual_g 1.8461 | dual_d 0.7820 | train_acc 0.8479 | train_full 0.8430 | val_acc 0.8750 | val_f1 0.8434 | grad(main/disc) 16.150/1.545 | lr(main/disc) 7.00e-05/3.50e-05 | 76.9s
2026-08-21 08:07:05 | New best val_f1_macro_present: 0.8434 at epoch 9
2026-08-21 08:08:22 | Epoch 010/100 | loss 3.4161 | cls 1.6907 | tal -0.0370 | dual_g 1.7365 | dual_d 0.7974 | train_acc 0.8708 | train_full 0.9140 | val_acc 0.8833 | val_f1 0.8444 | grad(main/disc) 13.874/1.534 | lr(main/disc) 7.00e-05/3.50e-05 | 76.9s
2026-08-21 08:08:22 | New best val_f1_macro_present: 0.8444 at epoch 10
2026-08-21 08:09:39 | Epoch 011/100 | loss 3.2835 | cls 1.6344 | tal -0.0697 | dual_g 1.6700 | dual_d 0.7956 | train_acc 0.8646 | train_full 0.8753 | val_acc 0.8583 | val_f1 0.8105 | grad(main/disc) 14.204/1.471 | lr(main/disc) 7.00e-05/3.50e-05 | 76.5s
2026-08-21 08:10:57 | Epoch 012/100 | loss 3.1725 | cls 1.5848 | tal -0.0613 | dual_g 1.6060 | dual_d 0.7622 | train_acc 0.9125 | train_full 0.9183 | val_acc 0.8833 | val_f1 0.8379 | grad(main/disc) 13.522/1.395 | lr(main/disc) 7.00e-05/3.50e-05 | 77.7s
2026-08-21 08:12:14 | Epoch 013/100 | loss 3.0761 | cls 1.5343 | tal -0.0960 | dual_g 1.5705 | dual_d 0.7941 | train_acc 0.9271 | train_full 0.9376 | val_acc 0.9000 | val_f1 0.8901 | grad(main/disc) 11.915/1.402 | lr(main/disc) 7.00e-05/3.50e-05 | 77.3s
2026-08-21 08:12:14 | New best val_f1_macro_present: 0.8901 at epoch 13
2026-08-21 08:13:30 | Epoch 014/100 | loss 2.9929 | cls 1.4882 | tal -0.1368 | dual_g 1.5458 | dual_d 0.7546 | train_acc 0.9521 | train_full 0.9419 | val_acc 0.8750 | val_f1 0.8516 | grad(main/disc) 11.365/1.325 | lr(main/disc) 7.00e-05/3.50e-05 | 76.1s
2026-08-21 08:14:44 | Epoch 015/100 | loss 2.8989 | cls 1.4419 | tal -0.1726 | dual_g 1.5088 | dual_d 0.7487 | train_acc 0.9583 | train_full 0.8839 | val_acc 0.8667 | val_f1 0.8304 | grad(main/disc) 10.934/1.287 | lr(main/disc) 7.00e-05/3.50e-05 | 74.2s
2026-08-21 08:16:02 | Epoch 016/100 | loss 2.8002 | cls 1.3910 | tal -0.1819 | dual_g 1.4638 | dual_d 0.7641 | train_acc 0.9771 | train_full 0.9677 | val_acc 0.9500 | val_f1 0.9250 | grad(main/disc) 9.601/1.317 | lr(main/disc) 7.00e-05/3.50e-05 | 77.5s
2026-08-21 08:16:02 | New best val_f1_macro_present: 0.9250 at epoch 16
2026-08-21 08:17:19 | Epoch 017/100 | loss 2.9260 | cls 1.4872 | tal -0.1413 | dual_g 1.4812 | dual_d 0.7782 | train_acc 0.9542 | train_full 0.9441 | val_acc 0.9083 | val_f1 0.8893 | grad(main/disc) 14.841/1.306 | lr(main/disc) 7.00e-05/3.50e-05 | 76.6s
2026-08-21 08:18:35 | Epoch 018/100 | loss 2.7888 | cls 1.3782 | tal -0.1443 | dual_g 1.4539 | dual_d 0.8039 | train_acc 0.9667 | train_full 0.9527 | val_acc 0.9333 | val_f1 0.9017 | grad(main/disc) 9.700/1.335 | lr(main/disc) 7.00e-05/3.50e-05 | 75.8s
2026-08-21 08:19:50 | Epoch 019/100 | loss 2.7529 | cls 1.3803 | tal -0.1530 | dual_g 1.4185 | dual_d 0.7773 | train_acc 0.9729 | train_full 0.9613 | val_acc 0.9333 | val_f1 0.9267 | grad(main/disc) 8.501/1.309 | lr(main/disc) 7.00e-05/3.50e-05 | 75.6s
2026-08-21 08:19:51 | New best val_f1_macro_present: 0.9267 at epoch 19
2026-08-21 08:21:06 | Epoch 020/100 | loss 2.7252 | cls 1.3762 | tal -0.1871 | dual_g 1.4052 | dual_d 0.8096 | train_acc 0.9667 | train_full 0.9699 | val_acc 0.9417 | val_f1 0.9153 | grad(main/disc) 8.338/1.341 | lr(main/disc) 7.00e-05/3.50e-05 | 75.5s
2026-08-21 08:22:20 | Epoch 021/100 | loss 2.6665 | cls 1.3396 | tal -0.1760 | dual_g 1.3797 | dual_d 0.8406 | train_acc 0.9792 | train_full 0.9849 | val_acc 0.9667 | val_f1 0.9593 | grad(main/disc) 8.503/1.365 | lr(main/disc) 7.00e-05/3.50e-05 | 74.2s
2026-08-21 08:22:21 | New best val_f1_macro_present: 0.9593 at epoch 21
2026-08-21 08:23:40 | Epoch 022/100 | loss 2.6618 | cls 1.3405 | tal -0.1953 | dual_g 1.3799 | dual_d 0.8382 | train_acc 0.9812 | train_full 0.9785 | val_acc 0.9333 | val_f1 0.8899 | grad(main/disc) 7.540/1.346 | lr(main/disc) 7.00e-05/3.50e-05 | 79.2s
2026-08-21 08:24:58 | Epoch 023/100 | loss 2.6406 | cls 1.3383 | tal -0.1801 | dual_g 1.3563 | dual_d 0.8677 | train_acc 0.9896 | train_full 0.9828 | val_acc 0.9250 | val_f1 0.9042 | grad(main/disc) 7.079/1.389 | lr(main/disc) 7.00e-05/3.50e-05 | 78.0s
2026-08-21 08:26:15 | Epoch 024/100 | loss 2.6046 | cls 1.3098 | tal -0.1914 | dual_g 1.3523 | dual_d 0.8648 | train_acc 0.9958 | train_full 0.9656 | val_acc 0.9333 | val_f1 0.9034 | grad(main/disc) 8.808/1.356 | lr(main/disc) 7.00e-05/3.50e-05 | 77.2s
2026-08-21 08:27:30 | Epoch 025/100 | loss 2.5875 | cls 1.3155 | tal -0.2389 | dual_g 1.3437 | dual_d 0.9153 | train_acc 0.9896 | train_full 0.9763 | val_acc 0.9417 | val_f1 0.9248 | grad(main/disc) 6.679/1.374 | lr(main/disc) 7.00e-05/3.50e-05 | 74.8s
2026-08-21 08:28:48 | Epoch 026/100 | loss 2.5475 | cls 1.2965 | tal -0.2148 | dual_g 1.3154 | dual_d 0.9526 | train_acc 0.9896 | train_full 0.9613 | val_acc 0.9417 | val_f1 0.9107 | grad(main/disc) 5.982/1.391 | lr(main/disc) 7.00e-05/3.50e-05 | 78.2s
2026-08-21 08:30:03 | Epoch 027/100 | loss 2.5461 | cls 1.2929 | tal -0.1929 | dual_g 1.3111 | dual_d 0.9193 | train_acc 0.9896 | train_full 0.9806 | val_acc 0.9500 | val_f1 0.9305 | grad(main/disc) 6.095/1.342 | lr(main/disc) 7.00e-05/3.50e-05 | 75.2s
2026-08-21 08:31:20 | Epoch 028/100 | loss 2.4974 | cls 1.2754 | tal -0.2242 | dual_g 1.2893 | dual_d 0.9647 | train_acc 0.9958 | train_full 0.9806 | val_acc 0.9417 | val_f1 0.9153 | grad(main/disc) 4.987/1.353 | lr(main/disc) 3.50e-05/1.75e-05 | 76.7s
2026-08-21 08:32:39 | Epoch 029/100 | loss 2.5020 | cls 1.2725 | tal -0.1780 | dual_g 1.2829 | dual_d 0.9914 | train_acc 0.9875 | train_full 0.9935 | val_acc 0.9667 | val_f1 0.9543 | grad(main/disc) 4.653/1.404 | lr(main/disc) 3.50e-05/1.75e-05 | 78.8s
2026-08-21 08:33:53 | Epoch 030/100 | loss 2.4864 | cls 1.2719 | tal -0.1861 | dual_g 1.2703 | dual_d 0.9168 | train_acc 0.9896 | train_full 0.9935 | val_acc 0.9667 | val_f1 0.9584 | grad(main/disc) 4.877/1.328 | lr(main/disc) 3.50e-05/1.75e-05 | 74.1s
2026-08-21 08:33:53 | Early stopping at epoch 30 after 9 epochs without val_f1_macro_present improvement.
2026-08-21 08:33:53 | Training complete. Best validation accuracy: 0.9667 | best val_f1_macro_present: 0.9593
2026-08-21 08:33:53 | Starting Dual_D standalone training
2026-08-21 08:33:53 | Run directory: runs/module_c_ablation/module_c_no_cycle_逆光_iter01_20260821_060834
2026-08-21 08:33:53 | Device: cuda
2026-08-21 08:33:53 | Source train samples: 992
2026-08-21 08:33:53 | Target train samples: 132
2026-08-21 08:33:53 | Target val samples: 37
2026-08-21 08:33:53 | Classes: 14
2026-08-21 08:33:53 | Data audit: same_dir=False | path_overlap(vis/ir/ais)=0/0/0 | content_overlap(vis/ir/ais)=0/0/0 | ais_index_overlap=0 | stem_mismatch(vis-ir/vis-ais)=157/0
2026-08-21 08:33:53 | source_train classes: present 14/14 | absent 0 | counts [0:120, 1:44, 2:69, 3:45, 4:40, 5:30, 6:64, 7:80, 8:116, 9:68, 10:57, 11:83, 12:48, 13:128]
2026-08-21 08:33:53 | target_train classes: present 9/14 | absent 5 | counts [0:20, 2:12, 4:12, 5:2, 9:16, 10:16, 11:29, 12:4, 13:21]
2026-08-21 08:33:53 | target_val classes: present 9/14 | absent 5 | counts [0:6, 2:3, 4:4, 5:1, 9:4, 10:4, 11:8, 12:1, 13:6]
2026-08-21 08:33:53 | Paired training classes: 9/14 | class ids [0, 2, 4, 5, 9, 10, 11, 12, 13]
2026-08-21 08:33:53 | VIS/IR pairing: class-level-unpaired | count-mismatch classes train/val: 10/1 | AIS alignment: none | AIS rows train/val: 0/0
2026-08-21 08:33:53 | Model parameters: total=17277714 | trainable=17120210
Starting run 4/12: domain=逆光, iteration=1, seed=45
2026-08-21 08:34:20 | Epoch 001/100 | loss 10.4964 | cls 5.6273 | tal -0.2279 | dual_g 4.9375 | dual_d 0.0000 | train_acc 0.0500 | train_full 0.0152 | val_acc 0.0000 | val_f1 0.0000 | grad(main/disc) 32.741/0.000 | lr(main/disc) 7.00e-05/3.50e-05 | 26.7s
2026-08-21 08:34:20 | New best val_f1_macro_present: 0.0000 at epoch 1
2026-08-21 08:34:47 | Epoch 002/100 | loss 8.9066 | cls 4.8036 | tal -0.3375 | dual_g 4.2042 | dual_d 0.0000 | train_acc 0.1313 | train_full 0.1818 | val_acc 0.1622 | val_f1 0.1313 | grad(main/disc) 27.495/0.000 | lr(main/disc) 7.00e-05/3.50e-05 | 26.8s
2026-08-21 08:34:47 | New best val_f1_macro_present: 0.1313 at epoch 2
2026-08-21 08:35:14 | Epoch 003/100 | loss 7.7709 | cls 4.0294 | tal -0.2027 | dual_g 3.8023 | dual_d 0.0000 | train_acc 0.2250 | train_full 0.2803 | val_acc 0.3243 | val_f1 0.2271 | grad(main/disc) 23.665/0.000 | lr(main/disc) 7.00e-05/3.50e-05 | 26.2s
2026-08-21 08:35:14 | New best val_f1_macro_present: 0.2271 at epoch 3
2026-08-21 08:35:41 | Epoch 004/100 | loss 7.1852 | cls 3.7608 | tal -0.2521 | dual_g 3.5000 | dual_d 0.0000 | train_acc 0.3688 | train_full 0.4470 | val_acc 0.5135 | val_f1 0.4265 | grad(main/disc) 22.467/0.000 | lr(main/disc) 7.00e-05/3.50e-05 | 26.8s
2026-08-21 08:35:41 | New best val_f1_macro_present: 0.4265 at epoch 4
2026-08-21 08:36:07 | Epoch 005/100 | loss 6.6924 | cls 3.5411 | tal -0.3178 | dual_g 3.2467 | dual_d 0.0000 | train_acc 0.3625 | train_full 0.6364 | val_acc 0.5676 | val_f1 0.5580 | grad(main/disc) 21.144/0.000 | lr(main/disc) 7.00e-05/3.50e-05 | 26.1s
2026-08-21 08:36:07 | New best val_f1_macro_present: 0.5580 at epoch 5
2026-08-21 08:36:35 | Epoch 006/100 | loss 6.2814 | cls 3.3449 | tal -0.2709 | dual_g 3.0178 | dual_d 0.7596 | train_acc 0.4437 | train_full 0.7424 | val_acc 0.6757 | val_f1 0.7171 | grad(main/disc) 20.422/1.718 | lr(main/disc) 7.00e-05/3.50e-05 | 27.5s
2026-08-21 08:36:35 | New best val_f1_macro_present: 0.7171 at epoch 6
2026-08-21 08:37:02 | Epoch 007/100 | loss 5.7613 | cls 2.9769 | tal -0.2933 | dual_g 2.8723 | dual_d 0.7497 | train_acc 0.4500 | train_full 0.8030 | val_acc 0.7568 | val_f1 0.7849 | grad(main/disc) 19.480/1.747 | lr(main/disc) 7.00e-05/3.50e-05 | 27.2s
2026-08-21 08:37:03 | New best val_f1_macro_present: 0.7849 at epoch 7
2026-08-21 08:37:29 | Epoch 008/100 | loss 5.6536 | cls 2.9661 | tal -0.1726 | dual_g 2.7393 | dual_d 0.7926 | train_acc 0.5250 | train_full 0.8409 | val_acc 0.8108 | val_f1 0.8189 | grad(main/disc) 20.480/1.853 | lr(main/disc) 7.00e-05/3.50e-05 | 26.2s
2026-08-21 08:37:29 | New best val_f1_macro_present: 0.8189 at epoch 8
2026-08-21 08:37:56 | Epoch 009/100 | loss 5.4315 | cls 2.7254 | tal -0.1866 | dual_g 2.7621 | dual_d 0.7360 | train_acc 0.6125 | train_full 0.8182 | val_acc 0.8108 | val_f1 0.8464 | grad(main/disc) 19.163/1.641 | lr(main/disc) 7.00e-05/3.50e-05 | 26.3s
2026-08-21 08:37:56 | New best val_f1_macro_present: 0.8464 at epoch 9
2026-08-21 08:38:22 | Epoch 010/100 | loss 5.3262 | cls 2.7519 | tal -0.1360 | dual_g 2.6151 | dual_d 0.7823 | train_acc 0.5625 | train_full 0.7652 | val_acc 0.7568 | val_f1 0.7639 | grad(main/disc) 20.132/1.643 | lr(main/disc) 7.00e-05/3.50e-05 | 26.0s
2026-08-21 08:38:48 | Epoch 011/100 | loss 5.1171 | cls 2.5530 | tal -0.1326 | dual_g 2.6039 | dual_d 0.7386 | train_acc 0.6375 | train_full 0.8030 | val_acc 0.8378 | val_f1 0.8365 | grad(main/disc) 19.668/1.653 | lr(main/disc) 7.00e-05/3.50e-05 | 26.2s
2026-08-21 08:39:15 | Epoch 012/100 | loss 4.7313 | cls 2.4208 | tal -0.1563 | dual_g 2.3574 | dual_d 0.7324 | train_acc 0.6750 | train_full 0.8409 | val_acc 0.8649 | val_f1 0.8680 | grad(main/disc) 17.415/1.598 | lr(main/disc) 7.00e-05/3.50e-05 | 26.8s
2026-08-21 08:39:15 | New best val_f1_macro_present: 0.8680 at epoch 12
2026-08-21 08:39:42 | Epoch 013/100 | loss 4.7612 | cls 2.4365 | tal -0.2531 | dual_g 2.4007 | dual_d 0.7564 | train_acc 0.6562 | train_full 0.8864 | val_acc 0.8378 | val_f1 0.8654 | grad(main/disc) 18.466/1.652 | lr(main/disc) 7.00e-05/3.50e-05 | 26.6s
2026-08-21 08:40:09 | Epoch 014/100 | loss 4.5352 | cls 2.3459 | tal -0.2149 | dual_g 2.2538 | dual_d 0.7359 | train_acc 0.7250 | train_full 0.8864 | val_acc 0.8649 | val_f1 0.8829 | grad(main/disc) 17.056/1.638 | lr(main/disc) 7.00e-05/3.50e-05 | 26.8s
2026-08-21 08:40:09 | New best val_f1_macro_present: 0.8829 at epoch 14
2026-08-21 08:40:35 | Epoch 015/100 | loss 4.3602 | cls 2.2353 | tal -0.2279 | dual_g 2.1932 | dual_d 0.7473 | train_acc 0.7750 | train_full 0.9167 | val_acc 0.9189 | val_f1 0.9358 | grad(main/disc) 17.553/1.673 | lr(main/disc) 7.00e-05/3.50e-05 | 26.4s
2026-08-21 08:40:36 | New best val_f1_macro_present: 0.9358 at epoch 15
2026-08-21 08:41:02 | Epoch 016/100 | loss 4.4657 | cls 2.3033 | tal -0.2487 | dual_g 2.2370 | dual_d 0.8024 | train_acc 0.7438 | train_full 0.9318 | val_acc 0.8919 | val_f1 0.9041 | grad(main/disc) 18.606/1.700 | lr(main/disc) 7.00e-05/3.50e-05 | 26.0s
2026-08-21 08:41:30 | Epoch 017/100 | loss 4.0039 | cls 2.0377 | tal -0.2302 | dual_g 2.0353 | dual_d 0.7755 | train_acc 0.7812 | train_full 0.9545 | val_acc 0.8649 | val_f1 0.8812 | grad(main/disc) 15.817/1.545 | lr(main/disc) 7.00e-05/3.50e-05 | 28.2s
2026-08-21 08:41:57 | Epoch 018/100 | loss 3.8410 | cls 1.9384 | tal -0.2325 | dual_g 1.9724 | dual_d 0.7518 | train_acc 0.8000 | train_full 0.9394 | val_acc 0.9189 | val_f1 0.9358 | grad(main/disc) 15.774/1.576 | lr(main/disc) 7.00e-05/3.50e-05 | 26.8s
2026-08-21 08:42:22 | Epoch 019/100 | loss 3.6602 | cls 1.8180 | tal -0.2282 | dual_g 1.9107 | dual_d 0.7826 | train_acc 0.8500 | train_full 0.9621 | val_acc 0.9189 | val_f1 0.9333 | grad(main/disc) 13.903/1.628 | lr(main/disc) 7.00e-05/3.50e-05 | 25.6s
2026-08-21 08:42:50 | Epoch 020/100 | loss 3.7682 | cls 1.8548 | tal -0.2696 | dual_g 1.9943 | dual_d 0.8050 | train_acc 0.8750 | train_full 0.9167 | val_acc 0.9730 | val_f1 0.9776 | grad(main/disc) 15.697/1.621 | lr(main/disc) 7.00e-05/3.50e-05 | 27.5s
2026-08-21 08:42:50 | New best val_f1_macro_present: 0.9776 at epoch 20
2026-08-21 08:43:16 | Epoch 021/100 | loss 3.5766 | cls 1.7731 | tal -0.2011 | dual_g 1.8638 | dual_d 0.7902 | train_acc 0.8375 | train_full 0.9545 | val_acc 0.9459 | val_f1 0.9578 | grad(main/disc) 14.107/1.604 | lr(main/disc) 7.00e-05/3.50e-05 | 26.4s
2026-08-21 08:43:43 | Epoch 022/100 | loss 3.7202 | cls 1.8683 | tal -0.1716 | dual_g 1.9035 | dual_d 0.7871 | train_acc 0.8625 | train_full 0.9621 | val_acc 0.9459 | val_f1 0.9578 | grad(main/disc) 15.402/1.567 | lr(main/disc) 7.00e-05/3.50e-05 | 27.0s
2026-08-21 08:44:09 | Epoch 023/100 | loss 3.7067 | cls 1.8553 | tal -0.2508 | dual_g 1.9266 | dual_d 0.7452 | train_acc 0.8750 | train_full 0.9848 | val_acc 0.9459 | val_f1 0.9578 | grad(main/disc) 16.513/1.519 | lr(main/disc) 7.00e-05/3.50e-05 | 26.0s
2026-08-21 08:44:36 | Epoch 024/100 | loss 3.5399 | cls 1.7900 | tal -0.2820 | dual_g 1.8345 | dual_d 0.8002 | train_acc 0.8562 | train_full 0.9848 | val_acc 0.9730 | val_f1 0.9802 | grad(main/disc) 14.821/1.537 | lr(main/disc) 7.00e-05/3.50e-05 | 26.1s
2026-08-21 08:44:36 | New best val_f1_macro_present: 0.9802 at epoch 24
2026-08-21 08:45:01 | Epoch 025/100 | loss 3.4730 | cls 1.6789 | tal -0.1913 | dual_g 1.8515 | dual_d 0.7769 | train_acc 0.9062 | train_full 0.9773 | val_acc 1.0000 | val_f1 1.0000 | grad(main/disc) 14.356/1.573 | lr(main/disc) 7.00e-05/3.50e-05 | 25.5s
2026-08-21 08:45:02 | New best val_f1_macro_present: 1.0000 at epoch 25
2026-08-21 08:45:27 | Epoch 026/100 | loss 3.3392 | cls 1.6590 | tal -0.2050 | dual_g 1.7417 | dual_d 0.7293 | train_acc 0.9313 | train_full 0.9470 | val_acc 0.9730 | val_f1 0.9776 | grad(main/disc) 12.165/1.473 | lr(main/disc) 7.00e-05/3.50e-05 | 25.4s
2026-08-21 08:45:54 | Epoch 027/100 | loss 3.4756 | cls 1.7086 | tal -0.1515 | dual_g 1.8124 | dual_d 0.7852 | train_acc 0.8875 | train_full 0.9773 | val_acc 0.9459 | val_f1 0.9578 | grad(main/disc) 14.979/1.558 | lr(main/disc) 7.00e-05/3.50e-05 | 26.6s
2026-08-21 08:46:21 | Epoch 028/100 | loss 3.4293 | cls 1.7119 | tal -0.1757 | dual_g 1.7701 | dual_d 0.7361 | train_acc 0.8750 | train_full 0.9848 | val_acc 0.9730 | val_f1 0.9776 | grad(main/disc) 14.690/1.482 | lr(main/disc) 7.00e-05/3.50e-05 | 26.9s
2026-08-21 08:46:48 | Epoch 029/100 | loss 3.2822 | cls 1.5991 | tal -0.1538 | dual_g 1.7291 | dual_d 0.7652 | train_acc 0.9500 | train_full 0.9848 | val_acc 0.9730 | val_f1 0.9776 | grad(main/disc) 12.588/1.499 | lr(main/disc) 7.00e-05/3.50e-05 | 27.1s
2026-08-21 08:47:15 | Epoch 030/100 | loss 3.2739 | cls 1.6008 | tal -0.1008 | dual_g 1.7033 | dual_d 0.7530 | train_acc 0.9375 | train_full 0.9924 | val_acc 0.9459 | val_f1 0.9578 | grad(main/disc) 13.040/1.478 | lr(main/disc) 7.00e-05/3.50e-05 | 27.0s
2026-08-21 08:47:41 | Epoch 031/100 | loss 3.2295 | cls 1.5852 | tal -0.1288 | dual_g 1.6830 | dual_d 0.8249 | train_acc 0.9625 | train_full 0.9924 | val_acc 1.0000 | val_f1 1.0000 | grad(main/disc) 13.022/1.555 | lr(main/disc) 7.00e-05/3.50e-05 | 26.7s
2026-08-21 08:48:07 | Epoch 032/100 | loss 3.1613 | cls 1.5751 | tal -0.1618 | dual_g 1.6348 | dual_d 0.7915 | train_acc 0.9125 | train_full 1.0000 | val_acc 1.0000 | val_f1 1.0000 | grad(main/disc) 13.652/1.484 | lr(main/disc) 3.50e-05/1.75e-05 | 26.0s
2026-08-21 08:48:34 | Epoch 033/100 | loss 3.2261 | cls 1.6029 | tal -0.1786 | dual_g 1.6768 | dual_d 0.7405 | train_acc 0.9187 | train_full 0.9924 | val_acc 1.0000 | val_f1 1.0000 | grad(main/disc) 13.225/1.405 | lr(main/disc) 3.50e-05/1.75e-05 | 27.0s
2026-08-21 08:49:02 | Epoch 034/100 | loss 2.9955 | cls 1.4368 | tal -0.1076 | dual_g 1.5910 | dual_d 0.8086 | train_acc 0.9750 | train_full 0.9924 | val_acc 1.0000 | val_f1 1.0000 | grad(main/disc) 9.941/1.537 | lr(main/disc) 3.50e-05/1.75e-05 | 28.1s
2026-08-21 08:49:02 | Early stopping at epoch 34 after 9 epochs without val_f1_macro_present improvement.
2026-08-21 08:49:02 | Training complete. Best validation accuracy: 1.0000 | best val_f1_macro_present: 1.0000
2026-08-21 08:49:02 | Starting Dual_D standalone training
2026-08-21 08:49:02 | Run directory: runs/module_c_ablation/module_c_no_cycle_逆光_iter02_20260821_060834
2026-08-21 08:49:02 | Device: cuda
2026-08-21 08:49:02 | Source train samples: 992
2026-08-21 08:49:02 | Target train samples: 132
2026-08-21 08:49:02 | Target val samples: 37
2026-08-21 08:49:02 | Classes: 14
2026-08-21 08:49:02 | Data audit: same_dir=False | path_overlap(vis/ir/ais)=0/0/0 | content_overlap(vis/ir/ais)=0/0/0 | ais_index_overlap=0 | stem_mismatch(vis-ir/vis-ais)=157/0
2026-08-21 08:49:02 | source_train classes: present 14/14 | absent 0 | counts [0:120, 1:44, 2:69, 3:45, 4:40, 5:30, 6:64, 7:80, 8:116, 9:68, 10:57, 11:83, 12:48, 13:128]
2026-08-21 08:49:02 | target_train classes: present 9/14 | absent 5 | counts [0:20, 2:12, 4:12, 5:2, 9:16, 10:16, 11:29, 12:4, 13:21]
2026-08-21 08:49:02 | target_val classes: present 9/14 | absent 5 | counts [0:6, 2:3, 4:4, 5:1, 9:4, 10:4, 11:8, 12:1, 13:6]
2026-08-21 08:49:02 | Paired training classes: 9/14 | class ids [0, 2, 4, 5, 9, 10, 11, 12, 13]
2026-08-21 08:49:02 | VIS/IR pairing: class-level-unpaired | count-mismatch classes train/val: 10/1 | AIS alignment: none | AIS rows train/val: 0/0
2026-08-21 08:49:03 | Model parameters: total=17277714 | trainable=17120210
Starting run 5/12: domain=逆光, iteration=2, seed=46
2026-08-21 08:49:31 | Epoch 001/100 | loss 10.1207 | cls 5.3942 | tal -0.0942 | dual_g 4.7547 | dual_d 0.0000 | train_acc 0.0625 | train_full 0.1288 | val_acc 0.1892 | val_f1 0.1038 | grad(main/disc) 32.572/0.000 | lr(main/disc) 7.00e-05/3.50e-05 | 27.7s
2026-08-21 08:49:31 | New best val_f1_macro_present: 0.1038 at epoch 1
2026-08-21 08:49:58 | Epoch 002/100 | loss 8.6116 | cls 4.6487 | tal -0.0599 | dual_g 3.9808 | dual_d 0.0000 | train_acc 0.1250 | train_full 0.1364 | val_acc 0.2703 | val_f1 0.2223 | grad(main/disc) 27.125/0.000 | lr(main/disc) 7.00e-05/3.50e-05 | 26.7s
2026-08-21 08:49:58 | New best val_f1_macro_present: 0.2223 at epoch 2
2026-08-21 08:50:25 | Epoch 003/100 | loss 7.5431 | cls 3.8700 | tal 0.0196 | dual_g 3.6673 | dual_d 0.0000 | train_acc 0.3375 | train_full 0.2121 | val_acc 0.3243 | val_f1 0.2468 | grad(main/disc) 24.291/0.000 | lr(main/disc) 7.00e-05/3.50e-05 | 27.1s
2026-08-21 08:50:26 | New best val_f1_macro_present: 0.2468 at epoch 3
2026-08-21 08:50:52 | Epoch 004/100 | loss 7.1631 | cls 3.7228 | tal 0.0842 | dual_g 3.4150 | dual_d 0.0000 | train_acc 0.2687 | train_full 0.3485 | val_acc 0.3784 | val_f1 0.3894 | grad(main/disc) 22.538/0.000 | lr(main/disc) 7.00e-05/3.50e-05 | 26.8s
2026-08-21 08:50:53 | New best val_f1_macro_present: 0.3894 at epoch 4
2026-08-21 08:51:20 | Epoch 005/100 | loss 6.9438 | cls 3.6649 | tal 0.2327 | dual_g 3.2090 | dual_d 0.0000 | train_acc 0.3812 | train_full 0.6894 | val_acc 0.7297 | val_f1 0.7950 | grad(main/disc) 22.278/0.000 | lr(main/disc) 7.00e-05/3.50e-05 | 27.7s
2026-08-21 08:51:21 | New best val_f1_macro_present: 0.7950 at epoch 5
2026-08-21 08:51:48 | Epoch 006/100 | loss 6.3824 | cls 3.2235 | tal 0.1900 | dual_g 3.1020 | dual_d 0.8020 | train_acc 0.4000 | train_full 0.9091 | val_acc 0.8649 | val_f1 0.8875 | grad(main/disc) 20.452/1.940 | lr(main/disc) 7.00e-05/3.50e-05 | 27.0s
2026-08-21 08:51:48 | New best val_f1_macro_present: 0.8875 at epoch 6
2026-08-21 08:52:14 | Epoch 007/100 | loss 5.9924 | cls 3.0557 | tal 0.2524 | dual_g 2.8610 | dual_d 0.7985 | train_acc 0.5062 | train_full 0.8712 | val_acc 0.8378 | val_f1 0.8723 | grad(main/disc) 19.877/2.008 | lr(main/disc) 7.00e-05/3.50e-05 | 26.0s
2026-08-21 08:52:41 | Epoch 008/100 | loss 5.9978 | cls 3.0772 | tal 0.2594 | dual_g 2.8428 | dual_d 0.8443 | train_acc 0.4688 | train_full 0.8864 | val_acc 0.8919 | val_f1 0.9156 | grad(main/disc) 20.417/1.954 | lr(main/disc) 7.00e-05/3.50e-05 | 27.1s
2026-08-21 08:52:41 | New best val_f1_macro_present: 0.9156 at epoch 8
2026-08-21 08:53:08 | Epoch 009/100 | loss 5.5721 | cls 2.8361 | tal 0.2684 | dual_g 2.6555 | dual_d 0.8142 | train_acc 0.5625 | train_full 0.9091 | val_acc 0.9189 | val_f1 0.9358 | grad(main/disc) 19.369/1.903 | lr(main/disc) 7.00e-05/3.50e-05 | 26.8s
2026-08-21 08:53:09 | New best val_f1_macro_present: 0.9358 at epoch 9
2026-08-21 08:53:36 | Epoch 010/100 | loss 4.9868 | cls 2.4710 | tal 0.2569 | dual_g 2.4387 | dual_d 0.7932 | train_acc 0.7000 | train_full 0.9015 | val_acc 0.9189 | val_f1 0.9299 | grad(main/disc) 17.817/1.905 | lr(main/disc) 7.00e-05/3.50e-05 | 27.3s
2026-08-21 08:54:03 | Epoch 011/100 | loss 5.0356 | cls 2.4714 | tal 0.2029 | dual_g 2.5033 | dual_d 0.7608 | train_acc 0.6500 | train_full 0.9394 | val_acc 0.9189 | val_f1 0.9299 | grad(main/disc) 18.716/1.794 | lr(main/disc) 7.00e-05/3.50e-05 | 26.9s
2026-08-21 08:54:30 | Epoch 012/100 | loss 4.9124 | cls 2.4450 | tal 0.2317 | dual_g 2.3978 | dual_d 0.7487 | train_acc 0.6312 | train_full 0.9470 | val_acc 0.9459 | val_f1 0.9616 | grad(main/disc) 18.361/1.705 | lr(main/disc) 7.00e-05/3.50e-05 | 27.0s
2026-08-21 08:54:30 | New best val_f1_macro_present: 0.9616 at epoch 12
2026-08-21 08:54:57 | Epoch 013/100 | loss 4.7932 | cls 2.3548 | tal 0.1831 | dual_g 2.3835 | dual_d 0.7703 | train_acc 0.7188 | train_full 0.9545 | val_acc 0.9189 | val_f1 0.9299 | grad(main/disc) 19.694/1.711 | lr(main/disc) 7.00e-05/3.50e-05 | 27.1s
2026-08-21 08:55:24 | Epoch 014/100 | loss 4.7122 | cls 2.3936 | tal 0.1172 | dual_g 2.2834 | dual_d 0.7431 | train_acc 0.6625 | train_full 0.9394 | val_acc 0.9730 | val_f1 0.9776 | grad(main/disc) 19.523/1.694 | lr(main/disc) 7.00e-05/3.50e-05 | 26.4s
2026-08-21 08:55:24 | New best val_f1_macro_present: 0.9776 at epoch 14
2026-08-21 08:55:51 | Epoch 015/100 | loss 4.4979 | cls 2.2343 | tal 0.1290 | dual_g 2.2249 | dual_d 0.7257 | train_acc 0.7250 | train_full 0.9167 | val_acc 0.9459 | val_f1 0.9246 | grad(main/disc) 17.646/1.602 | lr(main/disc) 7.00e-05/3.50e-05 | 27.0s
2026-08-21 08:56:18 | Epoch 016/100 | loss 4.3025 | cls 2.1629 | tal 0.0457 | dual_g 2.1260 | dual_d 0.6930 | train_acc 0.7625 | train_full 0.9394 | val_acc 0.9459 | val_f1 0.9578 | grad(main/disc) 17.431/1.555 | lr(main/disc) 7.00e-05/3.50e-05 | 27.4s
2026-08-21 08:56:45 | Epoch 017/100 | loss 4.3781 | cls 2.2501 | tal 0.1749 | dual_g 2.0755 | dual_d 0.6743 | train_acc 0.7875 | train_full 0.9697 | val_acc 0.9459 | val_f1 0.9616 | grad(main/disc) 17.903/1.613 | lr(main/disc) 7.00e-05/3.50e-05 | 27.1s
2026-08-21 08:57:12 | Epoch 018/100 | loss 4.2397 | cls 2.0249 | tal 0.1600 | dual_g 2.1668 | dual_d 0.6899 | train_acc 0.8438 | train_full 0.9848 | val_acc 0.9189 | val_f1 0.9261 | grad(main/disc) 18.047/1.572 | lr(main/disc) 7.00e-05/3.50e-05 | 26.4s
2026-08-21 08:57:38 | Epoch 019/100 | loss 3.8863 | cls 1.8925 | tal 0.0996 | dual_g 1.9639 | dual_d 0.7216 | train_acc 0.8438 | train_full 0.9924 | val_acc 0.9730 | val_f1 0.9802 | grad(main/disc) 16.722/1.540 | lr(main/disc) 7.00e-05/3.50e-05 | 26.1s
2026-08-21 08:57:38 | New best val_f1_macro_present: 0.9802 at epoch 19
2026-08-21 08:58:05 | Epoch 020/100 | loss 3.8097 | cls 1.8576 | tal 0.0872 | dual_g 1.9259 | dual_d 0.7004 | train_acc 0.8625 | train_full 0.9621 | val_acc 0.9730 | val_f1 0.9802 | grad(main/disc) 14.945/1.529 | lr(main/disc) 7.00e-05/3.50e-05 | 26.3s
2026-08-21 08:58:31 | Epoch 021/100 | loss 3.7851 | cls 1.8200 | tal 0.0369 | dual_g 1.9541 | dual_d 0.6662 | train_acc 0.8938 | train_full 0.9470 | val_acc 0.9730 | val_f1 0.9802 | grad(main/disc) 16.476/1.443 | lr(main/disc) 7.00e-05/3.50e-05 | 26.6s
2026-08-21 08:58:58 | Epoch 022/100 | loss 3.7126 | cls 1.8021 | tal -0.0177 | dual_g 1.9158 | dual_d 0.7668 | train_acc 0.8688 | train_full 0.9545 | val_acc 0.9730 | val_f1 0.9802 | grad(main/disc) 17.538/1.607 | lr(main/disc) 7.00e-05/3.50e-05 | 26.8s
2026-08-21 08:59:26 | Epoch 023/100 | loss 3.7046 | cls 1.8353 | tal -0.0368 | dual_g 1.8804 | dual_d 0.7270 | train_acc 0.8250 | train_full 0.9848 | val_acc 0.9730 | val_f1 0.9802 | grad(main/disc) 15.722/1.536 | lr(main/disc) 7.00e-05/3.50e-05 | 28.1s
2026-08-21 08:59:54 | Epoch 024/100 | loss 3.5786 | cls 1.7980 | tal -0.0640 | dual_g 1.7998 | dual_d 0.7220 | train_acc 0.8812 | train_full 0.9848 | val_acc 0.9730 | val_f1 0.9802 | grad(main/disc) 14.688/1.517 | lr(main/disc) 7.00e-05/3.50e-05 | 27.8s
2026-08-21 09:00:20 | Epoch 025/100 | loss 3.5775 | cls 1.7714 | tal -0.0321 | dual_g 1.8157 | dual_d 0.7174 | train_acc 0.9000 | train_full 0.9848 | val_acc 1.0000 | val_f1 1.0000 | grad(main/disc) 15.007/1.520 | lr(main/disc) 7.00e-05/3.50e-05 | 26.6s
2026-08-21 09:00:21 | New best val_f1_macro_present: 1.0000 at epoch 25
2026-08-21 09:00:47 | Epoch 026/100 | loss 3.6164 | cls 1.7873 | tal 0.0218 | dual_g 1.8226 | dual_d 0.7004 | train_acc 0.8625 | train_full 1.0000 | val_acc 0.9730 | val_f1 0.9802 | grad(main/disc) 17.266/1.538 | lr(main/disc) 7.00e-05/3.50e-05 | 26.6s
2026-08-21 09:01:14 | Epoch 027/100 | loss 3.4742 | cls 1.7050 | tal 0.0701 | dual_g 1.7482 | dual_d 0.8017 | train_acc 0.8875 | train_full 0.9924 | val_acc 0.9730 | val_f1 0.9683 | grad(main/disc) 16.408/1.597 | lr(main/disc) 7.00e-05/3.50e-05 | 26.9s
2026-08-21 09:01:40 | Epoch 028/100 | loss 3.5218 | cls 1.7406 | tal -0.0222 | dual_g 1.7879 | dual_d 0.7776 | train_acc 0.8812 | train_full 0.9924 | val_acc 1.0000 | val_f1 1.0000 | grad(main/disc) 14.968/1.548 | lr(main/disc) 7.00e-05/3.50e-05 | 26.1s
2026-08-21 09:02:05 | Epoch 029/100 | loss 3.3831 | cls 1.6352 | tal -0.0864 | dual_g 1.7738 | dual_d 0.7456 | train_acc 0.9437 | train_full 0.9924 | val_acc 1.0000 | val_f1 1.0000 | grad(main/disc) 15.632/1.531 | lr(main/disc) 7.00e-05/3.50e-05 | 25.1s
2026-08-21 09:02:32 | Epoch 030/100 | loss 3.2297 | cls 1.5608 | tal -0.0204 | dual_g 1.6750 | dual_d 0.7439 | train_acc 0.9313 | train_full 0.9924 | val_acc 1.0000 | val_f1 1.0000 | grad(main/disc) 11.826/1.548 | lr(main/disc) 7.00e-05/3.50e-05 | 26.7s
2026-08-21 09:02:59 | Epoch 031/100 | loss 3.3094 | cls 1.6027 | tal -0.0504 | dual_g 1.7219 | dual_d 0.7465 | train_acc 0.9375 | train_full 1.0000 | val_acc 1.0000 | val_f1 1.0000 | grad(main/disc) 14.643/1.535 | lr(main/disc) 7.00e-05/3.50e-05 | 26.4s
2026-08-21 09:03:25 | Epoch 032/100 | loss 3.2131 | cls 1.5233 | tal -0.0014 | dual_g 1.6903 | dual_d 0.7604 | train_acc 0.9500 | train_full 1.0000 | val_acc 1.0000 | val_f1 1.0000 | grad(main/disc) 11.880/1.494 | lr(main/disc) 3.50e-05/1.75e-05 | 26.6s
2026-08-21 09:03:52 | Epoch 033/100 | loss 3.1948 | cls 1.5850 | tal -0.0394 | dual_g 1.6215 | dual_d 0.8127 | train_acc 0.9437 | train_full 1.0000 | val_acc 1.0000 | val_f1 1.0000 | grad(main/disc) 12.391/1.559 | lr(main/disc) 3.50e-05/1.75e-05 | 27.1s
2026-08-21 09:04:19 | Epoch 034/100 | loss 3.0665 | cls 1.4754 | tal 0.0303 | dual_g 1.5820 | dual_d 0.7723 | train_acc 0.9563 | train_full 0.9924 | val_acc 0.9730 | val_f1 0.9802 | grad(main/disc) 10.066/1.484 | lr(main/disc) 3.50e-05/1.75e-05 | 26.9s
2026-08-21 09:04:19 | Early stopping at epoch 34 after 9 epochs without val_f1_macro_present improvement.
2026-08-21 09:04:19 | Training complete. Best validation accuracy: 1.0000 | best val_f1_macro_present: 1.0000
2026-08-21 09:04:19 | Starting Dual_D standalone training
2026-08-21 09:04:19 | Run directory: runs/module_c_ablation/module_c_no_cycle_逆光_iter03_20260821_060834
2026-08-21 09:04:19 | Device: cuda
2026-08-21 09:04:19 | Source train samples: 992
2026-08-21 09:04:19 | Target train samples: 132
2026-08-21 09:04:19 | Target val samples: 37
2026-08-21 09:04:19 | Classes: 14
2026-08-21 09:04:19 | Data audit: same_dir=False | path_overlap(vis/ir/ais)=0/0/0 | content_overlap(vis/ir/ais)=0/0/0 | ais_index_overlap=0 | stem_mismatch(vis-ir/vis-ais)=157/0
2026-08-21 09:04:19 | source_train classes: present 14/14 | absent 0 | counts [0:120, 1:44, 2:69, 3:45, 4:40, 5:30, 6:64, 7:80, 8:116, 9:68, 10:57, 11:83, 12:48, 13:128]
2026-08-21 09:04:19 | target_train classes: present 9/14 | absent 5 | counts [0:20, 2:12, 4:12, 5:2, 9:16, 10:16, 11:29, 12:4, 13:21]
2026-08-21 09:04:19 | target_val classes: present 9/14 | absent 5 | counts [0:6, 2:3, 4:4, 5:1, 9:4, 10:4, 11:8, 12:1, 13:6]
2026-08-21 09:04:19 | Paired training classes: 9/14 | class ids [0, 2, 4, 5, 9, 10, 11, 12, 13]
2026-08-21 09:04:19 | VIS/IR pairing: class-level-unpaired | count-mismatch classes train/val: 10/1 | AIS alignment: none | AIS rows train/val: 0/0
2026-08-21 09:04:20 | Model parameters: total=17277714 | trainable=17120210
Starting run 6/12: domain=逆光, iteration=3, seed=47
2026-08-21 09:04:46 | Epoch 001/100 | loss 9.9375 | cls 5.3489 | tal -0.0016 | dual_g 4.5891 | dual_d 0.0000 | train_acc 0.1375 | train_full 0.1364 | val_acc 0.1892 | val_f1 0.0634 | grad(main/disc) 30.170/0.000 | lr(main/disc) 7.00e-05/3.50e-05 | 26.5s
2026-08-21 09:04:47 | New best val_f1_macro_present: 0.0634 at epoch 1
2026-08-21 09:05:13 | Epoch 002/100 | loss 8.6827 | cls 4.5813 | tal 0.1718 | dual_g 4.0499 | dual_d 0.0000 | train_acc 0.1875 | train_full 0.2424 | val_acc 0.2432 | val_f1 0.0857 | grad(main/disc) 25.277/0.000 | lr(main/disc) 7.00e-05/3.50e-05 | 26.7s
2026-08-21 09:05:14 | New best val_f1_macro_present: 0.0857 at epoch 2
2026-08-21 09:05:39 | Epoch 003/100 | loss 7.8061 | cls 4.0294 | tal 0.1061 | dual_g 3.7449 | dual_d 0.0000 | train_acc 0.2812 | train_full 0.1970 | val_acc 0.2703 | val_f1 0.1092 | grad(main/disc) 22.737/0.000 | lr(main/disc) 7.00e-05/3.50e-05 | 25.3s
2026-08-21 09:05:39 | New best val_f1_macro_present: 0.1092 at epoch 3
2026-08-21 09:06:04 | Epoch 004/100 | loss 6.9279 | cls 3.6986 | tal 0.1218 | dual_g 3.1927 | dual_d 0.0000 | train_acc 0.3625 | train_full 0.3258 | val_acc 0.4054 | val_f1 0.3504 | grad(main/disc) 21.098/0.000 | lr(main/disc) 7.00e-05/3.50e-05 | 24.6s
2026-08-21 09:06:04 | New best val_f1_macro_present: 0.3504 at epoch 4
2026-08-21 09:06:31 | Epoch 005/100 | loss 6.5750 | cls 3.4237 | tal 0.0104 | dual_g 3.1482 | dual_d 0.0000 | train_acc 0.4062 | train_full 0.5682 | val_acc 0.6216 | val_f1 0.6321 | grad(main/disc) 20.254/0.000 | lr(main/disc) 7.00e-05/3.50e-05 | 26.5s
2026-08-21 09:06:31 | New best val_f1_macro_present: 0.6321 at epoch 5
2026-08-21 09:06:57 | Epoch 006/100 | loss 6.4619 | cls 3.3167 | tal 0.0661 | dual_g 3.1254 | dual_d 0.8823 | train_acc 0.3750 | train_full 0.7955 | val_acc 0.7568 | val_f1 0.7606 | grad(main/disc) 19.581/1.907 | lr(main/disc) 7.00e-05/3.50e-05 | 25.8s
2026-08-21 09:06:57 | New best val_f1_macro_present: 0.7606 at epoch 6
2026-08-21 09:07:24 | Epoch 007/100 | loss 5.8813 | cls 3.0103 | tal 0.0273 | dual_g 2.8628 | dual_d 0.8100 | train_acc 0.5312 | train_full 0.8485 | val_acc 0.7568 | val_f1 0.7442 | grad(main/disc) 18.585/1.815 | lr(main/disc) 7.00e-05/3.50e-05 | 26.2s
2026-08-21 09:07:50 | Epoch 008/100 | loss 5.7011 | cls 2.8941 | tal 0.0225 | dual_g 2.8002 | dual_d 0.7855 | train_acc 0.5000 | train_full 0.8636 | val_acc 0.8108 | val_f1 0.8411 | grad(main/disc) 18.344/1.729 | lr(main/disc) 7.00e-05/3.50e-05 | 26.4s
2026-08-21 09:07:50 | New best val_f1_macro_present: 0.8411 at epoch 8
2026-08-21 09:08:16 | Epoch 009/100 | loss 5.4703 | cls 2.8781 | tal -0.0251 | dual_g 2.5998 | dual_d 0.7955 | train_acc 0.6125 | train_full 0.8864 | val_acc 0.8378 | val_f1 0.8644 | grad(main/disc) 18.277/1.790 | lr(main/disc) 7.00e-05/3.50e-05 | 26.1s
2026-08-21 09:08:17 | New best val_f1_macro_present: 0.8644 at epoch 9
2026-08-21 09:08:42 | Epoch 010/100 | loss 5.1823 | cls 2.6172 | tal -0.0083 | dual_g 2.5675 | dual_d 0.7271 | train_acc 0.5938 | train_full 0.9091 | val_acc 0.9189 | val_f1 0.9331 | grad(main/disc) 17.521/1.634 | lr(main/disc) 7.00e-05/3.50e-05 | 25.5s
2026-08-21 09:08:43 | New best val_f1_macro_present: 0.9331 at epoch 10
2026-08-21 09:09:08 | Epoch 011/100 | loss 4.9499 | cls 2.5536 | tal -0.0228 | dual_g 2.4031 | dual_d 0.7761 | train_acc 0.6562 | train_full 0.9091 | val_acc 0.8919 | val_f1 0.8941 | grad(main/disc) 17.586/1.696 | lr(main/disc) 7.00e-05/3.50e-05 | 25.8s
2026-08-21 09:09:35 | Epoch 012/100 | loss 4.8448 | cls 2.4322 | tal -0.0452 | dual_g 2.4262 | dual_d 0.7262 | train_acc 0.7125 | train_full 0.8788 | val_acc 0.8919 | val_f1 0.8844 | grad(main/disc) 18.460/1.628 | lr(main/disc) 7.00e-05/3.50e-05 | 26.8s
2026-08-21 09:10:02 | Epoch 013/100 | loss 4.5957 | cls 2.3450 | tal -0.0886 | dual_g 2.2772 | dual_d 0.6958 | train_acc 0.7500 | train_full 0.9545 | val_acc 0.8649 | val_f1 0.8718 | grad(main/disc) 18.050/1.562 | lr(main/disc) 7.00e-05/3.50e-05 | 27.0s
2026-08-21 09:10:29 | Epoch 014/100 | loss 4.3718 | cls 2.2287 | tal -0.0335 | dual_g 2.1532 | dual_d 0.7544 | train_acc 0.7937 | train_full 0.9621 | val_acc 0.9459 | val_f1 0.9616 | grad(main/disc) 16.974/1.662 | lr(main/disc) 7.00e-05/3.50e-05 | 26.9s
2026-08-21 09:10:29 | New best val_f1_macro_present: 0.9616 at epoch 14
2026-08-21 09:10:57 | Epoch 015/100 | loss 4.1891 | cls 2.0933 | tal -0.1100 | dual_g 2.1289 | dual_d 0.7580 | train_acc 0.8562 | train_full 0.9242 | val_acc 0.8378 | val_f1 0.8405 | grad(main/disc) 17.310/1.621 | lr(main/disc) 7.00e-05/3.50e-05 | 27.3s
2026-08-21 09:11:24 | Epoch 016/100 | loss 4.0806 | cls 2.1049 | tal -0.1278 | dual_g 2.0140 | dual_d 0.7681 | train_acc 0.7500 | train_full 0.9318 | val_acc 0.9189 | val_f1 0.9299 | grad(main/disc) 17.697/1.595 | lr(main/disc) 7.00e-05/3.50e-05 | 27.4s
2026-08-21 09:11:50 | Epoch 017/100 | loss 4.1538 | cls 2.1553 | tal -0.0897 | dual_g 2.0254 | dual_d 0.7520 | train_acc 0.8375 | train_full 0.9697 | val_acc 0.9459 | val_f1 0.9616 | grad(main/disc) 17.835/1.606 | lr(main/disc) 7.00e-05/3.50e-05 | 26.1s
2026-08-21 09:12:17 | Epoch 018/100 | loss 3.7149 | cls 1.8422 | tal -0.1161 | dual_g 1.9075 | dual_d 0.7288 | train_acc 0.8500 | train_full 0.9697 | val_acc 0.9730 | val_f1 0.9840 | grad(main/disc) 14.785/1.515 | lr(main/disc) 7.00e-05/3.50e-05 | 26.7s
2026-08-21 09:12:17 | New best val_f1_macro_present: 0.9840 at epoch 18
2026-08-21 09:12:43 | Epoch 019/100 | loss 3.6717 | cls 1.8857 | tal -0.1177 | dual_g 1.8213 | dual_d 0.7768 | train_acc 0.8438 | train_full 0.9697 | val_acc 0.9189 | val_f1 0.9087 | grad(main/disc) 14.302/1.707 | lr(main/disc) 7.00e-05/3.50e-05 | 25.8s
2026-08-21 09:13:10 | Epoch 020/100 | loss 3.6064 | cls 1.7728 | tal -0.0773 | dual_g 1.8568 | dual_d 0.7340 | train_acc 0.8938 | train_full 0.9773 | val_acc 0.9189 | val_f1 0.9396 | grad(main/disc) 15.398/1.508 | lr(main/disc) 7.00e-05/3.50e-05 | 26.6s
2026-08-21 09:13:36 | Epoch 021/100 | loss 3.5203 | cls 1.7513 | tal -0.1344 | dual_g 1.8093 | dual_d 0.7674 | train_acc 0.8688 | train_full 0.9848 | val_acc 0.9189 | val_f1 0.9396 | grad(main/disc) 13.351/1.549 | lr(main/disc) 7.00e-05/3.50e-05 | 26.5s
2026-08-21 09:14:03 | Epoch 022/100 | loss 3.4126 | cls 1.6735 | tal -0.1109 | dual_g 1.7723 | dual_d 0.8244 | train_acc 0.8938 | train_full 0.9924 | val_acc 0.9189 | val_f1 0.9358 | grad(main/disc) 15.047/1.560 | lr(main/disc) 7.00e-05/3.50e-05 | 26.7s
2026-08-21 09:14:28 | Epoch 023/100 | loss 3.4295 | cls 1.7433 | tal -0.1489 | dual_g 1.7309 | dual_d 0.7760 | train_acc 0.8812 | train_full 0.9697 | val_acc 0.9189 | val_f1 0.9396 | grad(main/disc) 15.217/1.511 | lr(main/disc) 7.00e-05/3.50e-05 | 25.7s
2026-08-21 09:14:55 | Epoch 024/100 | loss 3.4310 | cls 1.6854 | tal -0.0968 | dual_g 1.7746 | dual_d 0.7841 | train_acc 0.9125 | train_full 0.9848 | val_acc 0.8919 | val_f1 0.8923 | grad(main/disc) 16.685/1.596 | lr(main/disc) 7.00e-05/3.50e-05 | 26.5s
2026-08-21 09:15:21 | Epoch 025/100 | loss 3.3228 | cls 1.6463 | tal -0.1541 | dual_g 1.7227 | dual_d 0.7571 | train_acc 0.8562 | train_full 1.0000 | val_acc 0.9730 | val_f1 0.9802 | grad(main/disc) 13.569/1.560 | lr(main/disc) 3.50e-05/1.75e-05 | 26.1s
2026-08-21 09:15:47 | Epoch 026/100 | loss 3.1757 | cls 1.5660 | tal -0.1648 | dual_g 1.6592 | dual_d 0.8168 | train_acc 0.9000 | train_full 0.9924 | val_acc 0.9730 | val_f1 0.9840 | grad(main/disc) 13.609/1.568 | lr(main/disc) 3.50e-05/1.75e-05 | 26.2s
2026-08-21 09:16:15 | Epoch 027/100 | loss 3.2390 | cls 1.6118 | tal -0.1935 | dual_g 1.6853 | dual_d 0.7900 | train_acc 0.8875 | train_full 1.0000 | val_acc 0.9459 | val_f1 0.9616 | grad(main/disc) 14.368/1.471 | lr(main/disc) 3.50e-05/1.75e-05 | 28.0s
2026-08-21 09:16:15 | Early stopping at epoch 27 after 9 epochs without val_f1_macro_present improvement.
2026-08-21 09:16:15 | Training complete. Best validation accuracy: 0.9730 | best val_f1_macro_present: 0.9840
2026-08-21 09:16:15 | Starting Dual_D standalone training
2026-08-21 09:16:15 | Run directory: runs/module_c_ablation/module_c_no_cycle_雾天_iter01_20260821_060834
2026-08-21 09:16:15 | Device: cuda
2026-08-21 09:16:15 | Source train samples: 992
2026-08-21 09:16:15 | Target train samples: 507
2026-08-21 09:16:15 | Target val samples: 132
2026-08-21 09:16:15 | Classes: 14
2026-08-21 09:16:15 | Data audit: same_dir=False | path_overlap(vis/ir/ais)=0/0/0 | content_overlap(vis/ir/ais)=0/0/0 | ais_index_overlap=0 | stem_mismatch(vis-ir/vis-ais)=630/0
2026-08-21 09:16:15 | source_train classes: present 14/14 | absent 0 | counts [0:120, 1:44, 2:69, 3:45, 4:40, 5:30, 6:64, 7:80, 8:116, 9:68, 10:57, 11:83, 12:48, 13:128]
2026-08-21 09:16:15 | target_train classes: present 9/14 | absent 5 | counts [0:35, 1:18, 2:119, 6:110, 8:25, 9:50, 10:48, 12:9, 13:93]
2026-08-21 09:16:15 | target_val classes: present 9/14 | absent 5 | counts [0:9, 1:5, 2:30, 6:28, 8:7, 9:13, 10:13, 12:3, 13:24]
2026-08-21 09:16:15 | Paired training classes: 9/14 | class ids [0, 1, 2, 6, 8, 9, 10, 12, 13]
2026-08-21 09:16:15 | VIS/IR pairing: class-level-unpaired | count-mismatch classes train/val: 10/2 | AIS alignment: none | AIS rows train/val: 0/0
2026-08-21 09:16:16 | Model parameters: total=17277714 | trainable=17120210
Starting run 7/12: domain=雾天, iteration=1, seed=48
2026-08-21 09:17:38 | Epoch 001/100 | loss 9.1639 | cls 4.7859 | tal 0.0307 | dual_g 4.3687 | dual_d 0.0000 | train_acc 0.1348 | train_full 0.2288 | val_acc 0.1818 | val_f1 0.1133 | grad(main/disc) 27.766/0.000 | lr(main/disc) 7.00e-05/3.50e-05 | 81.4s
2026-08-21 09:17:38 | New best val_f1_macro_present: 0.1133 at epoch 1
2026-08-21 09:19:00 | Epoch 002/100 | loss 7.3753 | cls 3.8030 | tal -0.0424 | dual_g 3.5851 | dual_d 0.0000 | train_acc 0.2480 | train_full 0.3984 | val_acc 0.3939 | val_f1 0.3760 | grad(main/disc) 22.365/0.000 | lr(main/disc) 7.00e-05/3.50e-05 | 81.6s
2026-08-21 09:19:00 | New best val_f1_macro_present: 0.3760 at epoch 2
2026-08-21 09:20:20 | Epoch 003/100 | loss 6.7393 | cls 3.4819 | tal -0.0703 | dual_g 3.2785 | dual_d 0.0000 | train_acc 0.3105 | train_full 0.4655 | val_acc 0.4091 | val_f1 0.4312 | grad(main/disc) 20.253/0.000 | lr(main/disc) 7.00e-05/3.50e-05 | 79.9s
2026-08-21 09:20:20 | New best val_f1_macro_present: 0.4312 at epoch 3
2026-08-21 09:21:41 | Epoch 004/100 | loss 6.2212 | cls 3.1755 | tal -0.0612 | dual_g 3.0640 | dual_d 0.0000 | train_acc 0.3496 | train_full 0.6114 | val_acc 0.5909 | val_f1 0.6147 | grad(main/disc) 19.789/0.000 | lr(main/disc) 7.00e-05/3.50e-05 | 81.4s
2026-08-21 09:21:42 | New best val_f1_macro_present: 0.6147 at epoch 4
2026-08-21 09:23:02 | Epoch 005/100 | loss 5.6723 | cls 2.9213 | tal -0.1093 | dual_g 2.7838 | dual_d 0.0000 | train_acc 0.4746 | train_full 0.6903 | val_acc 0.6591 | val_f1 0.6920 | grad(main/disc) 19.358/0.000 | lr(main/disc) 7.00e-05/3.50e-05 | 79.9s
2026-08-21 09:23:02 | New best val_f1_macro_present: 0.6920 at epoch 5
2026-08-21 09:24:22 | Epoch 006/100 | loss 5.1445 | cls 2.5521 | tal -0.0934 | dual_g 2.6204 | dual_d 0.9222 | train_acc 0.5586 | train_full 0.6805 | val_acc 0.6591 | val_f1 0.6986 | grad(main/disc) 19.420/2.004 | lr(main/disc) 7.00e-05/3.50e-05 | 80.0s
2026-08-21 09:24:22 | New best val_f1_macro_present: 0.6986 at epoch 6
2026-08-21 09:25:43 | Epoch 007/100 | loss 4.9483 | cls 2.5076 | tal -0.0463 | dual_g 2.4546 | dual_d 0.9153 | train_acc 0.5762 | train_full 0.8245 | val_acc 0.7803 | val_f1 0.7621 | grad(main/disc) 18.923/2.019 | lr(main/disc) 7.00e-05/3.50e-05 | 80.6s
2026-08-21 09:25:43 | New best val_f1_macro_present: 0.7621 at epoch 7
2026-08-21 09:27:05 | Epoch 008/100 | loss 4.7124 | cls 2.3617 | tal -0.0981 | dual_g 2.3801 | dual_d 0.8347 | train_acc 0.6289 | train_full 0.7613 | val_acc 0.7424 | val_f1 0.7383 | grad(main/disc) 20.138/1.873 | lr(main/disc) 7.00e-05/3.50e-05 | 81.5s
2026-08-21 09:28:27 | Epoch 009/100 | loss 4.3422 | cls 2.1650 | tal -0.1178 | dual_g 2.2126 | dual_d 0.8267 | train_acc 0.6641 | train_full 0.7850 | val_acc 0.7652 | val_f1 0.7616 | grad(main/disc) 19.540/1.821 | lr(main/disc) 7.00e-05/3.50e-05 | 82.5s
2026-08-21 09:29:50 | Epoch 010/100 | loss 4.1055 | cls 2.0375 | tal -0.0469 | dual_g 2.0821 | dual_d 0.7917 | train_acc 0.7578 | train_full 0.8600 | val_acc 0.8485 | val_f1 0.8480 | grad(main/disc) 18.085/1.792 | lr(main/disc) 7.00e-05/3.50e-05 | 82.4s
2026-08-21 09:29:50 | New best val_f1_macro_present: 0.8480 at epoch 10
2026-08-21 09:31:10 | Epoch 011/100 | loss 3.8543 | cls 1.9036 | tal -0.1057 | dual_g 1.9824 | dual_d 0.7602 | train_acc 0.7734 | train_full 0.8856 | val_acc 0.8712 | val_f1 0.8580 | grad(main/disc) 17.297/1.727 | lr(main/disc) 7.00e-05/3.50e-05 | 80.1s
2026-08-21 09:31:10 | New best val_f1_macro_present: 0.8580 at epoch 11
2026-08-21 09:32:32 | Epoch 012/100 | loss 3.6838 | cls 1.7951 | tal -0.0935 | dual_g 1.9167 | dual_d 0.7639 | train_acc 0.8223 | train_full 0.9073 | val_acc 0.8561 | val_f1 0.8352 | grad(main/disc) 16.420/1.631 | lr(main/disc) 7.00e-05/3.50e-05 | 81.7s
2026-08-21 09:33:52 | Epoch 013/100 | loss 3.5226 | cls 1.7456 | tal -0.1087 | dual_g 1.8096 | dual_d 0.7493 | train_acc 0.8223 | train_full 0.9487 | val_acc 0.9167 | val_f1 0.9245 | grad(main/disc) 15.619/1.605 | lr(main/disc) 7.00e-05/3.50e-05 | 79.6s
2026-08-21 09:33:52 | New best val_f1_macro_present: 0.9245 at epoch 13
2026-08-21 09:35:13 | Epoch 014/100 | loss 3.3596 | cls 1.6491 | tal -0.1792 | dual_g 1.7643 | dual_d 0.7378 | train_acc 0.8555 | train_full 0.9310 | val_acc 0.9015 | val_f1 0.8711 | grad(main/disc) 15.117/1.597 | lr(main/disc) 7.00e-05/3.50e-05 | 81.2s
2026-08-21 09:36:33 | Epoch 015/100 | loss 3.2807 | cls 1.6074 | tal -0.1378 | dual_g 1.7146 | dual_d 0.7195 | train_acc 0.8906 | train_full 0.9507 | val_acc 0.9470 | val_f1 0.9345 | grad(main/disc) 13.663/1.519 | lr(main/disc) 7.00e-05/3.50e-05 | 79.6s
2026-08-21 09:36:33 | New best val_f1_macro_present: 0.9345 at epoch 15
2026-08-21 09:37:51 | Epoch 016/100 | loss 3.1608 | cls 1.5447 | tal -0.1552 | dual_g 1.6627 | dual_d 0.7223 | train_acc 0.9258 | train_full 0.9369 | val_acc 0.9470 | val_f1 0.9528 | grad(main/disc) 13.100/1.522 | lr(main/disc) 7.00e-05/3.50e-05 | 78.0s
2026-08-21 09:37:51 | New best val_f1_macro_present: 0.9528 at epoch 16
2026-08-21 09:39:14 | Epoch 017/100 | loss 3.1705 | cls 1.5800 | tal -0.1228 | dual_g 1.6273 | dual_d 0.7618 | train_acc 0.8984 | train_full 0.9803 | val_acc 0.9621 | val_f1 0.9563 | grad(main/disc) 13.545/1.532 | lr(main/disc) 7.00e-05/3.50e-05 | 82.6s
2026-08-21 09:39:14 | New best val_f1_macro_present: 0.9563 at epoch 17
2026-08-21 09:40:33 | Epoch 018/100 | loss 3.0916 | cls 1.5091 | tal -0.0961 | dual_g 1.6113 | dual_d 0.7455 | train_acc 0.9355 | train_full 0.9684 | val_acc 0.9470 | val_f1 0.9333 | grad(main/disc) 13.556/1.481 | lr(main/disc) 7.00e-05/3.50e-05 | 78.8s
2026-08-21 09:41:53 | Epoch 019/100 | loss 3.0212 | cls 1.4769 | tal -0.0915 | dual_g 1.5718 | dual_d 0.7778 | train_acc 0.9297 | train_full 0.9507 | val_acc 0.9470 | val_f1 0.9517 | grad(main/disc) 12.182/1.486 | lr(main/disc) 7.00e-05/3.50e-05 | 79.8s
2026-08-21 09:43:10 | Epoch 020/100 | loss 2.9918 | cls 1.4678 | tal -0.0444 | dual_g 1.5373 | dual_d 0.8070 | train_acc 0.9219 | train_full 0.9744 | val_acc 0.9621 | val_f1 0.9495 | grad(main/disc) 11.504/1.492 | lr(main/disc) 7.00e-05/3.50e-05 | 77.4s
2026-08-21 09:44:32 | Epoch 021/100 | loss 2.9461 | cls 1.4439 | tal -0.0735 | dual_g 1.5243 | dual_d 0.8122 | train_acc 0.9492 | train_full 0.9763 | val_acc 0.9697 | val_f1 0.9557 | grad(main/disc) 11.719/1.488 | lr(main/disc) 7.00e-05/3.50e-05 | 81.6s
2026-08-21 09:45:53 | Epoch 022/100 | loss 2.8652 | cls 1.4140 | tal -0.1016 | dual_g 1.4816 | dual_d 0.8503 | train_acc 0.9551 | train_full 0.9803 | val_acc 0.9621 | val_f1 0.9647 | grad(main/disc) 10.033/1.524 | lr(main/disc) 7.00e-05/3.50e-05 | 80.9s
2026-08-21 09:45:53 | New best val_f1_macro_present: 0.9647 at epoch 22
2026-08-21 09:47:12 | Epoch 023/100 | loss 2.8697 | cls 1.4165 | tal -0.1377 | dual_g 1.4945 | dual_d 0.8622 | train_acc 0.9590 | train_full 0.9921 | val_acc 0.9848 | val_f1 0.9830 | grad(main/disc) 10.176/1.508 | lr(main/disc) 7.00e-05/3.50e-05 | 79.0s
2026-08-21 09:47:13 | New best val_f1_macro_present: 0.9830 at epoch 23
2026-08-21 09:48:32 | Epoch 024/100 | loss 2.8657 | cls 1.4019 | tal -0.0859 | dual_g 1.4896 | dual_d 0.9049 | train_acc 0.9355 | train_full 0.9862 | val_acc 0.9848 | val_f1 0.9832 | grad(main/disc) 10.135/1.515 | lr(main/disc) 7.00e-05/3.50e-05 | 79.6s
2026-08-21 09:49:51 | Epoch 025/100 | loss 2.8644 | cls 1.3926 | tal -0.0309 | dual_g 1.4812 | dual_d 0.8918 | train_acc 0.9707 | train_full 0.9941 | val_acc 0.9773 | val_f1 0.9767 | grad(main/disc) 9.268/1.482 | lr(main/disc) 7.00e-05/3.50e-05 | 78.4s
2026-08-21 09:51:08 | Epoch 026/100 | loss 2.7654 | cls 1.3755 | tal -0.1339 | dual_g 1.4300 | dual_d 0.9698 | train_acc 0.9727 | train_full 0.9941 | val_acc 0.9697 | val_f1 0.9717 | grad(main/disc) 8.967/1.560 | lr(main/disc) 7.00e-05/3.50e-05 | 77.4s
2026-08-21 09:52:31 | Epoch 027/100 | loss 2.7521 | cls 1.3565 | tal -0.1508 | dual_g 1.4408 | dual_d 0.9589 | train_acc 0.9805 | train_full 0.9941 | val_acc 0.9773 | val_f1 0.9773 | grad(main/disc) 8.584/1.537 | lr(main/disc) 7.00e-05/3.50e-05 | 82.6s
2026-08-21 09:53:52 | Epoch 028/100 | loss 2.7220 | cls 1.3414 | tal -0.1045 | dual_g 1.4120 | dual_d 0.9974 | train_acc 0.9707 | train_full 0.9961 | val_acc 0.9773 | val_f1 0.9773 | grad(main/disc) 8.029/1.562 | lr(main/disc) 7.00e-05/3.50e-05 | 81.3s
2026-08-21 09:55:10 | Epoch 029/100 | loss 2.6601 | cls 1.3293 | tal -0.1612 | dual_g 1.3791 | dual_d 1.0155 | train_acc 0.9785 | train_full 0.9941 | val_acc 0.9697 | val_f1 0.9717 | grad(main/disc) 7.030/1.526 | lr(main/disc) 7.00e-05/3.50e-05 | 78.2s
2026-08-21 09:56:33 | Epoch 030/100 | loss 2.6591 | cls 1.3437 | tal -0.2728 | dual_g 1.3972 | dual_d 1.0212 | train_acc 0.9707 | train_full 0.9882 | val_acc 0.9394 | val_f1 0.9127 | grad(main/disc) 8.132/1.525 | lr(main/disc) 7.00e-05/3.50e-05 | 83.4s
2026-08-21 09:57:54 | Epoch 031/100 | loss 2.6409 | cls 1.3131 | tal -0.1528 | dual_g 1.3737 | dual_d 1.0478 | train_acc 0.9805 | train_full 0.9921 | val_acc 0.9773 | val_f1 0.9745 | grad(main/disc) 7.387/1.529 | lr(main/disc) 3.50e-05/1.75e-05 | 80.8s
2026-08-21 09:59:16 | Epoch 032/100 | loss 2.5887 | cls 1.2739 | tal -0.1095 | dual_g 1.3476 | dual_d 1.0795 | train_acc 0.9902 | train_full 0.9980 | val_acc 0.9848 | val_f1 0.9832 | grad(main/disc) 5.831/1.564 | lr(main/disc) 3.50e-05/1.75e-05 | 82.1s
2026-08-21 09:59:16 | Early stopping at epoch 32 after 9 epochs without val_f1_macro_present improvement.
2026-08-21 09:59:16 | Training complete. Best validation accuracy: 0.9848 | best val_f1_macro_present: 0.9830
2026-08-21 09:59:16 | Starting Dual_D standalone training
2026-08-21 09:59:16 | Run directory: runs/module_c_ablation/module_c_no_cycle_雾天_iter02_20260821_060834
2026-08-21 09:59:16 | Device: cuda
2026-08-21 09:59:16 | Source train samples: 992
2026-08-21 09:59:16 | Target train samples: 507
2026-08-21 09:59:16 | Target val samples: 132
2026-08-21 09:59:16 | Classes: 14
2026-08-21 09:59:16 | Data audit: same_dir=False | path_overlap(vis/ir/ais)=0/0/0 | content_overlap(vis/ir/ais)=0/0/0 | ais_index_overlap=0 | stem_mismatch(vis-ir/vis-ais)=630/0
2026-08-21 09:59:16 | source_train classes: present 14/14 | absent 0 | counts [0:120, 1:44, 2:69, 3:45, 4:40, 5:30, 6:64, 7:80, 8:116, 9:68, 10:57, 11:83, 12:48, 13:128]
2026-08-21 09:59:16 | target_train classes: present 9/14 | absent 5 | counts [0:35, 1:18, 2:119, 6:110, 8:25, 9:50, 10:48, 12:9, 13:93]
2026-08-21 09:59:16 | target_val classes: present 9/14 | absent 5 | counts [0:9, 1:5, 2:30, 6:28, 8:7, 9:13, 10:13, 12:3, 13:24]
2026-08-21 09:59:16 | Paired training classes: 9/14 | class ids [0, 1, 2, 6, 8, 9, 10, 12, 13]
2026-08-21 09:59:16 | VIS/IR pairing: class-level-unpaired | count-mismatch classes train/val: 10/2 | AIS alignment: none | AIS rows train/val: 0/0
2026-08-21 09:59:17 | Model parameters: total=17277714 | trainable=17120210
Starting run 8/12: domain=雾天, iteration=2, seed=49
2026-08-21 10:00:39 | Epoch 001/100 | loss 8.8514 | cls 4.6422 | tal -0.2302 | dual_g 4.2783 | dual_d 0.0000 | train_acc 0.1172 | train_full 0.2465 | val_acc 0.2273 | val_f1 0.1259 | grad(main/disc) 26.536/0.000 | lr(main/disc) 7.00e-05/3.50e-05 | 81.6s
2026-08-21 10:00:39 | New best val_f1_macro_present: 0.1259 at epoch 1
2026-08-21 10:01:58 | Epoch 002/100 | loss 7.4647 | cls 3.8392 | tal -0.0584 | dual_g 3.6430 | dual_d 0.0000 | train_acc 0.2070 | train_full 0.4734 | val_acc 0.4394 | val_f1 0.3459 | grad(main/disc) 21.645/0.000 | lr(main/disc) 7.00e-05/3.50e-05 | 78.9s
2026-08-21 10:01:58 | New best val_f1_macro_present: 0.3459 at epoch 2
2026-08-21 10:03:20 | Epoch 003/100 | loss 6.5316 | cls 3.3235 | tal -0.0338 | dual_g 3.2182 | dual_d 0.0000 | train_acc 0.3008 | train_full 0.6272 | val_acc 0.5758 | val_f1 0.5116 | grad(main/disc) 20.092/0.000 | lr(main/disc) 7.00e-05/3.50e-05 | 81.4s
2026-08-21 10:03:20 | New best val_f1_macro_present: 0.5116 at epoch 3
2026-08-21 10:04:39 | Epoch 004/100 | loss 6.1506 | cls 3.1076 | tal 0.1037 | dual_g 3.0119 | dual_d 0.0000 | train_acc 0.3594 | train_full 0.6489 | val_acc 0.6364 | val_f1 0.5945 | grad(main/disc) 20.068/0.000 | lr(main/disc) 7.00e-05/3.50e-05 | 79.0s
2026-08-21 10:04:39 | New best val_f1_macro_present: 0.5945 at epoch 4
2026-08-21 10:05:57 | Epoch 005/100 | loss 5.5657 | cls 2.8305 | tal -0.0613 | dual_g 2.7536 | dual_d 0.0000 | train_acc 0.4102 | train_full 0.6765 | val_acc 0.6515 | val_f1 0.6808 | grad(main/disc) 20.083/0.000 | lr(main/disc) 7.00e-05/3.50e-05 | 77.8s
2026-08-21 10:05:57 | New best val_f1_macro_present: 0.6808 at epoch 5
2026-08-21 10:07:19 | Epoch 006/100 | loss 5.1942 | cls 2.6109 | tal -0.0072 | dual_g 2.5855 | dual_d 0.7904 | train_acc 0.5078 | train_full 0.7179 | val_acc 0.6894 | val_f1 0.7052 | grad(main/disc) 19.768/1.686 | lr(main/disc) 7.00e-05/3.50e-05 | 81.2s
2026-08-21 10:07:19 | New best val_f1_macro_present: 0.7052 at epoch 6
2026-08-21 10:08:39 | Epoch 007/100 | loss 4.9240 | cls 2.4858 | tal 0.0172 | dual_g 2.4331 | dual_d 0.7885 | train_acc 0.5098 | train_full 0.7594 | val_acc 0.7576 | val_f1 0.7686 | grad(main/disc) 20.666/1.656 | lr(main/disc) 7.00e-05/3.50e-05 | 80.1s
2026-08-21 10:08:39 | New best val_f1_macro_present: 0.7686 at epoch 7
2026-08-21 10:09:59 | Epoch 008/100 | loss 4.6080 | cls 2.2913 | tal 0.0186 | dual_g 2.3111 | dual_d 0.7384 | train_acc 0.6602 | train_full 0.8245 | val_acc 0.8106 | val_f1 0.8112 | grad(main/disc) 18.899/1.579 | lr(main/disc) 7.00e-05/3.50e-05 | 79.9s
2026-08-21 10:10:00 | New best val_f1_macro_present: 0.8112 at epoch 8
2026-08-21 10:11:18 | Epoch 009/100 | loss 4.3146 | cls 2.1481 | tal -0.0266 | dual_g 2.1746 | dual_d 0.6824 | train_acc 0.6699 | train_full 0.8521 | val_acc 0.8182 | val_f1 0.7996 | grad(main/disc) 18.135/1.454 | lr(main/disc) 7.00e-05/3.50e-05 | 78.4s
2026-08-21 10:12:40 | Epoch 010/100 | loss 4.1514 | cls 2.0336 | tal -0.0783 | dual_g 2.1413 | dual_d 0.6878 | train_acc 0.7090 | train_full 0.8994 | val_acc 0.9091 | val_f1 0.9170 | grad(main/disc) 18.735/1.455 | lr(main/disc) 7.00e-05/3.50e-05 | 81.9s
2026-08-21 10:12:40 | New best val_f1_macro_present: 0.9170 at epoch 10
2026-08-21 10:14:00 | Epoch 011/100 | loss 4.0117 | cls 2.0018 | tal -0.0478 | dual_g 2.0242 | dual_d 0.6682 | train_acc 0.7480 | train_full 0.8738 | val_acc 0.8182 | val_f1 0.8098 | grad(main/disc) 17.447/1.415 | lr(main/disc) 7.00e-05/3.50e-05 | 80.3s
2026-08-21 10:15:22 | Epoch 012/100 | loss 3.7737 | cls 1.8497 | tal -0.0062 | dual_g 1.9259 | dual_d 0.6714 | train_acc 0.7793 | train_full 0.8994 | val_acc 0.8864 | val_f1 0.8839 | grad(main/disc) 17.123/1.456 | lr(main/disc) 7.00e-05/3.50e-05 | 81.1s
2026-08-21 10:16:44 | Epoch 013/100 | loss 3.6818 | cls 1.8069 | tal -0.0240 | dual_g 1.8821 | dual_d 0.6638 | train_acc 0.8086 | train_full 0.9211 | val_acc 0.9318 | val_f1 0.8954 | grad(main/disc) 16.809/1.368 | lr(main/disc) 7.00e-05/3.50e-05 | 82.2s
2026-08-21 10:18:05 | Epoch 014/100 | loss 3.4604 | cls 1.7083 | tal -0.0975 | dual_g 1.7813 | dual_d 0.6390 | train_acc 0.8359 | train_full 0.9112 | val_acc 0.9015 | val_f1 0.9142 | grad(main/disc) 14.507/1.264 | lr(main/disc) 7.00e-05/3.50e-05 | 80.8s
2026-08-21 10:19:25 | Epoch 015/100 | loss 3.4209 | cls 1.6965 | tal -0.0897 | dual_g 1.7513 | dual_d 0.6241 | train_acc 0.8672 | train_full 0.9329 | val_acc 0.9394 | val_f1 0.9399 | grad(main/disc) 15.002/1.312 | lr(main/disc) 7.00e-05/3.50e-05 | 80.5s
2026-08-21 10:19:25 | New best val_f1_macro_present: 0.9399 at epoch 15
2026-08-21 10:20:44 | Epoch 016/100 | loss 3.3003 | cls 1.6012 | tal -0.0638 | dual_g 1.7182 | dual_d 0.6680 | train_acc 0.8887 | train_full 0.9448 | val_acc 0.9394 | val_f1 0.9451 | grad(main/disc) 14.019/1.369 | lr(main/disc) 7.00e-05/3.50e-05 | 79.1s
2026-08-21 10:20:45 | New best val_f1_macro_present: 0.9451 at epoch 16
2026-08-21 10:22:05 | Epoch 017/100 | loss 3.1801 | cls 1.5537 | tal -0.0854 | dual_g 1.6521 | dual_d 0.6718 | train_acc 0.9043 | train_full 0.9527 | val_acc 0.9545 | val_f1 0.9416 | grad(main/disc) 12.816/1.290 | lr(main/disc) 7.00e-05/3.50e-05 | 79.9s
2026-08-21 10:23:25 | Epoch 018/100 | loss 3.1056 | cls 1.5194 | tal -0.1467 | dual_g 1.6302 | dual_d 0.7227 | train_acc 0.9336 | train_full 0.9448 | val_acc 0.9394 | val_f1 0.9367 | grad(main/disc) 11.915/1.366 | lr(main/disc) 7.00e-05/3.50e-05 | 80.8s
2026-08-21 10:24:46 | Epoch 019/100 | loss 3.1520 | cls 1.5625 | tal -0.0828 | dual_g 1.6143 | dual_d 0.7191 | train_acc 0.8887 | train_full 0.9665 | val_acc 0.9621 | val_f1 0.9662 | grad(main/disc) 12.521/1.346 | lr(main/disc) 7.00e-05/3.50e-05 | 80.4s
2026-08-21 10:24:46 | New best val_f1_macro_present: 0.9662 at epoch 19
2026-08-21 10:26:07 | Epoch 020/100 | loss 2.9751 | cls 1.4702 | tal -0.1445 | dual_g 1.5483 | dual_d 0.7420 | train_acc 0.9492 | train_full 0.9369 | val_acc 0.9394 | val_f1 0.9358 | grad(main/disc) 10.378/1.331 | lr(main/disc) 7.00e-05/3.50e-05 | 81.2s
2026-08-21 10:27:27 | Epoch 021/100 | loss 2.9537 | cls 1.4502 | tal -0.1508 | dual_g 1.5487 | dual_d 0.7854 | train_acc 0.9414 | train_full 0.9803 | val_acc 0.9697 | val_f1 0.9630 | grad(main/disc) 10.761/1.403 | lr(main/disc) 7.00e-05/3.50e-05 | 80.1s
2026-08-21 10:28:45 | Epoch 022/100 | loss 2.8854 | cls 1.4049 | tal -0.1291 | dual_g 1.5193 | dual_d 0.8179 | train_acc 0.9551 | train_full 0.9724 | val_acc 0.9621 | val_f1 0.9460 | grad(main/disc) 9.745/1.456 | lr(main/disc) 7.00e-05/3.50e-05 | 77.6s
2026-08-21 10:30:06 | Epoch 023/100 | loss 2.8715 | cls 1.4139 | tal -0.1198 | dual_g 1.4935 | dual_d 0.7737 | train_acc 0.9551 | train_full 0.9704 | val_acc 0.9697 | val_f1 0.9710 | grad(main/disc) 9.927/1.343 | lr(main/disc) 7.00e-05/3.50e-05 | 80.5s
2026-08-21 10:30:06 | New best val_f1_macro_present: 0.9710 at epoch 23
2026-08-21 10:31:26 | Epoch 024/100 | loss 2.8649 | cls 1.4192 | tal -0.1416 | dual_g 1.4882 | dual_d 0.8099 | train_acc 0.9570 | train_full 0.9901 | val_acc 0.9697 | val_f1 0.9647 | grad(main/disc) 10.345/1.358 | lr(main/disc) 7.00e-05/3.50e-05 | 80.0s
2026-08-21 10:32:47 | Epoch 025/100 | loss 2.8165 | cls 1.3921 | tal -0.1161 | dual_g 1.4593 | dual_d 0.8548 | train_acc 0.9531 | train_full 0.9842 | val_acc 0.9773 | val_f1 0.9773 | grad(main/disc) 9.177/1.428 | lr(main/disc) 7.00e-05/3.50e-05 | 81.5s
2026-08-21 10:32:48 | New best val_f1_macro_present: 0.9773 at epoch 25
2026-08-21 10:34:08 | Epoch 026/100 | loss 2.7542 | cls 1.3691 | tal -0.1612 | dual_g 1.4335 | dual_d 0.8723 | train_acc 0.9688 | train_full 0.9822 | val_acc 0.9621 | val_f1 0.9515 | grad(main/disc) 8.301/1.408 | lr(main/disc) 7.00e-05/3.50e-05 | 80.2s
2026-08-21 10:35:27 | Epoch 027/100 | loss 2.7483 | cls 1.3685 | tal -0.1808 | dual_g 1.4340 | dual_d 0.8847 | train_acc 0.9707 | train_full 0.9921 | val_acc 0.9773 | val_f1 0.9689 | grad(main/disc) 8.413/1.404 | lr(main/disc) 7.00e-05/3.50e-05 | 78.9s
2026-08-21 10:36:46 | Epoch 028/100 | loss 2.6891 | cls 1.3350 | tal -0.1801 | dual_g 1.4082 | dual_d 0.9127 | train_acc 0.9727 | train_full 0.9862 | val_acc 0.9545 | val_f1 0.9471 | grad(main/disc) 7.459/1.424 | lr(main/disc) 7.00e-05/3.50e-05 | 78.8s
2026-08-21 10:38:05 | Epoch 029/100 | loss 2.6702 | cls 1.3396 | tal -0.1796 | dual_g 1.3846 | dual_d 0.9529 | train_acc 0.9746 | train_full 0.9901 | val_acc 0.9773 | val_f1 0.9771 | grad(main/disc) 7.206/1.473 | lr(main/disc) 7.00e-05/3.50e-05 | 79.7s
2026-08-21 10:39:23 | Epoch 030/100 | loss 2.6655 | cls 1.3431 | tal -0.2160 | dual_g 1.3872 | dual_d 0.9671 | train_acc 0.9727 | train_full 0.9901 | val_acc 0.9773 | val_f1 0.9773 | grad(main/disc) 7.844/1.473 | lr(main/disc) 7.00e-05/3.50e-05 | 77.4s
2026-08-21 10:40:42 | Epoch 031/100 | loss 2.6977 | cls 1.3468 | tal -0.1759 | dual_g 1.4037 | dual_d 0.9217 | train_acc 0.9785 | train_full 0.9882 | val_acc 0.9773 | val_f1 0.9668 | grad(main/disc) 7.785/1.396 | lr(main/disc) 7.00e-05/3.50e-05 | 79.8s
2026-08-21 10:42:01 | Epoch 032/100 | loss 2.6214 | cls 1.3122 | tal -0.1870 | dual_g 1.3653 | dual_d 0.9786 | train_acc 0.9883 | train_full 0.9882 | val_acc 0.9773 | val_f1 0.9689 | grad(main/disc) 6.615/1.456 | lr(main/disc) 3.50e-05/1.75e-05 | 78.7s
2026-08-21 10:43:22 | Epoch 033/100 | loss 2.5995 | cls 1.2978 | tal -0.1640 | dual_g 1.3509 | dual_d 1.0071 | train_acc 0.9883 | train_full 0.9901 | val_acc 0.9924 | val_f1 0.9892 | grad(main/disc) 6.570/1.467 | lr(main/disc) 3.50e-05/1.75e-05 | 81.2s
2026-08-21 10:43:23 | New best val_f1_macro_present: 0.9892 at epoch 33
2026-08-21 10:44:42 | Epoch 034/100 | loss 2.5838 | cls 1.2983 | tal -0.2143 | dual_g 1.3498 | dual_d 0.9857 | train_acc 0.9824 | train_full 0.9921 | val_acc 0.9924 | val_f1 0.9892 | grad(main/disc) 6.198/1.407 | lr(main/disc) 3.50e-05/1.75e-05 | 79.0s
2026-08-21 10:46:04 | Epoch 035/100 | loss 2.5565 | cls 1.2797 | tal -0.1898 | dual_g 1.3338 | dual_d 0.9725 | train_acc 0.9902 | train_full 0.9941 | val_acc 0.9924 | val_f1 0.9892 | grad(main/disc) 5.698/1.390 | lr(main/disc) 3.50e-05/1.75e-05 | 82.6s
2026-08-21 10:47:21 | Epoch 036/100 | loss 2.5591 | cls 1.2914 | tal -0.1673 | dual_g 1.3179 | dual_d 1.0184 | train_acc 0.9844 | train_full 0.9941 | val_acc 0.9848 | val_f1 0.9832 | grad(main/disc) 5.440/1.436 | lr(main/disc) 3.50e-05/1.75e-05 | 76.7s
2026-08-21 10:48:40 | Epoch 037/100 | loss 2.5343 | cls 1.2844 | tal -0.2023 | dual_g 1.3107 | dual_d 1.0092 | train_acc 0.9922 | train_full 0.9961 | val_acc 0.9848 | val_f1 0.9749 | grad(main/disc) 5.235/1.444 | lr(main/disc) 3.50e-05/1.75e-05 | 79.0s
2026-08-21 10:50:00 | Epoch 038/100 | loss 2.5096 | cls 1.2794 | tal -0.2215 | dual_g 1.2967 | dual_d 1.0115 | train_acc 0.9941 | train_full 0.9941 | val_acc 0.9848 | val_f1 0.9830 | grad(main/disc) 5.292/1.434 | lr(main/disc) 3.50e-05/1.75e-05 | 80.3s
2026-08-21 10:51:18 | Epoch 039/100 | loss 2.5052 | cls 1.2742 | tal -0.2247 | dual_g 1.2984 | dual_d 1.0149 | train_acc 0.9863 | train_full 0.9921 | val_acc 0.9773 | val_f1 0.9634 | grad(main/disc) 5.202/1.419 | lr(main/disc) 3.50e-05/1.75e-05 | 77.9s
2026-08-21 10:52:37 | Epoch 040/100 | loss 2.4566 | cls 1.2598 | tal -0.2749 | dual_g 1.2792 | dual_d 1.0402 | train_acc 1.0000 | train_full 0.9822 | val_acc 0.9621 | val_f1 0.9516 | grad(main/disc) 4.596/1.423 | lr(main/disc) 1.75e-05/8.75e-06 | 79.1s
2026-08-21 10:53:57 | Epoch 041/100 | loss 2.5046 | cls 1.2858 | tal -0.2894 | dual_g 1.3056 | dual_d 1.0213 | train_acc 0.9863 | train_full 0.9941 | val_acc 0.9848 | val_f1 0.9832 | grad(main/disc) 6.148/1.444 | lr(main/disc) 1.75e-05/8.75e-06 | 79.7s
2026-08-21 10:55:16 | Epoch 042/100 | loss 2.4625 | cls 1.2699 | tal -0.2997 | dual_g 1.2826 | dual_d 0.9837 | train_acc 0.9902 | train_full 0.9941 | val_acc 0.9848 | val_f1 0.9832 | grad(main/disc) 5.265/1.350 | lr(main/disc) 1.75e-05/8.75e-06 | 79.0s
2026-08-21 10:55:16 | Early stopping at epoch 42 after 9 epochs without val_f1_macro_present improvement.
2026-08-21 10:55:16 | Training complete. Best validation accuracy: 0.9924 | best val_f1_macro_present: 0.9892
2026-08-21 10:55:16 | Starting Dual_D standalone training
2026-08-21 10:55:16 | Run directory: runs/module_c_ablation/module_c_no_cycle_雾天_iter03_20260821_060834
2026-08-21 10:55:16 | Device: cuda
2026-08-21 10:55:16 | Source train samples: 992
2026-08-21 10:55:16 | Target train samples: 507
2026-08-21 10:55:16 | Target val samples: 132
2026-08-21 10:55:16 | Classes: 14
2026-08-21 10:55:16 | Data audit: same_dir=False | path_overlap(vis/ir/ais)=0/0/0 | content_overlap(vis/ir/ais)=0/0/0 | ais_index_overlap=0 | stem_mismatch(vis-ir/vis-ais)=630/0
2026-08-21 10:55:16 | source_train classes: present 14/14 | absent 0 | counts [0:120, 1:44, 2:69, 3:45, 4:40, 5:30, 6:64, 7:80, 8:116, 9:68, 10:57, 11:83, 12:48, 13:128]
2026-08-21 10:55:16 | target_train classes: present 9/14 | absent 5 | counts [0:35, 1:18, 2:119, 6:110, 8:25, 9:50, 10:48, 12:9, 13:93]
2026-08-21 10:55:16 | target_val classes: present 9/14 | absent 5 | counts [0:9, 1:5, 2:30, 6:28, 8:7, 9:13, 10:13, 12:3, 13:24]
2026-08-21 10:55:16 | Paired training classes: 9/14 | class ids [0, 1, 2, 6, 8, 9, 10, 12, 13]
2026-08-21 10:55:16 | VIS/IR pairing: class-level-unpaired | count-mismatch classes train/val: 10/2 | AIS alignment: none | AIS rows train/val: 0/0
2026-08-21 10:55:17 | Model parameters: total=17277714 | trainable=17120210
Starting run 9/12: domain=雾天, iteration=3, seed=50
2026-08-21 10:56:37 | Epoch 001/100 | loss 9.2341 | cls 4.8390 | tal -0.0854 | dual_g 4.4207 | dual_d 0.0000 | train_acc 0.1230 | train_full 0.1282 | val_acc 0.1439 | val_f1 0.1165 | grad(main/disc) 27.264/0.000 | lr(main/disc) 7.00e-05/3.50e-05 | 80.6s
2026-08-21 10:56:38 | New best val_f1_macro_present: 0.1165 at epoch 1
2026-08-21 10:58:00 | Epoch 002/100 | loss 7.5623 | cls 3.9064 | tal -0.0860 | dual_g 3.6818 | dual_d 0.0000 | train_acc 0.2207 | train_full 0.3511 | val_acc 0.3182 | val_f1 0.3304 | grad(main/disc) 21.507/0.000 | lr(main/disc) 7.00e-05/3.50e-05 | 82.2s
2026-08-21 10:58:00 | New best val_f1_macro_present: 0.3304 at epoch 2
2026-08-21 10:59:18 | Epoch 003/100 | loss 6.6887 | cls 3.4773 | tal -0.2080 | dual_g 3.2738 | dual_d 0.0000 | train_acc 0.2695 | train_full 0.4043 | val_acc 0.3636 | val_f1 0.3338 | grad(main/disc) 19.752/0.000 | lr(main/disc) 7.00e-05/3.50e-05 | 77.5s
2026-08-21 10:59:18 | New best val_f1_macro_present: 0.3338 at epoch 3
2026-08-21 11:00:39 | Epoch 004/100 | loss 6.0192 | cls 3.0912 | tal -0.2025 | dual_g 2.9887 | dual_d 0.0000 | train_acc 0.3516 | train_full 0.5049 | val_acc 0.4545 | val_f1 0.4419 | grad(main/disc) 18.992/0.000 | lr(main/disc) 7.00e-05/3.50e-05 | 80.8s
2026-08-21 11:00:39 | New best val_f1_macro_present: 0.4419 at epoch 4
2026-08-21 11:02:01 | Epoch 005/100 | loss 5.6138 | cls 2.8694 | tal -0.1790 | dual_g 2.7981 | dual_d 0.0000 | train_acc 0.4160 | train_full 0.5819 | val_acc 0.5455 | val_f1 0.5372 | grad(main/disc) 19.618/0.000 | lr(main/disc) 7.00e-05/3.50e-05 | 81.8s
2026-08-21 11:02:01 | New best val_f1_macro_present: 0.5372 at epoch 5
2026-08-21 11:03:25 | Epoch 006/100 | loss 5.1800 | cls 2.6220 | tal -0.1809 | dual_g 2.6123 | dual_d 0.7815 | train_acc 0.4785 | train_full 0.7160 | val_acc 0.6439 | val_f1 0.6593 | grad(main/disc) 20.376/1.817 | lr(main/disc) 7.00e-05/3.50e-05 | 83.8s
2026-08-21 11:03:25 | New best val_f1_macro_present: 0.6593 at epoch 6
2026-08-21 11:04:45 | Epoch 007/100 | loss 4.8895 | cls 2.4499 | tal -0.1519 | dual_g 2.4852 | dual_d 0.7105 | train_acc 0.5488 | train_full 0.7771 | val_acc 0.7045 | val_f1 0.7181 | grad(main/disc) 20.625/1.629 | lr(main/disc) 7.00e-05/3.50e-05 | 79.3s
2026-08-21 11:04:45 | New best val_f1_macro_present: 0.7181 at epoch 7
2026-08-21 11:06:04 | Epoch 008/100 | loss 4.4807 | cls 2.2673 | tal -0.1940 | dual_g 2.2717 | dual_d 0.6863 | train_acc 0.6211 | train_full 0.7673 | val_acc 0.7045 | val_f1 0.7471 | grad(main/disc) 19.636/1.539 | lr(main/disc) 7.00e-05/3.50e-05 | 79.3s
2026-08-21 11:06:05 | New best val_f1_macro_present: 0.7471 at epoch 8
2026-08-21 11:07:24 | Epoch 009/100 | loss 4.2936 | cls 2.1475 | tal -0.1546 | dual_g 2.1925 | dual_d 0.6707 | train_acc 0.6719 | train_full 0.7929 | val_acc 0.8182 | val_f1 0.8341 | grad(main/disc) 19.403/1.532 | lr(main/disc) 7.00e-05/3.50e-05 | 78.9s
2026-08-21 11:07:24 | New best val_f1_macro_present: 0.8341 at epoch 9
2026-08-21 11:08:40 | Epoch 010/100 | loss 4.0958 | cls 2.0432 | tal -0.1450 | dual_g 2.0961 | dual_d 0.6659 | train_acc 0.7422 | train_full 0.8619 | val_acc 0.8030 | val_f1 0.7964 | grad(main/disc) 17.959/1.476 | lr(main/disc) 7.00e-05/3.50e-05 | 76.3s
2026-08-21 11:09:59 | Epoch 011/100 | loss 3.9069 | cls 1.9281 | tal -0.1193 | dual_g 2.0146 | dual_d 0.6654 | train_acc 0.7852 | train_full 0.9310 | val_acc 0.8636 | val_f1 0.8591 | grad(main/disc) 17.813/1.444 | lr(main/disc) 7.00e-05/3.50e-05 | 79.1s
2026-08-21 11:10:00 | New best val_f1_macro_present: 0.8591 at epoch 11
2026-08-21 11:11:18 | Epoch 012/100 | loss 3.6188 | cls 1.7808 | tal -0.0970 | dual_g 1.8671 | dual_d 0.6301 | train_acc 0.8203 | train_full 0.9093 | val_acc 0.8636 | val_f1 0.8629 | grad(main/disc) 16.335/1.398 | lr(main/disc) 7.00e-05/3.50e-05 | 78.7s
2026-08-21 11:11:19 | New best val_f1_macro_present: 0.8629 at epoch 12
2026-08-21 11:12:39 | Epoch 013/100 | loss 3.6338 | cls 1.7732 | tal -0.0980 | dual_g 1.8900 | dual_d 0.6498 | train_acc 0.8359 | train_full 0.9507 | val_acc 0.8864 | val_f1 0.8705 | grad(main/disc) 16.720/1.387 | lr(main/disc) 7.00e-05/3.50e-05 | 80.1s
2026-08-21 11:12:39 | New best val_f1_macro_present: 0.8705 at epoch 13
2026-08-21 11:14:01 | Epoch 014/100 | loss 3.4860 | cls 1.7231 | tal -0.1254 | dual_g 1.8004 | dual_d 0.6545 | train_acc 0.8398 | train_full 0.9606 | val_acc 0.9091 | val_f1 0.8951 | grad(main/disc) 15.610/1.381 | lr(main/disc) 7.00e-05/3.50e-05 | 81.4s
2026-08-21 11:14:01 | New best val_f1_macro_present: 0.8951 at epoch 14
2026-08-21 11:15:21 | Epoch 015/100 | loss 3.3405 | cls 1.6569 | tal -0.1972 | dual_g 1.7427 | dual_d 0.6878 | train_acc 0.8750 | train_full 0.9546 | val_acc 0.9091 | val_f1 0.8941 | grad(main/disc) 14.544/1.410 | lr(main/disc) 7.00e-05/3.50e-05 | 80.5s
2026-08-21 11:16:41 | Epoch 016/100 | loss 3.2387 | cls 1.5897 | tal -0.1030 | dual_g 1.6799 | dual_d 0.6554 | train_acc 0.9141 | train_full 0.9428 | val_acc 0.8939 | val_f1 0.8823 | grad(main/disc) 13.773/1.343 | lr(main/disc) 7.00e-05/3.50e-05 | 79.4s
2026-08-21 11:18:01 | Epoch 017/100 | loss 3.1302 | cls 1.5288 | tal -0.1594 | dual_g 1.6492 | dual_d 0.6587 | train_acc 0.9141 | train_full 0.9803 | val_acc 0.9318 | val_f1 0.9338 | grad(main/disc) 12.853/1.296 | lr(main/disc) 7.00e-05/3.50e-05 | 79.7s
2026-08-21 11:18:01 | New best val_f1_macro_present: 0.9338 at epoch 17
2026-08-21 11:19:22 | Epoch 018/100 | loss 3.0423 | cls 1.5055 | tal -0.1543 | dual_g 1.5831 | dual_d 0.6933 | train_acc 0.9199 | train_full 0.9566 | val_acc 0.9242 | val_f1 0.9276 | grad(main/disc) 12.918/1.336 | lr(main/disc) 7.00e-05/3.50e-05 | 81.0s
2026-08-21 11:20:41 | Epoch 019/100 | loss 3.0176 | cls 1.4930 | tal -0.1533 | dual_g 1.5706 | dual_d 0.7188 | train_acc 0.9219 | train_full 0.9704 | val_acc 0.9318 | val_f1 0.9329 | grad(main/disc) 12.075/1.357 | lr(main/disc) 7.00e-05/3.50e-05 | 79.1s
2026-08-21 11:22:03 | Epoch 020/100 | loss 2.9594 | cls 1.4576 | tal -0.1691 | dual_g 1.5526 | dual_d 0.7494 | train_acc 0.9355 | train_full 0.9803 | val_acc 0.9167 | val_f1 0.9233 | grad(main/disc) 11.476/1.376 | lr(main/disc) 7.00e-05/3.50e-05 | 81.5s
2026-08-21 11:23:23 | Epoch 021/100 | loss 2.8421 | cls 1.4064 | tal -0.1898 | dual_g 1.4926 | dual_d 0.7549 | train_acc 0.9570 | train_full 0.9901 | val_acc 0.9394 | val_f1 0.9403 | grad(main/disc) 9.713/1.331 | lr(main/disc) 7.00e-05/3.50e-05 | 80.7s
2026-08-21 11:23:24 | New best val_f1_macro_present: 0.9403 at epoch 21
2026-08-21 11:24:41 | Epoch 022/100 | loss 2.8408 | cls 1.4309 | tal -0.1713 | dual_g 1.4612 | dual_d 0.7833 | train_acc 0.9648 | train_full 0.9724 | val_acc 0.9394 | val_f1 0.9329 | grad(main/disc) 10.846/1.360 | lr(main/disc) 7.00e-05/3.50e-05 | 77.7s
2026-08-21 11:26:03 | Epoch 023/100 | loss 2.8498 | cls 1.4060 | tal -0.1417 | dual_g 1.4863 | dual_d 0.8472 | train_acc 0.9688 | train_full 0.9744 | val_acc 0.9470 | val_f1 0.9479 | grad(main/disc) 10.714/1.409 | lr(main/disc) 7.00e-05/3.50e-05 | 81.8s
2026-08-21 11:26:03 | New best val_f1_macro_present: 0.9479 at epoch 23
2026-08-21 11:27:24 | Epoch 024/100 | loss 2.7871 | cls 1.3748 | tal -0.0900 | dual_g 1.4393 | dual_d 0.8325 | train_acc 0.9648 | train_full 0.9842 | val_acc 0.9621 | val_f1 0.9626 | grad(main/disc) 8.515/1.372 | lr(main/disc) 7.00e-05/3.50e-05 | 80.5s
2026-08-21 11:27:24 | New best val_f1_macro_present: 0.9626 at epoch 24
2026-08-21 11:28:42 | Epoch 025/100 | loss 2.7547 | cls 1.3467 | tal -0.0942 | dual_g 1.4363 | dual_d 0.9138 | train_acc 0.9785 | train_full 0.9941 | val_acc 0.9621 | val_f1 0.9673 | grad(main/disc) 8.229/1.446 | lr(main/disc) 7.00e-05/3.50e-05 | 78.0s
2026-08-21 11:28:42 | New best val_f1_macro_present: 0.9673 at epoch 25
2026-08-21 11:30:04 | Epoch 026/100 | loss 2.6901 | cls 1.3414 | tal -0.1431 | dual_g 1.3917 | dual_d 0.9239 | train_acc 0.9707 | train_full 0.9980 | val_acc 0.9470 | val_f1 0.9478 | grad(main/disc) 7.465/1.414 | lr(main/disc) 7.00e-05/3.50e-05 | 81.5s
2026-08-21 11:31:34 | Epoch 027/100 | loss 2.7089 | cls 1.3352 | tal -0.1295 | dual_g 1.4125 | dual_d 0.9705 | train_acc 0.9707 | train_full 1.0000 | val_acc 0.9621 | val_f1 0.9564 | grad(main/disc) 8.108/1.427 | lr(main/disc) 7.00e-05/3.50e-05 | 89.6s
2026-08-21 11:32:53 | Epoch 028/100 | loss 2.6841 | cls 1.3387 | tal -0.1477 | dual_g 1.3897 | dual_d 0.9182 | train_acc 0.9727 | train_full 0.9961 | val_acc 0.9697 | val_f1 0.9626 | grad(main/disc) 7.726/1.419 | lr(main/disc) 7.00e-05/3.50e-05 | 79.9s
2026-08-21 11:34:17 | Epoch 029/100 | loss 2.6292 | cls 1.3163 | tal -0.1372 | dual_g 1.3541 | dual_d 0.9463 | train_acc 0.9922 | train_full 0.9980 | val_acc 0.9470 | val_f1 0.9418 | grad(main/disc) 6.748/1.359 | lr(main/disc) 7.00e-05/3.50e-05 | 83.2s
2026-08-21 11:35:36 | Epoch 030/100 | loss 2.6761 | cls 1.3297 | tal -0.0866 | dual_g 1.3724 | dual_d 1.0256 | train_acc 0.9766 | train_full 0.9961 | val_acc 0.9697 | val_f1 0.9714 | grad(main/disc) 7.942/1.490 | lr(main/disc) 7.00e-05/3.50e-05 | 79.4s
2026-08-21 11:35:36 | New best val_f1_macro_present: 0.9714 at epoch 30
2026-08-21 11:36:56 | Epoch 031/100 | loss 2.6188 | cls 1.3125 | tal -0.1095 | dual_g 1.3392 | dual_d 0.9853 | train_acc 0.9863 | train_full 0.9901 | val_acc 0.9621 | val_f1 0.9673 | grad(main/disc) 6.549/1.431 | lr(main/disc) 7.00e-05/3.50e-05 | 80.0s
2026-08-21 11:38:16 | Epoch 032/100 | loss 2.6079 | cls 1.3007 | tal -0.0984 | dual_g 1.3367 | dual_d 1.0162 | train_acc 0.9805 | train_full 0.9980 | val_acc 0.9697 | val_f1 0.9714 | grad(main/disc) 6.645/1.417 | lr(main/disc) 7.00e-05/3.50e-05 | 79.9s
2026-08-21 11:39:38 | Epoch 033/100 | loss 2.5724 | cls 1.2877 | tal -0.1425 | dual_g 1.3275 | dual_d 0.9790 | train_acc 0.9785 | train_full 0.9941 | val_acc 0.9621 | val_f1 0.9626 | grad(main/disc) 6.018/1.380 | lr(main/disc) 7.00e-05/3.50e-05 | 81.3s
2026-08-21 11:40:58 | Epoch 034/100 | loss 2.5598 | cls 1.2771 | tal -0.0970 | dual_g 1.3118 | dual_d 1.0380 | train_acc 0.9863 | train_full 1.0000 | val_acc 0.9621 | val_f1 0.9627 | grad(main/disc) 5.635/1.448 | lr(main/disc) 7.00e-05/3.50e-05 | 80.5s
2026-08-21 11:42:20 | Epoch 035/100 | loss 2.5395 | cls 1.2751 | tal -0.1253 | dual_g 1.3020 | dual_d 1.0278 | train_acc 0.9902 | train_full 1.0000 | val_acc 0.9621 | val_f1 0.9584 | grad(main/disc) 5.530/1.414 | lr(main/disc) 7.00e-05/3.50e-05 | 81.8s
2026-08-21 11:43:43 | Epoch 036/100 | loss 2.5349 | cls 1.2705 | tal -0.0811 | dual_g 1.2888 | dual_d 1.0335 | train_acc 0.9863 | train_full 0.9980 | val_acc 0.9773 | val_f1 0.9771 | grad(main/disc) 5.402/1.398 | lr(main/disc) 7.00e-05/3.50e-05 | 82.7s
2026-08-21 11:43:43 | New best val_f1_macro_present: 0.9771 at epoch 36
2026-08-21 11:45:05 | Epoch 037/100 | loss 2.4797 | cls 1.2562 | tal -0.1519 | dual_g 1.2690 | dual_d 1.0332 | train_acc 0.9922 | train_full 0.9921 | val_acc 0.9621 | val_f1 0.9670 | grad(main/disc) 5.171/1.383 | lr(main/disc) 7.00e-05/3.50e-05 | 82.2s
2026-08-21 11:46:27 | Epoch 038/100 | loss 2.4520 | cls 1.2476 | tal -0.1746 | dual_g 1.2568 | dual_d 1.0151 | train_acc 0.9863 | train_full 0.9941 | val_acc 0.9697 | val_f1 0.9745 | grad(main/disc) 4.285/1.354 | lr(main/disc) 7.00e-05/3.50e-05 | 81.5s
2026-08-21 11:47:47 | Epoch 039/100 | loss 2.4972 | cls 1.2605 | tal -0.1215 | dual_g 1.2731 | dual_d 0.9854 | train_acc 0.9883 | train_full 0.9980 | val_acc 0.9545 | val_f1 0.9553 | grad(main/disc) 5.173/1.337 | lr(main/disc) 7.00e-05/3.50e-05 | 80.2s
2026-08-21 11:49:04 | Epoch 040/100 | loss 2.5109 | cls 1.2682 | tal -0.0836 | dual_g 1.2678 | dual_d 1.0005 | train_acc 0.9883 | train_full 1.0000 | val_acc 0.9697 | val_f1 0.9728 | grad(main/disc) 5.367/1.337 | lr(main/disc) 7.00e-05/3.50e-05 | 77.2s
2026-08-21 11:50:25 | Epoch 041/100 | loss 2.4700 | cls 1.2321 | tal -0.0593 | dual_g 1.2557 | dual_d 0.9981 | train_acc 0.9941 | train_full 0.9961 | val_acc 0.9545 | val_f1 0.9521 | grad(main/disc) 4.032/1.292 | lr(main/disc) 7.00e-05/3.50e-05 | 80.3s
2026-08-21 11:51:42 | Epoch 042/100 | loss 2.4359 | cls 1.2264 | tal -0.0692 | dual_g 1.2302 | dual_d 0.9956 | train_acc 0.9961 | train_full 0.9980 | val_acc 0.9621 | val_f1 0.9607 | grad(main/disc) 3.863/1.306 | lr(main/disc) 7.00e-05/3.50e-05 | 77.7s
2026-08-21 11:53:02 | Epoch 043/100 | loss 2.4653 | cls 1.2253 | tal 0.0036 | dual_g 1.2390 | dual_d 0.9928 | train_acc 0.9961 | train_full 1.0000 | val_acc 0.9773 | val_f1 0.9768 | grad(main/disc) 4.028/1.296 | lr(main/disc) 3.50e-05/1.75e-05 | 80.2s
2026-08-21 11:54:22 | Epoch 044/100 | loss 2.4225 | cls 1.2193 | tal -0.0829 | dual_g 1.2280 | dual_d 0.9929 | train_acc 0.9961 | train_full 1.0000 | val_acc 0.9545 | val_f1 0.9492 | grad(main/disc) 3.570/1.290 | lr(main/disc) 3.50e-05/1.75e-05 | 79.4s
2026-08-21 11:55:44 | Epoch 045/100 | loss 2.3956 | cls 1.2146 | tal -0.1083 | dual_g 1.2134 | dual_d 0.9885 | train_acc 1.0000 | train_full 0.9980 | val_acc 0.9697 | val_f1 0.9717 | grad(main/disc) 3.133/1.289 | lr(main/disc) 3.50e-05/1.75e-05 | 81.7s
2026-08-21 11:55:44 | Early stopping at epoch 45 after 9 epochs without val_f1_macro_present improvement.
2026-08-21 11:55:44 | Training complete. Best validation accuracy: 0.9773 | best val_f1_macro_present: 0.9771
2026-08-21 11:55:44 | Starting Dual_D standalone training
2026-08-21 11:55:44 | Run directory: runs/module_c_ablation/module_c_no_cycle_雨天_iter01_20260821_060834
2026-08-21 11:55:44 | Device: cuda
2026-08-21 11:55:44 | Source train samples: 992
2026-08-21 11:55:44 | Target train samples: 96
2026-08-21 11:55:44 | Target val samples: 26
2026-08-21 11:55:44 | Classes: 14
2026-08-21 11:55:44 | Data audit: same_dir=False | path_overlap(vis/ir/ais)=0/0/0 | content_overlap(vis/ir/ais)=0/0/0 | ais_index_overlap=0 | stem_mismatch(vis-ir/vis-ais)=117/0
2026-08-21 11:55:44 | source_train classes: present 14/14 | absent 0 | counts [0:120, 1:44, 2:69, 3:45, 4:40, 5:30, 6:64, 7:80, 8:116, 9:68, 10:57, 11:83, 12:48, 13:128]
2026-08-21 11:55:44 | target_train classes: present 6/14 | absent 8 | counts [0:7, 2:19, 9:32, 10:12, 11:6, 13:20]
2026-08-21 11:55:44 | target_val classes: present 6/14 | absent 8 | counts [0:2, 2:5, 9:8, 10:4, 11:2, 13:5]
2026-08-21 11:55:44 | Paired training classes: 6/14 | class ids [0, 2, 9, 10, 11, 13]
2026-08-21 11:55:44 | VIS/IR pairing: class-level-unpaired | count-mismatch classes train/val: 10/0 | AIS alignment: none | AIS rows train/val: 0/0
2026-08-21 11:55:44 | Model parameters: total=17277714 | trainable=17120210
Starting run 10/12: domain=雨天, iteration=1, seed=51
2026-08-21 11:56:06 | Epoch 001/100 | loss 10.1947 | cls 5.2859 | tal 0.0660 | dual_g 4.8890 | dual_d 0.0000 | train_acc 0.0938 | train_full 0.1250 | val_acc 0.1538 | val_f1 0.1778 | grad(main/disc) 33.275/0.000 | lr(main/disc) 7.00e-05/3.50e-05 | 21.5s
2026-08-21 11:56:06 | New best val_f1_macro_present: 0.1778 at epoch 1
2026-08-21 11:56:28 | Epoch 002/100 | loss 8.7556 | cls 4.5964 | tal 0.0946 | dual_g 4.1309 | dual_d 0.0000 | train_acc 0.1953 | train_full 0.2396 | val_acc 0.1923 | val_f1 0.1545 | grad(main/disc) 28.557/0.000 | lr(main/disc) 7.00e-05/3.50e-05 | 21.5s
2026-08-21 11:56:49 | Epoch 003/100 | loss 7.4193 | cls 3.9314 | tal -0.0362 | dual_g 3.4988 | dual_d 0.0000 | train_acc 0.2422 | train_full 0.3021 | val_acc 0.3077 | val_f1 0.2116 | grad(main/disc) 23.768/0.000 | lr(main/disc) 7.00e-05/3.50e-05 | 21.8s
2026-08-21 11:56:50 | New best val_f1_macro_present: 0.2116 at epoch 3
2026-08-21 11:57:12 | Epoch 004/100 | loss 6.5752 | cls 3.4194 | tal -0.0316 | dual_g 3.1653 | dual_d 0.0000 | train_acc 0.3828 | train_full 0.1458 | val_acc 0.1154 | val_f1 0.0769 | grad(main/disc) 21.034/0.000 | lr(main/disc) 7.00e-05/3.50e-05 | 22.4s
2026-08-21 11:57:33 | Epoch 005/100 | loss 6.1104 | cls 3.1681 | tal -0.1120 | dual_g 2.9758 | dual_d 0.0000 | train_acc 0.3672 | train_full 0.2292 | val_acc 0.1923 | val_f1 0.0617 | grad(main/disc) 19.981/0.000 | lr(main/disc) 7.00e-05/3.50e-05 | 21.1s
2026-08-21 11:57:53 | Epoch 006/100 | loss 5.6218 | cls 2.9029 | tal -0.1116 | dual_g 2.7524 | dual_d 0.8703 | train_acc 0.4062 | train_full 0.1979 | val_acc 0.1923 | val_f1 0.0617 | grad(main/disc) 18.491/2.045 | lr(main/disc) 7.00e-05/3.50e-05 | 20.3s
2026-08-21 11:58:15 | Epoch 007/100 | loss 5.3865 | cls 2.7654 | tal -0.1387 | dual_g 2.6627 | dual_d 0.8445 | train_acc 0.5234 | train_full 0.2500 | val_acc 0.1923 | val_f1 0.0667 | grad(main/disc) 18.336/2.095 | lr(main/disc) 7.00e-05/3.50e-05 | 21.3s
2026-08-21 11:58:35 | Epoch 008/100 | loss 5.1107 | cls 2.5726 | tal -0.1423 | dual_g 2.5808 | dual_d 0.8049 | train_acc 0.6172 | train_full 0.2708 | val_acc 0.3462 | val_f1 0.2262 | grad(main/disc) 17.009/1.906 | lr(main/disc) 7.00e-05/3.50e-05 | 20.6s
2026-08-21 11:58:36 | New best val_f1_macro_present: 0.2262 at epoch 8
2026-08-21 11:58:56 | Epoch 009/100 | loss 5.0249 | cls 2.5597 | tal -0.0761 | dual_g 2.4880 | dual_d 0.8455 | train_acc 0.6094 | train_full 0.3125 | val_acc 0.3462 | val_f1 0.2436 | grad(main/disc) 17.689/1.949 | lr(main/disc) 7.00e-05/3.50e-05 | 20.0s
2026-08-21 11:58:56 | New best val_f1_macro_present: 0.2436 at epoch 9
2026-08-21 11:59:17 | Epoch 010/100 | loss 4.8019 | cls 2.3344 | tal -0.0070 | dual_g 2.4696 | dual_d 0.8237 | train_acc 0.6562 | train_full 0.2917 | val_acc 0.2692 | val_f1 0.1952 | grad(main/disc) 17.706/1.843 | lr(main/disc) 7.00e-05/3.50e-05 | 20.9s
2026-08-21 11:59:37 | Epoch 011/100 | loss 4.5826 | cls 2.2749 | tal -0.0185 | dual_g 2.3133 | dual_d 0.8029 | train_acc 0.7188 | train_full 0.3125 | val_acc 0.3077 | val_f1 0.2422 | grad(main/disc) 17.104/1.871 | lr(main/disc) 7.00e-05/3.50e-05 | 20.1s
2026-08-21 11:59:59 | Epoch 012/100 | loss 4.4825 | cls 2.2689 | tal 0.0344 | dual_g 2.2033 | dual_d 0.8840 | train_acc 0.7344 | train_full 0.4062 | val_acc 0.3462 | val_f1 0.2778 | grad(main/disc) 19.117/1.941 | lr(main/disc) 7.00e-05/3.50e-05 | 22.1s
2026-08-21 11:59:59 | New best val_f1_macro_present: 0.2778 at epoch 12
2026-08-21 12:00:21 | Epoch 013/100 | loss 4.2136 | cls 2.1076 | tal -0.0566 | dual_g 2.1229 | dual_d 0.8471 | train_acc 0.7891 | train_full 0.5417 | val_acc 0.3846 | val_f1 0.2952 | grad(main/disc) 17.552/1.924 | lr(main/disc) 7.00e-05/3.50e-05 | 21.5s
2026-08-21 12:00:21 | New best val_f1_macro_present: 0.2952 at epoch 13
2026-08-21 12:00:43 | Epoch 014/100 | loss 4.3910 | cls 2.1989 | tal -0.0021 | dual_g 2.1927 | dual_d 0.8100 | train_acc 0.7578 | train_full 0.5312 | val_acc 0.4615 | val_f1 0.4769 | grad(main/disc) 18.193/1.842 | lr(main/disc) 7.00e-05/3.50e-05 | 22.2s
2026-08-21 12:00:43 | New best val_f1_macro_present: 0.4769 at epoch 14
2026-08-21 12:01:06 | Epoch 015/100 | loss 4.0198 | cls 1.9528 | tal 0.0273 | dual_g 2.0588 | dual_d 0.7840 | train_acc 0.8281 | train_full 0.5729 | val_acc 0.6154 | val_f1 0.6073 | grad(main/disc) 15.335/1.779 | lr(main/disc) 7.00e-05/3.50e-05 | 23.0s
2026-08-21 12:01:06 | New best val_f1_macro_present: 0.6073 at epoch 15
2026-08-21 12:01:27 | Epoch 016/100 | loss 3.9808 | cls 1.9516 | tal -0.0269 | dual_g 2.0372 | dual_d 0.6979 | train_acc 0.7969 | train_full 0.6562 | val_acc 0.6538 | val_f1 0.6491 | grad(main/disc) 17.072/1.676 | lr(main/disc) 7.00e-05/3.50e-05 | 20.7s
2026-08-21 12:01:27 | New best val_f1_macro_present: 0.6491 at epoch 16
2026-08-21 12:01:48 | Epoch 017/100 | loss 3.7874 | cls 1.8439 | tal -0.0454 | dual_g 1.9571 | dual_d 0.7343 | train_acc 0.8203 | train_full 0.6771 | val_acc 0.5769 | val_f1 0.5967 | grad(main/disc) 15.714/1.692 | lr(main/disc) 7.00e-05/3.50e-05 | 21.0s
2026-08-21 12:02:09 | Epoch 018/100 | loss 3.5941 | cls 1.7452 | tal -0.0262 | dual_g 1.8567 | dual_d 0.6639 | train_acc 0.8828 | train_full 0.5625 | val_acc 0.4615 | val_f1 0.4651 | grad(main/disc) 13.336/1.580 | lr(main/disc) 7.00e-05/3.50e-05 | 20.2s
2026-08-21 12:02:31 | Epoch 019/100 | loss 3.5521 | cls 1.7550 | tal -0.0646 | dual_g 1.8165 | dual_d 0.6930 | train_acc 0.8672 | train_full 0.6354 | val_acc 0.4231 | val_f1 0.4094 | grad(main/disc) 14.040/1.727 | lr(main/disc) 7.00e-05/3.50e-05 | 22.2s
2026-08-21 12:02:53 | Epoch 020/100 | loss 3.4671 | cls 1.7215 | tal -0.0779 | dual_g 1.7689 | dual_d 0.7564 | train_acc 0.9141 | train_full 0.6667 | val_acc 0.6154 | val_f1 0.6546 | grad(main/disc) 12.742/1.778 | lr(main/disc) 7.00e-05/3.50e-05 | 21.9s
2026-08-21 12:02:53 | New best val_f1_macro_present: 0.6546 at epoch 20
2026-08-21 12:03:16 | Epoch 021/100 | loss 3.4036 | cls 1.6788 | tal -0.0533 | dual_g 1.7408 | dual_d 0.6986 | train_acc 0.9219 | train_full 0.6875 | val_acc 0.5385 | val_f1 0.5429 | grad(main/disc) 16.120/1.582 | lr(main/disc) 7.00e-05/3.50e-05 | 22.6s
2026-08-21 12:03:38 | Epoch 022/100 | loss 3.4982 | cls 1.7457 | tal -0.0867 | dual_g 1.7785 | dual_d 0.7115 | train_acc 0.8828 | train_full 0.6250 | val_acc 0.5000 | val_f1 0.5119 | grad(main/disc) 17.016/1.573 | lr(main/disc) 7.00e-05/3.50e-05 | 22.1s
2026-08-21 12:03:58 | Epoch 023/100 | loss 3.4526 | cls 1.6922 | tal 0.0043 | dual_g 1.7591 | dual_d 0.7125 | train_acc 0.9219 | train_full 0.5833 | val_acc 0.4231 | val_f1 0.4180 | grad(main/disc) 20.300/1.560 | lr(main/disc) 7.00e-05/3.50e-05 | 20.4s
2026-08-21 12:04:19 | Epoch 024/100 | loss 3.2858 | cls 1.5951 | tal 0.0025 | dual_g 1.6899 | dual_d 0.6762 | train_acc 0.9219 | train_full 0.8021 | val_acc 0.7308 | val_f1 0.7239 | grad(main/disc) 12.985/1.595 | lr(main/disc) 7.00e-05/3.50e-05 | 21.1s
2026-08-21 12:04:19 | New best val_f1_macro_present: 0.7239 at epoch 24
2026-08-21 12:04:42 | Epoch 025/100 | loss 3.2769 | cls 1.5993 | tal -0.1610 | dual_g 1.7260 | dual_d 0.6846 | train_acc 0.9688 | train_full 0.6875 | val_acc 0.6154 | val_f1 0.5960 | grad(main/disc) 14.436/1.532 | lr(main/disc) 7.00e-05/3.50e-05 | 22.9s
2026-08-21 12:05:05 | Epoch 026/100 | loss 3.2939 | cls 1.6432 | tal -0.1009 | dual_g 1.6809 | dual_d 0.7068 | train_acc 0.8828 | train_full 0.6250 | val_acc 0.6154 | val_f1 0.6073 | grad(main/disc) 13.759/1.450 | lr(main/disc) 7.00e-05/3.50e-05 | 22.6s
2026-08-21 12:05:26 | Epoch 027/100 | loss 3.2774 | cls 1.5988 | tal -0.0953 | dual_g 1.7072 | dual_d 0.7072 | train_acc 0.9297 | train_full 0.7083 | val_acc 0.6923 | val_f1 0.7222 | grad(main/disc) 15.084/1.585 | lr(main/disc) 7.00e-05/3.50e-05 | 21.5s
2026-08-21 12:05:49 | Epoch 028/100 | loss 3.0895 | cls 1.4760 | tal 0.0138 | dual_g 1.6093 | dual_d 0.7845 | train_acc 0.9375 | train_full 0.8021 | val_acc 0.6923 | val_f1 0.6926 | grad(main/disc) 10.361/1.631 | lr(main/disc) 7.00e-05/3.50e-05 | 22.8s
2026-08-21 12:06:11 | Epoch 029/100 | loss 3.2844 | cls 1.6080 | tal 0.0231 | dual_g 1.6696 | dual_d 0.7369 | train_acc 0.9453 | train_full 0.7917 | val_acc 0.7692 | val_f1 0.7576 | grad(main/disc) 13.526/1.607 | lr(main/disc) 7.00e-05/3.50e-05 | 21.3s
2026-08-21 12:06:11 | New best val_f1_macro_present: 0.7576 at epoch 29
2026-08-21 12:06:33 | Epoch 030/100 | loss 3.0323 | cls 1.4399 | tal -0.0128 | dual_g 1.5962 | dual_d 0.7179 | train_acc 0.9844 | train_full 0.7500 | val_acc 0.6154 | val_f1 0.5967 | grad(main/disc) 9.483/1.464 | lr(main/disc) 7.00e-05/3.50e-05 | 22.4s
2026-08-21 12:06:53 | Epoch 031/100 | loss 3.0115 | cls 1.4707 | tal -0.0430 | dual_g 1.5537 | dual_d 0.7172 | train_acc 0.9609 | train_full 0.7500 | val_acc 0.6538 | val_f1 0.6608 | grad(main/disc) 9.975/1.555 | lr(main/disc) 7.00e-05/3.50e-05 | 20.2s
2026-08-21 12:07:16 | Epoch 032/100 | loss 3.0562 | cls 1.5501 | tal -0.1335 | dual_g 1.5462 | dual_d 0.6890 | train_acc 0.9297 | train_full 0.8333 | val_acc 0.7308 | val_f1 0.7552 | grad(main/disc) 11.789/1.512 | lr(main/disc) 7.00e-05/3.50e-05 | 22.3s
2026-08-21 12:07:38 | Epoch 033/100 | loss 2.9804 | cls 1.4556 | tal -0.1800 | dual_g 1.5788 | dual_d 0.8023 | train_acc 0.9219 | train_full 0.9167 | val_acc 0.8077 | val_f1 0.8195 | grad(main/disc) 9.876/1.549 | lr(main/disc) 7.00e-05/3.50e-05 | 22.8s
2026-08-21 12:07:39 | New best val_f1_macro_present: 0.8195 at epoch 33
2026-08-21 12:07:59 | Epoch 034/100 | loss 2.9207 | cls 1.4296 | tal -0.1402 | dual_g 1.5331 | dual_d 0.7870 | train_acc 0.9922 | train_full 0.8438 | val_acc 0.8846 | val_f1 0.8492 | grad(main/disc) 10.285/1.598 | lr(main/disc) 7.00e-05/3.50e-05 | 20.1s
2026-08-21 12:07:59 | New best val_f1_macro_present: 0.8492 at epoch 34
2026-08-21 12:08:20 | Epoch 035/100 | loss 2.8048 | cls 1.3609 | tal -0.1791 | dual_g 1.4976 | dual_d 0.7945 | train_acc 0.9766 | train_full 0.8438 | val_acc 0.8462 | val_f1 0.8188 | grad(main/disc) 8.388/1.653 | lr(main/disc) 7.00e-05/3.50e-05 | 21.3s
2026-08-21 12:08:42 | Epoch 036/100 | loss 2.8278 | cls 1.4053 | tal -0.1488 | dual_g 1.4671 | dual_d 0.7742 | train_acc 0.9766 | train_full 0.8750 | val_acc 0.9615 | val_f1 0.9111 | grad(main/disc) 9.143/1.619 | lr(main/disc) 7.00e-05/3.50e-05 | 21.5s
2026-08-21 12:08:42 | New best val_f1_macro_present: 0.9111 at epoch 36
2026-08-21 12:09:03 | Epoch 037/100 | loss 2.8793 | cls 1.4324 | tal -0.0942 | dual_g 1.4752 | dual_d 0.8160 | train_acc 1.0000 | train_full 0.8542 | val_acc 0.7692 | val_f1 0.7626 | grad(main/disc) 8.873/1.662 | lr(main/disc) 7.00e-05/3.50e-05 | 20.8s
2026-08-21 12:09:25 | Epoch 038/100 | loss 2.8998 | cls 1.4228 | tal -0.1549 | dual_g 1.5235 | dual_d 0.7446 | train_acc 0.9609 | train_full 0.8958 | val_acc 0.9231 | val_f1 0.9306 | grad(main/disc) 9.761/1.587 | lr(main/disc) 7.00e-05/3.50e-05 | 22.1s
2026-08-21 12:09:25 | New best val_f1_macro_present: 0.9306 at epoch 38
2026-08-21 12:09:45 | Epoch 039/100 | loss 2.8734 | cls 1.4382 | tal -0.1659 | dual_g 1.4849 | dual_d 0.7549 | train_acc 0.9609 | train_full 0.9479 | val_acc 0.9615 | val_f1 0.9663 | grad(main/disc) 13.343/1.577 | lr(main/disc) 7.00e-05/3.50e-05 | 20.4s
2026-08-21 12:09:46 | New best val_f1_macro_present: 0.9663 at epoch 39
2026-08-21 12:10:08 | Epoch 040/100 | loss 2.7505 | cls 1.3598 | tal -0.2119 | dual_g 1.4542 | dual_d 0.8282 | train_acc 0.9844 | train_full 0.9479 | val_acc 0.9615 | val_f1 0.9663 | grad(main/disc) 7.553/1.624 | lr(main/disc) 7.00e-05/3.50e-05 | 21.9s
2026-08-21 12:10:28 | Epoch 041/100 | loss 2.7596 | cls 1.3664 | tal -0.1533 | dual_g 1.4391 | dual_d 0.8657 | train_acc 0.9688 | train_full 0.9792 | val_acc 0.9615 | val_f1 0.9663 | grad(main/disc) 7.470/1.716 | lr(main/disc) 7.00e-05/3.50e-05 | 20.1s
2026-08-21 12:10:50 | Epoch 042/100 | loss 2.8291 | cls 1.3813 | tal -0.1672 | dual_g 1.4980 | dual_d 0.8135 | train_acc 0.9688 | train_full 0.9896 | val_acc 1.0000 | val_f1 1.0000 | grad(main/disc) 9.764/1.585 | lr(main/disc) 7.00e-05/3.50e-05 | 22.3s
2026-08-21 12:10:50 | New best val_f1_macro_present: 1.0000 at epoch 42
2026-08-21 12:11:11 | Epoch 043/100 | loss 2.7710 | cls 1.3569 | tal -0.1167 | dual_g 1.4491 | dual_d 0.9375 | train_acc 0.9922 | train_full 0.9688 | val_acc 1.0000 | val_f1 1.0000 | grad(main/disc) 6.817/1.688 | lr(main/disc) 7.00e-05/3.50e-05 | 20.5s
2026-08-21 12:11:34 | Epoch 044/100 | loss 2.7210 | cls 1.3410 | tal -0.0778 | dual_g 1.4034 | dual_d 0.7867 | train_acc 0.9922 | train_full 0.9167 | val_acc 0.9615 | val_f1 0.9111 | grad(main/disc) 6.920/1.604 | lr(main/disc) 7.00e-05/3.50e-05 | 23.4s
2026-08-21 12:11:56 | Epoch 045/100 | loss 2.7962 | cls 1.3697 | tal -0.1093 | dual_g 1.4593 | dual_d 0.8307 | train_acc 0.9922 | train_full 0.9583 | val_acc 0.9615 | val_f1 0.9663 | grad(main/disc) 9.627/1.615 | lr(main/disc) 7.00e-05/3.50e-05 | 21.5s
2026-08-21 12:12:16 | Epoch 046/100 | loss 2.7768 | cls 1.3717 | tal -0.1226 | dual_g 1.4419 | dual_d 0.8266 | train_acc 1.0000 | train_full 0.9479 | val_acc 0.9231 | val_f1 0.8774 | grad(main/disc) 9.458/1.650 | lr(main/disc) 7.00e-05/3.50e-05 | 20.7s
2026-08-21 12:12:37 | Epoch 047/100 | loss 2.7558 | cls 1.4061 | tal -0.1411 | dual_g 1.3921 | dual_d 0.8520 | train_acc 0.9766 | train_full 0.9479 | val_acc 0.9231 | val_f1 0.8774 | grad(main/disc) 10.095/1.598 | lr(main/disc) 7.00e-05/3.50e-05 | 20.6s
2026-08-21 12:12:59 | Epoch 048/100 | loss 2.7554 | cls 1.3426 | tal -0.0482 | dual_g 1.4273 | dual_d 0.8453 | train_acc 0.9844 | train_full 0.9271 | val_acc 0.9231 | val_f1 0.8774 | grad(main/disc) 7.779/1.641 | lr(main/disc) 7.00e-05/3.50e-05 | 22.4s
2026-08-21 12:13:21 | Epoch 049/100 | loss 2.6633 | cls 1.3370 | tal -0.1556 | dual_g 1.3730 | dual_d 0.9011 | train_acc 0.9844 | train_full 0.8958 | val_acc 0.8462 | val_f1 0.8129 | grad(main/disc) 8.810/1.653 | lr(main/disc) 3.50e-05/1.75e-05 | 21.9s
2026-08-21 12:13:41 | Epoch 050/100 | loss 2.7695 | cls 1.3865 | tal -0.1231 | dual_g 1.4199 | dual_d 0.8742 | train_acc 0.9844 | train_full 0.9583 | val_acc 0.9231 | val_f1 0.9370 | grad(main/disc) 11.272/1.585 | lr(main/disc) 3.50e-05/1.75e-05 | 20.0s
2026-08-21 12:14:02 | Epoch 051/100 | loss 2.6514 | cls 1.3296 | tal -0.1092 | dual_g 1.3546 | dual_d 0.9009 | train_acc 0.9766 | train_full 0.9688 | val_acc 0.9615 | val_f1 0.9704 | grad(main/disc) 6.347/1.574 | lr(main/disc) 3.50e-05/1.75e-05 | 21.2s
2026-08-21 12:14:02 | Early stopping at epoch 51 after 9 epochs without val_f1_macro_present improvement.
2026-08-21 12:14:02 | Training complete. Best validation accuracy: 1.0000 | best val_f1_macro_present: 1.0000
2026-08-21 12:14:02 | Starting Dual_D standalone training
2026-08-21 12:14:02 | Run directory: runs/module_c_ablation/module_c_no_cycle_雨天_iter02_20260821_060834
2026-08-21 12:14:02 | Device: cuda
2026-08-21 12:14:02 | Source train samples: 992
2026-08-21 12:14:02 | Target train samples: 96
2026-08-21 12:14:02 | Target val samples: 26
2026-08-21 12:14:02 | Classes: 14
2026-08-21 12:14:02 | Data audit: same_dir=False | path_overlap(vis/ir/ais)=0/0/0 | content_overlap(vis/ir/ais)=0/0/0 | ais_index_overlap=0 | stem_mismatch(vis-ir/vis-ais)=117/0
2026-08-21 12:14:02 | source_train classes: present 14/14 | absent 0 | counts [0:120, 1:44, 2:69, 3:45, 4:40, 5:30, 6:64, 7:80, 8:116, 9:68, 10:57, 11:83, 12:48, 13:128]
2026-08-21 12:14:02 | target_train classes: present 6/14 | absent 8 | counts [0:7, 2:19, 9:32, 10:12, 11:6, 13:20]
2026-08-21 12:14:02 | target_val classes: present 6/14 | absent 8 | counts [0:2, 2:5, 9:8, 10:4, 11:2, 13:5]
2026-08-21 12:14:02 | Paired training classes: 6/14 | class ids [0, 2, 9, 10, 11, 13]
2026-08-21 12:14:02 | VIS/IR pairing: class-level-unpaired | count-mismatch classes train/val: 10/0 | AIS alignment: none | AIS rows train/val: 0/0
2026-08-21 12:14:03 | Model parameters: total=17277714 | trainable=17120210
Starting run 11/12: domain=雨天, iteration=2, seed=52
2026-08-21 12:14:26 | Epoch 001/100 | loss 9.6423 | cls 5.0269 | tal 0.0708 | dual_g 4.5941 | dual_d 0.0000 | train_acc 0.1484 | train_full 0.3229 | val_acc 0.2308 | val_f1 0.0769 | grad(main/disc) 33.734/0.000 | lr(main/disc) 7.00e-05/3.50e-05 | 22.7s
2026-08-21 12:14:26 | New best val_f1_macro_present: 0.0769 at epoch 1
2026-08-21 12:14:46 | Epoch 002/100 | loss 7.8904 | cls 4.1853 | tal -0.0489 | dual_g 3.7198 | dual_d 0.0000 | train_acc 0.1562 | train_full 0.3229 | val_acc 0.2692 | val_f1 0.2555 | grad(main/disc) 28.629/0.000 | lr(main/disc) 7.00e-05/3.50e-05 | 19.8s
2026-08-21 12:14:46 | New best val_f1_macro_present: 0.2555 at epoch 2
2026-08-21 12:15:08 | Epoch 003/100 | loss 7.2603 | cls 3.7772 | tal -0.0032 | dual_g 3.4841 | dual_d 0.0000 | train_acc 0.2812 | train_full 0.1458 | val_acc 0.0769 | val_f1 0.0667 | grad(main/disc) 25.513/0.000 | lr(main/disc) 7.00e-05/3.50e-05 | 22.0s
2026-08-21 12:15:30 | Epoch 004/100 | loss 6.6816 | cls 3.4540 | tal 0.0697 | dual_g 3.2067 | dual_d 0.0000 | train_acc 0.3750 | train_full 0.2396 | val_acc 0.2308 | val_f1 0.1605 | grad(main/disc) 23.038/0.000 | lr(main/disc) 7.00e-05/3.50e-05 | 22.5s
2026-08-21 12:15:51 | Epoch 005/100 | loss 6.0314 | cls 3.1488 | tal 0.0583 | dual_g 2.8651 | dual_d 0.0000 | train_acc 0.4297 | train_full 0.2812 | val_acc 0.2692 | val_f1 0.2262 | grad(main/disc) 21.345/0.000 | lr(main/disc) 7.00e-05/3.50e-05 | 20.7s
2026-08-21 12:16:11 | Epoch 006/100 | loss 5.7679 | cls 3.0231 | tal 0.0245 | dual_g 2.7374 | dual_d 0.9945 | train_acc 0.4531 | train_full 0.2917 | val_acc 0.3462 | val_f1 0.2889 | grad(main/disc) 20.555/2.099 | lr(main/disc) 7.00e-05/3.50e-05 | 20.3s
2026-08-21 12:16:12 | New best val_f1_macro_present: 0.2889 at epoch 6
2026-08-21 12:16:31 | Epoch 007/100 | loss 5.3442 | cls 2.6971 | tal 0.0331 | dual_g 2.6371 | dual_d 0.9341 | train_acc 0.5234 | train_full 0.3021 | val_acc 0.3462 | val_f1 0.2639 | grad(main/disc) 19.312/1.921 | lr(main/disc) 7.00e-05/3.50e-05 | 19.5s
2026-08-21 12:16:53 | Epoch 008/100 | loss 5.1361 | cls 2.6594 | tal 0.0531 | dual_g 2.4608 | dual_d 0.8793 | train_acc 0.6016 | train_full 0.3333 | val_acc 0.3846 | val_f1 0.2692 | grad(main/disc) 18.119/1.950 | lr(main/disc) 7.00e-05/3.50e-05 | 21.5s
2026-08-21 12:17:14 | Epoch 009/100 | loss 4.7765 | cls 2.3870 | tal -0.0588 | dual_g 2.4071 | dual_d 0.8929 | train_acc 0.6406 | train_full 0.4167 | val_acc 0.4231 | val_f1 0.3526 | grad(main/disc) 17.567/1.971 | lr(main/disc) 7.00e-05/3.50e-05 | 21.4s
2026-08-21 12:17:14 | New best val_f1_macro_present: 0.3526 at epoch 9
2026-08-21 12:17:37 | Epoch 010/100 | loss 4.6045 | cls 2.3408 | tal -0.0253 | dual_g 2.2713 | dual_d 0.8305 | train_acc 0.7500 | train_full 0.4375 | val_acc 0.4615 | val_f1 0.4125 | grad(main/disc) 17.278/1.832 | lr(main/disc) 7.00e-05/3.50e-05 | 23.1s
2026-08-21 12:17:38 | New best val_f1_macro_present: 0.4125 at epoch 10
2026-08-21 12:18:00 | Epoch 011/100 | loss 4.6463 | cls 2.3573 | tal 0.0512 | dual_g 2.2737 | dual_d 0.8641 | train_acc 0.7500 | train_full 0.5000 | val_acc 0.4615 | val_f1 0.3819 | grad(main/disc) 18.409/1.948 | lr(main/disc) 7.00e-05/3.50e-05 | 22.5s
2026-08-21 12:18:22 | Epoch 012/100 | loss 4.3108 | cls 2.1581 | tal 0.0636 | dual_g 2.1336 | dual_d 0.8543 | train_acc 0.7969 | train_full 0.6146 | val_acc 0.5385 | val_f1 0.4954 | grad(main/disc) 17.935/1.918 | lr(main/disc) 7.00e-05/3.50e-05 | 21.7s
2026-08-21 12:18:22 | New best val_f1_macro_present: 0.4954 at epoch 12
2026-08-21 12:18:44 | Epoch 013/100 | loss 4.3004 | cls 2.1702 | tal 0.0410 | dual_g 2.1179 | dual_d 0.8748 | train_acc 0.7578 | train_full 0.4688 | val_acc 0.5000 | val_f1 0.4147 | grad(main/disc) 20.492/1.883 | lr(main/disc) 7.00e-05/3.50e-05 | 21.9s
2026-08-21 12:19:05 | Epoch 014/100 | loss 4.0501 | cls 1.9494 | tal 0.0599 | dual_g 2.0827 | dual_d 0.8421 | train_acc 0.8047 | train_full 0.4688 | val_acc 0.5385 | val_f1 0.4675 | grad(main/disc) 16.564/1.768 | lr(main/disc) 7.00e-05/3.50e-05 | 21.2s
2026-08-21 12:19:28 | Epoch 015/100 | loss 4.1799 | cls 2.1119 | tal 0.0399 | dual_g 2.0560 | dual_d 0.8009 | train_acc 0.8125 | train_full 0.5521 | val_acc 0.5000 | val_f1 0.4607 | grad(main/disc) 20.919/1.738 | lr(main/disc) 7.00e-05/3.50e-05 | 22.5s
2026-08-21 12:19:49 | Epoch 016/100 | loss 3.5983 | cls 1.7738 | tal 0.0403 | dual_g 1.8124 | dual_d 0.9032 | train_acc 0.9141 | train_full 0.5521 | val_acc 0.5385 | val_f1 0.4954 | grad(main/disc) 15.622/1.916 | lr(main/disc) 7.00e-05/3.50e-05 | 20.9s
2026-08-21 12:20:11 | Epoch 017/100 | loss 3.4400 | cls 1.6767 | tal -0.0175 | dual_g 1.7685 | dual_d 0.8216 | train_acc 0.8672 | train_full 0.5625 | val_acc 0.5385 | val_f1 0.4954 | grad(main/disc) 12.855/1.759 | lr(main/disc) 7.00e-05/3.50e-05 | 21.8s
2026-08-21 12:20:32 | Epoch 018/100 | loss 3.4798 | cls 1.7117 | tal -0.0268 | dual_g 1.7761 | dual_d 0.8211 | train_acc 0.9219 | train_full 0.5938 | val_acc 0.4231 | val_f1 0.3496 | grad(main/disc) 14.786/1.765 | lr(main/disc) 7.00e-05/3.50e-05 | 21.8s
2026-08-21 12:20:53 | Epoch 019/100 | loss 3.4535 | cls 1.7091 | tal 0.0451 | dual_g 1.7308 | dual_d 0.8243 | train_acc 0.8828 | train_full 0.7812 | val_acc 0.6923 | val_f1 0.7331 | grad(main/disc) 17.335/1.698 | lr(main/disc) 7.00e-05/3.50e-05 | 20.5s
2026-08-21 12:20:53 | New best val_f1_macro_present: 0.7331 at epoch 19
2026-08-21 12:21:14 | Epoch 020/100 | loss 3.6356 | cls 1.7870 | tal 0.0398 | dual_g 1.8366 | dual_d 0.7890 | train_acc 0.9219 | train_full 0.7604 | val_acc 0.6923 | val_f1 0.7319 | grad(main/disc) 20.319/1.736 | lr(main/disc) 7.00e-05/3.50e-05 | 21.0s
2026-08-21 12:21:34 | Epoch 021/100 | loss 3.3606 | cls 1.6688 | tal -0.0067 | dual_g 1.6938 | dual_d 0.7694 | train_acc 0.9141 | train_full 0.7292 | val_acc 0.6154 | val_f1 0.5631 | grad(main/disc) 19.779/1.597 | lr(main/disc) 7.00e-05/3.50e-05 | 19.9s
2026-08-21 12:21:56 | Epoch 022/100 | loss 3.4645 | cls 1.7161 | tal 0.0351 | dual_g 1.7379 | dual_d 0.8309 | train_acc 0.9062 | train_full 0.7708 | val_acc 0.6923 | val_f1 0.6620 | grad(main/disc) 18.213/1.789 | lr(main/disc) 7.00e-05/3.50e-05 | 21.6s
2026-08-21 12:22:15 | Epoch 023/100 | loss 3.1909 | cls 1.5532 | tal 0.0055 | dual_g 1.6361 | dual_d 0.7722 | train_acc 0.9297 | train_full 0.6354 | val_acc 0.5769 | val_f1 0.5379 | grad(main/disc) 13.737/1.647 | lr(main/disc) 7.00e-05/3.50e-05 | 18.9s
2026-08-21 12:22:34 | Epoch 024/100 | loss 3.3007 | cls 1.5862 | tal -0.0365 | dual_g 1.7255 | dual_d 0.7820 | train_acc 0.9375 | train_full 0.6458 | val_acc 0.5769 | val_f1 0.5379 | grad(main/disc) 13.469/1.622 | lr(main/disc) 7.00e-05/3.50e-05 | 19.6s
2026-08-21 12:22:55 | Epoch 025/100 | loss 3.3940 | cls 1.6303 | tal 0.0512 | dual_g 1.7482 | dual_d 0.8399 | train_acc 0.9062 | train_full 0.7708 | val_acc 0.6923 | val_f1 0.6342 | grad(main/disc) 15.260/1.649 | lr(main/disc) 7.00e-05/3.50e-05 | 21.2s
2026-08-21 12:23:18 | Epoch 026/100 | loss 3.1740 | cls 1.5710 | tal 0.0576 | dual_g 1.5857 | dual_d 0.7802 | train_acc 0.9141 | train_full 0.8438 | val_acc 0.7308 | val_f1 0.6574 | grad(main/disc) 14.467/1.686 | lr(main/disc) 3.50e-05/1.75e-05 | 22.6s
2026-08-21 12:23:38 | Epoch 027/100 | loss 3.1376 | cls 1.5083 | tal -0.0215 | dual_g 1.6357 | dual_d 0.7696 | train_acc 0.9766 | train_full 0.8021 | val_acc 0.7692 | val_f1 0.7054 | grad(main/disc) 13.900/1.570 | lr(main/disc) 3.50e-05/1.75e-05 | 19.6s
2026-08-21 12:23:59 | Epoch 028/100 | loss 3.1317 | cls 1.5132 | tal -0.0008 | dual_g 1.6188 | dual_d 0.8204 | train_acc 0.9688 | train_full 0.8854 | val_acc 0.7692 | val_f1 0.6954 | grad(main/disc) 15.026/1.755 | lr(main/disc) 3.50e-05/1.75e-05 | 21.1s
2026-08-21 12:23:59 | Early stopping at epoch 28 after 9 epochs without val_f1_macro_present improvement.
2026-08-21 12:23:59 | Training complete. Best validation accuracy: 0.7692 | best val_f1_macro_present: 0.7331
2026-08-21 12:23:59 | Starting Dual_D standalone training
2026-08-21 12:23:59 | Run directory: runs/module_c_ablation/module_c_no_cycle_雨天_iter03_20260821_060834
2026-08-21 12:23:59 | Device: cuda
2026-08-21 12:23:59 | Source train samples: 992
2026-08-21 12:23:59 | Target train samples: 96
2026-08-21 12:23:59 | Target val samples: 26
2026-08-21 12:23:59 | Classes: 14
2026-08-21 12:23:59 | Data audit: same_dir=False | path_overlap(vis/ir/ais)=0/0/0 | content_overlap(vis/ir/ais)=0/0/0 | ais_index_overlap=0 | stem_mismatch(vis-ir/vis-ais)=117/0
2026-08-21 12:23:59 | source_train classes: present 14/14 | absent 0 | counts [0:120, 1:44, 2:69, 3:45, 4:40, 5:30, 6:64, 7:80, 8:116, 9:68, 10:57, 11:83, 12:48, 13:128]
2026-08-21 12:23:59 | target_train classes: present 6/14 | absent 8 | counts [0:7, 2:19, 9:32, 10:12, 11:6, 13:20]
2026-08-21 12:23:59 | target_val classes: present 6/14 | absent 8 | counts [0:2, 2:5, 9:8, 10:4, 11:2, 13:5]
2026-08-21 12:23:59 | Paired training classes: 6/14 | class ids [0, 2, 9, 10, 11, 13]
2026-08-21 12:23:59 | VIS/IR pairing: class-level-unpaired | count-mismatch classes train/val: 10/0 | AIS alignment: none | AIS rows train/val: 0/0
2026-08-21 12:23:59 | Model parameters: total=17277714 | trainable=17120210
Starting run 12/12: domain=雨天, iteration=3, seed=53
2026-08-21 12:24:21 | Epoch 001/100 | loss 9.1719 | cls 4.8258 | tal 0.0733 | dual_g 4.3241 | dual_d 0.0000 | train_acc 0.0938 | train_full 0.0625 | val_acc 0.0385 | val_f1 0.0196 | grad(main/disc) 30.914/0.000 | lr(main/disc) 7.00e-05/3.50e-05 | 22.2s
2026-08-21 12:24:21 | New best val_f1_macro_present: 0.0196 at epoch 1
2026-08-21 12:24:43 | Epoch 002/100 | loss 7.7582 | cls 4.0649 | tal -0.0383 | dual_g 3.7048 | dual_d 0.0000 | train_acc 0.2109 | train_full 0.1771 | val_acc 0.1538 | val_f1 0.0952 | grad(main/disc) 26.321/0.000 | lr(main/disc) 7.00e-05/3.50e-05 | 21.1s
2026-08-21 12:24:43 | New best val_f1_macro_present: 0.0952 at epoch 2
2026-08-21 12:25:04 | Epoch 003/100 | loss 7.1542 | cls 3.6892 | tal 0.0404 | dual_g 3.4529 | dual_d 0.0000 | train_acc 0.3281 | train_full 0.1979 | val_acc 0.1923 | val_f1 0.1250 | grad(main/disc) 25.122/0.000 | lr(main/disc) 7.00e-05/3.50e-05 | 21.4s
2026-08-21 12:25:04 | New best val_f1_macro_present: 0.1250 at epoch 3
2026-08-21 12:25:25 | Epoch 004/100 | loss 6.5747 | cls 3.3365 | tal 0.1092 | dual_g 3.2054 | dual_d 0.0000 | train_acc 0.4141 | train_full 0.1042 | val_acc 0.1154 | val_f1 0.0833 | grad(main/disc) 21.999/0.000 | lr(main/disc) 7.00e-05/3.50e-05 | 20.3s
2026-08-21 12:25:46 | Epoch 005/100 | loss 6.1631 | cls 3.1652 | tal 0.0675 | dual_g 2.9777 | dual_d 0.0000 | train_acc 0.4297 | train_full 0.2188 | val_acc 0.3077 | val_f1 0.2199 | grad(main/disc) 20.916/0.000 | lr(main/disc) 7.00e-05/3.50e-05 | 21.7s
2026-08-21 12:25:47 | New best val_f1_macro_present: 0.2199 at epoch 5
2026-08-21 12:26:07 | Epoch 006/100 | loss 5.3567 | cls 2.6910 | tal 0.0407 | dual_g 2.6535 | dual_d 0.9300 | train_acc 0.5703 | train_full 0.1667 | val_acc 0.2692 | val_f1 0.1898 | grad(main/disc) 18.077/2.147 | lr(main/disc) 7.00e-05/3.50e-05 | 20.4s
2026-08-21 12:26:28 | Epoch 007/100 | loss 5.4184 | cls 2.8545 | tal 0.0630 | dual_g 2.5450 | dual_d 0.8741 | train_acc 0.6172 | train_full 0.1875 | val_acc 0.2308 | val_f1 0.1297 | grad(main/disc) 19.732/2.122 | lr(main/disc) 7.00e-05/3.50e-05 | 21.0s
2026-08-21 12:26:50 | Epoch 008/100 | loss 5.1682 | cls 2.6925 | tal 0.0909 | dual_g 2.4484 | dual_d 0.9367 | train_acc 0.6641 | train_full 0.2396 | val_acc 0.2308 | val_f1 0.1297 | grad(main/disc) 18.384/2.096 | lr(main/disc) 7.00e-05/3.50e-05 | 22.3s
2026-08-21 12:27:13 | Epoch 009/100 | loss 5.2623 | cls 2.7453 | tal 0.1094 | dual_g 2.4842 | dual_d 0.8169 | train_acc 0.6484 | train_full 0.2604 | val_acc 0.2308 | val_f1 0.1340 | grad(main/disc) 19.983/1.987 | lr(main/disc) 7.00e-05/3.50e-05 | 22.1s
2026-08-21 12:27:35 | Epoch 010/100 | loss 4.6727 | cls 2.3127 | tal 0.1184 | dual_g 2.3246 | dual_d 0.8100 | train_acc 0.7031 | train_full 0.3542 | val_acc 0.3462 | val_f1 0.3523 | grad(main/disc) 17.008/2.003 | lr(main/disc) 7.00e-05/3.50e-05 | 22.2s
2026-08-21 12:27:35 | New best val_f1_macro_present: 0.3523 at epoch 10
2026-08-21 12:27:56 | Epoch 011/100 | loss 4.4758 | cls 2.2120 | tal 0.0507 | dual_g 2.2486 | dual_d 0.8708 | train_acc 0.6953 | train_full 0.4375 | val_acc 0.5385 | val_f1 0.5294 | grad(main/disc) 17.397/1.968 | lr(main/disc) 7.00e-05/3.50e-05 | 21.2s
2026-08-21 12:27:56 | New best val_f1_macro_present: 0.5294 at epoch 11
2026-08-21 12:28:18 | Epoch 012/100 | loss 4.3822 | cls 2.1510 | tal 0.0319 | dual_g 2.2216 | dual_d 0.8532 | train_acc 0.7422 | train_full 0.4688 | val_acc 0.4615 | val_f1 0.3794 | grad(main/disc) 19.303/1.875 | lr(main/disc) 7.00e-05/3.50e-05 | 21.4s
2026-08-21 12:28:38 | Epoch 013/100 | loss 4.0945 | cls 1.9903 | tal 0.0463 | dual_g 2.0903 | dual_d 0.8375 | train_acc 0.7969 | train_full 0.4375 | val_acc 0.4615 | val_f1 0.3785 | grad(main/disc) 16.326/1.983 | lr(main/disc) 7.00e-05/3.50e-05 | 20.0s
2026-08-21 12:28:59 | Epoch 014/100 | loss 3.9105 | cls 1.9239 | tal 0.0596 | dual_g 1.9688 | dual_d 0.8801 | train_acc 0.8125 | train_full 0.4479 | val_acc 0.4615 | val_f1 0.3819 | grad(main/disc) 16.966/1.986 | lr(main/disc) 7.00e-05/3.50e-05 | 21.4s
2026-08-21 12:29:19 | Epoch 015/100 | loss 3.8116 | cls 1.8621 | tal -0.0459 | dual_g 1.9633 | dual_d 0.8487 | train_acc 0.8047 | train_full 0.5000 | val_acc 0.4615 | val_f1 0.3786 | grad(main/disc) 15.034/1.795 | lr(main/disc) 7.00e-05/3.50e-05 | 20.2s
2026-08-21 12:29:40 | Epoch 016/100 | loss 3.7862 | cls 1.9056 | tal -0.0174 | dual_g 1.8858 | dual_d 0.8607 | train_acc 0.8281 | train_full 0.7292 | val_acc 0.5385 | val_f1 0.4720 | grad(main/disc) 16.906/1.900 | lr(main/disc) 7.00e-05/3.50e-05 | 21.0s
2026-08-21 12:30:01 | Epoch 017/100 | loss 3.5045 | cls 1.6623 | tal -0.0271 | dual_g 1.8503 | dual_d 0.7323 | train_acc 0.8984 | train_full 0.7292 | val_acc 0.5769 | val_f1 0.6164 | grad(main/disc) 15.118/1.634 | lr(main/disc) 7.00e-05/3.50e-05 | 20.6s
2026-08-21 12:30:01 | New best val_f1_macro_present: 0.6164 at epoch 17
2026-08-21 12:30:23 | Epoch 018/100 | loss 3.4741 | cls 1.6948 | tal -0.0519 | dual_g 1.7950 | dual_d 0.7255 | train_acc 0.8516 | train_full 0.7917 | val_acc 0.6154 | val_f1 0.6528 | grad(main/disc) 15.879/1.498 | lr(main/disc) 7.00e-05/3.50e-05 | 21.7s
2026-08-21 12:30:23 | New best val_f1_macro_present: 0.6528 at epoch 18
2026-08-21 12:30:44 | Epoch 019/100 | loss 3.3781 | cls 1.6148 | tal 0.0061 | dual_g 1.7614 | dual_d 0.7593 | train_acc 0.8984 | train_full 0.8021 | val_acc 0.6538 | val_f1 0.6780 | grad(main/disc) 13.734/1.716 | lr(main/disc) 7.00e-05/3.50e-05 | 21.1s
2026-08-21 12:30:45 | New best val_f1_macro_present: 0.6780 at epoch 19
2026-08-21 12:31:05 | Epoch 020/100 | loss 3.4169 | cls 1.6843 | tal -0.0578 | dual_g 1.7500 | dual_d 0.8143 | train_acc 0.8594 | train_full 0.7604 | val_acc 0.5769 | val_f1 0.5893 | grad(main/disc) 18.042/1.803 | lr(main/disc) 7.00e-05/3.50e-05 | 20.7s
2026-08-21 12:31:27 | Epoch 021/100 | loss 3.3246 | cls 1.6478 | tal -0.0615 | dual_g 1.6953 | dual_d 0.8315 | train_acc 0.8984 | train_full 0.7604 | val_acc 0.6538 | val_f1 0.6624 | grad(main/disc) 15.260/1.761 | lr(main/disc) 7.00e-05/3.50e-05 | 21.7s
2026-08-21 12:31:49 | Epoch 022/100 | loss 3.2830 | cls 1.6225 | tal -0.0615 | dual_g 1.6790 | dual_d 0.8236 | train_acc 0.9453 | train_full 0.8438 | val_acc 0.8077 | val_f1 0.8356 | grad(main/disc) 13.744/1.767 | lr(main/disc) 7.00e-05/3.50e-05 | 21.7s
2026-08-21 12:31:49 | New best val_f1_macro_present: 0.8356 at epoch 22
2026-08-21 12:32:10 | Epoch 023/100 | loss 3.3217 | cls 1.6251 | tal -0.0542 | dual_g 1.7128 | dual_d 0.7805 | train_acc 0.8906 | train_full 0.7396 | val_acc 0.6923 | val_f1 0.7123 | grad(main/disc) 14.146/1.656 | lr(main/disc) 7.00e-05/3.50e-05 | 21.1s
2026-08-21 12:32:31 | Epoch 024/100 | loss 3.2437 | cls 1.5596 | tal -0.0069 | dual_g 1.6861 | dual_d 0.7419 | train_acc 0.9297 | train_full 0.7917 | val_acc 0.7308 | val_f1 0.7453 | grad(main/disc) 18.128/1.651 | lr(main/disc) 7.00e-05/3.50e-05 | 20.9s
2026-08-21 12:32:52 | Epoch 025/100 | loss 3.1798 | cls 1.5125 | tal -0.0417 | dual_g 1.6799 | dual_d 0.7607 | train_acc 0.9297 | train_full 0.7604 | val_acc 0.5769 | val_f1 0.5965 | grad(main/disc) 14.605/1.618 | lr(main/disc) 7.00e-05/3.50e-05 | 20.8s
2026-08-21 12:33:14 | Epoch 026/100 | loss 3.3324 | cls 1.6766 | tal -0.1006 | dual_g 1.6860 | dual_d 0.8504 | train_acc 0.8828 | train_full 0.7917 | val_acc 0.6923 | val_f1 0.7329 | grad(main/disc) 18.237/1.778 | lr(main/disc) 7.00e-05/3.50e-05 | 21.7s
2026-08-21 12:33:36 | Epoch 027/100 | loss 3.1510 | cls 1.5715 | tal -0.0500 | dual_g 1.5945 | dual_d 0.8178 | train_acc 0.9297 | train_full 0.8438 | val_acc 0.8846 | val_f1 0.8910 | grad(main/disc) 14.813/1.672 | lr(main/disc) 7.00e-05/3.50e-05 | 22.0s
2026-08-21 12:33:36 | New best val_f1_macro_present: 0.8910 at epoch 27
2026-08-21 12:33:58 | Epoch 028/100 | loss 3.5165 | cls 1.7688 | tal -0.1041 | dual_g 1.7789 | dual_d 0.7609 | train_acc 0.8750 | train_full 0.8333 | val_acc 0.8462 | val_f1 0.8359 | grad(main/disc) 22.043/1.656 | lr(main/disc) 7.00e-05/3.50e-05 | 22.0s
2026-08-21 12:34:18 | Epoch 029/100 | loss 3.1001 | cls 1.4970 | tal -0.0061 | dual_g 1.6049 | dual_d 0.7583 | train_acc 0.9609 | train_full 0.8646 | val_acc 0.9615 | val_f1 0.9663 | grad(main/disc) 20.348/1.596 | lr(main/disc) 7.00e-05/3.50e-05 | 19.9s
2026-08-21 12:34:18 | New best val_f1_macro_present: 0.9663 at epoch 29
2026-08-21 12:34:38 | Epoch 030/100 | loss 3.0633 | cls 1.5196 | tal -0.0808 | dual_g 1.5679 | dual_d 0.8013 | train_acc 0.9609 | train_full 0.9167 | val_acc 0.8077 | val_f1 0.8310 | grad(main/disc) 14.127/1.626 | lr(main/disc) 7.00e-05/3.50e-05 | 20.5s
2026-08-21 12:35:00 | Epoch 031/100 | loss 2.9895 | cls 1.4167 | tal -0.1096 | dual_g 1.6057 | dual_d 0.7860 | train_acc 0.9688 | train_full 0.9167 | val_acc 0.8846 | val_f1 0.8806 | grad(main/disc) 12.122/1.657 | lr(main/disc) 7.00e-05/3.50e-05 | 21.4s
2026-08-21 12:35:22 | Epoch 032/100 | loss 3.1791 | cls 1.5233 | tal -0.0714 | dual_g 1.6772 | dual_d 0.7870 | train_acc 0.9141 | train_full 0.8958 | val_acc 0.8462 | val_f1 0.8619 | grad(main/disc) 16.003/1.585 | lr(main/disc) 7.00e-05/3.50e-05 | 22.4s
2026-08-21 12:35:44 | Epoch 033/100 | loss 3.0826 | cls 1.5021 | tal -0.0936 | dual_g 1.6085 | dual_d 0.7621 | train_acc 0.9062 | train_full 0.8333 | val_acc 0.8462 | val_f1 0.8119 | grad(main/disc) 14.248/1.635 | lr(main/disc) 7.00e-05/3.50e-05 | 22.1s
2026-08-21 12:36:05 | Epoch 034/100 | loss 2.9833 | cls 1.4504 | tal -0.0393 | dual_g 1.5447 | dual_d 0.7570 | train_acc 0.9766 | train_full 0.9271 | val_acc 0.9231 | val_f1 0.8981 | grad(main/disc) 10.777/1.558 | lr(main/disc) 7.00e-05/3.50e-05 | 20.8s
2026-08-21 12:36:27 | Epoch 035/100 | loss 2.9972 | cls 1.4294 | tal -0.0894 | dual_g 1.5946 | dual_d 0.7320 | train_acc 0.9453 | train_full 0.9479 | val_acc 0.9615 | val_f1 0.9630 | grad(main/disc) 12.334/1.557 | lr(main/disc) 7.00e-05/3.50e-05 | 22.3s
2026-08-21 12:36:49 | Epoch 036/100 | loss 2.9347 | cls 1.4193 | tal -0.1013 | dual_g 1.5457 | dual_d 0.7489 | train_acc 0.9844 | train_full 0.9375 | val_acc 0.9231 | val_f1 0.9250 | grad(main/disc) 9.200/1.564 | lr(main/disc) 3.50e-05/1.75e-05 | 21.4s
2026-08-21 12:37:08 | Epoch 037/100 | loss 2.8123 | cls 1.3771 | tal -0.1475 | dual_g 1.4794 | dual_d 0.7781 | train_acc 0.9922 | train_full 0.9375 | val_acc 0.8846 | val_f1 0.8831 | grad(main/disc) 7.408/1.623 | lr(main/disc) 3.50e-05/1.75e-05 | 19.5s
2026-08-21 12:37:31 | Epoch 038/100 | loss 2.8327 | cls 1.3353 | tal -0.0894 | dual_g 1.5243 | dual_d 0.8067 | train_acc 0.9922 | train_full 0.9479 | val_acc 0.8846 | val_f1 0.8831 | grad(main/disc) 9.842/1.595 | lr(main/disc) 3.50e-05/1.75e-05 | 22.8s
2026-08-21 12:37:31 | Early stopping at epoch 38 after 9 epochs without val_f1_macro_present improvement.
2026-08-21 12:37:31 | Training complete. Best validation accuracy: 0.9615 | best val_f1_macro_present: 0.9663
Dual_D experiment matrix complete.
Batch summary: runs/module_c_ablation/batch_summary_20260821_060834.json
黑天: best val acc 0.9778 ± 0.0079 over 3 run(s)
逆光: best val acc 0.9910 ± 0.0127 over 3 run(s)
雾天: best val acc 0.9848 ± 0.0062 over 3 run(s)
雨天: best val acc 0.9103 ± 0.1009 over 3 run(s)
/home/lixiang/envs/lx_pytorch/lib/python3.11/site-packages/torch/cuda/__init__.py:1061: UserWarning: Can't initialize NVML
  raw_cnt = _raw_device_count_nvml()
2026-08-21 12:37:33 | Starting Dual_D standalone training
2026-08-21 12:37:33 | Run directory: runs/module_c_ablation/module_c_no_identity_黑天_iter01_20260821_123733
2026-08-21 12:37:33 | Device: cuda
2026-08-21 12:37:33 | Source train samples: 992
2026-08-21 12:37:33 | Target train samples: 465
2026-08-21 12:37:33 | Target val samples: 120
2026-08-21 12:37:33 | Classes: 14
2026-08-21 12:37:33 | Data audit: same_dir=False | path_overlap(vis/ir/ais)=0/0/0 | content_overlap(vis/ir/ais)=0/0/0 | ais_index_overlap=0 | stem_mismatch(vis-ir/vis-ais)=578/0
2026-08-21 12:37:33 | source_train classes: present 14/14 | absent 0 | counts [0:120, 1:44, 2:69, 3:45, 4:40, 5:30, 6:64, 7:80, 8:116, 9:68, 10:57, 11:83, 12:48, 13:128]
2026-08-21 12:37:33 | target_train classes: present 8/14 | absent 6 | counts [0:100, 2:11, 3:16, 6:89, 9:162, 10:12, 11:44, 13:31]
2026-08-21 12:37:33 | target_val classes: present 8/14 | absent 6 | counts [0:26, 2:3, 3:5, 6:23, 9:41, 10:3, 11:11, 13:8]
2026-08-21 12:37:33 | Paired training classes: 8/14 | class ids [0, 2, 3, 6, 9, 10, 11, 13]
2026-08-21 12:37:33 | VIS/IR pairing: class-level-unpaired | count-mismatch classes train/val: 10/0 | AIS alignment: none | AIS rows train/val: 0/0
2026-08-21 12:37:34 | Model parameters: total=17277714 | trainable=17120210
Starting run 1/12: domain=黑天, iteration=1, seed=42
2026-08-21 12:38:50 | Epoch 001/100 | loss 8.9631 | cls 4.6358 | tal 0.2026 | dual_g 4.2665 | dual_d 0.0000 | train_acc 0.1792 | train_full 0.1054 | val_acc 0.1167 | val_f1 0.1146 | grad(main/disc) 28.800/0.000 | lr(main/disc) 7.00e-05/3.50e-05 | 76.2s
2026-08-21 12:38:50 | New best val_f1_macro_present: 0.1146 at epoch 1
2026-08-21 12:40:04 | Epoch 002/100 | loss 6.8913 | cls 3.4962 | tal 0.0401 | dual_g 3.3830 | dual_d 0.0000 | train_acc 0.3937 | train_full 0.2151 | val_acc 0.2000 | val_f1 0.2925 | grad(main/disc) 22.982/0.000 | lr(main/disc) 7.00e-05/3.50e-05 | 73.4s
2026-08-21 12:40:04 | New best val_f1_macro_present: 0.2925 at epoch 2
2026-08-21 12:41:22 | Epoch 003/100 | loss 5.8573 | cls 2.9543 | tal 0.0538 | dual_g 2.8869 | dual_d 0.0000 | train_acc 0.5104 | train_full 0.4108 | val_acc 0.4250 | val_f1 0.4929 | grad(main/disc) 21.373/0.000 | lr(main/disc) 7.00e-05/3.50e-05 | 78.5s
2026-08-21 12:41:23 | New best val_f1_macro_present: 0.4929 at epoch 3
2026-08-21 12:42:41 | Epoch 004/100 | loss 5.1507 | cls 2.5568 | tal 0.0188 | dual_g 2.5883 | dual_d 0.0000 | train_acc 0.6271 | train_full 0.5591 | val_acc 0.5500 | val_f1 0.5746 | grad(main/disc) 20.187/0.000 | lr(main/disc) 7.00e-05/3.50e-05 | 78.2s
2026-08-21 12:42:41 | New best val_f1_macro_present: 0.5746 at epoch 4
2026-08-21 12:44:00 | Epoch 005/100 | loss 4.6311 | cls 2.2647 | tal -0.0080 | dual_g 2.3688 | dual_d 0.0000 | train_acc 0.6917 | train_full 0.6538 | val_acc 0.6500 | val_f1 0.6483 | grad(main/disc) 18.926/0.000 | lr(main/disc) 7.00e-05/3.50e-05 | 78.4s
2026-08-21 12:44:00 | New best val_f1_macro_present: 0.6483 at epoch 5
2026-08-21 12:45:16 | Epoch 006/100 | loss 4.0378 | cls 1.9471 | tal 0.0220 | dual_g 2.0841 | dual_d 0.9327 | train_acc 0.7875 | train_full 0.6710 | val_acc 0.6250 | val_f1 0.6417 | grad(main/disc) 16.333/1.974 | lr(main/disc) 7.00e-05/3.50e-05 | 75.9s
2026-08-21 12:46:31 | Epoch 007/100 | loss 3.9608 | cls 1.9470 | tal 0.0066 | dual_g 2.0119 | dual_d 0.8791 | train_acc 0.7729 | train_full 0.7935 | val_acc 0.7417 | val_f1 0.7311 | grad(main/disc) 17.511/1.892 | lr(main/disc) 7.00e-05/3.50e-05 | 75.0s
2026-08-21 12:46:31 | New best val_f1_macro_present: 0.7311 at epoch 7
2026-08-21 12:47:48 | Epoch 008/100 | loss 3.6441 | cls 1.7530 | tal 0.0250 | dual_g 1.8836 | dual_d 0.8296 | train_acc 0.8292 | train_full 0.7591 | val_acc 0.7417 | val_f1 0.7129 | grad(main/disc) 14.824/1.751 | lr(main/disc) 7.00e-05/3.50e-05 | 76.9s
2026-08-21 12:49:03 | Epoch 009/100 | loss 3.5312 | cls 1.7105 | tal 0.0159 | dual_g 1.8159 | dual_d 0.8363 | train_acc 0.8333 | train_full 0.8043 | val_acc 0.8000 | val_f1 0.7589 | grad(main/disc) 15.916/1.750 | lr(main/disc) 7.00e-05/3.50e-05 | 74.6s
2026-08-21 12:49:03 | New best val_f1_macro_present: 0.7589 at epoch 9
2026-08-21 12:50:20 | Epoch 010/100 | loss 3.3645 | cls 1.6127 | tal -0.0173 | dual_g 1.7570 | dual_d 0.8218 | train_acc 0.8958 | train_full 0.8817 | val_acc 0.8667 | val_f1 0.8414 | grad(main/disc) 14.469/1.666 | lr(main/disc) 7.00e-05/3.50e-05 | 77.3s
2026-08-21 12:50:21 | New best val_f1_macro_present: 0.8414 at epoch 10
2026-08-21 12:51:37 | Epoch 011/100 | loss 3.3086 | cls 1.5892 | tal 0.0223 | dual_g 1.7127 | dual_d 0.7874 | train_acc 0.8875 | train_full 0.8946 | val_acc 0.8500 | val_f1 0.8153 | grad(main/disc) 14.474/1.617 | lr(main/disc) 7.00e-05/3.50e-05 | 76.0s
2026-08-21 12:52:55 | Epoch 012/100 | loss 3.1787 | cls 1.5700 | tal 0.0069 | dual_g 1.6066 | dual_d 0.7966 | train_acc 0.9021 | train_full 0.8344 | val_acc 0.8500 | val_f1 0.8165 | grad(main/disc) 13.082/1.585 | lr(main/disc) 7.00e-05/3.50e-05 | 78.8s
2026-08-21 12:54:12 | Epoch 013/100 | loss 3.1156 | cls 1.5128 | tal 0.0302 | dual_g 1.5938 | dual_d 0.7481 | train_acc 0.9271 | train_full 0.9118 | val_acc 0.8750 | val_f1 0.8459 | grad(main/disc) 11.297/1.538 | lr(main/disc) 7.00e-05/3.50e-05 | 76.5s
2026-08-21 12:54:12 | New best val_f1_macro_present: 0.8459 at epoch 13
2026-08-21 12:55:29 | Epoch 014/100 | loss 3.0890 | cls 1.4981 | tal -0.0163 | dual_g 1.5957 | dual_d 0.8002 | train_acc 0.9125 | train_full 0.9527 | val_acc 0.9000 | val_f1 0.8717 | grad(main/disc) 11.754/1.550 | lr(main/disc) 7.00e-05/3.50e-05 | 76.2s
2026-08-21 12:55:29 | New best val_f1_macro_present: 0.8717 at epoch 14
2026-08-21 12:56:44 | Epoch 015/100 | loss 2.8931 | cls 1.4064 | tal -0.0689 | dual_g 1.5073 | dual_d 0.7404 | train_acc 0.9646 | train_full 0.8817 | val_acc 0.8500 | val_f1 0.8225 | grad(main/disc) 9.392/1.444 | lr(main/disc) 7.00e-05/3.50e-05 | 75.2s
2026-08-21 12:58:02 | Epoch 016/100 | loss 2.9056 | cls 1.4034 | tal -0.0901 | dual_g 1.5292 | dual_d 0.8075 | train_acc 0.9521 | train_full 0.8409 | val_acc 0.8167 | val_f1 0.7751 | grad(main/disc) 9.895/1.490 | lr(main/disc) 7.00e-05/3.50e-05 | 77.5s
2026-08-21 12:59:19 | Epoch 017/100 | loss 2.8891 | cls 1.4059 | tal -0.0629 | dual_g 1.5021 | dual_d 0.8210 | train_acc 0.9729 | train_full 0.9548 | val_acc 0.9500 | val_f1 0.9227 | grad(main/disc) 9.897/1.479 | lr(main/disc) 7.00e-05/3.50e-05 | 77.9s
2026-08-21 12:59:20 | New best val_f1_macro_present: 0.9227 at epoch 17
2026-08-21 13:00:36 | Epoch 018/100 | loss 2.8116 | cls 1.3650 | tal -0.0574 | dual_g 1.4639 | dual_d 0.8392 | train_acc 0.9667 | train_full 0.9226 | val_acc 0.9083 | val_f1 0.8772 | grad(main/disc) 7.864/1.479 | lr(main/disc) 7.00e-05/3.50e-05 | 76.2s
2026-08-21 13:01:53 | Epoch 019/100 | loss 2.8573 | cls 1.3845 | tal -0.0664 | dual_g 1.4927 | dual_d 0.8800 | train_acc 0.9708 | train_full 0.9419 | val_acc 0.9250 | val_f1 0.9169 | grad(main/disc) 9.991/1.488 | lr(main/disc) 7.00e-05/3.50e-05 | 77.2s
2026-08-21 13:03:13 | Epoch 020/100 | loss 2.8394 | cls 1.3888 | tal -0.0861 | dual_g 1.4764 | dual_d 0.8970 | train_acc 0.9563 | train_full 0.9677 | val_acc 0.9583 | val_f1 0.9381 | grad(main/disc) 10.459/1.527 | lr(main/disc) 7.00e-05/3.50e-05 | 79.4s
2026-08-21 13:03:13 | New best val_f1_macro_present: 0.9381 at epoch 20
2026-08-21 13:04:30 | Epoch 021/100 | loss 2.7400 | cls 1.3503 | tal -0.1488 | dual_g 1.4344 | dual_d 0.9146 | train_acc 0.9833 | train_full 0.9312 | val_acc 0.9167 | val_f1 0.8758 | grad(main/disc) 8.048/1.545 | lr(main/disc) 7.00e-05/3.50e-05 | 76.8s
2026-08-21 13:05:47 | Epoch 022/100 | loss 2.7517 | cls 1.3564 | tal -0.1116 | dual_g 1.4288 | dual_d 0.9304 | train_acc 0.9833 | train_full 0.9806 | val_acc 0.9667 | val_f1 0.9531 | grad(main/disc) 8.136/1.492 | lr(main/disc) 7.00e-05/3.50e-05 | 77.7s
2026-08-21 13:05:48 | New best val_f1_macro_present: 0.9531 at epoch 22
2026-08-21 13:07:03 | Epoch 023/100 | loss 2.7018 | cls 1.3345 | tal -0.0999 | dual_g 1.3972 | dual_d 0.9325 | train_acc 0.9854 | train_full 0.9527 | val_acc 0.9667 | val_f1 0.9489 | grad(main/disc) 6.899/1.500 | lr(main/disc) 7.00e-05/3.50e-05 | 75.3s
2026-08-21 13:08:19 | Epoch 024/100 | loss 2.6706 | cls 1.3139 | tal -0.1374 | dual_g 1.3980 | dual_d 0.9965 | train_acc 0.9854 | train_full 0.9634 | val_acc 0.9583 | val_f1 0.9518 | grad(main/disc) 6.844/1.581 | lr(main/disc) 7.00e-05/3.50e-05 | 76.0s
2026-08-21 13:09:32 | Epoch 025/100 | loss 2.6675 | cls 1.3293 | tal -0.1649 | dual_g 1.3876 | dual_d 1.0417 | train_acc 0.9771 | train_full 0.9376 | val_acc 0.9333 | val_f1 0.9292 | grad(main/disc) 7.139/1.638 | lr(main/disc) 7.00e-05/3.50e-05 | 72.8s
2026-08-21 13:10:50 | Epoch 026/100 | loss 2.6267 | cls 1.3017 | tal -0.1655 | dual_g 1.3746 | dual_d 1.0583 | train_acc 0.9854 | train_full 0.9806 | val_acc 0.9667 | val_f1 0.9368 | grad(main/disc) 5.820/1.607 | lr(main/disc) 7.00e-05/3.50e-05 | 78.4s
2026-08-21 13:12:08 | Epoch 027/100 | loss 2.5956 | cls 1.2990 | tal -0.1714 | dual_g 1.3480 | dual_d 1.0602 | train_acc 0.9896 | train_full 0.9656 | val_acc 0.9417 | val_f1 0.9340 | grad(main/disc) 5.468/1.619 | lr(main/disc) 7.00e-05/3.50e-05 | 77.9s
2026-08-21 13:13:27 | Epoch 028/100 | loss 2.5584 | cls 1.2799 | tal -0.1719 | dual_g 1.3302 | dual_d 1.1091 | train_acc 0.9958 | train_full 0.9398 | val_acc 0.9500 | val_f1 0.9369 | grad(main/disc) 5.776/1.657 | lr(main/disc) 7.00e-05/3.50e-05 | 78.6s
2026-08-21 13:14:43 | Epoch 029/100 | loss 2.5187 | cls 1.2724 | tal -0.2206 | dual_g 1.3125 | dual_d 1.1009 | train_acc 0.9875 | train_full 0.9699 | val_acc 0.9750 | val_f1 0.9554 | grad(main/disc) 4.861/1.606 | lr(main/disc) 7.00e-05/3.50e-05 | 76.2s
2026-08-21 13:14:43 | New best val_f1_macro_present: 0.9554 at epoch 29
2026-08-21 13:15:59 | Epoch 030/100 | loss 2.4860 | cls 1.2508 | tal -0.2254 | dual_g 1.3027 | dual_d 1.1298 | train_acc 0.9958 | train_full 0.9742 | val_acc 0.9583 | val_f1 0.9427 | grad(main/disc) 4.549/1.627 | lr(main/disc) 7.00e-05/3.50e-05 | 75.6s
2026-08-21 13:17:14 | Epoch 031/100 | loss 2.4846 | cls 1.2505 | tal -0.2245 | dual_g 1.3014 | dual_d 1.0763 | train_acc 0.9958 | train_full 0.9333 | val_acc 0.9167 | val_f1 0.9217 | grad(main/disc) 4.817/1.564 | lr(main/disc) 7.00e-05/3.50e-05 | 75.4s
2026-08-21 13:18:30 | Epoch 032/100 | loss 2.4988 | cls 1.2587 | tal -0.1822 | dual_g 1.2947 | dual_d 1.1233 | train_acc 0.9896 | train_full 0.9935 | val_acc 0.9750 | val_f1 0.9626 | grad(main/disc) 4.935/1.597 | lr(main/disc) 7.00e-05/3.50e-05 | 75.7s
2026-08-21 13:18:30 | New best val_f1_macro_present: 0.9626 at epoch 32
2026-08-21 13:19:44 | Epoch 033/100 | loss 2.5153 | cls 1.2659 | tal -0.2039 | dual_g 1.3105 | dual_d 1.1133 | train_acc 0.9854 | train_full 0.9548 | val_acc 0.9417 | val_f1 0.9102 | grad(main/disc) 5.203/1.591 | lr(main/disc) 7.00e-05/3.50e-05 | 74.0s
2026-08-21 13:21:01 | Epoch 034/100 | loss 2.4346 | cls 1.2431 | tal -0.2437 | dual_g 1.2646 | dual_d 1.1196 | train_acc 0.9979 | train_full 0.9742 | val_acc 0.9750 | val_f1 0.9644 | grad(main/disc) 3.884/1.591 | lr(main/disc) 7.00e-05/3.50e-05 | 76.2s
2026-08-21 13:21:01 | New best val_f1_macro_present: 0.9644 at epoch 34
2026-08-21 13:22:21 | Epoch 035/100 | loss 2.4257 | cls 1.2374 | tal -0.2398 | dual_g 1.2603 | dual_d 1.0738 | train_acc 0.9938 | train_full 0.9720 | val_acc 0.9750 | val_f1 0.9760 | grad(main/disc) 4.089/1.515 | lr(main/disc) 7.00e-05/3.50e-05 | 80.2s
2026-08-21 13:22:21 | New best val_f1_macro_present: 0.9760 at epoch 35
2026-08-21 13:23:39 | Epoch 036/100 | loss 2.4203 | cls 1.2286 | tal -0.2097 | dual_g 1.2546 | dual_d 1.0797 | train_acc 0.9938 | train_full 0.9720 | val_acc 0.9583 | val_f1 0.9544 | grad(main/disc) 3.355/1.518 | lr(main/disc) 7.00e-05/3.50e-05 | 77.8s
2026-08-21 13:24:55 | Epoch 037/100 | loss 2.4132 | cls 1.2280 | tal -0.2129 | dual_g 1.2491 | dual_d 1.0472 | train_acc 0.9854 | train_full 0.9828 | val_acc 0.9750 | val_f1 0.9760 | grad(main/disc) 3.676/1.448 | lr(main/disc) 7.00e-05/3.50e-05 | 76.2s
2026-08-21 13:26:13 | Epoch 038/100 | loss 2.4180 | cls 1.2310 | tal -0.1791 | dual_g 1.2408 | dual_d 1.0393 | train_acc 0.9938 | train_full 0.9828 | val_acc 0.9667 | val_f1 0.9475 | grad(main/disc) 4.055/1.452 | lr(main/disc) 7.00e-05/3.50e-05 | 78.0s
2026-08-21 13:27:33 | Epoch 039/100 | loss 2.4205 | cls 1.2286 | tal -0.1906 | dual_g 1.2491 | dual_d 1.0429 | train_acc 0.9979 | train_full 0.9677 | val_acc 0.9333 | val_f1 0.9078 | grad(main/disc) 3.916/1.459 | lr(main/disc) 7.00e-05/3.50e-05 | 79.5s
2026-08-21 13:28:50 | Epoch 040/100 | loss 2.4047 | cls 1.2194 | tal -0.1319 | dual_g 1.2249 | dual_d 1.0494 | train_acc 0.9979 | train_full 0.9828 | val_acc 0.9750 | val_f1 0.9554 | grad(main/disc) 3.179/1.475 | lr(main/disc) 7.00e-05/3.50e-05 | 76.8s
2026-08-21 13:30:08 | Epoch 041/100 | loss 2.3815 | cls 1.2113 | tal -0.1987 | dual_g 1.2299 | dual_d 1.0632 | train_acc 0.9979 | train_full 0.9849 | val_acc 0.9833 | val_f1 0.9624 | grad(main/disc) 3.412/1.425 | lr(main/disc) 7.00e-05/3.50e-05 | 77.9s
2026-08-21 13:31:22 | Epoch 042/100 | loss 2.3956 | cls 1.2140 | tal -0.1473 | dual_g 1.2258 | dual_d 1.0827 | train_acc 0.9958 | train_full 0.9763 | val_acc 0.9750 | val_f1 0.9760 | grad(main/disc) 3.332/1.496 | lr(main/disc) 3.50e-05/1.75e-05 | 74.9s
2026-08-21 13:32:40 | Epoch 043/100 | loss 2.3588 | cls 1.1918 | tal -0.1562 | dual_g 1.2139 | dual_d 1.0947 | train_acc 1.0000 | train_full 0.9656 | val_acc 0.9500 | val_f1 0.9369 | grad(main/disc) 2.442/1.463 | lr(main/disc) 3.50e-05/1.75e-05 | 77.7s
2026-08-21 13:33:59 | Epoch 044/100 | loss 2.3468 | cls 1.1984 | tal -0.1825 | dual_g 1.2031 | dual_d 1.0308 | train_acc 1.0000 | train_full 0.9806 | val_acc 0.9583 | val_f1 0.9427 | grad(main/disc) 2.540/1.416 | lr(main/disc) 3.50e-05/1.75e-05 | 78.8s
2026-08-21 13:33:59 | Early stopping at epoch 44 after 9 epochs without val_f1_macro_present improvement.
2026-08-21 13:33:59 | Training complete. Best validation accuracy: 0.9833 | best val_f1_macro_present: 0.9760
2026-08-21 13:33:59 | Starting Dual_D standalone training
2026-08-21 13:33:59 | Run directory: runs/module_c_ablation/module_c_no_identity_黑天_iter02_20260821_123733
2026-08-21 13:33:59 | Device: cuda
2026-08-21 13:33:59 | Source train samples: 992
2026-08-21 13:33:59 | Target train samples: 465
2026-08-21 13:33:59 | Target val samples: 120
2026-08-21 13:33:59 | Classes: 14
2026-08-21 13:33:59 | Data audit: same_dir=False | path_overlap(vis/ir/ais)=0/0/0 | content_overlap(vis/ir/ais)=0/0/0 | ais_index_overlap=0 | stem_mismatch(vis-ir/vis-ais)=578/0
2026-08-21 13:33:59 | source_train classes: present 14/14 | absent 0 | counts [0:120, 1:44, 2:69, 3:45, 4:40, 5:30, 6:64, 7:80, 8:116, 9:68, 10:57, 11:83, 12:48, 13:128]
2026-08-21 13:33:59 | target_train classes: present 8/14 | absent 6 | counts [0:100, 2:11, 3:16, 6:89, 9:162, 10:12, 11:44, 13:31]
2026-08-21 13:33:59 | target_val classes: present 8/14 | absent 6 | counts [0:26, 2:3, 3:5, 6:23, 9:41, 10:3, 11:11, 13:8]
2026-08-21 13:33:59 | Paired training classes: 8/14 | class ids [0, 2, 3, 6, 9, 10, 11, 13]
2026-08-21 13:33:59 | VIS/IR pairing: class-level-unpaired | count-mismatch classes train/val: 10/0 | AIS alignment: none | AIS rows train/val: 0/0
2026-08-21 13:34:00 | Model parameters: total=17277714 | trainable=17120210
Starting run 2/12: domain=黑天, iteration=2, seed=43
2026-08-21 13:35:18 | Epoch 001/100 | loss 9.2609 | cls 4.8071 | tal 0.2251 | dual_g 4.3863 | dual_d 0.0000 | train_acc 0.1417 | train_full 0.3398 | val_acc 0.2917 | val_f1 0.1351 | grad(main/disc) 28.033/0.000 | lr(main/disc) 7.00e-05/3.50e-05 | 77.8s
2026-08-21 13:35:18 | New best val_f1_macro_present: 0.1351 at epoch 1
2026-08-21 13:36:32 | Epoch 002/100 | loss 6.9347 | cls 3.5290 | tal 0.0564 | dual_g 3.3888 | dual_d 0.0000 | train_acc 0.3625 | train_full 0.1548 | val_acc 0.1583 | val_f1 0.1596 | grad(main/disc) 21.121/0.000 | lr(main/disc) 7.00e-05/3.50e-05 | 74.5s
2026-08-21 13:36:33 | New best val_f1_macro_present: 0.1596 at epoch 2
2026-08-21 13:37:49 | Epoch 003/100 | loss 5.9213 | cls 3.0083 | tal -0.1007 | dual_g 2.9432 | dual_d 0.0000 | train_acc 0.4917 | train_full 0.3118 | val_acc 0.3167 | val_f1 0.4222 | grad(main/disc) 19.789/0.000 | lr(main/disc) 7.00e-05/3.50e-05 | 76.3s
2026-08-21 13:37:49 | New best val_f1_macro_present: 0.4222 at epoch 3
2026-08-21 13:39:05 | Epoch 004/100 | loss 5.0563 | cls 2.5835 | tal -0.0916 | dual_g 2.5003 | dual_d 0.0000 | train_acc 0.5958 | train_full 0.5097 | val_acc 0.5500 | val_f1 0.5416 | grad(main/disc) 18.686/0.000 | lr(main/disc) 7.00e-05/3.50e-05 | 76.0s
2026-08-21 13:39:06 | New best val_f1_macro_present: 0.5416 at epoch 4
2026-08-21 13:40:22 | Epoch 005/100 | loss 4.5287 | cls 2.2319 | tal -0.0516 | dual_g 2.3123 | dual_d 0.0000 | train_acc 0.7063 | train_full 0.4559 | val_acc 0.4833 | val_f1 0.5531 | grad(main/disc) 18.107/0.000 | lr(main/disc) 7.00e-05/3.50e-05 | 76.5s
2026-08-21 13:40:22 | New best val_f1_macro_present: 0.5531 at epoch 5
2026-08-21 13:41:42 | Epoch 006/100 | loss 4.3006 | cls 2.1095 | tal -0.0625 | dual_g 2.2098 | dual_d 1.0018 | train_acc 0.7292 | train_full 0.6796 | val_acc 0.6750 | val_f1 0.6957 | grad(main/disc) 17.435/1.932 | lr(main/disc) 7.00e-05/3.50e-05 | 79.6s
2026-08-21 13:41:42 | New best val_f1_macro_present: 0.6957 at epoch 6
2026-08-21 13:43:00 | Epoch 007/100 | loss 3.9373 | cls 1.9764 | tal -0.0426 | dual_g 1.9737 | dual_d 0.9221 | train_acc 0.8083 | train_full 0.7785 | val_acc 0.7500 | val_f1 0.7075 | grad(main/disc) 17.024/1.785 | lr(main/disc) 7.00e-05/3.50e-05 | 77.4s
2026-08-21 13:43:00 | New best val_f1_macro_present: 0.7075 at epoch 7
2026-08-21 13:44:16 | Epoch 008/100 | loss 3.7075 | cls 1.8330 | tal -0.0845 | dual_g 1.8999 | dual_d 0.8657 | train_acc 0.8500 | train_full 0.7806 | val_acc 0.7333 | val_f1 0.7185 | grad(main/disc) 15.795/1.722 | lr(main/disc) 7.00e-05/3.50e-05 | 76.0s
2026-08-21 13:44:16 | New best val_f1_macro_present: 0.7185 at epoch 8
2026-08-21 13:45:33 | Epoch 009/100 | loss 3.5515 | cls 1.7555 | tal -0.0277 | dual_g 1.8043 | dual_d 0.8497 | train_acc 0.8646 | train_full 0.8022 | val_acc 0.7417 | val_f1 0.7215 | grad(main/disc) 14.983/1.664 | lr(main/disc) 7.00e-05/3.50e-05 | 77.0s
2026-08-21 13:45:34 | New best val_f1_macro_present: 0.7215 at epoch 9
2026-08-21 13:46:45 | Epoch 010/100 | loss 3.3436 | cls 1.6327 | tal -0.0575 | dual_g 1.7281 | dual_d 0.8336 | train_acc 0.8938 | train_full 0.8774 | val_acc 0.8417 | val_f1 0.8072 | grad(main/disc) 14.033/1.555 | lr(main/disc) 7.00e-05/3.50e-05 | 71.4s
2026-08-21 13:46:45 | New best val_f1_macro_present: 0.8072 at epoch 10
2026-08-21 13:48:02 | Epoch 011/100 | loss 3.2410 | cls 1.5741 | tal -0.0651 | dual_g 1.6864 | dual_d 0.8504 | train_acc 0.9292 | train_full 0.8753 | val_acc 0.8333 | val_f1 0.8054 | grad(main/disc) 12.546/1.570 | lr(main/disc) 7.00e-05/3.50e-05 | 76.3s
2026-08-21 13:49:20 | Epoch 012/100 | loss 3.1220 | cls 1.5014 | tal -0.0538 | dual_g 1.6367 | dual_d 0.8412 | train_acc 0.9417 | train_full 0.9312 | val_acc 0.9000 | val_f1 0.8601 | grad(main/disc) 11.236/1.532 | lr(main/disc) 7.00e-05/3.50e-05 | 78.3s
2026-08-21 13:49:20 | New best val_f1_macro_present: 0.8601 at epoch 12
2026-08-21 13:50:40 | Epoch 013/100 | loss 3.0944 | cls 1.4975 | tal -0.0220 | dual_g 1.6035 | dual_d 0.8588 | train_acc 0.9479 | train_full 0.8667 | val_acc 0.8333 | val_f1 0.8086 | grad(main/disc) 12.092/1.512 | lr(main/disc) 7.00e-05/3.50e-05 | 79.3s
2026-08-21 13:51:57 | Epoch 014/100 | loss 3.0356 | cls 1.4768 | tal -0.0823 | dual_g 1.5835 | dual_d 0.8525 | train_acc 0.9396 | train_full 0.8387 | val_acc 0.8167 | val_f1 0.7988 | grad(main/disc) 11.559/1.516 | lr(main/disc) 7.00e-05/3.50e-05 | 77.1s
2026-08-21 13:53:09 | Epoch 015/100 | loss 2.9818 | cls 1.4527 | tal -0.0605 | dual_g 1.5473 | dual_d 0.8277 | train_acc 0.9563 | train_full 0.9634 | val_acc 0.9083 | val_f1 0.8747 | grad(main/disc) 10.999/1.443 | lr(main/disc) 7.00e-05/3.50e-05 | 72.7s
2026-08-21 13:53:10 | New best val_f1_macro_present: 0.8747 at epoch 15
2026-08-21 13:54:25 | Epoch 016/100 | loss 2.9198 | cls 1.4210 | tal -0.0676 | dual_g 1.5191 | dual_d 0.8304 | train_acc 0.9583 | train_full 0.9398 | val_acc 0.8583 | val_f1 0.8412 | grad(main/disc) 9.931/1.427 | lr(main/disc) 7.00e-05/3.50e-05 | 75.5s
2026-08-21 13:55:40 | Epoch 017/100 | loss 2.8384 | cls 1.3732 | tal -0.0715 | dual_g 1.4867 | dual_d 0.8418 | train_acc 0.9708 | train_full 0.9376 | val_acc 0.8917 | val_f1 0.8547 | grad(main/disc) 8.382/1.376 | lr(main/disc) 7.00e-05/3.50e-05 | 74.5s
2026-08-21 13:56:56 | Epoch 018/100 | loss 2.8861 | cls 1.3990 | tal -0.0782 | dual_g 1.5106 | dual_d 0.8474 | train_acc 0.9500 | train_full 0.8839 | val_acc 0.8167 | val_f1 0.8182 | grad(main/disc) 9.481/1.408 | lr(main/disc) 7.00e-05/3.50e-05 | 76.0s
2026-08-21 13:58:12 | Epoch 019/100 | loss 2.8033 | cls 1.3793 | tal -0.0999 | dual_g 1.4539 | dual_d 0.9013 | train_acc 0.9604 | train_full 0.9419 | val_acc 0.8833 | val_f1 0.8753 | grad(main/disc) 7.877/1.456 | lr(main/disc) 7.00e-05/3.50e-05 | 76.4s
2026-08-21 13:59:31 | Epoch 020/100 | loss 2.7570 | cls 1.3498 | tal -0.0726 | dual_g 1.4289 | dual_d 0.8804 | train_acc 0.9854 | train_full 0.9656 | val_acc 0.9000 | val_f1 0.8782 | grad(main/disc) 6.864/1.394 | lr(main/disc) 7.00e-05/3.50e-05 | 78.6s
2026-08-21 13:59:31 | New best val_f1_macro_present: 0.8782 at epoch 20
2026-08-21 14:00:47 | Epoch 021/100 | loss 2.7703 | cls 1.3607 | tal -0.0957 | dual_g 1.4382 | dual_d 0.9064 | train_acc 0.9771 | train_full 0.9505 | val_acc 0.9000 | val_f1 0.8396 | grad(main/disc) 7.669/1.428 | lr(main/disc) 7.00e-05/3.50e-05 | 75.7s
2026-08-21 14:02:01 | Epoch 022/100 | loss 2.7175 | cls 1.3371 | tal -0.1126 | dual_g 1.4142 | dual_d 0.9430 | train_acc 0.9812 | train_full 0.9634 | val_acc 0.9250 | val_f1 0.9155 | grad(main/disc) 7.001/1.432 | lr(main/disc) 7.00e-05/3.50e-05 | 74.0s
2026-08-21 14:02:01 | New best val_f1_macro_present: 0.9155 at epoch 22
2026-08-21 14:03:17 | Epoch 023/100 | loss 2.7017 | cls 1.3254 | tal -0.1184 | dual_g 1.4118 | dual_d 0.8966 | train_acc 0.9854 | train_full 0.9011 | val_acc 0.8333 | val_f1 0.8502 | grad(main/disc) 7.155/1.381 | lr(main/disc) 7.00e-05/3.50e-05 | 76.0s
2026-08-21 14:04:34 | Epoch 024/100 | loss 2.6373 | cls 1.3046 | tal -0.1306 | dual_g 1.3719 | dual_d 0.9412 | train_acc 0.9854 | train_full 0.9484 | val_acc 0.8833 | val_f1 0.8537 | grad(main/disc) 6.011/1.397 | lr(main/disc) 7.00e-05/3.50e-05 | 76.6s
2026-08-21 14:05:51 | Epoch 025/100 | loss 2.6204 | cls 1.2927 | tal -0.1520 | dual_g 1.3733 | dual_d 0.9853 | train_acc 0.9875 | train_full 0.8839 | val_acc 0.8500 | val_f1 0.8403 | grad(main/disc) 5.822/1.461 | lr(main/disc) 7.00e-05/3.50e-05 | 77.3s
2026-08-21 14:07:06 | Epoch 026/100 | loss 2.6104 | cls 1.3009 | tal -0.1804 | dual_g 1.3636 | dual_d 0.9702 | train_acc 0.9875 | train_full 0.9398 | val_acc 0.9167 | val_f1 0.9222 | grad(main/disc) 5.828/1.431 | lr(main/disc) 7.00e-05/3.50e-05 | 74.9s
2026-08-21 14:07:06 | New best val_f1_macro_present: 0.9222 at epoch 26
2026-08-21 14:08:22 | Epoch 027/100 | loss 2.5799 | cls 1.2863 | tal -0.1766 | dual_g 1.3466 | dual_d 1.0178 | train_acc 0.9875 | train_full 0.9419 | val_acc 0.8833 | val_f1 0.8700 | grad(main/disc) 5.317/1.419 | lr(main/disc) 7.00e-05/3.50e-05 | 76.1s
2026-08-21 14:09:37 | Epoch 028/100 | loss 2.5904 | cls 1.2954 | tal -0.1725 | dual_g 1.3468 | dual_d 1.0073 | train_acc 0.9833 | train_full 0.9871 | val_acc 0.9583 | val_f1 0.9629 | grad(main/disc) 6.022/1.426 | lr(main/disc) 7.00e-05/3.50e-05 | 74.9s
2026-08-21 14:09:38 | New best val_f1_macro_present: 0.9629 at epoch 28
2026-08-21 14:10:53 | Epoch 029/100 | loss 2.5762 | cls 1.2814 | tal -0.1170 | dual_g 1.3299 | dual_d 0.9970 | train_acc 0.9917 | train_full 0.9806 | val_acc 0.9417 | val_f1 0.9175 | grad(main/disc) 5.858/1.358 | lr(main/disc) 7.00e-05/3.50e-05 | 75.0s
2026-08-21 14:12:11 | Epoch 030/100 | loss 2.5398 | cls 1.2614 | tal -0.1239 | dual_g 1.3156 | dual_d 1.0067 | train_acc 0.9896 | train_full 0.9204 | val_acc 0.8750 | val_f1 0.8679 | grad(main/disc) 4.873/1.362 | lr(main/disc) 7.00e-05/3.50e-05 | 78.4s
2026-08-21 14:13:27 | Epoch 031/100 | loss 2.5015 | cls 1.2538 | tal -0.1822 | dual_g 1.3024 | dual_d 1.0162 | train_acc 1.0000 | train_full 0.9656 | val_acc 0.9250 | val_f1 0.9363 | grad(main/disc) 4.383/1.367 | lr(main/disc) 7.00e-05/3.50e-05 | 76.1s
2026-08-21 14:14:42 | Epoch 032/100 | loss 2.4777 | cls 1.2403 | tal -0.1456 | dual_g 1.2810 | dual_d 1.0207 | train_acc 1.0000 | train_full 0.9634 | val_acc 0.9417 | val_f1 0.9212 | grad(main/disc) 3.906/1.369 | lr(main/disc) 7.00e-05/3.50e-05 | 75.4s
2026-08-21 14:15:58 | Epoch 033/100 | loss 2.4841 | cls 1.2367 | tal -0.1194 | dual_g 1.2832 | dual_d 1.0155 | train_acc 0.9958 | train_full 0.9785 | val_acc 0.9667 | val_f1 0.9395 | grad(main/disc) 3.943/1.352 | lr(main/disc) 7.00e-05/3.50e-05 | 75.9s
2026-08-21 14:17:15 | Epoch 034/100 | loss 2.4633 | cls 1.2336 | tal -0.1680 | dual_g 1.2801 | dual_d 1.0303 | train_acc 0.9979 | train_full 0.9935 | val_acc 0.9583 | val_f1 0.9306 | grad(main/disc) 3.862/1.379 | lr(main/disc) 7.00e-05/3.50e-05 | 76.3s
2026-08-21 14:18:30 | Epoch 035/100 | loss 2.4580 | cls 1.2470 | tal -0.1823 | dual_g 1.2657 | dual_d 1.0129 | train_acc 0.9917 | train_full 0.9806 | val_acc 0.9417 | val_f1 0.9374 | grad(main/disc) 4.141/1.348 | lr(main/disc) 3.50e-05/1.75e-05 | 75.4s
2026-08-21 14:19:47 | Epoch 036/100 | loss 2.4182 | cls 1.2278 | tal -0.1772 | dual_g 1.2435 | dual_d 1.0361 | train_acc 0.9938 | train_full 0.9828 | val_acc 0.9667 | val_f1 0.9395 | grad(main/disc) 3.355/1.350 | lr(main/disc) 3.50e-05/1.75e-05 | 76.6s
2026-08-21 14:21:04 | Epoch 037/100 | loss 2.4379 | cls 1.2271 | tal -0.1482 | dual_g 1.2552 | dual_d 1.0326 | train_acc 1.0000 | train_full 0.9828 | val_acc 0.9417 | val_f1 0.9306 | grad(main/disc) 3.733/1.363 | lr(main/disc) 3.50e-05/1.75e-05 | 76.9s
2026-08-21 14:21:04 | Early stopping at epoch 37 after 9 epochs without val_f1_macro_present improvement.
2026-08-21 14:21:04 | Training complete. Best validation accuracy: 0.9667 | best val_f1_macro_present: 0.9629
2026-08-21 14:21:04 | Starting Dual_D standalone training
2026-08-21 14:21:04 | Run directory: runs/module_c_ablation/module_c_no_identity_黑天_iter03_20260821_123733
2026-08-21 14:21:04 | Device: cuda
2026-08-21 14:21:04 | Source train samples: 992
2026-08-21 14:21:04 | Target train samples: 465
2026-08-21 14:21:04 | Target val samples: 120
2026-08-21 14:21:04 | Classes: 14
2026-08-21 14:21:04 | Data audit: same_dir=False | path_overlap(vis/ir/ais)=0/0/0 | content_overlap(vis/ir/ais)=0/0/0 | ais_index_overlap=0 | stem_mismatch(vis-ir/vis-ais)=578/0
2026-08-21 14:21:04 | source_train classes: present 14/14 | absent 0 | counts [0:120, 1:44, 2:69, 3:45, 4:40, 5:30, 6:64, 7:80, 8:116, 9:68, 10:57, 11:83, 12:48, 13:128]
2026-08-21 14:21:04 | target_train classes: present 8/14 | absent 6 | counts [0:100, 2:11, 3:16, 6:89, 9:162, 10:12, 11:44, 13:31]
2026-08-21 14:21:04 | target_val classes: present 8/14 | absent 6 | counts [0:26, 2:3, 3:5, 6:23, 9:41, 10:3, 11:11, 13:8]
2026-08-21 14:21:04 | Paired training classes: 8/14 | class ids [0, 2, 3, 6, 9, 10, 11, 13]
2026-08-21 14:21:04 | VIS/IR pairing: class-level-unpaired | count-mismatch classes train/val: 10/0 | AIS alignment: none | AIS rows train/val: 0/0
2026-08-21 14:21:05 | Model parameters: total=17277714 | trainable=17120210
Starting run 3/12: domain=黑天, iteration=3, seed=44
2026-08-21 14:22:22 | Epoch 001/100 | loss 8.9751 | cls 4.6024 | tal 0.2268 | dual_g 4.3046 | dual_d 0.0000 | train_acc 0.1437 | train_full 0.1011 | val_acc 0.1083 | val_f1 0.0573 | grad(main/disc) 26.696/0.000 | lr(main/disc) 7.00e-05/3.50e-05 | 77.1s
2026-08-21 14:22:22 | New best val_f1_macro_present: 0.0573 at epoch 1
2026-08-21 14:23:38 | Epoch 002/100 | loss 7.1953 | cls 3.6734 | tal -0.0292 | dual_g 3.5307 | dual_d 0.0000 | train_acc 0.2792 | train_full 0.2946 | val_acc 0.2750 | val_f1 0.3164 | grad(main/disc) 21.753/0.000 | lr(main/disc) 7.00e-05/3.50e-05 | 76.2s
2026-08-21 14:23:38 | New best val_f1_macro_present: 0.3164 at epoch 2
2026-08-21 14:24:55 | Epoch 003/100 | loss 5.8616 | cls 2.9931 | tal 0.0058 | dual_g 2.8667 | dual_d 0.0000 | train_acc 0.5104 | train_full 0.3677 | val_acc 0.3667 | val_f1 0.4591 | grad(main/disc) 18.982/0.000 | lr(main/disc) 7.00e-05/3.50e-05 | 76.2s
2026-08-21 14:24:55 | New best val_f1_macro_present: 0.4591 at epoch 3
2026-08-21 14:26:12 | Epoch 004/100 | loss 5.1859 | cls 2.5877 | tal 0.0646 | dual_g 2.5788 | dual_d 0.0000 | train_acc 0.6146 | train_full 0.5656 | val_acc 0.5750 | val_f1 0.5636 | grad(main/disc) 19.286/0.000 | lr(main/disc) 7.00e-05/3.50e-05 | 77.5s
2026-08-21 14:26:13 | New best val_f1_macro_present: 0.5636 at epoch 4
2026-08-21 14:27:32 | Epoch 005/100 | loss 4.7085 | cls 2.3060 | tal 0.0902 | dual_g 2.3754 | dual_d 0.0000 | train_acc 0.6646 | train_full 0.7118 | val_acc 0.6833 | val_f1 0.6619 | grad(main/disc) 18.509/0.000 | lr(main/disc) 7.00e-05/3.50e-05 | 79.4s
2026-08-21 14:27:32 | New best val_f1_macro_present: 0.6619 at epoch 5
2026-08-21 14:28:48 | Epoch 006/100 | loss 4.3122 | cls 2.1263 | tal 0.0779 | dual_g 2.1625 | dual_d 0.8859 | train_acc 0.7458 | train_full 0.7699 | val_acc 0.8000 | val_f1 0.7707 | grad(main/disc) 18.421/1.785 | lr(main/disc) 7.00e-05/3.50e-05 | 75.6s
2026-08-21 14:28:48 | New best val_f1_macro_present: 0.7707 at epoch 6
2026-08-21 14:30:07 | Epoch 007/100 | loss 4.0589 | cls 1.9679 | tal 0.0993 | dual_g 2.0612 | dual_d 0.8192 | train_acc 0.7812 | train_full 0.7140 | val_acc 0.7167 | val_f1 0.7063 | grad(main/disc) 17.233/1.656 | lr(main/disc) 7.00e-05/3.50e-05 | 78.4s
2026-08-21 14:31:22 | Epoch 008/100 | loss 3.8496 | cls 1.8890 | tal 0.0158 | dual_g 1.9559 | dual_d 0.8412 | train_acc 0.8271 | train_full 0.8172 | val_acc 0.8083 | val_f1 0.7825 | grad(main/disc) 17.456/1.678 | lr(main/disc) 7.00e-05/3.50e-05 | 75.2s
2026-08-21 14:31:22 | New best val_f1_macro_present: 0.7825 at epoch 8
2026-08-21 14:32:35 | Epoch 009/100 | loss 3.7136 | cls 1.8511 | tal -0.0011 | dual_g 1.8629 | dual_d 0.8067 | train_acc 0.8229 | train_full 0.8860 | val_acc 0.8833 | val_f1 0.8594 | grad(main/disc) 16.106/1.593 | lr(main/disc) 7.00e-05/3.50e-05 | 72.2s
2026-08-21 14:32:35 | New best val_f1_macro_present: 0.8594 at epoch 9
2026-08-21 14:33:52 | Epoch 010/100 | loss 3.4012 | cls 1.6453 | tal 0.0007 | dual_g 1.7557 | dual_d 0.8069 | train_acc 0.8854 | train_full 0.9183 | val_acc 0.8583 | val_f1 0.8209 | grad(main/disc) 13.881/1.551 | lr(main/disc) 7.00e-05/3.50e-05 | 76.7s
2026-08-21 14:35:07 | Epoch 011/100 | loss 3.2738 | cls 1.5953 | tal -0.0614 | dual_g 1.6969 | dual_d 0.7671 | train_acc 0.8812 | train_full 0.8774 | val_acc 0.8583 | val_f1 0.8095 | grad(main/disc) 13.440/1.457 | lr(main/disc) 7.00e-05/3.50e-05 | 75.7s
2026-08-21 14:36:22 | Epoch 012/100 | loss 3.2496 | cls 1.5917 | tal -0.0780 | dual_g 1.6813 | dual_d 0.7317 | train_acc 0.9000 | train_full 0.9247 | val_acc 0.9000 | val_f1 0.8633 | grad(main/disc) 13.815/1.388 | lr(main/disc) 7.00e-05/3.50e-05 | 74.4s
2026-08-21 14:36:22 | New best val_f1_macro_present: 0.8633 at epoch 12
2026-08-21 14:37:39 | Epoch 013/100 | loss 3.1198 | cls 1.5192 | tal -0.0495 | dual_g 1.6154 | dual_d 0.7983 | train_acc 0.9313 | train_full 0.8946 | val_acc 0.8917 | val_f1 0.8621 | grad(main/disc) 12.052/1.443 | lr(main/disc) 7.00e-05/3.50e-05 | 76.6s
2026-08-21 14:38:54 | Epoch 014/100 | loss 3.0815 | cls 1.4957 | tal -0.0796 | dual_g 1.6096 | dual_d 0.7761 | train_acc 0.9396 | train_full 0.9484 | val_acc 0.9000 | val_f1 0.8897 | grad(main/disc) 12.187/1.388 | lr(main/disc) 7.00e-05/3.50e-05 | 75.3s
2026-08-21 14:38:54 | New best val_f1_macro_present: 0.8897 at epoch 14
2026-08-21 14:40:07 | Epoch 015/100 | loss 2.9480 | cls 1.4418 | tal -0.1291 | dual_g 1.5450 | dual_d 0.7487 | train_acc 0.9708 | train_full 0.8753 | val_acc 0.8917 | val_f1 0.8528 | grad(main/disc) 11.161/1.340 | lr(main/disc) 7.00e-05/3.50e-05 | 73.1s
2026-08-21 14:41:26 | Epoch 016/100 | loss 2.8519 | cls 1.3916 | tal -0.1741 | dual_g 1.5125 | dual_d 0.7647 | train_acc 0.9625 | train_full 0.9656 | val_acc 0.9417 | val_f1 0.9213 | grad(main/disc) 10.896/1.355 | lr(main/disc) 7.00e-05/3.50e-05 | 78.6s
2026-08-21 14:41:26 | New best val_f1_macro_present: 0.9213 at epoch 16
2026-08-21 14:42:42 | Epoch 017/100 | loss 2.8824 | cls 1.4426 | tal -0.1742 | dual_g 1.4921 | dual_d 0.7710 | train_acc 0.9583 | train_full 0.9376 | val_acc 0.9167 | val_f1 0.9008 | grad(main/disc) 10.912/1.332 | lr(main/disc) 7.00e-05/3.50e-05 | 75.7s
2026-08-21 14:43:57 | Epoch 018/100 | loss 2.8458 | cls 1.3854 | tal -0.1170 | dual_g 1.4955 | dual_d 0.7948 | train_acc 0.9646 | train_full 0.9613 | val_acc 0.9417 | val_f1 0.9224 | grad(main/disc) 9.824/1.351 | lr(main/disc) 7.00e-05/3.50e-05 | 74.8s
2026-08-21 14:43:57 | New best val_f1_macro_present: 0.9224 at epoch 18
2026-08-21 14:45:14 | Epoch 019/100 | loss 2.8075 | cls 1.3663 | tal -0.1068 | dual_g 1.4732 | dual_d 0.7825 | train_acc 0.9750 | train_full 0.9419 | val_acc 0.9000 | val_f1 0.8660 | grad(main/disc) 9.424/1.327 | lr(main/disc) 7.00e-05/3.50e-05 | 76.8s
2026-08-21 14:46:30 | Epoch 020/100 | loss 2.7448 | cls 1.3717 | tal -0.2148 | dual_g 1.4375 | dual_d 0.8166 | train_acc 0.9729 | train_full 0.9376 | val_acc 0.9083 | val_f1 0.8985 | grad(main/disc) 8.396/1.346 | lr(main/disc) 7.00e-05/3.50e-05 | 75.6s
2026-08-21 14:47:43 | Epoch 021/100 | loss 2.7399 | cls 1.3506 | tal -0.1488 | dual_g 1.4340 | dual_d 0.8373 | train_acc 0.9792 | train_full 0.9806 | val_acc 0.9583 | val_f1 0.9516 | grad(main/disc) 8.038/1.337 | lr(main/disc) 7.00e-05/3.50e-05 | 73.7s
2026-08-21 14:47:44 | New best val_f1_macro_present: 0.9516 at epoch 21
2026-08-21 14:49:00 | Epoch 022/100 | loss 2.7023 | cls 1.3298 | tal -0.1736 | dual_g 1.4245 | dual_d 0.8640 | train_acc 0.9750 | train_full 0.9699 | val_acc 0.9500 | val_f1 0.9318 | grad(main/disc) 6.978/1.374 | lr(main/disc) 7.00e-05/3.50e-05 | 76.4s
2026-08-21 14:50:14 | Epoch 023/100 | loss 2.7097 | cls 1.3357 | tal -0.1729 | dual_g 1.4259 | dual_d 0.9026 | train_acc 0.9875 | train_full 0.9785 | val_acc 0.9417 | val_f1 0.9163 | grad(main/disc) 8.156/1.427 | lr(main/disc) 7.00e-05/3.50e-05 | 74.0s
2026-08-21 14:51:29 | Epoch 024/100 | loss 2.6709 | cls 1.3230 | tal -0.1649 | dual_g 1.3974 | dual_d 0.9011 | train_acc 0.9896 | train_full 0.9763 | val_acc 0.9417 | val_f1 0.9117 | grad(main/disc) 6.846/1.391 | lr(main/disc) 7.00e-05/3.50e-05 | 75.0s
2026-08-21 14:52:45 | Epoch 025/100 | loss 2.6470 | cls 1.3122 | tal -0.1888 | dual_g 1.3915 | dual_d 0.9157 | train_acc 0.9875 | train_full 0.9763 | val_acc 0.9583 | val_f1 0.9508 | grad(main/disc) 6.832/1.358 | lr(main/disc) 7.00e-05/3.50e-05 | 76.5s
2026-08-21 14:54:02 | Epoch 026/100 | loss 2.5897 | cls 1.2986 | tal -0.1986 | dual_g 1.3508 | dual_d 0.9304 | train_acc 0.9729 | train_full 0.9742 | val_acc 0.9417 | val_f1 0.9098 | grad(main/disc) 5.772/1.354 | lr(main/disc) 7.00e-05/3.50e-05 | 77.0s
2026-08-21 14:55:19 | Epoch 027/100 | loss 2.5946 | cls 1.2949 | tal -0.1828 | dual_g 1.3545 | dual_d 0.9163 | train_acc 0.9854 | train_full 0.9871 | val_acc 0.9750 | val_f1 0.9644 | grad(main/disc) 5.833/1.346 | lr(main/disc) 7.00e-05/3.50e-05 | 76.7s
2026-08-21 14:55:19 | New best val_f1_macro_present: 0.9644 at epoch 27
2026-08-21 14:56:36 | Epoch 028/100 | loss 2.5604 | cls 1.2776 | tal -0.1396 | dual_g 1.3247 | dual_d 0.9594 | train_acc 0.9896 | train_full 0.9806 | val_acc 0.9583 | val_f1 0.9464 | grad(main/disc) 4.810/1.350 | lr(main/disc) 7.00e-05/3.50e-05 | 76.5s
2026-08-21 14:57:53 | Epoch 029/100 | loss 2.5199 | cls 1.2662 | tal -0.2192 | dual_g 1.3195 | dual_d 0.9686 | train_acc 0.9917 | train_full 0.9935 | val_acc 0.9833 | val_f1 0.9714 | grad(main/disc) 4.630/1.403 | lr(main/disc) 7.00e-05/3.50e-05 | 77.2s
2026-08-21 14:57:53 | New best val_f1_macro_present: 0.9714 at epoch 29
2026-08-21 14:59:06 | Epoch 030/100 | loss 2.5013 | cls 1.2617 | tal -0.2163 | dual_g 1.3044 | dual_d 0.9262 | train_acc 0.9938 | train_full 0.9892 | val_acc 0.9833 | val_f1 0.9714 | grad(main/disc) 4.902/1.349 | lr(main/disc) 7.00e-05/3.50e-05 | 72.9s
2026-08-21 15:00:23 | Epoch 031/100 | loss 2.5343 | cls 1.2687 | tal -0.1809 | dual_g 1.3199 | dual_d 0.9569 | train_acc 0.9958 | train_full 0.9742 | val_acc 0.9667 | val_f1 0.9368 | grad(main/disc) 5.657/1.369 | lr(main/disc) 7.00e-05/3.50e-05 | 77.0s
2026-08-21 15:01:39 | Epoch 032/100 | loss 2.5040 | cls 1.2722 | tal -0.2135 | dual_g 1.2958 | dual_d 1.0067 | train_acc 0.9938 | train_full 0.9914 | val_acc 0.9667 | val_f1 0.9592 | grad(main/disc) 5.460/1.391 | lr(main/disc) 7.00e-05/3.50e-05 | 75.8s
2026-08-21 15:02:54 | Epoch 033/100 | loss 2.4751 | cls 1.2567 | tal -0.2356 | dual_g 1.2891 | dual_d 0.9815 | train_acc 0.9958 | train_full 0.9806 | val_acc 0.9667 | val_f1 0.9576 | grad(main/disc) 4.889/1.380 | lr(main/disc) 7.00e-05/3.50e-05 | 74.9s
2026-08-21 15:04:08 | Epoch 034/100 | loss 2.4505 | cls 1.2395 | tal -0.2439 | dual_g 1.2841 | dual_d 0.9770 | train_acc 0.9958 | train_full 0.9785 | val_acc 0.9583 | val_f1 0.9392 | grad(main/disc) 3.932/1.353 | lr(main/disc) 7.00e-05/3.50e-05 | 74.1s
2026-08-21 15:05:25 | Epoch 035/100 | loss 2.4273 | cls 1.2419 | tal -0.2555 | dual_g 1.2620 | dual_d 0.9595 | train_acc 0.9938 | train_full 0.9892 | val_acc 0.9667 | val_f1 0.9594 | grad(main/disc) 3.746/1.317 | lr(main/disc) 7.00e-05/3.50e-05 | 76.6s
2026-08-21 15:06:42 | Epoch 036/100 | loss 2.4279 | cls 1.2331 | tal -0.2173 | dual_g 1.2600 | dual_d 0.9809 | train_acc 0.9979 | train_full 0.9785 | val_acc 0.9667 | val_f1 0.9311 | grad(main/disc) 4.012/1.336 | lr(main/disc) 3.50e-05/1.75e-05 | 76.9s
2026-08-21 15:07:57 | Epoch 037/100 | loss 2.4190 | cls 1.2278 | tal -0.2668 | dual_g 1.2713 | dual_d 1.0364 | train_acc 0.9917 | train_full 0.9935 | val_acc 0.9833 | val_f1 0.9714 | grad(main/disc) 3.935/1.369 | lr(main/disc) 3.50e-05/1.75e-05 | 75.1s
2026-08-21 15:09:13 | Epoch 038/100 | loss 2.3793 | cls 1.2212 | tal -0.2771 | dual_g 1.2413 | dual_d 0.9898 | train_acc 0.9979 | train_full 0.9871 | val_acc 0.9750 | val_f1 0.9626 | grad(main/disc) 2.925/1.348 | lr(main/disc) 3.50e-05/1.75e-05 | 76.0s
2026-08-21 15:09:13 | Early stopping at epoch 38 after 9 epochs without val_f1_macro_present improvement.
2026-08-21 15:09:13 | Training complete. Best validation accuracy: 0.9833 | best val_f1_macro_present: 0.9714
2026-08-21 15:09:13 | Starting Dual_D standalone training
2026-08-21 15:09:13 | Run directory: runs/module_c_ablation/module_c_no_identity_逆光_iter01_20260821_123733
2026-08-21 15:09:13 | Device: cuda
2026-08-21 15:09:13 | Source train samples: 992
2026-08-21 15:09:13 | Target train samples: 132
2026-08-21 15:09:13 | Target val samples: 37
2026-08-21 15:09:13 | Classes: 14
2026-08-21 15:09:13 | Data audit: same_dir=False | path_overlap(vis/ir/ais)=0/0/0 | content_overlap(vis/ir/ais)=0/0/0 | ais_index_overlap=0 | stem_mismatch(vis-ir/vis-ais)=157/0
2026-08-21 15:09:13 | source_train classes: present 14/14 | absent 0 | counts [0:120, 1:44, 2:69, 3:45, 4:40, 5:30, 6:64, 7:80, 8:116, 9:68, 10:57, 11:83, 12:48, 13:128]
2026-08-21 15:09:13 | target_train classes: present 9/14 | absent 5 | counts [0:20, 2:12, 4:12, 5:2, 9:16, 10:16, 11:29, 12:4, 13:21]
2026-08-21 15:09:13 | target_val classes: present 9/14 | absent 5 | counts [0:6, 2:3, 4:4, 5:1, 9:4, 10:4, 11:8, 12:1, 13:6]
2026-08-21 15:09:13 | Paired training classes: 9/14 | class ids [0, 2, 4, 5, 9, 10, 11, 12, 13]
2026-08-21 15:09:13 | VIS/IR pairing: class-level-unpaired | count-mismatch classes train/val: 10/1 | AIS alignment: none | AIS rows train/val: 0/0
2026-08-21 15:09:13 | Model parameters: total=17277714 | trainable=17120210
Starting run 4/12: domain=逆光, iteration=1, seed=45
2026-08-21 15:09:38 | Epoch 001/100 | loss 10.5759 | cls 5.6277 | tal -0.2279 | dual_g 5.0165 | dual_d 0.0000 | train_acc 0.0500 | train_full 0.0152 | val_acc 0.0000 | val_f1 0.0000 | grad(main/disc) 32.698/0.000 | lr(main/disc) 7.00e-05/3.50e-05 | 25.2s
2026-08-21 15:09:39 | New best val_f1_macro_present: 0.0000 at epoch 1
2026-08-21 15:10:03 | Epoch 002/100 | loss 9.0162 | cls 4.8338 | tal -0.3634 | dual_g 4.2914 | dual_d 0.0000 | train_acc 0.1375 | train_full 0.1742 | val_acc 0.1622 | val_f1 0.1313 | grad(main/disc) 27.587/0.000 | lr(main/disc) 7.00e-05/3.50e-05 | 24.4s
2026-08-21 15:10:03 | New best val_f1_macro_present: 0.1313 at epoch 2
2026-08-21 15:10:28 | Epoch 003/100 | loss 7.8499 | cls 4.0383 | tal -0.2355 | dual_g 3.8822 | dual_d 0.0000 | train_acc 0.2188 | train_full 0.2955 | val_acc 0.3514 | val_f1 0.2492 | grad(main/disc) 23.672/0.000 | lr(main/disc) 7.00e-05/3.50e-05 | 24.2s
2026-08-21 15:10:28 | New best val_f1_macro_present: 0.2492 at epoch 3
2026-08-21 15:10:54 | Epoch 004/100 | loss 7.2430 | cls 3.7667 | tal -0.3053 | dual_g 3.5679 | dual_d 0.0000 | train_acc 0.3500 | train_full 0.4848 | val_acc 0.5135 | val_f1 0.4293 | grad(main/disc) 22.393/0.000 | lr(main/disc) 7.00e-05/3.50e-05 | 26.1s
2026-08-21 15:10:54 | New best val_f1_macro_present: 0.4293 at epoch 4
2026-08-21 15:11:20 | Epoch 005/100 | loss 6.7550 | cls 3.5270 | tal -0.3617 | dual_g 3.3365 | dual_d 0.0000 | train_acc 0.3625 | train_full 0.6439 | val_acc 0.5676 | val_f1 0.5563 | grad(main/disc) 21.151/0.000 | lr(main/disc) 7.00e-05/3.50e-05 | 25.9s
2026-08-21 15:11:21 | New best val_f1_macro_present: 0.5563 at epoch 5
2026-08-21 15:11:48 | Epoch 006/100 | loss 6.3644 | cls 3.3615 | tal -0.2779 | dual_g 3.0863 | dual_d 0.7666 | train_acc 0.4437 | train_full 0.7803 | val_acc 0.6486 | val_f1 0.6885 | grad(main/disc) 20.353/1.700 | lr(main/disc) 7.00e-05/3.50e-05 | 27.1s
2026-08-21 15:11:48 | New best val_f1_macro_present: 0.6885 at epoch 6
2026-08-21 15:12:13 | Epoch 007/100 | loss 5.8673 | cls 3.0052 | tal -0.3376 | dual_g 2.9633 | dual_d 0.7555 | train_acc 0.4500 | train_full 0.8106 | val_acc 0.7568 | val_f1 0.7796 | grad(main/disc) 19.479/1.775 | lr(main/disc) 7.00e-05/3.50e-05 | 25.1s
2026-08-21 15:12:13 | New best val_f1_macro_present: 0.7796 at epoch 7
2026-08-21 15:12:39 | Epoch 008/100 | loss 5.6964 | cls 2.9538 | tal -0.2149 | dual_g 2.8070 | dual_d 0.7823 | train_acc 0.5062 | train_full 0.8333 | val_acc 0.7027 | val_f1 0.6659 | grad(main/disc) 20.470/1.862 | lr(main/disc) 7.00e-05/3.50e-05 | 25.4s
2026-08-21 15:13:04 | Epoch 009/100 | loss 5.5017 | cls 2.7298 | tal -0.1696 | dual_g 2.8228 | dual_d 0.7247 | train_acc 0.6188 | train_full 0.8106 | val_acc 0.7838 | val_f1 0.8223 | grad(main/disc) 19.423/1.684 | lr(main/disc) 7.00e-05/3.50e-05 | 25.4s
2026-08-21 15:13:05 | New best val_f1_macro_present: 0.8223 at epoch 9
2026-08-21 15:13:30 | Epoch 010/100 | loss 5.4033 | cls 2.7420 | tal -0.1295 | dual_g 2.7001 | dual_d 0.7811 | train_acc 0.5188 | train_full 0.7879 | val_acc 0.7568 | val_f1 0.7776 | grad(main/disc) 20.131/1.648 | lr(main/disc) 7.00e-05/3.50e-05 | 25.9s
2026-08-21 15:13:57 | Epoch 011/100 | loss 5.0504 | cls 2.4741 | tal -0.1623 | dual_g 2.6250 | dual_d 0.7458 | train_acc 0.6250 | train_full 0.8333 | val_acc 0.8108 | val_f1 0.8146 | grad(main/disc) 18.834/1.717 | lr(main/disc) 7.00e-05/3.50e-05 | 26.2s
2026-08-21 15:14:23 | Epoch 012/100 | loss 4.8228 | cls 2.4202 | tal -0.1757 | dual_g 2.4554 | dual_d 0.7260 | train_acc 0.7188 | train_full 0.8712 | val_acc 0.8919 | val_f1 0.8806 | grad(main/disc) 17.143/1.611 | lr(main/disc) 7.00e-05/3.50e-05 | 26.0s
2026-08-21 15:14:23 | New best val_f1_macro_present: 0.8806 at epoch 12
2026-08-21 15:14:50 | Epoch 013/100 | loss 4.7180 | cls 2.3689 | tal -0.2114 | dual_g 2.4126 | dual_d 0.8001 | train_acc 0.6438 | train_full 0.9167 | val_acc 0.8649 | val_f1 0.8932 | grad(main/disc) 17.915/1.672 | lr(main/disc) 7.00e-05/3.50e-05 | 26.8s
2026-08-21 15:14:50 | New best val_f1_macro_present: 0.8932 at epoch 13
2026-08-21 15:15:16 | Epoch 014/100 | loss 4.5962 | cls 2.3311 | tal -0.2316 | dual_g 2.3346 | dual_d 0.7988 | train_acc 0.6875 | train_full 0.9091 | val_acc 0.9189 | val_f1 0.9335 | grad(main/disc) 17.006/1.715 | lr(main/disc) 7.00e-05/3.50e-05 | 26.2s
2026-08-21 15:15:17 | New best val_f1_macro_present: 0.9335 at epoch 14
2026-08-21 15:15:44 | Epoch 015/100 | loss 4.3281 | cls 2.1688 | tal -0.2087 | dual_g 2.2218 | dual_d 0.7916 | train_acc 0.7250 | train_full 0.9394 | val_acc 0.8919 | val_f1 0.9041 | grad(main/disc) 16.988/1.703 | lr(main/disc) 7.00e-05/3.50e-05 | 27.0s
2026-08-21 15:16:10 | Epoch 016/100 | loss 4.4960 | cls 2.2550 | tal -0.1813 | dual_g 2.2954 | dual_d 0.8141 | train_acc 0.7625 | train_full 0.9545 | val_acc 0.8649 | val_f1 0.8812 | grad(main/disc) 18.840/1.708 | lr(main/disc) 7.00e-05/3.50e-05 | 26.9s
2026-08-21 15:16:36 | Epoch 017/100 | loss 4.0234 | cls 1.9637 | tal -0.1660 | dual_g 2.1095 | dual_d 0.8067 | train_acc 0.8187 | train_full 0.9773 | val_acc 0.8919 | val_f1 0.9079 | grad(main/disc) 15.569/1.608 | lr(main/disc) 7.00e-05/3.50e-05 | 25.7s
2026-08-21 15:17:02 | Epoch 018/100 | loss 3.9375 | cls 1.9385 | tal -0.2252 | dual_g 2.0666 | dual_d 0.7735 | train_acc 0.8375 | train_full 0.9697 | val_acc 0.9189 | val_f1 0.9358 | grad(main/disc) 15.875/1.603 | lr(main/disc) 7.00e-05/3.50e-05 | 26.0s
2026-08-21 15:17:03 | New best val_f1_macro_present: 0.9358 at epoch 18
2026-08-21 15:17:29 | Epoch 019/100 | loss 3.7077 | cls 1.8063 | tal -0.2517 | dual_g 1.9770 | dual_d 0.8138 | train_acc 0.8250 | train_full 0.9318 | val_acc 0.9189 | val_f1 0.9358 | grad(main/disc) 14.078/1.673 | lr(main/disc) 7.00e-05/3.50e-05 | 26.4s
2026-08-21 15:17:55 | Epoch 020/100 | loss 3.8296 | cls 1.8504 | tal -0.2730 | dual_g 2.0611 | dual_d 0.8710 | train_acc 0.8625 | train_full 0.9242 | val_acc 0.9459 | val_f1 0.9578 | grad(main/disc) 15.803/1.692 | lr(main/disc) 7.00e-05/3.50e-05 | 26.5s
2026-08-21 15:17:56 | New best val_f1_macro_present: 0.9578 at epoch 20
2026-08-21 15:18:21 | Epoch 021/100 | loss 3.6964 | cls 1.8016 | tal -0.1863 | dual_g 1.9507 | dual_d 0.7873 | train_acc 0.8562 | train_full 0.9848 | val_acc 0.9459 | val_f1 0.9616 | grad(main/disc) 14.557/1.585 | lr(main/disc) 7.00e-05/3.50e-05 | 25.1s
2026-08-21 15:18:21 | New best val_f1_macro_present: 0.9616 at epoch 21
2026-08-21 15:18:48 | Epoch 022/100 | loss 3.7868 | cls 1.8732 | tal -0.2062 | dual_g 1.9755 | dual_d 0.7883 | train_acc 0.8750 | train_full 0.9470 | val_acc 0.9459 | val_f1 0.9616 | grad(main/disc) 15.236/1.586 | lr(main/disc) 7.00e-05/3.50e-05 | 26.6s
2026-08-21 15:19:14 | Epoch 023/100 | loss 3.9235 | cls 1.9628 | tal -0.2859 | dual_g 2.0464 | dual_d 0.7371 | train_acc 0.8375 | train_full 0.9773 | val_acc 0.9459 | val_f1 0.9616 | grad(main/disc) 18.753/1.495 | lr(main/disc) 7.00e-05/3.50e-05 | 26.3s
2026-08-21 15:19:40 | Epoch 024/100 | loss 3.6119 | cls 1.7933 | tal -0.3049 | dual_g 1.9100 | dual_d 0.7933 | train_acc 0.8250 | train_full 0.9848 | val_acc 0.9459 | val_f1 0.9578 | grad(main/disc) 14.921/1.511 | lr(main/disc) 7.00e-05/3.50e-05 | 25.6s
2026-08-21 15:20:05 | Epoch 025/100 | loss 3.5240 | cls 1.6668 | tal -0.2456 | dual_g 1.9310 | dual_d 0.7785 | train_acc 0.9187 | train_full 0.9773 | val_acc 0.9730 | val_f1 0.9776 | grad(main/disc) 13.697/1.600 | lr(main/disc) 7.00e-05/3.50e-05 | 25.6s
2026-08-21 15:20:06 | New best val_f1_macro_present: 0.9776 at epoch 25
2026-08-21 15:20:32 | Epoch 026/100 | loss 3.4202 | cls 1.6837 | tal -0.2456 | dual_g 1.8101 | dual_d 0.7415 | train_acc 0.9062 | train_full 0.9394 | val_acc 0.9730 | val_f1 0.9776 | grad(main/disc) 12.728/1.527 | lr(main/disc) 7.00e-05/3.50e-05 | 25.8s
2026-08-21 15:21:00 | Epoch 027/100 | loss 3.5347 | cls 1.7267 | tal -0.2207 | dual_g 1.8743 | dual_d 0.7683 | train_acc 0.8812 | train_full 0.9773 | val_acc 0.9459 | val_f1 0.9578 | grad(main/disc) 14.506/1.552 | lr(main/disc) 7.00e-05/3.50e-05 | 28.6s
2026-08-21 15:21:26 | Epoch 028/100 | loss 3.4649 | cls 1.6977 | tal -0.1897 | dual_g 1.8241 | dual_d 0.7314 | train_acc 0.9125 | train_full 0.9924 | val_acc 1.0000 | val_f1 1.0000 | grad(main/disc) 13.563/1.483 | lr(main/disc) 7.00e-05/3.50e-05 | 25.8s
2026-08-21 15:21:26 | New best val_f1_macro_present: 1.0000 at epoch 28
2026-08-21 15:21:53 | Epoch 029/100 | loss 3.3342 | cls 1.5952 | tal -0.1863 | dual_g 1.7949 | dual_d 0.8116 | train_acc 0.9437 | train_full 0.9848 | val_acc 0.9730 | val_f1 0.9802 | grad(main/disc) 12.717/1.553 | lr(main/disc) 7.00e-05/3.50e-05 | 26.5s
2026-08-21 15:22:19 | Epoch 030/100 | loss 3.2938 | cls 1.5943 | tal -0.1695 | dual_g 1.7504 | dual_d 0.7785 | train_acc 0.9375 | train_full 0.9848 | val_acc 0.9459 | val_f1 0.9578 | grad(main/disc) 13.440/1.450 | lr(main/disc) 7.00e-05/3.50e-05 | 26.4s
2026-08-21 15:22:46 | Epoch 031/100 | loss 3.2925 | cls 1.5926 | tal -0.2171 | dual_g 1.7651 | dual_d 0.8411 | train_acc 0.9437 | train_full 0.9924 | val_acc 0.9730 | val_f1 0.9776 | grad(main/disc) 14.157/1.563 | lr(main/disc) 7.00e-05/3.50e-05 | 26.7s
2026-08-21 15:23:11 | Epoch 032/100 | loss 3.2157 | cls 1.5709 | tal -0.1902 | dual_g 1.7019 | dual_d 0.7972 | train_acc 0.9375 | train_full 0.9924 | val_acc 1.0000 | val_f1 1.0000 | grad(main/disc) 12.607/1.500 | lr(main/disc) 7.00e-05/3.50e-05 | 25.5s
2026-08-21 15:23:38 | Epoch 033/100 | loss 3.2803 | cls 1.6123 | tal -0.1282 | dual_g 1.7064 | dual_d 0.7555 | train_acc 0.9187 | train_full 0.9848 | val_acc 1.0000 | val_f1 1.0000 | grad(main/disc) 12.687/1.435 | lr(main/disc) 7.00e-05/3.50e-05 | 26.5s
2026-08-21 15:24:05 | Epoch 034/100 | loss 3.0477 | cls 1.4349 | tal -0.1228 | dual_g 1.6497 | dual_d 0.8343 | train_acc 0.9688 | train_full 0.9924 | val_acc 0.9730 | val_f1 0.9802 | grad(main/disc) 9.451/1.570 | lr(main/disc) 7.00e-05/3.50e-05 | 27.2s
2026-08-21 15:24:31 | Epoch 035/100 | loss 3.0874 | cls 1.5040 | tal -0.1167 | dual_g 1.6184 | dual_d 0.8250 | train_acc 0.9688 | train_full 0.9924 | val_acc 0.9730 | val_f1 0.9776 | grad(main/disc) 10.777/1.500 | lr(main/disc) 3.50e-05/1.75e-05 | 25.8s
2026-08-21 15:24:57 | Epoch 036/100 | loss 3.0360 | cls 1.4467 | tal -0.1670 | dual_g 1.6394 | dual_d 0.8253 | train_acc 0.9688 | train_full 0.9924 | val_acc 0.9730 | val_f1 0.9776 | grad(main/disc) 9.936/1.438 | lr(main/disc) 3.50e-05/1.75e-05 | 25.7s
2026-08-21 15:25:24 | Epoch 037/100 | loss 3.0875 | cls 1.4745 | tal -0.1344 | dual_g 1.6533 | dual_d 0.9099 | train_acc 0.9688 | train_full 0.9924 | val_acc 1.0000 | val_f1 1.0000 | grad(main/disc) 9.602/1.586 | lr(main/disc) 3.50e-05/1.75e-05 | 27.3s
2026-08-21 15:25:24 | Early stopping at epoch 37 after 9 epochs without val_f1_macro_present improvement.
2026-08-21 15:25:24 | Training complete. Best validation accuracy: 1.0000 | best val_f1_macro_present: 1.0000
2026-08-21 15:25:24 | Starting Dual_D standalone training
2026-08-21 15:25:24 | Run directory: runs/module_c_ablation/module_c_no_identity_逆光_iter02_20260821_123733
2026-08-21 15:25:24 | Device: cuda
2026-08-21 15:25:24 | Source train samples: 992
2026-08-21 15:25:24 | Target train samples: 132
2026-08-21 15:25:24 | Target val samples: 37
2026-08-21 15:25:24 | Classes: 14
2026-08-21 15:25:24 | Data audit: same_dir=False | path_overlap(vis/ir/ais)=0/0/0 | content_overlap(vis/ir/ais)=0/0/0 | ais_index_overlap=0 | stem_mismatch(vis-ir/vis-ais)=157/0
2026-08-21 15:25:24 | source_train classes: present 14/14 | absent 0 | counts [0:120, 1:44, 2:69, 3:45, 4:40, 5:30, 6:64, 7:80, 8:116, 9:68, 10:57, 11:83, 12:48, 13:128]
2026-08-21 15:25:24 | target_train classes: present 9/14 | absent 5 | counts [0:20, 2:12, 4:12, 5:2, 9:16, 10:16, 11:29, 12:4, 13:21]
2026-08-21 15:25:24 | target_val classes: present 9/14 | absent 5 | counts [0:6, 2:3, 4:4, 5:1, 9:4, 10:4, 11:8, 12:1, 13:6]
2026-08-21 15:25:24 | Paired training classes: 9/14 | class ids [0, 2, 4, 5, 9, 10, 11, 12, 13]
2026-08-21 15:25:24 | VIS/IR pairing: class-level-unpaired | count-mismatch classes train/val: 10/1 | AIS alignment: none | AIS rows train/val: 0/0
2026-08-21 15:25:25 | Model parameters: total=17277714 | trainable=17120210
Starting run 5/12: domain=逆光, iteration=2, seed=46
2026-08-21 15:25:51 | Epoch 001/100 | loss 10.1975 | cls 5.4012 | tal -0.1004 | dual_g 4.8265 | dual_d 0.0000 | train_acc 0.0625 | train_full 0.1288 | val_acc 0.1892 | val_f1 0.1038 | grad(main/disc) 32.616/0.000 | lr(main/disc) 7.00e-05/3.50e-05 | 26.5s
2026-08-21 15:25:51 | New best val_f1_macro_present: 0.1038 at epoch 1
2026-08-21 15:26:17 | Epoch 002/100 | loss 8.6822 | cls 4.6488 | tal -0.0503 | dual_g 4.0485 | dual_d 0.0000 | train_acc 0.1250 | train_full 0.1439 | val_acc 0.2703 | val_f1 0.2202 | grad(main/disc) 27.168/0.000 | lr(main/disc) 7.00e-05/3.50e-05 | 25.5s
2026-08-21 15:26:17 | New best val_f1_macro_present: 0.2202 at epoch 2
2026-08-21 15:26:44 | Epoch 003/100 | loss 7.6294 | cls 3.8776 | tal 0.0355 | dual_g 3.7412 | dual_d 0.0000 | train_acc 0.3187 | train_full 0.2121 | val_acc 0.3243 | val_f1 0.2468 | grad(main/disc) 24.397/0.000 | lr(main/disc) 7.00e-05/3.50e-05 | 26.7s
2026-08-21 15:26:44 | New best val_f1_macro_present: 0.2468 at epoch 3
2026-08-21 15:27:11 | Epoch 004/100 | loss 7.2698 | cls 3.7449 | tal 0.0816 | dual_g 3.5004 | dual_d 0.0000 | train_acc 0.2812 | train_full 0.3409 | val_acc 0.3784 | val_f1 0.3992 | grad(main/disc) 22.517/0.000 | lr(main/disc) 7.00e-05/3.50e-05 | 26.5s
2026-08-21 15:27:11 | New best val_f1_macro_present: 0.3992 at epoch 4
2026-08-21 15:27:37 | Epoch 005/100 | loss 7.0288 | cls 3.6683 | tal 0.2652 | dual_g 3.2810 | dual_d 0.0000 | train_acc 0.3750 | train_full 0.7045 | val_acc 0.7297 | val_f1 0.7972 | grad(main/disc) 22.319/0.000 | lr(main/disc) 7.00e-05/3.50e-05 | 26.4s
2026-08-21 15:27:38 | New best val_f1_macro_present: 0.7972 at epoch 5
2026-08-21 15:28:04 | Epoch 006/100 | loss 6.4120 | cls 3.2011 | tal 0.1994 | dual_g 3.1511 | dual_d 0.8107 | train_acc 0.4313 | train_full 0.9091 | val_acc 0.8649 | val_f1 0.8875 | grad(main/disc) 20.602/1.965 | lr(main/disc) 7.00e-05/3.50e-05 | 25.9s
2026-08-21 15:28:04 | New best val_f1_macro_present: 0.8875 at epoch 6
2026-08-21 15:28:30 | Epoch 007/100 | loss 6.0774 | cls 3.0730 | tal 0.2721 | dual_g 2.9228 | dual_d 0.7941 | train_acc 0.5312 | train_full 0.8409 | val_acc 0.8378 | val_f1 0.8723 | grad(main/disc) 19.938/1.988 | lr(main/disc) 7.00e-05/3.50e-05 | 26.1s
2026-08-21 15:28:56 | Epoch 008/100 | loss 6.0986 | cls 3.0840 | tal 0.2849 | dual_g 2.9292 | dual_d 0.8406 | train_acc 0.4938 | train_full 0.8939 | val_acc 0.8919 | val_f1 0.9156 | grad(main/disc) 20.600/1.931 | lr(main/disc) 7.00e-05/3.50e-05 | 25.7s
2026-08-21 15:28:56 | New best val_f1_macro_present: 0.9156 at epoch 8
2026-08-21 15:29:22 | Epoch 009/100 | loss 5.6601 | cls 2.8487 | tal 0.2596 | dual_g 2.7335 | dual_d 0.8015 | train_acc 0.5500 | train_full 0.9091 | val_acc 0.8919 | val_f1 0.9101 | grad(main/disc) 19.536/1.891 | lr(main/disc) 7.00e-05/3.50e-05 | 26.1s
2026-08-21 15:29:48 | Epoch 010/100 | loss 5.1227 | cls 2.5158 | tal 0.2530 | dual_g 2.5310 | dual_d 0.7807 | train_acc 0.6937 | train_full 0.9167 | val_acc 0.9189 | val_f1 0.9299 | grad(main/disc) 18.219/1.869 | lr(main/disc) 7.00e-05/3.50e-05 | 25.9s
2026-08-21 15:29:48 | New best val_f1_macro_present: 0.9299 at epoch 10
2026-08-21 15:30:15 | Epoch 011/100 | loss 5.1340 | cls 2.4828 | tal 0.2296 | dual_g 2.5822 | dual_d 0.7642 | train_acc 0.6625 | train_full 0.9394 | val_acc 0.9189 | val_f1 0.9303 | grad(main/disc) 19.151/1.803 | lr(main/disc) 7.00e-05/3.50e-05 | 26.6s
2026-08-21 15:30:42 | Epoch 012/100 | loss 5.0803 | cls 2.5004 | tal 0.2589 | dual_g 2.5021 | dual_d 0.7645 | train_acc 0.6375 | train_full 0.9394 | val_acc 0.9459 | val_f1 0.9616 | grad(main/disc) 19.082/1.733 | lr(main/disc) 7.00e-05/3.50e-05 | 27.5s
2026-08-21 15:30:43 | New best val_f1_macro_present: 0.9616 at epoch 12
2026-08-21 15:31:09 | Epoch 013/100 | loss 4.9179 | cls 2.3856 | tal 0.1674 | dual_g 2.4821 | dual_d 0.7849 | train_acc 0.7063 | train_full 0.9545 | val_acc 0.9189 | val_f1 0.9303 | grad(main/disc) 20.082/1.732 | lr(main/disc) 7.00e-05/3.50e-05 | 25.9s
2026-08-21 15:31:36 | Epoch 014/100 | loss 4.7510 | cls 2.3627 | tal 0.1302 | dual_g 2.3492 | dual_d 0.7265 | train_acc 0.6562 | train_full 0.9545 | val_acc 0.9459 | val_f1 0.9616 | grad(main/disc) 19.229/1.674 | lr(main/disc) 7.00e-05/3.50e-05 | 26.8s
2026-08-21 15:32:01 | Epoch 015/100 | loss 4.4177 | cls 2.1420 | tal 0.1775 | dual_g 2.2225 | dual_d 0.7341 | train_acc 0.7250 | train_full 0.9470 | val_acc 0.9459 | val_f1 0.9616 | grad(main/disc) 17.506/1.641 | lr(main/disc) 7.00e-05/3.50e-05 | 25.1s
2026-08-21 15:32:26 | Epoch 016/100 | loss 4.3277 | cls 2.1098 | tal 0.1285 | dual_g 2.1793 | dual_d 0.7130 | train_acc 0.7750 | train_full 0.9470 | val_acc 0.9459 | val_f1 0.9616 | grad(main/disc) 17.780/1.576 | lr(main/disc) 7.00e-05/3.50e-05 | 25.8s
2026-08-21 15:32:52 | Epoch 017/100 | loss 4.4995 | cls 2.2751 | tal 0.2605 | dual_g 2.1463 | dual_d 0.6783 | train_acc 0.7188 | train_full 0.9621 | val_acc 0.9459 | val_f1 0.9616 | grad(main/disc) 18.442/1.629 | lr(main/disc) 7.00e-05/3.50e-05 | 25.5s
2026-08-21 15:33:20 | Epoch 018/100 | loss 4.3401 | cls 2.0408 | tal 0.2325 | dual_g 2.2296 | dual_d 0.6802 | train_acc 0.8187 | train_full 0.9621 | val_acc 0.9189 | val_f1 0.9396 | grad(main/disc) 17.510/1.565 | lr(main/disc) 7.00e-05/3.50e-05 | 27.8s
2026-08-21 15:33:46 | Epoch 019/100 | loss 4.0163 | cls 1.9389 | tal 0.2164 | dual_g 2.0125 | dual_d 0.7179 | train_acc 0.8063 | train_full 0.9848 | val_acc 0.9459 | val_f1 0.9485 | grad(main/disc) 17.167/1.544 | lr(main/disc) 3.50e-05/1.75e-05 | 26.4s
2026-08-21 15:34:13 | Epoch 020/100 | loss 3.8654 | cls 1.8494 | tal 0.1733 | dual_g 1.9640 | dual_d 0.6952 | train_acc 0.8438 | train_full 0.9848 | val_acc 0.9730 | val_f1 0.9802 | grad(main/disc) 14.697/1.525 | lr(main/disc) 3.50e-05/1.75e-05 | 27.3s
2026-08-21 15:34:14 | New best val_f1_macro_present: 0.9802 at epoch 20
2026-08-21 15:34:41 | Epoch 021/100 | loss 3.8800 | cls 1.8150 | tal 0.2028 | dual_g 2.0042 | dual_d 0.6694 | train_acc 0.8812 | train_full 0.9773 | val_acc 0.9730 | val_f1 0.9840 | grad(main/disc) 15.409/1.455 | lr(main/disc) 3.50e-05/1.75e-05 | 26.9s
2026-08-21 15:34:41 | New best val_f1_macro_present: 0.9840 at epoch 21
2026-08-21 15:35:08 | Epoch 022/100 | loss 3.7531 | cls 1.7639 | tal 0.1496 | dual_g 1.9443 | dual_d 0.7586 | train_acc 0.8688 | train_full 0.9697 | val_acc 0.9730 | val_f1 0.9802 | grad(main/disc) 15.144/1.602 | lr(main/disc) 3.50e-05/1.75e-05 | 27.0s
2026-08-21 15:35:35 | Epoch 023/100 | loss 3.8029 | cls 1.8384 | tal 0.0738 | dual_g 1.9424 | dual_d 0.6979 | train_acc 0.8000 | train_full 0.9848 | val_acc 0.9730 | val_f1 0.9802 | grad(main/disc) 15.680/1.509 | lr(main/disc) 3.50e-05/1.75e-05 | 26.6s
2026-08-21 15:36:01 | Epoch 024/100 | loss 3.7460 | cls 1.7964 | tal 0.1327 | dual_g 1.9099 | dual_d 0.7221 | train_acc 0.8500 | train_full 0.9848 | val_acc 0.9730 | val_f1 0.9802 | grad(main/disc) 14.625/1.560 | lr(main/disc) 3.50e-05/1.75e-05 | 26.2s
2026-08-21 15:36:27 | Epoch 025/100 | loss 3.7304 | cls 1.7817 | tal 0.1319 | dual_g 1.9091 | dual_d 0.7067 | train_acc 0.9000 | train_full 0.9848 | val_acc 0.9730 | val_f1 0.9802 | grad(main/disc) 14.541/1.525 | lr(main/disc) 3.50e-05/1.75e-05 | 26.5s
2026-08-21 15:36:54 | Epoch 026/100 | loss 3.7577 | cls 1.7925 | tal 0.1135 | dual_g 1.9311 | dual_d 0.6989 | train_acc 0.8438 | train_full 0.9848 | val_acc 0.9730 | val_f1 0.9802 | grad(main/disc) 16.898/1.536 | lr(main/disc) 3.50e-05/1.75e-05 | 26.8s
2026-08-21 15:37:20 | Epoch 027/100 | loss 3.6189 | cls 1.7479 | tal 0.0649 | dual_g 1.8515 | dual_d 0.7716 | train_acc 0.8625 | train_full 0.9848 | val_acc 1.0000 | val_f1 1.0000 | grad(main/disc) 15.259/1.610 | lr(main/disc) 3.50e-05/1.75e-05 | 25.5s
2026-08-21 15:37:20 | New best val_f1_macro_present: 1.0000 at epoch 27
2026-08-21 15:37:47 | Epoch 028/100 | loss 3.7456 | cls 1.8081 | tal 0.0911 | dual_g 1.9101 | dual_d 0.7642 | train_acc 0.8625 | train_full 0.9924 | val_acc 1.0000 | val_f1 1.0000 | grad(main/disc) 16.418/1.569 | lr(main/disc) 3.50e-05/1.75e-05 | 26.9s
2026-08-21 15:38:13 | Epoch 029/100 | loss 3.6249 | cls 1.6861 | tal 0.1202 | dual_g 1.9026 | dual_d 0.7377 | train_acc 0.9062 | train_full 0.9924 | val_acc 1.0000 | val_f1 1.0000 | grad(main/disc) 17.224/1.589 | lr(main/disc) 3.50e-05/1.75e-05 | 26.6s
2026-08-21 15:38:41 | Epoch 030/100 | loss 3.4624 | cls 1.6124 | tal 0.1185 | dual_g 1.8144 | dual_d 0.7509 | train_acc 0.8875 | train_full 0.9773 | val_acc 1.0000 | val_f1 1.0000 | grad(main/disc) 12.878/1.623 | lr(main/disc) 3.50e-05/1.75e-05 | 27.1s
2026-08-21 15:39:07 | Epoch 031/100 | loss 3.5433 | cls 1.6588 | tal 0.0485 | dual_g 1.8700 | dual_d 0.7390 | train_acc 0.9187 | train_full 0.9924 | val_acc 1.0000 | val_f1 1.0000 | grad(main/disc) 14.956/1.608 | lr(main/disc) 3.50e-05/1.75e-05 | 26.4s
2026-08-21 15:39:34 | Epoch 032/100 | loss 3.4946 | cls 1.6216 | tal 0.1004 | dual_g 1.8429 | dual_d 0.7873 | train_acc 0.9187 | train_full 0.9924 | val_acc 1.0000 | val_f1 1.0000 | grad(main/disc) 14.163/1.641 | lr(main/disc) 3.50e-05/1.75e-05 | 26.6s
2026-08-21 15:40:01 | Epoch 033/100 | loss 3.4245 | cls 1.6462 | tal 0.0247 | dual_g 1.7709 | dual_d 0.7623 | train_acc 0.9187 | train_full 0.9924 | val_acc 1.0000 | val_f1 1.0000 | grad(main/disc) 13.493/1.570 | lr(main/disc) 3.50e-05/1.75e-05 | 27.6s
2026-08-21 15:40:28 | Epoch 034/100 | loss 3.3042 | cls 1.5435 | tal 0.0861 | dual_g 1.7349 | dual_d 0.7554 | train_acc 0.9500 | train_full 1.0000 | val_acc 0.9730 | val_f1 0.9802 | grad(main/disc) 12.785/1.551 | lr(main/disc) 1.75e-05/8.75e-06 | 26.8s
2026-08-21 15:40:55 | Epoch 035/100 | loss 3.4629 | cls 1.6643 | tal 0.0968 | dual_g 1.7696 | dual_d 0.6791 | train_acc 0.9000 | train_full 1.0000 | val_acc 0.9730 | val_f1 0.9802 | grad(main/disc) 15.739/1.417 | lr(main/disc) 1.75e-05/8.75e-06 | 26.6s
2026-08-21 15:41:21 | Epoch 036/100 | loss 3.4771 | cls 1.6575 | tal 0.0034 | dual_g 1.8187 | dual_d 0.7187 | train_acc 0.8938 | train_full 1.0000 | val_acc 1.0000 | val_f1 1.0000 | grad(main/disc) 16.162/1.576 | lr(main/disc) 1.75e-05/8.75e-06 | 26.8s
2026-08-21 15:41:21 | Early stopping at epoch 36 after 9 epochs without val_f1_macro_present improvement.
2026-08-21 15:41:21 | Training complete. Best validation accuracy: 1.0000 | best val_f1_macro_present: 1.0000
2026-08-21 15:41:21 | Starting Dual_D standalone training
2026-08-21 15:41:21 | Run directory: runs/module_c_ablation/module_c_no_identity_逆光_iter03_20260821_123733
2026-08-21 15:41:21 | Device: cuda
2026-08-21 15:41:21 | Source train samples: 992
2026-08-21 15:41:21 | Target train samples: 132
2026-08-21 15:41:21 | Target val samples: 37
2026-08-21 15:41:21 | Classes: 14
2026-08-21 15:41:21 | Data audit: same_dir=False | path_overlap(vis/ir/ais)=0/0/0 | content_overlap(vis/ir/ais)=0/0/0 | ais_index_overlap=0 | stem_mismatch(vis-ir/vis-ais)=157/0
2026-08-21 15:41:21 | source_train classes: present 14/14 | absent 0 | counts [0:120, 1:44, 2:69, 3:45, 4:40, 5:30, 6:64, 7:80, 8:116, 9:68, 10:57, 11:83, 12:48, 13:128]
2026-08-21 15:41:21 | target_train classes: present 9/14 | absent 5 | counts [0:20, 2:12, 4:12, 5:2, 9:16, 10:16, 11:29, 12:4, 13:21]
2026-08-21 15:41:21 | target_val classes: present 9/14 | absent 5 | counts [0:6, 2:3, 4:4, 5:1, 9:4, 10:4, 11:8, 12:1, 13:6]
2026-08-21 15:41:21 | Paired training classes: 9/14 | class ids [0, 2, 4, 5, 9, 10, 11, 12, 13]
2026-08-21 15:41:21 | VIS/IR pairing: class-level-unpaired | count-mismatch classes train/val: 10/1 | AIS alignment: none | AIS rows train/val: 0/0
2026-08-21 15:41:22 | Model parameters: total=17277714 | trainable=17120210
Starting run 6/12: domain=逆光, iteration=3, seed=47
2026-08-21 15:41:49 | Epoch 001/100 | loss 10.0104 | cls 5.3480 | tal -0.0016 | dual_g 4.6629 | dual_d 0.0000 | train_acc 0.1375 | train_full 0.1364 | val_acc 0.1892 | val_f1 0.0634 | grad(main/disc) 30.137/0.000 | lr(main/disc) 7.00e-05/3.50e-05 | 27.0s
2026-08-21 15:41:49 | New best val_f1_macro_present: 0.0634 at epoch 1
2026-08-21 15:42:16 | Epoch 002/100 | loss 8.7670 | cls 4.5879 | tal 0.1677 | dual_g 4.1288 | dual_d 0.0000 | train_acc 0.1812 | train_full 0.2348 | val_acc 0.2432 | val_f1 0.0862 | grad(main/disc) 25.261/0.000 | lr(main/disc) 7.00e-05/3.50e-05 | 26.5s
2026-08-21 15:42:16 | New best val_f1_macro_present: 0.0862 at epoch 2
2026-08-21 15:42:42 | Epoch 003/100 | loss 7.8728 | cls 4.0251 | tal 0.0880 | dual_g 3.8213 | dual_d 0.0000 | train_acc 0.3063 | train_full 0.1894 | val_acc 0.2703 | val_f1 0.1058 | grad(main/disc) 22.756/0.000 | lr(main/disc) 7.00e-05/3.50e-05 | 26.0s
2026-08-21 15:42:42 | New best val_f1_macro_present: 0.1058 at epoch 3
2026-08-21 15:43:08 | Epoch 004/100 | loss 6.9988 | cls 3.7054 | tal 0.0649 | dual_g 3.2740 | dual_d 0.0000 | train_acc 0.3563 | train_full 0.3106 | val_acc 0.4054 | val_f1 0.3502 | grad(main/disc) 21.086/0.000 | lr(main/disc) 7.00e-05/3.50e-05 | 25.8s
2026-08-21 15:43:08 | New best val_f1_macro_present: 0.3502 at epoch 4
2026-08-21 15:43:34 | Epoch 005/100 | loss 6.6477 | cls 3.4302 | tal -0.0205 | dual_g 3.2237 | dual_d 0.0000 | train_acc 0.3937 | train_full 0.5682 | val_acc 0.6216 | val_f1 0.6667 | grad(main/disc) 20.299/0.000 | lr(main/disc) 7.00e-05/3.50e-05 | 26.1s
2026-08-21 15:43:35 | New best val_f1_macro_present: 0.6667 at epoch 5
2026-08-21 15:44:02 | Epoch 006/100 | loss 6.5589 | cls 3.3435 | tal 0.0252 | dual_g 3.2079 | dual_d 0.8755 | train_acc 0.3812 | train_full 0.7955 | val_acc 0.7297 | val_f1 0.7482 | grad(main/disc) 19.498/1.911 | lr(main/disc) 7.00e-05/3.50e-05 | 26.8s
2026-08-21 15:44:02 | New best val_f1_macro_present: 0.7482 at epoch 6
2026-08-21 15:44:28 | Epoch 007/100 | loss 5.9274 | cls 3.0006 | tal 0.0075 | dual_g 2.9245 | dual_d 0.8246 | train_acc 0.5312 | train_full 0.8409 | val_acc 0.7568 | val_f1 0.7802 | grad(main/disc) 18.358/1.815 | lr(main/disc) 7.00e-05/3.50e-05 | 26.0s
2026-08-21 15:44:28 | New best val_f1_macro_present: 0.7802 at epoch 7
2026-08-21 15:44:54 | Epoch 008/100 | loss 5.6691 | cls 2.8243 | tal 0.0152 | dual_g 2.8402 | dual_d 0.7790 | train_acc 0.5125 | train_full 0.8788 | val_acc 0.8649 | val_f1 0.8873 | grad(main/disc) 18.172/1.707 | lr(main/disc) 7.00e-05/3.50e-05 | 26.2s
2026-08-21 15:44:55 | New best val_f1_macro_present: 0.8873 at epoch 8
2026-08-21 15:45:22 | Epoch 009/100 | loss 5.5278 | cls 2.8673 | tal 0.0452 | dual_g 2.6470 | dual_d 0.7954 | train_acc 0.6125 | train_full 0.9091 | val_acc 0.8378 | val_f1 0.8644 | grad(main/disc) 18.330/1.795 | lr(main/disc) 7.00e-05/3.50e-05 | 26.9s
2026-08-21 15:45:48 | Epoch 010/100 | loss 5.3180 | cls 2.6597 | tal -0.0072 | dual_g 2.6605 | dual_d 0.7327 | train_acc 0.5687 | train_full 0.9091 | val_acc 0.9189 | val_f1 0.9331 | grad(main/disc) 18.165/1.632 | lr(main/disc) 7.00e-05/3.50e-05 | 26.4s
2026-08-21 15:45:48 | New best val_f1_macro_present: 0.9331 at epoch 10
2026-08-21 15:46:16 | Epoch 011/100 | loss 5.0297 | cls 2.5359 | tal -0.0128 | dual_g 2.4976 | dual_d 0.7976 | train_acc 0.6625 | train_full 0.9015 | val_acc 0.8919 | val_f1 0.8941 | grad(main/disc) 17.789/1.749 | lr(main/disc) 7.00e-05/3.50e-05 | 27.2s
2026-08-21 15:46:43 | Epoch 012/100 | loss 4.8978 | cls 2.4020 | tal -0.0063 | dual_g 2.4976 | dual_d 0.7466 | train_acc 0.7063 | train_full 0.8788 | val_acc 0.8649 | val_f1 0.8603 | grad(main/disc) 18.338/1.651 | lr(main/disc) 7.00e-05/3.50e-05 | 27.4s
2026-08-21 15:47:09 | Epoch 013/100 | loss 4.6456 | cls 2.3286 | tal -0.0594 | dual_g 2.3349 | dual_d 0.7139 | train_acc 0.7500 | train_full 0.9394 | val_acc 0.8919 | val_f1 0.8938 | grad(main/disc) 18.164/1.578 | lr(main/disc) 7.00e-05/3.50e-05 | 26.1s
2026-08-21 15:47:36 | Epoch 014/100 | loss 4.3348 | cls 2.1626 | tal -0.0703 | dual_g 2.1932 | dual_d 0.7704 | train_acc 0.8000 | train_full 0.9621 | val_acc 0.9459 | val_f1 0.9616 | grad(main/disc) 16.491/1.693 | lr(main/disc) 7.00e-05/3.50e-05 | 26.5s
2026-08-21 15:47:36 | New best val_f1_macro_present: 0.9616 at epoch 14
2026-08-21 15:48:02 | Epoch 015/100 | loss 4.1467 | cls 2.0320 | tal -0.0878 | dual_g 2.1410 | dual_d 0.7651 | train_acc 0.8375 | train_full 0.9394 | val_acc 0.8919 | val_f1 0.8844 | grad(main/disc) 16.079/1.623 | lr(main/disc) 7.00e-05/3.50e-05 | 26.5s
2026-08-21 15:48:28 | Epoch 016/100 | loss 4.1047 | cls 2.0951 | tal -0.1043 | dual_g 2.0409 | dual_d 0.7806 | train_acc 0.7438 | train_full 0.9394 | val_acc 0.8919 | val_f1 0.9079 | grad(main/disc) 16.863/1.658 | lr(main/disc) 7.00e-05/3.50e-05 | 26.1s
2026-08-21 15:48:55 | Epoch 017/100 | loss 4.2258 | cls 2.1467 | tal -0.0535 | dual_g 2.0952 | dual_d 0.7733 | train_acc 0.8500 | train_full 0.9621 | val_acc 0.9459 | val_f1 0.9616 | grad(main/disc) 18.034/1.654 | lr(main/disc) 7.00e-05/3.50e-05 | 26.5s
2026-08-21 15:49:22 | Epoch 018/100 | loss 3.8313 | cls 1.8460 | tal -0.0446 | dual_g 1.9986 | dual_d 0.7519 | train_acc 0.8438 | train_full 0.9621 | val_acc 0.9459 | val_f1 0.9311 | grad(main/disc) 14.921/1.536 | lr(main/disc) 7.00e-05/3.50e-05 | 26.9s
2026-08-21 15:49:48 | Epoch 019/100 | loss 3.8610 | cls 1.9350 | tal 0.0138 | dual_g 1.9219 | dual_d 0.7871 | train_acc 0.8562 | train_full 0.9773 | val_acc 0.9459 | val_f1 0.9616 | grad(main/disc) 15.660/1.698 | lr(main/disc) 7.00e-05/3.50e-05 | 25.9s
2026-08-21 15:50:15 | Epoch 020/100 | loss 3.7036 | cls 1.7711 | tal -0.0798 | dual_g 1.9564 | dual_d 0.7639 | train_acc 0.9062 | train_full 0.9848 | val_acc 0.9459 | val_f1 0.9578 | grad(main/disc) 16.047/1.557 | lr(main/disc) 7.00e-05/3.50e-05 | 26.8s
2026-08-21 15:50:41 | Epoch 021/100 | loss 3.6268 | cls 1.7819 | tal -0.1129 | dual_g 1.8788 | dual_d 0.7791 | train_acc 0.8875 | train_full 0.9773 | val_acc 0.8919 | val_f1 0.9231 | grad(main/disc) 13.723/1.578 | lr(main/disc) 3.50e-05/1.75e-05 | 26.5s
2026-08-21 15:51:07 | Epoch 022/100 | loss 3.5341 | cls 1.7220 | tal -0.0987 | dual_g 1.8418 | dual_d 0.8165 | train_acc 0.8938 | train_full 0.9924 | val_acc 0.9189 | val_f1 0.9358 | grad(main/disc) 13.957/1.573 | lr(main/disc) 3.50e-05/1.75e-05 | 25.8s
2026-08-21 15:51:33 | Epoch 023/100 | loss 3.5029 | cls 1.7373 | tal -0.1073 | dual_g 1.7978 | dual_d 0.7530 | train_acc 0.8938 | train_full 0.9848 | val_acc 0.9730 | val_f1 0.9776 | grad(main/disc) 13.819/1.491 | lr(main/disc) 3.50e-05/1.75e-05 | 26.2s
2026-08-21 15:51:33 | New best val_f1_macro_present: 0.9776 at epoch 23
2026-08-21 15:52:00 | Epoch 024/100 | loss 3.4823 | cls 1.6825 | tal -0.0848 | dual_g 1.8253 | dual_d 0.7817 | train_acc 0.9000 | train_full 0.9848 | val_acc 0.9730 | val_f1 0.9776 | grad(main/disc) 14.626/1.624 | lr(main/disc) 3.50e-05/1.75e-05 | 26.5s
2026-08-21 15:52:26 | Epoch 025/100 | loss 3.4116 | cls 1.6502 | tal -0.1178 | dual_g 1.7967 | dual_d 0.7492 | train_acc 0.8750 | train_full 0.9924 | val_acc 0.9730 | val_f1 0.9802 | grad(main/disc) 13.353/1.603 | lr(main/disc) 3.50e-05/1.75e-05 | 26.4s
2026-08-21 15:52:27 | New best val_f1_macro_present: 0.9802 at epoch 25
2026-08-21 15:52:53 | Epoch 026/100 | loss 3.2508 | cls 1.5709 | tal -0.1715 | dual_g 1.7314 | dual_d 0.8330 | train_acc 0.9062 | train_full 0.9924 | val_acc 0.9730 | val_f1 0.9840 | grad(main/disc) 12.731/1.571 | lr(main/disc) 3.50e-05/1.75e-05 | 26.7s
2026-08-21 15:52:54 | New best val_f1_macro_present: 0.9840 at epoch 26
2026-08-21 15:53:21 | Epoch 027/100 | loss 3.4321 | cls 1.6937 | tal -0.2083 | dual_g 1.8008 | dual_d 0.7718 | train_acc 0.8562 | train_full 0.9773 | val_acc 0.9730 | val_f1 0.9776 | grad(main/disc) 15.426/1.482 | lr(main/disc) 3.50e-05/1.75e-05 | 27.3s
2026-08-21 15:53:48 | Epoch 028/100 | loss 3.4103 | cls 1.6442 | tal -0.1649 | dual_g 1.8155 | dual_d 0.8314 | train_acc 0.9125 | train_full 0.9848 | val_acc 0.9459 | val_f1 0.9556 | grad(main/disc) 15.155/1.527 | lr(main/disc) 3.50e-05/1.75e-05 | 27.4s
2026-08-21 15:54:15 | Epoch 029/100 | loss 3.2382 | cls 1.5713 | tal -0.1557 | dual_g 1.7136 | dual_d 0.7973 | train_acc 0.9187 | train_full 0.9924 | val_acc 0.9459 | val_f1 0.9556 | grad(main/disc) 11.555/1.618 | lr(main/disc) 3.50e-05/1.75e-05 | 26.5s
2026-08-21 15:54:42 | Epoch 030/100 | loss 3.3551 | cls 1.6141 | tal -0.1017 | dual_g 1.7715 | dual_d 0.8212 | train_acc 0.9563 | train_full 0.9924 | val_acc 0.9730 | val_f1 0.9776 | grad(main/disc) 15.070/1.606 | lr(main/disc) 3.50e-05/1.75e-05 | 27.3s
2026-08-21 15:55:09 | Epoch 031/100 | loss 3.2029 | cls 1.5548 | tal -0.1701 | dual_g 1.6991 | dual_d 0.8339 | train_acc 0.9250 | train_full 0.9924 | val_acc 0.9730 | val_f1 0.9802 | grad(main/disc) 13.967/1.686 | lr(main/disc) 3.50e-05/1.75e-05 | 27.1s
2026-08-21 15:55:34 | Epoch 032/100 | loss 3.3101 | cls 1.6460 | tal -0.1567 | dual_g 1.7110 | dual_d 0.9007 | train_acc 0.8938 | train_full 0.9848 | val_acc 0.9730 | val_f1 0.9802 | grad(main/disc) 14.888/1.594 | lr(main/disc) 3.50e-05/1.75e-05 | 25.3s
2026-08-21 15:56:01 | Epoch 033/100 | loss 3.2513 | cls 1.5963 | tal -0.2071 | dual_g 1.7171 | dual_d 0.8272 | train_acc 0.9250 | train_full 0.9924 | val_acc 0.9459 | val_f1 0.9616 | grad(main/disc) 14.567/1.601 | lr(main/disc) 1.75e-05/8.75e-06 | 26.2s
2026-08-21 15:56:26 | Epoch 034/100 | loss 3.3100 | cls 1.6297 | tal -0.1889 | dual_g 1.7370 | dual_d 0.8232 | train_acc 0.9187 | train_full 1.0000 | val_acc 0.9730 | val_f1 0.9776 | grad(main/disc) 14.782/1.608 | lr(main/disc) 1.75e-05/8.75e-06 | 25.5s
2026-08-21 15:56:52 | Epoch 035/100 | loss 3.1616 | cls 1.5501 | tal -0.2190 | dual_g 1.6772 | dual_d 0.8535 | train_acc 0.9313 | train_full 1.0000 | val_acc 1.0000 | val_f1 1.0000 | grad(main/disc) 12.182/1.656 | lr(main/disc) 1.75e-05/8.75e-06 | 26.2s
2026-08-21 15:56:53 | New best val_f1_macro_present: 1.0000 at epoch 35
2026-08-21 15:57:19 | Epoch 036/100 | loss 3.2013 | cls 1.5997 | tal -0.2163 | dual_g 1.6665 | dual_d 0.7992 | train_acc 0.9313 | train_full 1.0000 | val_acc 0.9730 | val_f1 0.9802 | grad(main/disc) 12.607/1.525 | lr(main/disc) 1.75e-05/8.75e-06 | 26.4s
2026-08-21 15:57:45 | Epoch 037/100 | loss 3.0964 | cls 1.5216 | tal -0.1900 | dual_g 1.6318 | dual_d 0.8465 | train_acc 0.9625 | train_full 0.9924 | val_acc 0.9730 | val_f1 0.9802 | grad(main/disc) 12.411/1.552 | lr(main/disc) 1.75e-05/8.75e-06 | 25.9s
2026-08-21 15:58:12 | Epoch 038/100 | loss 3.2052 | cls 1.5985 | tal -0.1812 | dual_g 1.6611 | dual_d 0.8231 | train_acc 0.8750 | train_full 1.0000 | val_acc 1.0000 | val_f1 1.0000 | grad(main/disc) 12.788/1.582 | lr(main/disc) 1.75e-05/8.75e-06 | 27.0s
2026-08-21 15:58:37 | Epoch 039/100 | loss 3.2879 | cls 1.6116 | tal -0.1437 | dual_g 1.7194 | dual_d 0.8828 | train_acc 0.9250 | train_full 1.0000 | val_acc 1.0000 | val_f1 1.0000 | grad(main/disc) 13.704/1.646 | lr(main/disc) 1.75e-05/8.75e-06 | 25.5s
2026-08-21 15:59:04 | Epoch 040/100 | loss 3.3067 | cls 1.5813 | tal -0.1490 | dual_g 1.7702 | dual_d 0.9272 | train_acc 0.9437 | train_full 1.0000 | val_acc 1.0000 | val_f1 1.0000 | grad(main/disc) 15.222/1.636 | lr(main/disc) 1.75e-05/8.75e-06 | 26.5s
2026-08-21 15:59:30 | Epoch 041/100 | loss 3.1195 | cls 1.5346 | tal -0.1384 | dual_g 1.6264 | dual_d 0.9053 | train_acc 0.9250 | train_full 1.0000 | val_acc 1.0000 | val_f1 1.0000 | grad(main/disc) 13.320/1.673 | lr(main/disc) 1.75e-05/8.75e-06 | 26.2s
2026-08-21 15:59:57 | Epoch 042/100 | loss 3.1395 | cls 1.5658 | tal -0.1681 | dual_g 1.6241 | dual_d 0.8335 | train_acc 0.9563 | train_full 0.9924 | val_acc 1.0000 | val_f1 1.0000 | grad(main/disc) 13.873/1.566 | lr(main/disc) 8.75e-06/4.37e-06 | 26.8s
2026-08-21 16:00:23 | Epoch 043/100 | loss 3.0578 | cls 1.4969 | tal -0.1803 | dual_g 1.6150 | dual_d 0.8906 | train_acc 0.9500 | train_full 1.0000 | val_acc 1.0000 | val_f1 1.0000 | grad(main/disc) 11.140/1.625 | lr(main/disc) 8.75e-06/4.37e-06 | 26.0s
2026-08-21 16:00:50 | Epoch 044/100 | loss 3.0202 | cls 1.4716 | tal -0.2134 | dual_g 1.6127 | dual_d 0.9150 | train_acc 0.9437 | train_full 1.0000 | val_acc 0.9730 | val_f1 0.9840 | grad(main/disc) 11.239/1.607 | lr(main/disc) 8.75e-06/4.37e-06 | 27.5s
2026-08-21 16:00:50 | Early stopping at epoch 44 after 9 epochs without val_f1_macro_present improvement.
2026-08-21 16:00:50 | Training complete. Best validation accuracy: 1.0000 | best val_f1_macro_present: 1.0000
2026-08-21 16:00:50 | Starting Dual_D standalone training
2026-08-21 16:00:50 | Run directory: runs/module_c_ablation/module_c_no_identity_雾天_iter01_20260821_123733
2026-08-21 16:00:50 | Device: cuda
2026-08-21 16:00:50 | Source train samples: 992
2026-08-21 16:00:50 | Target train samples: 507
2026-08-21 16:00:50 | Target val samples: 132
2026-08-21 16:00:50 | Classes: 14
2026-08-21 16:00:50 | Data audit: same_dir=False | path_overlap(vis/ir/ais)=0/0/0 | content_overlap(vis/ir/ais)=0/0/0 | ais_index_overlap=0 | stem_mismatch(vis-ir/vis-ais)=630/0
2026-08-21 16:00:50 | source_train classes: present 14/14 | absent 0 | counts [0:120, 1:44, 2:69, 3:45, 4:40, 5:30, 6:64, 7:80, 8:116, 9:68, 10:57, 11:83, 12:48, 13:128]
2026-08-21 16:00:50 | target_train classes: present 9/14 | absent 5 | counts [0:35, 1:18, 2:119, 6:110, 8:25, 9:50, 10:48, 12:9, 13:93]
2026-08-21 16:00:50 | target_val classes: present 9/14 | absent 5 | counts [0:9, 1:5, 2:30, 6:28, 8:7, 9:13, 10:13, 12:3, 13:24]
2026-08-21 16:00:50 | Paired training classes: 9/14 | class ids [0, 1, 2, 6, 8, 9, 10, 12, 13]
2026-08-21 16:00:50 | VIS/IR pairing: class-level-unpaired | count-mismatch classes train/val: 10/2 | AIS alignment: none | AIS rows train/val: 0/0
2026-08-21 16:00:51 | Model parameters: total=17277714 | trainable=17120210
Starting run 7/12: domain=雾天, iteration=1, seed=48
2026-08-21 16:02:12 | Epoch 001/100 | loss 9.2531 | cls 4.7908 | tal 0.0530 | dual_g 4.4463 | dual_d 0.0000 | train_acc 0.1367 | train_full 0.2288 | val_acc 0.2045 | val_f1 0.1233 | grad(main/disc) 27.758/0.000 | lr(main/disc) 7.00e-05/3.50e-05 | 81.2s
2026-08-21 16:02:12 | New best val_f1_macro_present: 0.1233 at epoch 1
2026-08-21 16:03:31 | Epoch 002/100 | loss 7.4612 | cls 3.7996 | tal 0.0238 | dual_g 3.6544 | dual_d 0.0000 | train_acc 0.2422 | train_full 0.3925 | val_acc 0.3712 | val_f1 0.3382 | grad(main/disc) 22.327/0.000 | lr(main/disc) 7.00e-05/3.50e-05 | 78.2s
2026-08-21 16:03:31 | New best val_f1_macro_present: 0.3382 at epoch 2
2026-08-21 16:04:50 | Epoch 003/100 | loss 6.8156 | cls 3.4965 | tal -0.0461 | dual_g 3.3329 | dual_d 0.0000 | train_acc 0.2852 | train_full 0.4615 | val_acc 0.4318 | val_f1 0.4664 | grad(main/disc) 20.304/0.000 | lr(main/disc) 7.00e-05/3.50e-05 | 79.6s
2026-08-21 16:04:51 | New best val_f1_macro_present: 0.4664 at epoch 3
2026-08-21 16:06:09 | Epoch 004/100 | loss 6.3072 | cls 3.1948 | tal -0.0776 | dual_g 3.1357 | dual_d 0.0000 | train_acc 0.3574 | train_full 0.6174 | val_acc 0.5833 | val_f1 0.6168 | grad(main/disc) 19.902/0.000 | lr(main/disc) 7.00e-05/3.50e-05 | 77.8s
2026-08-21 16:06:09 | New best val_f1_macro_present: 0.6168 at epoch 4
2026-08-21 16:07:27 | Epoch 005/100 | loss 5.6946 | cls 2.8951 | tal -0.1021 | dual_g 2.8301 | dual_d 0.0000 | train_acc 0.4883 | train_full 0.6805 | val_acc 0.6364 | val_f1 0.6878 | grad(main/disc) 19.303/0.000 | lr(main/disc) 7.00e-05/3.50e-05 | 78.4s
2026-08-21 16:07:28 | New best val_f1_macro_present: 0.6878 at epoch 5
2026-08-21 16:08:49 | Epoch 006/100 | loss 5.1531 | cls 2.5318 | tal -0.0901 | dual_g 2.6483 | dual_d 0.9401 | train_acc 0.5762 | train_full 0.6529 | val_acc 0.6667 | val_f1 0.7069 | grad(main/disc) 19.900/1.997 | lr(main/disc) 7.00e-05/3.50e-05 | 81.1s
2026-08-21 16:08:49 | New best val_f1_macro_present: 0.7069 at epoch 6
2026-08-21 16:10:08 | Epoch 007/100 | loss 4.9335 | cls 2.4640 | tal -0.0716 | dual_g 2.4909 | dual_d 0.9292 | train_acc 0.5664 | train_full 0.8107 | val_acc 0.7879 | val_f1 0.7772 | grad(main/disc) 19.375/2.005 | lr(main/disc) 7.00e-05/3.50e-05 | 79.0s
2026-08-21 16:10:08 | New best val_f1_macro_present: 0.7772 at epoch 7
2026-08-21 16:11:30 | Epoch 008/100 | loss 4.6982 | cls 2.3282 | tal -0.1319 | dual_g 2.4095 | dual_d 0.8649 | train_acc 0.6543 | train_full 0.7732 | val_acc 0.7576 | val_f1 0.7616 | grad(main/disc) 19.836/1.884 | lr(main/disc) 7.00e-05/3.50e-05 | 81.1s
2026-08-21 16:12:50 | Epoch 009/100 | loss 4.3679 | cls 2.1591 | tal -0.1473 | dual_g 2.2530 | dual_d 0.8638 | train_acc 0.6758 | train_full 0.8166 | val_acc 0.7879 | val_f1 0.7948 | grad(main/disc) 19.303/1.826 | lr(main/disc) 7.00e-05/3.50e-05 | 80.4s
2026-08-21 16:12:50 | New best val_f1_macro_present: 0.7948 at epoch 9
2026-08-21 16:14:10 | Epoch 010/100 | loss 4.1630 | cls 2.0625 | tal -0.0906 | dual_g 2.1277 | dual_d 0.8022 | train_acc 0.7363 | train_full 0.8757 | val_acc 0.8409 | val_f1 0.8452 | grad(main/disc) 17.078/1.769 | lr(main/disc) 7.00e-05/3.50e-05 | 79.7s
2026-08-21 16:14:10 | New best val_f1_macro_present: 0.8452 at epoch 10
2026-08-21 16:15:30 | Epoch 011/100 | loss 3.9053 | cls 1.8964 | tal -0.0779 | dual_g 2.0323 | dual_d 0.7717 | train_acc 0.7715 | train_full 0.9034 | val_acc 0.9091 | val_f1 0.9257 | grad(main/disc) 17.099/1.725 | lr(main/disc) 7.00e-05/3.50e-05 | 79.6s
2026-08-21 16:15:30 | New best val_f1_macro_present: 0.9257 at epoch 11
2026-08-21 16:16:50 | Epoch 012/100 | loss 3.7017 | cls 1.7595 | tal -0.0825 | dual_g 1.9669 | dual_d 0.7665 | train_acc 0.8262 | train_full 0.8895 | val_acc 0.8409 | val_f1 0.8327 | grad(main/disc) 16.707/1.655 | lr(main/disc) 7.00e-05/3.50e-05 | 80.0s
2026-08-21 16:18:11 | Epoch 013/100 | loss 3.5968 | cls 1.7354 | tal -0.0774 | dual_g 1.8846 | dual_d 0.7431 | train_acc 0.8066 | train_full 0.9172 | val_acc 0.8939 | val_f1 0.8903 | grad(main/disc) 15.890/1.589 | lr(main/disc) 7.00e-05/3.50e-05 | 81.0s
2026-08-21 16:19:32 | Epoch 014/100 | loss 3.4377 | cls 1.6568 | tal -0.1200 | dual_g 1.8169 | dual_d 0.7480 | train_acc 0.8516 | train_full 0.9389 | val_acc 0.9167 | val_f1 0.8856 | grad(main/disc) 15.117/1.584 | lr(main/disc) 7.00e-05/3.50e-05 | 80.7s
2026-08-21 16:20:51 | Epoch 015/100 | loss 3.3595 | cls 1.6086 | tal -0.0577 | dual_g 1.7682 | dual_d 0.7433 | train_acc 0.8867 | train_full 0.9369 | val_acc 0.9242 | val_f1 0.9069 | grad(main/disc) 14.190/1.531 | lr(main/disc) 7.00e-05/3.50e-05 | 78.9s
2026-08-21 16:22:13 | Epoch 016/100 | loss 3.2413 | cls 1.5450 | tal -0.0682 | dual_g 1.7167 | dual_d 0.7572 | train_acc 0.9023 | train_full 0.9527 | val_acc 0.9394 | val_f1 0.9293 | grad(main/disc) 13.330/1.541 | lr(main/disc) 7.00e-05/3.50e-05 | 81.8s
2026-08-21 16:22:13 | New best val_f1_macro_present: 0.9293 at epoch 16
2026-08-21 16:23:31 | Epoch 017/100 | loss 3.2735 | cls 1.5925 | tal -0.0922 | dual_g 1.7087 | dual_d 0.7844 | train_acc 0.9082 | train_full 0.9665 | val_acc 0.9697 | val_f1 0.9672 | grad(main/disc) 14.324/1.555 | lr(main/disc) 7.00e-05/3.50e-05 | 78.2s
2026-08-21 16:23:31 | New best val_f1_macro_present: 0.9672 at epoch 17
2026-08-21 16:24:54 | Epoch 018/100 | loss 3.1427 | cls 1.5142 | tal -0.0754 | dual_g 1.6512 | dual_d 0.7816 | train_acc 0.9414 | train_full 0.9389 | val_acc 0.9394 | val_f1 0.9255 | grad(main/disc) 12.797/1.535 | lr(main/disc) 7.00e-05/3.50e-05 | 82.7s
2026-08-21 16:26:12 | Epoch 019/100 | loss 3.0891 | cls 1.4810 | tal -0.0701 | dual_g 1.6291 | dual_d 0.7868 | train_acc 0.9297 | train_full 0.9566 | val_acc 0.9545 | val_f1 0.9576 | grad(main/disc) 11.949/1.507 | lr(main/disc) 7.00e-05/3.50e-05 | 77.8s
2026-08-21 16:27:35 | Epoch 020/100 | loss 3.0575 | cls 1.4670 | tal -0.0365 | dual_g 1.6015 | dual_d 0.8098 | train_acc 0.9355 | train_full 0.9763 | val_acc 0.9697 | val_f1 0.9730 | grad(main/disc) 11.618/1.517 | lr(main/disc) 7.00e-05/3.50e-05 | 83.5s
2026-08-21 16:27:36 | New best val_f1_macro_present: 0.9730 at epoch 20
2026-08-21 16:28:56 | Epoch 021/100 | loss 2.9758 | cls 1.4371 | tal -0.0986 | dual_g 1.5683 | dual_d 0.8192 | train_acc 0.9551 | train_full 0.9704 | val_acc 0.9470 | val_f1 0.9347 | grad(main/disc) 11.447/1.502 | lr(main/disc) 7.00e-05/3.50e-05 | 79.8s
2026-08-21 16:30:18 | Epoch 022/100 | loss 2.8882 | cls 1.4113 | tal -0.1829 | dual_g 1.5318 | dual_d 0.8605 | train_acc 0.9551 | train_full 0.9822 | val_acc 0.9773 | val_f1 0.9768 | grad(main/disc) 9.794/1.524 | lr(main/disc) 7.00e-05/3.50e-05 | 82.8s
2026-08-21 16:30:19 | New best val_f1_macro_present: 0.9768 at epoch 22
2026-08-21 16:31:41 | Epoch 023/100 | loss 2.8897 | cls 1.4115 | tal -0.2137 | dual_g 1.5424 | dual_d 0.8698 | train_acc 0.9570 | train_full 0.9822 | val_acc 0.9697 | val_f1 0.9717 | grad(main/disc) 9.811/1.535 | lr(main/disc) 7.00e-05/3.50e-05 | 81.8s
2026-08-21 16:33:00 | Epoch 024/100 | loss 2.8643 | cls 1.4103 | tal -0.2320 | dual_g 1.5236 | dual_d 0.9022 | train_acc 0.9531 | train_full 0.9901 | val_acc 0.9773 | val_f1 0.9773 | grad(main/disc) 10.255/1.527 | lr(main/disc) 7.00e-05/3.50e-05 | 80.0s
2026-08-21 16:34:23 | Epoch 025/100 | loss 2.8741 | cls 1.3860 | tal -0.1576 | dual_g 1.5354 | dual_d 0.8705 | train_acc 0.9668 | train_full 0.9882 | val_acc 0.9773 | val_f1 0.9773 | grad(main/disc) 9.675/1.462 | lr(main/disc) 7.00e-05/3.50e-05 | 82.0s
2026-08-21 16:35:42 | Epoch 026/100 | loss 2.8409 | cls 1.4011 | tal -0.2710 | dual_g 1.5211 | dual_d 0.9393 | train_acc 0.9531 | train_full 0.9941 | val_acc 0.9621 | val_f1 0.9513 | grad(main/disc) 10.247/1.538 | lr(main/disc) 7.00e-05/3.50e-05 | 79.6s
2026-08-21 16:37:02 | Epoch 027/100 | loss 2.7865 | cls 1.3571 | tal -0.2328 | dual_g 1.4992 | dual_d 0.9312 | train_acc 0.9766 | train_full 0.9921 | val_acc 0.9848 | val_f1 0.9830 | grad(main/disc) 8.443/1.498 | lr(main/disc) 7.00e-05/3.50e-05 | 80.1s
2026-08-21 16:37:03 | New best val_f1_macro_present: 0.9830 at epoch 27
2026-08-21 16:38:22 | Epoch 028/100 | loss 2.7649 | cls 1.3543 | tal -0.2140 | dual_g 1.4748 | dual_d 0.9815 | train_acc 0.9629 | train_full 0.9901 | val_acc 0.9697 | val_f1 0.9652 | grad(main/disc) 8.271/1.553 | lr(main/disc) 7.00e-05/3.50e-05 | 79.9s
2026-08-21 16:39:43 | Epoch 029/100 | loss 2.6807 | cls 1.3219 | tal -0.2603 | dual_g 1.4370 | dual_d 0.9918 | train_acc 0.9766 | train_full 0.9822 | val_acc 0.9773 | val_f1 0.9773 | grad(main/disc) 7.185/1.528 | lr(main/disc) 7.00e-05/3.50e-05 | 80.2s
2026-08-21 16:41:03 | Epoch 030/100 | loss 2.7086 | cls 1.3460 | tal -0.2572 | dual_g 1.4398 | dual_d 0.9905 | train_acc 0.9707 | train_full 0.9961 | val_acc 0.9697 | val_f1 0.9652 | grad(main/disc) 7.873/1.515 | lr(main/disc) 7.00e-05/3.50e-05 | 79.9s
2026-08-21 16:42:23 | Epoch 031/100 | loss 2.6392 | cls 1.3052 | tal -0.2685 | dual_g 1.4146 | dual_d 1.0351 | train_acc 0.9785 | train_full 0.9842 | val_acc 0.9848 | val_f1 0.9830 | grad(main/disc) 6.968/1.534 | lr(main/disc) 7.00e-05/3.50e-05 | 80.1s
2026-08-21 16:43:43 | Epoch 032/100 | loss 2.5990 | cls 1.2848 | tal -0.2373 | dual_g 1.3854 | dual_d 1.0478 | train_acc 0.9922 | train_full 0.9941 | val_acc 0.9848 | val_f1 0.9832 | grad(main/disc) 6.002/1.517 | lr(main/disc) 7.00e-05/3.50e-05 | 80.4s
2026-08-21 16:45:01 | Epoch 033/100 | loss 2.6306 | cls 1.3059 | tal -0.2514 | dual_g 1.4001 | dual_d 1.0169 | train_acc 0.9805 | train_full 0.9941 | val_acc 0.9621 | val_f1 0.9610 | grad(main/disc) 6.871/1.505 | lr(main/disc) 7.00e-05/3.50e-05 | 78.4s
2026-08-21 16:46:22 | Epoch 034/100 | loss 2.5823 | cls 1.2942 | tal -0.2944 | dual_g 1.3764 | dual_d 1.0361 | train_acc 0.9844 | train_full 0.9961 | val_acc 0.9848 | val_f1 0.9830 | grad(main/disc) 6.761/1.481 | lr(main/disc) 7.00e-05/3.50e-05 | 80.2s
2026-08-21 16:47:39 | Epoch 035/100 | loss 2.5599 | cls 1.2806 | tal -0.2536 | dual_g 1.3554 | dual_d 1.0919 | train_acc 0.9883 | train_full 0.9961 | val_acc 0.9773 | val_f1 0.9773 | grad(main/disc) 5.964/1.564 | lr(main/disc) 7.00e-05/3.50e-05 | 77.7s
2026-08-21 16:49:01 | Epoch 036/100 | loss 2.5340 | cls 1.2699 | tal -0.2546 | dual_g 1.3405 | dual_d 1.0280 | train_acc 0.9902 | train_full 0.9961 | val_acc 0.9773 | val_f1 0.9710 | grad(main/disc) 5.507/1.503 | lr(main/disc) 7.00e-05/3.50e-05 | 81.9s
2026-08-21 16:49:01 | Early stopping at epoch 36 after 9 epochs without val_f1_macro_present improvement.
2026-08-21 16:49:01 | Training complete. Best validation accuracy: 0.9848 | best val_f1_macro_present: 0.9830
2026-08-21 16:49:01 | Starting Dual_D standalone training
2026-08-21 16:49:01 | Run directory: runs/module_c_ablation/module_c_no_identity_雾天_iter02_20260821_123733
2026-08-21 16:49:01 | Device: cuda
2026-08-21 16:49:01 | Source train samples: 992
2026-08-21 16:49:01 | Target train samples: 507
2026-08-21 16:49:01 | Target val samples: 132
2026-08-21 16:49:01 | Classes: 14
2026-08-21 16:49:01 | Data audit: same_dir=False | path_overlap(vis/ir/ais)=0/0/0 | content_overlap(vis/ir/ais)=0/0/0 | ais_index_overlap=0 | stem_mismatch(vis-ir/vis-ais)=630/0
2026-08-21 16:49:01 | source_train classes: present 14/14 | absent 0 | counts [0:120, 1:44, 2:69, 3:45, 4:40, 5:30, 6:64, 7:80, 8:116, 9:68, 10:57, 11:83, 12:48, 13:128]
2026-08-21 16:49:01 | target_train classes: present 9/14 | absent 5 | counts [0:35, 1:18, 2:119, 6:110, 8:25, 9:50, 10:48, 12:9, 13:93]
2026-08-21 16:49:01 | target_val classes: present 9/14 | absent 5 | counts [0:9, 1:5, 2:30, 6:28, 8:7, 9:13, 10:13, 12:3, 13:24]
2026-08-21 16:49:01 | Paired training classes: 9/14 | class ids [0, 1, 2, 6, 8, 9, 10, 12, 13]
2026-08-21 16:49:01 | VIS/IR pairing: class-level-unpaired | count-mismatch classes train/val: 10/2 | AIS alignment: none | AIS rows train/val: 0/0
2026-08-21 16:49:02 | Model parameters: total=17277714 | trainable=17120210
Starting run 8/12: domain=雾天, iteration=2, seed=49
2026-08-21 16:50:23 | Epoch 001/100 | loss 8.9261 | cls 4.6470 | tal -0.2263 | dual_g 4.3471 | dual_d 0.0000 | train_acc 0.1094 | train_full 0.2426 | val_acc 0.2273 | val_f1 0.1251 | grad(main/disc) 26.526/0.000 | lr(main/disc) 7.00e-05/3.50e-05 | 80.4s
2026-08-21 16:50:23 | New best val_f1_macro_present: 0.1251 at epoch 1
2026-08-21 16:51:41 | Epoch 002/100 | loss 7.5280 | cls 3.8465 | tal -0.0695 | dual_g 3.7024 | dual_d 0.0000 | train_acc 0.2031 | train_full 0.4892 | val_acc 0.4470 | val_f1 0.3682 | grad(main/disc) 21.690/0.000 | lr(main/disc) 7.00e-05/3.50e-05 | 78.2s
2026-08-21 16:51:42 | New best val_f1_macro_present: 0.3682 at epoch 2
2026-08-21 16:53:03 | Epoch 003/100 | loss 6.5907 | cls 3.3187 | tal -0.0317 | dual_g 3.2816 | dual_d 0.0000 | train_acc 0.3125 | train_full 0.5917 | val_acc 0.5758 | val_f1 0.5288 | grad(main/disc) 20.001/0.000 | lr(main/disc) 7.00e-05/3.50e-05 | 81.4s
2026-08-21 16:53:03 | New best val_f1_macro_present: 0.5288 at epoch 3
2026-08-21 16:54:24 | Epoch 004/100 | loss 6.1567 | cls 3.0912 | tal 0.0302 | dual_g 3.0564 | dual_d 0.0000 | train_acc 0.3945 | train_full 0.6982 | val_acc 0.6591 | val_f1 0.6014 | grad(main/disc) 20.100/0.000 | lr(main/disc) 7.00e-05/3.50e-05 | 80.7s
2026-08-21 16:54:24 | New best val_f1_macro_present: 0.6014 at epoch 4
2026-08-21 16:55:42 | Epoch 005/100 | loss 5.5870 | cls 2.8161 | tal -0.1181 | dual_g 2.8063 | dual_d 0.0000 | train_acc 0.4219 | train_full 0.6785 | val_acc 0.6439 | val_f1 0.6377 | grad(main/disc) 20.069/0.000 | lr(main/disc) 7.00e-05/3.50e-05 | 78.1s
2026-08-21 16:55:43 | New best val_f1_macro_present: 0.6377 at epoch 5
2026-08-21 16:57:02 | Epoch 006/100 | loss 5.2329 | cls 2.5866 | tal -0.0214 | dual_g 2.6527 | dual_d 0.7821 | train_acc 0.5156 | train_full 0.7515 | val_acc 0.7273 | val_f1 0.7359 | grad(main/disc) 20.137/1.655 | lr(main/disc) 7.00e-05/3.50e-05 | 79.4s
2026-08-21 16:57:03 | New best val_f1_macro_present: 0.7359 at epoch 6
2026-08-21 16:58:25 | Epoch 007/100 | loss 4.9671 | cls 2.4813 | tal -0.0220 | dual_g 2.4924 | dual_d 0.7591 | train_acc 0.5156 | train_full 0.7732 | val_acc 0.7803 | val_f1 0.7617 | grad(main/disc) 20.708/1.611 | lr(main/disc) 7.00e-05/3.50e-05 | 82.0s
2026-08-21 16:58:25 | New best val_f1_macro_present: 0.7617 at epoch 7
2026-08-21 16:59:43 | Epoch 008/100 | loss 4.6085 | cls 2.2628 | tal -0.0059 | dual_g 2.3474 | dual_d 0.7253 | train_acc 0.6875 | train_full 0.8540 | val_acc 0.8182 | val_f1 0.8194 | grad(main/disc) 19.234/1.567 | lr(main/disc) 7.00e-05/3.50e-05 | 78.3s
2026-08-21 16:59:44 | New best val_f1_macro_present: 0.8194 at epoch 8
2026-08-21 17:01:05 | Epoch 009/100 | loss 4.3060 | cls 2.1146 | tal -0.0588 | dual_g 2.2091 | dual_d 0.7101 | train_acc 0.6895 | train_full 0.8540 | val_acc 0.8333 | val_f1 0.8093 | grad(main/disc) 18.261/1.482 | lr(main/disc) 7.00e-05/3.50e-05 | 81.4s
2026-08-21 17:02:25 | Epoch 010/100 | loss 4.1410 | cls 1.9950 | tal -0.0822 | dual_g 2.1707 | dual_d 0.6935 | train_acc 0.7188 | train_full 0.8422 | val_acc 0.8030 | val_f1 0.7984 | grad(main/disc) 18.845/1.457 | lr(main/disc) 7.00e-05/3.50e-05 | 79.9s
2026-08-21 17:03:45 | Epoch 011/100 | loss 4.0571 | cls 1.9737 | tal -0.0424 | dual_g 2.0960 | dual_d 0.6675 | train_acc 0.7539 | train_full 0.8679 | val_acc 0.8485 | val_f1 0.8414 | grad(main/disc) 17.460/1.402 | lr(main/disc) 7.00e-05/3.50e-05 | 80.4s
2026-08-21 17:03:46 | New best val_f1_macro_present: 0.8414 at epoch 11
2026-08-21 17:05:05 | Epoch 012/100 | loss 3.8287 | cls 1.8465 | tal -0.0241 | dual_g 1.9894 | dual_d 0.6845 | train_acc 0.7891 | train_full 0.8895 | val_acc 0.9167 | val_f1 0.9172 | grad(main/disc) 16.723/1.449 | lr(main/disc) 7.00e-05/3.50e-05 | 79.6s
2026-08-21 17:05:06 | New best val_f1_macro_present: 0.9172 at epoch 12
2026-08-21 17:06:27 | Epoch 013/100 | loss 3.7020 | cls 1.7661 | tal 0.0229 | dual_g 1.9290 | dual_d 0.6509 | train_acc 0.8242 | train_full 0.9250 | val_acc 0.9318 | val_f1 0.9374 | grad(main/disc) 16.771/1.341 | lr(main/disc) 7.00e-05/3.50e-05 | 81.1s
2026-08-21 17:06:27 | New best val_f1_macro_present: 0.9374 at epoch 13
2026-08-21 17:07:48 | Epoch 014/100 | loss 3.5749 | cls 1.7302 | tal -0.0221 | dual_g 1.8513 | dual_d 0.6364 | train_acc 0.8262 | train_full 0.9211 | val_acc 0.8939 | val_f1 0.8883 | grad(main/disc) 15.631/1.265 | lr(main/disc) 7.00e-05/3.50e-05 | 81.1s
2026-08-21 17:09:09 | Epoch 015/100 | loss 3.4862 | cls 1.6893 | tal -0.1013 | dual_g 1.8273 | dual_d 0.6400 | train_acc 0.8535 | train_full 0.9606 | val_acc 0.9394 | val_f1 0.9413 | grad(main/disc) 15.544/1.278 | lr(main/disc) 7.00e-05/3.50e-05 | 81.0s
2026-08-21 17:09:09 | New best val_f1_macro_present: 0.9413 at epoch 15
2026-08-21 17:10:27 | Epoch 016/100 | loss 3.3461 | cls 1.6069 | tal -0.1099 | dual_g 1.7722 | dual_d 0.6637 | train_acc 0.8984 | train_full 0.9645 | val_acc 0.9621 | val_f1 0.9544 | grad(main/disc) 14.711/1.335 | lr(main/disc) 7.00e-05/3.50e-05 | 78.0s
2026-08-21 17:10:28 | New best val_f1_macro_present: 0.9544 at epoch 16
2026-08-21 17:11:49 | Epoch 017/100 | loss 3.3078 | cls 1.5954 | tal -0.0653 | dual_g 1.7320 | dual_d 0.6557 | train_acc 0.8906 | train_full 0.9349 | val_acc 0.9470 | val_f1 0.9442 | grad(main/disc) 13.681/1.263 | lr(main/disc) 7.00e-05/3.50e-05 | 80.9s
2026-08-21 17:13:09 | Epoch 018/100 | loss 3.1865 | cls 1.5331 | tal -0.1064 | dual_g 1.6853 | dual_d 0.7204 | train_acc 0.9238 | train_full 0.9586 | val_acc 0.9394 | val_f1 0.9351 | grad(main/disc) 12.314/1.314 | lr(main/disc) 7.00e-05/3.50e-05 | 80.8s
2026-08-21 17:14:27 | Epoch 019/100 | loss 3.1973 | cls 1.5587 | tal -0.1024 | dual_g 1.6693 | dual_d 0.7279 | train_acc 0.9082 | train_full 0.9645 | val_acc 0.9697 | val_f1 0.9717 | grad(main/disc) 12.636/1.345 | lr(main/disc) 7.00e-05/3.50e-05 | 77.3s
2026-08-21 17:14:27 | New best val_f1_macro_present: 0.9717 at epoch 19
2026-08-21 17:15:44 | Epoch 020/100 | loss 3.0799 | cls 1.4967 | tal -0.1135 | dual_g 1.6172 | dual_d 0.7477 | train_acc 0.9395 | train_full 0.9704 | val_acc 0.9470 | val_f1 0.9497 | grad(main/disc) 11.306/1.333 | lr(main/disc) 7.00e-05/3.50e-05 | 77.0s
2026-08-21 17:17:02 | Epoch 021/100 | loss 3.0532 | cls 1.4698 | tal -0.1260 | dual_g 1.6212 | dual_d 0.7817 | train_acc 0.9238 | train_full 0.9744 | val_acc 0.9394 | val_f1 0.9401 | grad(main/disc) 11.683/1.365 | lr(main/disc) 7.00e-05/3.50e-05 | 78.0s
2026-08-21 17:18:22 | Epoch 022/100 | loss 2.9825 | cls 1.4163 | tal -0.0968 | dual_g 1.5953 | dual_d 0.8063 | train_acc 0.9492 | train_full 0.9763 | val_acc 0.9773 | val_f1 0.9768 | grad(main/disc) 10.569/1.442 | lr(main/disc) 7.00e-05/3.50e-05 | 79.8s
2026-08-21 17:18:22 | New best val_f1_macro_present: 0.9768 at epoch 22
2026-08-21 17:19:43 | Epoch 023/100 | loss 2.9358 | cls 1.4147 | tal -0.0951 | dual_g 1.5497 | dual_d 0.7630 | train_acc 0.9707 | train_full 0.9783 | val_acc 0.9621 | val_f1 0.9631 | grad(main/disc) 9.462/1.324 | lr(main/disc) 7.00e-05/3.50e-05 | 81.0s
2026-08-21 17:21:04 | Epoch 024/100 | loss 2.9272 | cls 1.4109 | tal -0.0888 | dual_g 1.5430 | dual_d 0.8190 | train_acc 0.9590 | train_full 0.9901 | val_acc 0.9848 | val_f1 0.9828 | grad(main/disc) 10.257/1.359 | lr(main/disc) 7.00e-05/3.50e-05 | 80.3s
2026-08-21 17:21:04 | New best val_f1_macro_present: 0.9828 at epoch 24
2026-08-21 17:22:24 | Epoch 025/100 | loss 2.8795 | cls 1.4069 | tal -0.0938 | dual_g 1.5008 | dual_d 0.8376 | train_acc 0.9531 | train_full 0.9882 | val_acc 0.9697 | val_f1 0.9707 | grad(main/disc) 9.336/1.377 | lr(main/disc) 7.00e-05/3.50e-05 | 79.7s
2026-08-21 17:23:44 | Epoch 026/100 | loss 2.8342 | cls 1.3777 | tal -0.0849 | dual_g 1.4819 | dual_d 0.8699 | train_acc 0.9648 | train_full 0.9822 | val_acc 0.9697 | val_f1 0.9698 | grad(main/disc) 8.534/1.388 | lr(main/disc) 7.00e-05/3.50e-05 | 80.7s
2026-08-21 17:25:04 | Epoch 027/100 | loss 2.8110 | cls 1.3765 | tal -0.1326 | dual_g 1.4743 | dual_d 0.8904 | train_acc 0.9609 | train_full 0.9921 | val_acc 0.9773 | val_f1 0.9768 | grad(main/disc) 8.785/1.368 | lr(main/disc) 7.00e-05/3.50e-05 | 79.3s
2026-08-21 17:26:22 | Epoch 028/100 | loss 2.8041 | cls 1.3565 | tal -0.0856 | dual_g 1.4733 | dual_d 0.9546 | train_acc 0.9824 | train_full 0.9744 | val_acc 0.9697 | val_f1 0.9711 | grad(main/disc) 8.507/1.424 | lr(main/disc) 7.00e-05/3.50e-05 | 78.8s
2026-08-21 17:27:45 | Epoch 029/100 | loss 2.7298 | cls 1.3342 | tal -0.1253 | dual_g 1.4332 | dual_d 0.9210 | train_acc 0.9805 | train_full 0.9901 | val_acc 0.9773 | val_f1 0.9771 | grad(main/disc) 7.658/1.414 | lr(main/disc) 7.00e-05/3.50e-05 | 82.7s
2026-08-21 17:29:05 | Epoch 030/100 | loss 2.7262 | cls 1.3303 | tal -0.1296 | dual_g 1.4348 | dual_d 0.9583 | train_acc 0.9844 | train_full 0.9822 | val_acc 0.9848 | val_f1 0.9832 | grad(main/disc) 7.567/1.449 | lr(main/disc) 7.00e-05/3.50e-05 | 80.3s
2026-08-21 17:30:25 | Epoch 031/100 | loss 2.7202 | cls 1.3246 | tal -0.1322 | dual_g 1.4353 | dual_d 0.9392 | train_acc 0.9844 | train_full 0.9763 | val_acc 0.9697 | val_f1 0.9673 | grad(main/disc) 8.568/1.388 | lr(main/disc) 7.00e-05/3.50e-05 | 80.0s
2026-08-21 17:31:49 | Epoch 032/100 | loss 2.6896 | cls 1.3279 | tal -0.1707 | dual_g 1.4129 | dual_d 0.9982 | train_acc 0.9766 | train_full 0.9921 | val_acc 0.9848 | val_f1 0.9832 | grad(main/disc) 7.169/1.435 | lr(main/disc) 7.00e-05/3.50e-05 | 83.4s
2026-08-21 17:33:08 | Epoch 033/100 | loss 2.6708 | cls 1.3118 | tal -0.1233 | dual_g 1.3960 | dual_d 0.9855 | train_acc 0.9785 | train_full 0.9921 | val_acc 0.9848 | val_f1 0.9830 | grad(main/disc) 6.713/1.439 | lr(main/disc) 7.00e-05/3.50e-05 | 79.3s
2026-08-21 17:33:08 | Early stopping at epoch 33 after 9 epochs without val_f1_macro_present improvement.
2026-08-21 17:33:08 | Training complete. Best validation accuracy: 0.9848 | best val_f1_macro_present: 0.9828
2026-08-21 17:33:08 | Starting Dual_D standalone training
2026-08-21 17:33:08 | Run directory: runs/module_c_ablation/module_c_no_identity_雾天_iter03_20260821_123733
2026-08-21 17:33:08 | Device: cuda
2026-08-21 17:33:08 | Source train samples: 992
2026-08-21 17:33:08 | Target train samples: 507
2026-08-21 17:33:08 | Target val samples: 132
2026-08-21 17:33:08 | Classes: 14
2026-08-21 17:33:08 | Data audit: same_dir=False | path_overlap(vis/ir/ais)=0/0/0 | content_overlap(vis/ir/ais)=0/0/0 | ais_index_overlap=0 | stem_mismatch(vis-ir/vis-ais)=630/0
2026-08-21 17:33:08 | source_train classes: present 14/14 | absent 0 | counts [0:120, 1:44, 2:69, 3:45, 4:40, 5:30, 6:64, 7:80, 8:116, 9:68, 10:57, 11:83, 12:48, 13:128]
2026-08-21 17:33:08 | target_train classes: present 9/14 | absent 5 | counts [0:35, 1:18, 2:119, 6:110, 8:25, 9:50, 10:48, 12:9, 13:93]
2026-08-21 17:33:08 | target_val classes: present 9/14 | absent 5 | counts [0:9, 1:5, 2:30, 6:28, 8:7, 9:13, 10:13, 12:3, 13:24]
2026-08-21 17:33:08 | Paired training classes: 9/14 | class ids [0, 1, 2, 6, 8, 9, 10, 12, 13]
2026-08-21 17:33:08 | VIS/IR pairing: class-level-unpaired | count-mismatch classes train/val: 10/2 | AIS alignment: none | AIS rows train/val: 0/0
2026-08-21 17:33:09 | Model parameters: total=17277714 | trainable=17120210
Starting run 9/12: domain=雾天, iteration=3, seed=50
2026-08-21 17:34:29 | Epoch 001/100 | loss 9.3062 | cls 4.8362 | tal -0.0843 | dual_g 4.4954 | dual_d 0.0000 | train_acc 0.1230 | train_full 0.1223 | val_acc 0.1061 | val_f1 0.0646 | grad(main/disc) 27.231/0.000 | lr(main/disc) 7.00e-05/3.50e-05 | 79.6s
2026-08-21 17:34:29 | New best val_f1_macro_present: 0.0646 at epoch 1
2026-08-21 17:35:49 | Epoch 002/100 | loss 7.6345 | cls 3.9131 | tal -0.0788 | dual_g 3.7450 | dual_d 0.0000 | train_acc 0.2168 | train_full 0.3235 | val_acc 0.3106 | val_f1 0.3200 | grad(main/disc) 21.462/0.000 | lr(main/disc) 7.00e-05/3.50e-05 | 80.5s
2026-08-21 17:35:50 | New best val_f1_macro_present: 0.3200 at epoch 2
2026-08-21 17:37:10 | Epoch 003/100 | loss 6.7599 | cls 3.4712 | tal -0.2070 | dual_g 3.3508 | dual_d 0.0000 | train_acc 0.2676 | train_full 0.4241 | val_acc 0.3712 | val_f1 0.3179 | grad(main/disc) 19.826/0.000 | lr(main/disc) 7.00e-05/3.50e-05 | 80.1s
2026-08-21 17:38:29 | Epoch 004/100 | loss 6.0299 | cls 3.0873 | tal -0.2431 | dual_g 3.0156 | dual_d 0.0000 | train_acc 0.3887 | train_full 0.4951 | val_acc 0.4924 | val_f1 0.4628 | grad(main/disc) 18.902/0.000 | lr(main/disc) 7.00e-05/3.50e-05 | 78.9s
2026-08-21 17:38:29 | New best val_f1_macro_present: 0.4628 at epoch 4
2026-08-21 17:39:51 | Epoch 005/100 | loss 5.6221 | cls 2.8566 | tal -0.1976 | dual_g 2.8248 | dual_d 0.0000 | train_acc 0.4238 | train_full 0.5740 | val_acc 0.5227 | val_f1 0.5194 | grad(main/disc) 19.679/0.000 | lr(main/disc) 7.00e-05/3.50e-05 | 82.2s
2026-08-21 17:39:52 | New best val_f1_macro_present: 0.5194 at epoch 5
2026-08-21 17:41:13 | Epoch 006/100 | loss 5.2171 | cls 2.6213 | tal -0.1788 | dual_g 2.6495 | dual_d 0.8031 | train_acc 0.4922 | train_full 0.8067 | val_acc 0.7576 | val_f1 0.7521 | grad(main/disc) 19.756/1.817 | lr(main/disc) 7.00e-05/3.50e-05 | 81.6s
2026-08-21 17:41:14 | New best val_f1_macro_present: 0.7521 at epoch 6
2026-08-21 17:42:36 | Epoch 007/100 | loss 4.9093 | cls 2.4228 | tal -0.1328 | dual_g 2.5263 | dual_d 0.7351 | train_acc 0.5371 | train_full 0.7061 | val_acc 0.6515 | val_f1 0.6317 | grad(main/disc) 20.162/1.644 | lr(main/disc) 7.00e-05/3.50e-05 | 82.9s
2026-08-21 17:43:59 | Epoch 008/100 | loss 4.4931 | cls 2.2549 | tal -0.2124 | dual_g 2.3019 | dual_d 0.7087 | train_acc 0.6445 | train_full 0.7830 | val_acc 0.7727 | val_f1 0.7995 | grad(main/disc) 19.467/1.568 | lr(main/disc) 7.00e-05/3.50e-05 | 82.3s
2026-08-21 17:43:59 | New best val_f1_macro_present: 0.7995 at epoch 8
2026-08-21 17:45:20 | Epoch 009/100 | loss 4.3511 | cls 2.1652 | tal -0.2304 | dual_g 2.2550 | dual_d 0.6759 | train_acc 0.6758 | train_full 0.8619 | val_acc 0.7955 | val_f1 0.8060 | grad(main/disc) 20.102/1.523 | lr(main/disc) 7.00e-05/3.50e-05 | 80.8s
2026-08-21 17:45:20 | New best val_f1_macro_present: 0.8060 at epoch 9
2026-08-21 17:46:42 | Epoch 010/100 | loss 4.1348 | cls 2.0417 | tal -0.1743 | dual_g 2.1454 | dual_d 0.6804 | train_acc 0.7363 | train_full 0.8107 | val_acc 0.7424 | val_f1 0.7159 | grad(main/disc) 19.459/1.464 | lr(main/disc) 7.00e-05/3.50e-05 | 81.3s
2026-08-21 17:48:02 | Epoch 011/100 | loss 4.0144 | cls 1.9754 | tal -0.1308 | dual_g 2.0783 | dual_d 0.6695 | train_acc 0.7441 | train_full 0.9369 | val_acc 0.8333 | val_f1 0.8607 | grad(main/disc) 18.518/1.425 | lr(main/disc) 7.00e-05/3.50e-05 | 80.6s
2026-08-21 17:48:03 | New best val_f1_macro_present: 0.8607 at epoch 11
2026-08-21 17:49:23 | Epoch 012/100 | loss 3.6671 | cls 1.7817 | tal -0.1655 | dual_g 1.9351 | dual_d 0.6305 | train_acc 0.8066 | train_full 0.8895 | val_acc 0.8182 | val_f1 0.8195 | grad(main/disc) 16.009/1.388 | lr(main/disc) 7.00e-05/3.50e-05 | 80.2s
2026-08-21 17:50:47 | Epoch 013/100 | loss 3.6181 | cls 1.7389 | tal -0.1383 | dual_g 1.9207 | dual_d 0.6404 | train_acc 0.8340 | train_full 0.9428 | val_acc 0.8788 | val_f1 0.8580 | grad(main/disc) 16.340/1.343 | lr(main/disc) 7.00e-05/3.50e-05 | 83.8s
2026-08-21 17:52:05 | Epoch 014/100 | loss 3.5103 | cls 1.7053 | tal -0.1456 | dual_g 1.8487 | dual_d 0.6528 | train_acc 0.8496 | train_full 0.9211 | val_acc 0.8939 | val_f1 0.8814 | grad(main/disc) 15.366/1.343 | lr(main/disc) 7.00e-05/3.50e-05 | 78.8s
2026-08-21 17:52:06 | New best val_f1_macro_present: 0.8814 at epoch 14
2026-08-21 17:53:24 | Epoch 015/100 | loss 3.3745 | cls 1.6403 | tal -0.2082 | dual_g 1.7967 | dual_d 0.6608 | train_acc 0.8711 | train_full 0.9448 | val_acc 0.8864 | val_f1 0.8790 | grad(main/disc) 14.504/1.318 | lr(main/disc) 7.00e-05/3.50e-05 | 78.1s
2026-08-21 17:54:42 | Epoch 016/100 | loss 3.2534 | cls 1.5899 | tal -0.2253 | dual_g 1.7312 | dual_d 0.6811 | train_acc 0.9004 | train_full 0.9546 | val_acc 0.9015 | val_f1 0.8864 | grad(main/disc) 13.718/1.355 | lr(main/disc) 7.00e-05/3.50e-05 | 78.1s
2026-08-21 17:54:42 | New best val_f1_macro_present: 0.8864 at epoch 16
2026-08-21 17:56:03 | Epoch 017/100 | loss 3.1540 | cls 1.5242 | tal -0.1799 | dual_g 1.6838 | dual_d 0.6467 | train_acc 0.9082 | train_full 0.9842 | val_acc 0.9545 | val_f1 0.9633 | grad(main/disc) 12.574/1.275 | lr(main/disc) 7.00e-05/3.50e-05 | 81.2s
2026-08-21 17:56:04 | New best val_f1_macro_present: 0.9633 at epoch 17
2026-08-21 17:57:23 | Epoch 018/100 | loss 3.1098 | cls 1.5137 | tal -0.1780 | dual_g 1.6495 | dual_d 0.7186 | train_acc 0.9258 | train_full 0.9744 | val_acc 0.9470 | val_f1 0.9517 | grad(main/disc) 13.058/1.324 | lr(main/disc) 7.00e-05/3.50e-05 | 78.9s
2026-08-21 17:58:41 | Epoch 019/100 | loss 3.0992 | cls 1.5024 | tal -0.1579 | dual_g 1.6442 | dual_d 0.7306 | train_acc 0.9258 | train_full 0.9684 | val_acc 0.9167 | val_f1 0.9172 | grad(main/disc) 12.029/1.372 | lr(main/disc) 7.00e-05/3.50e-05 | 78.7s
2026-08-21 17:59:59 | Epoch 020/100 | loss 3.0494 | cls 1.4692 | tal -0.1317 | dual_g 1.6197 | dual_d 0.7538 | train_acc 0.9512 | train_full 0.9763 | val_acc 0.9545 | val_f1 0.9577 | grad(main/disc) 12.308/1.390 | lr(main/disc) 7.00e-05/3.50e-05 | 77.4s
2026-08-21 18:01:22 | Epoch 021/100 | loss 2.9333 | cls 1.4138 | tal -0.0938 | dual_g 1.5476 | dual_d 0.7806 | train_acc 0.9609 | train_full 0.9822 | val_acc 0.9545 | val_f1 0.9579 | grad(main/disc) 9.672/1.356 | lr(main/disc) 7.00e-05/3.50e-05 | 82.8s
2026-08-21 18:02:42 | Epoch 022/100 | loss 2.8917 | cls 1.4168 | tal -0.1301 | dual_g 1.5139 | dual_d 0.7992 | train_acc 0.9551 | train_full 0.9665 | val_acc 0.9394 | val_f1 0.9351 | grad(main/disc) 9.906/1.373 | lr(main/disc) 7.00e-05/3.50e-05 | 80.4s
2026-08-21 18:04:03 | Epoch 023/100 | loss 2.9163 | cls 1.4029 | tal -0.0729 | dual_g 1.5353 | dual_d 0.8558 | train_acc 0.9688 | train_full 0.9862 | val_acc 0.9394 | val_f1 0.9473 | grad(main/disc) 10.448/1.385 | lr(main/disc) 7.00e-05/3.50e-05 | 80.7s
2026-08-21 18:05:21 | Epoch 024/100 | loss 2.8249 | cls 1.3761 | tal -0.1221 | dual_g 1.4854 | dual_d 0.8536 | train_acc 0.9668 | train_full 0.9744 | val_acc 0.9394 | val_f1 0.9462 | grad(main/disc) 9.056/1.359 | lr(main/disc) 3.50e-05/1.75e-05 | 78.7s
2026-08-21 18:06:42 | Epoch 025/100 | loss 2.7814 | cls 1.3415 | tal -0.0990 | dual_g 1.4696 | dual_d 0.9384 | train_acc 0.9727 | train_full 0.9862 | val_acc 0.9318 | val_f1 0.9368 | grad(main/disc) 8.180/1.465 | lr(main/disc) 3.50e-05/1.75e-05 | 80.7s
2026-08-21 18:08:03 | Epoch 026/100 | loss 2.7581 | cls 1.3462 | tal -0.0910 | dual_g 1.4392 | dual_d 0.9444 | train_acc 0.9707 | train_full 0.9882 | val_acc 0.9394 | val_f1 0.9491 | grad(main/disc) 7.489/1.440 | lr(main/disc) 3.50e-05/1.75e-05 | 81.4s
2026-08-21 18:08:03 | Early stopping at epoch 26 after 9 epochs without val_f1_macro_present improvement.
2026-08-21 18:08:03 | Training complete. Best validation accuracy: 0.9545 | best val_f1_macro_present: 0.9633
2026-08-21 18:08:03 | Starting Dual_D standalone training
2026-08-21 18:08:03 | Run directory: runs/module_c_ablation/module_c_no_identity_雨天_iter01_20260821_123733
2026-08-21 18:08:03 | Device: cuda
2026-08-21 18:08:03 | Source train samples: 992
2026-08-21 18:08:03 | Target train samples: 96
2026-08-21 18:08:03 | Target val samples: 26
2026-08-21 18:08:03 | Classes: 14
2026-08-21 18:08:03 | Data audit: same_dir=False | path_overlap(vis/ir/ais)=0/0/0 | content_overlap(vis/ir/ais)=0/0/0 | ais_index_overlap=0 | stem_mismatch(vis-ir/vis-ais)=117/0
2026-08-21 18:08:03 | source_train classes: present 14/14 | absent 0 | counts [0:120, 1:44, 2:69, 3:45, 4:40, 5:30, 6:64, 7:80, 8:116, 9:68, 10:57, 11:83, 12:48, 13:128]
2026-08-21 18:08:03 | target_train classes: present 6/14 | absent 8 | counts [0:7, 2:19, 9:32, 10:12, 11:6, 13:20]
2026-08-21 18:08:03 | target_val classes: present 6/14 | absent 8 | counts [0:2, 2:5, 9:8, 10:4, 11:2, 13:5]
2026-08-21 18:08:03 | Paired training classes: 6/14 | class ids [0, 2, 9, 10, 11, 13]
2026-08-21 18:08:03 | VIS/IR pairing: class-level-unpaired | count-mismatch classes train/val: 10/0 | AIS alignment: none | AIS rows train/val: 0/0
2026-08-21 18:08:04 | Model parameters: total=17277714 | trainable=17120210
Starting run 10/12: domain=雨天, iteration=1, seed=51
2026-08-21 18:08:23 | Epoch 001/100 | loss 10.2673 | cls 5.2863 | tal 0.0660 | dual_g 4.9611 | dual_d 0.0000 | train_acc 0.0938 | train_full 0.1250 | val_acc 0.1538 | val_f1 0.1778 | grad(main/disc) 33.278/0.000 | lr(main/disc) 7.00e-05/3.50e-05 | 19.4s
2026-08-21 18:08:23 | New best val_f1_macro_present: 0.1778 at epoch 1
2026-08-21 18:08:46 | Epoch 002/100 | loss 8.8249 | cls 4.5955 | tal 0.0889 | dual_g 4.2027 | dual_d 0.0000 | train_acc 0.1953 | train_full 0.2500 | val_acc 0.1923 | val_f1 0.1545 | grad(main/disc) 28.555/0.000 | lr(main/disc) 7.00e-05/3.50e-05 | 22.3s
2026-08-21 18:09:07 | Epoch 003/100 | loss 7.4910 | cls 3.9362 | tal -0.0426 | dual_g 3.5676 | dual_d 0.0000 | train_acc 0.2500 | train_full 0.3021 | val_acc 0.3077 | val_f1 0.2116 | grad(main/disc) 23.649/0.000 | lr(main/disc) 7.00e-05/3.50e-05 | 21.3s
2026-08-21 18:09:07 | New best val_f1_macro_present: 0.2116 at epoch 3
2026-08-21 18:09:29 | Epoch 004/100 | loss 6.6471 | cls 3.4182 | tal -0.0221 | dual_g 3.2355 | dual_d 0.0000 | train_acc 0.3828 | train_full 0.2500 | val_acc 0.2308 | val_f1 0.1778 | grad(main/disc) 21.044/0.000 | lr(main/disc) 7.00e-05/3.50e-05 | 22.2s
2026-08-21 18:09:50 | Epoch 005/100 | loss 6.2127 | cls 3.1737 | tal -0.1240 | dual_g 3.0762 | dual_d 0.0000 | train_acc 0.3750 | train_full 0.2500 | val_acc 0.1923 | val_f1 0.0641 | grad(main/disc) 20.036/0.000 | lr(main/disc) 7.00e-05/3.50e-05 | 20.7s
2026-08-21 18:10:11 | Epoch 006/100 | loss 5.6600 | cls 2.8802 | tal -0.0946 | dual_g 2.8082 | dual_d 0.8682 | train_acc 0.4062 | train_full 0.2396 | val_acc 0.1923 | val_f1 0.0617 | grad(main/disc) 18.392/2.016 | lr(main/disc) 7.00e-05/3.50e-05 | 20.6s
2026-08-21 18:10:32 | Epoch 007/100 | loss 5.4657 | cls 2.7711 | tal -0.1351 | dual_g 2.7352 | dual_d 0.8446 | train_acc 0.5391 | train_full 0.2604 | val_acc 0.1923 | val_f1 0.0641 | grad(main/disc) 18.131/2.099 | lr(main/disc) 7.00e-05/3.50e-05 | 21.1s
2026-08-21 18:10:54 | Epoch 008/100 | loss 5.1855 | cls 2.5648 | tal -0.1087 | dual_g 2.6533 | dual_d 0.7980 | train_acc 0.6250 | train_full 0.2708 | val_acc 0.3077 | val_f1 0.2225 | grad(main/disc) 17.009/1.894 | lr(main/disc) 7.00e-05/3.50e-05 | 22.0s
2026-08-21 18:10:54 | New best val_f1_macro_present: 0.2225 at epoch 8
2026-08-21 18:11:14 | Epoch 009/100 | loss 5.0819 | cls 2.5448 | tal -0.0663 | dual_g 2.5569 | dual_d 0.8385 | train_acc 0.6016 | train_full 0.2604 | val_acc 0.3077 | val_f1 0.2179 | grad(main/disc) 17.098/1.900 | lr(main/disc) 7.00e-05/3.50e-05 | 19.5s
2026-08-21 18:11:35 | Epoch 010/100 | loss 4.8009 | cls 2.2982 | tal 0.0130 | dual_g 2.4988 | dual_d 0.8476 | train_acc 0.6875 | train_full 0.2917 | val_acc 0.3077 | val_f1 0.2395 | grad(main/disc) 17.127/1.861 | lr(main/disc) 7.00e-05/3.50e-05 | 21.4s
2026-08-21 18:11:35 | New best val_f1_macro_present: 0.2395 at epoch 10
2026-08-21 18:11:55 | Epoch 011/100 | loss 4.4868 | cls 2.1952 | tal -0.0961 | dual_g 2.3204 | dual_d 0.8384 | train_acc 0.7188 | train_full 0.2917 | val_acc 0.3077 | val_f1 0.2422 | grad(main/disc) 15.906/1.919 | lr(main/disc) 7.00e-05/3.50e-05 | 20.3s
2026-08-21 18:11:56 | New best val_f1_macro_present: 0.2422 at epoch 11
2026-08-21 18:12:20 | Epoch 012/100 | loss 4.3817 | cls 2.1539 | tal 0.0142 | dual_g 2.2235 | dual_d 0.8716 | train_acc 0.7500 | train_full 0.3646 | val_acc 0.3462 | val_f1 0.2806 | grad(main/disc) 18.106/1.966 | lr(main/disc) 7.00e-05/3.50e-05 | 23.9s
2026-08-21 18:12:20 | New best val_f1_macro_present: 0.2806 at epoch 12
2026-08-21 18:12:40 | Epoch 013/100 | loss 4.2022 | cls 2.0404 | tal -0.0847 | dual_g 2.1871 | dual_d 0.8790 | train_acc 0.7812 | train_full 0.5521 | val_acc 0.3462 | val_f1 0.2692 | grad(main/disc) 16.885/1.935 | lr(main/disc) 7.00e-05/3.50e-05 | 20.4s
2026-08-21 18:13:01 | Epoch 014/100 | loss 4.4257 | cls 2.1992 | tal -0.0597 | dual_g 2.2444 | dual_d 0.8327 | train_acc 0.8047 | train_full 0.4896 | val_acc 0.4231 | val_f1 0.4402 | grad(main/disc) 18.775/1.801 | lr(main/disc) 7.00e-05/3.50e-05 | 20.4s
2026-08-21 18:13:01 | New best val_f1_macro_present: 0.4402 at epoch 14
2026-08-21 18:13:22 | Epoch 015/100 | loss 3.9705 | cls 1.8905 | tal -0.0127 | dual_g 2.0838 | dual_d 0.8320 | train_acc 0.8203 | train_full 0.6354 | val_acc 0.5769 | val_f1 0.4888 | grad(main/disc) 14.652/1.804 | lr(main/disc) 7.00e-05/3.50e-05 | 20.7s
2026-08-21 18:13:22 | New best val_f1_macro_present: 0.4888 at epoch 15
2026-08-21 18:13:43 | Epoch 016/100 | loss 4.0062 | cls 1.9431 | tal 0.0042 | dual_g 2.0618 | dual_d 0.7463 | train_acc 0.7891 | train_full 0.6458 | val_acc 0.5769 | val_f1 0.5068 | grad(main/disc) 18.398/1.725 | lr(main/disc) 7.00e-05/3.50e-05 | 21.4s
2026-08-21 18:13:43 | New best val_f1_macro_present: 0.5068 at epoch 16
2026-08-21 18:14:04 | Epoch 017/100 | loss 3.8677 | cls 1.8629 | tal -0.0400 | dual_g 2.0168 | dual_d 0.7797 | train_acc 0.8438 | train_full 0.5729 | val_acc 0.5000 | val_f1 0.4434 | grad(main/disc) 16.521/1.779 | lr(main/disc) 7.00e-05/3.50e-05 | 20.1s
2026-08-21 18:14:25 | Epoch 018/100 | loss 3.5466 | cls 1.7069 | tal -0.0817 | dual_g 1.8643 | dual_d 0.7487 | train_acc 0.8594 | train_full 0.6458 | val_acc 0.3846 | val_f1 0.3037 | grad(main/disc) 12.852/1.740 | lr(main/disc) 7.00e-05/3.50e-05 | 21.5s
2026-08-21 18:14:46 | Epoch 019/100 | loss 3.5160 | cls 1.7080 | tal -0.1110 | dual_g 1.8413 | dual_d 0.7461 | train_acc 0.8828 | train_full 0.6875 | val_acc 0.5000 | val_f1 0.4836 | grad(main/disc) 14.041/1.779 | lr(main/disc) 7.00e-05/3.50e-05 | 20.9s
2026-08-21 18:15:08 | Epoch 020/100 | loss 3.5094 | cls 1.6976 | tal -0.0702 | dual_g 1.8328 | dual_d 0.7875 | train_acc 0.9141 | train_full 0.6875 | val_acc 0.5385 | val_f1 0.5741 | grad(main/disc) 14.139/1.826 | lr(main/disc) 7.00e-05/3.50e-05 | 21.6s
2026-08-21 18:15:08 | New best val_f1_macro_present: 0.5741 at epoch 20
2026-08-21 18:15:29 | Epoch 021/100 | loss 3.4286 | cls 1.6663 | tal -0.0534 | dual_g 1.7783 | dual_d 0.7194 | train_acc 0.8984 | train_full 0.6771 | val_acc 0.5385 | val_f1 0.5397 | grad(main/disc) 17.727/1.648 | lr(main/disc) 7.00e-05/3.50e-05 | 21.4s
2026-08-21 18:15:49 | Epoch 022/100 | loss 3.4728 | cls 1.6725 | tal -0.0978 | dual_g 1.8297 | dual_d 0.7051 | train_acc 0.9062 | train_full 0.7604 | val_acc 0.6538 | val_f1 0.6393 | grad(main/disc) 16.813/1.611 | lr(main/disc) 7.00e-05/3.50e-05 | 20.1s
2026-08-21 18:15:50 | New best val_f1_macro_present: 0.6393 at epoch 22
2026-08-21 18:16:11 | Epoch 023/100 | loss 3.5149 | cls 1.6940 | tal -0.0149 | dual_g 1.8254 | dual_d 0.7213 | train_acc 0.9062 | train_full 0.5417 | val_acc 0.5000 | val_f1 0.5093 | grad(main/disc) 18.254/1.628 | lr(main/disc) 7.00e-05/3.50e-05 | 21.0s
2026-08-21 18:16:31 | Epoch 024/100 | loss 3.4218 | cls 1.6177 | tal -0.0566 | dual_g 1.8211 | dual_d 0.6749 | train_acc 0.9297 | train_full 0.6354 | val_acc 0.6154 | val_f1 0.6073 | grad(main/disc) 15.404/1.581 | lr(main/disc) 7.00e-05/3.50e-05 | 20.0s
2026-08-21 18:16:52 | Epoch 025/100 | loss 3.3341 | cls 1.5990 | tal -0.0887 | dual_g 1.7618 | dual_d 0.6889 | train_acc 0.9766 | train_full 0.6667 | val_acc 0.5769 | val_f1 0.5981 | grad(main/disc) 13.746/1.564 | lr(main/disc) 7.00e-05/3.50e-05 | 21.5s
2026-08-21 18:17:13 | Epoch 026/100 | loss 3.3251 | cls 1.6001 | tal -0.0206 | dual_g 1.7312 | dual_d 0.7294 | train_acc 0.8984 | train_full 0.6667 | val_acc 0.6154 | val_f1 0.6481 | grad(main/disc) 12.802/1.487 | lr(main/disc) 7.00e-05/3.50e-05 | 20.7s
2026-08-21 18:17:13 | New best val_f1_macro_present: 0.6481 at epoch 26
2026-08-21 18:17:34 | Epoch 027/100 | loss 3.3863 | cls 1.6252 | tal -0.0771 | dual_g 1.7843 | dual_d 0.7331 | train_acc 0.9375 | train_full 0.7708 | val_acc 0.6923 | val_f1 0.6838 | grad(main/disc) 18.254/1.645 | lr(main/disc) 7.00e-05/3.50e-05 | 20.9s
2026-08-21 18:17:34 | New best val_f1_macro_present: 0.6838 at epoch 27
2026-08-21 18:17:56 | Epoch 028/100 | loss 3.1090 | cls 1.4757 | tal -0.0427 | dual_g 1.6461 | dual_d 0.8015 | train_acc 0.9531 | train_full 0.8021 | val_acc 0.6538 | val_f1 0.6456 | grad(main/disc) 11.195/1.658 | lr(main/disc) 7.00e-05/3.50e-05 | 21.7s
2026-08-21 18:18:16 | Epoch 029/100 | loss 3.2831 | cls 1.5769 | tal -0.0317 | dual_g 1.7158 | dual_d 0.7370 | train_acc 0.9375 | train_full 0.7500 | val_acc 0.7308 | val_f1 0.7184 | grad(main/disc) 13.305/1.591 | lr(main/disc) 7.00e-05/3.50e-05 | 20.6s
2026-08-21 18:18:17 | New best val_f1_macro_present: 0.7184 at epoch 29
2026-08-21 18:18:38 | Epoch 030/100 | loss 3.0154 | cls 1.4042 | tal -0.0969 | dual_g 1.6403 | dual_d 0.7413 | train_acc 0.9766 | train_full 0.7812 | val_acc 0.6923 | val_f1 0.6820 | grad(main/disc) 11.354/1.546 | lr(main/disc) 7.00e-05/3.50e-05 | 21.1s
2026-08-21 18:18:59 | Epoch 031/100 | loss 3.0139 | cls 1.4579 | tal -0.1228 | dual_g 1.5929 | dual_d 0.7263 | train_acc 0.9766 | train_full 0.8542 | val_acc 0.7692 | val_f1 0.7894 | grad(main/disc) 10.949/1.606 | lr(main/disc) 7.00e-05/3.50e-05 | 21.6s
2026-08-21 18:19:00 | New best val_f1_macro_present: 0.7894 at epoch 31
2026-08-21 18:19:21 | Epoch 032/100 | loss 3.0642 | cls 1.5205 | tal -0.1546 | dual_g 1.5901 | dual_d 0.7002 | train_acc 0.9531 | train_full 0.7917 | val_acc 0.8077 | val_f1 0.8618 | grad(main/disc) 14.385/1.493 | lr(main/disc) 7.00e-05/3.50e-05 | 21.4s
2026-08-21 18:19:21 | New best val_f1_macro_present: 0.8618 at epoch 32
2026-08-21 18:19:42 | Epoch 033/100 | loss 3.0495 | cls 1.4646 | tal -0.1003 | dual_g 1.6150 | dual_d 0.8110 | train_acc 0.9453 | train_full 0.8229 | val_acc 0.7692 | val_f1 0.8235 | grad(main/disc) 10.561/1.583 | lr(main/disc) 7.00e-05/3.50e-05 | 20.9s
2026-08-21 18:20:04 | Epoch 034/100 | loss 3.0248 | cls 1.4381 | tal -0.0831 | dual_g 1.6117 | dual_d 0.7800 | train_acc 0.9922 | train_full 0.8125 | val_acc 0.7308 | val_f1 0.7181 | grad(main/disc) 11.347/1.621 | lr(main/disc) 7.00e-05/3.50e-05 | 22.2s
2026-08-21 18:20:26 | Epoch 035/100 | loss 2.8389 | cls 1.3443 | tal -0.1279 | dual_g 1.5330 | dual_d 0.7485 | train_acc 0.9844 | train_full 0.8438 | val_acc 0.8462 | val_f1 0.8160 | grad(main/disc) 8.136/1.524 | lr(main/disc) 7.00e-05/3.50e-05 | 21.2s
2026-08-21 18:20:47 | Epoch 036/100 | loss 2.8731 | cls 1.4043 | tal -0.1702 | dual_g 1.5198 | dual_d 0.7381 | train_acc 0.9844 | train_full 0.8750 | val_acc 0.8462 | val_f1 0.8129 | grad(main/disc) 9.731/1.569 | lr(main/disc) 7.00e-05/3.50e-05 | 21.5s
2026-08-21 18:21:07 | Epoch 037/100 | loss 2.9179 | cls 1.4086 | tal -0.1169 | dual_g 1.5444 | dual_d 0.7966 | train_acc 0.9844 | train_full 0.8333 | val_acc 0.8077 | val_f1 0.7834 | grad(main/disc) 11.579/1.616 | lr(main/disc) 7.00e-05/3.50e-05 | 19.8s
2026-08-21 18:21:28 | Epoch 038/100 | loss 3.0452 | cls 1.4579 | tal -0.1019 | dual_g 1.6179 | dual_d 0.7855 | train_acc 0.9609 | train_full 0.9583 | val_acc 1.0000 | val_f1 1.0000 | grad(main/disc) 13.122/1.590 | lr(main/disc) 7.00e-05/3.50e-05 | 21.2s
2026-08-21 18:21:28 | New best val_f1_macro_present: 1.0000 at epoch 38
2026-08-21 18:21:48 | Epoch 039/100 | loss 2.9274 | cls 1.4262 | tal -0.1220 | dual_g 1.5378 | dual_d 0.7635 | train_acc 0.9766 | train_full 0.8438 | val_acc 0.8462 | val_f1 0.8456 | grad(main/disc) 13.005/1.632 | lr(main/disc) 7.00e-05/3.50e-05 | 20.1s
2026-08-21 18:22:10 | Epoch 040/100 | loss 2.8397 | cls 1.3745 | tal -0.1754 | dual_g 1.5178 | dual_d 0.8448 | train_acc 0.9922 | train_full 0.8438 | val_acc 0.8846 | val_f1 0.8731 | grad(main/disc) 7.710/1.636 | lr(main/disc) 7.00e-05/3.50e-05 | 21.8s
2026-08-21 18:22:32 | Epoch 041/100 | loss 2.8054 | cls 1.3595 | tal -0.1365 | dual_g 1.4869 | dual_d 0.8758 | train_acc 0.9766 | train_full 0.9375 | val_acc 0.9615 | val_f1 0.9704 | grad(main/disc) 6.847/1.737 | lr(main/disc) 7.00e-05/3.50e-05 | 21.6s
2026-08-21 18:22:53 | Epoch 042/100 | loss 2.9146 | cls 1.4036 | tal -0.1519 | dual_g 1.5566 | dual_d 0.8597 | train_acc 0.9766 | train_full 0.9896 | val_acc 1.0000 | val_f1 1.0000 | grad(main/disc) 13.584/1.652 | lr(main/disc) 7.00e-05/3.50e-05 | 21.5s
2026-08-21 18:23:14 | Epoch 043/100 | loss 2.9256 | cls 1.4031 | tal -0.0938 | dual_g 1.5507 | dual_d 0.9440 | train_acc 0.9922 | train_full 0.9583 | val_acc 0.9615 | val_f1 0.9111 | grad(main/disc) 10.162/1.651 | lr(main/disc) 7.00e-05/3.50e-05 | 21.2s
2026-08-21 18:23:36 | Epoch 044/100 | loss 2.8101 | cls 1.3671 | tal -0.0881 | dual_g 1.4695 | dual_d 0.8015 | train_acc 0.9844 | train_full 0.8958 | val_acc 0.9615 | val_f1 0.9556 | grad(main/disc) 7.920/1.634 | lr(main/disc) 7.00e-05/3.50e-05 | 21.8s
2026-08-21 18:23:59 | Epoch 045/100 | loss 2.8199 | cls 1.3688 | tal -0.1250 | dual_g 1.4886 | dual_d 0.8687 | train_acc 0.9766 | train_full 0.9375 | val_acc 1.0000 | val_f1 1.0000 | grad(main/disc) 10.313/1.654 | lr(main/disc) 3.50e-05/1.75e-05 | 22.8s
2026-08-21 18:24:21 | Epoch 046/100 | loss 2.8695 | cls 1.3950 | tal -0.0303 | dual_g 1.4836 | dual_d 0.8608 | train_acc 0.9766 | train_full 0.8854 | val_acc 0.9231 | val_f1 0.8778 | grad(main/disc) 9.247/1.657 | lr(main/disc) 3.50e-05/1.75e-05 | 21.6s
2026-08-21 18:24:41 | Epoch 047/100 | loss 2.8299 | cls 1.4099 | tal -0.0523 | dual_g 1.4358 | dual_d 0.8557 | train_acc 0.9766 | train_full 0.8750 | val_acc 0.8462 | val_f1 0.8155 | grad(main/disc) 8.235/1.534 | lr(main/disc) 3.50e-05/1.75e-05 | 20.3s
2026-08-21 18:24:41 | Early stopping at epoch 47 after 9 epochs without val_f1_macro_present improvement.
2026-08-21 18:24:41 | Training complete. Best validation accuracy: 1.0000 | best val_f1_macro_present: 1.0000
2026-08-21 18:24:41 | Starting Dual_D standalone training
2026-08-21 18:24:41 | Run directory: runs/module_c_ablation/module_c_no_identity_雨天_iter02_20260821_123733
2026-08-21 18:24:41 | Device: cuda
2026-08-21 18:24:41 | Source train samples: 992
2026-08-21 18:24:41 | Target train samples: 96
2026-08-21 18:24:41 | Target val samples: 26
2026-08-21 18:24:41 | Classes: 14
2026-08-21 18:24:41 | Data audit: same_dir=False | path_overlap(vis/ir/ais)=0/0/0 | content_overlap(vis/ir/ais)=0/0/0 | ais_index_overlap=0 | stem_mismatch(vis-ir/vis-ais)=117/0
2026-08-21 18:24:41 | source_train classes: present 14/14 | absent 0 | counts [0:120, 1:44, 2:69, 3:45, 4:40, 5:30, 6:64, 7:80, 8:116, 9:68, 10:57, 11:83, 12:48, 13:128]
2026-08-21 18:24:41 | target_train classes: present 6/14 | absent 8 | counts [0:7, 2:19, 9:32, 10:12, 11:6, 13:20]
2026-08-21 18:24:41 | target_val classes: present 6/14 | absent 8 | counts [0:2, 2:5, 9:8, 10:4, 11:2, 13:5]
2026-08-21 18:24:41 | Paired training classes: 6/14 | class ids [0, 2, 9, 10, 11, 13]
2026-08-21 18:24:41 | VIS/IR pairing: class-level-unpaired | count-mismatch classes train/val: 10/0 | AIS alignment: none | AIS rows train/val: 0/0
2026-08-21 18:24:42 | Model parameters: total=17277714 | trainable=17120210
Starting run 11/12: domain=雨天, iteration=2, seed=52
2026-08-21 18:25:04 | Epoch 001/100 | loss 9.7133 | cls 5.0275 | tal 0.0750 | dual_g 4.6633 | dual_d 0.0000 | train_acc 0.1484 | train_full 0.3125 | val_acc 0.2308 | val_f1 0.0800 | grad(main/disc) 33.708/0.000 | lr(main/disc) 7.00e-05/3.50e-05 | 21.8s
2026-08-21 18:25:04 | New best val_f1_macro_present: 0.0800 at epoch 1
2026-08-21 18:25:24 | Epoch 002/100 | loss 7.9792 | cls 4.1733 | tal -0.0282 | dual_g 3.8143 | dual_d 0.0000 | train_acc 0.1641 | train_full 0.2292 | val_acc 0.1538 | val_f1 0.1639 | grad(main/disc) 28.822/0.000 | lr(main/disc) 7.00e-05/3.50e-05 | 20.0s
2026-08-21 18:25:24 | New best val_f1_macro_present: 0.1639 at epoch 2
2026-08-21 18:25:46 | Epoch 003/100 | loss 7.3333 | cls 3.7707 | tal 0.0043 | dual_g 3.5613 | dual_d 0.0000 | train_acc 0.3359 | train_full 0.1771 | val_acc 0.0769 | val_f1 0.0556 | grad(main/disc) 25.404/0.000 | lr(main/disc) 7.00e-05/3.50e-05 | 21.9s
2026-08-21 18:26:09 | Epoch 004/100 | loss 6.7472 | cls 3.4653 | tal 0.0551 | dual_g 3.2654 | dual_d 0.0000 | train_acc 0.3438 | train_full 0.2812 | val_acc 0.2308 | val_f1 0.1667 | grad(main/disc) 23.146/0.000 | lr(main/disc) 7.00e-05/3.50e-05 | 23.0s
2026-08-21 18:26:09 | New best val_f1_macro_present: 0.1667 at epoch 4
2026-08-21 18:26:30 | Epoch 005/100 | loss 6.1027 | cls 3.1265 | tal 0.0367 | dual_g 2.9651 | dual_d 0.0000 | train_acc 0.4297 | train_full 0.2917 | val_acc 0.3077 | val_f1 0.2840 | grad(main/disc) 20.906/0.000 | lr(main/disc) 7.00e-05/3.50e-05 | 20.9s
2026-08-21 18:26:30 | New best val_f1_macro_present: 0.2840 at epoch 5
2026-08-21 18:26:51 | Epoch 006/100 | loss 5.8089 | cls 3.0443 | tal 0.0538 | dual_g 2.7485 | dual_d 1.0064 | train_acc 0.4688 | train_full 0.2917 | val_acc 0.3462 | val_f1 0.2889 | grad(main/disc) 20.450/2.131 | lr(main/disc) 7.00e-05/3.50e-05 | 20.8s
2026-08-21 18:26:51 | New best val_f1_macro_present: 0.2889 at epoch 6
2026-08-21 18:27:12 | Epoch 007/100 | loss 5.3898 | cls 2.6692 | tal 0.0050 | dual_g 2.7191 | dual_d 0.9537 | train_acc 0.5312 | train_full 0.3229 | val_acc 0.3462 | val_f1 0.2889 | grad(main/disc) 19.249/1.987 | lr(main/disc) 7.00e-05/3.50e-05 | 20.8s
2026-08-21 18:27:32 | Epoch 008/100 | loss 5.1968 | cls 2.6848 | tal -0.0198 | dual_g 2.5180 | dual_d 0.9021 | train_acc 0.5859 | train_full 0.3958 | val_acc 0.4231 | val_f1 0.3044 | grad(main/disc) 17.942/1.947 | lr(main/disc) 7.00e-05/3.50e-05 | 20.2s
2026-08-21 18:27:33 | New best val_f1_macro_present: 0.3044 at epoch 8
2026-08-21 18:27:54 | Epoch 009/100 | loss 4.8094 | cls 2.3761 | tal -0.0058 | dual_g 2.4350 | dual_d 0.9155 | train_acc 0.6562 | train_full 0.4479 | val_acc 0.4231 | val_f1 0.3496 | grad(main/disc) 17.041/2.024 | lr(main/disc) 7.00e-05/3.50e-05 | 21.7s
2026-08-21 18:27:55 | New best val_f1_macro_present: 0.3496 at epoch 9
2026-08-21 18:28:16 | Epoch 010/100 | loss 4.8139 | cls 2.3962 | tal 0.0460 | dual_g 2.4040 | dual_d 0.8410 | train_acc 0.7734 | train_full 0.3646 | val_acc 0.4231 | val_f1 0.3236 | grad(main/disc) 17.938/1.850 | lr(main/disc) 7.00e-05/3.50e-05 | 21.0s
2026-08-21 18:28:38 | Epoch 011/100 | loss 4.8103 | cls 2.4293 | tal 0.0970 | dual_g 2.3520 | dual_d 0.8507 | train_acc 0.7109 | train_full 0.3542 | val_acc 0.3462 | val_f1 0.2500 | grad(main/disc) 19.109/1.915 | lr(main/disc) 7.00e-05/3.50e-05 | 22.0s
2026-08-21 18:28:58 | Epoch 012/100 | loss 4.4752 | cls 2.2199 | tal 0.0833 | dual_g 2.2303 | dual_d 0.8793 | train_acc 0.7656 | train_full 0.4688 | val_acc 0.4231 | val_f1 0.3572 | grad(main/disc) 17.957/1.918 | lr(main/disc) 7.00e-05/3.50e-05 | 20.4s
2026-08-21 18:28:58 | New best val_f1_macro_present: 0.3572 at epoch 12
2026-08-21 18:29:20 | Epoch 013/100 | loss 4.4452 | cls 2.2156 | tal 0.1455 | dual_g 2.1859 | dual_d 0.8850 | train_acc 0.7656 | train_full 0.5000 | val_acc 0.4615 | val_f1 0.3881 | grad(main/disc) 18.452/1.945 | lr(main/disc) 7.00e-05/3.50e-05 | 22.0s
2026-08-21 18:29:21 | New best val_f1_macro_present: 0.3881 at epoch 13
2026-08-21 18:29:42 | Epoch 014/100 | loss 4.1368 | cls 1.9657 | tal 0.1699 | dual_g 2.1202 | dual_d 0.8529 | train_acc 0.7812 | train_full 0.5521 | val_acc 0.5385 | val_f1 0.4504 | grad(main/disc) 15.931/1.828 | lr(main/disc) 7.00e-05/3.50e-05 | 21.4s
2026-08-21 18:29:42 | New best val_f1_macro_present: 0.4504 at epoch 14
2026-08-21 18:30:03 | Epoch 015/100 | loss 4.2824 | cls 2.1111 | tal 0.0936 | dual_g 2.1431 | dual_d 0.7933 | train_acc 0.7734 | train_full 0.5625 | val_acc 0.5385 | val_f1 0.4923 | grad(main/disc) 18.492/1.721 | lr(main/disc) 7.00e-05/3.50e-05 | 20.8s
2026-08-21 18:30:03 | New best val_f1_macro_present: 0.4923 at epoch 15
2026-08-21 18:30:25 | Epoch 016/100 | loss 3.7475 | cls 1.7912 | tal 0.0744 | dual_g 1.9341 | dual_d 0.8709 | train_acc 0.8828 | train_full 0.6458 | val_acc 0.5385 | val_f1 0.4504 | grad(main/disc) 14.277/1.933 | lr(main/disc) 7.00e-05/3.50e-05 | 21.5s
2026-08-21 18:30:46 | Epoch 017/100 | loss 3.6171 | cls 1.7336 | tal 0.0919 | dual_g 1.8560 | dual_d 0.8054 | train_acc 0.8594 | train_full 0.6667 | val_acc 0.5385 | val_f1 0.4498 | grad(main/disc) 13.936/1.798 | lr(main/disc) 7.00e-05/3.50e-05 | 21.0s
2026-08-21 18:31:07 | Epoch 018/100 | loss 3.6607 | cls 1.7704 | tal 0.0830 | dual_g 1.8654 | dual_d 0.7993 | train_acc 0.8672 | train_full 0.6562 | val_acc 0.5385 | val_f1 0.4651 | grad(main/disc) 15.558/1.698 | lr(main/disc) 7.00e-05/3.50e-05 | 21.4s
2026-08-21 18:31:27 | Epoch 019/100 | loss 3.5825 | cls 1.7132 | tal 0.1497 | dual_g 1.8243 | dual_d 0.8182 | train_acc 0.8984 | train_full 0.7188 | val_acc 0.6538 | val_f1 0.6922 | grad(main/disc) 15.977/1.749 | lr(main/disc) 7.00e-05/3.50e-05 | 19.8s
2026-08-21 18:31:27 | New best val_f1_macro_present: 0.6922 at epoch 19
2026-08-21 18:31:48 | Epoch 020/100 | loss 3.7265 | cls 1.8112 | tal 0.1565 | dual_g 1.8683 | dual_d 0.7779 | train_acc 0.8750 | train_full 0.8125 | val_acc 0.8077 | val_f1 0.8537 | grad(main/disc) 17.989/1.687 | lr(main/disc) 7.00e-05/3.50e-05 | 21.1s
2026-08-21 18:31:48 | New best val_f1_macro_present: 0.8537 at epoch 20
2026-08-21 18:32:10 | Epoch 021/100 | loss 3.4308 | cls 1.6414 | tal 0.1600 | dual_g 1.7414 | dual_d 0.7558 | train_acc 0.8828 | train_full 0.7812 | val_acc 0.7308 | val_f1 0.7398 | grad(main/disc) 16.494/1.619 | lr(main/disc) 7.00e-05/3.50e-05 | 21.8s
2026-08-21 18:32:33 | Epoch 022/100 | loss 3.4693 | cls 1.6726 | tal 0.0906 | dual_g 1.7695 | dual_d 0.8203 | train_acc 0.8984 | train_full 0.8229 | val_acc 0.6923 | val_f1 0.6403 | grad(main/disc) 18.701/1.816 | lr(main/disc) 7.00e-05/3.50e-05 | 22.8s
2026-08-21 18:32:55 | Epoch 023/100 | loss 3.3222 | cls 1.6033 | tal 0.1108 | dual_g 1.6857 | dual_d 0.8297 | train_acc 0.9062 | train_full 0.7812 | val_acc 0.6154 | val_f1 0.5736 | grad(main/disc) 15.059/1.673 | lr(main/disc) 7.00e-05/3.50e-05 | 21.8s
2026-08-21 18:33:15 | Epoch 024/100 | loss 3.4377 | cls 1.6151 | tal 0.0676 | dual_g 1.8023 | dual_d 0.8274 | train_acc 0.9688 | train_full 0.7917 | val_acc 0.6154 | val_f1 0.5423 | grad(main/disc) 18.557/1.726 | lr(main/disc) 7.00e-05/3.50e-05 | 19.8s
2026-08-21 18:33:36 | Epoch 025/100 | loss 3.4759 | cls 1.6186 | tal 0.1405 | dual_g 1.8151 | dual_d 0.8219 | train_acc 0.9062 | train_full 0.7292 | val_acc 0.6538 | val_f1 0.5867 | grad(main/disc) 17.893/1.667 | lr(main/disc) 7.00e-05/3.50e-05 | 21.4s
2026-08-21 18:33:58 | Epoch 026/100 | loss 3.2518 | cls 1.5455 | tal 0.1026 | dual_g 1.6754 | dual_d 0.7617 | train_acc 0.9453 | train_full 0.8021 | val_acc 0.5769 | val_f1 0.4966 | grad(main/disc) 13.737/1.629 | lr(main/disc) 7.00e-05/3.50e-05 | 22.1s
2026-08-21 18:34:20 | Epoch 027/100 | loss 3.3271 | cls 1.5844 | tal 0.0343 | dual_g 1.7324 | dual_d 0.7397 | train_acc 0.9375 | train_full 0.8542 | val_acc 0.6923 | val_f1 0.6218 | grad(main/disc) 15.418/1.593 | lr(main/disc) 3.50e-05/1.75e-05 | 21.4s
2026-08-21 18:34:40 | Epoch 028/100 | loss 3.2791 | cls 1.5479 | tal 0.0976 | dual_g 1.7020 | dual_d 0.7613 | train_acc 0.9766 | train_full 0.8438 | val_acc 0.6538 | val_f1 0.6684 | grad(main/disc) 12.680/1.582 | lr(main/disc) 3.50e-05/1.75e-05 | 20.1s
2026-08-21 18:35:01 | Epoch 029/100 | loss 3.2965 | cls 1.5735 | tal 0.0351 | dual_g 1.7125 | dual_d 0.7571 | train_acc 0.9688 | train_full 0.8021 | val_acc 0.7308 | val_f1 0.7683 | grad(main/disc) 15.561/1.617 | lr(main/disc) 3.50e-05/1.75e-05 | 21.4s
2026-08-21 18:35:01 | Early stopping at epoch 29 after 9 epochs without val_f1_macro_present improvement.
2026-08-21 18:35:01 | Training complete. Best validation accuracy: 0.8077 | best val_f1_macro_present: 0.8537
2026-08-21 18:35:01 | Starting Dual_D standalone training
2026-08-21 18:35:01 | Run directory: runs/module_c_ablation/module_c_no_identity_雨天_iter03_20260821_123733
2026-08-21 18:35:01 | Device: cuda
2026-08-21 18:35:01 | Source train samples: 992
2026-08-21 18:35:01 | Target train samples: 96
2026-08-21 18:35:01 | Target val samples: 26
2026-08-21 18:35:01 | Classes: 14
2026-08-21 18:35:01 | Data audit: same_dir=False | path_overlap(vis/ir/ais)=0/0/0 | content_overlap(vis/ir/ais)=0/0/0 | ais_index_overlap=0 | stem_mismatch(vis-ir/vis-ais)=117/0
2026-08-21 18:35:01 | source_train classes: present 14/14 | absent 0 | counts [0:120, 1:44, 2:69, 3:45, 4:40, 5:30, 6:64, 7:80, 8:116, 9:68, 10:57, 11:83, 12:48, 13:128]
2026-08-21 18:35:01 | target_train classes: present 6/14 | absent 8 | counts [0:7, 2:19, 9:32, 10:12, 11:6, 13:20]
2026-08-21 18:35:01 | target_val classes: present 6/14 | absent 8 | counts [0:2, 2:5, 9:8, 10:4, 11:2, 13:5]
2026-08-21 18:35:01 | Paired training classes: 6/14 | class ids [0, 2, 9, 10, 11, 13]
2026-08-21 18:35:01 | VIS/IR pairing: class-level-unpaired | count-mismatch classes train/val: 10/0 | AIS alignment: none | AIS rows train/val: 0/0
2026-08-21 18:35:01 | Model parameters: total=17277714 | trainable=17120210
Starting run 12/12: domain=雨天, iteration=3, seed=53
2026-08-21 18:35:23 | Epoch 001/100 | loss 9.2449 | cls 4.8258 | tal 0.0733 | dual_g 4.3971 | dual_d 0.0000 | train_acc 0.0938 | train_full 0.0625 | val_acc 0.0385 | val_f1 0.0196 | grad(main/disc) 30.916/0.000 | lr(main/disc) 7.00e-05/3.50e-05 | 21.6s
2026-08-21 18:35:23 | New best val_f1_macro_present: 0.0196 at epoch 1
2026-08-21 18:35:44 | Epoch 002/100 | loss 7.8285 | cls 4.0655 | tal -0.0384 | dual_g 3.7746 | dual_d 0.0000 | train_acc 0.2109 | train_full 0.1771 | val_acc 0.1538 | val_f1 0.0889 | grad(main/disc) 26.369/0.000 | lr(main/disc) 7.00e-05/3.50e-05 | 21.0s
2026-08-21 18:35:45 | New best val_f1_macro_present: 0.0889 at epoch 2
2026-08-21 18:36:07 | Epoch 003/100 | loss 7.2413 | cls 3.6956 | tal 0.0044 | dual_g 3.5443 | dual_d 0.0000 | train_acc 0.3047 | train_full 0.1250 | val_acc 0.1538 | val_f1 0.1255 | grad(main/disc) 25.079/0.000 | lr(main/disc) 7.00e-05/3.50e-05 | 22.0s
2026-08-21 18:36:07 | New best val_f1_macro_present: 0.1255 at epoch 3
2026-08-21 18:36:30 | Epoch 004/100 | loss 6.5904 | cls 3.3064 | tal 0.0557 | dual_g 3.2673 | dual_d 0.0000 | train_acc 0.4219 | train_full 0.1146 | val_acc 0.1154 | val_f1 0.0862 | grad(main/disc) 21.798/0.000 | lr(main/disc) 7.00e-05/3.50e-05 | 22.8s
2026-08-21 18:36:51 | Epoch 005/100 | loss 6.2395 | cls 3.1648 | tal 0.0676 | dual_g 3.0544 | dual_d 0.0000 | train_acc 0.4219 | train_full 0.2188 | val_acc 0.3077 | val_f1 0.2230 | grad(main/disc) 20.905/0.000 | lr(main/disc) 7.00e-05/3.50e-05 | 21.8s
2026-08-21 18:36:52 | New best val_f1_macro_present: 0.2230 at epoch 5
2026-08-21 18:37:13 | Epoch 006/100 | loss 5.4860 | cls 2.7040 | tal 0.0470 | dual_g 2.7680 | dual_d 0.9463 | train_acc 0.5625 | train_full 0.1771 | val_acc 0.2308 | val_f1 0.1667 | grad(main/disc) 18.388/2.150 | lr(main/disc) 7.00e-05/3.50e-05 | 21.4s
2026-08-21 18:37:34 | Epoch 007/100 | loss 5.4904 | cls 2.8545 | tal 0.0924 | dual_g 2.6082 | dual_d 0.8713 | train_acc 0.6094 | train_full 0.1771 | val_acc 0.3077 | val_f1 0.2131 | grad(main/disc) 19.588/2.108 | lr(main/disc) 7.00e-05/3.50e-05 | 20.9s
2026-08-21 18:37:55 | Epoch 008/100 | loss 5.2540 | cls 2.6967 | tal 0.1077 | dual_g 2.5250 | dual_d 0.9515 | train_acc 0.6719 | train_full 0.2500 | val_acc 0.2308 | val_f1 0.1297 | grad(main/disc) 18.313/2.121 | lr(main/disc) 7.00e-05/3.50e-05 | 20.7s
2026-08-21 18:38:16 | Epoch 009/100 | loss 5.3206 | cls 2.7367 | tal 0.0973 | dual_g 2.5547 | dual_d 0.8216 | train_acc 0.6328 | train_full 0.2917 | val_acc 0.2692 | val_f1 0.1902 | grad(main/disc) 19.926/1.979 | lr(main/disc) 7.00e-05/3.50e-05 | 21.8s
2026-08-21 18:38:37 | Epoch 010/100 | loss 4.7637 | cls 2.2962 | tal 0.1563 | dual_g 2.4207 | dual_d 0.8201 | train_acc 0.7188 | train_full 0.3542 | val_acc 0.3462 | val_f1 0.3523 | grad(main/disc) 17.274/2.004 | lr(main/disc) 7.00e-05/3.50e-05 | 20.8s
2026-08-21 18:38:37 | New best val_f1_macro_present: 0.3523 at epoch 10
2026-08-21 18:38:58 | Epoch 011/100 | loss 4.5391 | cls 2.2100 | tal 0.0960 | dual_g 2.3003 | dual_d 0.8649 | train_acc 0.7109 | train_full 0.5312 | val_acc 0.5769 | val_f1 0.5728 | grad(main/disc) 17.572/1.969 | lr(main/disc) 7.00e-05/3.50e-05 | 20.9s
2026-08-21 18:38:58 | New best val_f1_macro_present: 0.5728 at epoch 11
2026-08-21 18:39:20 | Epoch 012/100 | loss 4.4509 | cls 2.1228 | tal 0.0978 | dual_g 2.2988 | dual_d 0.8547 | train_acc 0.7500 | train_full 0.5312 | val_acc 0.5000 | val_f1 0.4076 | grad(main/disc) 19.129/1.879 | lr(main/disc) 7.00e-05/3.50e-05 | 21.5s
2026-08-21 18:39:42 | Epoch 013/100 | loss 4.1555 | cls 1.9857 | tal 0.0590 | dual_g 2.1521 | dual_d 0.8270 | train_acc 0.8203 | train_full 0.4688 | val_acc 0.4231 | val_f1 0.3333 | grad(main/disc) 15.726/1.994 | lr(main/disc) 7.00e-05/3.50e-05 | 22.0s
2026-08-21 18:40:02 | Epoch 014/100 | loss 3.9854 | cls 1.9244 | tal 0.0981 | dual_g 2.0316 | dual_d 0.8759 | train_acc 0.8203 | train_full 0.4896 | val_acc 0.5000 | val_f1 0.4762 | grad(main/disc) 17.222/1.987 | lr(main/disc) 7.00e-05/3.50e-05 | 20.0s
2026-08-21 18:40:23 | Epoch 015/100 | loss 3.8884 | cls 1.8487 | tal 0.0538 | dual_g 2.0236 | dual_d 0.8393 | train_acc 0.8203 | train_full 0.5625 | val_acc 0.5385 | val_f1 0.5294 | grad(main/disc) 14.162/1.793 | lr(main/disc) 7.00e-05/3.50e-05 | 20.8s
2026-08-21 18:40:44 | Epoch 016/100 | loss 3.8729 | cls 1.9076 | tal 0.0640 | dual_g 1.9460 | dual_d 0.8577 | train_acc 0.8359 | train_full 0.7188 | val_acc 0.5385 | val_f1 0.4983 | grad(main/disc) 16.663/1.930 | lr(main/disc) 7.00e-05/3.50e-05 | 20.8s
2026-08-21 18:41:04 | Epoch 017/100 | loss 3.5821 | cls 1.6676 | tal -0.0049 | dual_g 1.9160 | dual_d 0.7449 | train_acc 0.8906 | train_full 0.7500 | val_acc 0.5769 | val_f1 0.6164 | grad(main/disc) 14.480/1.678 | lr(main/disc) 7.00e-05/3.50e-05 | 20.6s
2026-08-21 18:41:05 | New best val_f1_macro_present: 0.6164 at epoch 17
2026-08-21 18:41:25 | Epoch 018/100 | loss 3.5553 | cls 1.7075 | tal -0.0368 | dual_g 1.8588 | dual_d 0.7343 | train_acc 0.8359 | train_full 0.7812 | val_acc 0.6154 | val_f1 0.6534 | grad(main/disc) 15.530/1.559 | lr(main/disc) 7.00e-05/3.50e-05 | 20.1s
2026-08-21 18:41:25 | New best val_f1_macro_present: 0.6534 at epoch 18
2026-08-21 18:41:46 | Epoch 019/100 | loss 3.4520 | cls 1.6382 | tal 0.0115 | dual_g 1.8103 | dual_d 0.7658 | train_acc 0.8984 | train_full 0.8021 | val_acc 0.6923 | val_f1 0.7496 | grad(main/disc) 13.428/1.706 | lr(main/disc) 7.00e-05/3.50e-05 | 21.4s
2026-08-21 18:41:47 | New best val_f1_macro_present: 0.7496 at epoch 19
2026-08-21 18:42:07 | Epoch 020/100 | loss 3.4634 | cls 1.6890 | tal -0.0393 | dual_g 1.7862 | dual_d 0.8352 | train_acc 0.8828 | train_full 0.7083 | val_acc 0.5000 | val_f1 0.5105 | grad(main/disc) 16.649/1.810 | lr(main/disc) 7.00e-05/3.50e-05 | 20.4s
2026-08-21 18:42:28 | Epoch 021/100 | loss 3.4049 | cls 1.6647 | tal -0.0619 | dual_g 1.7588 | dual_d 0.8274 | train_acc 0.8672 | train_full 0.7812 | val_acc 0.6923 | val_f1 0.7249 | grad(main/disc) 16.180/1.765 | lr(main/disc) 7.00e-05/3.50e-05 | 21.3s
2026-08-21 18:42:50 | Epoch 022/100 | loss 3.3492 | cls 1.6119 | tal -0.0138 | dual_g 1.7414 | dual_d 0.8105 | train_acc 0.9297 | train_full 0.8542 | val_acc 0.8462 | val_f1 0.8712 | grad(main/disc) 14.164/1.755 | lr(main/disc) 7.00e-05/3.50e-05 | 22.1s
2026-08-21 18:42:51 | New best val_f1_macro_present: 0.8712 at epoch 22
2026-08-21 18:43:12 | Epoch 023/100 | loss 3.3785 | cls 1.6253 | tal -0.0958 | dual_g 1.7820 | dual_d 0.7759 | train_acc 0.9062 | train_full 0.7708 | val_acc 0.6923 | val_f1 0.7194 | grad(main/disc) 14.114/1.683 | lr(main/disc) 7.00e-05/3.50e-05 | 21.7s
2026-08-21 18:43:34 | Epoch 024/100 | loss 3.2670 | cls 1.5462 | tal -0.0751 | dual_g 1.7433 | dual_d 0.7467 | train_acc 0.9375 | train_full 0.8542 | val_acc 0.8077 | val_f1 0.8167 | grad(main/disc) 17.608/1.641 | lr(main/disc) 7.00e-05/3.50e-05 | 21.9s
2026-08-21 18:43:55 | Epoch 025/100 | loss 3.2170 | cls 1.5033 | tal -0.0636 | dual_g 1.7328 | dual_d 0.7406 | train_acc 0.9375 | train_full 0.8125 | val_acc 0.6154 | val_f1 0.6236 | grad(main/disc) 14.859/1.622 | lr(main/disc) 7.00e-05/3.50e-05 | 20.6s
2026-08-21 18:44:16 | Epoch 026/100 | loss 3.3987 | cls 1.6761 | tal -0.1182 | dual_g 1.7581 | dual_d 0.8307 | train_acc 0.9141 | train_full 0.8333 | val_acc 0.8077 | val_f1 0.8219 | grad(main/disc) 19.331/1.765 | lr(main/disc) 7.00e-05/3.50e-05 | 21.6s
2026-08-21 18:44:36 | Epoch 027/100 | loss 3.2396 | cls 1.5785 | tal 0.0067 | dual_g 1.6591 | dual_d 0.8144 | train_acc 0.9297 | train_full 0.8542 | val_acc 0.8462 | val_f1 0.8129 | grad(main/disc) 14.119/1.674 | lr(main/disc) 7.00e-05/3.50e-05 | 19.3s
2026-08-21 18:44:57 | Epoch 028/100 | loss 3.4201 | cls 1.6727 | tal -0.0829 | dual_g 1.7722 | dual_d 0.7961 | train_acc 0.8984 | train_full 0.8125 | val_acc 0.7692 | val_f1 0.7544 | grad(main/disc) 16.938/1.673 | lr(main/disc) 7.00e-05/3.50e-05 | 21.4s
2026-08-21 18:45:17 | Epoch 029/100 | loss 3.1595 | cls 1.5070 | tal -0.0560 | dual_g 1.6693 | dual_d 0.7169 | train_acc 0.9297 | train_full 0.9062 | val_acc 0.9615 | val_f1 0.9630 | grad(main/disc) 15.628/1.627 | lr(main/disc) 7.00e-05/3.50e-05 | 19.9s
2026-08-21 18:45:17 | New best val_f1_macro_present: 0.9630 at epoch 29
2026-08-21 18:45:38 | Epoch 030/100 | loss 3.1573 | cls 1.5333 | tal -0.0789 | dual_g 1.6477 | dual_d 0.8469 | train_acc 0.9453 | train_full 0.9271 | val_acc 0.8846 | val_f1 0.8910 | grad(main/disc) 14.175/1.700 | lr(main/disc) 7.00e-05/3.50e-05 | 21.3s
2026-08-21 18:46:00 | Epoch 031/100 | loss 3.0832 | cls 1.4548 | tal -0.0792 | dual_g 1.6522 | dual_d 0.7938 | train_acc 0.9531 | train_full 0.9167 | val_acc 0.8462 | val_f1 0.8557 | grad(main/disc) 12.719/1.667 | lr(main/disc) 7.00e-05/3.50e-05 | 21.7s
2026-08-21 18:46:22 | Epoch 032/100 | loss 3.1084 | cls 1.4521 | tal -0.0905 | dual_g 1.6835 | dual_d 0.8191 | train_acc 0.9531 | train_full 0.8854 | val_acc 0.9615 | val_f1 0.9630 | grad(main/disc) 11.563/1.667 | lr(main/disc) 7.00e-05/3.50e-05 | 22.0s
2026-08-21 18:46:43 | Epoch 033/100 | loss 3.0695 | cls 1.4488 | tal -0.0630 | dual_g 1.6396 | dual_d 0.8085 | train_acc 0.9609 | train_full 0.9375 | val_acc 1.0000 | val_f1 1.0000 | grad(main/disc) 12.791/1.690 | lr(main/disc) 7.00e-05/3.50e-05 | 20.6s
2026-08-21 18:46:43 | New best val_f1_macro_present: 1.0000 at epoch 33
2026-08-21 18:47:04 | Epoch 034/100 | loss 3.0664 | cls 1.4501 | tal 0.0093 | dual_g 1.6135 | dual_d 0.7993 | train_acc 0.9609 | train_full 0.9271 | val_acc 0.8846 | val_f1 0.8831 | grad(main/disc) 14.472/1.568 | lr(main/disc) 7.00e-05/3.50e-05 | 21.4s
2026-08-21 18:47:25 | Epoch 035/100 | loss 3.0460 | cls 1.4321 | tal -0.1086 | dual_g 1.6464 | dual_d 0.7742 | train_acc 0.9609 | train_full 0.9479 | val_acc 0.9231 | val_f1 0.8923 | grad(main/disc) 11.701/1.587 | lr(main/disc) 7.00e-05/3.50e-05 | 21.2s
2026-08-21 18:47:47 | Epoch 036/100 | loss 3.0118 | cls 1.4362 | tal -0.1070 | dual_g 1.6077 | dual_d 0.7585 | train_acc 0.9844 | train_full 0.9479 | val_acc 0.9615 | val_f1 0.9630 | grad(main/disc) 11.040/1.519 | lr(main/disc) 7.00e-05/3.50e-05 | 21.9s
2026-08-21 18:48:08 | Epoch 037/100 | loss 2.8774 | cls 1.3868 | tal -0.2450 | dual_g 1.5641 | dual_d 0.7748 | train_acc 0.9844 | train_full 0.9479 | val_acc 0.9615 | val_f1 0.9630 | grad(main/disc) 10.551/1.636 | lr(main/disc) 7.00e-05/3.50e-05 | 21.1s
2026-08-21 18:48:29 | Epoch 038/100 | loss 2.9176 | cls 1.3650 | tal -0.1463 | dual_g 1.5965 | dual_d 0.8258 | train_acc 0.9766 | train_full 0.9375 | val_acc 0.8846 | val_f1 0.8831 | grad(main/disc) 12.372/1.606 | lr(main/disc) 7.00e-05/3.50e-05 | 20.7s
2026-08-21 18:48:50 | Epoch 039/100 | loss 2.8677 | cls 1.3919 | tal -0.1814 | dual_g 1.5303 | dual_d 0.8884 | train_acc 0.9609 | train_full 0.9583 | val_acc 0.9231 | val_f1 0.9250 | grad(main/disc) 11.238/1.664 | lr(main/disc) 7.00e-05/3.50e-05 | 21.0s
2026-08-21 18:49:11 | Epoch 040/100 | loss 2.9216 | cls 1.4149 | tal -0.0900 | dual_g 1.5337 | dual_d 0.8054 | train_acc 0.9766 | train_full 0.9792 | val_acc 0.9615 | val_f1 0.9630 | grad(main/disc) 9.403/1.647 | lr(main/disc) 3.50e-05/1.75e-05 | 21.2s
2026-08-21 18:49:33 | Epoch 041/100 | loss 2.8003 | cls 1.3552 | tal -0.2334 | dual_g 1.5151 | dual_d 0.8987 | train_acc 0.9688 | train_full 0.9792 | val_acc 0.9615 | val_f1 0.9630 | grad(main/disc) 7.334/1.707 | lr(main/disc) 3.50e-05/1.75e-05 | 21.2s
2026-08-21 18:49:52 | Epoch 042/100 | loss 2.7789 | cls 1.3427 | tal -0.2001 | dual_g 1.4962 | dual_d 0.8096 | train_acc 0.9688 | train_full 1.0000 | val_acc 1.0000 | val_f1 1.0000 | grad(main/disc) 7.583/1.625 | lr(main/disc) 3.50e-05/1.75e-05 | 19.8s
2026-08-21 18:49:52 | Early stopping at epoch 42 after 9 epochs without val_f1_macro_present improvement.
2026-08-21 18:49:52 | Training complete. Best validation accuracy: 1.0000 | best val_f1_macro_present: 1.0000
Dual_D experiment matrix complete.
Batch summary: runs/module_c_ablation/batch_summary_20260821_123733.json
黑天: best val acc 0.9778 ± 0.0079 over 3 run(s)
逆光: best val acc 1.0000 ± 0.0000 over 3 run(s)
雾天: best val acc 0.9747 ± 0.0143 over 3 run(s)
雨天: best val acc 0.9359 ± 0.0907 over 3 run(s)
/home/lixiang/envs/lx_pytorch/lib/python3.11/site-packages/torch/cuda/__init__.py:1061: UserWarning: Can't initialize NVML
  raw_cnt = _raw_device_count_nvml()
2026-08-21 18:49:54 | Starting Dual_D standalone training
2026-08-21 18:49:54 | Run directory: runs/module_c_ablation/module_c_no_paired_contrastive_黑天_iter01_20260821_184954
2026-08-21 18:49:54 | Device: cuda
2026-08-21 18:49:54 | Source train samples: 992
2026-08-21 18:49:54 | Target train samples: 465
2026-08-21 18:49:54 | Target val samples: 120
2026-08-21 18:49:54 | Classes: 14
2026-08-21 18:49:54 | Data audit: same_dir=False | path_overlap(vis/ir/ais)=0/0/0 | content_overlap(vis/ir/ais)=0/0/0 | ais_index_overlap=0 | stem_mismatch(vis-ir/vis-ais)=578/0
2026-08-21 18:49:54 | source_train classes: present 14/14 | absent 0 | counts [0:120, 1:44, 2:69, 3:45, 4:40, 5:30, 6:64, 7:80, 8:116, 9:68, 10:57, 11:83, 12:48, 13:128]
2026-08-21 18:49:54 | target_train classes: present 8/14 | absent 6 | counts [0:100, 2:11, 3:16, 6:89, 9:162, 10:12, 11:44, 13:31]
2026-08-21 18:49:54 | target_val classes: present 8/14 | absent 6 | counts [0:26, 2:3, 3:5, 6:23, 9:41, 10:3, 11:11, 13:8]
2026-08-21 18:49:54 | Paired training classes: 8/14 | class ids [0, 2, 3, 6, 9, 10, 11, 13]
2026-08-21 18:49:54 | VIS/IR pairing: class-level-unpaired | count-mismatch classes train/val: 10/0 | AIS alignment: none | AIS rows train/val: 0/0
2026-08-21 18:49:55 | Model parameters: total=17277714 | trainable=17120210
Starting run 1/12: domain=黑天, iteration=1, seed=42
2026-08-21 18:51:13 | Epoch 001/100 | loss 8.7230 | cls 4.6335 | tal 0.2054 | dual_g 4.0278 | dual_d 0.0000 | train_acc 0.1792 | train_full 0.1075 | val_acc 0.1250 | val_f1 0.1192 | grad(main/disc) 28.802/0.000 | lr(main/disc) 7.00e-05/3.50e-05 | 78.8s
2026-08-21 18:51:14 | New best val_f1_macro_present: 0.1192 at epoch 1
2026-08-21 18:52:31 | Epoch 002/100 | loss 6.6565 | cls 3.4931 | tal 0.0404 | dual_g 3.1512 | dual_d 0.0000 | train_acc 0.4000 | train_full 0.2108 | val_acc 0.2250 | val_f1 0.3337 | grad(main/disc) 23.011/0.000 | lr(main/disc) 7.00e-05/3.50e-05 | 77.2s
2026-08-21 18:52:31 | New best val_f1_macro_present: 0.3337 at epoch 2
2026-08-21 18:53:50 | Epoch 003/100 | loss 5.6371 | cls 2.9578 | tal 0.0451 | dual_g 2.6657 | dual_d 0.0000 | train_acc 0.5104 | train_full 0.3978 | val_acc 0.4250 | val_f1 0.5104 | grad(main/disc) 21.329/0.000 | lr(main/disc) 7.00e-05/3.50e-05 | 78.5s
2026-08-21 18:53:50 | New best val_f1_macro_present: 0.5104 at epoch 3
2026-08-21 18:55:10 | Epoch 004/100 | loss 4.9296 | cls 2.5562 | tal 0.0183 | dual_g 2.3680 | dual_d 0.0000 | train_acc 0.6208 | train_full 0.5419 | val_acc 0.5167 | val_f1 0.5435 | grad(main/disc) 19.927/0.000 | lr(main/disc) 7.00e-05/3.50e-05 | 80.0s
2026-08-21 18:55:10 | New best val_f1_macro_present: 0.5435 at epoch 4
2026-08-21 18:56:28 | Epoch 005/100 | loss 4.4209 | cls 2.2664 | tal -0.0118 | dual_g 2.1581 | dual_d 0.0000 | train_acc 0.6792 | train_full 0.6602 | val_acc 0.6583 | val_f1 0.6561 | grad(main/disc) 19.057/0.000 | lr(main/disc) 7.00e-05/3.50e-05 | 77.6s
2026-08-21 18:56:28 | New best val_f1_macro_present: 0.6561 at epoch 5
2026-08-21 18:57:43 | Epoch 006/100 | loss 3.8375 | cls 1.9524 | tal 0.0174 | dual_g 1.8799 | dual_d 0.9332 | train_acc 0.7750 | train_full 0.6753 | val_acc 0.6583 | val_f1 0.6638 | grad(main/disc) 16.132/1.992 | lr(main/disc) 7.00e-05/3.50e-05 | 74.7s
2026-08-21 18:57:43 | New best val_f1_macro_present: 0.6638 at epoch 6
2026-08-21 18:58:59 | Epoch 007/100 | loss 3.7467 | cls 1.9303 | tal 0.0330 | dual_g 1.8064 | dual_d 0.8832 | train_acc 0.7896 | train_full 0.8022 | val_acc 0.7833 | val_f1 0.7510 | grad(main/disc) 17.080/1.885 | lr(main/disc) 7.00e-05/3.50e-05 | 76.3s
2026-08-21 18:59:00 | New best val_f1_macro_present: 0.7510 at epoch 7
2026-08-21 19:00:18 | Epoch 008/100 | loss 3.4657 | cls 1.7706 | tal 0.0072 | dual_g 1.6929 | dual_d 0.8364 | train_acc 0.8417 | train_full 0.7140 | val_acc 0.7250 | val_f1 0.7292 | grad(main/disc) 15.381/1.750 | lr(main/disc) 7.00e-05/3.50e-05 | 78.3s
2026-08-21 19:01:33 | Epoch 009/100 | loss 3.3912 | cls 1.7309 | tal 0.0917 | dual_g 1.6327 | dual_d 0.8355 | train_acc 0.8333 | train_full 0.7871 | val_acc 0.7833 | val_f1 0.7493 | grad(main/disc) 15.618/1.733 | lr(main/disc) 7.00e-05/3.50e-05 | 75.3s
2026-08-21 19:02:51 | Epoch 010/100 | loss 3.1940 | cls 1.6126 | tal 0.0396 | dual_g 1.5694 | dual_d 0.8301 | train_acc 0.8938 | train_full 0.8688 | val_acc 0.8500 | val_f1 0.8122 | grad(main/disc) 14.366/1.668 | lr(main/disc) 7.00e-05/3.50e-05 | 77.3s
2026-08-21 19:02:51 | New best val_f1_macro_present: 0.8122 at epoch 10
2026-08-21 19:04:08 | Epoch 011/100 | loss 3.1233 | cls 1.5754 | tal 0.1174 | dual_g 1.5127 | dual_d 0.8017 | train_acc 0.8958 | train_full 0.9226 | val_acc 0.8667 | val_f1 0.8356 | grad(main/disc) 13.290/1.630 | lr(main/disc) 7.00e-05/3.50e-05 | 77.3s
2026-08-21 19:04:09 | New best val_f1_macro_present: 0.8356 at epoch 11
2026-08-21 19:05:23 | Epoch 012/100 | loss 3.0019 | cls 1.5556 | tal 0.0494 | dual_g 1.4315 | dual_d 0.7900 | train_acc 0.9062 | train_full 0.7914 | val_acc 0.8250 | val_f1 0.7789 | grad(main/disc) 13.147/1.579 | lr(main/disc) 7.00e-05/3.50e-05 | 74.0s
2026-08-21 19:06:38 | Epoch 013/100 | loss 2.9555 | cls 1.5119 | tal 0.0486 | dual_g 1.4291 | dual_d 0.7286 | train_acc 0.9250 | train_full 0.9290 | val_acc 0.9000 | val_f1 0.8577 | grad(main/disc) 11.247/1.513 | lr(main/disc) 7.00e-05/3.50e-05 | 75.4s
2026-08-21 19:06:38 | New best val_f1_macro_present: 0.8577 at epoch 13
2026-08-21 19:07:55 | Epoch 014/100 | loss 2.9378 | cls 1.4977 | tal 0.0043 | dual_g 1.4389 | dual_d 0.7958 | train_acc 0.9375 | train_full 0.9204 | val_acc 0.8917 | val_f1 0.8901 | grad(main/disc) 11.625/1.555 | lr(main/disc) 7.00e-05/3.50e-05 | 76.9s
2026-08-21 19:07:56 | New best val_f1_macro_present: 0.8901 at epoch 14
2026-08-21 19:09:10 | Epoch 015/100 | loss 2.7686 | cls 1.4255 | tal 0.0456 | dual_g 1.3295 | dual_d 0.7485 | train_acc 0.9708 | train_full 0.8968 | val_acc 0.8583 | val_f1 0.8161 | grad(main/disc) 9.287/1.501 | lr(main/disc) 7.00e-05/3.50e-05 | 74.7s
2026-08-21 19:10:26 | Epoch 016/100 | loss 2.7544 | cls 1.4026 | tal 0.0242 | dual_g 1.3445 | dual_d 0.7812 | train_acc 0.9521 | train_full 0.8839 | val_acc 0.8667 | val_f1 0.8197 | grad(main/disc) 9.829/1.507 | lr(main/disc) 7.00e-05/3.50e-05 | 75.7s
2026-08-21 19:11:43 | Epoch 017/100 | loss 2.7450 | cls 1.4135 | tal 0.0123 | dual_g 1.3278 | dual_d 0.8155 | train_acc 0.9667 | train_full 0.9462 | val_acc 0.9083 | val_f1 0.8810 | grad(main/disc) 9.450/1.564 | lr(main/disc) 7.00e-05/3.50e-05 | 77.4s
2026-08-21 19:13:01 | Epoch 018/100 | loss 2.6712 | cls 1.3716 | tal -0.0013 | dual_g 1.3000 | dual_d 0.8262 | train_acc 0.9625 | train_full 0.9548 | val_acc 0.9250 | val_f1 0.8944 | grad(main/disc) 7.996/1.535 | lr(main/disc) 7.00e-05/3.50e-05 | 77.2s
2026-08-21 19:13:01 | New best val_f1_macro_present: 0.8944 at epoch 18
2026-08-21 19:14:14 | Epoch 019/100 | loss 2.6959 | cls 1.4001 | tal -0.0580 | dual_g 1.3132 | dual_d 0.8743 | train_acc 0.9625 | train_full 0.9505 | val_acc 0.9250 | val_f1 0.9058 | grad(main/disc) 9.433/1.597 | lr(main/disc) 7.00e-05/3.50e-05 | 73.6s
2026-08-21 19:14:15 | New best val_f1_macro_present: 0.9058 at epoch 19
2026-08-21 19:15:31 | Epoch 020/100 | loss 2.6586 | cls 1.3680 | tal -0.0890 | dual_g 1.3174 | dual_d 0.8867 | train_acc 0.9625 | train_full 0.9527 | val_acc 0.9500 | val_f1 0.9270 | grad(main/disc) 9.029/1.595 | lr(main/disc) 7.00e-05/3.50e-05 | 76.3s
2026-08-21 19:15:31 | New best val_f1_macro_present: 0.9270 at epoch 20
2026-08-21 19:16:49 | Epoch 021/100 | loss 2.5652 | cls 1.3207 | tal -0.1011 | dual_g 1.2748 | dual_d 0.9046 | train_acc 0.9854 | train_full 0.9269 | val_acc 0.8833 | val_f1 0.8425 | grad(main/disc) 6.888/1.609 | lr(main/disc) 7.00e-05/3.50e-05 | 77.1s
2026-08-21 19:18:05 | Epoch 022/100 | loss 2.5804 | cls 1.3421 | tal -0.0947 | dual_g 1.2667 | dual_d 0.9394 | train_acc 0.9875 | train_full 0.9828 | val_acc 0.9583 | val_f1 0.9414 | grad(main/disc) 7.465/1.572 | lr(main/disc) 7.00e-05/3.50e-05 | 76.1s
2026-08-21 19:18:05 | New best val_f1_macro_present: 0.9414 at epoch 22
2026-08-21 19:19:22 | Epoch 023/100 | loss 2.5597 | cls 1.3335 | tal -0.0514 | dual_g 1.2415 | dual_d 0.9029 | train_acc 0.9792 | train_full 0.9828 | val_acc 0.9750 | val_f1 0.9535 | grad(main/disc) 6.674/1.540 | lr(main/disc) 7.00e-05/3.50e-05 | 77.5s
2026-08-21 19:19:23 | New best val_f1_macro_present: 0.9535 at epoch 23
2026-08-21 19:20:39 | Epoch 024/100 | loss 2.5237 | cls 1.2994 | tal -0.0488 | dual_g 1.2389 | dual_d 0.9871 | train_acc 0.9833 | train_full 0.9677 | val_acc 0.9417 | val_f1 0.9295 | grad(main/disc) 6.140/1.597 | lr(main/disc) 7.00e-05/3.50e-05 | 76.6s
2026-08-21 19:21:56 | Epoch 025/100 | loss 2.5124 | cls 1.3123 | tal -0.0792 | dual_g 1.2238 | dual_d 1.0146 | train_acc 0.9875 | train_full 0.9505 | val_acc 0.9333 | val_f1 0.9014 | grad(main/disc) 6.526/1.643 | lr(main/disc) 7.00e-05/3.50e-05 | 77.0s
2026-08-21 19:23:14 | Epoch 026/100 | loss 2.4589 | cls 1.2759 | tal -0.1005 | dual_g 1.2132 | dual_d 0.9971 | train_acc 0.9958 | train_full 0.9957 | val_acc 0.9750 | val_f1 0.9734 | grad(main/disc) 5.180/1.570 | lr(main/disc) 7.00e-05/3.50e-05 | 77.3s
2026-08-21 19:23:14 | New best val_f1_macro_present: 0.9734 at epoch 26
2026-08-21 19:24:33 | Epoch 027/100 | loss 2.4658 | cls 1.3049 | tal -0.1744 | dual_g 1.2133 | dual_d 1.0462 | train_acc 0.9896 | train_full 0.9849 | val_acc 0.9583 | val_f1 0.9431 | grad(main/disc) 5.767/1.652 | lr(main/disc) 7.00e-05/3.50e-05 | 79.3s
2026-08-21 19:25:48 | Epoch 028/100 | loss 2.4341 | cls 1.2913 | tal -0.1868 | dual_g 1.1989 | dual_d 1.0737 | train_acc 0.9917 | train_full 0.9677 | val_acc 0.9917 | val_f1 0.9827 | grad(main/disc) 6.081/1.670 | lr(main/disc) 7.00e-05/3.50e-05 | 74.8s
2026-08-21 19:25:48 | New best val_f1_macro_present: 0.9827 at epoch 28
2026-08-21 19:27:03 | Epoch 029/100 | loss 2.4070 | cls 1.2777 | tal -0.1716 | dual_g 1.1808 | dual_d 1.0641 | train_acc 0.9896 | train_full 0.9871 | val_acc 0.9750 | val_f1 0.9420 | grad(main/disc) 4.957/1.586 | lr(main/disc) 7.00e-05/3.50e-05 | 74.6s
2026-08-21 19:28:20 | Epoch 030/100 | loss 2.3744 | cls 1.2547 | tal -0.1836 | dual_g 1.1748 | dual_d 1.0754 | train_acc 0.9979 | train_full 0.9849 | val_acc 0.9833 | val_f1 0.9757 | grad(main/disc) 4.258/1.620 | lr(main/disc) 7.00e-05/3.50e-05 | 77.0s
2026-08-21 19:29:38 | Epoch 031/100 | loss 2.3811 | cls 1.2588 | tal -0.1766 | dual_g 1.1752 | dual_d 1.0332 | train_acc 0.9958 | train_full 0.9677 | val_acc 0.9500 | val_f1 0.9180 | grad(main/disc) 4.644/1.574 | lr(main/disc) 7.00e-05/3.50e-05 | 78.1s
2026-08-21 19:30:56 | Epoch 032/100 | loss 2.3752 | cls 1.2693 | tal -0.1998 | dual_g 1.1658 | dual_d 1.0688 | train_acc 0.9896 | train_full 0.9634 | val_acc 0.9417 | val_f1 0.9314 | grad(main/disc) 5.342/1.581 | lr(main/disc) 7.00e-05/3.50e-05 | 77.6s
2026-08-21 19:32:10 | Epoch 033/100 | loss 2.3766 | cls 1.2655 | tal -0.1872 | dual_g 1.1672 | dual_d 1.0944 | train_acc 0.9958 | train_full 0.9849 | val_acc 0.9750 | val_f1 0.9554 | grad(main/disc) 5.212/1.620 | lr(main/disc) 7.00e-05/3.50e-05 | 74.4s
2026-08-21 19:33:29 | Epoch 034/100 | loss 2.3072 | cls 1.2451 | tal -0.2390 | dual_g 1.1338 | dual_d 1.1022 | train_acc 0.9979 | train_full 0.9720 | val_acc 0.9250 | val_f1 0.9056 | grad(main/disc) 3.710/1.631 | lr(main/disc) 7.00e-05/3.50e-05 | 79.5s
2026-08-21 19:34:48 | Epoch 035/100 | loss 2.2868 | cls 1.2390 | tal -0.2837 | dual_g 1.1330 | dual_d 1.0856 | train_acc 0.9979 | train_full 0.9892 | val_acc 0.9833 | val_f1 0.9829 | grad(main/disc) 3.773/1.605 | lr(main/disc) 7.00e-05/3.50e-05 | 78.6s
2026-08-21 19:36:03 | Epoch 036/100 | loss 2.2920 | cls 1.2377 | tal -0.2826 | dual_g 1.1391 | dual_d 1.0587 | train_acc 0.9958 | train_full 0.9505 | val_acc 0.9333 | val_f1 0.9470 | grad(main/disc) 3.844/1.551 | lr(main/disc) 7.00e-05/3.50e-05 | 74.9s
2026-08-21 19:37:23 | Epoch 037/100 | loss 2.2938 | cls 1.2347 | tal -0.2592 | dual_g 1.1369 | dual_d 1.0349 | train_acc 0.9958 | train_full 0.9806 | val_acc 0.9667 | val_f1 0.9695 | grad(main/disc) 3.921/1.499 | lr(main/disc) 7.00e-05/3.50e-05 | 79.7s
2026-08-21 19:37:23 | Early stopping at epoch 37 after 9 epochs without val_f1_macro_present improvement.
2026-08-21 19:37:23 | Training complete. Best validation accuracy: 0.9917 | best val_f1_macro_present: 0.9827
2026-08-21 19:37:23 | Starting Dual_D standalone training
2026-08-21 19:37:23 | Run directory: runs/module_c_ablation/module_c_no_paired_contrastive_黑天_iter02_20260821_184954
2026-08-21 19:37:23 | Device: cuda
2026-08-21 19:37:23 | Source train samples: 992
2026-08-21 19:37:23 | Target train samples: 465
2026-08-21 19:37:23 | Target val samples: 120
2026-08-21 19:37:23 | Classes: 14
2026-08-21 19:37:23 | Data audit: same_dir=False | path_overlap(vis/ir/ais)=0/0/0 | content_overlap(vis/ir/ais)=0/0/0 | ais_index_overlap=0 | stem_mismatch(vis-ir/vis-ais)=578/0
2026-08-21 19:37:23 | source_train classes: present 14/14 | absent 0 | counts [0:120, 1:44, 2:69, 3:45, 4:40, 5:30, 6:64, 7:80, 8:116, 9:68, 10:57, 11:83, 12:48, 13:128]
2026-08-21 19:37:23 | target_train classes: present 8/14 | absent 6 | counts [0:100, 2:11, 3:16, 6:89, 9:162, 10:12, 11:44, 13:31]
2026-08-21 19:37:23 | target_val classes: present 8/14 | absent 6 | counts [0:26, 2:3, 3:5, 6:23, 9:41, 10:3, 11:11, 13:8]
2026-08-21 19:37:23 | Paired training classes: 8/14 | class ids [0, 2, 3, 6, 9, 10, 11, 13]
2026-08-21 19:37:23 | VIS/IR pairing: class-level-unpaired | count-mismatch classes train/val: 10/0 | AIS alignment: none | AIS rows train/val: 0/0
2026-08-21 19:37:23 | Model parameters: total=17277714 | trainable=17120210
Starting run 2/12: domain=黑天, iteration=2, seed=43
2026-08-21 19:38:44 | Epoch 001/100 | loss 9.0270 | cls 4.8049 | tal 0.2237 | dual_g 4.1550 | dual_d 0.0000 | train_acc 0.1437 | train_full 0.3312 | val_acc 0.3083 | val_f1 0.1408 | grad(main/disc) 28.088/0.000 | lr(main/disc) 7.00e-05/3.50e-05 | 80.1s
2026-08-21 19:38:44 | New best val_f1_macro_present: 0.1408 at epoch 1
2026-08-21 19:40:01 | Epoch 002/100 | loss 6.7293 | cls 3.5364 | tal 0.0775 | dual_g 3.1697 | dual_d 0.0000 | train_acc 0.3563 | train_full 0.1290 | val_acc 0.1250 | val_f1 0.1433 | grad(main/disc) 21.063/0.000 | lr(main/disc) 7.00e-05/3.50e-05 | 77.1s
2026-08-21 19:40:01 | New best val_f1_macro_present: 0.1433 at epoch 2
2026-08-21 19:41:15 | Epoch 003/100 | loss 5.7092 | cls 3.0214 | tal -0.0980 | dual_g 2.7172 | dual_d 0.0000 | train_acc 0.4750 | train_full 0.2839 | val_acc 0.2917 | val_f1 0.3900 | grad(main/disc) 19.717/0.000 | lr(main/disc) 7.00e-05/3.50e-05 | 74.1s
2026-08-21 19:41:16 | New best val_f1_macro_present: 0.3900 at epoch 3
2026-08-21 19:42:33 | Epoch 004/100 | loss 4.8588 | cls 2.6084 | tal -0.1086 | dual_g 2.2830 | dual_d 0.0000 | train_acc 0.5938 | train_full 0.5075 | val_acc 0.5333 | val_f1 0.5582 | grad(main/disc) 18.712/0.000 | lr(main/disc) 7.00e-05/3.50e-05 | 77.1s
2026-08-21 19:42:33 | New best val_f1_macro_present: 0.5582 at epoch 4
2026-08-21 19:43:51 | Epoch 005/100 | loss 4.3243 | cls 2.2467 | tal -0.0671 | dual_g 2.0978 | dual_d 0.0000 | train_acc 0.7083 | train_full 0.4817 | val_acc 0.5167 | val_f1 0.5842 | grad(main/disc) 18.208/0.000 | lr(main/disc) 7.00e-05/3.50e-05 | 78.0s
2026-08-21 19:43:51 | New best val_f1_macro_present: 0.5842 at epoch 5
2026-08-21 19:45:08 | Epoch 006/100 | loss 4.1093 | cls 2.1108 | tal -0.0332 | dual_g 2.0085 | dual_d 0.9774 | train_acc 0.7354 | train_full 0.6710 | val_acc 0.6583 | val_f1 0.6946 | grad(main/disc) 17.397/1.907 | lr(main/disc) 7.00e-05/3.50e-05 | 76.6s
2026-08-21 19:45:08 | New best val_f1_macro_present: 0.6946 at epoch 6
2026-08-21 19:46:29 | Epoch 007/100 | loss 3.7745 | cls 1.9889 | tal -0.0144 | dual_g 1.7899 | dual_d 0.9109 | train_acc 0.8125 | train_full 0.7312 | val_acc 0.7000 | val_f1 0.6674 | grad(main/disc) 17.105/1.793 | lr(main/disc) 7.00e-05/3.50e-05 | 80.8s
2026-08-21 19:47:46 | Epoch 008/100 | loss 3.5360 | cls 1.8343 | tal -0.0517 | dual_g 1.7172 | dual_d 0.8614 | train_acc 0.8396 | train_full 0.7677 | val_acc 0.7000 | val_f1 0.6774 | grad(main/disc) 15.358/1.716 | lr(main/disc) 7.00e-05/3.50e-05 | 76.5s
2026-08-21 19:49:02 | Epoch 009/100 | loss 3.3779 | cls 1.7701 | tal -0.0517 | dual_g 1.6233 | dual_d 0.7997 | train_acc 0.8625 | train_full 0.8237 | val_acc 0.7833 | val_f1 0.7561 | grad(main/disc) 14.595/1.645 | lr(main/disc) 7.00e-05/3.50e-05 | 76.1s
2026-08-21 19:49:02 | New best val_f1_macro_present: 0.7561 at epoch 9
2026-08-21 19:50:16 | Epoch 010/100 | loss 3.2339 | cls 1.6702 | tal -0.0166 | dual_g 1.5687 | dual_d 0.8339 | train_acc 0.8896 | train_full 0.9054 | val_acc 0.8667 | val_f1 0.8296 | grad(main/disc) 14.679/1.580 | lr(main/disc) 7.00e-05/3.50e-05 | 74.0s
2026-08-21 19:50:16 | New best val_f1_macro_present: 0.8296 at epoch 10
2026-08-21 19:51:30 | Epoch 011/100 | loss 3.1143 | cls 1.6012 | tal -0.0332 | dual_g 1.5231 | dual_d 0.8694 | train_acc 0.8938 | train_full 0.8000 | val_acc 0.7667 | val_f1 0.7612 | grad(main/disc) 14.286/1.595 | lr(main/disc) 7.00e-05/3.50e-05 | 74.1s
2026-08-21 19:52:48 | Epoch 012/100 | loss 2.9821 | cls 1.5056 | tal 0.0300 | dual_g 1.4675 | dual_d 0.8259 | train_acc 0.9437 | train_full 0.9376 | val_acc 0.9083 | val_f1 0.8791 | grad(main/disc) 11.441/1.516 | lr(main/disc) 7.00e-05/3.50e-05 | 77.2s
2026-08-21 19:52:48 | New best val_f1_macro_present: 0.8791 at epoch 12
2026-08-21 19:54:05 | Epoch 013/100 | loss 2.9593 | cls 1.5067 | tal 0.0036 | dual_g 1.4515 | dual_d 0.8089 | train_acc 0.9313 | train_full 0.8538 | val_acc 0.8083 | val_f1 0.7842 | grad(main/disc) 12.291/1.471 | lr(main/disc) 7.00e-05/3.50e-05 | 76.6s
2026-08-21 19:55:22 | Epoch 014/100 | loss 2.8946 | cls 1.4867 | tal -0.0150 | dual_g 1.4123 | dual_d 0.8145 | train_acc 0.9417 | train_full 0.9075 | val_acc 0.8250 | val_f1 0.8206 | grad(main/disc) 11.789/1.476 | lr(main/disc) 7.00e-05/3.50e-05 | 77.0s
2026-08-21 19:56:36 | Epoch 015/100 | loss 2.8266 | cls 1.4497 | tal -0.0330 | dual_g 1.3867 | dual_d 0.8275 | train_acc 0.9625 | train_full 0.9355 | val_acc 0.8917 | val_f1 0.8783 | grad(main/disc) 10.438/1.448 | lr(main/disc) 7.00e-05/3.50e-05 | 74.6s
2026-08-21 19:57:50 | Epoch 016/100 | loss 2.7649 | cls 1.4296 | tal -0.0405 | dual_g 1.3474 | dual_d 0.8038 | train_acc 0.9500 | train_full 0.9462 | val_acc 0.8750 | val_f1 0.8620 | grad(main/disc) 9.251/1.450 | lr(main/disc) 7.00e-05/3.50e-05 | 73.7s
2026-08-21 19:59:07 | Epoch 017/100 | loss 2.7262 | cls 1.3931 | tal -0.0187 | dual_g 1.3387 | dual_d 0.8276 | train_acc 0.9521 | train_full 0.9656 | val_acc 0.8917 | val_f1 0.8626 | grad(main/disc) 9.048/1.435 | lr(main/disc) 7.00e-05/3.50e-05 | 77.2s
2026-08-21 20:00:23 | Epoch 018/100 | loss 2.7214 | cls 1.3863 | tal -0.0175 | dual_g 1.3404 | dual_d 0.8452 | train_acc 0.9688 | train_full 0.8968 | val_acc 0.8750 | val_f1 0.8790 | grad(main/disc) 9.780/1.420 | lr(main/disc) 7.00e-05/3.50e-05 | 75.7s
2026-08-21 20:01:39 | Epoch 019/100 | loss 2.6411 | cls 1.3753 | tal -0.0954 | dual_g 1.2944 | dual_d 0.8816 | train_acc 0.9729 | train_full 0.9032 | val_acc 0.8583 | val_f1 0.8808 | grad(main/disc) 8.445/1.458 | lr(main/disc) 7.00e-05/3.50e-05 | 76.0s
2026-08-21 20:01:39 | New best val_f1_macro_present: 0.8808 at epoch 19
2026-08-21 20:02:57 | Epoch 020/100 | loss 2.5973 | cls 1.3434 | tal -0.0765 | dual_g 1.2769 | dual_d 0.8930 | train_acc 0.9812 | train_full 0.9247 | val_acc 0.9000 | val_f1 0.8774 | grad(main/disc) 6.784/1.419 | lr(main/disc) 7.00e-05/3.50e-05 | 78.2s
2026-08-21 20:04:14 | Epoch 021/100 | loss 2.5911 | cls 1.3517 | tal -0.1052 | dual_g 1.2709 | dual_d 0.8943 | train_acc 0.9688 | train_full 0.9376 | val_acc 0.9083 | val_f1 0.8816 | grad(main/disc) 7.758/1.442 | lr(main/disc) 7.00e-05/3.50e-05 | 76.8s
2026-08-21 20:05:31 | Epoch 022/100 | loss 2.5587 | cls 1.3424 | tal -0.1268 | dual_g 1.2544 | dual_d 0.9152 | train_acc 0.9812 | train_full 0.9742 | val_acc 0.9250 | val_f1 0.9146 | grad(main/disc) 7.243/1.441 | lr(main/disc) 7.00e-05/3.50e-05 | 77.0s
2026-08-21 20:05:31 | New best val_f1_macro_present: 0.9146 at epoch 22
2026-08-21 20:06:53 | Epoch 023/100 | loss 2.5590 | cls 1.3234 | tal -0.0813 | dual_g 1.2599 | dual_d 0.8766 | train_acc 0.9896 | train_full 0.8946 | val_acc 0.8250 | val_f1 0.8180 | grad(main/disc) 6.764/1.382 | lr(main/disc) 7.00e-05/3.50e-05 | 81.1s
2026-08-21 20:08:12 | Epoch 024/100 | loss 2.5207 | cls 1.3172 | tal -0.0874 | dual_g 1.2298 | dual_d 0.9053 | train_acc 0.9896 | train_full 0.9570 | val_acc 0.9250 | val_f1 0.9234 | grad(main/disc) 6.403/1.410 | lr(main/disc) 7.00e-05/3.50e-05 | 79.7s
2026-08-21 20:08:13 | New best val_f1_macro_present: 0.9234 at epoch 24
2026-08-21 20:09:29 | Epoch 025/100 | loss 2.5072 | cls 1.2922 | tal -0.0808 | dual_g 1.2393 | dual_d 0.9502 | train_acc 0.9896 | train_full 0.8817 | val_acc 0.8667 | val_f1 0.8701 | grad(main/disc) 5.968/1.462 | lr(main/disc) 7.00e-05/3.50e-05 | 76.4s
2026-08-21 20:10:46 | Epoch 026/100 | loss 2.5230 | cls 1.3098 | tal -0.0579 | dual_g 1.2305 | dual_d 0.9406 | train_acc 0.9875 | train_full 0.9548 | val_acc 0.9167 | val_f1 0.9204 | grad(main/disc) 5.981/1.427 | lr(main/disc) 7.00e-05/3.50e-05 | 77.3s
2026-08-21 20:12:05 | Epoch 027/100 | loss 2.5286 | cls 1.2938 | tal 0.0287 | dual_g 1.2263 | dual_d 0.9965 | train_acc 0.9917 | train_full 0.9527 | val_acc 0.9250 | val_f1 0.9302 | grad(main/disc) 6.508/1.431 | lr(main/disc) 7.00e-05/3.50e-05 | 78.4s
2026-08-21 20:12:05 | New best val_f1_macro_present: 0.9302 at epoch 27
2026-08-21 20:13:21 | Epoch 028/100 | loss 2.5050 | cls 1.2947 | tal -0.0146 | dual_g 1.2147 | dual_d 0.9769 | train_acc 0.9833 | train_full 0.9914 | val_acc 0.9667 | val_f1 0.9476 | grad(main/disc) 6.403/1.419 | lr(main/disc) 7.00e-05/3.50e-05 | 75.4s
2026-08-21 20:13:21 | New best val_f1_macro_present: 0.9476 at epoch 28
2026-08-21 20:14:34 | Epoch 029/100 | loss 2.4762 | cls 1.2845 | tal -0.0611 | dual_g 1.2100 | dual_d 0.9898 | train_acc 0.9938 | train_full 0.9935 | val_acc 0.9583 | val_f1 0.9393 | grad(main/disc) 5.767/1.405 | lr(main/disc) 7.00e-05/3.50e-05 | 73.0s
2026-08-21 20:15:49 | Epoch 030/100 | loss 2.4350 | cls 1.2739 | tal -0.0651 | dual_g 1.1807 | dual_d 1.0193 | train_acc 0.9833 | train_full 0.9570 | val_acc 0.9000 | val_f1 0.8766 | grad(main/disc) 5.165/1.431 | lr(main/disc) 7.00e-05/3.50e-05 | 74.7s
2026-08-21 20:17:06 | Epoch 031/100 | loss 2.4151 | cls 1.2574 | tal -0.0779 | dual_g 1.1811 | dual_d 0.9970 | train_acc 0.9958 | train_full 0.9742 | val_acc 0.9417 | val_f1 0.9308 | grad(main/disc) 4.368/1.386 | lr(main/disc) 7.00e-05/3.50e-05 | 77.7s
2026-08-21 20:18:22 | Epoch 032/100 | loss 2.3849 | cls 1.2529 | tal -0.0994 | dual_g 1.1618 | dual_d 0.9914 | train_acc 0.9938 | train_full 0.9548 | val_acc 0.9167 | val_f1 0.9200 | grad(main/disc) 4.628/1.360 | lr(main/disc) 7.00e-05/3.50e-05 | 76.1s
2026-08-21 20:19:38 | Epoch 033/100 | loss 2.3880 | cls 1.2491 | tal -0.0789 | dual_g 1.1626 | dual_d 0.9808 | train_acc 0.9979 | train_full 0.9763 | val_acc 0.9417 | val_f1 0.9095 | grad(main/disc) 4.276/1.355 | lr(main/disc) 7.00e-05/3.50e-05 | 75.6s
2026-08-21 20:20:54 | Epoch 034/100 | loss 2.3872 | cls 1.2568 | tal -0.0979 | dual_g 1.1598 | dual_d 1.0050 | train_acc 0.9896 | train_full 0.9957 | val_acc 0.9750 | val_f1 0.9644 | grad(main/disc) 4.353/1.384 | lr(main/disc) 7.00e-05/3.50e-05 | 76.3s
2026-08-21 20:20:55 | New best val_f1_macro_present: 0.9644 at epoch 34
2026-08-21 20:22:11 | Epoch 035/100 | loss 2.3719 | cls 1.2547 | tal -0.0955 | dual_g 1.1458 | dual_d 1.0282 | train_acc 0.9958 | train_full 0.9548 | val_acc 0.9500 | val_f1 0.9517 | grad(main/disc) 4.439/1.399 | lr(main/disc) 7.00e-05/3.50e-05 | 76.3s
2026-08-21 20:23:26 | Epoch 036/100 | loss 2.3547 | cls 1.2417 | tal -0.0861 | dual_g 1.1389 | dual_d 1.0171 | train_acc 0.9938 | train_full 0.9742 | val_acc 0.9500 | val_f1 0.9599 | grad(main/disc) 4.088/1.361 | lr(main/disc) 7.00e-05/3.50e-05 | 75.7s
2026-08-21 20:24:41 | Epoch 037/100 | loss 2.3410 | cls 1.2326 | tal -0.0914 | dual_g 1.1358 | dual_d 1.0204 | train_acc 1.0000 | train_full 0.9957 | val_acc 0.9667 | val_f1 0.9543 | grad(main/disc) 3.865/1.380 | lr(main/disc) 7.00e-05/3.50e-05 | 74.6s
2026-08-21 20:25:57 | Epoch 038/100 | loss 2.3295 | cls 1.2498 | tal -0.1669 | dual_g 1.1298 | dual_d 0.9935 | train_acc 0.9979 | train_full 0.9978 | val_acc 0.9833 | val_f1 0.9714 | grad(main/disc) 4.221/1.312 | lr(main/disc) 7.00e-05/3.50e-05 | 75.6s
2026-08-21 20:25:57 | New best val_f1_macro_present: 0.9714 at epoch 38
2026-08-21 20:27:17 | Epoch 039/100 | loss 2.2758 | cls 1.2127 | tal -0.1681 | dual_g 1.1135 | dual_d 0.9852 | train_acc 0.9979 | train_full 0.9892 | val_acc 0.9750 | val_f1 0.9782 | grad(main/disc) 3.304/1.320 | lr(main/disc) 7.00e-05/3.50e-05 | 79.9s
2026-08-21 20:27:17 | New best val_f1_macro_present: 0.9782 at epoch 39
2026-08-21 20:28:35 | Epoch 040/100 | loss 2.2757 | cls 1.2114 | tal -0.1569 | dual_g 1.1114 | dual_d 0.9666 | train_acc 0.9979 | train_full 0.9849 | val_acc 0.9583 | val_f1 0.9427 | grad(main/disc) 3.089/1.295 | lr(main/disc) 7.00e-05/3.50e-05 | 77.6s
2026-08-21 20:29:53 | Epoch 041/100 | loss 2.2479 | cls 1.2070 | tal -0.1967 | dual_g 1.0999 | dual_d 0.9730 | train_acc 0.9979 | train_full 0.9892 | val_acc 0.9667 | val_f1 0.9579 | grad(main/disc) 2.772/1.264 | lr(main/disc) 7.00e-05/3.50e-05 | 78.4s
2026-08-21 20:31:07 | Epoch 042/100 | loss 2.2415 | cls 1.2080 | tal -0.1962 | dual_g 1.0923 | dual_d 0.9871 | train_acc 0.9979 | train_full 0.9613 | val_acc 0.9500 | val_f1 0.9450 | grad(main/disc) 2.834/1.270 | lr(main/disc) 7.00e-05/3.50e-05 | 74.3s
2026-08-21 20:32:21 | Epoch 043/100 | loss 2.2562 | cls 1.2175 | tal -0.2089 | dual_g 1.1013 | dual_d 0.9932 | train_acc 0.9958 | train_full 0.9677 | val_acc 0.9250 | val_f1 0.9447 | grad(main/disc) 3.466/1.250 | lr(main/disc) 7.00e-05/3.50e-05 | 73.4s
2026-08-21 20:33:38 | Epoch 044/100 | loss 2.2516 | cls 1.2010 | tal -0.1678 | dual_g 1.1009 | dual_d 0.9861 | train_acc 1.0000 | train_full 0.9914 | val_acc 0.9583 | val_f1 0.9492 | grad(main/disc) 2.912/1.258 | lr(main/disc) 7.00e-05/3.50e-05 | 77.3s
2026-08-21 20:34:55 | Epoch 045/100 | loss 2.2335 | cls 1.1994 | tal -0.1781 | dual_g 1.0876 | dual_d 0.9729 | train_acc 1.0000 | train_full 0.9785 | val_acc 0.9500 | val_f1 0.9459 | grad(main/disc) 2.654/1.257 | lr(main/disc) 7.00e-05/3.50e-05 | 76.7s
2026-08-21 20:36:12 | Epoch 046/100 | loss 2.2210 | cls 1.1991 | tal -0.1949 | dual_g 1.0804 | dual_d 0.9674 | train_acc 0.9917 | train_full 1.0000 | val_acc 0.9667 | val_f1 0.9524 | grad(main/disc) 2.882/1.236 | lr(main/disc) 3.50e-05/1.75e-05 | 77.2s
2026-08-21 20:37:32 | Epoch 047/100 | loss 2.2000 | cls 1.1826 | tal -0.2120 | dual_g 1.0810 | dual_d 0.9411 | train_acc 1.0000 | train_full 0.9957 | val_acc 0.9667 | val_f1 0.9733 | grad(main/disc) 2.428/1.232 | lr(main/disc) 3.50e-05/1.75e-05 | 79.7s
2026-08-21 20:38:51 | Epoch 048/100 | loss 2.1940 | cls 1.1828 | tal -0.2044 | dual_g 1.0725 | dual_d 0.9657 | train_acc 1.0000 | train_full 0.9871 | val_acc 0.9583 | val_f1 0.9518 | grad(main/disc) 2.110/1.236 | lr(main/disc) 3.50e-05/1.75e-05 | 79.4s
2026-08-21 20:38:51 | Early stopping at epoch 48 after 9 epochs without val_f1_macro_present improvement.
2026-08-21 20:38:51 | Training complete. Best validation accuracy: 0.9833 | best val_f1_macro_present: 0.9782
2026-08-21 20:38:51 | Starting Dual_D standalone training
2026-08-21 20:38:51 | Run directory: runs/module_c_ablation/module_c_no_paired_contrastive_黑天_iter03_20260821_184954
2026-08-21 20:38:51 | Device: cuda
2026-08-21 20:38:51 | Source train samples: 992
2026-08-21 20:38:51 | Target train samples: 465
2026-08-21 20:38:51 | Target val samples: 120
2026-08-21 20:38:51 | Classes: 14
2026-08-21 20:38:51 | Data audit: same_dir=False | path_overlap(vis/ir/ais)=0/0/0 | content_overlap(vis/ir/ais)=0/0/0 | ais_index_overlap=0 | stem_mismatch(vis-ir/vis-ais)=578/0
2026-08-21 20:38:51 | source_train classes: present 14/14 | absent 0 | counts [0:120, 1:44, 2:69, 3:45, 4:40, 5:30, 6:64, 7:80, 8:116, 9:68, 10:57, 11:83, 12:48, 13:128]
2026-08-21 20:38:51 | target_train classes: present 8/14 | absent 6 | counts [0:100, 2:11, 3:16, 6:89, 9:162, 10:12, 11:44, 13:31]
2026-08-21 20:38:51 | target_val classes: present 8/14 | absent 6 | counts [0:26, 2:3, 3:5, 6:23, 9:41, 10:3, 11:11, 13:8]
2026-08-21 20:38:51 | Paired training classes: 8/14 | class ids [0, 2, 3, 6, 9, 10, 11, 13]
2026-08-21 20:38:51 | VIS/IR pairing: class-level-unpaired | count-mismatch classes train/val: 10/0 | AIS alignment: none | AIS rows train/val: 0/0
2026-08-21 20:38:52 | Model parameters: total=17277714 | trainable=17120210
Starting run 3/12: domain=黑天, iteration=3, seed=44
2026-08-21 20:40:10 | Epoch 001/100 | loss 8.7396 | cls 4.6036 | tal 0.2242 | dual_g 4.0688 | dual_d 0.0000 | train_acc 0.1458 | train_full 0.0989 | val_acc 0.1167 | val_f1 0.0657 | grad(main/disc) 26.700/0.000 | lr(main/disc) 7.00e-05/3.50e-05 | 78.5s
2026-08-21 20:40:11 | New best val_f1_macro_present: 0.0657 at epoch 1
2026-08-21 20:41:29 | Epoch 002/100 | loss 6.9646 | cls 3.6794 | tal -0.0333 | dual_g 3.2952 | dual_d 0.0000 | train_acc 0.2771 | train_full 0.3011 | val_acc 0.2750 | val_f1 0.3225 | grad(main/disc) 21.759/0.000 | lr(main/disc) 7.00e-05/3.50e-05 | 78.7s
2026-08-21 20:41:30 | New best val_f1_macro_present: 0.3225 at epoch 2
2026-08-21 20:42:46 | Epoch 003/100 | loss 5.6387 | cls 2.9960 | tal -0.0141 | dual_g 2.6470 | dual_d 0.0000 | train_acc 0.5083 | train_full 0.3398 | val_acc 0.3583 | val_f1 0.4606 | grad(main/disc) 19.062/0.000 | lr(main/disc) 7.00e-05/3.50e-05 | 76.2s
2026-08-21 20:42:46 | New best val_f1_macro_present: 0.4606 at epoch 3
2026-08-21 20:44:01 | Epoch 004/100 | loss 4.9392 | cls 2.5811 | tal 0.0222 | dual_g 2.3515 | dual_d 0.0000 | train_acc 0.6312 | train_full 0.5763 | val_acc 0.5917 | val_f1 0.6001 | grad(main/disc) 18.915/0.000 | lr(main/disc) 7.00e-05/3.50e-05 | 74.8s
2026-08-21 20:44:01 | New best val_f1_macro_present: 0.6001 at epoch 4
2026-08-21 20:45:17 | Epoch 005/100 | loss 4.4898 | cls 2.3092 | tal 0.0606 | dual_g 2.1625 | dual_d 0.0000 | train_acc 0.6729 | train_full 0.7032 | val_acc 0.6833 | val_f1 0.6507 | grad(main/disc) 18.362/0.000 | lr(main/disc) 7.00e-05/3.50e-05 | 75.7s
2026-08-21 20:45:17 | New best val_f1_macro_present: 0.6507 at epoch 5
2026-08-21 20:46:32 | Epoch 006/100 | loss 4.0965 | cls 2.1243 | tal 0.0525 | dual_g 1.9564 | dual_d 0.8751 | train_acc 0.7500 | train_full 0.7720 | val_acc 0.8167 | val_f1 0.7800 | grad(main/disc) 17.881/1.780 | lr(main/disc) 7.00e-05/3.50e-05 | 74.9s
2026-08-21 20:46:33 | New best val_f1_macro_present: 0.7800 at epoch 6
2026-08-21 20:47:49 | Epoch 007/100 | loss 3.8552 | cls 1.9826 | tal 0.0390 | dual_g 1.8608 | dual_d 0.8017 | train_acc 0.7771 | train_full 0.7161 | val_acc 0.7000 | val_f1 0.6884 | grad(main/disc) 16.802/1.649 | lr(main/disc) 7.00e-05/3.50e-05 | 76.6s
2026-08-21 20:49:08 | Epoch 008/100 | loss 3.7168 | cls 1.9303 | tal -0.0258 | dual_g 1.7942 | dual_d 0.8301 | train_acc 0.8292 | train_full 0.7591 | val_acc 0.7667 | val_f1 0.7463 | grad(main/disc) 17.328/1.656 | lr(main/disc) 7.00e-05/3.50e-05 | 78.6s
2026-08-21 20:50:24 | Epoch 009/100 | loss 3.5207 | cls 1.8368 | tal -0.0017 | dual_g 1.6844 | dual_d 0.7660 | train_acc 0.8458 | train_full 0.8710 | val_acc 0.8500 | val_f1 0.8237 | grad(main/disc) 15.578/1.504 | lr(main/disc) 7.00e-05/3.50e-05 | 76.0s
2026-08-21 20:50:24 | New best val_f1_macro_present: 0.8237 at epoch 9
2026-08-21 20:51:40 | Epoch 010/100 | loss 3.2728 | cls 1.6848 | tal -0.0149 | dual_g 1.5925 | dual_d 0.7912 | train_acc 0.8688 | train_full 0.9226 | val_acc 0.9000 | val_f1 0.8659 | grad(main/disc) 14.205/1.552 | lr(main/disc) 7.00e-05/3.50e-05 | 75.8s
2026-08-21 20:51:40 | New best val_f1_macro_present: 0.8659 at epoch 10
2026-08-21 20:52:56 | Epoch 011/100 | loss 3.1542 | cls 1.6330 | tal -0.0927 | dual_g 1.5490 | dual_d 0.7660 | train_acc 0.8729 | train_full 0.8667 | val_acc 0.8417 | val_f1 0.8217 | grad(main/disc) 13.928/1.445 | lr(main/disc) 7.00e-05/3.50e-05 | 76.1s
2026-08-21 20:54:15 | Epoch 012/100 | loss 3.0541 | cls 1.5827 | tal -0.0547 | dual_g 1.4879 | dual_d 0.7226 | train_acc 0.8958 | train_full 0.8903 | val_acc 0.8583 | val_f1 0.8152 | grad(main/disc) 13.651/1.379 | lr(main/disc) 7.00e-05/3.50e-05 | 78.4s
2026-08-21 20:55:31 | Epoch 013/100 | loss 2.9410 | cls 1.5287 | tal -0.0558 | dual_g 1.4291 | dual_d 0.7771 | train_acc 0.9229 | train_full 0.9484 | val_acc 0.9000 | val_f1 0.8641 | grad(main/disc) 11.565/1.430 | lr(main/disc) 7.00e-05/3.50e-05 | 76.5s
2026-08-21 20:56:48 | Epoch 014/100 | loss 2.8649 | cls 1.4724 | tal -0.0875 | dual_g 1.4187 | dual_d 0.7463 | train_acc 0.9646 | train_full 0.9269 | val_acc 0.8750 | val_f1 0.8758 | grad(main/disc) 11.512/1.353 | lr(main/disc) 7.00e-05/3.50e-05 | 76.9s
2026-08-21 20:56:48 | New best val_f1_macro_present: 0.8758 at epoch 14
2026-08-21 20:58:07 | Epoch 015/100 | loss 2.8124 | cls 1.4469 | tal -0.0699 | dual_g 1.3865 | dual_d 0.7356 | train_acc 0.9646 | train_full 0.9118 | val_acc 0.8667 | val_f1 0.8363 | grad(main/disc) 11.657/1.330 | lr(main/disc) 7.00e-05/3.50e-05 | 79.1s
2026-08-21 20:59:26 | Epoch 016/100 | loss 2.6978 | cls 1.3893 | tal -0.1105 | dual_g 1.3416 | dual_d 0.7642 | train_acc 0.9729 | train_full 0.9548 | val_acc 0.9083 | val_f1 0.9055 | grad(main/disc) 9.563/1.347 | lr(main/disc) 7.00e-05/3.50e-05 | 78.1s
2026-08-21 20:59:26 | New best val_f1_macro_present: 0.9055 at epoch 16
2026-08-21 21:00:45 | Epoch 017/100 | loss 2.8751 | cls 1.5225 | tal -0.1105 | dual_g 1.3858 | dual_d 0.7732 | train_acc 0.9521 | train_full 0.9312 | val_acc 0.9083 | val_f1 0.8812 | grad(main/disc) 12.637/1.340 | lr(main/disc) 7.00e-05/3.50e-05 | 78.7s
2026-08-21 21:02:01 | Epoch 018/100 | loss 2.7083 | cls 1.3932 | tal -0.1007 | dual_g 1.3453 | dual_d 0.7890 | train_acc 0.9646 | train_full 0.9591 | val_acc 0.9250 | val_f1 0.8930 | grad(main/disc) 9.968/1.350 | lr(main/disc) 7.00e-05/3.50e-05 | 76.1s
2026-08-21 21:03:19 | Epoch 019/100 | loss 2.6649 | cls 1.3940 | tal -0.1446 | dual_g 1.3142 | dual_d 0.7579 | train_acc 0.9771 | train_full 0.9656 | val_acc 0.9417 | val_f1 0.9430 | grad(main/disc) 9.678/1.304 | lr(main/disc) 7.00e-05/3.50e-05 | 78.8s
2026-08-21 21:03:20 | New best val_f1_macro_present: 0.9430 at epoch 19
2026-08-21 21:04:38 | Epoch 020/100 | loss 2.6386 | cls 1.3895 | tal -0.1768 | dual_g 1.3022 | dual_d 0.7791 | train_acc 0.9646 | train_full 0.9720 | val_acc 0.9417 | val_f1 0.9198 | grad(main/disc) 9.574/1.343 | lr(main/disc) 7.00e-05/3.50e-05 | 78.4s
2026-08-21 21:05:53 | Epoch 021/100 | loss 2.5845 | cls 1.3490 | tal -0.1362 | dual_g 1.2764 | dual_d 0.8458 | train_acc 0.9833 | train_full 0.9785 | val_acc 0.9667 | val_f1 0.9558 | grad(main/disc) 8.076/1.390 | lr(main/disc) 7.00e-05/3.50e-05 | 74.9s
2026-08-21 21:05:53 | New best val_f1_macro_present: 0.9558 at epoch 21
2026-08-21 21:07:06 | Epoch 022/100 | loss 2.5998 | cls 1.3575 | tal -0.1497 | dual_g 1.2872 | dual_d 0.8469 | train_acc 0.9771 | train_full 0.9591 | val_acc 0.9083 | val_f1 0.8724 | grad(main/disc) 8.146/1.408 | lr(main/disc) 7.00e-05/3.50e-05 | 72.6s
2026-08-21 21:08:23 | Epoch 023/100 | loss 2.5481 | cls 1.3456 | tal -0.1579 | dual_g 1.2499 | dual_d 0.8842 | train_acc 0.9854 | train_full 0.9892 | val_acc 0.9417 | val_f1 0.9418 | grad(main/disc) 6.943/1.444 | lr(main/disc) 7.00e-05/3.50e-05 | 77.5s
2026-08-21 21:09:42 | Epoch 024/100 | loss 2.5093 | cls 1.3156 | tal -0.2068 | dual_g 1.2558 | dual_d 0.8740 | train_acc 0.9896 | train_full 0.9591 | val_acc 0.9417 | val_f1 0.9085 | grad(main/disc) 6.462/1.408 | lr(main/disc) 7.00e-05/3.50e-05 | 78.3s
2026-08-21 21:10:59 | Epoch 025/100 | loss 2.4943 | cls 1.3115 | tal -0.2201 | dual_g 1.2488 | dual_d 0.9106 | train_acc 0.9875 | train_full 0.9871 | val_acc 0.9583 | val_f1 0.9353 | grad(main/disc) 6.316/1.421 | lr(main/disc) 7.00e-05/3.50e-05 | 76.9s
2026-08-21 21:12:14 | Epoch 026/100 | loss 2.4403 | cls 1.2846 | tal -0.2126 | dual_g 1.2194 | dual_d 0.9636 | train_acc 0.9938 | train_full 0.9634 | val_acc 0.9417 | val_f1 0.9085 | grad(main/disc) 5.642/1.456 | lr(main/disc) 7.00e-05/3.50e-05 | 75.4s
2026-08-21 21:13:34 | Epoch 027/100 | loss 2.4438 | cls 1.2856 | tal -0.1596 | dual_g 1.2061 | dual_d 0.9202 | train_acc 0.9875 | train_full 0.9828 | val_acc 0.9583 | val_f1 0.9464 | grad(main/disc) 5.293/1.406 | lr(main/disc) 7.00e-05/3.50e-05 | 80.0s
2026-08-21 21:14:51 | Epoch 028/100 | loss 2.4216 | cls 1.2732 | tal -0.1638 | dual_g 1.1975 | dual_d 0.9726 | train_acc 0.9938 | train_full 0.9720 | val_acc 0.9583 | val_f1 0.9464 | grad(main/disc) 4.539/1.437 | lr(main/disc) 3.50e-05/1.75e-05 | 76.7s
2026-08-21 21:16:05 | Epoch 029/100 | loss 2.3929 | cls 1.2672 | tal -0.1970 | dual_g 1.1848 | dual_d 0.9878 | train_acc 0.9896 | train_full 0.9871 | val_acc 0.9833 | val_f1 0.9714 | grad(main/disc) 4.469/1.456 | lr(main/disc) 3.50e-05/1.75e-05 | 73.9s
2026-08-21 21:16:05 | New best val_f1_macro_present: 0.9714 at epoch 29
2026-08-21 21:17:19 | Epoch 030/100 | loss 2.3828 | cls 1.2696 | tal -0.1904 | dual_g 1.1703 | dual_d 0.9547 | train_acc 0.9979 | train_full 0.9914 | val_acc 0.9667 | val_f1 0.9594 | grad(main/disc) 4.432/1.414 | lr(main/disc) 3.50e-05/1.75e-05 | 74.2s
2026-08-21 21:18:36 | Epoch 031/100 | loss 2.3985 | cls 1.2697 | tal -0.1867 | dual_g 1.1848 | dual_d 0.9825 | train_acc 0.9958 | train_full 0.9785 | val_acc 0.9500 | val_f1 0.9222 | grad(main/disc) 5.273/1.457 | lr(main/disc) 3.50e-05/1.75e-05 | 76.4s
2026-08-21 21:19:54 | Epoch 032/100 | loss 2.3628 | cls 1.2579 | tal -0.2056 | dual_g 1.1666 | dual_d 1.0055 | train_acc 0.9938 | train_full 0.9892 | val_acc 0.9750 | val_f1 0.9644 | grad(main/disc) 4.633/1.470 | lr(main/disc) 3.50e-05/1.75e-05 | 78.2s
2026-08-21 21:21:09 | Epoch 033/100 | loss 2.3328 | cls 1.2505 | tal -0.2342 | dual_g 1.1526 | dual_d 0.9778 | train_acc 0.9938 | train_full 0.9871 | val_acc 0.9667 | val_f1 0.9594 | grad(main/disc) 4.050/1.452 | lr(main/disc) 3.50e-05/1.75e-05 | 75.5s
2026-08-21 21:22:24 | Epoch 034/100 | loss 2.3348 | cls 1.2531 | tal -0.2486 | dual_g 1.1563 | dual_d 0.9849 | train_acc 0.9938 | train_full 0.9871 | val_acc 0.9750 | val_f1 0.9644 | grad(main/disc) 4.040/1.425 | lr(main/disc) 3.50e-05/1.75e-05 | 75.2s
2026-08-21 21:23:40 | Epoch 035/100 | loss 2.3237 | cls 1.2477 | tal -0.2414 | dual_g 1.1484 | dual_d 0.9913 | train_acc 0.9938 | train_full 0.9763 | val_acc 0.9500 | val_f1 0.9305 | grad(main/disc) 4.039/1.417 | lr(main/disc) 3.50e-05/1.75e-05 | 75.2s
2026-08-21 21:24:54 | Epoch 036/100 | loss 2.3213 | cls 1.2485 | tal -0.2546 | dual_g 1.1492 | dual_d 0.9897 | train_acc 0.9917 | train_full 0.9849 | val_acc 0.9417 | val_f1 0.9153 | grad(main/disc) 4.516/1.423 | lr(main/disc) 1.75e-05/8.75e-06 | 74.6s
2026-08-21 21:26:13 | Epoch 037/100 | loss 2.3282 | cls 1.2363 | tal -0.2290 | dual_g 1.1606 | dual_d 1.0319 | train_acc 0.9979 | train_full 0.9935 | val_acc 0.9667 | val_f1 0.9594 | grad(main/disc) 4.225/1.466 | lr(main/disc) 1.75e-05/8.75e-06 | 78.8s
2026-08-21 21:27:29 | Epoch 038/100 | loss 2.3079 | cls 1.2384 | tal -0.2449 | dual_g 1.1429 | dual_d 0.9885 | train_acc 0.9979 | train_full 0.9806 | val_acc 0.9583 | val_f1 0.9415 | grad(main/disc) 3.679/1.441 | lr(main/disc) 1.75e-05/8.75e-06 | 76.2s
2026-08-21 21:27:29 | Early stopping at epoch 38 after 9 epochs without val_f1_macro_present improvement.
2026-08-21 21:27:29 | Training complete. Best validation accuracy: 0.9833 | best val_f1_macro_present: 0.9714
2026-08-21 21:27:29 | Starting Dual_D standalone training
2026-08-21 21:27:29 | Run directory: runs/module_c_ablation/module_c_no_paired_contrastive_逆光_iter01_20260821_184954
2026-08-21 21:27:29 | Device: cuda
2026-08-21 21:27:29 | Source train samples: 992
2026-08-21 21:27:29 | Target train samples: 132
2026-08-21 21:27:29 | Target val samples: 37
2026-08-21 21:27:29 | Classes: 14
2026-08-21 21:27:29 | Data audit: same_dir=False | path_overlap(vis/ir/ais)=0/0/0 | content_overlap(vis/ir/ais)=0/0/0 | ais_index_overlap=0 | stem_mismatch(vis-ir/vis-ais)=157/0
2026-08-21 21:27:29 | source_train classes: present 14/14 | absent 0 | counts [0:120, 1:44, 2:69, 3:45, 4:40, 5:30, 6:64, 7:80, 8:116, 9:68, 10:57, 11:83, 12:48, 13:128]
2026-08-21 21:27:29 | target_train classes: present 9/14 | absent 5 | counts [0:20, 2:12, 4:12, 5:2, 9:16, 10:16, 11:29, 12:4, 13:21]
2026-08-21 21:27:29 | target_val classes: present 9/14 | absent 5 | counts [0:6, 2:3, 4:4, 5:1, 9:4, 10:4, 11:8, 12:1, 13:6]
2026-08-21 21:27:29 | Paired training classes: 9/14 | class ids [0, 2, 4, 5, 9, 10, 11, 12, 13]
2026-08-21 21:27:29 | VIS/IR pairing: class-level-unpaired | count-mismatch classes train/val: 10/1 | AIS alignment: none | AIS rows train/val: 0/0
2026-08-21 21:27:30 | Model parameters: total=17277714 | trainable=17120210
Starting run 4/12: domain=逆光, iteration=1, seed=45
2026-08-21 21:27:56 | Epoch 001/100 | loss 10.3360 | cls 5.6273 | tal -0.2279 | dual_g 4.7771 | dual_d 0.0000 | train_acc 0.0500 | train_full 0.0152 | val_acc 0.0000 | val_f1 0.0000 | grad(main/disc) 32.677/0.000 | lr(main/disc) 7.00e-05/3.50e-05 | 25.6s
2026-08-21 21:27:56 | New best val_f1_macro_present: 0.0000 at epoch 1
2026-08-21 21:28:23 | Epoch 002/100 | loss 8.7786 | cls 4.8314 | tal -0.3549 | dual_g 4.0536 | dual_d 0.0000 | train_acc 0.1375 | train_full 0.1742 | val_acc 0.1622 | val_f1 0.1313 | grad(main/disc) 27.620/0.000 | lr(main/disc) 7.00e-05/3.50e-05 | 26.8s
2026-08-21 21:28:23 | New best val_f1_macro_present: 0.1313 at epoch 2
2026-08-21 21:28:49 | Epoch 003/100 | loss 7.6452 | cls 4.0490 | tal -0.2142 | dual_g 3.6604 | dual_d 0.0000 | train_acc 0.1938 | train_full 0.3106 | val_acc 0.3514 | val_f1 0.2606 | grad(main/disc) 23.701/0.000 | lr(main/disc) 7.00e-05/3.50e-05 | 25.4s
2026-08-21 21:28:49 | New best val_f1_macro_present: 0.2606 at epoch 3
2026-08-21 21:29:16 | Epoch 004/100 | loss 7.0620 | cls 3.7817 | tal -0.2745 | dual_g 3.3626 | dual_d 0.0000 | train_acc 0.3375 | train_full 0.4621 | val_acc 0.5135 | val_f1 0.4208 | grad(main/disc) 22.469/0.000 | lr(main/disc) 7.00e-05/3.50e-05 | 26.7s
2026-08-21 21:29:16 | New best val_f1_macro_present: 0.4208 at epoch 4
2026-08-21 21:29:42 | Epoch 005/100 | loss 6.5326 | cls 3.5315 | tal -0.3259 | dual_g 3.0989 | dual_d 0.0000 | train_acc 0.3688 | train_full 0.6364 | val_acc 0.5676 | val_f1 0.5591 | grad(main/disc) 21.074/0.000 | lr(main/disc) 7.00e-05/3.50e-05 | 26.6s
2026-08-21 21:29:43 | New best val_f1_macro_present: 0.5591 at epoch 5
2026-08-21 21:30:10 | Epoch 006/100 | loss 6.1890 | cls 3.3861 | tal -0.2496 | dual_g 2.8778 | dual_d 0.7708 | train_acc 0.4562 | train_full 0.7576 | val_acc 0.6486 | val_f1 0.7213 | grad(main/disc) 20.395/1.771 | lr(main/disc) 7.00e-05/3.50e-05 | 27.0s
2026-08-21 21:30:10 | New best val_f1_macro_present: 0.7213 at epoch 6
2026-08-21 21:30:37 | Epoch 007/100 | loss 5.6328 | cls 2.9863 | tal -0.3091 | dual_g 2.7392 | dual_d 0.7512 | train_acc 0.4437 | train_full 0.7955 | val_acc 0.7568 | val_f1 0.7694 | grad(main/disc) 19.379/1.791 | lr(main/disc) 7.00e-05/3.50e-05 | 27.1s
2026-08-21 21:30:37 | New best val_f1_macro_present: 0.7694 at epoch 7
2026-08-21 21:31:04 | Epoch 008/100 | loss 5.5157 | cls 2.9789 | tal -0.2162 | dual_g 2.6016 | dual_d 0.7790 | train_acc 0.4813 | train_full 0.8182 | val_acc 0.7568 | val_f1 0.7585 | grad(main/disc) 20.325/1.810 | lr(main/disc) 7.00e-05/3.50e-05 | 26.6s
2026-08-21 21:31:31 | Epoch 009/100 | loss 5.3002 | cls 2.7567 | tal -0.1495 | dual_g 2.5883 | dual_d 0.7349 | train_acc 0.6125 | train_full 0.8485 | val_acc 0.8108 | val_f1 0.8464 | grad(main/disc) 19.406/1.710 | lr(main/disc) 7.00e-05/3.50e-05 | 26.9s
2026-08-21 21:31:31 | New best val_f1_macro_present: 0.8464 at epoch 9
2026-08-21 21:31:58 | Epoch 010/100 | loss 5.1408 | cls 2.7151 | tal -0.1041 | dual_g 2.4570 | dual_d 0.8059 | train_acc 0.5437 | train_full 0.7727 | val_acc 0.7568 | val_f1 0.7783 | grad(main/disc) 19.233/1.700 | lr(main/disc) 7.00e-05/3.50e-05 | 26.4s
2026-08-21 21:32:24 | Epoch 011/100 | loss 4.8648 | cls 2.4855 | tal -0.1145 | dual_g 2.4137 | dual_d 0.7416 | train_acc 0.6250 | train_full 0.8030 | val_acc 0.8378 | val_f1 0.8365 | grad(main/disc) 19.012/1.729 | lr(main/disc) 7.00e-05/3.50e-05 | 26.1s
2026-08-21 21:32:50 | Epoch 012/100 | loss 4.6185 | cls 2.4196 | tal -0.1355 | dual_g 2.2396 | dual_d 0.7319 | train_acc 0.6875 | train_full 0.8712 | val_acc 0.8649 | val_f1 0.8586 | grad(main/disc) 17.167/1.597 | lr(main/disc) 7.00e-05/3.50e-05 | 26.8s
2026-08-21 21:32:51 | New best val_f1_macro_present: 0.8586 at epoch 12
2026-08-21 21:33:17 | Epoch 013/100 | loss 4.5292 | cls 2.3861 | tal -0.1387 | dual_g 2.1847 | dual_d 0.7891 | train_acc 0.6625 | train_full 0.9091 | val_acc 0.8919 | val_f1 0.9158 | grad(main/disc) 18.337/1.691 | lr(main/disc) 7.00e-05/3.50e-05 | 26.2s
2026-08-21 21:33:17 | New best val_f1_macro_present: 0.9158 at epoch 13
2026-08-21 21:33:44 | Epoch 014/100 | loss 4.3070 | cls 2.2850 | tal -0.2046 | dual_g 2.0834 | dual_d 0.7325 | train_acc 0.7812 | train_full 0.9091 | val_acc 0.9189 | val_f1 0.9358 | grad(main/disc) 16.737/1.650 | lr(main/disc) 7.00e-05/3.50e-05 | 26.3s
2026-08-21 21:33:44 | New best val_f1_macro_present: 0.9358 at epoch 14
2026-08-21 21:34:11 | Epoch 015/100 | loss 4.0705 | cls 2.1631 | tal -0.1965 | dual_g 1.9664 | dual_d 0.7074 | train_acc 0.7750 | train_full 0.9318 | val_acc 0.9189 | val_f1 0.9358 | grad(main/disc) 16.730/1.621 | lr(main/disc) 7.00e-05/3.50e-05 | 27.0s
2026-08-21 21:34:36 | Epoch 016/100 | loss 4.3104 | cls 2.2864 | tal -0.2240 | dual_g 2.0912 | dual_d 0.7660 | train_acc 0.7750 | train_full 0.9545 | val_acc 0.8919 | val_f1 0.9041 | grad(main/disc) 17.817/1.668 | lr(main/disc) 7.00e-05/3.50e-05 | 25.7s
2026-08-21 21:35:04 | Epoch 017/100 | loss 3.7979 | cls 1.9738 | tal -0.2382 | dual_g 1.8956 | dual_d 0.7697 | train_acc 0.8375 | train_full 0.9394 | val_acc 0.9459 | val_f1 0.9578 | grad(main/disc) 14.783/1.575 | lr(main/disc) 7.00e-05/3.50e-05 | 28.0s
2026-08-21 21:35:05 | New best val_f1_macro_present: 0.9578 at epoch 17
2026-08-21 21:35:31 | Epoch 018/100 | loss 3.7091 | cls 1.9256 | tal -0.1838 | dual_g 1.8386 | dual_d 0.7141 | train_acc 0.8562 | train_full 0.9545 | val_acc 0.9189 | val_f1 0.9333 | grad(main/disc) 15.425/1.551 | lr(main/disc) 7.00e-05/3.50e-05 | 26.5s
2026-08-21 21:35:58 | Epoch 019/100 | loss 3.5753 | cls 1.8465 | tal -0.2304 | dual_g 1.7979 | dual_d 0.7801 | train_acc 0.8063 | train_full 0.9242 | val_acc 0.9730 | val_f1 0.9776 | grad(main/disc) 14.091/1.619 | lr(main/disc) 7.00e-05/3.50e-05 | 27.1s
2026-08-21 21:35:59 | New best val_f1_macro_present: 0.9776 at epoch 19
2026-08-21 21:36:24 | Epoch 020/100 | loss 3.6600 | cls 1.8867 | tal -0.2873 | dual_g 1.8594 | dual_d 0.8447 | train_acc 0.8500 | train_full 0.9242 | val_acc 0.9730 | val_f1 0.9776 | grad(main/disc) 15.904/1.640 | lr(main/disc) 7.00e-05/3.50e-05 | 25.7s
2026-08-21 21:36:51 | Epoch 021/100 | loss 3.4931 | cls 1.8094 | tal -0.2095 | dual_g 1.7466 | dual_d 0.7896 | train_acc 0.8375 | train_full 0.9545 | val_acc 0.9730 | val_f1 0.9776 | grad(main/disc) 14.594/1.566 | lr(main/disc) 7.00e-05/3.50e-05 | 26.3s
2026-08-21 21:37:18 | Epoch 022/100 | loss 3.6119 | cls 1.8814 | tal -0.1990 | dual_g 1.7902 | dual_d 0.8095 | train_acc 0.8438 | train_full 0.9394 | val_acc 0.9189 | val_f1 0.9284 | grad(main/disc) 15.362/1.604 | lr(main/disc) 7.00e-05/3.50e-05 | 26.8s
2026-08-21 21:37:45 | Epoch 023/100 | loss 3.7118 | cls 1.9349 | tal -0.2285 | dual_g 1.8455 | dual_d 0.7593 | train_acc 0.8438 | train_full 0.9773 | val_acc 0.9459 | val_f1 0.9578 | grad(main/disc) 17.694/1.530 | lr(main/disc) 7.00e-05/3.50e-05 | 27.1s
2026-08-21 21:38:10 | Epoch 024/100 | loss 3.4233 | cls 1.7784 | tal -0.2601 | dual_g 1.7229 | dual_d 0.8193 | train_acc 0.8625 | train_full 0.9848 | val_acc 0.9459 | val_f1 0.9578 | grad(main/disc) 15.076/1.576 | lr(main/disc) 7.00e-05/3.50e-05 | 25.3s
2026-08-21 21:38:37 | Epoch 025/100 | loss 3.3220 | cls 1.6649 | tal -0.2368 | dual_g 1.7281 | dual_d 0.7815 | train_acc 0.9187 | train_full 0.9924 | val_acc 0.9730 | val_f1 0.9802 | grad(main/disc) 13.333/1.545 | lr(main/disc) 7.00e-05/3.50e-05 | 26.9s
2026-08-21 21:38:37 | New best val_f1_macro_present: 0.9802 at epoch 25
2026-08-21 21:39:03 | Epoch 026/100 | loss 3.2311 | cls 1.6598 | tal -0.2338 | dual_g 1.6414 | dual_d 0.7698 | train_acc 0.9500 | train_full 0.9697 | val_acc 0.9459 | val_f1 0.9578 | grad(main/disc) 12.853/1.541 | lr(main/disc) 7.00e-05/3.50e-05 | 26.2s
2026-08-21 21:39:31 | Epoch 027/100 | loss 3.3705 | cls 1.7368 | tal -0.2029 | dual_g 1.6946 | dual_d 0.7703 | train_acc 0.9000 | train_full 0.9621 | val_acc 0.9730 | val_f1 0.9776 | grad(main/disc) 15.389/1.589 | lr(main/disc) 7.00e-05/3.50e-05 | 28.1s
2026-08-21 21:39:59 | Epoch 028/100 | loss 3.2450 | cls 1.6870 | tal -0.1892 | dual_g 1.6148 | dual_d 0.7794 | train_acc 0.8750 | train_full 0.9697 | val_acc 0.9730 | val_f1 0.9776 | grad(main/disc) 13.945/1.577 | lr(main/disc) 7.00e-05/3.50e-05 | 27.2s
2026-08-21 21:40:25 | Epoch 029/100 | loss 3.1165 | cls 1.5826 | tal -0.1810 | dual_g 1.5883 | dual_d 0.7702 | train_acc 0.9500 | train_full 0.9773 | val_acc 0.8919 | val_f1 0.9055 | grad(main/disc) 12.547/1.512 | lr(main/disc) 7.00e-05/3.50e-05 | 26.1s
2026-08-21 21:40:50 | Epoch 030/100 | loss 3.0825 | cls 1.5658 | tal -0.2031 | dual_g 1.5776 | dual_d 0.7565 | train_acc 0.9313 | train_full 0.9924 | val_acc 0.9730 | val_f1 0.9802 | grad(main/disc) 12.752/1.422 | lr(main/disc) 7.00e-05/3.50e-05 | 25.7s
2026-08-21 21:41:16 | Epoch 031/100 | loss 3.0254 | cls 1.5394 | tal -0.1555 | dual_g 1.5326 | dual_d 0.8028 | train_acc 0.9500 | train_full 0.9924 | val_acc 0.9730 | val_f1 0.9776 | grad(main/disc) 11.435/1.540 | lr(main/disc) 7.00e-05/3.50e-05 | 25.9s
2026-08-21 21:41:42 | Epoch 032/100 | loss 3.0039 | cls 1.5438 | tal -0.1668 | dual_g 1.5101 | dual_d 0.7957 | train_acc 0.9500 | train_full 0.9924 | val_acc 1.0000 | val_f1 1.0000 | grad(main/disc) 11.709/1.486 | lr(main/disc) 7.00e-05/3.50e-05 | 25.3s
2026-08-21 21:41:42 | New best val_f1_macro_present: 1.0000 at epoch 32
2026-08-21 21:42:09 | Epoch 033/100 | loss 3.0605 | cls 1.5726 | tal -0.2123 | dual_g 1.5516 | dual_d 0.7432 | train_acc 0.9187 | train_full 0.9924 | val_acc 1.0000 | val_f1 1.0000 | grad(main/disc) 12.750/1.422 | lr(main/disc) 7.00e-05/3.50e-05 | 27.4s
2026-08-21 21:42:37 | Epoch 034/100 | loss 2.8234 | cls 1.4168 | tal -0.2389 | dual_g 1.4783 | dual_d 0.8203 | train_acc 0.9625 | train_full 0.9924 | val_acc 0.9459 | val_f1 0.9578 | grad(main/disc) 9.585/1.583 | lr(main/disc) 7.00e-05/3.50e-05 | 27.3s
2026-08-21 21:43:04 | Epoch 035/100 | loss 2.9002 | cls 1.4918 | tal -0.1606 | dual_g 1.4566 | dual_d 0.8103 | train_acc 0.9437 | train_full 0.9924 | val_acc 0.9459 | val_f1 0.9578 | grad(main/disc) 10.396/1.460 | lr(main/disc) 7.00e-05/3.50e-05 | 27.1s
2026-08-21 21:43:30 | Epoch 036/100 | loss 2.8695 | cls 1.4318 | tal -0.1606 | dual_g 1.4859 | dual_d 0.8520 | train_acc 0.9563 | train_full 1.0000 | val_acc 0.9730 | val_f1 0.9802 | grad(main/disc) 9.906/1.472 | lr(main/disc) 7.00e-05/3.50e-05 | 26.0s
2026-08-21 21:43:56 | Epoch 037/100 | loss 2.8521 | cls 1.4591 | tal -0.2075 | dual_g 1.4553 | dual_d 0.8979 | train_acc 0.9563 | train_full 1.0000 | val_acc 0.9730 | val_f1 0.9692 | grad(main/disc) 9.846/1.634 | lr(main/disc) 7.00e-05/3.50e-05 | 26.3s
2026-08-21 21:44:23 | Epoch 038/100 | loss 2.8297 | cls 1.4707 | tal -0.2147 | dual_g 1.4235 | dual_d 0.8965 | train_acc 0.9750 | train_full 1.0000 | val_acc 1.0000 | val_f1 1.0000 | grad(main/disc) 12.163/1.588 | lr(main/disc) 7.00e-05/3.50e-05 | 26.9s
2026-08-21 21:44:49 | Epoch 039/100 | loss 2.7783 | cls 1.4425 | tal -0.2321 | dual_g 1.4054 | dual_d 0.8803 | train_acc 0.9688 | train_full 0.9924 | val_acc 1.0000 | val_f1 1.0000 | grad(main/disc) 9.725/1.575 | lr(main/disc) 3.50e-05/1.75e-05 | 25.7s
2026-08-21 21:45:16 | Epoch 040/100 | loss 2.8797 | cls 1.4726 | tal -0.1966 | dual_g 1.4661 | dual_d 0.9142 | train_acc 0.9313 | train_full 0.9924 | val_acc 1.0000 | val_f1 1.0000 | grad(main/disc) 10.758/1.647 | lr(main/disc) 3.50e-05/1.75e-05 | 27.1s
2026-08-21 21:45:42 | Epoch 041/100 | loss 2.7374 | cls 1.4037 | tal -0.2191 | dual_g 1.3994 | dual_d 0.9109 | train_acc 0.9812 | train_full 1.0000 | val_acc 1.0000 | val_f1 1.0000 | grad(main/disc) 8.943/1.612 | lr(main/disc) 3.50e-05/1.75e-05 | 26.5s
2026-08-21 21:45:42 | Early stopping at epoch 41 after 9 epochs without val_f1_macro_present improvement.
2026-08-21 21:45:42 | Training complete. Best validation accuracy: 1.0000 | best val_f1_macro_present: 1.0000
2026-08-21 21:45:42 | Starting Dual_D standalone training
2026-08-21 21:45:42 | Run directory: runs/module_c_ablation/module_c_no_paired_contrastive_逆光_iter02_20260821_184954
2026-08-21 21:45:42 | Device: cuda
2026-08-21 21:45:42 | Source train samples: 992
2026-08-21 21:45:42 | Target train samples: 132
2026-08-21 21:45:42 | Target val samples: 37
2026-08-21 21:45:42 | Classes: 14
2026-08-21 21:45:43 | Data audit: same_dir=False | path_overlap(vis/ir/ais)=0/0/0 | content_overlap(vis/ir/ais)=0/0/0 | ais_index_overlap=0 | stem_mismatch(vis-ir/vis-ais)=157/0
2026-08-21 21:45:43 | source_train classes: present 14/14 | absent 0 | counts [0:120, 1:44, 2:69, 3:45, 4:40, 5:30, 6:64, 7:80, 8:116, 9:68, 10:57, 11:83, 12:48, 13:128]
2026-08-21 21:45:43 | target_train classes: present 9/14 | absent 5 | counts [0:20, 2:12, 4:12, 5:2, 9:16, 10:16, 11:29, 12:4, 13:21]
2026-08-21 21:45:43 | target_val classes: present 9/14 | absent 5 | counts [0:6, 2:3, 4:4, 5:1, 9:4, 10:4, 11:8, 12:1, 13:6]
2026-08-21 21:45:43 | Paired training classes: 9/14 | class ids [0, 2, 4, 5, 9, 10, 11, 12, 13]
2026-08-21 21:45:43 | VIS/IR pairing: class-level-unpaired | count-mismatch classes train/val: 10/1 | AIS alignment: none | AIS rows train/val: 0/0
2026-08-21 21:45:43 | Model parameters: total=17277714 | trainable=17120210
Starting run 5/12: domain=逆光, iteration=2, seed=46
2026-08-21 21:46:10 | Epoch 001/100 | loss 9.9586 | cls 5.4016 | tal -0.1004 | dual_g 4.5871 | dual_d 0.0000 | train_acc 0.0625 | train_full 0.1364 | val_acc 0.1892 | val_f1 0.1038 | grad(main/disc) 32.574/0.000 | lr(main/disc) 7.00e-05/3.50e-05 | 26.5s
2026-08-21 21:46:10 | New best val_f1_macro_present: 0.1038 at epoch 1
2026-08-21 21:46:37 | Epoch 002/100 | loss 8.4456 | cls 4.6516 | tal -0.0666 | dual_g 3.8140 | dual_d 0.0000 | train_acc 0.1250 | train_full 0.1439 | val_acc 0.2703 | val_f1 0.2185 | grad(main/disc) 27.141/0.000 | lr(main/disc) 7.00e-05/3.50e-05 | 26.9s
2026-08-21 21:46:37 | New best val_f1_macro_present: 0.2185 at epoch 2
2026-08-21 21:47:04 | Epoch 003/100 | loss 7.3932 | cls 3.8745 | tal 0.0190 | dual_g 3.5131 | dual_d 0.0000 | train_acc 0.3187 | train_full 0.2121 | val_acc 0.3243 | val_f1 0.2415 | grad(main/disc) 24.396/0.000 | lr(main/disc) 7.00e-05/3.50e-05 | 27.1s
2026-08-21 21:47:05 | New best val_f1_macro_present: 0.2415 at epoch 3
2026-08-21 21:47:31 | Epoch 004/100 | loss 7.0366 | cls 3.7471 | tal 0.0856 | dual_g 3.2638 | dual_d 0.0000 | train_acc 0.2812 | train_full 0.3258 | val_acc 0.3784 | val_f1 0.3986 | grad(main/disc) 22.530/0.000 | lr(main/disc) 7.00e-05/3.50e-05 | 26.1s
2026-08-21 21:47:31 | New best val_f1_macro_present: 0.3986 at epoch 4
2026-08-21 21:47:59 | Epoch 005/100 | loss 6.7992 | cls 3.6699 | tal 0.2648 | dual_g 3.0499 | dual_d 0.0000 | train_acc 0.3750 | train_full 0.6970 | val_acc 0.7297 | val_f1 0.7950 | grad(main/disc) 22.326/0.000 | lr(main/disc) 7.00e-05/3.50e-05 | 27.7s
2026-08-21 21:47:59 | New best val_f1_macro_present: 0.7950 at epoch 5
2026-08-21 21:48:26 | Epoch 006/100 | loss 6.2057 | cls 3.2166 | tal 0.1798 | dual_g 2.9352 | dual_d 0.8036 | train_acc 0.4125 | train_full 0.8030 | val_acc 0.8378 | val_f1 0.8653 | grad(main/disc) 20.648/1.926 | lr(main/disc) 7.00e-05/3.50e-05 | 26.5s
2026-08-21 21:48:26 | New best val_f1_macro_present: 0.8653 at epoch 6
2026-08-21 21:48:52 | Epoch 007/100 | loss 5.8659 | cls 3.0858 | tal 0.2817 | dual_g 2.6956 | dual_d 0.8000 | train_acc 0.4562 | train_full 0.9091 | val_acc 0.9189 | val_f1 0.9299 | grad(main/disc) 20.008/1.966 | lr(main/disc) 7.00e-05/3.50e-05 | 26.4s
2026-08-21 21:48:53 | New best val_f1_macro_present: 0.9299 at epoch 7
2026-08-21 21:49:21 | Epoch 008/100 | loss 5.8182 | cls 3.0359 | tal 0.3367 | dual_g 2.6814 | dual_d 0.8393 | train_acc 0.5188 | train_full 0.8864 | val_acc 0.8919 | val_f1 0.9041 | grad(main/disc) 20.339/1.944 | lr(main/disc) 7.00e-05/3.50e-05 | 27.8s
2026-08-21 21:49:47 | Epoch 009/100 | loss 5.4397 | cls 2.8322 | tal 0.2838 | dual_g 2.5224 | dual_d 0.8013 | train_acc 0.5188 | train_full 0.8788 | val_acc 0.8649 | val_f1 0.8526 | grad(main/disc) 19.453/1.888 | lr(main/disc) 7.00e-05/3.50e-05 | 26.0s
2026-08-21 21:50:13 | Epoch 010/100 | loss 4.9142 | cls 2.5084 | tal 0.2642 | dual_g 2.3265 | dual_d 0.8039 | train_acc 0.7000 | train_full 0.9318 | val_acc 0.9459 | val_f1 0.9616 | grad(main/disc) 18.112/1.896 | lr(main/disc) 7.00e-05/3.50e-05 | 26.7s
2026-08-21 21:50:14 | New best val_f1_macro_present: 0.9616 at epoch 10
2026-08-21 21:50:39 | Epoch 011/100 | loss 4.9364 | cls 2.4900 | tal 0.2279 | dual_g 2.3780 | dual_d 0.7697 | train_acc 0.6625 | train_full 0.9470 | val_acc 0.9459 | val_f1 0.9616 | grad(main/disc) 18.981/1.807 | lr(main/disc) 7.00e-05/3.50e-05 | 25.5s
2026-08-21 21:51:05 | Epoch 012/100 | loss 4.8514 | cls 2.4786 | tal 0.2761 | dual_g 2.2900 | dual_d 0.7532 | train_acc 0.6188 | train_full 0.9545 | val_acc 0.9459 | val_f1 0.9616 | grad(main/disc) 19.007/1.709 | lr(main/disc) 7.00e-05/3.50e-05 | 25.9s
2026-08-21 21:51:31 | Epoch 013/100 | loss 4.6727 | cls 2.3892 | tal 0.1728 | dual_g 2.2316 | dual_d 0.7582 | train_acc 0.7125 | train_full 0.9621 | val_acc 0.9189 | val_f1 0.9303 | grad(main/disc) 19.998/1.674 | lr(main/disc) 7.00e-05/3.50e-05 | 25.9s
2026-08-21 21:51:57 | Epoch 014/100 | loss 4.4076 | cls 2.2784 | tal 0.1577 | dual_g 2.0819 | dual_d 0.7485 | train_acc 0.6937 | train_full 0.9470 | val_acc 0.9459 | val_f1 0.9246 | grad(main/disc) 19.367/1.719 | lr(main/disc) 7.00e-05/3.50e-05 | 25.7s
2026-08-21 21:52:23 | Epoch 015/100 | loss 4.2758 | cls 2.2001 | tal 0.2390 | dual_g 2.0039 | dual_d 0.7233 | train_acc 0.7063 | train_full 0.9621 | val_acc 0.9459 | val_f1 0.9578 | grad(main/disc) 17.119/1.615 | lr(main/disc) 7.00e-05/3.50e-05 | 26.0s
2026-08-21 21:52:49 | Epoch 016/100 | loss 4.1032 | cls 2.1064 | tal 0.1366 | dual_g 1.9558 | dual_d 0.6977 | train_acc 0.7500 | train_full 0.9773 | val_acc 0.9459 | val_f1 0.9616 | grad(main/disc) 16.955/1.574 | lr(main/disc) 7.00e-05/3.50e-05 | 26.2s
2026-08-21 21:53:15 | Epoch 017/100 | loss 4.1654 | cls 2.2032 | tal 0.1462 | dual_g 1.9183 | dual_d 0.6794 | train_acc 0.7625 | train_full 0.9773 | val_acc 0.9459 | val_f1 0.9616 | grad(main/disc) 18.002/1.648 | lr(main/disc) 3.50e-05/1.75e-05 | 26.7s
2026-08-21 21:53:42 | Epoch 018/100 | loss 4.0366 | cls 1.9965 | tal 0.2111 | dual_g 1.9768 | dual_d 0.7001 | train_acc 0.8000 | train_full 0.9848 | val_acc 0.9189 | val_f1 0.9303 | grad(main/disc) 16.631/1.580 | lr(main/disc) 3.50e-05/1.75e-05 | 26.6s
2026-08-21 21:54:08 | Epoch 019/100 | loss 3.8239 | cls 1.9178 | tal 0.1519 | dual_g 1.8606 | dual_d 0.7036 | train_acc 0.8313 | train_full 0.9848 | val_acc 0.9459 | val_f1 0.9578 | grad(main/disc) 17.542/1.499 | lr(main/disc) 3.50e-05/1.75e-05 | 25.9s
2026-08-21 21:54:34 | Epoch 020/100 | loss 3.7180 | cls 1.8657 | tal 0.1637 | dual_g 1.8032 | dual_d 0.6966 | train_acc 0.8375 | train_full 0.9848 | val_acc 0.9730 | val_f1 0.9802 | grad(main/disc) 14.383/1.553 | lr(main/disc) 3.50e-05/1.75e-05 | 25.8s
2026-08-21 21:54:34 | New best val_f1_macro_present: 0.9802 at epoch 20
2026-08-21 21:55:01 | Epoch 021/100 | loss 3.7570 | cls 1.8793 | tal 0.0354 | dual_g 1.8671 | dual_d 0.6809 | train_acc 0.8625 | train_full 0.9621 | val_acc 0.9459 | val_f1 0.9485 | grad(main/disc) 16.341/1.497 | lr(main/disc) 3.50e-05/1.75e-05 | 26.8s
2026-08-21 21:55:28 | Epoch 022/100 | loss 3.6270 | cls 1.8060 | tal 0.0808 | dual_g 1.7967 | dual_d 0.8087 | train_acc 0.8688 | train_full 0.9394 | val_acc 0.9730 | val_f1 0.9802 | grad(main/disc) 15.338/1.746 | lr(main/disc) 3.50e-05/1.75e-05 | 26.8s
2026-08-21 21:55:55 | Epoch 023/100 | loss 3.7043 | cls 1.8956 | tal -0.0144 | dual_g 1.8130 | dual_d 0.7419 | train_acc 0.8063 | train_full 0.9394 | val_acc 0.9730 | val_f1 0.9802 | grad(main/disc) 16.224/1.578 | lr(main/disc) 3.50e-05/1.75e-05 | 26.9s
2026-08-21 21:56:21 | Epoch 024/100 | loss 3.6776 | cls 1.8992 | tal 0.0485 | dual_g 1.7638 | dual_d 0.7463 | train_acc 0.8375 | train_full 0.9848 | val_acc 0.9730 | val_f1 0.9802 | grad(main/disc) 15.121/1.634 | lr(main/disc) 3.50e-05/1.75e-05 | 26.2s
2026-08-21 21:56:47 | Epoch 025/100 | loss 3.6508 | cls 1.8443 | tal 0.1478 | dual_g 1.7621 | dual_d 0.7130 | train_acc 0.8812 | train_full 0.9848 | val_acc 0.9459 | val_f1 0.9485 | grad(main/disc) 15.029/1.518 | lr(main/disc) 3.50e-05/1.75e-05 | 26.5s
2026-08-21 21:57:13 | Epoch 026/100 | loss 3.6030 | cls 1.8323 | tal 0.0564 | dual_g 1.7538 | dual_d 0.7322 | train_acc 0.8250 | train_full 0.9848 | val_acc 0.9730 | val_f1 0.9802 | grad(main/disc) 16.866/1.594 | lr(main/disc) 3.50e-05/1.75e-05 | 26.1s
2026-08-21 21:57:40 | Epoch 027/100 | loss 3.5099 | cls 1.8184 | tal 0.0710 | dual_g 1.6702 | dual_d 0.8014 | train_acc 0.8812 | train_full 0.9848 | val_acc 1.0000 | val_f1 1.0000 | grad(main/disc) 16.282/1.649 | lr(main/disc) 3.50e-05/1.75e-05 | 27.0s
2026-08-21 21:57:41 | New best val_f1_macro_present: 1.0000 at epoch 27
2026-08-21 21:58:07 | Epoch 028/100 | loss 3.6690 | cls 1.8653 | tal 0.0847 | dual_g 1.7783 | dual_d 0.7375 | train_acc 0.8500 | train_full 0.9924 | val_acc 1.0000 | val_f1 1.0000 | grad(main/disc) 17.423/1.559 | lr(main/disc) 3.50e-05/1.75e-05 | 26.0s
2026-08-21 21:58:33 | Epoch 029/100 | loss 3.4994 | cls 1.7604 | tal 0.0333 | dual_g 1.7290 | dual_d 0.7287 | train_acc 0.9000 | train_full 0.9924 | val_acc 1.0000 | val_f1 1.0000 | grad(main/disc) 16.071/1.601 | lr(main/disc) 3.50e-05/1.75e-05 | 26.7s
2026-08-21 21:59:00 | Epoch 030/100 | loss 3.3779 | cls 1.6995 | tal 0.0644 | dual_g 1.6590 | dual_d 0.7450 | train_acc 0.9000 | train_full 0.9848 | val_acc 1.0000 | val_f1 1.0000 | grad(main/disc) 14.179/1.619 | lr(main/disc) 3.50e-05/1.75e-05 | 26.8s
2026-08-21 21:59:26 | Epoch 031/100 | loss 3.3921 | cls 1.6999 | tal -0.0142 | dual_g 1.6964 | dual_d 0.7407 | train_acc 0.9062 | train_full 0.9848 | val_acc 0.9730 | val_f1 0.9802 | grad(main/disc) 15.499/1.565 | lr(main/disc) 3.50e-05/1.75e-05 | 25.7s
2026-08-21 21:59:52 | Epoch 032/100 | loss 3.4343 | cls 1.7025 | tal 0.0542 | dual_g 1.7156 | dual_d 0.7406 | train_acc 0.9187 | train_full 0.9848 | val_acc 1.0000 | val_f1 1.0000 | grad(main/disc) 15.247/1.571 | lr(main/disc) 3.50e-05/1.75e-05 | 26.4s
2026-08-21 22:00:19 | Epoch 033/100 | loss 3.3595 | cls 1.7027 | tal 0.0296 | dual_g 1.6479 | dual_d 0.7882 | train_acc 0.9250 | train_full 0.9924 | val_acc 1.0000 | val_f1 1.0000 | grad(main/disc) 16.355/1.637 | lr(main/disc) 3.50e-05/1.75e-05 | 27.1s
2026-08-21 22:00:47 | Epoch 034/100 | loss 3.2057 | cls 1.5837 | tal 0.0553 | dual_g 1.6055 | dual_d 0.7402 | train_acc 0.9250 | train_full 1.0000 | val_acc 0.9730 | val_f1 0.9802 | grad(main/disc) 12.384/1.569 | lr(main/disc) 1.75e-05/8.75e-06 | 27.7s
2026-08-21 22:01:14 | Epoch 035/100 | loss 3.3215 | cls 1.7117 | tal 0.0278 | dual_g 1.6016 | dual_d 0.6634 | train_acc 0.8938 | train_full 0.9924 | val_acc 0.9730 | val_f1 0.9802 | grad(main/disc) 14.932/1.472 | lr(main/disc) 1.75e-05/8.75e-06 | 27.1s
2026-08-21 22:01:42 | Epoch 036/100 | loss 3.3663 | cls 1.6713 | tal 0.0517 | dual_g 1.6794 | dual_d 0.6916 | train_acc 0.9000 | train_full 1.0000 | val_acc 1.0000 | val_f1 1.0000 | grad(main/disc) 15.978/1.559 | lr(main/disc) 1.75e-05/8.75e-06 | 27.7s
2026-08-21 22:01:42 | Early stopping at epoch 36 after 9 epochs without val_f1_macro_present improvement.
2026-08-21 22:01:42 | Training complete. Best validation accuracy: 1.0000 | best val_f1_macro_present: 1.0000
2026-08-21 22:01:42 | Starting Dual_D standalone training
2026-08-21 22:01:42 | Run directory: runs/module_c_ablation/module_c_no_paired_contrastive_逆光_iter03_20260821_184954
2026-08-21 22:01:42 | Device: cuda
2026-08-21 22:01:42 | Source train samples: 992
2026-08-21 22:01:42 | Target train samples: 132
2026-08-21 22:01:42 | Target val samples: 37
2026-08-21 22:01:42 | Classes: 14
2026-08-21 22:01:42 | Data audit: same_dir=False | path_overlap(vis/ir/ais)=0/0/0 | content_overlap(vis/ir/ais)=0/0/0 | ais_index_overlap=0 | stem_mismatch(vis-ir/vis-ais)=157/0
2026-08-21 22:01:42 | source_train classes: present 14/14 | absent 0 | counts [0:120, 1:44, 2:69, 3:45, 4:40, 5:30, 6:64, 7:80, 8:116, 9:68, 10:57, 11:83, 12:48, 13:128]
2026-08-21 22:01:42 | target_train classes: present 9/14 | absent 5 | counts [0:20, 2:12, 4:12, 5:2, 9:16, 10:16, 11:29, 12:4, 13:21]
2026-08-21 22:01:42 | target_val classes: present 9/14 | absent 5 | counts [0:6, 2:3, 4:4, 5:1, 9:4, 10:4, 11:8, 12:1, 13:6]
2026-08-21 22:01:42 | Paired training classes: 9/14 | class ids [0, 2, 4, 5, 9, 10, 11, 12, 13]
2026-08-21 22:01:42 | VIS/IR pairing: class-level-unpaired | count-mismatch classes train/val: 10/1 | AIS alignment: none | AIS rows train/val: 0/0
2026-08-21 22:01:43 | Model parameters: total=17277714 | trainable=17120210
Starting run 6/12: domain=逆光, iteration=3, seed=47
2026-08-21 22:02:09 | Epoch 001/100 | loss 9.7721 | cls 5.3484 | tal -0.0055 | dual_g 4.4253 | dual_d 0.0000 | train_acc 0.1375 | train_full 0.1364 | val_acc 0.1892 | val_f1 0.0634 | grad(main/disc) 30.167/0.000 | lr(main/disc) 7.00e-05/3.50e-05 | 26.7s
2026-08-21 22:02:10 | New best val_f1_macro_present: 0.0634 at epoch 1
2026-08-21 22:02:36 | Epoch 002/100 | loss 8.5414 | cls 4.5896 | tal 0.1912 | dual_g 3.8945 | dual_d 0.0000 | train_acc 0.1750 | train_full 0.2424 | val_acc 0.2432 | val_f1 0.0857 | grad(main/disc) 25.187/0.000 | lr(main/disc) 7.00e-05/3.50e-05 | 26.5s
2026-08-21 22:02:36 | New best val_f1_macro_present: 0.0857 at epoch 2
2026-08-21 22:03:02 | Epoch 003/100 | loss 7.6240 | cls 4.0203 | tal 0.0784 | dual_g 3.5802 | dual_d 0.0000 | train_acc 0.2875 | train_full 0.1894 | val_acc 0.2703 | val_f1 0.1058 | grad(main/disc) 22.827/0.000 | lr(main/disc) 7.00e-05/3.50e-05 | 25.1s
2026-08-21 22:03:02 | New best val_f1_macro_present: 0.1058 at epoch 3
2026-08-21 22:03:29 | Epoch 004/100 | loss 6.7646 | cls 3.6950 | tal 0.0782 | dual_g 3.0462 | dual_d 0.0000 | train_acc 0.3625 | train_full 0.3258 | val_acc 0.4054 | val_f1 0.3504 | grad(main/disc) 21.089/0.000 | lr(main/disc) 7.00e-05/3.50e-05 | 26.7s
2026-08-21 22:03:29 | New best val_f1_macro_present: 0.3504 at epoch 4
2026-08-21 22:03:57 | Epoch 005/100 | loss 6.4248 | cls 3.4271 | tal -0.0190 | dual_g 3.0034 | dual_d 0.0000 | train_acc 0.4062 | train_full 0.5606 | val_acc 0.6486 | val_f1 0.6471 | grad(main/disc) 20.424/0.000 | lr(main/disc) 7.00e-05/3.50e-05 | 27.8s
2026-08-21 22:03:57 | New best val_f1_macro_present: 0.6471 at epoch 5
2026-08-21 22:04:23 | Epoch 006/100 | loss 6.2738 | cls 3.3052 | tal 0.0134 | dual_g 2.9646 | dual_d 0.8875 | train_acc 0.3812 | train_full 0.8030 | val_acc 0.7568 | val_f1 0.7606 | grad(main/disc) 19.479/1.923 | lr(main/disc) 7.00e-05/3.50e-05 | 26.1s
2026-08-21 22:04:23 | New best val_f1_macro_present: 0.7606 at epoch 6
2026-08-21 22:04:50 | Epoch 007/100 | loss 5.7042 | cls 2.9971 | tal 0.0058 | dual_g 2.7053 | dual_d 0.8347 | train_acc 0.5125 | train_full 0.8409 | val_acc 0.7568 | val_f1 0.7444 | grad(main/disc) 18.508/1.859 | lr(main/disc) 7.00e-05/3.50e-05 | 26.9s
2026-08-21 22:05:16 | Epoch 008/100 | loss 5.5753 | cls 2.9159 | tal 0.0310 | dual_g 2.6501 | dual_d 0.8047 | train_acc 0.4875 | train_full 0.8864 | val_acc 0.8108 | val_f1 0.8411 | grad(main/disc) 18.544/1.771 | lr(main/disc) 7.00e-05/3.50e-05 | 25.6s
2026-08-21 22:05:16 | New best val_f1_macro_present: 0.8411 at epoch 8
2026-08-21 22:05:41 | Epoch 009/100 | loss 5.3272 | cls 2.8612 | tal 0.0084 | dual_g 2.4635 | dual_d 0.8170 | train_acc 0.5938 | train_full 0.9015 | val_acc 0.8378 | val_f1 0.8644 | grad(main/disc) 18.333/1.812 | lr(main/disc) 7.00e-05/3.50e-05 | 25.0s
2026-08-21 22:05:42 | New best val_f1_macro_present: 0.8644 at epoch 9
2026-08-21 22:06:09 | Epoch 010/100 | loss 5.1081 | cls 2.6597 | tal 0.0107 | dual_g 2.4451 | dual_d 0.7560 | train_acc 0.5875 | train_full 0.8939 | val_acc 0.9189 | val_f1 0.9331 | grad(main/disc) 17.740/1.650 | lr(main/disc) 7.00e-05/3.50e-05 | 27.5s
2026-08-21 22:06:09 | New best val_f1_macro_present: 0.9331 at epoch 10
2026-08-21 22:06:34 | Epoch 011/100 | loss 4.8436 | cls 2.5655 | tal 0.0029 | dual_g 2.2772 | dual_d 0.7902 | train_acc 0.6625 | train_full 0.9167 | val_acc 0.9189 | val_f1 0.9161 | grad(main/disc) 17.685/1.710 | lr(main/disc) 7.00e-05/3.50e-05 | 24.7s
2026-08-21 22:07:00 | Epoch 012/100 | loss 4.7240 | cls 2.4264 | tal 0.0029 | dual_g 2.2968 | dual_d 0.7477 | train_acc 0.7063 | train_full 0.8788 | val_acc 0.8919 | val_f1 0.8844 | grad(main/disc) 18.451/1.656 | lr(main/disc) 7.00e-05/3.50e-05 | 26.4s
2026-08-21 22:07:28 | Epoch 013/100 | loss 4.4965 | cls 2.3585 | tal -0.0095 | dual_g 2.1408 | dual_d 0.7011 | train_acc 0.7438 | train_full 0.9318 | val_acc 0.8649 | val_f1 0.8703 | grad(main/disc) 18.065/1.555 | lr(main/disc) 7.00e-05/3.50e-05 | 27.1s
2026-08-21 22:07:54 | Epoch 014/100 | loss 4.2055 | cls 2.2061 | tal -0.0128 | dual_g 2.0032 | dual_d 0.7585 | train_acc 0.7875 | train_full 0.9848 | val_acc 0.9459 | val_f1 0.9616 | grad(main/disc) 16.979/1.705 | lr(main/disc) 7.00e-05/3.50e-05 | 26.4s
2026-08-21 22:07:54 | New best val_f1_macro_present: 0.9616 at epoch 14
2026-08-21 22:08:21 | Epoch 015/100 | loss 3.9959 | cls 2.0549 | tal -0.0583 | dual_g 1.9585 | dual_d 0.7732 | train_acc 0.8375 | train_full 0.9545 | val_acc 0.8919 | val_f1 0.9079 | grad(main/disc) 16.316/1.650 | lr(main/disc) 7.00e-05/3.50e-05 | 26.4s
2026-08-21 22:08:48 | Epoch 016/100 | loss 3.9146 | cls 2.1064 | tal -0.0853 | dual_g 1.8337 | dual_d 0.7829 | train_acc 0.7562 | train_full 0.9394 | val_acc 0.8919 | val_f1 0.9079 | grad(main/disc) 17.084/1.664 | lr(main/disc) 7.00e-05/3.50e-05 | 27.3s
2026-08-21 22:09:15 | Epoch 017/100 | loss 4.0329 | cls 2.1337 | tal -0.0095 | dual_g 1.9020 | dual_d 0.7477 | train_acc 0.8313 | train_full 0.9621 | val_acc 0.9189 | val_f1 0.9161 | grad(main/disc) 17.032/1.597 | lr(main/disc) 7.00e-05/3.50e-05 | 27.3s
2026-08-21 22:09:42 | Epoch 018/100 | loss 3.6247 | cls 1.8464 | tal -0.0299 | dual_g 1.7872 | dual_d 0.7367 | train_acc 0.8375 | train_full 0.9697 | val_acc 0.9459 | val_f1 0.9311 | grad(main/disc) 14.378/1.535 | lr(main/disc) 7.00e-05/3.50e-05 | 26.4s
2026-08-21 22:10:08 | Epoch 019/100 | loss 3.6457 | cls 1.9115 | tal 0.0019 | dual_g 1.7337 | dual_d 0.7886 | train_acc 0.8562 | train_full 0.9697 | val_acc 0.9189 | val_f1 0.9087 | grad(main/disc) 15.565/1.658 | lr(main/disc) 7.00e-05/3.50e-05 | 26.9s
2026-08-21 22:10:35 | Epoch 020/100 | loss 3.5340 | cls 1.7780 | tal -0.0184 | dual_g 1.7615 | dual_d 0.7601 | train_acc 0.9000 | train_full 0.9924 | val_acc 0.9459 | val_f1 0.9578 | grad(main/disc) 15.317/1.588 | lr(main/disc) 7.00e-05/3.50e-05 | 26.9s
2026-08-21 22:11:01 | Epoch 021/100 | loss 3.4445 | cls 1.7631 | tal -0.0601 | dual_g 1.6994 | dual_d 0.7525 | train_acc 0.8750 | train_full 0.9848 | val_acc 0.9189 | val_f1 0.9358 | grad(main/disc) 13.444/1.544 | lr(main/disc) 3.50e-05/1.75e-05 | 25.7s
2026-08-21 22:11:28 | Epoch 022/100 | loss 3.3456 | cls 1.7325 | tal -0.0908 | dual_g 1.6403 | dual_d 0.8028 | train_acc 0.9062 | train_full 0.9924 | val_acc 0.9189 | val_f1 0.9358 | grad(main/disc) 13.130/1.557 | lr(main/disc) 3.50e-05/1.75e-05 | 26.9s
2026-08-21 22:11:55 | Epoch 023/100 | loss 3.3284 | cls 1.7483 | tal -0.1462 | dual_g 1.6239 | dual_d 0.7511 | train_acc 0.8938 | train_full 0.9924 | val_acc 0.9459 | val_f1 0.9556 | grad(main/disc) 13.409/1.487 | lr(main/disc) 3.50e-05/1.75e-05 | 26.7s
2026-08-21 22:11:55 | Early stopping at epoch 23 after 9 epochs without val_f1_macro_present improvement.
2026-08-21 22:11:55 | Training complete. Best validation accuracy: 0.9459 | best val_f1_macro_present: 0.9616
2026-08-21 22:11:55 | Starting Dual_D standalone training
2026-08-21 22:11:55 | Run directory: runs/module_c_ablation/module_c_no_paired_contrastive_雾天_iter01_20260821_184954
2026-08-21 22:11:55 | Device: cuda
2026-08-21 22:11:55 | Source train samples: 992
2026-08-21 22:11:55 | Target train samples: 507
2026-08-21 22:11:55 | Target val samples: 132
2026-08-21 22:11:55 | Classes: 14
2026-08-21 22:11:55 | Data audit: same_dir=False | path_overlap(vis/ir/ais)=0/0/0 | content_overlap(vis/ir/ais)=0/0/0 | ais_index_overlap=0 | stem_mismatch(vis-ir/vis-ais)=630/0
2026-08-21 22:11:55 | source_train classes: present 14/14 | absent 0 | counts [0:120, 1:44, 2:69, 3:45, 4:40, 5:30, 6:64, 7:80, 8:116, 9:68, 10:57, 11:83, 12:48, 13:128]
2026-08-21 22:11:55 | target_train classes: present 9/14 | absent 5 | counts [0:35, 1:18, 2:119, 6:110, 8:25, 9:50, 10:48, 12:9, 13:93]
2026-08-21 22:11:55 | target_val classes: present 9/14 | absent 5 | counts [0:9, 1:5, 2:30, 6:28, 8:7, 9:13, 10:13, 12:3, 13:24]
2026-08-21 22:11:55 | Paired training classes: 9/14 | class ids [0, 1, 2, 6, 8, 9, 10, 12, 13]
2026-08-21 22:11:55 | VIS/IR pairing: class-level-unpaired | count-mismatch classes train/val: 10/2 | AIS alignment: none | AIS rows train/val: 0/0
2026-08-21 22:11:55 | Model parameters: total=17277714 | trainable=17120210
Starting run 7/12: domain=雾天, iteration=1, seed=48
2026-08-21 22:13:17 | Epoch 001/100 | loss 8.9897 | cls 4.7855 | tal 0.0087 | dual_g 4.2015 | dual_d 0.0000 | train_acc 0.1367 | train_full 0.2268 | val_acc 0.2045 | val_f1 0.1320 | grad(main/disc) 27.770/0.000 | lr(main/disc) 7.00e-05/3.50e-05 | 81.9s
2026-08-21 22:13:17 | New best val_f1_macro_present: 0.1320 at epoch 1
2026-08-21 22:14:35 | Epoch 002/100 | loss 7.1993 | cls 3.7974 | tal -0.0484 | dual_g 3.4165 | dual_d 0.0000 | train_acc 0.2383 | train_full 0.3886 | val_acc 0.3939 | val_f1 0.3644 | grad(main/disc) 22.416/0.000 | lr(main/disc) 7.00e-05/3.50e-05 | 77.3s
2026-08-21 22:14:35 | New best val_f1_macro_present: 0.3644 at epoch 2
2026-08-21 22:15:55 | Epoch 003/100 | loss 6.5523 | cls 3.4719 | tal -0.0838 | dual_g 3.1056 | dual_d 0.0000 | train_acc 0.2969 | train_full 0.4675 | val_acc 0.4394 | val_f1 0.4736 | grad(main/disc) 20.300/0.000 | lr(main/disc) 7.00e-05/3.50e-05 | 79.7s
2026-08-21 22:15:55 | New best val_f1_macro_present: 0.4736 at epoch 3
2026-08-21 22:17:17 | Epoch 004/100 | loss 6.0619 | cls 3.1878 | tal -0.0964 | dual_g 2.9030 | dual_d 0.0000 | train_acc 0.3613 | train_full 0.6134 | val_acc 0.5682 | val_f1 0.6127 | grad(main/disc) 19.847/0.000 | lr(main/disc) 7.00e-05/3.50e-05 | 82.3s
2026-08-21 22:17:18 | New best val_f1_macro_present: 0.6127 at epoch 4
2026-08-21 22:18:37 | Epoch 005/100 | loss 5.4748 | cls 2.8971 | tal -0.1297 | dual_g 2.6165 | dual_d 0.0000 | train_acc 0.4668 | train_full 0.6706 | val_acc 0.6364 | val_f1 0.6553 | grad(main/disc) 19.134/0.000 | lr(main/disc) 7.00e-05/3.50e-05 | 79.5s
2026-08-21 22:18:38 | New best val_f1_macro_present: 0.6553 at epoch 5
2026-08-21 22:19:56 | Epoch 006/100 | loss 4.9742 | cls 2.5561 | tal -0.1242 | dual_g 2.4553 | dual_d 0.9265 | train_acc 0.5527 | train_full 0.6746 | val_acc 0.6742 | val_f1 0.6946 | grad(main/disc) 19.285/1.989 | lr(main/disc) 7.00e-05/3.50e-05 | 78.6s
2026-08-21 22:19:56 | New best val_f1_macro_present: 0.6946 at epoch 6
2026-08-21 22:21:20 | Epoch 007/100 | loss 4.7216 | cls 2.4763 | tal -0.0950 | dual_g 2.2738 | dual_d 0.9136 | train_acc 0.5703 | train_full 0.8087 | val_acc 0.7652 | val_f1 0.7472 | grad(main/disc) 18.777/1.985 | lr(main/disc) 7.00e-05/3.50e-05 | 83.6s
2026-08-21 22:21:20 | New best val_f1_macro_present: 0.7472 at epoch 7
2026-08-21 22:22:42 | Epoch 008/100 | loss 4.5029 | cls 2.3481 | tal -0.1555 | dual_g 2.2015 | dual_d 0.8319 | train_acc 0.6426 | train_full 0.7673 | val_acc 0.7197 | val_f1 0.7173 | grad(main/disc) 20.075/1.852 | lr(main/disc) 7.00e-05/3.50e-05 | 81.4s
2026-08-21 22:24:06 | Epoch 009/100 | loss 4.1730 | cls 2.1677 | tal -0.1292 | dual_g 2.0441 | dual_d 0.8172 | train_acc 0.6719 | train_full 0.7968 | val_acc 0.7803 | val_f1 0.7865 | grad(main/disc) 18.810/1.789 | lr(main/disc) 7.00e-05/3.50e-05 | 83.7s
2026-08-21 22:24:06 | New best val_f1_macro_present: 0.7865 at epoch 9
2026-08-21 22:25:29 | Epoch 010/100 | loss 3.9606 | cls 2.0601 | tal -0.0825 | dual_g 1.9253 | dual_d 0.7840 | train_acc 0.7305 | train_full 0.8540 | val_acc 0.8258 | val_f1 0.8252 | grad(main/disc) 17.186/1.759 | lr(main/disc) 7.00e-05/3.50e-05 | 82.8s
2026-08-21 22:25:29 | New best val_f1_macro_present: 0.8252 at epoch 10
2026-08-21 22:26:48 | Epoch 011/100 | loss 3.6992 | cls 1.8939 | tal -0.0862 | dual_g 1.8312 | dual_d 0.7516 | train_acc 0.7793 | train_full 0.9132 | val_acc 0.8788 | val_f1 0.8561 | grad(main/disc) 16.600/1.703 | lr(main/disc) 7.00e-05/3.50e-05 | 78.9s
2026-08-21 22:26:48 | New best val_f1_macro_present: 0.8561 at epoch 11
2026-08-21 22:28:13 | Epoch 012/100 | loss 3.5381 | cls 1.7943 | tal -0.0952 | dual_g 1.7724 | dual_d 0.7770 | train_acc 0.8047 | train_full 0.8856 | val_acc 0.8106 | val_f1 0.7957 | grad(main/disc) 16.589/1.652 | lr(main/disc) 7.00e-05/3.50e-05 | 84.3s
2026-08-21 22:29:33 | Epoch 013/100 | loss 3.4013 | cls 1.7454 | tal -0.1115 | dual_g 1.6893 | dual_d 0.7385 | train_acc 0.8281 | train_full 0.9172 | val_acc 0.9091 | val_f1 0.9043 | grad(main/disc) 15.879/1.593 | lr(main/disc) 7.00e-05/3.50e-05 | 80.2s
2026-08-21 22:29:33 | New best val_f1_macro_present: 0.9043 at epoch 13
2026-08-21 22:30:55 | Epoch 014/100 | loss 3.2726 | cls 1.6730 | tal -0.1219 | dual_g 1.6362 | dual_d 0.7545 | train_acc 0.8359 | train_full 0.9152 | val_acc 0.8788 | val_f1 0.8777 | grad(main/disc) 14.886/1.601 | lr(main/disc) 7.00e-05/3.50e-05 | 82.2s
2026-08-21 22:32:18 | Epoch 015/100 | loss 3.1561 | cls 1.6143 | tal -0.1127 | dual_g 1.5756 | dual_d 0.7410 | train_acc 0.8828 | train_full 0.9527 | val_acc 0.9394 | val_f1 0.9316 | grad(main/disc) 14.790/1.567 | lr(main/disc) 7.00e-05/3.50e-05 | 82.8s
2026-08-21 22:32:18 | New best val_f1_macro_present: 0.9316 at epoch 15
2026-08-21 22:33:40 | Epoch 016/100 | loss 3.0296 | cls 1.5311 | tal -0.0977 | dual_g 1.5277 | dual_d 0.7229 | train_acc 0.9062 | train_full 0.9389 | val_acc 0.9167 | val_f1 0.9101 | grad(main/disc) 13.037/1.537 | lr(main/disc) 7.00e-05/3.50e-05 | 81.7s
2026-08-21 22:34:58 | Epoch 017/100 | loss 3.0667 | cls 1.5906 | tal -0.1120 | dual_g 1.5097 | dual_d 0.7611 | train_acc 0.9082 | train_full 0.9744 | val_acc 0.9470 | val_f1 0.9101 | grad(main/disc) 13.727/1.559 | lr(main/disc) 7.00e-05/3.50e-05 | 78.2s
2026-08-21 22:36:21 | Epoch 018/100 | loss 2.9691 | cls 1.5318 | tal -0.1208 | dual_g 1.4735 | dual_d 0.7292 | train_acc 0.9277 | train_full 0.9665 | val_acc 0.9394 | val_f1 0.9238 | grad(main/disc) 13.544/1.477 | lr(main/disc) 7.00e-05/3.50e-05 | 82.9s
2026-08-21 22:37:42 | Epoch 019/100 | loss 2.9120 | cls 1.4892 | tal -0.0807 | dual_g 1.4471 | dual_d 0.7496 | train_acc 0.9355 | train_full 0.9625 | val_acc 0.9621 | val_f1 0.9549 | grad(main/disc) 12.273/1.476 | lr(main/disc) 7.00e-05/3.50e-05 | 80.5s
2026-08-21 22:37:42 | New best val_f1_macro_present: 0.9549 at epoch 19
2026-08-21 22:39:03 | Epoch 020/100 | loss 2.8555 | cls 1.4594 | tal -0.0337 | dual_g 1.4061 | dual_d 0.7884 | train_acc 0.9277 | train_full 0.9645 | val_acc 0.9470 | val_f1 0.9360 | grad(main/disc) 10.607/1.520 | lr(main/disc) 7.00e-05/3.50e-05 | 81.4s
2026-08-21 22:40:22 | Epoch 021/100 | loss 2.8345 | cls 1.4488 | tal -0.0636 | dual_g 1.4048 | dual_d 0.7858 | train_acc 0.9473 | train_full 0.9724 | val_acc 0.9621 | val_f1 0.9483 | grad(main/disc) 11.368/1.504 | lr(main/disc) 7.00e-05/3.50e-05 | 78.7s
2026-08-21 22:41:42 | Epoch 022/100 | loss 2.7783 | cls 1.4262 | tal -0.0787 | dual_g 1.3757 | dual_d 0.8204 | train_acc 0.9473 | train_full 0.9744 | val_acc 0.9621 | val_f1 0.9483 | grad(main/disc) 10.248/1.541 | lr(main/disc) 7.00e-05/3.50e-05 | 80.1s
2026-08-21 22:43:05 | Epoch 023/100 | loss 2.7477 | cls 1.4222 | tal -0.1656 | dual_g 1.3752 | dual_d 0.8320 | train_acc 0.9551 | train_full 0.9783 | val_acc 0.9697 | val_f1 0.9717 | grad(main/disc) 10.153/1.521 | lr(main/disc) 7.00e-05/3.50e-05 | 82.2s
2026-08-21 22:43:05 | New best val_f1_macro_present: 0.9717 at epoch 23
2026-08-21 22:44:25 | Epoch 024/100 | loss 2.6895 | cls 1.3984 | tal -0.1855 | dual_g 1.3468 | dual_d 0.8764 | train_acc 0.9551 | train_full 0.9822 | val_acc 0.9773 | val_f1 0.9735 | grad(main/disc) 10.126/1.532 | lr(main/disc) 7.00e-05/3.50e-05 | 80.1s
2026-08-21 22:44:25 | New best val_f1_macro_present: 0.9735 at epoch 24
2026-08-21 22:45:44 | Epoch 025/100 | loss 2.7024 | cls 1.3803 | tal -0.0810 | dual_g 1.3464 | dual_d 0.8393 | train_acc 0.9668 | train_full 0.9921 | val_acc 0.9773 | val_f1 0.9709 | grad(main/disc) 8.734/1.463 | lr(main/disc) 7.00e-05/3.50e-05 | 78.3s
2026-08-21 22:47:03 | Epoch 026/100 | loss 2.6917 | cls 1.3966 | tal -0.1530 | dual_g 1.3410 | dual_d 0.9079 | train_acc 0.9492 | train_full 0.9842 | val_acc 0.9848 | val_f1 0.9830 | grad(main/disc) 9.890/1.566 | lr(main/disc) 7.00e-05/3.50e-05 | 79.1s
2026-08-21 22:47:03 | New best val_f1_macro_present: 0.9830 at epoch 26
2026-08-21 22:48:22 | Epoch 027/100 | loss 2.6425 | cls 1.3615 | tal -0.1649 | dual_g 1.3305 | dual_d 0.8955 | train_acc 0.9648 | train_full 0.9901 | val_acc 0.9773 | val_f1 0.9685 | grad(main/disc) 8.483/1.498 | lr(main/disc) 7.00e-05/3.50e-05 | 78.7s
2026-08-21 22:49:43 | Epoch 028/100 | loss 2.5714 | cls 1.3328 | tal -0.1501 | dual_g 1.2837 | dual_d 0.9449 | train_acc 0.9746 | train_full 0.9961 | val_acc 0.9924 | val_f1 0.9892 | grad(main/disc) 7.039/1.570 | lr(main/disc) 7.00e-05/3.50e-05 | 81.0s
2026-08-21 22:49:43 | New best val_f1_macro_present: 0.9892 at epoch 28
2026-08-21 22:51:03 | Epoch 029/100 | loss 2.5583 | cls 1.3272 | tal -0.1734 | dual_g 1.2831 | dual_d 1.0029 | train_acc 0.9785 | train_full 0.9882 | val_acc 0.9773 | val_f1 0.9773 | grad(main/disc) 7.715/1.584 | lr(main/disc) 7.00e-05/3.50e-05 | 79.9s
2026-08-21 22:52:25 | Epoch 030/100 | loss 2.5575 | cls 1.3442 | tal -0.2418 | dual_g 1.2859 | dual_d 0.9714 | train_acc 0.9668 | train_full 0.9901 | val_acc 0.9773 | val_f1 0.9709 | grad(main/disc) 8.083/1.549 | lr(main/disc) 7.00e-05/3.50e-05 | 81.5s
2026-08-21 22:53:44 | Epoch 031/100 | loss 2.5444 | cls 1.3206 | tal -0.1648 | dual_g 1.2733 | dual_d 0.9771 | train_acc 0.9824 | train_full 0.9901 | val_acc 0.9848 | val_f1 0.9830 | grad(main/disc) 7.770/1.515 | lr(main/disc) 7.00e-05/3.50e-05 | 79.0s
2026-08-21 22:55:06 | Epoch 032/100 | loss 2.4864 | cls 1.2937 | tal -0.1546 | dual_g 1.2391 | dual_d 1.0319 | train_acc 0.9805 | train_full 0.9980 | val_acc 0.9848 | val_f1 0.9850 | grad(main/disc) 6.116/1.544 | lr(main/disc) 7.00e-05/3.50e-05 | 82.1s
2026-08-21 22:56:30 | Epoch 033/100 | loss 2.5165 | cls 1.3021 | tal -0.1533 | dual_g 1.2604 | dual_d 0.9611 | train_acc 0.9824 | train_full 0.9980 | val_acc 0.9621 | val_f1 0.9610 | grad(main/disc) 6.658/1.466 | lr(main/disc) 7.00e-05/3.50e-05 | 84.1s
2026-08-21 22:57:50 | Epoch 034/100 | loss 2.4595 | cls 1.2919 | tal -0.2080 | dual_g 1.2299 | dual_d 0.9927 | train_acc 0.9824 | train_full 0.9980 | val_acc 0.9848 | val_f1 0.9830 | grad(main/disc) 6.154/1.490 | lr(main/disc) 7.00e-05/3.50e-05 | 80.2s
2026-08-21 22:59:13 | Epoch 035/100 | loss 2.4252 | cls 1.2834 | tal -0.2127 | dual_g 1.2056 | dual_d 1.0498 | train_acc 0.9941 | train_full 0.9961 | val_acc 0.9773 | val_f1 0.9773 | grad(main/disc) 5.828/1.562 | lr(main/disc) 3.50e-05/1.75e-05 | 83.3s
2026-08-21 23:00:33 | Epoch 036/100 | loss 2.3994 | cls 1.2647 | tal -0.2318 | dual_g 1.2043 | dual_d 1.0034 | train_acc 0.9961 | train_full 0.9980 | val_acc 0.9848 | val_f1 0.9832 | grad(main/disc) 5.405/1.501 | lr(main/disc) 3.50e-05/1.75e-05 | 80.1s
2026-08-21 23:01:54 | Epoch 037/100 | loss 2.4473 | cls 1.2847 | tal -0.1691 | dual_g 1.2133 | dual_d 1.0007 | train_acc 0.9824 | train_full 0.9980 | val_acc 0.9697 | val_f1 0.9652 | grad(main/disc) 6.175/1.497 | lr(main/disc) 3.50e-05/1.75e-05 | 80.9s
2026-08-21 23:01:54 | Early stopping at epoch 37 after 9 epochs without val_f1_macro_present improvement.
2026-08-21 23:01:54 | Training complete. Best validation accuracy: 0.9924 | best val_f1_macro_present: 0.9892
2026-08-21 23:01:54 | Starting Dual_D standalone training
2026-08-21 23:01:54 | Run directory: runs/module_c_ablation/module_c_no_paired_contrastive_雾天_iter02_20260821_184954
2026-08-21 23:01:54 | Device: cuda
2026-08-21 23:01:54 | Source train samples: 992
2026-08-21 23:01:54 | Target train samples: 507
2026-08-21 23:01:54 | Target val samples: 132
2026-08-21 23:01:54 | Classes: 14
2026-08-21 23:01:54 | Data audit: same_dir=False | path_overlap(vis/ir/ais)=0/0/0 | content_overlap(vis/ir/ais)=0/0/0 | ais_index_overlap=0 | stem_mismatch(vis-ir/vis-ais)=630/0
2026-08-21 23:01:54 | source_train classes: present 14/14 | absent 0 | counts [0:120, 1:44, 2:69, 3:45, 4:40, 5:30, 6:64, 7:80, 8:116, 9:68, 10:57, 11:83, 12:48, 13:128]
2026-08-21 23:01:54 | target_train classes: present 9/14 | absent 5 | counts [0:35, 1:18, 2:119, 6:110, 8:25, 9:50, 10:48, 12:9, 13:93]
2026-08-21 23:01:54 | target_val classes: present 9/14 | absent 5 | counts [0:9, 1:5, 2:30, 6:28, 8:7, 9:13, 10:13, 12:3, 13:24]
2026-08-21 23:01:54 | Paired training classes: 9/14 | class ids [0, 1, 2, 6, 8, 9, 10, 12, 13]
2026-08-21 23:01:54 | VIS/IR pairing: class-level-unpaired | count-mismatch classes train/val: 10/2 | AIS alignment: none | AIS rows train/val: 0/0
2026-08-21 23:01:55 | Model parameters: total=17277714 | trainable=17120210
Starting run 8/12: domain=雾天, iteration=2, seed=49
2026-08-21 23:03:17 | Epoch 001/100 | loss 8.6803 | cls 4.6418 | tal -0.2251 | dual_g 4.1060 | dual_d 0.0000 | train_acc 0.1133 | train_full 0.2229 | val_acc 0.1970 | val_f1 0.1150 | grad(main/disc) 26.520/0.000 | lr(main/disc) 7.00e-05/3.50e-05 | 81.6s
2026-08-21 23:03:17 | New best val_f1_macro_present: 0.1150 at epoch 1
2026-08-21 23:04:38 | Epoch 002/100 | loss 7.3034 | cls 3.8444 | tal -0.0839 | dual_g 3.4842 | dual_d 0.0000 | train_acc 0.1992 | train_full 0.4615 | val_acc 0.4318 | val_f1 0.3271 | grad(main/disc) 21.606/0.000 | lr(main/disc) 7.00e-05/3.50e-05 | 81.0s
2026-08-21 23:04:38 | New best val_f1_macro_present: 0.3271 at epoch 2
2026-08-21 23:05:59 | Epoch 003/100 | loss 6.3498 | cls 3.3106 | tal -0.0213 | dual_g 3.0456 | dual_d 0.0000 | train_acc 0.3223 | train_full 0.6095 | val_acc 0.5530 | val_f1 0.4914 | grad(main/disc) 19.883/0.000 | lr(main/disc) 7.00e-05/3.50e-05 | 80.8s
2026-08-21 23:06:00 | New best val_f1_macro_present: 0.4914 at epoch 3
2026-08-21 23:07:19 | Epoch 004/100 | loss 5.9857 | cls 3.1243 | tal 0.0449 | dual_g 2.8479 | dual_d 0.0000 | train_acc 0.3535 | train_full 0.6568 | val_acc 0.6439 | val_f1 0.5510 | grad(main/disc) 20.162/0.000 | lr(main/disc) 7.00e-05/3.50e-05 | 79.9s
2026-08-21 23:07:20 | New best val_f1_macro_present: 0.5510 at epoch 4
2026-08-21 23:08:39 | Epoch 005/100 | loss 5.4042 | cls 2.8456 | tal -0.1103 | dual_g 2.5917 | dual_d 0.0000 | train_acc 0.4141 | train_full 0.6686 | val_acc 0.6667 | val_f1 0.6673 | grad(main/disc) 20.195/0.000 | lr(main/disc) 7.00e-05/3.50e-05 | 79.7s
2026-08-21 23:08:40 | New best val_f1_macro_present: 0.6673 at epoch 5
2026-08-21 23:10:01 | Epoch 006/100 | loss 4.9987 | cls 2.5877 | tal -0.0577 | dual_g 2.4283 | dual_d 0.7920 | train_acc 0.5273 | train_full 0.6923 | val_acc 0.6894 | val_f1 0.6204 | grad(main/disc) 19.636/1.684 | lr(main/disc) 7.00e-05/3.50e-05 | 81.2s
2026-08-21 23:11:22 | Epoch 007/100 | loss 4.7099 | cls 2.4739 | tal -0.0775 | dual_g 2.2592 | dual_d 0.7824 | train_acc 0.5137 | train_full 0.7988 | val_acc 0.8182 | val_f1 0.7926 | grad(main/disc) 19.347/1.645 | lr(main/disc) 7.00e-05/3.50e-05 | 80.8s
2026-08-21 23:11:22 | New best val_f1_macro_present: 0.7926 at epoch 7
2026-08-21 23:12:46 | Epoch 008/100 | loss 4.4142 | cls 2.2780 | tal -0.0568 | dual_g 2.1532 | dual_d 0.7250 | train_acc 0.6484 | train_full 0.8560 | val_acc 0.8485 | val_f1 0.8503 | grad(main/disc) 19.119/1.547 | lr(main/disc) 7.00e-05/3.50e-05 | 83.4s
2026-08-21 23:12:46 | New best val_f1_macro_present: 0.8503 at epoch 8
2026-08-21 23:14:06 | Epoch 009/100 | loss 4.1198 | cls 2.1189 | tal 0.0056 | dual_g 1.9993 | dual_d 0.7090 | train_acc 0.6797 | train_full 0.8679 | val_acc 0.8636 | val_f1 0.8489 | grad(main/disc) 18.670/1.478 | lr(main/disc) 7.00e-05/3.50e-05 | 79.7s
2026-08-21 23:15:23 | Epoch 010/100 | loss 3.9374 | cls 2.0094 | tal -0.0323 | dual_g 1.9377 | dual_d 0.6711 | train_acc 0.7578 | train_full 0.8718 | val_acc 0.9015 | val_f1 0.9029 | grad(main/disc) 18.798/1.425 | lr(main/disc) 7.00e-05/3.50e-05 | 77.2s
2026-08-21 23:15:23 | New best val_f1_macro_present: 0.9029 at epoch 10
2026-08-21 23:16:46 | Epoch 011/100 | loss 3.8551 | cls 1.9921 | tal -0.0607 | dual_g 1.8813 | dual_d 0.6726 | train_acc 0.7578 | train_full 0.8777 | val_acc 0.8561 | val_f1 0.8555 | grad(main/disc) 17.377/1.419 | lr(main/disc) 7.00e-05/3.50e-05 | 83.2s
2026-08-21 23:18:06 | Epoch 012/100 | loss 3.6010 | cls 1.8508 | tal -0.0712 | dual_g 1.7716 | dual_d 0.6714 | train_acc 0.7617 | train_full 0.9053 | val_acc 0.9091 | val_f1 0.9093 | grad(main/disc) 15.937/1.445 | lr(main/disc) 7.00e-05/3.50e-05 | 80.0s
2026-08-21 23:18:07 | New best val_f1_macro_present: 0.9093 at epoch 12
2026-08-21 23:19:24 | Epoch 013/100 | loss 3.5477 | cls 1.7998 | tal 0.0353 | dual_g 1.7374 | dual_d 0.6540 | train_acc 0.8066 | train_full 0.9310 | val_acc 0.9318 | val_f1 0.9134 | grad(main/disc) 16.390/1.384 | lr(main/disc) 7.00e-05/3.50e-05 | 77.7s
2026-08-21 23:19:25 | New best val_f1_macro_present: 0.9134 at epoch 13
2026-08-21 23:20:46 | Epoch 014/100 | loss 3.3725 | cls 1.7264 | tal 0.0143 | dual_g 1.6418 | dual_d 0.6286 | train_acc 0.8301 | train_full 0.9053 | val_acc 0.8864 | val_f1 0.8829 | grad(main/disc) 15.426/1.294 | lr(main/disc) 7.00e-05/3.50e-05 | 81.1s
2026-08-21 23:22:07 | Epoch 015/100 | loss 3.3440 | cls 1.7163 | tal -0.0227 | dual_g 1.6345 | dual_d 0.6462 | train_acc 0.8477 | train_full 0.9428 | val_acc 0.9394 | val_f1 0.9258 | grad(main/disc) 16.206/1.330 | lr(main/disc) 7.00e-05/3.50e-05 | 81.3s
2026-08-21 23:22:08 | New best val_f1_macro_present: 0.9258 at epoch 15
2026-08-21 23:23:29 | Epoch 016/100 | loss 3.2458 | cls 1.6382 | tal 0.0190 | dual_g 1.6018 | dual_d 0.6647 | train_acc 0.8789 | train_full 0.9507 | val_acc 0.9318 | val_f1 0.9395 | grad(main/disc) 14.834/1.385 | lr(main/disc) 7.00e-05/3.50e-05 | 81.1s
2026-08-21 23:23:29 | New best val_f1_macro_present: 0.9395 at epoch 16
2026-08-21 23:24:48 | Epoch 017/100 | loss 3.1721 | cls 1.5920 | tal 0.0864 | dual_g 1.5541 | dual_d 0.6375 | train_acc 0.9004 | train_full 0.9112 | val_acc 0.8788 | val_f1 0.9006 | grad(main/disc) 13.687/1.272 | lr(main/disc) 7.00e-05/3.50e-05 | 79.5s
2026-08-21 23:26:10 | Epoch 018/100 | loss 3.0367 | cls 1.5164 | tal 0.0371 | dual_g 1.5092 | dual_d 0.6789 | train_acc 0.9277 | train_full 0.9546 | val_acc 0.9545 | val_f1 0.9545 | grad(main/disc) 12.116/1.323 | lr(main/disc) 7.00e-05/3.50e-05 | 81.2s
2026-08-21 23:26:10 | New best val_f1_macro_present: 0.9545 at epoch 18
2026-08-21 23:27:29 | Epoch 019/100 | loss 3.0536 | cls 1.5688 | tal -0.0252 | dual_g 1.4923 | dual_d 0.6957 | train_acc 0.9082 | train_full 0.9527 | val_acc 0.9545 | val_f1 0.9572 | grad(main/disc) 12.047/1.367 | lr(main/disc) 7.00e-05/3.50e-05 | 79.0s
2026-08-21 23:27:29 | New best val_f1_macro_present: 0.9572 at epoch 19
2026-08-21 23:28:51 | Epoch 020/100 | loss 2.8848 | cls 1.4775 | tal -0.0978 | dual_g 1.4367 | dual_d 0.6981 | train_acc 0.9492 | train_full 0.9487 | val_acc 0.9545 | val_f1 0.9535 | grad(main/disc) 10.470/1.322 | lr(main/disc) 7.00e-05/3.50e-05 | 81.8s
2026-08-21 23:30:13 | Epoch 021/100 | loss 2.8490 | cls 1.4600 | tal -0.1243 | dual_g 1.4263 | dual_d 0.7202 | train_acc 0.9355 | train_full 0.9744 | val_acc 0.9394 | val_f1 0.9483 | grad(main/disc) 10.955/1.325 | lr(main/disc) 7.00e-05/3.50e-05 | 81.9s
2026-08-21 23:31:33 | Epoch 022/100 | loss 2.8236 | cls 1.4127 | tal -0.0448 | dual_g 1.4244 | dual_d 0.7430 | train_acc 0.9551 | train_full 0.9783 | val_acc 0.9773 | val_f1 0.9768 | grad(main/disc) 10.301/1.405 | lr(main/disc) 7.00e-05/3.50e-05 | 79.9s
2026-08-21 23:31:33 | New best val_f1_macro_present: 0.9768 at epoch 22
2026-08-21 23:32:50 | Epoch 023/100 | loss 2.7879 | cls 1.4135 | tal -0.0065 | dual_g 1.3764 | dual_d 0.7485 | train_acc 0.9648 | train_full 0.9822 | val_acc 0.9621 | val_f1 0.9567 | grad(main/disc) 9.413/1.343 | lr(main/disc) 7.00e-05/3.50e-05 | 76.5s
2026-08-21 23:34:09 | Epoch 024/100 | loss 2.7798 | cls 1.4257 | tal -0.0717 | dual_g 1.3756 | dual_d 0.7737 | train_acc 0.9590 | train_full 0.9901 | val_acc 0.9848 | val_f1 0.9828 | grad(main/disc) 10.117/1.348 | lr(main/disc) 7.00e-05/3.50e-05 | 79.2s
2026-08-21 23:34:09 | New best val_f1_macro_present: 0.9828 at epoch 24
2026-08-21 23:35:26 | Epoch 025/100 | loss 2.7420 | cls 1.4111 | tal -0.0270 | dual_g 1.3390 | dual_d 0.7993 | train_acc 0.9512 | train_full 0.9901 | val_acc 0.9773 | val_f1 0.9773 | grad(main/disc) 9.250/1.370 | lr(main/disc) 7.00e-05/3.50e-05 | 77.0s
2026-08-21 23:36:48 | Epoch 026/100 | loss 2.6641 | cls 1.3753 | tal -0.1096 | dual_g 1.3217 | dual_d 0.8219 | train_acc 0.9590 | train_full 0.9882 | val_acc 0.9773 | val_f1 0.9685 | grad(main/disc) 8.662/1.358 | lr(main/disc) 7.00e-05/3.50e-05 | 82.0s
2026-08-21 23:38:07 | Epoch 027/100 | loss 2.6755 | cls 1.3916 | tal -0.1276 | dual_g 1.3221 | dual_d 0.8695 | train_acc 0.9629 | train_full 0.9862 | val_acc 0.9697 | val_f1 0.9656 | grad(main/disc) 8.819/1.409 | lr(main/disc) 7.00e-05/3.50e-05 | 79.0s
2026-08-21 23:39:31 | Epoch 028/100 | loss 2.6520 | cls 1.3596 | tal -0.1166 | dual_g 1.3274 | dual_d 0.9522 | train_acc 0.9746 | train_full 0.9704 | val_acc 0.9697 | val_f1 0.9717 | grad(main/disc) 8.151/1.481 | lr(main/disc) 7.00e-05/3.50e-05 | 83.6s
2026-08-21 23:40:49 | Epoch 029/100 | loss 2.5803 | cls 1.3385 | tal -0.1626 | dual_g 1.2905 | dual_d 0.9287 | train_acc 0.9746 | train_full 0.9842 | val_acc 0.9773 | val_f1 0.9768 | grad(main/disc) 7.623/1.478 | lr(main/disc) 7.00e-05/3.50e-05 | 77.8s
2026-08-21 23:42:11 | Epoch 030/100 | loss 2.5820 | cls 1.3448 | tal -0.1482 | dual_g 1.2817 | dual_d 0.9497 | train_acc 0.9785 | train_full 0.9822 | val_acc 0.9773 | val_f1 0.9773 | grad(main/disc) 7.542/1.486 | lr(main/disc) 7.00e-05/3.50e-05 | 81.7s
2026-08-21 23:43:32 | Epoch 031/100 | loss 2.5770 | cls 1.3265 | tal -0.0867 | dual_g 1.2766 | dual_d 0.9016 | train_acc 0.9824 | train_full 0.9763 | val_acc 0.9621 | val_f1 0.9604 | grad(main/disc) 7.352/1.410 | lr(main/disc) 3.50e-05/1.75e-05 | 81.6s
2026-08-21 23:44:53 | Epoch 032/100 | loss 2.5643 | cls 1.3283 | tal -0.0933 | dual_g 1.2640 | dual_d 0.9380 | train_acc 0.9785 | train_full 0.9882 | val_acc 0.9773 | val_f1 0.9768 | grad(main/disc) 7.053/1.442 | lr(main/disc) 3.50e-05/1.75e-05 | 80.6s
2026-08-21 23:46:13 | Epoch 033/100 | loss 2.5206 | cls 1.3153 | tal -0.1650 | dual_g 1.2548 | dual_d 0.9504 | train_acc 0.9844 | train_full 0.9842 | val_acc 0.9848 | val_f1 0.9832 | grad(main/disc) 7.083/1.465 | lr(main/disc) 3.50e-05/1.75e-05 | 79.7s
2026-08-21 23:46:13 | Early stopping at epoch 33 after 9 epochs without val_f1_macro_present improvement.
2026-08-21 23:46:13 | Training complete. Best validation accuracy: 0.9848 | best val_f1_macro_present: 0.9828
2026-08-21 23:46:13 | Starting Dual_D standalone training
2026-08-21 23:46:13 | Run directory: runs/module_c_ablation/module_c_no_paired_contrastive_雾天_iter03_20260821_184954
2026-08-21 23:46:13 | Device: cuda
2026-08-21 23:46:13 | Source train samples: 992
2026-08-21 23:46:13 | Target train samples: 507
2026-08-21 23:46:13 | Target val samples: 132
2026-08-21 23:46:13 | Classes: 14
2026-08-21 23:46:13 | Data audit: same_dir=False | path_overlap(vis/ir/ais)=0/0/0 | content_overlap(vis/ir/ais)=0/0/0 | ais_index_overlap=0 | stem_mismatch(vis-ir/vis-ais)=630/0
2026-08-21 23:46:13 | source_train classes: present 14/14 | absent 0 | counts [0:120, 1:44, 2:69, 3:45, 4:40, 5:30, 6:64, 7:80, 8:116, 9:68, 10:57, 11:83, 12:48, 13:128]
2026-08-21 23:46:13 | target_train classes: present 9/14 | absent 5 | counts [0:35, 1:18, 2:119, 6:110, 8:25, 9:50, 10:48, 12:9, 13:93]
2026-08-21 23:46:13 | target_val classes: present 9/14 | absent 5 | counts [0:9, 1:5, 2:30, 6:28, 8:7, 9:13, 10:13, 12:3, 13:24]
2026-08-21 23:46:13 | Paired training classes: 9/14 | class ids [0, 1, 2, 6, 8, 9, 10, 12, 13]
2026-08-21 23:46:13 | VIS/IR pairing: class-level-unpaired | count-mismatch classes train/val: 10/2 | AIS alignment: none | AIS rows train/val: 0/0
2026-08-21 23:46:13 | Model parameters: total=17277714 | trainable=17120210
Starting run 9/12: domain=雾天, iteration=3, seed=50
2026-08-21 23:47:31 | Epoch 001/100 | loss 9.0707 | cls 4.8383 | tal -0.0815 | dual_g 4.2569 | dual_d 0.0000 | train_acc 0.1230 | train_full 0.1361 | val_acc 0.1288 | val_f1 0.0915 | grad(main/disc) 27.237/0.000 | lr(main/disc) 7.00e-05/3.50e-05 | 77.3s
2026-08-21 23:47:31 | New best val_f1_macro_present: 0.0915 at epoch 1
2026-08-21 23:48:53 | Epoch 002/100 | loss 7.4038 | cls 3.9083 | tal -0.0570 | dual_g 3.5126 | dual_d 0.0000 | train_acc 0.2305 | train_full 0.3077 | val_acc 0.2803 | val_f1 0.2818 | grad(main/disc) 21.468/0.000 | lr(main/disc) 7.00e-05/3.50e-05 | 82.2s
2026-08-21 23:48:54 | New best val_f1_macro_present: 0.2818 at epoch 2
2026-08-21 23:50:15 | Epoch 003/100 | loss 6.5441 | cls 3.4827 | tal -0.1993 | dual_g 3.1211 | dual_d 0.0000 | train_acc 0.2617 | train_full 0.3728 | val_acc 0.3409 | val_f1 0.3240 | grad(main/disc) 19.898/0.000 | lr(main/disc) 7.00e-05/3.50e-05 | 81.4s
2026-08-21 23:50:15 | New best val_f1_macro_present: 0.3240 at epoch 3
2026-08-21 23:51:37 | Epoch 004/100 | loss 5.8731 | cls 3.1005 | tal -0.2104 | dual_g 2.8358 | dual_d 0.0000 | train_acc 0.3594 | train_full 0.5010 | val_acc 0.4318 | val_f1 0.3908 | grad(main/disc) 18.909/0.000 | lr(main/disc) 7.00e-05/3.50e-05 | 81.6s
2026-08-21 23:51:37 | New best val_f1_macro_present: 0.3908 at epoch 4
2026-08-21 23:52:56 | Epoch 005/100 | loss 5.4221 | cls 2.8547 | tal -0.1773 | dual_g 2.6206 | dual_d 0.0000 | train_acc 0.4414 | train_full 0.5799 | val_acc 0.4924 | val_f1 0.4689 | grad(main/disc) 19.519/0.000 | lr(main/disc) 7.00e-05/3.50e-05 | 79.2s
2026-08-21 23:52:57 | New best val_f1_macro_present: 0.4689 at epoch 5
2026-08-21 23:54:17 | Epoch 006/100 | loss 4.9773 | cls 2.6066 | tal -0.2103 | dual_g 2.4338 | dual_d 0.8079 | train_acc 0.5215 | train_full 0.7988 | val_acc 0.7045 | val_f1 0.7126 | grad(main/disc) 19.884/1.862 | lr(main/disc) 7.00e-05/3.50e-05 | 80.3s
2026-08-21 23:54:17 | New best val_f1_macro_present: 0.7126 at epoch 6
2026-08-21 23:55:39 | Epoch 007/100 | loss 4.7278 | cls 2.4501 | tal -0.1547 | dual_g 2.3241 | dual_d 0.7318 | train_acc 0.5488 | train_full 0.7929 | val_acc 0.7197 | val_f1 0.7039 | grad(main/disc) 20.315/1.653 | lr(main/disc) 7.00e-05/3.50e-05 | 81.7s
2026-08-21 23:57:02 | Epoch 008/100 | loss 4.3036 | cls 2.2572 | tal -0.1713 | dual_g 2.0978 | dual_d 0.7022 | train_acc 0.6348 | train_full 0.7613 | val_acc 0.7121 | val_f1 0.7243 | grad(main/disc) 18.871/1.562 | lr(main/disc) 7.00e-05/3.50e-05 | 83.2s
2026-08-21 23:57:03 | New best val_f1_macro_present: 0.7243 at epoch 8
2026-08-21 23:58:27 | Epoch 009/100 | loss 4.1605 | cls 2.1529 | tal -0.1242 | dual_g 2.0449 | dual_d 0.6912 | train_acc 0.6777 | train_full 0.8047 | val_acc 0.7879 | val_f1 0.7950 | grad(main/disc) 19.577/1.544 | lr(main/disc) 7.00e-05/3.50e-05 | 84.4s
2026-08-21 23:58:27 | New best val_f1_macro_present: 0.7950 at epoch 9
2026-08-21 23:59:49 | Epoch 010/100 | loss 3.9772 | cls 2.0583 | tal -0.0833 | dual_g 1.9438 | dual_d 0.6866 | train_acc 0.7168 | train_full 0.8639 | val_acc 0.8030 | val_f1 0.8146 | grad(main/disc) 18.562/1.499 | lr(main/disc) 7.00e-05/3.50e-05 | 82.0s
2026-08-21 23:59:50 | New best val_f1_macro_present: 0.8146 at epoch 10
2026-08-22 00:01:10 | Epoch 011/100 | loss 3.7686 | cls 1.9391 | tal -0.0529 | dual_g 1.8453 | dual_d 0.6703 | train_acc 0.7695 | train_full 0.9172 | val_acc 0.8333 | val_f1 0.8467 | grad(main/disc) 17.772/1.448 | lr(main/disc) 7.00e-05/3.50e-05 | 80.2s
2026-08-22 00:01:10 | New best val_f1_macro_present: 0.8467 at epoch 11
2026-08-22 00:02:31 | Epoch 012/100 | loss 3.5032 | cls 1.7993 | tal -0.0794 | dual_g 1.7277 | dual_d 0.6562 | train_acc 0.8105 | train_full 0.8856 | val_acc 0.8333 | val_f1 0.8342 | grad(main/disc) 16.866/1.439 | lr(main/disc) 7.00e-05/3.50e-05 | 80.5s
2026-08-22 00:03:52 | Epoch 013/100 | loss 3.4649 | cls 1.7672 | tal -0.0756 | dual_g 1.7204 | dual_d 0.6607 | train_acc 0.8438 | train_full 0.9487 | val_acc 0.8864 | val_f1 0.8699 | grad(main/disc) 16.654/1.406 | lr(main/disc) 7.00e-05/3.50e-05 | 81.3s
2026-08-22 00:03:52 | New best val_f1_macro_present: 0.8699 at epoch 13
2026-08-22 00:05:13 | Epoch 014/100 | loss 3.3128 | cls 1.6894 | tal -0.0664 | dual_g 1.6433 | dual_d 0.6698 | train_acc 0.8633 | train_full 0.9566 | val_acc 0.9015 | val_f1 0.8990 | grad(main/disc) 15.271/1.390 | lr(main/disc) 7.00e-05/3.50e-05 | 80.2s
2026-08-22 00:05:13 | New best val_f1_macro_present: 0.8990 at epoch 14
2026-08-22 00:06:32 | Epoch 015/100 | loss 3.1667 | cls 1.6274 | tal -0.1414 | dual_g 1.5817 | dual_d 0.6626 | train_acc 0.8906 | train_full 0.9586 | val_acc 0.8864 | val_f1 0.8617 | grad(main/disc) 14.206/1.349 | lr(main/disc) 7.00e-05/3.50e-05 | 79.5s
2026-08-22 00:07:51 | Epoch 016/100 | loss 3.0942 | cls 1.5832 | tal -0.0891 | dual_g 1.5376 | dual_d 0.6783 | train_acc 0.9062 | train_full 0.9349 | val_acc 0.8939 | val_f1 0.9027 | grad(main/disc) 13.577/1.385 | lr(main/disc) 7.00e-05/3.50e-05 | 78.9s
2026-08-22 00:07:52 | New best val_f1_macro_present: 0.9027 at epoch 16
2026-08-22 00:09:12 | Epoch 017/100 | loss 3.0163 | cls 1.5241 | tal -0.0770 | dual_g 1.5152 | dual_d 0.6701 | train_acc 0.9258 | train_full 0.9803 | val_acc 0.9242 | val_f1 0.9323 | grad(main/disc) 12.809/1.322 | lr(main/disc) 7.00e-05/3.50e-05 | 80.2s
2026-08-22 00:09:12 | New best val_f1_macro_present: 0.9323 at epoch 17
2026-08-22 00:10:29 | Epoch 018/100 | loss 2.9125 | cls 1.4961 | tal -0.0977 | dual_g 1.4457 | dual_d 0.6922 | train_acc 0.9160 | train_full 0.9586 | val_acc 0.9318 | val_f1 0.9313 | grad(main/disc) 12.207/1.349 | lr(main/disc) 7.00e-05/3.50e-05 | 77.2s
2026-08-22 00:11:51 | Epoch 019/100 | loss 2.9084 | cls 1.4964 | tal -0.1260 | dual_g 1.4498 | dual_d 0.7159 | train_acc 0.9141 | train_full 0.9684 | val_acc 0.9394 | val_f1 0.9457 | grad(main/disc) 12.461/1.370 | lr(main/disc) 7.00e-05/3.50e-05 | 81.2s
2026-08-22 00:11:51 | New best val_f1_macro_present: 0.9457 at epoch 19
2026-08-22 00:13:11 | Epoch 020/100 | loss 2.8719 | cls 1.4736 | tal -0.1621 | dual_g 1.4469 | dual_d 0.7103 | train_acc 0.9336 | train_full 0.9665 | val_acc 0.9318 | val_f1 0.9245 | grad(main/disc) 12.518/1.378 | lr(main/disc) 7.00e-05/3.50e-05 | 80.1s
2026-08-22 00:14:32 | Epoch 021/100 | loss 2.7632 | cls 1.4316 | tal -0.1990 | dual_g 1.3913 | dual_d 0.7139 | train_acc 0.9531 | train_full 0.9724 | val_acc 0.9167 | val_f1 0.9145 | grad(main/disc) 11.048/1.344 | lr(main/disc) 7.00e-05/3.50e-05 | 81.2s
2026-08-22 00:15:50 | Epoch 022/100 | loss 2.7661 | cls 1.4337 | tal -0.1093 | dual_g 1.3652 | dual_d 0.7687 | train_acc 0.9473 | train_full 0.9842 | val_acc 0.9545 | val_f1 0.9574 | grad(main/disc) 10.208/1.371 | lr(main/disc) 7.00e-05/3.50e-05 | 78.2s
2026-08-22 00:15:51 | New best val_f1_macro_present: 0.9574 at epoch 22
2026-08-22 00:17:13 | Epoch 023/100 | loss 2.8108 | cls 1.4478 | tal -0.0796 | dual_g 1.3869 | dual_d 0.8306 | train_acc 0.9512 | train_full 0.9763 | val_acc 0.9242 | val_f1 0.9296 | grad(main/disc) 11.205/1.426 | lr(main/disc) 7.00e-05/3.50e-05 | 82.7s
2026-08-22 00:18:32 | Epoch 024/100 | loss 2.7309 | cls 1.4035 | tal -0.0558 | dual_g 1.3441 | dual_d 0.8404 | train_acc 0.9629 | train_full 0.9803 | val_acc 0.9545 | val_f1 0.9568 | grad(main/disc) 9.632/1.413 | lr(main/disc) 7.00e-05/3.50e-05 | 78.5s
2026-08-22 00:19:52 | Epoch 025/100 | loss 2.7072 | cls 1.3767 | tal -0.0662 | dual_g 1.3503 | dual_d 0.8992 | train_acc 0.9609 | train_full 0.9842 | val_acc 0.9394 | val_f1 0.9288 | grad(main/disc) 9.181/1.459 | lr(main/disc) 7.00e-05/3.50e-05 | 79.7s
2026-08-22 00:21:13 | Epoch 026/100 | loss 2.6341 | cls 1.3629 | tal -0.1129 | dual_g 1.3051 | dual_d 0.9014 | train_acc 0.9727 | train_full 0.9882 | val_acc 0.9470 | val_f1 0.9533 | grad(main/disc) 8.127/1.448 | lr(main/disc) 7.00e-05/3.50e-05 | 81.5s
2026-08-22 00:22:32 | Epoch 027/100 | loss 2.6325 | cls 1.3488 | tal -0.0946 | dual_g 1.3121 | dual_d 0.9249 | train_acc 0.9707 | train_full 0.9961 | val_acc 0.9470 | val_f1 0.9484 | grad(main/disc) 8.122/1.437 | lr(main/disc) 7.00e-05/3.50e-05 | 78.9s
2026-08-22 00:23:53 | Epoch 028/100 | loss 2.6072 | cls 1.3651 | tal -0.1817 | dual_g 1.2966 | dual_d 0.8838 | train_acc 0.9746 | train_full 0.9882 | val_acc 0.9318 | val_f1 0.9357 | grad(main/disc) 8.650/1.432 | lr(main/disc) 7.00e-05/3.50e-05 | 80.8s
2026-08-22 00:25:15 | Epoch 029/100 | loss 2.5346 | cls 1.3224 | tal -0.1986 | dual_g 1.2718 | dual_d 0.9090 | train_acc 0.9863 | train_full 0.9862 | val_acc 0.9470 | val_f1 0.9345 | grad(main/disc) 7.225/1.378 | lr(main/disc) 3.50e-05/1.75e-05 | 81.9s
2026-08-22 00:26:37 | Epoch 030/100 | loss 2.5195 | cls 1.3180 | tal -0.1763 | dual_g 1.2544 | dual_d 0.9737 | train_acc 0.9766 | train_full 0.9921 | val_acc 0.9545 | val_f1 0.9630 | grad(main/disc) 7.239/1.504 | lr(main/disc) 3.50e-05/1.75e-05 | 82.1s
2026-08-22 00:26:37 | New best val_f1_macro_present: 0.9630 at epoch 30
2026-08-22 00:27:56 | Epoch 031/100 | loss 2.4956 | cls 1.3180 | tal -0.2029 | dual_g 1.2384 | dual_d 0.9599 | train_acc 0.9844 | train_full 0.9921 | val_acc 0.9470 | val_f1 0.9465 | grad(main/disc) 6.731/1.446 | lr(main/disc) 3.50e-05/1.75e-05 | 78.8s
2026-08-22 00:29:16 | Epoch 032/100 | loss 2.4560 | cls 1.2932 | tal -0.2281 | dual_g 1.2311 | dual_d 0.9806 | train_acc 0.9844 | train_full 0.9980 | val_acc 0.9545 | val_f1 0.9462 | grad(main/disc) 6.051/1.449 | lr(main/disc) 3.50e-05/1.75e-05 | 79.8s
2026-08-22 00:30:36 | Epoch 033/100 | loss 2.4739 | cls 1.3041 | tal -0.2245 | dual_g 1.2371 | dual_d 0.9439 | train_acc 0.9727 | train_full 0.9882 | val_acc 0.9621 | val_f1 0.9629 | grad(main/disc) 6.208/1.431 | lr(main/disc) 3.50e-05/1.75e-05 | 80.0s
2026-08-22 00:31:57 | Epoch 034/100 | loss 2.4471 | cls 1.2934 | tal -0.2541 | dual_g 1.2299 | dual_d 0.9902 | train_acc 0.9863 | train_full 0.9980 | val_acc 0.9545 | val_f1 0.9571 | grad(main/disc) 6.051/1.453 | lr(main/disc) 3.50e-05/1.75e-05 | 80.9s
2026-08-22 00:33:17 | Epoch 035/100 | loss 2.4587 | cls 1.2943 | tal -0.2072 | dual_g 1.2265 | dual_d 0.9722 | train_acc 0.9785 | train_full 1.0000 | val_acc 0.9621 | val_f1 0.9610 | grad(main/disc) 5.981/1.430 | lr(main/disc) 3.50e-05/1.75e-05 | 80.1s
2026-08-22 00:34:39 | Epoch 036/100 | loss 2.4495 | cls 1.2822 | tal -0.1584 | dual_g 1.2149 | dual_d 0.9879 | train_acc 0.9902 | train_full 0.9980 | val_acc 0.9621 | val_f1 0.9610 | grad(main/disc) 5.692/1.418 | lr(main/disc) 3.50e-05/1.75e-05 | 82.0s
2026-08-22 00:35:58 | Epoch 037/100 | loss 2.3982 | cls 1.2595 | tal -0.1738 | dual_g 1.1908 | dual_d 0.9691 | train_acc 0.9902 | train_full 0.9980 | val_acc 0.9545 | val_f1 0.9553 | grad(main/disc) 4.413/1.381 | lr(main/disc) 1.75e-05/8.75e-06 | 79.6s
2026-08-22 00:37:16 | Epoch 038/100 | loss 2.4186 | cls 1.2636 | tal -0.1272 | dual_g 1.1932 | dual_d 0.9711 | train_acc 0.9922 | train_full 0.9980 | val_acc 0.9697 | val_f1 0.9728 | grad(main/disc) 4.573/1.375 | lr(main/disc) 1.75e-05/8.75e-06 | 77.7s
2026-08-22 00:37:16 | New best val_f1_macro_present: 0.9728 at epoch 38
2026-08-22 00:38:35 | Epoch 039/100 | loss 2.4711 | cls 1.2845 | tal -0.0858 | dual_g 1.2124 | dual_d 0.9349 | train_acc 0.9863 | train_full 1.0000 | val_acc 0.9545 | val_f1 0.9522 | grad(main/disc) 5.602/1.355 | lr(main/disc) 1.75e-05/8.75e-06 | 79.1s
2026-08-22 00:39:54 | Epoch 040/100 | loss 2.4816 | cls 1.3024 | tal -0.1313 | dual_g 1.2186 | dual_d 0.9912 | train_acc 0.9824 | train_full 0.9980 | val_acc 0.9697 | val_f1 0.9728 | grad(main/disc) 6.247/1.403 | lr(main/disc) 1.75e-05/8.75e-06 | 78.9s
2026-08-22 00:41:16 | Epoch 041/100 | loss 2.4131 | cls 1.2624 | tal -0.1846 | dual_g 1.2061 | dual_d 0.9778 | train_acc 0.9922 | train_full 0.9980 | val_acc 0.9545 | val_f1 0.9585 | grad(main/disc) 4.972/1.381 | lr(main/disc) 1.75e-05/8.75e-06 | 82.2s
2026-08-22 00:42:36 | Epoch 042/100 | loss 2.4164 | cls 1.2741 | tal -0.1447 | dual_g 1.1857 | dual_d 0.9743 | train_acc 0.9961 | train_full 0.9980 | val_acc 0.9621 | val_f1 0.9610 | grad(main/disc) 5.244/1.367 | lr(main/disc) 1.75e-05/8.75e-06 | 79.4s
2026-08-22 00:43:58 | Epoch 043/100 | loss 2.4029 | cls 1.2563 | tal -0.1392 | dual_g 1.1883 | dual_d 0.9872 | train_acc 0.9961 | train_full 0.9961 | val_acc 0.9697 | val_f1 0.9686 | grad(main/disc) 5.140/1.396 | lr(main/disc) 1.75e-05/8.75e-06 | 82.2s
2026-08-22 00:45:17 | Epoch 044/100 | loss 2.3718 | cls 1.2465 | tal -0.1719 | dual_g 1.1769 | dual_d 1.0228 | train_acc 0.9961 | train_full 1.0000 | val_acc 0.9697 | val_f1 0.9728 | grad(main/disc) 4.308/1.403 | lr(main/disc) 1.75e-05/8.75e-06 | 78.9s
2026-08-22 00:46:38 | Epoch 045/100 | loss 2.3844 | cls 1.2458 | tal -0.1328 | dual_g 1.1785 | dual_d 0.9798 | train_acc 0.9922 | train_full 0.9980 | val_acc 0.9697 | val_f1 0.9714 | grad(main/disc) 4.488/1.380 | lr(main/disc) 8.75e-06/4.37e-06 | 81.0s
2026-08-22 00:47:57 | Epoch 046/100 | loss 2.4278 | cls 1.2572 | tal -0.0939 | dual_g 1.1988 | dual_d 0.9846 | train_acc 0.9922 | train_full 1.0000 | val_acc 0.9621 | val_f1 0.9673 | grad(main/disc) 5.686/1.375 | lr(main/disc) 8.75e-06/4.37e-06 | 78.7s
2026-08-22 00:49:17 | Epoch 047/100 | loss 2.4024 | cls 1.2595 | tal -0.1187 | dual_g 1.1786 | dual_d 1.0097 | train_acc 0.9902 | train_full 1.0000 | val_acc 0.9697 | val_f1 0.9728 | grad(main/disc) 4.976/1.375 | lr(main/disc) 8.75e-06/4.37e-06 | 80.0s
2026-08-22 00:49:17 | Early stopping at epoch 47 after 9 epochs without val_f1_macro_present improvement.
2026-08-22 00:49:17 | Training complete. Best validation accuracy: 0.9697 | best val_f1_macro_present: 0.9728
2026-08-22 00:49:17 | Starting Dual_D standalone training
2026-08-22 00:49:17 | Run directory: runs/module_c_ablation/module_c_no_paired_contrastive_雨天_iter01_20260821_184954
2026-08-22 00:49:17 | Device: cuda
2026-08-22 00:49:17 | Source train samples: 992
2026-08-22 00:49:17 | Target train samples: 96
2026-08-22 00:49:17 | Target val samples: 26
2026-08-22 00:49:17 | Classes: 14
2026-08-22 00:49:17 | Data audit: same_dir=False | path_overlap(vis/ir/ais)=0/0/0 | content_overlap(vis/ir/ais)=0/0/0 | ais_index_overlap=0 | stem_mismatch(vis-ir/vis-ais)=117/0
2026-08-22 00:49:17 | source_train classes: present 14/14 | absent 0 | counts [0:120, 1:44, 2:69, 3:45, 4:40, 5:30, 6:64, 7:80, 8:116, 9:68, 10:57, 11:83, 12:48, 13:128]
2026-08-22 00:49:17 | target_train classes: present 6/14 | absent 8 | counts [0:7, 2:19, 9:32, 10:12, 11:6, 13:20]
2026-08-22 00:49:17 | target_val classes: present 6/14 | absent 8 | counts [0:2, 2:5, 9:8, 10:4, 11:2, 13:5]
2026-08-22 00:49:17 | Paired training classes: 6/14 | class ids [0, 2, 9, 10, 11, 13]
2026-08-22 00:49:17 | VIS/IR pairing: class-level-unpaired | count-mismatch classes train/val: 10/0 | AIS alignment: none | AIS rows train/val: 0/0
2026-08-22 00:49:17 | Model parameters: total=17277714 | trainable=17120210
Starting run 10/12: domain=雨天, iteration=1, seed=51
2026-08-22 00:49:40 | Epoch 001/100 | loss 10.0286 | cls 5.2859 | tal 0.0660 | dual_g 4.7229 | dual_d 0.0000 | train_acc 0.0938 | train_full 0.1250 | val_acc 0.1538 | val_f1 0.1778 | grad(main/disc) 33.264/0.000 | lr(main/disc) 7.00e-05/3.50e-05 | 22.4s
2026-08-22 00:49:40 | New best val_f1_macro_present: 0.1778 at epoch 1
2026-08-22 00:50:01 | Epoch 002/100 | loss 8.5838 | cls 4.5946 | tal 0.0891 | dual_g 3.9625 | dual_d 0.0000 | train_acc 0.1953 | train_full 0.2500 | val_acc 0.1923 | val_f1 0.1545 | grad(main/disc) 28.528/0.000 | lr(main/disc) 7.00e-05/3.50e-05 | 21.2s
2026-08-22 00:50:23 | Epoch 003/100 | loss 7.2589 | cls 3.9292 | tal -0.0135 | dual_g 3.3337 | dual_d 0.0000 | train_acc 0.2422 | train_full 0.3021 | val_acc 0.3077 | val_f1 0.2116 | grad(main/disc) 23.719/0.000 | lr(main/disc) 7.00e-05/3.50e-05 | 21.5s
2026-08-22 00:50:23 | New best val_f1_macro_present: 0.2116 at epoch 3
2026-08-22 00:50:43 | Epoch 004/100 | loss 6.4206 | cls 3.4293 | tal -0.0363 | dual_g 3.0022 | dual_d 0.0000 | train_acc 0.3828 | train_full 0.1458 | val_acc 0.1154 | val_f1 0.0769 | grad(main/disc) 21.162/0.000 | lr(main/disc) 7.00e-05/3.50e-05 | 19.9s
2026-08-22 00:51:05 | Epoch 005/100 | loss 5.9689 | cls 3.1693 | tal -0.0552 | dual_g 2.8162 | dual_d 0.0000 | train_acc 0.3750 | train_full 0.2188 | val_acc 0.1923 | val_f1 0.0617 | grad(main/disc) 20.016/0.000 | lr(main/disc) 7.00e-05/3.50e-05 | 21.7s
2026-08-22 00:51:26 | Epoch 006/100 | loss 5.4430 | cls 2.8844 | tal -0.1010 | dual_g 2.5889 | dual_d 0.8657 | train_acc 0.3984 | train_full 0.2292 | val_acc 0.1923 | val_f1 0.0617 | grad(main/disc) 18.327/2.057 | lr(main/disc) 7.00e-05/3.50e-05 | 21.0s
2026-08-22 00:51:46 | Epoch 007/100 | loss 5.2759 | cls 2.7825 | tal -0.0990 | dual_g 2.5231 | dual_d 0.8412 | train_acc 0.5078 | train_full 0.2708 | val_acc 0.1923 | val_f1 0.0641 | grad(main/disc) 18.572/2.116 | lr(main/disc) 7.00e-05/3.50e-05 | 20.4s
2026-08-22 00:52:08 | Epoch 008/100 | loss 4.9615 | cls 2.5711 | tal -0.1295 | dual_g 2.4292 | dual_d 0.8046 | train_acc 0.6016 | train_full 0.2917 | val_acc 0.3462 | val_f1 0.2500 | grad(main/disc) 17.188/1.901 | lr(main/disc) 7.00e-05/3.50e-05 | 21.8s
2026-08-22 00:52:08 | New best val_f1_macro_present: 0.2500 at epoch 8
2026-08-22 00:52:28 | Epoch 009/100 | loss 4.8413 | cls 2.5430 | tal -0.1041 | dual_g 2.3295 | dual_d 0.8497 | train_acc 0.5938 | train_full 0.3333 | val_acc 0.3462 | val_f1 0.2436 | grad(main/disc) 17.132/1.921 | lr(main/disc) 7.00e-05/3.50e-05 | 20.0s
2026-08-22 00:52:51 | Epoch 010/100 | loss 4.5626 | cls 2.2953 | tal -0.0173 | dual_g 2.2725 | dual_d 0.8621 | train_acc 0.7188 | train_full 0.3021 | val_acc 0.3077 | val_f1 0.2349 | grad(main/disc) 17.055/1.882 | lr(main/disc) 7.00e-05/3.50e-05 | 22.6s
2026-08-22 00:53:12 | Epoch 011/100 | loss 4.3756 | cls 2.2780 | tal 0.0245 | dual_g 2.0902 | dual_d 0.8149 | train_acc 0.7266 | train_full 0.2812 | val_acc 0.2692 | val_f1 0.1998 | grad(main/disc) 16.901/1.904 | lr(main/disc) 7.00e-05/3.50e-05 | 21.1s
2026-08-22 00:53:32 | Epoch 012/100 | loss 4.2568 | cls 2.2051 | tal 0.0528 | dual_g 2.0359 | dual_d 0.9011 | train_acc 0.7500 | train_full 0.3542 | val_acc 0.3462 | val_f1 0.2778 | grad(main/disc) 17.889/1.970 | lr(main/disc) 7.00e-05/3.50e-05 | 20.3s
2026-08-22 00:53:32 | New best val_f1_macro_present: 0.2778 at epoch 12
2026-08-22 00:53:55 | Epoch 013/100 | loss 4.1401 | cls 2.1571 | tal 0.0133 | dual_g 1.9790 | dual_d 0.8851 | train_acc 0.7266 | train_full 0.4688 | val_acc 0.3462 | val_f1 0.2778 | grad(main/disc) 18.329/1.976 | lr(main/disc) 7.00e-05/3.50e-05 | 22.5s
2026-08-22 00:54:16 | Epoch 014/100 | loss 4.0757 | cls 2.1234 | tal -0.0369 | dual_g 1.9634 | dual_d 0.8181 | train_acc 0.7734 | train_full 0.4792 | val_acc 0.4615 | val_f1 0.4873 | grad(main/disc) 17.596/1.806 | lr(main/disc) 7.00e-05/3.50e-05 | 21.7s
2026-08-22 00:54:17 | New best val_f1_macro_present: 0.4873 at epoch 14
2026-08-22 00:54:38 | Epoch 015/100 | loss 3.7847 | cls 1.9376 | tal -0.0059 | dual_g 1.8489 | dual_d 0.8292 | train_acc 0.8047 | train_full 0.6354 | val_acc 0.6154 | val_f1 0.6162 | grad(main/disc) 15.509/1.811 | lr(main/disc) 7.00e-05/3.50e-05 | 21.2s
2026-08-22 00:54:38 | New best val_f1_macro_present: 0.6162 at epoch 15
2026-08-22 00:55:00 | Epoch 016/100 | loss 3.8522 | cls 1.9707 | tal 0.0062 | dual_g 1.8796 | dual_d 0.7695 | train_acc 0.7500 | train_full 0.6354 | val_acc 0.4615 | val_f1 0.4794 | grad(main/disc) 18.094/1.768 | lr(main/disc) 7.00e-05/3.50e-05 | 21.6s
2026-08-22 00:55:21 | Epoch 017/100 | loss 3.7731 | cls 1.9262 | tal -0.0514 | dual_g 1.8623 | dual_d 0.7737 | train_acc 0.8125 | train_full 0.6250 | val_acc 0.6154 | val_f1 0.6232 | grad(main/disc) 16.765/1.712 | lr(main/disc) 7.00e-05/3.50e-05 | 21.1s
2026-08-22 00:55:21 | New best val_f1_macro_present: 0.6232 at epoch 17
2026-08-22 00:55:42 | Epoch 018/100 | loss 3.4166 | cls 1.7381 | tal -0.0480 | dual_g 1.6929 | dual_d 0.7484 | train_acc 0.8828 | train_full 0.5521 | val_acc 0.4615 | val_f1 0.4693 | grad(main/disc) 13.550/1.711 | lr(main/disc) 7.00e-05/3.50e-05 | 20.5s
2026-08-22 00:56:03 | Epoch 019/100 | loss 3.3881 | cls 1.7410 | tal -0.0485 | dual_g 1.6616 | dual_d 0.7565 | train_acc 0.8516 | train_full 0.7083 | val_acc 0.5000 | val_f1 0.5126 | grad(main/disc) 13.662/1.782 | lr(main/disc) 7.00e-05/3.50e-05 | 21.0s
2026-08-22 00:56:24 | Epoch 020/100 | loss 3.3199 | cls 1.6992 | tal -0.0523 | dual_g 1.6364 | dual_d 0.7803 | train_acc 0.9141 | train_full 0.7708 | val_acc 0.6923 | val_f1 0.7163 | grad(main/disc) 13.248/1.875 | lr(main/disc) 7.00e-05/3.50e-05 | 21.9s
2026-08-22 00:56:25 | New best val_f1_macro_present: 0.7163 at epoch 20
2026-08-22 00:56:44 | Epoch 021/100 | loss 3.2292 | cls 1.6548 | tal 0.0198 | dual_g 1.5684 | dual_d 0.7267 | train_acc 0.9141 | train_full 0.7396 | val_acc 0.6538 | val_f1 0.6534 | grad(main/disc) 14.689/1.675 | lr(main/disc) 7.00e-05/3.50e-05 | 19.8s
2026-08-22 00:57:06 | Epoch 022/100 | loss 3.3369 | cls 1.7041 | tal -0.0464 | dual_g 1.6466 | dual_d 0.7089 | train_acc 0.9219 | train_full 0.7188 | val_acc 0.6154 | val_f1 0.6239 | grad(main/disc) 16.849/1.595 | lr(main/disc) 7.00e-05/3.50e-05 | 21.6s
2026-08-22 00:57:28 | Epoch 023/100 | loss 3.3100 | cls 1.6777 | tal 0.0323 | dual_g 1.6226 | dual_d 0.7263 | train_acc 0.9062 | train_full 0.7188 | val_acc 0.6538 | val_f1 0.6296 | grad(main/disc) 17.712/1.666 | lr(main/disc) 7.00e-05/3.50e-05 | 22.3s
2026-08-22 00:57:49 | Epoch 024/100 | loss 3.1346 | cls 1.5773 | tal -0.0476 | dual_g 1.5715 | dual_d 0.6845 | train_acc 0.9453 | train_full 0.8125 | val_acc 0.6538 | val_f1 0.6415 | grad(main/disc) 12.551/1.579 | lr(main/disc) 7.00e-05/3.50e-05 | 21.1s
2026-08-22 00:58:12 | Epoch 025/100 | loss 3.1787 | cls 1.6136 | tal -0.0522 | dual_g 1.5807 | dual_d 0.7249 | train_acc 0.9375 | train_full 0.7812 | val_acc 0.7692 | val_f1 0.7858 | grad(main/disc) 14.085/1.633 | lr(main/disc) 7.00e-05/3.50e-05 | 22.4s
2026-08-22 00:58:12 | New best val_f1_macro_present: 0.7858 at epoch 25
2026-08-22 00:58:34 | Epoch 026/100 | loss 3.1382 | cls 1.6545 | tal -0.1369 | dual_g 1.5248 | dual_d 0.7383 | train_acc 0.9141 | train_full 0.7396 | val_acc 0.7692 | val_f1 0.7878 | grad(main/disc) 13.625/1.517 | lr(main/disc) 7.00e-05/3.50e-05 | 21.8s
2026-08-22 00:58:34 | New best val_f1_macro_present: 0.7878 at epoch 26
2026-08-22 00:58:54 | Epoch 027/100 | loss 3.0435 | cls 1.5640 | tal -0.1637 | dual_g 1.5286 | dual_d 0.7443 | train_acc 0.9609 | train_full 0.7396 | val_acc 0.8077 | val_f1 0.8208 | grad(main/disc) 13.868/1.672 | lr(main/disc) 7.00e-05/3.50e-05 | 19.7s
2026-08-22 00:58:54 | New best val_f1_macro_present: 0.8208 at epoch 27
2026-08-22 00:59:13 | Epoch 028/100 | loss 2.9464 | cls 1.4587 | tal -0.0157 | dual_g 1.4924 | dual_d 0.8175 | train_acc 0.9375 | train_full 0.7604 | val_acc 0.7308 | val_f1 0.7184 | grad(main/disc) 13.250/1.730 | lr(main/disc) 7.00e-05/3.50e-05 | 19.1s
2026-08-22 00:59:34 | Epoch 029/100 | loss 3.1469 | cls 1.6234 | tal -0.0270 | dual_g 1.5317 | dual_d 0.7568 | train_acc 0.9219 | train_full 0.7708 | val_acc 0.6923 | val_f1 0.6848 | grad(main/disc) 14.375/1.652 | lr(main/disc) 7.00e-05/3.50e-05 | 21.0s
2026-08-22 00:59:55 | Epoch 030/100 | loss 2.8363 | cls 1.4038 | tal -0.0784 | dual_g 1.4560 | dual_d 0.7836 | train_acc 0.9766 | train_full 0.8125 | val_acc 0.6923 | val_f1 0.7163 | grad(main/disc) 9.467/1.539 | lr(main/disc) 7.00e-05/3.50e-05 | 20.6s
2026-08-22 01:00:17 | Epoch 031/100 | loss 2.8144 | cls 1.4464 | tal -0.0952 | dual_g 1.3965 | dual_d 0.7191 | train_acc 0.9766 | train_full 0.8438 | val_acc 0.7308 | val_f1 0.7618 | grad(main/disc) 8.987/1.617 | lr(main/disc) 7.00e-05/3.50e-05 | 22.0s
2026-08-22 01:00:38 | Epoch 032/100 | loss 2.8322 | cls 1.4783 | tal -0.1336 | dual_g 1.3940 | dual_d 0.7223 | train_acc 0.9766 | train_full 0.8542 | val_acc 0.7308 | val_f1 0.7767 | grad(main/disc) 10.998/1.609 | lr(main/disc) 7.00e-05/3.50e-05 | 21.2s
2026-08-22 01:00:59 | Epoch 033/100 | loss 2.9310 | cls 1.5011 | tal -0.0769 | dual_g 1.4530 | dual_d 0.8284 | train_acc 0.9297 | train_full 0.8542 | val_acc 0.7692 | val_f1 0.7889 | grad(main/disc) 11.210/1.648 | lr(main/disc) 7.00e-05/3.50e-05 | 21.0s
2026-08-22 01:01:19 | Epoch 034/100 | loss 2.8692 | cls 1.4240 | tal 0.1267 | dual_g 1.4071 | dual_d 0.7929 | train_acc 0.9844 | train_full 0.8021 | val_acc 0.8462 | val_f1 0.8545 | grad(main/disc) 10.711/1.714 | lr(main/disc) 7.00e-05/3.50e-05 | 19.9s
2026-08-22 01:01:19 | New best val_f1_macro_present: 0.8545 at epoch 34
2026-08-22 01:01:42 | Epoch 035/100 | loss 2.7571 | cls 1.3714 | tal 0.0036 | dual_g 1.3846 | dual_d 0.7505 | train_acc 1.0000 | train_full 0.8229 | val_acc 0.8462 | val_f1 0.8160 | grad(main/disc) 9.155/1.580 | lr(main/disc) 7.00e-05/3.50e-05 | 23.0s
2026-08-22 01:02:04 | Epoch 036/100 | loss 2.6987 | cls 1.3815 | tal -0.0932 | dual_g 1.3451 | dual_d 0.7612 | train_acc 0.9844 | train_full 0.8542 | val_acc 0.8462 | val_f1 0.8612 | grad(main/disc) 9.197/1.646 | lr(main/disc) 7.00e-05/3.50e-05 | 22.5s
2026-08-22 01:02:05 | New best val_f1_macro_present: 0.8612 at epoch 36
2026-08-22 01:02:27 | Epoch 037/100 | loss 2.7441 | cls 1.4160 | tal -0.0538 | dual_g 1.3443 | dual_d 0.8058 | train_acc 1.0000 | train_full 0.9375 | val_acc 0.8846 | val_f1 0.9122 | grad(main/disc) 10.813/1.678 | lr(main/disc) 7.00e-05/3.50e-05 | 22.5s
2026-08-22 01:02:27 | New best val_f1_macro_present: 0.9122 at epoch 37
2026-08-22 01:02:48 | Epoch 038/100 | loss 2.8325 | cls 1.4427 | tal -0.0846 | dual_g 1.4152 | dual_d 0.7430 | train_acc 0.9609 | train_full 0.9583 | val_acc 0.9615 | val_f1 0.9630 | grad(main/disc) 10.556/1.566 | lr(main/disc) 7.00e-05/3.50e-05 | 21.1s
2026-08-22 01:02:49 | New best val_f1_macro_present: 0.9630 at epoch 38
2026-08-22 01:03:09 | Epoch 039/100 | loss 2.7636 | cls 1.4270 | tal -0.0707 | dual_g 1.3578 | dual_d 0.7347 | train_acc 0.9688 | train_full 0.9271 | val_acc 0.9615 | val_f1 0.9630 | grad(main/disc) 10.913/1.579 | lr(main/disc) 7.00e-05/3.50e-05 | 20.3s
2026-08-22 01:03:30 | Epoch 040/100 | loss 2.7044 | cls 1.3866 | tal -0.0884 | dual_g 1.3444 | dual_d 0.8445 | train_acc 0.9922 | train_full 0.9688 | val_acc 1.0000 | val_f1 1.0000 | grad(main/disc) 9.983/1.708 | lr(main/disc) 7.00e-05/3.50e-05 | 20.6s
2026-08-22 01:03:30 | New best val_f1_macro_present: 1.0000 at epoch 40
2026-08-22 01:03:53 | Epoch 041/100 | loss 2.6292 | cls 1.3489 | tal -0.1176 | dual_g 1.3156 | dual_d 0.8498 | train_acc 0.9766 | train_full 0.9792 | val_acc 0.9615 | val_f1 0.9663 | grad(main/disc) 6.998/1.757 | lr(main/disc) 7.00e-05/3.50e-05 | 22.7s
2026-08-22 01:04:13 | Epoch 042/100 | loss 2.7591 | cls 1.4076 | tal -0.0592 | dual_g 1.3693 | dual_d 0.8435 | train_acc 0.9453 | train_full 0.9896 | val_acc 1.0000 | val_f1 1.0000 | grad(main/disc) 10.128/1.712 | lr(main/disc) 7.00e-05/3.50e-05 | 20.7s
2026-08-22 01:04:34 | Epoch 043/100 | loss 2.7101 | cls 1.3673 | tal -0.0572 | dual_g 1.3599 | dual_d 0.9084 | train_acc 0.9922 | train_full 0.9792 | val_acc 1.0000 | val_f1 1.0000 | grad(main/disc) 9.185/1.689 | lr(main/disc) 7.00e-05/3.50e-05 | 20.3s
2026-08-22 01:04:53 | Epoch 044/100 | loss 2.5922 | cls 1.3449 | tal -0.1035 | dual_g 1.2784 | dual_d 0.8081 | train_acc 1.0000 | train_full 0.9479 | val_acc 0.8846 | val_f1 0.8492 | grad(main/disc) 6.470/1.680 | lr(main/disc) 7.00e-05/3.50e-05 | 19.4s
2026-08-22 01:05:15 | Epoch 045/100 | loss 2.6143 | cls 1.3467 | tal -0.1500 | dual_g 1.3125 | dual_d 0.8446 | train_acc 0.9922 | train_full 0.9688 | val_acc 1.0000 | val_f1 1.0000 | grad(main/disc) 7.346/1.632 | lr(main/disc) 7.00e-05/3.50e-05 | 21.6s
2026-08-22 01:05:36 | Epoch 046/100 | loss 2.6429 | cls 1.3706 | tal -0.1274 | dual_g 1.3105 | dual_d 0.8303 | train_acc 0.9844 | train_full 0.9792 | val_acc 0.9615 | val_f1 0.9663 | grad(main/disc) 8.518/1.684 | lr(main/disc) 7.00e-05/3.50e-05 | 21.4s
2026-08-22 01:05:57 | Epoch 047/100 | loss 2.6445 | cls 1.3848 | tal -0.1008 | dual_g 1.2900 | dual_d 0.8399 | train_acc 0.9844 | train_full 0.9792 | val_acc 0.9615 | val_f1 0.9663 | grad(main/disc) 9.180/1.592 | lr(main/disc) 3.50e-05/1.75e-05 | 21.2s
2026-08-22 01:06:18 | Epoch 048/100 | loss 2.6555 | cls 1.3571 | tal -0.0773 | dual_g 1.3215 | dual_d 0.8454 | train_acc 0.9766 | train_full 0.9583 | val_acc 0.9615 | val_f1 0.9663 | grad(main/disc) 8.880/1.680 | lr(main/disc) 3.50e-05/1.75e-05 | 21.2s
2026-08-22 01:06:40 | Epoch 049/100 | loss 2.5664 | cls 1.3213 | tal -0.1107 | dual_g 1.2783 | dual_d 0.8780 | train_acc 0.9922 | train_full 0.9479 | val_acc 0.9231 | val_f1 0.8774 | grad(main/disc) 6.877/1.652 | lr(main/disc) 3.50e-05/1.75e-05 | 21.7s
2026-08-22 01:06:40 | Early stopping at epoch 49 after 9 epochs without val_f1_macro_present improvement.
2026-08-22 01:06:40 | Training complete. Best validation accuracy: 1.0000 | best val_f1_macro_present: 1.0000
2026-08-22 01:06:40 | Starting Dual_D standalone training
2026-08-22 01:06:40 | Run directory: runs/module_c_ablation/module_c_no_paired_contrastive_雨天_iter02_20260821_184954
2026-08-22 01:06:40 | Device: cuda
2026-08-22 01:06:40 | Source train samples: 992
2026-08-22 01:06:40 | Target train samples: 96
2026-08-22 01:06:40 | Target val samples: 26
2026-08-22 01:06:40 | Classes: 14
2026-08-22 01:06:40 | Data audit: same_dir=False | path_overlap(vis/ir/ais)=0/0/0 | content_overlap(vis/ir/ais)=0/0/0 | ais_index_overlap=0 | stem_mismatch(vis-ir/vis-ais)=117/0
2026-08-22 01:06:40 | source_train classes: present 14/14 | absent 0 | counts [0:120, 1:44, 2:69, 3:45, 4:40, 5:30, 6:64, 7:80, 8:116, 9:68, 10:57, 11:83, 12:48, 13:128]
2026-08-22 01:06:40 | target_train classes: present 6/14 | absent 8 | counts [0:7, 2:19, 9:32, 10:12, 11:6, 13:20]
2026-08-22 01:06:40 | target_val classes: present 6/14 | absent 8 | counts [0:2, 2:5, 9:8, 10:4, 11:2, 13:5]
2026-08-22 01:06:40 | Paired training classes: 6/14 | class ids [0, 2, 9, 10, 11, 13]
2026-08-22 01:06:40 | VIS/IR pairing: class-level-unpaired | count-mismatch classes train/val: 10/0 | AIS alignment: none | AIS rows train/val: 0/0
2026-08-22 01:06:40 | Model parameters: total=17277714 | trainable=17120210
Starting run 11/12: domain=雨天, iteration=2, seed=52
2026-08-22 01:07:01 | Epoch 001/100 | loss 9.4755 | cls 5.0281 | tal 0.0751 | dual_g 4.4250 | dual_d 0.0000 | train_acc 0.1484 | train_full 0.3125 | val_acc 0.2308 | val_f1 0.0769 | grad(main/disc) 33.713/0.000 | lr(main/disc) 7.00e-05/3.50e-05 | 20.7s
2026-08-22 01:07:01 | New best val_f1_macro_present: 0.0769 at epoch 1
2026-08-22 01:07:22 | Epoch 002/100 | loss 7.7397 | cls 4.1719 | tal -0.0332 | dual_g 3.5778 | dual_d 0.0000 | train_acc 0.1641 | train_full 0.2396 | val_acc 0.1538 | val_f1 0.1639 | grad(main/disc) 28.767/0.000 | lr(main/disc) 7.00e-05/3.50e-05 | 20.8s
2026-08-22 01:07:22 | New best val_f1_macro_present: 0.1639 at epoch 2
2026-08-22 01:07:44 | Epoch 003/100 | loss 7.0965 | cls 3.7647 | tal 0.0079 | dual_g 3.3295 | dual_d 0.0000 | train_acc 0.3125 | train_full 0.1875 | val_acc 0.0769 | val_f1 0.0513 | grad(main/disc) 25.312/0.000 | lr(main/disc) 7.00e-05/3.50e-05 | 21.2s
2026-08-22 01:08:05 | Epoch 004/100 | loss 6.5151 | cls 3.4583 | tal 0.0684 | dual_g 3.0363 | dual_d 0.0000 | train_acc 0.3906 | train_full 0.2812 | val_acc 0.2308 | val_f1 0.1408 | grad(main/disc) 22.993/0.000 | lr(main/disc) 7.00e-05/3.50e-05 | 21.1s
2026-08-22 01:08:25 | Epoch 005/100 | loss 5.8396 | cls 3.1386 | tal 0.0152 | dual_g 2.6964 | dual_d 0.0000 | train_acc 0.4688 | train_full 0.2917 | val_acc 0.2692 | val_f1 0.2006 | grad(main/disc) 21.203/0.000 | lr(main/disc) 7.00e-05/3.50e-05 | 20.5s
2026-08-22 01:08:26 | New best val_f1_macro_present: 0.2006 at epoch 5
2026-08-22 01:08:46 | Epoch 006/100 | loss 5.5351 | cls 3.0088 | tal 0.0222 | dual_g 2.5196 | dual_d 1.0010 | train_acc 0.5156 | train_full 0.2604 | val_acc 0.3462 | val_f1 0.2889 | grad(main/disc) 20.279/2.160 | lr(main/disc) 7.00e-05/3.50e-05 | 20.7s
2026-08-22 01:08:47 | New best val_f1_macro_present: 0.2889 at epoch 6
2026-08-22 01:09:08 | Epoch 007/100 | loss 5.0253 | cls 2.6245 | tal -0.0354 | dual_g 2.4114 | dual_d 0.9606 | train_acc 0.5156 | train_full 0.2812 | val_acc 0.3462 | val_f1 0.2806 | grad(main/disc) 18.479/1.933 | lr(main/disc) 7.00e-05/3.50e-05 | 21.0s
2026-08-22 01:09:30 | Epoch 008/100 | loss 4.9286 | cls 2.6549 | tal 0.0167 | dual_g 2.2687 | dual_d 0.9014 | train_acc 0.5781 | train_full 0.3646 | val_acc 0.4231 | val_f1 0.3099 | grad(main/disc) 17.952/1.958 | lr(main/disc) 7.00e-05/3.50e-05 | 22.0s
2026-08-22 01:09:30 | New best val_f1_macro_present: 0.3099 at epoch 8
2026-08-22 01:09:51 | Epoch 009/100 | loss 4.7787 | cls 2.5099 | tal 0.0145 | dual_g 2.2645 | dual_d 0.8945 | train_acc 0.5547 | train_full 0.4167 | val_acc 0.4231 | val_f1 0.3042 | grad(main/disc) 18.585/2.045 | lr(main/disc) 7.00e-05/3.50e-05 | 20.7s
2026-08-22 01:10:12 | Epoch 010/100 | loss 4.5304 | cls 2.3770 | tal -0.0287 | dual_g 2.1621 | dual_d 0.8847 | train_acc 0.7500 | train_full 0.4167 | val_acc 0.3846 | val_f1 0.2675 | grad(main/disc) 17.778/1.907 | lr(main/disc) 7.00e-05/3.50e-05 | 21.8s
2026-08-22 01:10:35 | Epoch 011/100 | loss 4.5860 | cls 2.4052 | tal 0.0201 | dual_g 2.1748 | dual_d 0.8778 | train_acc 0.7422 | train_full 0.3750 | val_acc 0.4231 | val_f1 0.3403 | grad(main/disc) 19.508/1.942 | lr(main/disc) 7.00e-05/3.50e-05 | 22.2s
2026-08-22 01:10:35 | New best val_f1_macro_present: 0.3403 at epoch 11
2026-08-22 01:10:56 | Epoch 012/100 | loss 4.1691 | cls 2.1547 | tal -0.0067 | dual_g 2.0164 | dual_d 0.8590 | train_acc 0.7500 | train_full 0.4688 | val_acc 0.4615 | val_f1 0.3733 | grad(main/disc) 17.617/1.917 | lr(main/disc) 7.00e-05/3.50e-05 | 21.2s
2026-08-22 01:10:56 | New best val_f1_macro_present: 0.3733 at epoch 12
2026-08-22 01:11:17 | Epoch 013/100 | loss 4.2041 | cls 2.1926 | tal 0.0398 | dual_g 1.9996 | dual_d 0.8779 | train_acc 0.7500 | train_full 0.4375 | val_acc 0.5385 | val_f1 0.4532 | grad(main/disc) 19.097/1.903 | lr(main/disc) 7.00e-05/3.50e-05 | 20.8s
2026-08-22 01:11:17 | New best val_f1_macro_present: 0.4532 at epoch 13
2026-08-22 01:11:39 | Epoch 014/100 | loss 3.9024 | cls 1.9342 | tal 0.0575 | dual_g 1.9509 | dual_d 0.8497 | train_acc 0.8047 | train_full 0.4688 | val_acc 0.5385 | val_f1 0.4954 | grad(main/disc) 16.266/1.803 | lr(main/disc) 7.00e-05/3.50e-05 | 21.5s
2026-08-22 01:11:39 | New best val_f1_macro_present: 0.4954 at epoch 14
2026-08-22 01:12:01 | Epoch 015/100 | loss 4.0682 | cls 2.1409 | tal 0.0896 | dual_g 1.9005 | dual_d 0.7608 | train_acc 0.7656 | train_full 0.5625 | val_acc 0.5000 | val_f1 0.4313 | grad(main/disc) 20.340/1.669 | lr(main/disc) 7.00e-05/3.50e-05 | 21.9s
2026-08-22 01:12:23 | Epoch 016/100 | loss 3.5178 | cls 1.7737 | tal 0.1432 | dual_g 1.7011 | dual_d 0.8718 | train_acc 0.8750 | train_full 0.6250 | val_acc 0.5385 | val_f1 0.4954 | grad(main/disc) 14.886/1.873 | lr(main/disc) 7.00e-05/3.50e-05 | 22.1s
2026-08-22 01:12:44 | Epoch 017/100 | loss 3.4133 | cls 1.7229 | tal 0.1389 | dual_g 1.6486 | dual_d 0.7643 | train_acc 0.8672 | train_full 0.5625 | val_acc 0.5385 | val_f1 0.4954 | grad(main/disc) 13.496/1.690 | lr(main/disc) 7.00e-05/3.50e-05 | 21.2s
2026-08-22 01:13:04 | Epoch 018/100 | loss 3.3854 | cls 1.7136 | tal 0.0825 | dual_g 1.6471 | dual_d 0.7819 | train_acc 0.8828 | train_full 0.6250 | val_acc 0.4615 | val_f1 0.4125 | grad(main/disc) 15.952/1.709 | lr(main/disc) 7.00e-05/3.50e-05 | 19.9s
2026-08-22 01:13:25 | Epoch 019/100 | loss 3.2305 | cls 1.6725 | tal 0.0989 | dual_g 1.5283 | dual_d 0.8144 | train_acc 0.8906 | train_full 0.7500 | val_acc 0.6923 | val_f1 0.7045 | grad(main/disc) 12.488/1.681 | lr(main/disc) 7.00e-05/3.50e-05 | 21.4s
2026-08-22 01:13:26 | New best val_f1_macro_present: 0.7045 at epoch 19
2026-08-22 01:13:47 | Epoch 020/100 | loss 3.4616 | cls 1.7819 | tal 0.0304 | dual_g 1.6706 | dual_d 0.7654 | train_acc 0.8984 | train_full 0.6771 | val_acc 0.6538 | val_f1 0.7170 | grad(main/disc) 20.675/1.668 | lr(main/disc) 7.00e-05/3.50e-05 | 21.5s
2026-08-22 01:13:47 | New best val_f1_macro_present: 0.7170 at epoch 20
2026-08-22 01:14:07 | Epoch 021/100 | loss 3.2672 | cls 1.6755 | tal 0.0189 | dual_g 1.5860 | dual_d 0.7538 | train_acc 0.8984 | train_full 0.6354 | val_acc 0.5769 | val_f1 0.5821 | grad(main/disc) 16.798/1.579 | lr(main/disc) 7.00e-05/3.50e-05 | 19.0s
2026-08-22 01:14:29 | Epoch 022/100 | loss 3.2404 | cls 1.6753 | tal -0.0055 | dual_g 1.5668 | dual_d 0.7948 | train_acc 0.9219 | train_full 0.7083 | val_acc 0.5385 | val_f1 0.5509 | grad(main/disc) 16.484/1.658 | lr(main/disc) 7.00e-05/3.50e-05 | 22.4s
2026-08-22 01:14:50 | Epoch 023/100 | loss 3.0641 | cls 1.5587 | tal 0.0148 | dual_g 1.5009 | dual_d 0.7674 | train_acc 0.9375 | train_full 0.6979 | val_acc 0.5385 | val_f1 0.4923 | grad(main/disc) 13.901/1.631 | lr(main/disc) 7.00e-05/3.50e-05 | 20.6s
2026-08-22 01:15:11 | Epoch 024/100 | loss 3.1904 | cls 1.5939 | tal 0.0095 | dual_g 1.5936 | dual_d 0.7975 | train_acc 0.9609 | train_full 0.7188 | val_acc 0.5385 | val_f1 0.4647 | grad(main/disc) 14.518/1.651 | lr(main/disc) 7.00e-05/3.50e-05 | 21.4s
2026-08-22 01:15:32 | Epoch 025/100 | loss 3.2878 | cls 1.6626 | tal 0.0087 | dual_g 1.6226 | dual_d 0.8185 | train_acc 0.9141 | train_full 0.7396 | val_acc 0.6923 | val_f1 0.6490 | grad(main/disc) 16.514/1.623 | lr(main/disc) 7.00e-05/3.50e-05 | 20.7s
2026-08-22 01:15:52 | Epoch 026/100 | loss 3.1677 | cls 1.6178 | tal 0.0348 | dual_g 1.5395 | dual_d 0.7330 | train_acc 0.9062 | train_full 0.7083 | val_acc 0.6154 | val_f1 0.5681 | grad(main/disc) 16.752/1.579 | lr(main/disc) 7.00e-05/3.50e-05 | 20.6s
2026-08-22 01:16:13 | Epoch 027/100 | loss 3.0968 | cls 1.5432 | tal 0.0179 | dual_g 1.5482 | dual_d 0.7289 | train_acc 0.9453 | train_full 0.7604 | val_acc 0.6923 | val_f1 0.6403 | grad(main/disc) 14.667/1.576 | lr(main/disc) 3.50e-05/1.75e-05 | 21.2s
2026-08-22 01:16:34 | Epoch 028/100 | loss 3.1079 | cls 1.5637 | tal 0.0471 | dual_g 1.5301 | dual_d 0.8049 | train_acc 0.9453 | train_full 0.8750 | val_acc 0.8077 | val_f1 0.7972 | grad(main/disc) 15.179/1.663 | lr(main/disc) 3.50e-05/1.75e-05 | 20.8s
2026-08-22 01:16:34 | New best val_f1_macro_present: 0.7972 at epoch 28
2026-08-22 01:16:56 | Epoch 029/100 | loss 3.1645 | cls 1.6078 | tal 0.0474 | dual_g 1.5425 | dual_d 0.7634 | train_acc 0.9453 | train_full 0.8333 | val_acc 0.8846 | val_f1 0.9192 | grad(main/disc) 14.155/1.658 | lr(main/disc) 3.50e-05/1.75e-05 | 21.5s
2026-08-22 01:16:56 | New best val_f1_macro_present: 0.9192 at epoch 29
2026-08-22 01:17:18 | Epoch 030/100 | loss 3.0300 | cls 1.5491 | tal 0.0376 | dual_g 1.4696 | dual_d 0.7608 | train_acc 0.9609 | train_full 0.8542 | val_acc 0.8077 | val_f1 0.8319 | grad(main/disc) 12.962/1.625 | lr(main/disc) 3.50e-05/1.75e-05 | 22.0s
2026-08-22 01:17:40 | Epoch 031/100 | loss 2.9373 | cls 1.5011 | tal 0.0293 | dual_g 1.4274 | dual_d 0.7791 | train_acc 0.9844 | train_full 0.8750 | val_acc 0.8462 | val_f1 0.8545 | grad(main/disc) 12.226/1.650 | lr(main/disc) 3.50e-05/1.75e-05 | 22.0s
2026-08-22 01:18:02 | Epoch 032/100 | loss 3.0625 | cls 1.5357 | tal 0.0418 | dual_g 1.5143 | dual_d 0.7577 | train_acc 0.9688 | train_full 0.8229 | val_acc 0.7692 | val_f1 0.7976 | grad(main/disc) 16.703/1.590 | lr(main/disc) 3.50e-05/1.75e-05 | 21.3s
2026-08-22 01:18:23 | Epoch 033/100 | loss 2.9045 | cls 1.4602 | tal 0.0017 | dual_g 1.4439 | dual_d 0.8526 | train_acc 0.9766 | train_full 0.7812 | val_acc 0.6923 | val_f1 0.7310 | grad(main/disc) 10.368/1.716 | lr(main/disc) 3.50e-05/1.75e-05 | 21.7s
2026-08-22 01:18:45 | Epoch 034/100 | loss 2.8339 | cls 1.4292 | tal -0.0113 | dual_g 1.4081 | dual_d 0.7924 | train_acc 0.9766 | train_full 0.7917 | val_acc 0.7692 | val_f1 0.8189 | grad(main/disc) 18.972/1.595 | lr(main/disc) 3.50e-05/1.75e-05 | 21.3s
2026-08-22 01:19:05 | Epoch 035/100 | loss 2.8947 | cls 1.4858 | tal 0.0003 | dual_g 1.4088 | dual_d 0.7511 | train_acc 0.9453 | train_full 0.8021 | val_acc 0.8462 | val_f1 0.8734 | grad(main/disc) 19.076/1.602 | lr(main/disc) 3.50e-05/1.75e-05 | 20.5s
2026-08-22 01:19:26 | Epoch 036/100 | loss 2.9332 | cls 1.4876 | tal -0.0211 | dual_g 1.4519 | dual_d 0.7812 | train_acc 0.9531 | train_full 0.8333 | val_acc 0.8077 | val_f1 0.8296 | grad(main/disc) 18.496/1.711 | lr(main/disc) 1.75e-05/8.75e-06 | 21.0s
2026-08-22 01:19:48 | Epoch 037/100 | loss 2.8835 | cls 1.4375 | tal -0.0218 | dual_g 1.4526 | dual_d 0.7921 | train_acc 0.9844 | train_full 0.8125 | val_acc 0.8462 | val_f1 0.8627 | grad(main/disc) 15.537/1.717 | lr(main/disc) 1.75e-05/8.75e-06 | 22.0s
2026-08-22 01:20:08 | Epoch 038/100 | loss 2.7780 | cls 1.3819 | tal -0.0930 | dual_g 1.4240 | dual_d 0.8313 | train_acc 0.9844 | train_full 0.8125 | val_acc 0.8462 | val_f1 0.8869 | grad(main/disc) 9.903/1.729 | lr(main/disc) 1.75e-05/8.75e-06 | 20.0s
2026-08-22 01:20:08 | Early stopping at epoch 38 after 9 epochs without val_f1_macro_present improvement.
2026-08-22 01:20:08 | Training complete. Best validation accuracy: 0.8846 | best val_f1_macro_present: 0.9192
2026-08-22 01:20:08 | Starting Dual_D standalone training
2026-08-22 01:20:08 | Run directory: runs/module_c_ablation/module_c_no_paired_contrastive_雨天_iter03_20260821_184954
2026-08-22 01:20:08 | Device: cuda
2026-08-22 01:20:08 | Source train samples: 992
2026-08-22 01:20:08 | Target train samples: 96
2026-08-22 01:20:08 | Target val samples: 26
2026-08-22 01:20:08 | Classes: 14
2026-08-22 01:20:08 | Data audit: same_dir=False | path_overlap(vis/ir/ais)=0/0/0 | content_overlap(vis/ir/ais)=0/0/0 | ais_index_overlap=0 | stem_mismatch(vis-ir/vis-ais)=117/0
2026-08-22 01:20:08 | source_train classes: present 14/14 | absent 0 | counts [0:120, 1:44, 2:69, 3:45, 4:40, 5:30, 6:64, 7:80, 8:116, 9:68, 10:57, 11:83, 12:48, 13:128]
2026-08-22 01:20:08 | target_train classes: present 6/14 | absent 8 | counts [0:7, 2:19, 9:32, 10:12, 11:6, 13:20]
2026-08-22 01:20:08 | target_val classes: present 6/14 | absent 8 | counts [0:2, 2:5, 9:8, 10:4, 11:2, 13:5]
2026-08-22 01:20:08 | Paired training classes: 6/14 | class ids [0, 2, 9, 10, 11, 13]
2026-08-22 01:20:08 | VIS/IR pairing: class-level-unpaired | count-mismatch classes train/val: 10/0 | AIS alignment: none | AIS rows train/val: 0/0
2026-08-22 01:20:09 | Model parameters: total=17277714 | trainable=17120210
Starting run 12/12: domain=雨天, iteration=3, seed=53
2026-08-22 01:20:31 | Epoch 001/100 | loss 9.0041 | cls 4.8258 | tal 0.0733 | dual_g 4.1563 | dual_d 0.0000 | train_acc 0.0938 | train_full 0.0625 | val_acc 0.0385 | val_f1 0.0196 | grad(main/disc) 30.914/0.000 | lr(main/disc) 7.00e-05/3.50e-05 | 22.4s
2026-08-22 01:20:31 | New best val_f1_macro_present: 0.0196 at epoch 1
2026-08-22 01:20:50 | Epoch 002/100 | loss 7.5919 | cls 4.0658 | tal -0.0285 | dual_g 3.5346 | dual_d 0.0000 | train_acc 0.2109 | train_full 0.1771 | val_acc 0.1538 | val_f1 0.0952 | grad(main/disc) 26.330/0.000 | lr(main/disc) 7.00e-05/3.50e-05 | 18.9s
2026-08-22 01:20:50 | New best val_f1_macro_present: 0.0952 at epoch 2
2026-08-22 01:21:11 | Epoch 003/100 | loss 6.9896 | cls 3.6944 | tal 0.0331 | dual_g 3.2853 | dual_d 0.0000 | train_acc 0.3203 | train_full 0.2083 | val_acc 0.1923 | val_f1 0.1250 | grad(main/disc) 25.093/0.000 | lr(main/disc) 7.00e-05/3.50e-05 | 20.7s
2026-08-22 01:21:11 | New best val_f1_macro_present: 0.1250 at epoch 3
2026-08-22 01:21:34 | Epoch 004/100 | loss 6.3807 | cls 3.3074 | tal 0.0612 | dual_g 3.0549 | dual_d 0.0000 | train_acc 0.4297 | train_full 0.1042 | val_acc 0.0769 | val_f1 0.0513 | grad(main/disc) 21.804/0.000 | lr(main/disc) 7.00e-05/3.50e-05 | 22.7s
2026-08-22 01:21:56 | Epoch 005/100 | loss 5.9928 | cls 3.1675 | tal 0.0376 | dual_g 2.8140 | dual_d 0.0000 | train_acc 0.4297 | train_full 0.2396 | val_acc 0.3077 | val_f1 0.2230 | grad(main/disc) 20.907/0.000 | lr(main/disc) 7.00e-05/3.50e-05 | 22.3s
2026-08-22 01:21:57 | New best val_f1_macro_present: 0.2230 at epoch 5
2026-08-22 01:22:18 | Epoch 006/100 | loss 5.2331 | cls 2.7003 | tal 0.0226 | dual_g 2.5260 | dual_d 0.9399 | train_acc 0.5703 | train_full 0.1667 | val_acc 0.2308 | val_f1 0.1667 | grad(main/disc) 18.336/2.141 | lr(main/disc) 7.00e-05/3.50e-05 | 21.6s
2026-08-22 01:22:39 | Epoch 007/100 | loss 5.2462 | cls 2.8583 | tal 0.0383 | dual_g 2.3764 | dual_d 0.8682 | train_acc 0.6094 | train_full 0.1979 | val_acc 0.3077 | val_f1 0.2118 | grad(main/disc) 19.737/2.106 | lr(main/disc) 7.00e-05/3.50e-05 | 21.2s
2026-08-22 01:23:01 | Epoch 008/100 | loss 5.0084 | cls 2.6906 | tal 0.1260 | dual_g 2.2801 | dual_d 0.9430 | train_acc 0.6719 | train_full 0.2604 | val_acc 0.3077 | val_f1 0.2118 | grad(main/disc) 18.291/2.114 | lr(main/disc) 7.00e-05/3.50e-05 | 21.8s
2026-08-22 01:23:24 | Epoch 009/100 | loss 5.0872 | cls 2.7259 | tal 0.1216 | dual_g 2.3248 | dual_d 0.8231 | train_acc 0.6484 | train_full 0.2812 | val_acc 0.2692 | val_f1 0.1761 | grad(main/disc) 19.506/2.021 | lr(main/disc) 7.00e-05/3.50e-05 | 23.1s
2026-08-22 01:23:46 | Epoch 010/100 | loss 4.5130 | cls 2.2848 | tal 0.1357 | dual_g 2.1875 | dual_d 0.8160 | train_acc 0.7422 | train_full 0.3750 | val_acc 0.3846 | val_f1 0.3907 | grad(main/disc) 17.056/1.987 | lr(main/disc) 7.00e-05/3.50e-05 | 21.7s
2026-08-22 01:23:46 | New best val_f1_macro_present: 0.3907 at epoch 10
2026-08-22 01:24:07 | Epoch 011/100 | loss 4.3108 | cls 2.2045 | tal 0.1111 | dual_g 2.0729 | dual_d 0.8522 | train_acc 0.7266 | train_full 0.5104 | val_acc 0.5000 | val_f1 0.4550 | grad(main/disc) 17.630/1.963 | lr(main/disc) 7.00e-05/3.50e-05 | 20.5s
2026-08-22 01:24:07 | New best val_f1_macro_present: 0.4550 at epoch 11
2026-08-22 01:24:29 | Epoch 012/100 | loss 4.2220 | cls 2.1387 | tal 0.0571 | dual_g 2.0661 | dual_d 0.8303 | train_acc 0.7500 | train_full 0.5312 | val_acc 0.5000 | val_f1 0.4076 | grad(main/disc) 19.262/1.863 | lr(main/disc) 7.00e-05/3.50e-05 | 21.6s
2026-08-22 01:24:50 | Epoch 013/100 | loss 3.9290 | cls 1.9829 | tal 0.0473 | dual_g 1.9319 | dual_d 0.8258 | train_acc 0.8047 | train_full 0.4375 | val_acc 0.4231 | val_f1 0.3319 | grad(main/disc) 15.829/1.986 | lr(main/disc) 7.00e-05/3.50e-05 | 21.9s
2026-08-22 01:25:11 | Epoch 014/100 | loss 3.7629 | cls 1.9317 | tal 0.0664 | dual_g 1.8112 | dual_d 0.8824 | train_acc 0.8203 | train_full 0.4583 | val_acc 0.4615 | val_f1 0.4494 | grad(main/disc) 17.431/1.995 | lr(main/disc) 7.00e-05/3.50e-05 | 20.3s
2026-08-22 01:25:33 | Epoch 015/100 | loss 3.6682 | cls 1.8635 | tal 0.0105 | dual_g 1.8015 | dual_d 0.8430 | train_acc 0.7969 | train_full 0.5208 | val_acc 0.5385 | val_f1 0.5294 | grad(main/disc) 14.367/1.803 | lr(main/disc) 7.00e-05/3.50e-05 | 21.7s
2026-08-22 01:25:33 | New best val_f1_macro_present: 0.5294 at epoch 15
2026-08-22 01:25:53 | Epoch 016/100 | loss 3.6739 | cls 1.9107 | tal 0.0428 | dual_g 1.7503 | dual_d 0.8785 | train_acc 0.8359 | train_full 0.7604 | val_acc 0.5769 | val_f1 0.6164 | grad(main/disc) 16.563/1.902 | lr(main/disc) 7.00e-05/3.50e-05 | 20.5s
2026-08-22 01:25:53 | New best val_f1_macro_present: 0.6164 at epoch 16
2026-08-22 01:26:15 | Epoch 017/100 | loss 3.4065 | cls 1.6731 | tal -0.0348 | dual_g 1.7439 | dual_d 0.7458 | train_acc 0.8672 | train_full 0.7604 | val_acc 0.5769 | val_f1 0.6164 | grad(main/disc) 15.120/1.692 | lr(main/disc) 7.00e-05/3.50e-05 | 21.5s
2026-08-22 01:26:36 | Epoch 018/100 | loss 3.3301 | cls 1.7040 | tal -0.0539 | dual_g 1.6423 | dual_d 0.7637 | train_acc 0.8672 | train_full 0.8125 | val_acc 0.6154 | val_f1 0.6505 | grad(main/disc) 15.710/1.653 | lr(main/disc) 7.00e-05/3.50e-05 | 20.8s
2026-08-22 01:26:36 | New best val_f1_macro_present: 0.6505 at epoch 18
2026-08-22 01:26:56 | Epoch 019/100 | loss 3.2636 | cls 1.6481 | tal -0.0370 | dual_g 1.6266 | dual_d 0.7426 | train_acc 0.8984 | train_full 0.7604 | val_acc 0.5769 | val_f1 0.5975 | grad(main/disc) 12.594/1.675 | lr(main/disc) 7.00e-05/3.50e-05 | 20.5s
2026-08-22 01:27:17 | Epoch 020/100 | loss 3.3136 | cls 1.7098 | tal -0.0409 | dual_g 1.6160 | dual_d 0.8254 | train_acc 0.8359 | train_full 0.7292 | val_acc 0.5769 | val_f1 0.6123 | grad(main/disc) 16.835/1.831 | lr(main/disc) 7.00e-05/3.50e-05 | 20.3s
2026-08-22 01:27:40 | Epoch 021/100 | loss 3.1485 | cls 1.6397 | tal -0.0582 | dual_g 1.5263 | dual_d 0.8368 | train_acc 0.8750 | train_full 0.7604 | val_acc 0.6923 | val_f1 0.7319 | grad(main/disc) 14.158/1.760 | lr(main/disc) 7.00e-05/3.50e-05 | 22.8s
2026-08-22 01:27:40 | New best val_f1_macro_present: 0.7319 at epoch 21
2026-08-22 01:28:01 | Epoch 022/100 | loss 3.0639 | cls 1.5586 | tal -0.0262 | dual_g 1.5131 | dual_d 0.8008 | train_acc 0.9453 | train_full 0.8021 | val_acc 0.6923 | val_f1 0.7310 | grad(main/disc) 12.692/1.765 | lr(main/disc) 7.00e-05/3.50e-05 | 21.0s
2026-08-22 01:28:22 | Epoch 023/100 | loss 3.1744 | cls 1.6187 | tal -0.0399 | dual_g 1.5676 | dual_d 0.7826 | train_acc 0.8906 | train_full 0.7500 | val_acc 0.6154 | val_f1 0.6557 | grad(main/disc) 13.215/1.699 | lr(main/disc) 7.00e-05/3.50e-05 | 21.5s
2026-08-22 01:28:44 | Epoch 024/100 | loss 3.0943 | cls 1.5593 | tal 0.0169 | dual_g 1.5299 | dual_d 0.7506 | train_acc 0.9453 | train_full 0.8542 | val_acc 0.7692 | val_f1 0.7835 | grad(main/disc) 16.542/1.662 | lr(main/disc) 7.00e-05/3.50e-05 | 22.0s
2026-08-22 01:28:45 | New best val_f1_macro_present: 0.7835 at epoch 24
2026-08-22 01:29:05 | Epoch 025/100 | loss 2.9955 | cls 1.4853 | tal -0.0726 | dual_g 1.5320 | dual_d 0.7323 | train_acc 0.9609 | train_full 0.7604 | val_acc 0.5769 | val_f1 0.5975 | grad(main/disc) 14.645/1.616 | lr(main/disc) 7.00e-05/3.50e-05 | 20.5s
2026-08-22 01:29:27 | Epoch 026/100 | loss 3.1082 | cls 1.5781 | tal -0.0676 | dual_g 1.5504 | dual_d 0.8111 | train_acc 0.9375 | train_full 0.8021 | val_acc 0.7308 | val_f1 0.7700 | grad(main/disc) 17.508/1.783 | lr(main/disc) 7.00e-05/3.50e-05 | 21.6s
2026-08-22 01:29:48 | Epoch 027/100 | loss 3.0268 | cls 1.5702 | tal -0.0315 | dual_g 1.4661 | dual_d 0.7858 | train_acc 0.9062 | train_full 0.8333 | val_acc 0.6538 | val_f1 0.6669 | grad(main/disc) 14.289/1.683 | lr(main/disc) 7.00e-05/3.50e-05 | 20.8s
2026-08-22 01:30:10 | Epoch 028/100 | loss 3.1911 | cls 1.6520 | tal -0.0530 | dual_g 1.5551 | dual_d 0.7485 | train_acc 0.8828 | train_full 0.8021 | val_acc 0.7308 | val_f1 0.7398 | grad(main/disc) 17.040/1.647 | lr(main/disc) 7.00e-05/3.50e-05 | 22.0s
2026-08-22 01:30:32 | Epoch 029/100 | loss 2.9337 | cls 1.4638 | tal -0.0204 | dual_g 1.4760 | dual_d 0.7360 | train_acc 0.9531 | train_full 0.8854 | val_acc 0.8077 | val_f1 0.8241 | grad(main/disc) 16.437/1.608 | lr(main/disc) 7.00e-05/3.50e-05 | 22.7s
2026-08-22 01:30:33 | New best val_f1_macro_present: 0.8241 at epoch 29
2026-08-22 01:30:53 | Epoch 030/100 | loss 2.9022 | cls 1.5044 | tal -0.0632 | dual_g 1.4168 | dual_d 0.8231 | train_acc 0.9844 | train_full 0.9271 | val_acc 0.7692 | val_f1 0.7859 | grad(main/disc) 13.456/1.730 | lr(main/disc) 7.00e-05/3.50e-05 | 20.8s
2026-08-22 01:31:16 | Epoch 031/100 | loss 2.8159 | cls 1.3954 | tal -0.0181 | dual_g 1.4259 | dual_d 0.7747 | train_acc 0.9844 | train_full 0.9583 | val_acc 0.9231 | val_f1 0.9370 | grad(main/disc) 10.740/1.682 | lr(main/disc) 7.00e-05/3.50e-05 | 22.4s
2026-08-22 01:31:16 | New best val_f1_macro_present: 0.9370 at epoch 31
2026-08-22 01:31:37 | Epoch 032/100 | loss 2.9879 | cls 1.5300 | tal -0.0478 | dual_g 1.4722 | dual_d 0.8026 | train_acc 0.9453 | train_full 0.9479 | val_acc 0.9615 | val_f1 0.9630 | grad(main/disc) 14.098/1.631 | lr(main/disc) 7.00e-05/3.50e-05 | 21.3s
2026-08-22 01:31:38 | New best val_f1_macro_present: 0.9630 at epoch 32
2026-08-22 01:31:59 | Epoch 033/100 | loss 2.8635 | cls 1.4344 | tal -0.1134 | dual_g 1.4632 | dual_d 0.8245 | train_acc 0.9688 | train_full 0.9479 | val_acc 0.9615 | val_f1 0.9630 | grad(main/disc) 13.903/1.772 | lr(main/disc) 7.00e-05/3.50e-05 | 21.8s
2026-08-22 01:32:21 | Epoch 034/100 | loss 2.8190 | cls 1.4468 | tal -0.0626 | dual_g 1.3910 | dual_d 0.8322 | train_acc 0.9766 | train_full 0.9479 | val_acc 0.9231 | val_f1 0.8923 | grad(main/disc) 10.352/1.690 | lr(main/disc) 7.00e-05/3.50e-05 | 21.1s
2026-08-22 01:32:43 | Epoch 035/100 | loss 2.8502 | cls 1.4647 | tal -0.1557 | dual_g 1.4322 | dual_d 0.8136 | train_acc 0.9766 | train_full 0.9479 | val_acc 0.9615 | val_f1 0.9630 | grad(main/disc) 10.446/1.610 | lr(main/disc) 7.00e-05/3.50e-05 | 22.4s
2026-08-22 01:33:06 | Epoch 036/100 | loss 2.7820 | cls 1.4004 | tal -0.1092 | dual_g 1.4143 | dual_d 0.7951 | train_acc 0.9922 | train_full 0.9479 | val_acc 0.8846 | val_f1 0.8831 | grad(main/disc) 8.825/1.625 | lr(main/disc) 7.00e-05/3.50e-05 | 22.9s
2026-08-22 01:33:27 | Epoch 037/100 | loss 2.6960 | cls 1.3901 | tal -0.1976 | dual_g 1.3651 | dual_d 0.8434 | train_acc 0.9844 | train_full 0.9479 | val_acc 0.9615 | val_f1 0.9630 | grad(main/disc) 8.250/1.743 | lr(main/disc) 7.00e-05/3.50e-05 | 21.3s
2026-08-22 01:33:48 | Epoch 038/100 | loss 2.6296 | cls 1.3248 | tal -0.1826 | dual_g 1.3595 | dual_d 0.8633 | train_acc 0.9922 | train_full 0.9479 | val_acc 0.9615 | val_f1 0.9630 | grad(main/disc) 6.773/1.671 | lr(main/disc) 7.00e-05/3.50e-05 | 21.1s
2026-08-22 01:34:09 | Epoch 039/100 | loss 2.6986 | cls 1.3796 | tal -0.1448 | dual_g 1.3625 | dual_d 0.8486 | train_acc 0.9688 | train_full 0.9792 | val_acc 0.9615 | val_f1 0.9630 | grad(main/disc) 8.935/1.684 | lr(main/disc) 3.50e-05/1.75e-05 | 20.9s
2026-08-22 01:34:29 | Epoch 040/100 | loss 2.7336 | cls 1.4104 | tal -0.1649 | dual_g 1.3727 | dual_d 0.8297 | train_acc 0.9844 | train_full 0.9583 | val_acc 0.9231 | val_f1 0.9250 | grad(main/disc) 10.083/1.715 | lr(main/disc) 3.50e-05/1.75e-05 | 20.2s
2026-08-22 01:34:51 | Epoch 041/100 | loss 2.6065 | cls 1.3666 | tal -0.2489 | dual_g 1.3147 | dual_d 0.9557 | train_acc 0.9766 | train_full 0.9271 | val_acc 0.8846 | val_f1 0.8831 | grad(main/disc) 8.081/1.776 | lr(main/disc) 3.50e-05/1.75e-05 | 21.1s
2026-08-22 01:34:51 | Early stopping at epoch 41 after 9 epochs without val_f1_macro_present improvement.
2026-08-22 01:34:51 | Training complete. Best validation accuracy: 0.9615 | best val_f1_macro_present: 0.9630
Dual_D experiment matrix complete.
Batch summary: runs/module_c_ablation/batch_summary_20260821_184954.json
黑天: best val acc 0.9861 ± 0.0039 over 3 run(s)
逆光: best val acc 0.9820 ± 0.0255 over 3 run(s)
雾天: best val acc 0.9823 ± 0.0094 over 3 run(s)
雨天: best val acc 0.9487 ± 0.0480 over 3 run(s)
/home/lixiang/envs/lx_pytorch/lib/python3.11/site-packages/torch/cuda/__init__.py:1061: UserWarning: Can't initialize NVML
  raw_cnt = _raw_device_count_nvml()
2026-08-22 01:34:52 | Starting Dual_D standalone training
2026-08-22 01:34:52 | Run directory: runs/module_c_ablation/module_c_no_prototype_contrastive_黑天_iter01_20260822_013452
2026-08-22 01:34:52 | Device: cuda
2026-08-22 01:34:52 | Source train samples: 992
2026-08-22 01:34:52 | Target train samples: 465
2026-08-22 01:34:52 | Target val samples: 120
2026-08-22 01:34:52 | Classes: 14
2026-08-22 01:34:52 | Data audit: same_dir=False | path_overlap(vis/ir/ais)=0/0/0 | content_overlap(vis/ir/ais)=0/0/0 | ais_index_overlap=0 | stem_mismatch(vis-ir/vis-ais)=578/0
2026-08-22 01:34:52 | source_train classes: present 14/14 | absent 0 | counts [0:120, 1:44, 2:69, 3:45, 4:40, 5:30, 6:64, 7:80, 8:116, 9:68, 10:57, 11:83, 12:48, 13:128]
2026-08-22 01:34:52 | target_train classes: present 8/14 | absent 6 | counts [0:100, 2:11, 3:16, 6:89, 9:162, 10:12, 11:44, 13:31]
2026-08-22 01:34:52 | target_val classes: present 8/14 | absent 6 | counts [0:26, 2:3, 3:5, 6:23, 9:41, 10:3, 11:11, 13:8]
2026-08-22 01:34:52 | Paired training classes: 8/14 | class ids [0, 2, 3, 6, 9, 10, 11, 13]
2026-08-22 01:34:52 | VIS/IR pairing: class-level-unpaired | count-mismatch classes train/val: 10/0 | AIS alignment: none | AIS rows train/val: 0/0
2026-08-22 01:34:53 | Model parameters: total=17277714 | trainable=17120210
Starting run 1/12: domain=黑天, iteration=1, seed=42
2026-08-22 01:36:12 | Epoch 001/100 | loss 8.8138 | cls 4.6345 | tal 0.1981 | dual_g 4.1199 | dual_d 0.0000 | train_acc 0.1750 | train_full 0.1097 | val_acc 0.1250 | val_f1 0.1173 | grad(main/disc) 28.805/0.000 | lr(main/disc) 7.00e-05/3.50e-05 | 79.2s
2026-08-22 01:36:13 | New best val_f1_macro_present: 0.1173 at epoch 1
2026-08-22 01:37:28 | Epoch 002/100 | loss 6.7518 | cls 3.4955 | tal 0.0259 | dual_g 3.2485 | dual_d 0.0000 | train_acc 0.3917 | train_full 0.2237 | val_acc 0.2167 | val_f1 0.2967 | grad(main/disc) 22.950/0.000 | lr(main/disc) 7.00e-05/3.50e-05 | 75.0s
2026-08-22 01:37:28 | New best val_f1_macro_present: 0.2967 at epoch 2
2026-08-22 01:38:43 | Epoch 003/100 | loss 5.7305 | cls 2.9592 | tal 0.0399 | dual_g 2.7594 | dual_d 0.0000 | train_acc 0.5042 | train_full 0.4237 | val_acc 0.4333 | val_f1 0.5084 | grad(main/disc) 21.362/0.000 | lr(main/disc) 7.00e-05/3.50e-05 | 75.1s
2026-08-22 01:38:43 | New best val_f1_macro_present: 0.5084 at epoch 3
2026-08-22 01:40:00 | Epoch 004/100 | loss 5.0267 | cls 2.5602 | tal 0.0086 | dual_g 2.4639 | dual_d 0.0000 | train_acc 0.6188 | train_full 0.5527 | val_acc 0.5417 | val_f1 0.5663 | grad(main/disc) 20.119/0.000 | lr(main/disc) 7.00e-05/3.50e-05 | 77.0s
2026-08-22 01:40:01 | New best val_f1_macro_present: 0.5663 at epoch 4
2026-08-22 01:41:17 | Epoch 005/100 | loss 4.5102 | cls 2.2570 | tal -0.0139 | dual_g 2.2573 | dual_d 0.0000 | train_acc 0.6875 | train_full 0.6688 | val_acc 0.6667 | val_f1 0.6645 | grad(main/disc) 18.804/0.000 | lr(main/disc) 7.00e-05/3.50e-05 | 76.2s
2026-08-22 01:41:17 | New best val_f1_macro_present: 0.6645 at epoch 5
2026-08-22 01:42:32 | Epoch 006/100 | loss 3.9447 | cls 1.9524 | tal 0.0259 | dual_g 1.9845 | dual_d 0.9313 | train_acc 0.7854 | train_full 0.6516 | val_acc 0.6333 | val_f1 0.6207 | grad(main/disc) 16.300/1.981 | lr(main/disc) 7.00e-05/3.50e-05 | 75.3s
2026-08-22 01:43:49 | Epoch 007/100 | loss 3.8604 | cls 1.9458 | tal 0.0133 | dual_g 1.9105 | dual_d 0.8736 | train_acc 0.7604 | train_full 0.7656 | val_acc 0.7167 | val_f1 0.7102 | grad(main/disc) 17.404/1.881 | lr(main/disc) 7.00e-05/3.50e-05 | 76.4s
2026-08-22 01:43:49 | New best val_f1_macro_present: 0.7102 at epoch 7
2026-08-22 01:45:06 | Epoch 008/100 | loss 3.5595 | cls 1.7663 | tal 0.0142 | dual_g 1.7889 | dual_d 0.8172 | train_acc 0.8375 | train_full 0.7226 | val_acc 0.6750 | val_f1 0.6835 | grad(main/disc) 14.785/1.753 | lr(main/disc) 7.00e-05/3.50e-05 | 77.0s
2026-08-22 01:46:22 | Epoch 009/100 | loss 3.4217 | cls 1.6968 | tal 0.0197 | dual_g 1.7190 | dual_d 0.8323 | train_acc 0.8292 | train_full 0.8086 | val_acc 0.7917 | val_f1 0.7537 | grad(main/disc) 15.151/1.737 | lr(main/disc) 7.00e-05/3.50e-05 | 76.2s
2026-08-22 01:46:23 | New best val_f1_macro_present: 0.7537 at epoch 9
2026-08-22 01:47:41 | Epoch 010/100 | loss 3.2875 | cls 1.6148 | tal -0.0098 | dual_g 1.6756 | dual_d 0.8210 | train_acc 0.8917 | train_full 0.8452 | val_acc 0.8500 | val_f1 0.8251 | grad(main/disc) 14.037/1.677 | lr(main/disc) 7.00e-05/3.50e-05 | 78.0s
2026-08-22 01:47:41 | New best val_f1_macro_present: 0.8251 at epoch 10
2026-08-22 01:48:57 | Epoch 011/100 | loss 3.2509 | cls 1.5997 | tal 0.0483 | dual_g 1.6368 | dual_d 0.7928 | train_acc 0.8854 | train_full 0.9011 | val_acc 0.8667 | val_f1 0.8435 | grad(main/disc) 13.639/1.644 | lr(main/disc) 7.00e-05/3.50e-05 | 76.0s
2026-08-22 01:48:57 | New best val_f1_macro_present: 0.8435 at epoch 11
2026-08-22 01:50:14 | Epoch 012/100 | loss 3.1370 | cls 1.5707 | tal 0.0295 | dual_g 1.5575 | dual_d 0.7920 | train_acc 0.9062 | train_full 0.8409 | val_acc 0.8750 | val_f1 0.8428 | grad(main/disc) 13.263/1.587 | lr(main/disc) 7.00e-05/3.50e-05 | 76.5s
2026-08-22 01:51:34 | Epoch 013/100 | loss 3.0383 | cls 1.4971 | tal 0.0277 | dual_g 1.5329 | dual_d 0.7350 | train_acc 0.9354 | train_full 0.9226 | val_acc 0.9083 | val_f1 0.8822 | grad(main/disc) 11.230/1.536 | lr(main/disc) 7.00e-05/3.50e-05 | 80.3s
2026-08-22 01:51:34 | New best val_f1_macro_present: 0.8822 at epoch 13
2026-08-22 01:52:48 | Epoch 014/100 | loss 3.0101 | cls 1.4858 | tal -0.0672 | dual_g 1.5445 | dual_d 0.8026 | train_acc 0.9313 | train_full 0.9118 | val_acc 0.8667 | val_f1 0.8722 | grad(main/disc) 11.541/1.582 | lr(main/disc) 7.00e-05/3.50e-05 | 73.9s
2026-08-22 01:54:05 | Epoch 015/100 | loss 2.8571 | cls 1.4020 | tal 0.0219 | dual_g 1.4485 | dual_d 0.7430 | train_acc 0.9688 | train_full 0.8430 | val_acc 0.8083 | val_f1 0.7781 | grad(main/disc) 8.982/1.475 | lr(main/disc) 7.00e-05/3.50e-05 | 77.0s
2026-08-22 01:55:22 | Epoch 016/100 | loss 2.8526 | cls 1.3926 | tal 0.0150 | dual_g 1.4554 | dual_d 0.7829 | train_acc 0.9604 | train_full 0.8495 | val_acc 0.8250 | val_f1 0.7752 | grad(main/disc) 9.223/1.522 | lr(main/disc) 7.00e-05/3.50e-05 | 77.1s
2026-08-22 01:56:40 | Epoch 017/100 | loss 2.8771 | cls 1.4100 | tal 0.0519 | dual_g 1.4516 | dual_d 0.8158 | train_acc 0.9667 | train_full 0.9398 | val_acc 0.9000 | val_f1 0.8649 | grad(main/disc) 9.813/1.563 | lr(main/disc) 7.00e-05/3.50e-05 | 77.5s
2026-08-22 01:57:52 | Epoch 018/100 | loss 2.7940 | cls 1.3769 | tal -0.0035 | dual_g 1.4181 | dual_d 0.8149 | train_acc 0.9708 | train_full 0.9333 | val_acc 0.9083 | val_f1 0.8769 | grad(main/disc) 8.260/1.554 | lr(main/disc) 7.00e-05/3.50e-05 | 72.3s
2026-08-22 01:59:10 | Epoch 019/100 | loss 2.8374 | cls 1.4013 | tal -0.0012 | dual_g 1.4365 | dual_d 0.8255 | train_acc 0.9708 | train_full 0.9097 | val_acc 0.8833 | val_f1 0.8579 | grad(main/disc) 9.409/1.526 | lr(main/disc) 7.00e-05/3.50e-05 | 77.5s
2026-08-22 02:00:24 | Epoch 020/100 | loss 2.8053 | cls 1.3900 | tal -0.0854 | dual_g 1.4408 | dual_d 0.8516 | train_acc 0.9604 | train_full 0.9570 | val_acc 0.9333 | val_f1 0.9298 | grad(main/disc) 9.372/1.570 | lr(main/disc) 7.00e-05/3.50e-05 | 74.1s
2026-08-22 02:00:24 | New best val_f1_macro_present: 0.9298 at epoch 20
2026-08-22 02:01:41 | Epoch 021/100 | loss 2.7119 | cls 1.3373 | tal -0.0890 | dual_g 1.4012 | dual_d 0.8887 | train_acc 0.9750 | train_full 0.9032 | val_acc 0.8917 | val_f1 0.8435 | grad(main/disc) 7.135/1.579 | lr(main/disc) 7.00e-05/3.50e-05 | 76.6s
2026-08-22 02:03:00 | Epoch 022/100 | loss 2.7633 | cls 1.3758 | tal -0.0445 | dual_g 1.4009 | dual_d 0.9096 | train_acc 0.9896 | train_full 0.9785 | val_acc 0.9667 | val_f1 0.9298 | grad(main/disc) 8.620/1.563 | lr(main/disc) 7.00e-05/3.50e-05 | 78.7s
2026-08-22 02:04:18 | Epoch 023/100 | loss 2.6786 | cls 1.3361 | tal -0.0759 | dual_g 1.3652 | dual_d 0.8937 | train_acc 0.9812 | train_full 0.9097 | val_acc 0.8917 | val_f1 0.8920 | grad(main/disc) 6.529/1.554 | lr(main/disc) 7.00e-05/3.50e-05 | 78.9s
2026-08-22 02:05:36 | Epoch 024/100 | loss 2.6256 | cls 1.2925 | tal -0.1168 | dual_g 1.3681 | dual_d 0.9393 | train_acc 0.9917 | train_full 0.9720 | val_acc 0.9500 | val_f1 0.9316 | grad(main/disc) 5.868/1.615 | lr(main/disc) 7.00e-05/3.50e-05 | 77.8s
2026-08-22 02:05:37 | New best val_f1_macro_present: 0.9316 at epoch 24
2026-08-22 02:06:52 | Epoch 025/100 | loss 2.6558 | cls 1.3211 | tal -0.0863 | dual_g 1.3605 | dual_d 0.9864 | train_acc 0.9792 | train_full 0.9441 | val_acc 0.9417 | val_f1 0.9374 | grad(main/disc) 6.963/1.648 | lr(main/disc) 7.00e-05/3.50e-05 | 75.6s
2026-08-22 02:06:53 | New best val_f1_macro_present: 0.9374 at epoch 25
2026-08-22 02:08:09 | Epoch 026/100 | loss 2.6229 | cls 1.2991 | tal -0.1022 | dual_g 1.3544 | dual_d 0.9934 | train_acc 0.9875 | train_full 0.9720 | val_acc 0.9667 | val_f1 0.9494 | grad(main/disc) 5.884/1.624 | lr(main/disc) 7.00e-05/3.50e-05 | 76.2s
2026-08-22 02:08:09 | New best val_f1_macro_present: 0.9494 at epoch 26
2026-08-22 02:09:26 | Epoch 027/100 | loss 2.6017 | cls 1.3039 | tal -0.1231 | dual_g 1.3347 | dual_d 1.0013 | train_acc 0.9854 | train_full 0.9656 | val_acc 0.9333 | val_f1 0.9138 | grad(main/disc) 5.833/1.656 | lr(main/disc) 7.00e-05/3.50e-05 | 77.4s
2026-08-22 02:10:44 | Epoch 028/100 | loss 2.5594 | cls 1.2838 | tal -0.1390 | dual_g 1.3173 | dual_d 1.0360 | train_acc 0.9896 | train_full 0.9763 | val_acc 0.9583 | val_f1 0.9437 | grad(main/disc) 5.140/1.653 | lr(main/disc) 7.00e-05/3.50e-05 | 77.6s
2026-08-22 02:12:02 | Epoch 029/100 | loss 2.5077 | cls 1.2725 | tal -0.2007 | dual_g 1.2955 | dual_d 1.0261 | train_acc 0.9938 | train_full 0.9828 | val_acc 0.9583 | val_f1 0.9285 | grad(main/disc) 4.790/1.597 | lr(main/disc) 7.00e-05/3.50e-05 | 78.0s
2026-08-22 02:13:19 | Epoch 030/100 | loss 2.4896 | cls 1.2507 | tal -0.1886 | dual_g 1.2955 | dual_d 1.0428 | train_acc 1.0000 | train_full 0.9914 | val_acc 0.9750 | val_f1 0.9535 | grad(main/disc) 4.214/1.619 | lr(main/disc) 7.00e-05/3.50e-05 | 76.6s
2026-08-22 02:13:19 | New best val_f1_macro_present: 0.9535 at epoch 30
2026-08-22 02:14:35 | Epoch 031/100 | loss 2.4871 | cls 1.2539 | tal -0.2050 | dual_g 1.2946 | dual_d 1.0369 | train_acc 0.9958 | train_full 0.9656 | val_acc 0.9500 | val_f1 0.9566 | grad(main/disc) 4.677/1.623 | lr(main/disc) 7.00e-05/3.50e-05 | 75.7s
2026-08-22 02:14:35 | New best val_f1_macro_present: 0.9566 at epoch 31
2026-08-22 02:15:53 | Epoch 032/100 | loss 2.4766 | cls 1.2540 | tal -0.2106 | dual_g 1.2857 | dual_d 1.0814 | train_acc 0.9917 | train_full 0.9957 | val_acc 0.9750 | val_f1 0.9626 | grad(main/disc) 4.376/1.656 | lr(main/disc) 7.00e-05/3.50e-05 | 77.6s
2026-08-22 02:15:53 | New best val_f1_macro_present: 0.9626 at epoch 32
2026-08-22 02:17:12 | Epoch 033/100 | loss 2.4876 | cls 1.2624 | tal -0.2364 | dual_g 1.2961 | dual_d 1.0668 | train_acc 0.9875 | train_full 0.9591 | val_acc 0.9417 | val_f1 0.9102 | grad(main/disc) 5.033/1.646 | lr(main/disc) 7.00e-05/3.50e-05 | 79.4s
2026-08-22 02:18:28 | Epoch 034/100 | loss 2.4479 | cls 1.2400 | tal -0.1916 | dual_g 1.2654 | dual_d 1.0676 | train_acc 0.9958 | train_full 0.9914 | val_acc 0.9833 | val_f1 0.9829 | grad(main/disc) 3.642/1.659 | lr(main/disc) 7.00e-05/3.50e-05 | 75.4s
2026-08-22 02:18:28 | New best val_f1_macro_present: 0.9829 at epoch 34
2026-08-22 02:19:44 | Epoch 035/100 | loss 2.4353 | cls 1.2380 | tal -0.2070 | dual_g 1.2594 | dual_d 1.0306 | train_acc 0.9958 | train_full 0.9849 | val_acc 0.9583 | val_f1 0.9508 | grad(main/disc) 3.842/1.592 | lr(main/disc) 7.00e-05/3.50e-05 | 76.0s
2026-08-22 02:21:02 | Epoch 036/100 | loss 2.4212 | cls 1.2322 | tal -0.2226 | dual_g 1.2557 | dual_d 1.0227 | train_acc 0.9896 | train_full 0.9720 | val_acc 0.9583 | val_f1 0.9603 | grad(main/disc) 3.678/1.546 | lr(main/disc) 7.00e-05/3.50e-05 | 78.2s
2026-08-22 02:22:17 | Epoch 037/100 | loss 2.4188 | cls 1.2346 | tal -0.2182 | dual_g 1.2497 | dual_d 1.0064 | train_acc 0.9938 | train_full 0.9763 | val_acc 0.9583 | val_f1 0.9427 | grad(main/disc) 3.894/1.511 | lr(main/disc) 7.00e-05/3.50e-05 | 74.7s
2026-08-22 02:23:31 | Epoch 038/100 | loss 2.4110 | cls 1.2232 | tal -0.2121 | dual_g 1.2515 | dual_d 0.9991 | train_acc 0.9958 | train_full 0.9914 | val_acc 0.9583 | val_f1 0.9452 | grad(main/disc) 3.636/1.485 | lr(main/disc) 7.00e-05/3.50e-05 | 73.6s
2026-08-22 02:24:45 | Epoch 039/100 | loss 2.4113 | cls 1.2323 | tal -0.2315 | dual_g 1.2485 | dual_d 1.0075 | train_acc 0.9958 | train_full 0.9613 | val_acc 0.9167 | val_f1 0.9013 | grad(main/disc) 4.054/1.506 | lr(main/disc) 7.00e-05/3.50e-05 | 74.9s
2026-08-22 02:26:02 | Epoch 040/100 | loss 2.3958 | cls 1.2238 | tal -0.2054 | dual_g 1.2336 | dual_d 1.0215 | train_acc 0.9938 | train_full 0.9914 | val_acc 0.9750 | val_f1 0.9535 | grad(main/disc) 3.561/1.529 | lr(main/disc) 7.00e-05/3.50e-05 | 76.5s
2026-08-22 02:27:18 | Epoch 041/100 | loss 2.3830 | cls 1.2186 | tal -0.2403 | dual_g 1.2365 | dual_d 1.0196 | train_acc 0.9979 | train_full 0.9871 | val_acc 0.9833 | val_f1 0.9624 | grad(main/disc) 3.414/1.466 | lr(main/disc) 3.50e-05/1.75e-05 | 76.4s
2026-08-22 02:28:35 | Epoch 042/100 | loss 2.3550 | cls 1.2102 | tal -0.2708 | dual_g 1.2261 | dual_d 1.0505 | train_acc 0.9979 | train_full 0.9957 | val_acc 0.9917 | val_f1 0.9827 | grad(main/disc) 3.089/1.531 | lr(main/disc) 3.50e-05/1.75e-05 | 76.5s
2026-08-22 02:29:55 | Epoch 043/100 | loss 2.3305 | cls 1.1941 | tal -0.2712 | dual_g 1.2177 | dual_d 1.0636 | train_acc 1.0000 | train_full 0.9957 | val_acc 0.9917 | val_f1 0.9827 | grad(main/disc) 2.497/1.521 | lr(main/disc) 3.50e-05/1.75e-05 | 79.9s
2026-08-22 02:29:55 | Early stopping at epoch 43 after 9 epochs without val_f1_macro_present improvement.
2026-08-22 02:29:55 | Training complete. Best validation accuracy: 0.9917 | best val_f1_macro_present: 0.9829
2026-08-22 02:29:55 | Starting Dual_D standalone training
2026-08-22 02:29:55 | Run directory: runs/module_c_ablation/module_c_no_prototype_contrastive_黑天_iter02_20260822_013452
2026-08-22 02:29:55 | Device: cuda
2026-08-22 02:29:55 | Source train samples: 992
2026-08-22 02:29:55 | Target train samples: 465
2026-08-22 02:29:55 | Target val samples: 120
2026-08-22 02:29:55 | Classes: 14
2026-08-22 02:29:55 | Data audit: same_dir=False | path_overlap(vis/ir/ais)=0/0/0 | content_overlap(vis/ir/ais)=0/0/0 | ais_index_overlap=0 | stem_mismatch(vis-ir/vis-ais)=578/0
2026-08-22 02:29:55 | source_train classes: present 14/14 | absent 0 | counts [0:120, 1:44, 2:69, 3:45, 4:40, 5:30, 6:64, 7:80, 8:116, 9:68, 10:57, 11:83, 12:48, 13:128]
2026-08-22 02:29:55 | target_train classes: present 8/14 | absent 6 | counts [0:100, 2:11, 3:16, 6:89, 9:162, 10:12, 11:44, 13:31]
2026-08-22 02:29:55 | target_val classes: present 8/14 | absent 6 | counts [0:26, 2:3, 3:5, 6:23, 9:41, 10:3, 11:11, 13:8]
2026-08-22 02:29:55 | Paired training classes: 8/14 | class ids [0, 2, 3, 6, 9, 10, 11, 13]
2026-08-22 02:29:55 | VIS/IR pairing: class-level-unpaired | count-mismatch classes train/val: 10/0 | AIS alignment: none | AIS rows train/val: 0/0
2026-08-22 02:29:55 | Model parameters: total=17277714 | trainable=17120210
Starting run 2/12: domain=黑天, iteration=2, seed=43
2026-08-22 02:31:12 | Epoch 001/100 | loss 9.1192 | cls 4.8061 | tal 0.2214 | dual_g 4.2466 | dual_d 0.0000 | train_acc 0.1458 | train_full 0.3312 | val_acc 0.2917 | val_f1 0.1366 | grad(main/disc) 28.073/0.000 | lr(main/disc) 7.00e-05/3.50e-05 | 77.0s
2026-08-22 02:31:13 | New best val_f1_macro_present: 0.1366 at epoch 1
2026-08-22 02:32:29 | Epoch 002/100 | loss 6.8177 | cls 3.5290 | tal 0.0827 | dual_g 3.2639 | dual_d 0.0000 | train_acc 0.3625 | train_full 0.1527 | val_acc 0.1417 | val_f1 0.1527 | grad(main/disc) 21.071/0.000 | lr(main/disc) 7.00e-05/3.50e-05 | 76.3s
2026-08-22 02:32:29 | New best val_f1_macro_present: 0.1527 at epoch 2
2026-08-22 02:33:45 | Epoch 003/100 | loss 5.7826 | cls 2.9997 | tal -0.0632 | dual_g 2.8018 | dual_d 0.0000 | train_acc 0.4750 | train_full 0.2903 | val_acc 0.2833 | val_f1 0.4110 | grad(main/disc) 19.691/0.000 | lr(main/disc) 7.00e-05/3.50e-05 | 76.1s
2026-08-22 02:33:46 | New best val_f1_macro_present: 0.4110 at epoch 3
2026-08-22 02:35:00 | Epoch 004/100 | loss 4.9795 | cls 2.5980 | tal -0.0777 | dual_g 2.4048 | dual_d 0.0000 | train_acc 0.5979 | train_full 0.6086 | val_acc 0.6167 | val_f1 0.6150 | grad(main/disc) 18.746/0.000 | lr(main/disc) 7.00e-05/3.50e-05 | 74.7s
2026-08-22 02:35:01 | New best val_f1_macro_present: 0.6150 at epoch 4
2026-08-22 02:36:18 | Epoch 005/100 | loss 4.4263 | cls 2.2453 | tal -0.0508 | dual_g 2.1963 | dual_d 0.0000 | train_acc 0.7000 | train_full 0.5075 | val_acc 0.5333 | val_f1 0.5958 | grad(main/disc) 18.128/0.000 | lr(main/disc) 7.00e-05/3.50e-05 | 77.5s
2026-08-22 02:37:35 | Epoch 006/100 | loss 4.2620 | cls 2.1382 | tal -0.0173 | dual_g 2.1290 | dual_d 0.9811 | train_acc 0.7354 | train_full 0.6989 | val_acc 0.6667 | val_f1 0.6830 | grad(main/disc) 18.226/1.875 | lr(main/disc) 7.00e-05/3.50e-05 | 76.8s
2026-08-22 02:37:35 | New best val_f1_macro_present: 0.6830 at epoch 6
2026-08-22 02:38:52 | Epoch 007/100 | loss 3.8134 | cls 1.9516 | tal -0.0664 | dual_g 1.8817 | dual_d 0.9176 | train_acc 0.8083 | train_full 0.7548 | val_acc 0.7833 | val_f1 0.7334 | grad(main/disc) 16.134/1.792 | lr(main/disc) 7.00e-05/3.50e-05 | 76.3s
2026-08-22 02:38:52 | New best val_f1_macro_present: 0.7334 at epoch 7
2026-08-22 02:40:08 | Epoch 008/100 | loss 3.6299 | cls 1.8156 | tal -0.0457 | dual_g 1.8280 | dual_d 0.8543 | train_acc 0.8375 | train_full 0.7742 | val_acc 0.7000 | val_f1 0.6882 | grad(main/disc) 15.420/1.727 | lr(main/disc) 7.00e-05/3.50e-05 | 76.5s
2026-08-22 02:41:24 | Epoch 009/100 | loss 3.4480 | cls 1.7476 | tal -0.0615 | dual_g 1.7188 | dual_d 0.8122 | train_acc 0.8688 | train_full 0.8108 | val_acc 0.7583 | val_f1 0.7250 | grad(main/disc) 14.795/1.694 | lr(main/disc) 7.00e-05/3.50e-05 | 75.2s
2026-08-22 02:42:40 | Epoch 010/100 | loss 3.3120 | cls 1.6623 | tal -0.0559 | dual_g 1.6664 | dual_d 0.8201 | train_acc 0.8771 | train_full 0.8882 | val_acc 0.8833 | val_f1 0.8509 | grad(main/disc) 14.050/1.562 | lr(main/disc) 7.00e-05/3.50e-05 | 76.0s
2026-08-22 02:42:40 | New best val_f1_macro_present: 0.8509 at epoch 10
2026-08-22 02:43:54 | Epoch 011/100 | loss 3.2009 | cls 1.5963 | tal -0.0575 | dual_g 1.6219 | dual_d 0.8326 | train_acc 0.9083 | train_full 0.8602 | val_acc 0.7833 | val_f1 0.7659 | grad(main/disc) 13.147/1.550 | lr(main/disc) 7.00e-05/3.50e-05 | 74.3s
2026-08-22 02:45:10 | Epoch 012/100 | loss 3.0614 | cls 1.5006 | tal -0.0594 | dual_g 1.5786 | dual_d 0.8265 | train_acc 0.9437 | train_full 0.9054 | val_acc 0.8583 | val_f1 0.8185 | grad(main/disc) 11.543/1.549 | lr(main/disc) 7.00e-05/3.50e-05 | 76.1s
2026-08-22 02:46:24 | Epoch 013/100 | loss 3.0104 | cls 1.4949 | tal -0.0922 | dual_g 1.5431 | dual_d 0.8464 | train_acc 0.9500 | train_full 0.8667 | val_acc 0.7833 | val_f1 0.7612 | grad(main/disc) 11.331/1.546 | lr(main/disc) 7.00e-05/3.50e-05 | 73.7s
2026-08-22 02:47:41 | Epoch 014/100 | loss 2.9887 | cls 1.4708 | tal -0.0405 | dual_g 1.5300 | dual_d 0.8199 | train_acc 0.9458 | train_full 0.8796 | val_acc 0.8000 | val_f1 0.8051 | grad(main/disc) 11.445/1.501 | lr(main/disc) 7.00e-05/3.50e-05 | 77.0s
2026-08-22 02:48:54 | Epoch 015/100 | loss 2.9605 | cls 1.4717 | tal -0.0432 | dual_g 1.5017 | dual_d 0.8172 | train_acc 0.9396 | train_full 0.9699 | val_acc 0.9000 | val_f1 0.8719 | grad(main/disc) 11.477/1.460 | lr(main/disc) 7.00e-05/3.50e-05 | 73.1s
2026-08-22 02:48:54 | New best val_f1_macro_present: 0.8719 at epoch 15
2026-08-22 02:50:14 | Epoch 016/100 | loss 2.8865 | cls 1.4327 | tal -0.0753 | dual_g 1.4764 | dual_d 0.8293 | train_acc 0.9625 | train_full 0.9226 | val_acc 0.8417 | val_f1 0.8439 | grad(main/disc) 9.958/1.471 | lr(main/disc) 7.00e-05/3.50e-05 | 80.1s
2026-08-22 02:51:33 | Epoch 017/100 | loss 2.8006 | cls 1.3759 | tal -0.0606 | dual_g 1.4428 | dual_d 0.8323 | train_acc 0.9688 | train_full 0.9376 | val_acc 0.8750 | val_f1 0.8449 | grad(main/disc) 8.387/1.453 | lr(main/disc) 7.00e-05/3.50e-05 | 78.1s
2026-08-22 02:52:50 | Epoch 018/100 | loss 2.8243 | cls 1.3915 | tal -0.1022 | dual_g 1.4634 | dual_d 0.8391 | train_acc 0.9583 | train_full 0.8645 | val_acc 0.8250 | val_f1 0.8242 | grad(main/disc) 9.016/1.462 | lr(main/disc) 7.00e-05/3.50e-05 | 77.8s
2026-08-22 02:54:08 | Epoch 019/100 | loss 2.7585 | cls 1.3717 | tal -0.0870 | dual_g 1.4129 | dual_d 0.8739 | train_acc 0.9688 | train_full 0.9247 | val_acc 0.8417 | val_f1 0.8456 | grad(main/disc) 7.853/1.502 | lr(main/disc) 7.00e-05/3.50e-05 | 77.7s
2026-08-22 02:55:23 | Epoch 020/100 | loss 2.7082 | cls 1.3462 | tal -0.1198 | dual_g 1.3979 | dual_d 0.8631 | train_acc 0.9833 | train_full 0.9656 | val_acc 0.8750 | val_f1 0.8618 | grad(main/disc) 6.932/1.442 | lr(main/disc) 7.00e-05/3.50e-05 | 75.0s
2026-08-22 02:56:39 | Epoch 021/100 | loss 2.7225 | cls 1.3417 | tal -0.0639 | dual_g 1.4000 | dual_d 0.8982 | train_acc 0.9792 | train_full 0.9355 | val_acc 0.9000 | val_f1 0.8661 | grad(main/disc) 7.188/1.470 | lr(main/disc) 7.00e-05/3.50e-05 | 76.4s
2026-08-22 02:57:56 | Epoch 022/100 | loss 2.7295 | cls 1.3574 | tal -0.0600 | dual_g 1.3901 | dual_d 0.9071 | train_acc 0.9729 | train_full 0.9634 | val_acc 0.9333 | val_f1 0.9207 | grad(main/disc) 7.763/1.453 | lr(main/disc) 7.00e-05/3.50e-05 | 76.2s
2026-08-22 02:57:56 | New best val_f1_macro_present: 0.9207 at epoch 22
2026-08-22 02:59:12 | Epoch 023/100 | loss 2.6990 | cls 1.3291 | tal -0.0742 | dual_g 1.3921 | dual_d 0.8782 | train_acc 0.9792 | train_full 0.8774 | val_acc 0.8083 | val_f1 0.8675 | grad(main/disc) 7.641/1.407 | lr(main/disc) 7.00e-05/3.50e-05 | 75.8s
2026-08-22 03:00:25 | Epoch 024/100 | loss 2.6282 | cls 1.3126 | tal -0.1065 | dual_g 1.3475 | dual_d 0.9131 | train_acc 0.9771 | train_full 0.9613 | val_acc 0.8833 | val_f1 0.8736 | grad(main/disc) 6.132/1.436 | lr(main/disc) 7.00e-05/3.50e-05 | 73.1s
2026-08-22 03:01:41 | Epoch 025/100 | loss 2.6025 | cls 1.2952 | tal -0.1315 | dual_g 1.3468 | dual_d 0.9648 | train_acc 0.9896 | train_full 0.8344 | val_acc 0.7833 | val_f1 0.8294 | grad(main/disc) 5.329/1.498 | lr(main/disc) 7.00e-05/3.50e-05 | 75.8s
2026-08-22 03:02:57 | Epoch 026/100 | loss 2.6028 | cls 1.2984 | tal -0.1306 | dual_g 1.3436 | dual_d 0.9600 | train_acc 0.9854 | train_full 0.9333 | val_acc 0.9083 | val_f1 0.9359 | grad(main/disc) 5.766/1.521 | lr(main/disc) 7.00e-05/3.50e-05 | 76.2s
2026-08-22 03:02:57 | New best val_f1_macro_present: 0.9359 at epoch 26
2026-08-22 03:04:17 | Epoch 027/100 | loss 2.6042 | cls 1.2933 | tal -0.1205 | dual_g 1.3470 | dual_d 1.0243 | train_acc 0.9875 | train_full 0.9462 | val_acc 0.8917 | val_f1 0.8954 | grad(main/disc) 5.922/1.508 | lr(main/disc) 7.00e-05/3.50e-05 | 79.4s
2026-08-22 03:05:32 | Epoch 028/100 | loss 2.6217 | cls 1.3091 | tal -0.0892 | dual_g 1.3393 | dual_d 0.9857 | train_acc 0.9875 | train_full 0.9677 | val_acc 0.9333 | val_f1 0.9136 | grad(main/disc) 6.512/1.506 | lr(main/disc) 7.00e-05/3.50e-05 | 75.1s
2026-08-22 03:06:49 | Epoch 029/100 | loss 2.5856 | cls 1.2776 | tal -0.0577 | dual_g 1.3253 | dual_d 0.9897 | train_acc 0.9979 | train_full 0.9742 | val_acc 0.9167 | val_f1 0.8861 | grad(main/disc) 5.317/1.442 | lr(main/disc) 7.00e-05/3.50e-05 | 77.5s
2026-08-22 03:08:08 | Epoch 030/100 | loss 2.5679 | cls 1.2735 | tal -0.0811 | dual_g 1.3187 | dual_d 1.0209 | train_acc 0.9854 | train_full 0.9183 | val_acc 0.8667 | val_f1 0.8635 | grad(main/disc) 5.398/1.465 | lr(main/disc) 7.00e-05/3.50e-05 | 78.6s
2026-08-22 03:09:21 | Epoch 031/100 | loss 2.5292 | cls 1.2615 | tal -0.1397 | dual_g 1.3096 | dual_d 0.9875 | train_acc 0.9896 | train_full 0.9505 | val_acc 0.9000 | val_f1 0.9163 | grad(main/disc) 4.479/1.411 | lr(main/disc) 7.00e-05/3.50e-05 | 73.5s
2026-08-22 03:10:40 | Epoch 032/100 | loss 2.4904 | cls 1.2491 | tal -0.1397 | dual_g 1.2832 | dual_d 0.9941 | train_acc 0.9917 | train_full 0.9462 | val_acc 0.8917 | val_f1 0.9201 | grad(main/disc) 4.179/1.383 | lr(main/disc) 7.00e-05/3.50e-05 | 78.4s
2026-08-22 03:11:57 | Epoch 033/100 | loss 2.4813 | cls 1.2464 | tal -0.1414 | dual_g 1.2773 | dual_d 0.9734 | train_acc 0.9938 | train_full 0.9763 | val_acc 0.9500 | val_f1 0.9341 | grad(main/disc) 3.931/1.380 | lr(main/disc) 3.50e-05/1.75e-05 | 77.0s
2026-08-22 03:13:10 | Epoch 034/100 | loss 2.4880 | cls 1.2499 | tal -0.1264 | dual_g 1.2761 | dual_d 0.9899 | train_acc 0.9958 | train_full 0.9785 | val_acc 0.9417 | val_f1 0.9498 | grad(main/disc) 3.934/1.413 | lr(main/disc) 3.50e-05/1.75e-05 | 73.0s
2026-08-22 03:13:10 | New best val_f1_macro_present: 0.9498 at epoch 34
2026-08-22 03:14:30 | Epoch 035/100 | loss 2.4914 | cls 1.2588 | tal -0.1185 | dual_g 1.2681 | dual_d 0.9910 | train_acc 0.9979 | train_full 0.9720 | val_acc 0.9417 | val_f1 0.9168 | grad(main/disc) 4.478/1.393 | lr(main/disc) 3.50e-05/1.75e-05 | 79.9s
2026-08-22 03:15:44 | Epoch 036/100 | loss 2.4433 | cls 1.2281 | tal -0.1382 | dual_g 1.2566 | dual_d 1.0010 | train_acc 0.9938 | train_full 0.9656 | val_acc 0.9250 | val_f1 0.9305 | grad(main/disc) 3.455/1.350 | lr(main/disc) 3.50e-05/1.75e-05 | 74.3s
2026-08-22 03:17:01 | Epoch 037/100 | loss 2.4592 | cls 1.2369 | tal -0.1097 | dual_g 1.2552 | dual_d 0.9860 | train_acc 0.9958 | train_full 0.9935 | val_acc 0.9667 | val_f1 0.9672 | grad(main/disc) 3.592/1.382 | lr(main/disc) 3.50e-05/1.75e-05 | 77.1s
2026-08-22 03:17:02 | New best val_f1_macro_present: 0.9672 at epoch 37
2026-08-22 03:18:17 | Epoch 038/100 | loss 2.4488 | cls 1.2409 | tal -0.1579 | dual_g 1.2552 | dual_d 0.9947 | train_acc 0.9917 | train_full 0.9957 | val_acc 0.9667 | val_f1 0.9543 | grad(main/disc) 3.634/1.352 | lr(main/disc) 3.50e-05/1.75e-05 | 75.2s
2026-08-22 03:19:34 | Epoch 039/100 | loss 2.4145 | cls 1.2157 | tal -0.1373 | dual_g 1.2399 | dual_d 1.0152 | train_acc 1.0000 | train_full 0.9892 | val_acc 0.9500 | val_f1 0.9416 | grad(main/disc) 2.798/1.377 | lr(main/disc) 3.50e-05/1.75e-05 | 77.3s
2026-08-22 03:20:50 | Epoch 040/100 | loss 2.4245 | cls 1.2195 | tal -0.1374 | dual_g 1.2462 | dual_d 0.9683 | train_acc 0.9958 | train_full 0.9763 | val_acc 0.9583 | val_f1 0.9564 | grad(main/disc) 3.135/1.347 | lr(main/disc) 3.50e-05/1.75e-05 | 76.4s
2026-08-22 03:22:08 | Epoch 041/100 | loss 2.4056 | cls 1.2176 | tal -0.1578 | dual_g 1.2354 | dual_d 1.0081 | train_acc 0.9979 | train_full 0.9720 | val_acc 0.9500 | val_f1 0.9326 | grad(main/disc) 2.675/1.346 | lr(main/disc) 3.50e-05/1.75e-05 | 78.0s
2026-08-22 03:23:25 | Epoch 042/100 | loss 2.4041 | cls 1.2172 | tal -0.1594 | dual_g 1.2347 | dual_d 1.0089 | train_acc 1.0000 | train_full 0.9763 | val_acc 0.9333 | val_f1 0.9302 | grad(main/disc) 2.820/1.347 | lr(main/disc) 3.50e-05/1.75e-05 | 76.9s
2026-08-22 03:24:41 | Epoch 043/100 | loss 2.4013 | cls 1.2173 | tal -0.1601 | dual_g 1.2320 | dual_d 1.0229 | train_acc 0.9938 | train_full 0.9785 | val_acc 0.9333 | val_f1 0.9212 | grad(main/disc) 2.880/1.342 | lr(main/disc) 3.50e-05/1.75e-05 | 75.7s
2026-08-22 03:25:59 | Epoch 044/100 | loss 2.4091 | cls 1.2145 | tal -0.1376 | dual_g 1.2359 | dual_d 0.9990 | train_acc 0.9958 | train_full 0.9849 | val_acc 0.9583 | val_f1 0.9478 | grad(main/disc) 2.965/1.332 | lr(main/disc) 1.75e-05/8.75e-06 | 78.1s
2026-08-22 03:27:17 | Epoch 045/100 | loss 2.3891 | cls 1.2104 | tal -0.1529 | dual_g 1.2246 | dual_d 1.0136 | train_acc 1.0000 | train_full 0.9806 | val_acc 0.9417 | val_f1 0.9314 | grad(main/disc) 2.778/1.378 | lr(main/disc) 1.75e-05/8.75e-06 | 78.1s
2026-08-22 03:28:33 | Epoch 046/100 | loss 2.4042 | cls 1.2151 | tal -0.1149 | dual_g 1.2235 | dual_d 0.9916 | train_acc 0.9958 | train_full 0.9892 | val_acc 0.9667 | val_f1 0.9489 | grad(main/disc) 3.230/1.341 | lr(main/disc) 1.75e-05/8.75e-06 | 75.9s
2026-08-22 03:28:33 | Early stopping at epoch 46 after 9 epochs without val_f1_macro_present improvement.
2026-08-22 03:28:33 | Training complete. Best validation accuracy: 0.9667 | best val_f1_macro_present: 0.9672
2026-08-22 03:28:33 | Starting Dual_D standalone training
2026-08-22 03:28:33 | Run directory: runs/module_c_ablation/module_c_no_prototype_contrastive_黑天_iter03_20260822_013452
2026-08-22 03:28:33 | Device: cuda
2026-08-22 03:28:33 | Source train samples: 992
2026-08-22 03:28:33 | Target train samples: 465
2026-08-22 03:28:33 | Target val samples: 120
2026-08-22 03:28:33 | Classes: 14
2026-08-22 03:28:33 | Data audit: same_dir=False | path_overlap(vis/ir/ais)=0/0/0 | content_overlap(vis/ir/ais)=0/0/0 | ais_index_overlap=0 | stem_mismatch(vis-ir/vis-ais)=578/0
2026-08-22 03:28:33 | source_train classes: present 14/14 | absent 0 | counts [0:120, 1:44, 2:69, 3:45, 4:40, 5:30, 6:64, 7:80, 8:116, 9:68, 10:57, 11:83, 12:48, 13:128]
2026-08-22 03:28:33 | target_train classes: present 8/14 | absent 6 | counts [0:100, 2:11, 3:16, 6:89, 9:162, 10:12, 11:44, 13:31]
2026-08-22 03:28:33 | target_val classes: present 8/14 | absent 6 | counts [0:26, 2:3, 3:5, 6:23, 9:41, 10:3, 11:11, 13:8]
2026-08-22 03:28:33 | Paired training classes: 8/14 | class ids [0, 2, 3, 6, 9, 10, 11, 13]
2026-08-22 03:28:33 | VIS/IR pairing: class-level-unpaired | count-mismatch classes train/val: 10/0 | AIS alignment: none | AIS rows train/val: 0/0
2026-08-22 03:28:34 | Model parameters: total=17277714 | trainable=17120210
Starting run 3/12: domain=黑天, iteration=3, seed=44
2026-08-22 03:29:51 | Epoch 001/100 | loss 8.8331 | cls 4.6027 | tal 0.2294 | dual_g 4.1616 | dual_d 0.0000 | train_acc 0.1437 | train_full 0.0989 | val_acc 0.1167 | val_f1 0.0656 | grad(main/disc) 26.682/0.000 | lr(main/disc) 7.00e-05/3.50e-05 | 76.4s
2026-08-22 03:29:51 | New best val_f1_macro_present: 0.0656 at epoch 1
2026-08-22 03:31:08 | Epoch 002/100 | loss 7.0612 | cls 3.6733 | tal -0.0185 | dual_g 3.3935 | dual_d 0.0000 | train_acc 0.2792 | train_full 0.2903 | val_acc 0.2583 | val_f1 0.3091 | grad(main/disc) 21.786/0.000 | lr(main/disc) 7.00e-05/3.50e-05 | 77.2s
2026-08-22 03:31:08 | New best val_f1_macro_present: 0.3091 at epoch 2
2026-08-22 03:32:22 | Epoch 003/100 | loss 5.7323 | cls 2.9894 | tal -0.0096 | dual_g 2.7458 | dual_d 0.0000 | train_acc 0.5083 | train_full 0.3376 | val_acc 0.3667 | val_f1 0.4614 | grad(main/disc) 19.076/0.000 | lr(main/disc) 7.00e-05/3.50e-05 | 73.7s
2026-08-22 03:32:22 | New best val_f1_macro_present: 0.4614 at epoch 3
2026-08-22 03:33:40 | Epoch 004/100 | loss 5.0582 | cls 2.5893 | tal 0.0271 | dual_g 2.4608 | dual_d 0.0000 | train_acc 0.6188 | train_full 0.5763 | val_acc 0.5833 | val_f1 0.6029 | grad(main/disc) 19.150/0.000 | lr(main/disc) 7.00e-05/3.50e-05 | 77.4s
2026-08-22 03:33:40 | New best val_f1_macro_present: 0.6029 at epoch 4
2026-08-22 03:34:57 | Epoch 005/100 | loss 4.5862 | cls 2.3130 | tal 0.0405 | dual_g 2.2610 | dual_d 0.0000 | train_acc 0.6896 | train_full 0.7097 | val_acc 0.6917 | val_f1 0.6521 | grad(main/disc) 18.794/0.000 | lr(main/disc) 7.00e-05/3.50e-05 | 76.5s
2026-08-22 03:34:57 | New best val_f1_macro_present: 0.6521 at epoch 5
2026-08-22 03:36:12 | Epoch 006/100 | loss 4.2111 | cls 2.1337 | tal 0.0498 | dual_g 2.0624 | dual_d 0.8677 | train_acc 0.7312 | train_full 0.7591 | val_acc 0.7833 | val_f1 0.7644 | grad(main/disc) 17.931/1.774 | lr(main/disc) 7.00e-05/3.50e-05 | 74.7s
2026-08-22 03:36:12 | New best val_f1_macro_present: 0.7644 at epoch 6
2026-08-22 03:37:28 | Epoch 007/100 | loss 3.9470 | cls 1.9741 | tal 0.0220 | dual_g 1.9663 | dual_d 0.7960 | train_acc 0.7958 | train_full 0.7183 | val_acc 0.7000 | val_f1 0.6902 | grad(main/disc) 17.256/1.662 | lr(main/disc) 7.00e-05/3.50e-05 | 76.6s
2026-08-22 03:38:44 | Epoch 008/100 | loss 3.7732 | cls 1.8940 | tal 0.0201 | dual_g 1.8731 | dual_d 0.8232 | train_acc 0.8354 | train_full 0.7785 | val_acc 0.7833 | val_f1 0.7658 | grad(main/disc) 16.811/1.668 | lr(main/disc) 7.00e-05/3.50e-05 | 75.7s
2026-08-22 03:38:44 | New best val_f1_macro_present: 0.7658 at epoch 8
2026-08-22 03:40:01 | Epoch 009/100 | loss 3.6144 | cls 1.8419 | tal -0.0142 | dual_g 1.7768 | dual_d 0.7897 | train_acc 0.8271 | train_full 0.8903 | val_acc 0.8833 | val_f1 0.8481 | grad(main/disc) 14.926/1.580 | lr(main/disc) 7.00e-05/3.50e-05 | 76.7s
2026-08-22 03:40:01 | New best val_f1_macro_present: 0.8481 at epoch 9
2026-08-22 03:41:22 | Epoch 010/100 | loss 3.3079 | cls 1.6440 | tal -0.0426 | dual_g 1.6767 | dual_d 0.7959 | train_acc 0.8958 | train_full 0.9118 | val_acc 0.8583 | val_f1 0.8168 | grad(main/disc) 13.530/1.572 | lr(main/disc) 7.00e-05/3.50e-05 | 80.5s
2026-08-22 03:42:38 | Epoch 011/100 | loss 3.2254 | cls 1.6106 | tal -0.0497 | dual_g 1.6297 | dual_d 0.7567 | train_acc 0.8625 | train_full 0.8774 | val_acc 0.8333 | val_f1 0.8032 | grad(main/disc) 13.093/1.483 | lr(main/disc) 7.00e-05/3.50e-05 | 76.2s
2026-08-22 03:43:58 | Epoch 012/100 | loss 3.1953 | cls 1.5925 | tal -0.0183 | dual_g 1.6083 | dual_d 0.7170 | train_acc 0.8979 | train_full 0.8925 | val_acc 0.8667 | val_f1 0.8254 | grad(main/disc) 13.305/1.424 | lr(main/disc) 7.00e-05/3.50e-05 | 79.5s
2026-08-22 03:45:14 | Epoch 013/100 | loss 3.1034 | cls 1.5454 | tal 0.0042 | dual_g 1.5567 | dual_d 0.7720 | train_acc 0.9396 | train_full 0.9312 | val_acc 0.9000 | val_f1 0.8741 | grad(main/disc) 12.168/1.450 | lr(main/disc) 7.00e-05/3.50e-05 | 76.0s
2026-08-22 03:45:14 | New best val_f1_macro_present: 0.8741 at epoch 13
2026-08-22 03:46:30 | Epoch 014/100 | loss 3.0250 | cls 1.4916 | tal -0.0126 | dual_g 1.5371 | dual_d 0.7431 | train_acc 0.9500 | train_full 0.9527 | val_acc 0.9167 | val_f1 0.8821 | grad(main/disc) 11.962/1.384 | lr(main/disc) 7.00e-05/3.50e-05 | 76.4s
2026-08-22 03:46:31 | New best val_f1_macro_present: 0.8821 at epoch 14
2026-08-22 03:47:47 | Epoch 015/100 | loss 2.9579 | cls 1.4546 | tal -0.0382 | dual_g 1.5147 | dual_d 0.7196 | train_acc 0.9583 | train_full 0.8925 | val_acc 0.8917 | val_f1 0.8565 | grad(main/disc) 11.680/1.336 | lr(main/disc) 7.00e-05/3.50e-05 | 75.9s
2026-08-22 03:49:04 | Epoch 016/100 | loss 2.7986 | cls 1.3778 | tal -0.1172 | dual_g 1.4560 | dual_d 0.7339 | train_acc 0.9688 | train_full 0.9806 | val_acc 0.9500 | val_f1 0.9333 | grad(main/disc) 9.469/1.356 | lr(main/disc) 7.00e-05/3.50e-05 | 77.5s
2026-08-22 03:49:04 | New best val_f1_macro_present: 0.9333 at epoch 16
2026-08-22 03:50:21 | Epoch 017/100 | loss 2.8439 | cls 1.4395 | tal -0.1636 | dual_g 1.4535 | dual_d 0.7431 | train_acc 0.9563 | train_full 0.9247 | val_acc 0.9333 | val_f1 0.9213 | grad(main/disc) 12.184/1.361 | lr(main/disc) 7.00e-05/3.50e-05 | 76.6s
2026-08-22 03:51:38 | Epoch 018/100 | loss 2.7965 | cls 1.3809 | tal -0.1270 | dual_g 1.4537 | dual_d 0.7433 | train_acc 0.9750 | train_full 0.9656 | val_acc 0.9333 | val_f1 0.9047 | grad(main/disc) 10.055/1.328 | lr(main/disc) 7.00e-05/3.50e-05 | 76.8s
2026-08-22 03:52:52 | Epoch 019/100 | loss 2.8110 | cls 1.4007 | tal -0.1033 | dual_g 1.4412 | dual_d 0.7401 | train_acc 0.9667 | train_full 0.9656 | val_acc 0.9333 | val_f1 0.9045 | grad(main/disc) 9.211/1.300 | lr(main/disc) 7.00e-05/3.50e-05 | 74.4s
2026-08-22 03:54:08 | Epoch 020/100 | loss 2.7543 | cls 1.3756 | tal -0.1596 | dual_g 1.4266 | dual_d 0.7429 | train_acc 0.9625 | train_full 0.9634 | val_acc 0.9583 | val_f1 0.9272 | grad(main/disc) 8.707/1.312 | lr(main/disc) 7.00e-05/3.50e-05 | 75.6s
2026-08-22 03:55:25 | Epoch 021/100 | loss 2.7186 | cls 1.3660 | tal -0.1712 | dual_g 1.4039 | dual_d 0.7876 | train_acc 0.9812 | train_full 0.9828 | val_acc 0.9667 | val_f1 0.9593 | grad(main/disc) 8.247/1.349 | lr(main/disc) 7.00e-05/3.50e-05 | 77.6s
2026-08-22 03:55:26 | New best val_f1_macro_present: 0.9593 at epoch 21
2026-08-22 03:56:44 | Epoch 022/100 | loss 2.7075 | cls 1.3527 | tal -0.1982 | dual_g 1.4142 | dual_d 0.7861 | train_acc 0.9792 | train_full 0.9613 | val_acc 0.9250 | val_f1 0.8884 | grad(main/disc) 7.916/1.360 | lr(main/disc) 7.00e-05/3.50e-05 | 78.5s
2026-08-22 03:58:00 | Epoch 023/100 | loss 2.6702 | cls 1.3435 | tal -0.1907 | dual_g 1.3839 | dual_d 0.8200 | train_acc 0.9875 | train_full 0.9935 | val_acc 0.9583 | val_f1 0.9519 | grad(main/disc) 7.504/1.431 | lr(main/disc) 7.00e-05/3.50e-05 | 75.8s
2026-08-22 03:59:19 | Epoch 024/100 | loss 2.6441 | cls 1.3213 | tal -0.2009 | dual_g 1.3831 | dual_d 0.8277 | train_acc 0.9896 | train_full 0.9699 | val_acc 0.9583 | val_f1 0.9290 | grad(main/disc) 7.113/1.424 | lr(main/disc) 7.00e-05/3.50e-05 | 78.9s
2026-08-22 04:00:36 | Epoch 025/100 | loss 2.6275 | cls 1.3080 | tal -0.2081 | dual_g 1.3819 | dual_d 0.8545 | train_acc 0.9917 | train_full 0.9785 | val_acc 0.9583 | val_f1 0.9440 | grad(main/disc) 6.719/1.411 | lr(main/disc) 7.00e-05/3.50e-05 | 77.3s
2026-08-22 04:01:52 | Epoch 026/100 | loss 2.5766 | cls 1.2927 | tal -0.2293 | dual_g 1.3526 | dual_d 0.8899 | train_acc 0.9875 | train_full 0.9763 | val_acc 0.9500 | val_f1 0.9192 | grad(main/disc) 6.246/1.431 | lr(main/disc) 7.00e-05/3.50e-05 | 76.2s
2026-08-22 04:03:09 | Epoch 027/100 | loss 2.5790 | cls 1.2956 | tal -0.1908 | dual_g 1.3406 | dual_d 0.8635 | train_acc 0.9875 | train_full 0.9849 | val_acc 0.9667 | val_f1 0.9576 | grad(main/disc) 6.312/1.398 | lr(main/disc) 7.00e-05/3.50e-05 | 77.0s
2026-08-22 04:04:27 | Epoch 028/100 | loss 2.5381 | cls 1.2758 | tal -0.2031 | dual_g 1.3232 | dual_d 0.9169 | train_acc 1.0000 | train_full 0.9763 | val_acc 0.9583 | val_f1 0.9464 | grad(main/disc) 4.850/1.417 | lr(main/disc) 3.50e-05/1.75e-05 | 78.0s
2026-08-22 04:05:45 | Epoch 029/100 | loss 2.5291 | cls 1.2772 | tal -0.2115 | dual_g 1.3154 | dual_d 0.9672 | train_acc 0.9875 | train_full 0.9914 | val_acc 0.9750 | val_f1 0.9634 | grad(main/disc) 4.846/1.457 | lr(main/disc) 3.50e-05/1.75e-05 | 77.7s
2026-08-22 04:05:45 | New best val_f1_macro_present: 0.9634 at epoch 29
2026-08-22 04:07:01 | Epoch 030/100 | loss 2.5250 | cls 1.2760 | tal -0.1808 | dual_g 1.3032 | dual_d 0.9159 | train_acc 0.9979 | train_full 0.9892 | val_acc 0.9583 | val_f1 0.9405 | grad(main/disc) 4.762/1.408 | lr(main/disc) 3.50e-05/1.75e-05 | 75.2s
2026-08-22 04:08:17 | Epoch 031/100 | loss 2.5269 | cls 1.2679 | tal -0.1773 | dual_g 1.3122 | dual_d 0.9460 | train_acc 0.9979 | train_full 0.9828 | val_acc 0.9583 | val_f1 0.9374 | grad(main/disc) 5.313/1.449 | lr(main/disc) 3.50e-05/1.75e-05 | 76.8s
2026-08-22 04:09:35 | Epoch 032/100 | loss 2.4975 | cls 1.2611 | tal -0.2087 | dual_g 1.2990 | dual_d 0.9807 | train_acc 0.9896 | train_full 0.9871 | val_acc 0.9583 | val_f1 0.9415 | grad(main/disc) 5.068/1.469 | lr(main/disc) 3.50e-05/1.75e-05 | 77.6s
2026-08-22 04:10:56 | Epoch 033/100 | loss 2.4780 | cls 1.2565 | tal -0.2252 | dual_g 1.2890 | dual_d 0.9508 | train_acc 0.9958 | train_full 0.9871 | val_acc 0.9667 | val_f1 0.9594 | grad(main/disc) 4.494/1.449 | lr(main/disc) 3.50e-05/1.75e-05 | 80.7s
2026-08-22 04:12:11 | Epoch 034/100 | loss 2.4866 | cls 1.2586 | tal -0.2133 | dual_g 1.2920 | dual_d 0.9675 | train_acc 0.9917 | train_full 0.9871 | val_acc 0.9667 | val_f1 0.9594 | grad(main/disc) 4.547/1.428 | lr(main/disc) 3.50e-05/1.75e-05 | 75.5s
2026-08-22 04:13:26 | Epoch 035/100 | loss 2.4600 | cls 1.2533 | tal -0.2312 | dual_g 1.2761 | dual_d 0.9775 | train_acc 0.9958 | train_full 0.9785 | val_acc 0.9667 | val_f1 0.9594 | grad(main/disc) 4.259/1.442 | lr(main/disc) 3.50e-05/1.75e-05 | 75.2s
2026-08-22 04:14:40 | Epoch 036/100 | loss 2.4690 | cls 1.2535 | tal -0.2092 | dual_g 1.2782 | dual_d 0.9759 | train_acc 0.9917 | train_full 0.9892 | val_acc 0.9667 | val_f1 0.9368 | grad(main/disc) 4.450/1.445 | lr(main/disc) 1.75e-05/8.75e-06 | 73.4s
2026-08-22 04:15:58 | Epoch 037/100 | loss 2.4753 | cls 1.2414 | tal -0.2042 | dual_g 1.2951 | dual_d 1.0114 | train_acc 1.0000 | train_full 0.9957 | val_acc 0.9750 | val_f1 0.9663 | grad(main/disc) 4.273/1.500 | lr(main/disc) 1.75e-05/8.75e-06 | 77.9s
2026-08-22 04:15:58 | New best val_f1_macro_present: 0.9663 at epoch 37
2026-08-22 04:17:14 | Epoch 038/100 | loss 2.4512 | cls 1.2434 | tal -0.2188 | dual_g 1.2734 | dual_d 0.9807 | train_acc 0.9979 | train_full 0.9785 | val_acc 0.9667 | val_f1 0.9594 | grad(main/disc) 4.114/1.454 | lr(main/disc) 1.75e-05/8.75e-06 | 75.9s
2026-08-22 04:18:27 | Epoch 039/100 | loss 2.4314 | cls 1.2376 | tal -0.2535 | dual_g 1.2698 | dual_d 0.9971 | train_acc 0.9958 | train_full 0.9849 | val_acc 0.9667 | val_f1 0.9594 | grad(main/disc) 3.948/1.453 | lr(main/disc) 1.75e-05/8.75e-06 | 73.4s
2026-08-22 04:19:47 | Epoch 040/100 | loss 2.4332 | cls 1.2440 | tal -0.2626 | dual_g 1.2679 | dual_d 0.9584 | train_acc 0.9896 | train_full 0.9914 | val_acc 0.9667 | val_f1 0.9594 | grad(main/disc) 4.148/1.421 | lr(main/disc) 1.75e-05/8.75e-06 | 79.5s
2026-08-22 04:21:05 | Epoch 041/100 | loss 2.4229 | cls 1.2340 | tal -0.2341 | dual_g 1.2591 | dual_d 1.0133 | train_acc 0.9917 | train_full 0.9935 | val_acc 0.9750 | val_f1 0.9644 | grad(main/disc) 3.875/1.423 | lr(main/disc) 1.75e-05/8.75e-06 | 78.6s
2026-08-22 04:22:22 | Epoch 042/100 | loss 2.4260 | cls 1.2306 | tal -0.2217 | dual_g 1.2619 | dual_d 0.9678 | train_acc 0.9917 | train_full 0.9914 | val_acc 0.9750 | val_f1 0.9663 | grad(main/disc) 3.922/1.416 | lr(main/disc) 1.75e-05/8.75e-06 | 76.6s
2026-08-22 04:23:39 | Epoch 043/100 | loss 2.4356 | cls 1.2417 | tal -0.2172 | dual_g 1.2591 | dual_d 0.9779 | train_acc 0.9958 | train_full 0.9785 | val_acc 0.9750 | val_f1 0.9644 | grad(main/disc) 3.804/1.383 | lr(main/disc) 1.75e-05/8.75e-06 | 77.4s
2026-08-22 04:24:54 | Epoch 044/100 | loss 2.4155 | cls 1.2335 | tal -0.2558 | dual_g 1.2588 | dual_d 0.9861 | train_acc 0.9979 | train_full 0.9914 | val_acc 0.9667 | val_f1 0.9594 | grad(main/disc) 3.669/1.447 | lr(main/disc) 8.75e-06/4.37e-06 | 74.5s
2026-08-22 04:26:10 | Epoch 045/100 | loss 2.4033 | cls 1.2216 | tal -0.2472 | dual_g 1.2558 | dual_d 0.9988 | train_acc 1.0000 | train_full 0.9892 | val_acc 0.9667 | val_f1 0.9594 | grad(main/disc) 3.177/1.423 | lr(main/disc) 8.75e-06/4.37e-06 | 75.6s
2026-08-22 04:27:27 | Epoch 046/100 | loss 2.4079 | cls 1.2343 | tal -0.2477 | dual_g 1.2479 | dual_d 1.0018 | train_acc 0.9875 | train_full 0.9892 | val_acc 0.9667 | val_f1 0.9594 | grad(main/disc) 3.542/1.419 | lr(main/disc) 8.75e-06/4.37e-06 | 77.9s
2026-08-22 04:27:27 | Early stopping at epoch 46 after 9 epochs without val_f1_macro_present improvement.
2026-08-22 04:27:27 | Training complete. Best validation accuracy: 0.9750 | best val_f1_macro_present: 0.9663
2026-08-22 04:27:27 | Starting Dual_D standalone training
2026-08-22 04:27:27 | Run directory: runs/module_c_ablation/module_c_no_prototype_contrastive_逆光_iter01_20260822_013452
2026-08-22 04:27:27 | Device: cuda
2026-08-22 04:27:27 | Source train samples: 992
2026-08-22 04:27:27 | Target train samples: 132
2026-08-22 04:27:27 | Target val samples: 37
2026-08-22 04:27:27 | Classes: 14
2026-08-22 04:27:27 | Data audit: same_dir=False | path_overlap(vis/ir/ais)=0/0/0 | content_overlap(vis/ir/ais)=0/0/0 | ais_index_overlap=0 | stem_mismatch(vis-ir/vis-ais)=157/0
2026-08-22 04:27:27 | source_train classes: present 14/14 | absent 0 | counts [0:120, 1:44, 2:69, 3:45, 4:40, 5:30, 6:64, 7:80, 8:116, 9:68, 10:57, 11:83, 12:48, 13:128]
2026-08-22 04:27:27 | target_train classes: present 9/14 | absent 5 | counts [0:20, 2:12, 4:12, 5:2, 9:16, 10:16, 11:29, 12:4, 13:21]
2026-08-22 04:27:27 | target_val classes: present 9/14 | absent 5 | counts [0:6, 2:3, 4:4, 5:1, 9:4, 10:4, 11:8, 12:1, 13:6]
2026-08-22 04:27:27 | Paired training classes: 9/14 | class ids [0, 2, 4, 5, 9, 10, 11, 12, 13]
2026-08-22 04:27:27 | VIS/IR pairing: class-level-unpaired | count-mismatch classes train/val: 10/1 | AIS alignment: none | AIS rows train/val: 0/0
2026-08-22 04:27:28 | Model parameters: total=17277714 | trainable=17120210
Starting run 4/12: domain=逆光, iteration=1, seed=45
2026-08-22 04:27:55 | Epoch 001/100 | loss 10.4163 | cls 5.6264 | tal -0.2279 | dual_g 4.8582 | dual_d 0.0000 | train_acc 0.0500 | train_full 0.0152 | val_acc 0.0000 | val_f1 0.0000 | grad(main/disc) 32.693/0.000 | lr(main/disc) 7.00e-05/3.50e-05 | 26.9s
2026-08-22 04:27:55 | New best val_f1_macro_present: 0.0000 at epoch 1
2026-08-22 04:28:22 | Epoch 002/100 | loss 8.8549 | cls 4.8133 | tal -0.3377 | dual_g 4.1429 | dual_d 0.0000 | train_acc 0.1250 | train_full 0.2045 | val_acc 0.2432 | val_f1 0.1624 | grad(main/disc) 27.525/0.000 | lr(main/disc) 7.00e-05/3.50e-05 | 26.3s
2026-08-22 04:28:22 | New best val_f1_macro_present: 0.1624 at epoch 2
2026-08-22 04:28:49 | Epoch 003/100 | loss 7.7171 | cls 4.0344 | tal -0.2050 | dual_g 3.7441 | dual_d 0.0000 | train_acc 0.2000 | train_full 0.2803 | val_acc 0.3514 | val_f1 0.2589 | grad(main/disc) 23.683/0.000 | lr(main/disc) 7.00e-05/3.50e-05 | 27.3s
2026-08-22 04:28:50 | New best val_f1_macro_present: 0.2589 at epoch 3
2026-08-22 04:29:17 | Epoch 004/100 | loss 7.1458 | cls 3.7734 | tal -0.2297 | dual_g 3.4413 | dual_d 0.0000 | train_acc 0.3438 | train_full 0.4773 | val_acc 0.5135 | val_f1 0.4265 | grad(main/disc) 22.456/0.000 | lr(main/disc) 7.00e-05/3.50e-05 | 27.0s
2026-08-22 04:29:17 | New best val_f1_macro_present: 0.4265 at epoch 4
2026-08-22 04:29:44 | Epoch 005/100 | loss 6.5919 | cls 3.5171 | tal -0.3171 | dual_g 3.1699 | dual_d 0.0000 | train_acc 0.3688 | train_full 0.6439 | val_acc 0.5405 | val_f1 0.5402 | grad(main/disc) 21.028/0.000 | lr(main/disc) 7.00e-05/3.50e-05 | 26.5s
2026-08-22 04:29:44 | New best val_f1_macro_present: 0.5402 at epoch 5
2026-08-22 04:30:11 | Epoch 006/100 | loss 6.2354 | cls 3.3534 | tal -0.2871 | dual_g 2.9681 | dual_d 0.7535 | train_acc 0.4500 | train_full 0.7500 | val_acc 0.6486 | val_f1 0.6885 | grad(main/disc) 20.537/1.740 | lr(main/disc) 7.00e-05/3.50e-05 | 26.7s
2026-08-22 04:30:11 | New best val_f1_macro_present: 0.6885 at epoch 6
2026-08-22 04:30:37 | Epoch 007/100 | loss 5.7015 | cls 2.9841 | tal -0.3164 | dual_g 2.8124 | dual_d 0.7378 | train_acc 0.4688 | train_full 0.8030 | val_acc 0.7838 | val_f1 0.7616 | grad(main/disc) 19.593/1.754 | lr(main/disc) 7.00e-05/3.50e-05 | 26.3s
2026-08-22 04:30:37 | New best val_f1_macro_present: 0.7616 at epoch 7
2026-08-22 04:31:04 | Epoch 008/100 | loss 5.6500 | cls 2.9924 | tal -0.2110 | dual_g 2.7209 | dual_d 0.7785 | train_acc 0.4875 | train_full 0.8106 | val_acc 0.7568 | val_f1 0.7546 | grad(main/disc) 21.061/1.845 | lr(main/disc) 7.00e-05/3.50e-05 | 26.3s
2026-08-22 04:31:30 | Epoch 009/100 | loss 5.4012 | cls 2.7561 | tal -0.1515 | dual_g 2.6906 | dual_d 0.7211 | train_acc 0.6125 | train_full 0.8258 | val_acc 0.7838 | val_f1 0.7996 | grad(main/disc) 19.610/1.688 | lr(main/disc) 7.00e-05/3.50e-05 | 26.6s
2026-08-22 04:31:31 | New best val_f1_macro_present: 0.7996 at epoch 9
2026-08-22 04:31:57 | Epoch 010/100 | loss 5.2799 | cls 2.7453 | tal -0.1115 | dual_g 2.5681 | dual_d 0.8046 | train_acc 0.5813 | train_full 0.7803 | val_acc 0.7838 | val_f1 0.8010 | grad(main/disc) 19.889/1.679 | lr(main/disc) 7.00e-05/3.50e-05 | 26.8s
2026-08-22 04:31:58 | New best val_f1_macro_present: 0.8010 at epoch 10
2026-08-22 04:32:25 | Epoch 011/100 | loss 5.1179 | cls 2.5805 | tal -0.1235 | dual_g 2.5744 | dual_d 0.7682 | train_acc 0.5687 | train_full 0.7576 | val_acc 0.8108 | val_f1 0.8062 | grad(main/disc) 19.785/1.740 | lr(main/disc) 7.00e-05/3.50e-05 | 26.8s
2026-08-22 04:32:25 | New best val_f1_macro_present: 0.8062 at epoch 11
2026-08-22 04:32:52 | Epoch 012/100 | loss 4.7770 | cls 2.4922 | tal -0.1691 | dual_g 2.3356 | dual_d 0.7436 | train_acc 0.6625 | train_full 0.8561 | val_acc 0.8649 | val_f1 0.8523 | grad(main/disc) 17.639/1.680 | lr(main/disc) 7.00e-05/3.50e-05 | 26.9s
2026-08-22 04:32:52 | New best val_f1_macro_present: 0.8523 at epoch 12
2026-08-22 04:33:19 | Epoch 013/100 | loss 4.5747 | cls 2.3455 | tal -0.1628 | dual_g 2.2781 | dual_d 0.7802 | train_acc 0.6813 | train_full 0.8939 | val_acc 0.8378 | val_f1 0.8629 | grad(main/disc) 17.215/1.678 | lr(main/disc) 7.00e-05/3.50e-05 | 27.1s
2026-08-22 04:33:19 | New best val_f1_macro_present: 0.8629 at epoch 13
2026-08-22 04:33:46 | Epoch 014/100 | loss 4.5293 | cls 2.3284 | tal -0.1940 | dual_g 2.2591 | dual_d 0.7901 | train_acc 0.6937 | train_full 0.8788 | val_acc 0.8649 | val_f1 0.8829 | grad(main/disc) 17.057/1.687 | lr(main/disc) 7.00e-05/3.50e-05 | 26.7s
2026-08-22 04:33:46 | New best val_f1_macro_present: 0.8829 at epoch 14
2026-08-22 04:34:14 | Epoch 015/100 | loss 4.1975 | cls 2.1655 | tal -0.2188 | dual_g 2.0977 | dual_d 0.7857 | train_acc 0.7750 | train_full 0.9167 | val_acc 0.8649 | val_f1 0.8829 | grad(main/disc) 16.592/1.699 | lr(main/disc) 7.00e-05/3.50e-05 | 27.1s
2026-08-22 04:34:41 | Epoch 016/100 | loss 4.2988 | cls 2.2477 | tal -0.2092 | dual_g 2.1138 | dual_d 0.7809 | train_acc 0.7812 | train_full 0.9242 | val_acc 0.8919 | val_f1 0.9041 | grad(main/disc) 17.879/1.667 | lr(main/disc) 7.00e-05/3.50e-05 | 27.8s
2026-08-22 04:34:42 | New best val_f1_macro_present: 0.9041 at epoch 16
2026-08-22 04:35:08 | Epoch 017/100 | loss 3.9168 | cls 1.9864 | tal -0.2661 | dual_g 2.0103 | dual_d 0.7819 | train_acc 0.7812 | train_full 0.9697 | val_acc 0.8919 | val_f1 0.9041 | grad(main/disc) 15.061/1.591 | lr(main/disc) 7.00e-05/3.50e-05 | 26.8s
2026-08-22 04:35:35 | Epoch 018/100 | loss 3.7644 | cls 1.8972 | tal -0.2177 | dual_g 1.9325 | dual_d 0.7243 | train_acc 0.8187 | train_full 0.9621 | val_acc 0.9459 | val_f1 0.9578 | grad(main/disc) 14.553/1.522 | lr(main/disc) 7.00e-05/3.50e-05 | 26.8s
2026-08-22 04:35:36 | New best val_f1_macro_present: 0.9578 at epoch 18
2026-08-22 04:36:03 | Epoch 019/100 | loss 3.7323 | cls 1.8721 | tal -0.2854 | dual_g 1.9458 | dual_d 0.7888 | train_acc 0.8187 | train_full 0.9318 | val_acc 0.9459 | val_f1 0.9578 | grad(main/disc) 14.905/1.565 | lr(main/disc) 7.00e-05/3.50e-05 | 27.6s
2026-08-22 04:36:30 | Epoch 020/100 | loss 3.8308 | cls 1.9073 | tal -0.2685 | dual_g 2.0041 | dual_d 0.8242 | train_acc 0.8625 | train_full 0.9015 | val_acc 0.9730 | val_f1 0.9776 | grad(main/disc) 16.137/1.637 | lr(main/disc) 7.00e-05/3.50e-05 | 27.3s
2026-08-22 04:36:31 | New best val_f1_macro_present: 0.9776 at epoch 20
2026-08-22 04:36:56 | Epoch 021/100 | loss 3.4810 | cls 1.7943 | tal -0.3415 | dual_g 1.7891 | dual_d 0.7736 | train_acc 0.8688 | train_full 0.9621 | val_acc 0.9730 | val_f1 0.9840 | grad(main/disc) 13.642/1.551 | lr(main/disc) 7.00e-05/3.50e-05 | 25.7s
2026-08-22 04:36:57 | New best val_f1_macro_present: 0.9840 at epoch 21
2026-08-22 04:37:22 | Epoch 022/100 | loss 3.7309 | cls 1.9013 | tal -0.2858 | dual_g 1.9154 | dual_d 0.7689 | train_acc 0.8375 | train_full 0.9545 | val_acc 0.9189 | val_f1 0.9238 | grad(main/disc) 15.359/1.539 | lr(main/disc) 7.00e-05/3.50e-05 | 25.6s
2026-08-22 04:37:49 | Epoch 023/100 | loss 3.7606 | cls 1.9443 | tal -0.3047 | dual_g 1.9077 | dual_d 0.7534 | train_acc 0.8500 | train_full 0.9773 | val_acc 0.9459 | val_f1 0.9578 | grad(main/disc) 16.846/1.514 | lr(main/disc) 7.00e-05/3.50e-05 | 26.3s
2026-08-22 04:38:15 | Epoch 024/100 | loss 3.5411 | cls 1.7963 | tal -0.1832 | dual_g 1.7998 | dual_d 0.8173 | train_acc 0.8875 | train_full 0.9848 | val_acc 0.9459 | val_f1 0.9578 | grad(main/disc) 14.697/1.546 | lr(main/disc) 7.00e-05/3.50e-05 | 26.6s
2026-08-22 04:38:42 | Epoch 025/100 | loss 3.4151 | cls 1.6799 | tal -0.2721 | dual_g 1.8168 | dual_d 0.7711 | train_acc 0.9187 | train_full 0.9773 | val_acc 1.0000 | val_f1 1.0000 | grad(main/disc) 13.651/1.576 | lr(main/disc) 7.00e-05/3.50e-05 | 26.8s
2026-08-22 04:38:42 | New best val_f1_macro_present: 1.0000 at epoch 25
2026-08-22 04:39:07 | Epoch 026/100 | loss 3.2907 | cls 1.6494 | tal -0.2512 | dual_g 1.7167 | dual_d 0.7327 | train_acc 0.9187 | train_full 0.9773 | val_acc 1.0000 | val_f1 1.0000 | grad(main/disc) 12.669/1.516 | lr(main/disc) 7.00e-05/3.50e-05 | 25.0s
2026-08-22 04:39:35 | Epoch 027/100 | loss 3.4370 | cls 1.7386 | tal -0.2290 | dual_g 1.7671 | dual_d 0.7783 | train_acc 0.8688 | train_full 0.9621 | val_acc 0.9459 | val_f1 0.9578 | grad(main/disc) 14.365/1.603 | lr(main/disc) 7.00e-05/3.50e-05 | 27.8s
2026-08-22 04:40:02 | Epoch 028/100 | loss 3.3899 | cls 1.7089 | tal -0.1489 | dual_g 1.7256 | dual_d 0.7393 | train_acc 0.8938 | train_full 0.9848 | val_acc 0.9459 | val_f1 0.9578 | grad(main/disc) 13.045/1.473 | lr(main/disc) 7.00e-05/3.50e-05 | 26.8s
2026-08-22 04:40:30 | Epoch 029/100 | loss 3.2363 | cls 1.5922 | tal -0.2027 | dual_g 1.7049 | dual_d 0.7915 | train_acc 0.9375 | train_full 0.9924 | val_acc 0.9189 | val_f1 0.9358 | grad(main/disc) 12.239/1.560 | lr(main/disc) 7.00e-05/3.50e-05 | 27.5s
2026-08-22 04:40:57 | Epoch 030/100 | loss 3.1752 | cls 1.5839 | tal -0.1853 | dual_g 1.6469 | dual_d 0.7368 | train_acc 0.9500 | train_full 0.9924 | val_acc 0.9189 | val_f1 0.9358 | grad(main/disc) 12.037/1.419 | lr(main/disc) 7.00e-05/3.50e-05 | 27.6s
2026-08-22 04:41:23 | Epoch 031/100 | loss 3.1886 | cls 1.5756 | tal -0.1493 | dual_g 1.6578 | dual_d 0.8443 | train_acc 0.9313 | train_full 0.9848 | val_acc 0.9730 | val_f1 0.9776 | grad(main/disc) 12.634/1.599 | lr(main/disc) 7.00e-05/3.50e-05 | 26.0s
2026-08-22 04:41:48 | Epoch 032/100 | loss 3.1154 | cls 1.5406 | tal -0.1301 | dual_g 1.6138 | dual_d 0.8122 | train_acc 0.9313 | train_full 0.9924 | val_acc 0.9459 | val_f1 0.9578 | grad(main/disc) 11.070/1.523 | lr(main/disc) 3.50e-05/1.75e-05 | 25.1s
2026-08-22 04:42:16 | Epoch 033/100 | loss 3.1312 | cls 1.5791 | tal -0.1279 | dual_g 1.5905 | dual_d 0.7279 | train_acc 0.9125 | train_full 0.9924 | val_acc 0.9730 | val_f1 0.9776 | grad(main/disc) 12.281/1.408 | lr(main/disc) 3.50e-05/1.75e-05 | 27.4s
2026-08-22 04:42:43 | Epoch 034/100 | loss 3.0125 | cls 1.4656 | tal -0.1344 | dual_g 1.5872 | dual_d 0.7956 | train_acc 0.9563 | train_full 0.9924 | val_acc 0.9730 | val_f1 0.9776 | grad(main/disc) 10.313/1.572 | lr(main/disc) 3.50e-05/1.75e-05 | 27.1s
2026-08-22 04:42:43 | Early stopping at epoch 34 after 9 epochs without val_f1_macro_present improvement.
2026-08-22 04:42:43 | Training complete. Best validation accuracy: 1.0000 | best val_f1_macro_present: 1.0000
2026-08-22 04:42:43 | Starting Dual_D standalone training
2026-08-22 04:42:43 | Run directory: runs/module_c_ablation/module_c_no_prototype_contrastive_逆光_iter02_20260822_013452
2026-08-22 04:42:43 | Device: cuda
2026-08-22 04:42:43 | Source train samples: 992
2026-08-22 04:42:43 | Target train samples: 132
2026-08-22 04:42:43 | Target val samples: 37
2026-08-22 04:42:43 | Classes: 14
2026-08-22 04:42:43 | Data audit: same_dir=False | path_overlap(vis/ir/ais)=0/0/0 | content_overlap(vis/ir/ais)=0/0/0 | ais_index_overlap=0 | stem_mismatch(vis-ir/vis-ais)=157/0
2026-08-22 04:42:43 | source_train classes: present 14/14 | absent 0 | counts [0:120, 1:44, 2:69, 3:45, 4:40, 5:30, 6:64, 7:80, 8:116, 9:68, 10:57, 11:83, 12:48, 13:128]
2026-08-22 04:42:43 | target_train classes: present 9/14 | absent 5 | counts [0:20, 2:12, 4:12, 5:2, 9:16, 10:16, 11:29, 12:4, 13:21]
2026-08-22 04:42:43 | target_val classes: present 9/14 | absent 5 | counts [0:6, 2:3, 4:4, 5:1, 9:4, 10:4, 11:8, 12:1, 13:6]
2026-08-22 04:42:43 | Paired training classes: 9/14 | class ids [0, 2, 4, 5, 9, 10, 11, 12, 13]
2026-08-22 04:42:43 | VIS/IR pairing: class-level-unpaired | count-mismatch classes train/val: 10/1 | AIS alignment: none | AIS rows train/val: 0/0
2026-08-22 04:42:43 | Model parameters: total=17277714 | trainable=17120210
Starting run 5/12: domain=逆光, iteration=2, seed=46
2026-08-22 04:43:10 | Epoch 001/100 | loss 10.0388 | cls 5.4015 | tal -0.1065 | dual_g 4.6691 | dual_d 0.0000 | train_acc 0.0625 | train_full 0.1364 | val_acc 0.1892 | val_f1 0.1038 | grad(main/disc) 32.585/0.000 | lr(main/disc) 7.00e-05/3.50e-05 | 26.7s
2026-08-22 04:43:11 | New best val_f1_macro_present: 0.1038 at epoch 1
2026-08-22 04:43:37 | Epoch 002/100 | loss 8.5235 | cls 4.6487 | tal -0.0697 | dual_g 3.8957 | dual_d 0.0000 | train_acc 0.1250 | train_full 0.1439 | val_acc 0.2703 | val_f1 0.2223 | grad(main/disc) 27.124/0.000 | lr(main/disc) 7.00e-05/3.50e-05 | 26.3s
2026-08-22 04:43:37 | New best val_f1_macro_present: 0.2223 at epoch 2
2026-08-22 04:44:05 | Epoch 003/100 | loss 7.4807 | cls 3.8774 | tal 0.0269 | dual_g 3.5952 | dual_d 0.0000 | train_acc 0.3250 | train_full 0.2197 | val_acc 0.3243 | val_f1 0.2401 | grad(main/disc) 24.384/0.000 | lr(main/disc) 7.00e-05/3.50e-05 | 27.6s
2026-08-22 04:44:05 | New best val_f1_macro_present: 0.2401 at epoch 3
2026-08-22 04:44:32 | Epoch 004/100 | loss 7.0994 | cls 3.7327 | tal 0.0519 | dual_g 3.3512 | dual_d 0.0000 | train_acc 0.3063 | train_full 0.3409 | val_acc 0.3784 | val_f1 0.3989 | grad(main/disc) 22.536/0.000 | lr(main/disc) 7.00e-05/3.50e-05 | 27.2s
2026-08-22 04:44:33 | New best val_f1_macro_present: 0.3989 at epoch 4
2026-08-22 04:44:59 | Epoch 005/100 | loss 6.8845 | cls 3.6665 | tal 0.2613 | dual_g 3.1397 | dual_d 0.0000 | train_acc 0.3750 | train_full 0.6970 | val_acc 0.7027 | val_f1 0.7736 | grad(main/disc) 22.254/0.000 | lr(main/disc) 7.00e-05/3.50e-05 | 26.6s
2026-08-22 04:45:00 | New best val_f1_macro_present: 0.7736 at epoch 5
2026-08-22 04:45:25 | Epoch 006/100 | loss 6.2869 | cls 3.2018 | tal 0.2011 | dual_g 3.0247 | dual_d 0.8032 | train_acc 0.4188 | train_full 0.8788 | val_acc 0.8649 | val_f1 0.8811 | grad(main/disc) 20.665/1.937 | lr(main/disc) 7.00e-05/3.50e-05 | 25.9s
2026-08-22 04:45:26 | New best val_f1_macro_present: 0.8811 at epoch 6
2026-08-22 04:45:53 | Epoch 007/100 | loss 5.9633 | cls 3.0759 | tal 0.3034 | dual_g 2.7964 | dual_d 0.7866 | train_acc 0.4688 | train_full 0.9091 | val_acc 0.8919 | val_f1 0.9156 | grad(main/disc) 20.222/1.955 | lr(main/disc) 7.00e-05/3.50e-05 | 26.9s
2026-08-22 04:45:53 | New best val_f1_macro_present: 0.9156 at epoch 7
2026-08-22 04:46:20 | Epoch 008/100 | loss 5.8952 | cls 3.0391 | tal 0.3177 | dual_g 2.7608 | dual_d 0.8264 | train_acc 0.5437 | train_full 0.8788 | val_acc 0.8649 | val_f1 0.8549 | grad(main/disc) 20.409/1.946 | lr(main/disc) 7.00e-05/3.50e-05 | 26.6s
2026-08-22 04:46:46 | Epoch 009/100 | loss 5.5445 | cls 2.8436 | tal 0.2563 | dual_g 2.6239 | dual_d 0.8039 | train_acc 0.5188 | train_full 0.8939 | val_acc 0.9459 | val_f1 0.9578 | grad(main/disc) 19.577/1.874 | lr(main/disc) 7.00e-05/3.50e-05 | 26.7s
2026-08-22 04:46:47 | New best val_f1_macro_present: 0.9578 at epoch 9
2026-08-22 04:47:14 | Epoch 010/100 | loss 4.9616 | cls 2.4926 | tal 0.2607 | dual_g 2.3908 | dual_d 0.8142 | train_acc 0.7188 | train_full 0.9242 | val_acc 0.8919 | val_f1 0.9060 | grad(main/disc) 17.734/1.952 | lr(main/disc) 7.00e-05/3.50e-05 | 27.6s
2026-08-22 04:47:40 | Epoch 011/100 | loss 5.0027 | cls 2.4778 | tal 0.2661 | dual_g 2.4450 | dual_d 0.7733 | train_acc 0.6500 | train_full 0.9470 | val_acc 0.8919 | val_f1 0.9060 | grad(main/disc) 18.567/1.805 | lr(main/disc) 7.00e-05/3.50e-05 | 25.5s
2026-08-22 04:48:07 | Epoch 012/100 | loss 4.8553 | cls 2.4389 | tal 0.2717 | dual_g 2.3349 | dual_d 0.7591 | train_acc 0.6375 | train_full 0.9470 | val_acc 0.9459 | val_f1 0.9616 | grad(main/disc) 18.138/1.729 | lr(main/disc) 7.00e-05/3.50e-05 | 27.0s
2026-08-22 04:48:07 | New best val_f1_macro_present: 0.9616 at epoch 12
2026-08-22 04:48:32 | Epoch 013/100 | loss 4.8289 | cls 2.4212 | tal 0.2163 | dual_g 2.3429 | dual_d 0.7847 | train_acc 0.7188 | train_full 0.9545 | val_acc 0.9189 | val_f1 0.9299 | grad(main/disc) 19.668/1.718 | lr(main/disc) 7.00e-05/3.50e-05 | 25.6s
2026-08-22 04:48:59 | Epoch 014/100 | loss 4.6553 | cls 2.3887 | tal 0.1178 | dual_g 2.2313 | dual_d 0.7425 | train_acc 0.7000 | train_full 0.9470 | val_acc 0.9459 | val_f1 0.9578 | grad(main/disc) 19.289/1.693 | lr(main/disc) 7.00e-05/3.50e-05 | 26.8s
2026-08-22 04:49:26 | Epoch 015/100 | loss 4.3058 | cls 2.1557 | tal 0.1930 | dual_g 2.0922 | dual_d 0.7304 | train_acc 0.7250 | train_full 0.9470 | val_acc 0.9459 | val_f1 0.9578 | grad(main/disc) 17.416/1.648 | lr(main/disc) 7.00e-05/3.50e-05 | 27.0s
2026-08-22 04:49:53 | Epoch 016/100 | loss 4.2352 | cls 2.1451 | tal 0.0525 | dual_g 2.0743 | dual_d 0.7236 | train_acc 0.7750 | train_full 0.9394 | val_acc 0.9459 | val_f1 0.9578 | grad(main/disc) 18.173/1.604 | lr(main/disc) 7.00e-05/3.50e-05 | 26.6s
2026-08-22 04:50:20 | Epoch 017/100 | loss 4.3752 | cls 2.2564 | tal 0.2627 | dual_g 2.0399 | dual_d 0.6851 | train_acc 0.7125 | train_full 0.9545 | val_acc 0.9459 | val_f1 0.9616 | grad(main/disc) 18.449/1.660 | lr(main/disc) 7.00e-05/3.50e-05 | 26.9s
2026-08-22 04:50:47 | Epoch 018/100 | loss 4.2538 | cls 2.0691 | tal 0.1882 | dual_g 2.1282 | dual_d 0.6989 | train_acc 0.7937 | train_full 0.9545 | val_acc 0.9189 | val_f1 0.9299 | grad(main/disc) 18.264/1.591 | lr(main/disc) 7.00e-05/3.50e-05 | 26.8s
2026-08-22 04:51:13 | Epoch 019/100 | loss 3.9570 | cls 1.9491 | tal 0.2523 | dual_g 1.9322 | dual_d 0.7445 | train_acc 0.8250 | train_full 0.9848 | val_acc 0.9189 | val_f1 0.9261 | grad(main/disc) 16.854/1.598 | lr(main/disc) 3.50e-05/1.75e-05 | 26.2s
2026-08-22 04:51:39 | Epoch 020/100 | loss 3.8344 | cls 1.8667 | tal 0.2132 | dual_g 1.9037 | dual_d 0.6979 | train_acc 0.8313 | train_full 0.9924 | val_acc 0.9730 | val_f1 0.9802 | grad(main/disc) 14.945/1.565 | lr(main/disc) 3.50e-05/1.75e-05 | 26.1s
2026-08-22 04:51:39 | New best val_f1_macro_present: 0.9802 at epoch 20
2026-08-22 04:52:06 | Epoch 021/100 | loss 3.8062 | cls 1.8393 | tal 0.2174 | dual_g 1.9017 | dual_d 0.6718 | train_acc 0.8812 | train_full 0.9545 | val_acc 0.9730 | val_f1 0.9802 | grad(main/disc) 15.608/1.446 | lr(main/disc) 3.50e-05/1.75e-05 | 26.9s
2026-08-22 04:52:33 | Epoch 022/100 | loss 3.7521 | cls 1.8077 | tal 0.1984 | dual_g 1.8848 | dual_d 0.7516 | train_acc 0.8562 | train_full 0.9621 | val_acc 0.9730 | val_f1 0.9802 | grad(main/disc) 15.484/1.617 | lr(main/disc) 3.50e-05/1.75e-05 | 27.1s
2026-08-22 04:53:01 | Epoch 023/100 | loss 3.7697 | cls 1.8806 | tal 0.1455 | dual_g 1.8454 | dual_d 0.7194 | train_acc 0.8000 | train_full 0.9848 | val_acc 0.9730 | val_f1 0.9802 | grad(main/disc) 15.966/1.581 | lr(main/disc) 3.50e-05/1.75e-05 | 27.5s
2026-08-22 04:53:27 | Epoch 024/100 | loss 3.6611 | cls 1.8085 | tal 0.1349 | dual_g 1.8121 | dual_d 0.7049 | train_acc 0.8500 | train_full 0.9924 | val_acc 0.9730 | val_f1 0.9802 | grad(main/disc) 14.141/1.578 | lr(main/disc) 3.50e-05/1.75e-05 | 25.8s
2026-08-22 04:53:53 | Epoch 025/100 | loss 3.5851 | cls 1.7598 | tal 0.1305 | dual_g 1.7862 | dual_d 0.6970 | train_acc 0.9000 | train_full 0.9924 | val_acc 0.9730 | val_f1 0.9802 | grad(main/disc) 15.180/1.519 | lr(main/disc) 3.50e-05/1.75e-05 | 26.4s
2026-08-22 04:54:19 | Epoch 026/100 | loss 3.6472 | cls 1.7841 | tal 0.1186 | dual_g 1.8275 | dual_d 0.6514 | train_acc 0.8438 | train_full 0.9848 | val_acc 0.9730 | val_f1 0.9802 | grad(main/disc) 15.969/1.514 | lr(main/disc) 3.50e-05/1.75e-05 | 25.7s
2026-08-22 04:54:45 | Epoch 027/100 | loss 3.5060 | cls 1.7255 | tal 0.1145 | dual_g 1.7461 | dual_d 0.7653 | train_acc 0.8313 | train_full 0.9848 | val_acc 1.0000 | val_f1 1.0000 | grad(main/disc) 14.182/1.614 | lr(main/disc) 3.50e-05/1.75e-05 | 26.7s
2026-08-22 04:54:46 | New best val_f1_macro_present: 1.0000 at epoch 27
2026-08-22 04:55:12 | Epoch 028/100 | loss 3.7548 | cls 1.8528 | tal 0.0682 | dual_g 1.8815 | dual_d 0.7400 | train_acc 0.8187 | train_full 0.9924 | val_acc 1.0000 | val_f1 1.0000 | grad(main/disc) 16.276/1.568 | lr(main/disc) 3.50e-05/1.75e-05 | 26.4s
2026-08-22 04:55:40 | Epoch 029/100 | loss 3.5344 | cls 1.7099 | tal -0.0008 | dual_g 1.8247 | dual_d 0.7155 | train_acc 0.9000 | train_full 0.9848 | val_acc 1.0000 | val_f1 1.0000 | grad(main/disc) 15.811/1.575 | lr(main/disc) 3.50e-05/1.75e-05 | 27.5s
2026-08-22 04:56:06 | Epoch 030/100 | loss 3.3609 | cls 1.6292 | tal 0.0040 | dual_g 1.7305 | dual_d 0.7023 | train_acc 0.9125 | train_full 0.9924 | val_acc 1.0000 | val_f1 1.0000 | grad(main/disc) 13.833/1.552 | lr(main/disc) 3.50e-05/1.75e-05 | 26.3s
2026-08-22 04:56:33 | Epoch 031/100 | loss 3.4849 | cls 1.6941 | tal 0.0602 | dual_g 1.7727 | dual_d 0.7290 | train_acc 0.8938 | train_full 1.0000 | val_acc 0.9730 | val_f1 0.9802 | grad(main/disc) 15.548/1.531 | lr(main/disc) 3.50e-05/1.75e-05 | 27.0s
2026-08-22 04:57:00 | Epoch 032/100 | loss 3.4142 | cls 1.6442 | tal 0.0779 | dual_g 1.7467 | dual_d 0.7563 | train_acc 0.9250 | train_full 1.0000 | val_acc 1.0000 | val_f1 1.0000 | grad(main/disc) 14.894/1.586 | lr(main/disc) 3.50e-05/1.75e-05 | 26.6s
2026-08-22 04:57:26 | Epoch 033/100 | loss 3.3852 | cls 1.6719 | tal 0.0332 | dual_g 1.7033 | dual_d 0.7441 | train_acc 0.9250 | train_full 1.0000 | val_acc 0.9730 | val_f1 0.9802 | grad(main/disc) 14.265/1.551 | lr(main/disc) 3.50e-05/1.75e-05 | 26.6s
2026-08-22 04:57:53 | Epoch 034/100 | loss 3.3046 | cls 1.5908 | tal 0.1233 | dual_g 1.6768 | dual_d 0.7374 | train_acc 0.9437 | train_full 1.0000 | val_acc 0.9730 | val_f1 0.9802 | grad(main/disc) 13.349/1.545 | lr(main/disc) 1.75e-05/8.75e-06 | 26.4s
2026-08-22 04:58:19 | Epoch 035/100 | loss 3.3965 | cls 1.6607 | tal 0.1099 | dual_g 1.7028 | dual_d 0.6761 | train_acc 0.9000 | train_full 1.0000 | val_acc 0.9730 | val_f1 0.9802 | grad(main/disc) 14.552/1.488 | lr(main/disc) 1.75e-05/8.75e-06 | 26.2s
2026-08-22 04:58:46 | Epoch 036/100 | loss 3.4172 | cls 1.6645 | tal 0.1014 | dual_g 1.7223 | dual_d 0.6785 | train_acc 0.9125 | train_full 1.0000 | val_acc 0.9730 | val_f1 0.9802 | grad(main/disc) 14.246/1.501 | lr(main/disc) 1.75e-05/8.75e-06 | 26.9s
2026-08-22 04:58:46 | Early stopping at epoch 36 after 9 epochs without val_f1_macro_present improvement.
2026-08-22 04:58:46 | Training complete. Best validation accuracy: 1.0000 | best val_f1_macro_present: 1.0000
2026-08-22 04:58:46 | Starting Dual_D standalone training
2026-08-22 04:58:46 | Run directory: runs/module_c_ablation/module_c_no_prototype_contrastive_逆光_iter03_20260822_013452
2026-08-22 04:58:46 | Device: cuda
2026-08-22 04:58:46 | Source train samples: 992
2026-08-22 04:58:46 | Target train samples: 132
2026-08-22 04:58:46 | Target val samples: 37
2026-08-22 04:58:46 | Classes: 14
2026-08-22 04:58:46 | Data audit: same_dir=False | path_overlap(vis/ir/ais)=0/0/0 | content_overlap(vis/ir/ais)=0/0/0 | ais_index_overlap=0 | stem_mismatch(vis-ir/vis-ais)=157/0
2026-08-22 04:58:46 | source_train classes: present 14/14 | absent 0 | counts [0:120, 1:44, 2:69, 3:45, 4:40, 5:30, 6:64, 7:80, 8:116, 9:68, 10:57, 11:83, 12:48, 13:128]
2026-08-22 04:58:46 | target_train classes: present 9/14 | absent 5 | counts [0:20, 2:12, 4:12, 5:2, 9:16, 10:16, 11:29, 12:4, 13:21]
2026-08-22 04:58:46 | target_val classes: present 9/14 | absent 5 | counts [0:6, 2:3, 4:4, 5:1, 9:4, 10:4, 11:8, 12:1, 13:6]
2026-08-22 04:58:46 | Paired training classes: 9/14 | class ids [0, 2, 4, 5, 9, 10, 11, 12, 13]
2026-08-22 04:58:46 | VIS/IR pairing: class-level-unpaired | count-mismatch classes train/val: 10/1 | AIS alignment: none | AIS rows train/val: 0/0
2026-08-22 04:58:46 | Model parameters: total=17277714 | trainable=17120210
Starting run 6/12: domain=逆光, iteration=3, seed=47
2026-08-22 04:59:13 | Epoch 001/100 | loss 9.8538 | cls 5.3486 | tal -0.0055 | dual_g 4.5069 | dual_d 0.0000 | train_acc 0.1375 | train_full 0.1364 | val_acc 0.1892 | val_f1 0.0634 | grad(main/disc) 30.153/0.000 | lr(main/disc) 7.00e-05/3.50e-05 | 26.9s
2026-08-22 04:59:13 | New best val_f1_macro_present: 0.0634 at epoch 1
2026-08-22 04:59:41 | Epoch 002/100 | loss 8.6224 | cls 4.5891 | tal 0.1951 | dual_g 3.9747 | dual_d 0.0000 | train_acc 0.1750 | train_full 0.2273 | val_acc 0.2432 | val_f1 0.0853 | grad(main/disc) 25.192/0.000 | lr(main/disc) 7.00e-05/3.50e-05 | 27.2s
2026-08-22 04:59:41 | New best val_f1_macro_present: 0.0853 at epoch 2
2026-08-22 05:00:07 | Epoch 003/100 | loss 7.7197 | cls 4.0271 | tal 0.0906 | dual_g 3.6655 | dual_d 0.0000 | train_acc 0.3000 | train_full 0.1894 | val_acc 0.2432 | val_f1 0.0944 | grad(main/disc) 22.771/0.000 | lr(main/disc) 7.00e-05/3.50e-05 | 26.0s
2026-08-22 05:00:07 | New best val_f1_macro_present: 0.0944 at epoch 3
2026-08-22 05:00:34 | Epoch 004/100 | loss 6.8846 | cls 3.7152 | tal 0.0737 | dual_g 3.1473 | dual_d 0.0000 | train_acc 0.3563 | train_full 0.2955 | val_acc 0.4054 | val_f1 0.3504 | grad(main/disc) 21.147/0.000 | lr(main/disc) 7.00e-05/3.50e-05 | 27.1s
2026-08-22 05:00:35 | New best val_f1_macro_present: 0.3504 at epoch 4
2026-08-22 05:01:01 | Epoch 005/100 | loss 6.4975 | cls 3.4230 | tal -0.0342 | dual_g 3.0848 | dual_d 0.0000 | train_acc 0.3750 | train_full 0.5606 | val_acc 0.6216 | val_f1 0.6667 | grad(main/disc) 20.208/0.000 | lr(main/disc) 7.00e-05/3.50e-05 | 26.1s
2026-08-22 05:01:01 | New best val_f1_macro_present: 0.6667 at epoch 5
2026-08-22 05:01:28 | Epoch 006/100 | loss 6.3948 | cls 3.3250 | tal 0.0078 | dual_g 3.0674 | dual_d 0.8599 | train_acc 0.3563 | train_full 0.8030 | val_acc 0.7568 | val_f1 0.7606 | grad(main/disc) 19.582/1.890 | lr(main/disc) 7.00e-05/3.50e-05 | 27.3s
2026-08-22 05:01:29 | New best val_f1_macro_present: 0.7606 at epoch 6
2026-08-22 05:01:57 | Epoch 007/100 | loss 5.8360 | cls 3.0151 | tal 0.0171 | dual_g 2.8158 | dual_d 0.8312 | train_acc 0.5250 | train_full 0.8712 | val_acc 0.7838 | val_f1 0.7962 | grad(main/disc) 18.644/1.858 | lr(main/disc) 7.00e-05/3.50e-05 | 27.8s
2026-08-22 05:01:57 | New best val_f1_macro_present: 0.7962 at epoch 7
2026-08-22 05:02:24 | Epoch 008/100 | loss 5.5969 | cls 2.8705 | tal 0.0175 | dual_g 2.7211 | dual_d 0.8042 | train_acc 0.5062 | train_full 0.8864 | val_acc 0.8108 | val_f1 0.8392 | grad(main/disc) 18.198/1.763 | lr(main/disc) 7.00e-05/3.50e-05 | 27.2s
2026-08-22 05:02:24 | New best val_f1_macro_present: 0.8392 at epoch 8
2026-08-22 05:02:50 | Epoch 009/100 | loss 5.3771 | cls 2.8505 | tal 0.0242 | dual_g 2.5194 | dual_d 0.7927 | train_acc 0.5813 | train_full 0.9015 | val_acc 0.8649 | val_f1 0.8873 | grad(main/disc) 18.219/1.805 | lr(main/disc) 7.00e-05/3.50e-05 | 25.5s
2026-08-22 05:02:50 | New best val_f1_macro_present: 0.8873 at epoch 9
2026-08-22 05:03:17 | Epoch 010/100 | loss 5.2382 | cls 2.6881 | tal 0.0375 | dual_g 2.5389 | dual_d 0.7400 | train_acc 0.5750 | train_full 0.8864 | val_acc 0.9459 | val_f1 0.9556 | grad(main/disc) 17.935/1.639 | lr(main/disc) 7.00e-05/3.50e-05 | 27.0s
2026-08-22 05:03:17 | New best val_f1_macro_present: 0.9556 at epoch 10
2026-08-22 05:03:44 | Epoch 011/100 | loss 4.9118 | cls 2.5375 | tal -0.0164 | dual_g 2.3792 | dual_d 0.7823 | train_acc 0.6625 | train_full 0.8864 | val_acc 0.8919 | val_f1 0.8941 | grad(main/disc) 17.415/1.695 | lr(main/disc) 7.00e-05/3.50e-05 | 26.7s
2026-08-22 05:04:11 | Epoch 012/100 | loss 4.6992 | cls 2.3895 | tal -0.1132 | dual_g 2.3437 | dual_d 0.7401 | train_acc 0.7125 | train_full 0.9015 | val_acc 0.8919 | val_f1 0.8806 | grad(main/disc) 18.134/1.725 | lr(main/disc) 7.00e-05/3.50e-05 | 26.5s
2026-08-22 05:04:37 | Epoch 013/100 | loss 4.5871 | cls 2.3732 | tal -0.1216 | dual_g 2.2503 | dual_d 0.7074 | train_acc 0.7812 | train_full 0.9394 | val_acc 0.9189 | val_f1 0.9161 | grad(main/disc) 17.717/1.573 | lr(main/disc) 7.00e-05/3.50e-05 | 26.2s
2026-08-22 05:05:03 | Epoch 014/100 | loss 4.2465 | cls 2.2061 | tal -0.1446 | dual_g 2.0838 | dual_d 0.7630 | train_acc 0.7500 | train_full 0.9621 | val_acc 0.9189 | val_f1 0.9161 | grad(main/disc) 16.219/1.708 | lr(main/disc) 7.00e-05/3.50e-05 | 26.5s
2026-08-22 05:05:30 | Epoch 015/100 | loss 4.0482 | cls 2.0422 | tal -0.2147 | dual_g 2.0703 | dual_d 0.7525 | train_acc 0.8438 | train_full 0.9773 | val_acc 0.9189 | val_f1 0.9396 | grad(main/disc) 16.403/1.643 | lr(main/disc) 7.00e-05/3.50e-05 | 26.8s
2026-08-22 05:05:57 | Epoch 016/100 | loss 3.9814 | cls 2.0909 | tal -0.1878 | dual_g 1.9468 | dual_d 0.7801 | train_acc 0.7375 | train_full 0.9470 | val_acc 0.8649 | val_f1 0.8712 | grad(main/disc) 17.257/1.675 | lr(main/disc) 7.00e-05/3.50e-05 | 26.9s
2026-08-22 05:06:24 | Epoch 017/100 | loss 4.1515 | cls 2.1433 | tal -0.0924 | dual_g 2.0360 | dual_d 0.7955 | train_acc 0.8375 | train_full 0.9621 | val_acc 0.9189 | val_f1 0.9161 | grad(main/disc) 17.882/1.664 | lr(main/disc) 3.50e-05/1.75e-05 | 26.9s
2026-08-22 05:06:50 | Epoch 018/100 | loss 3.7271 | cls 1.8534 | tal -0.1310 | dual_g 1.9131 | dual_d 0.7733 | train_acc 0.8500 | train_full 0.9773 | val_acc 0.9730 | val_f1 0.9840 | grad(main/disc) 14.274/1.576 | lr(main/disc) 3.50e-05/1.75e-05 | 26.0s
2026-08-22 05:06:50 | New best val_f1_macro_present: 0.9840 at epoch 18
2026-08-22 05:07:17 | Epoch 019/100 | loss 3.7400 | cls 1.9459 | tal -0.0886 | dual_g 1.8208 | dual_d 0.7988 | train_acc 0.8375 | train_full 0.9773 | val_acc 0.9459 | val_f1 0.9616 | grad(main/disc) 14.347/1.734 | lr(main/disc) 3.50e-05/1.75e-05 | 26.8s
2026-08-22 05:07:45 | Epoch 020/100 | loss 3.6606 | cls 1.8073 | tal -0.1026 | dual_g 1.8840 | dual_d 0.7502 | train_acc 0.8625 | train_full 0.9773 | val_acc 0.9459 | val_f1 0.9616 | grad(main/disc) 14.676/1.528 | lr(main/disc) 3.50e-05/1.75e-05 | 27.3s
2026-08-22 05:08:11 | Epoch 021/100 | loss 3.6237 | cls 1.8256 | tal -0.1067 | dual_g 1.8300 | dual_d 0.7699 | train_acc 0.8562 | train_full 0.9848 | val_acc 0.9459 | val_f1 0.9616 | grad(main/disc) 13.219/1.606 | lr(main/disc) 3.50e-05/1.75e-05 | 26.8s
2026-08-22 05:08:38 | Epoch 022/100 | loss 3.5236 | cls 1.7533 | tal -0.1435 | dual_g 1.8133 | dual_d 0.8291 | train_acc 0.8938 | train_full 0.9848 | val_acc 0.9189 | val_f1 0.9358 | grad(main/disc) 13.376/1.589 | lr(main/disc) 3.50e-05/1.75e-05 | 26.9s
2026-08-22 05:09:05 | Epoch 023/100 | loss 3.5460 | cls 1.8285 | tal -0.1409 | dual_g 1.7597 | dual_d 0.7692 | train_acc 0.8812 | train_full 0.9848 | val_acc 0.9189 | val_f1 0.9358 | grad(main/disc) 15.524/1.528 | lr(main/disc) 3.50e-05/1.75e-05 | 26.4s
2026-08-22 05:09:30 | Epoch 024/100 | loss 3.5040 | cls 1.7553 | tal -0.1196 | dual_g 1.7845 | dual_d 0.7779 | train_acc 0.9062 | train_full 0.9848 | val_acc 0.9459 | val_f1 0.9578 | grad(main/disc) 14.927/1.612 | lr(main/disc) 3.50e-05/1.75e-05 | 25.1s
2026-08-22 05:09:56 | Epoch 025/100 | loss 3.4612 | cls 1.7118 | tal -0.0802 | dual_g 1.7735 | dual_d 0.7442 | train_acc 0.8562 | train_full 0.9924 | val_acc 0.9730 | val_f1 0.9802 | grad(main/disc) 14.476/1.616 | lr(main/disc) 1.75e-05/8.75e-06 | 25.6s
2026-08-22 05:10:21 | Epoch 026/100 | loss 3.3511 | cls 1.6596 | tal -0.1334 | dual_g 1.7316 | dual_d 0.7998 | train_acc 0.8562 | train_full 1.0000 | val_acc 0.9730 | val_f1 0.9802 | grad(main/disc) 14.263/1.602 | lr(main/disc) 1.75e-05/8.75e-06 | 25.7s
2026-08-22 05:10:48 | Epoch 027/100 | loss 3.3964 | cls 1.7022 | tal -0.1866 | dual_g 1.7502 | dual_d 0.7795 | train_acc 0.8750 | train_full 0.9773 | val_acc 0.9459 | val_f1 0.9616 | grad(main/disc) 15.311/1.540 | lr(main/disc) 1.75e-05/8.75e-06 | 27.1s
2026-08-22 05:10:48 | Early stopping at epoch 27 after 9 epochs without val_f1_macro_present improvement.
2026-08-22 05:10:48 | Training complete. Best validation accuracy: 0.9730 | best val_f1_macro_present: 0.9840
2026-08-22 05:10:48 | Starting Dual_D standalone training
2026-08-22 05:10:48 | Run directory: runs/module_c_ablation/module_c_no_prototype_contrastive_雾天_iter01_20260822_013452
2026-08-22 05:10:48 | Device: cuda
2026-08-22 05:10:48 | Source train samples: 992
2026-08-22 05:10:48 | Target train samples: 507
2026-08-22 05:10:48 | Target val samples: 132
2026-08-22 05:10:48 | Classes: 14
2026-08-22 05:10:48 | Data audit: same_dir=False | path_overlap(vis/ir/ais)=0/0/0 | content_overlap(vis/ir/ais)=0/0/0 | ais_index_overlap=0 | stem_mismatch(vis-ir/vis-ais)=630/0
2026-08-22 05:10:48 | source_train classes: present 14/14 | absent 0 | counts [0:120, 1:44, 2:69, 3:45, 4:40, 5:30, 6:64, 7:80, 8:116, 9:68, 10:57, 11:83, 12:48, 13:128]
2026-08-22 05:10:48 | target_train classes: present 9/14 | absent 5 | counts [0:35, 1:18, 2:119, 6:110, 8:25, 9:50, 10:48, 12:9, 13:93]
2026-08-22 05:10:48 | target_val classes: present 9/14 | absent 5 | counts [0:9, 1:5, 2:30, 6:28, 8:7, 9:13, 10:13, 12:3, 13:24]
2026-08-22 05:10:48 | Paired training classes: 9/14 | class ids [0, 1, 2, 6, 8, 9, 10, 12, 13]
2026-08-22 05:10:48 | VIS/IR pairing: class-level-unpaired | count-mismatch classes train/val: 10/2 | AIS alignment: none | AIS rows train/val: 0/0
2026-08-22 05:10:49 | Model parameters: total=17277714 | trainable=17120210
Starting run 7/12: domain=雾天, iteration=1, seed=48
2026-08-22 05:12:09 | Epoch 001/100 | loss 9.0784 | cls 4.7815 | tal 0.0273 | dual_g 4.2887 | dual_d 0.0000 | train_acc 0.1426 | train_full 0.2288 | val_acc 0.2121 | val_f1 0.1270 | grad(main/disc) 27.726/0.000 | lr(main/disc) 7.00e-05/3.50e-05 | 79.7s
2026-08-22 05:12:09 | New best val_f1_macro_present: 0.1270 at epoch 1
2026-08-22 05:13:32 | Epoch 002/100 | loss 7.2862 | cls 3.7996 | tal -0.0448 | dual_g 3.5000 | dual_d 0.0000 | train_acc 0.2363 | train_full 0.3866 | val_acc 0.3864 | val_f1 0.3621 | grad(main/disc) 22.381/0.000 | lr(main/disc) 7.00e-05/3.50e-05 | 83.2s
2026-08-22 05:13:33 | New best val_f1_macro_present: 0.3621 at epoch 2
2026-08-22 05:14:54 | Epoch 003/100 | loss 6.6437 | cls 3.4735 | tal -0.0748 | dual_g 3.1926 | dual_d 0.0000 | train_acc 0.2969 | train_full 0.4714 | val_acc 0.4318 | val_f1 0.4530 | grad(main/disc) 20.223/0.000 | lr(main/disc) 7.00e-05/3.50e-05 | 81.6s
2026-08-22 05:14:55 | New best val_f1_macro_present: 0.4530 at epoch 3
2026-08-22 05:16:18 | Epoch 004/100 | loss 6.1207 | cls 3.1719 | tal -0.0772 | dual_g 2.9720 | dual_d 0.0000 | train_acc 0.3574 | train_full 0.6371 | val_acc 0.5985 | val_f1 0.6121 | grad(main/disc) 19.829/0.000 | lr(main/disc) 7.00e-05/3.50e-05 | 83.2s
2026-08-22 05:16:18 | New best val_f1_macro_present: 0.6121 at epoch 4
2026-08-22 05:17:40 | Epoch 005/100 | loss 5.5831 | cls 2.9143 | tal -0.1313 | dual_g 2.7082 | dual_d 0.0000 | train_acc 0.4590 | train_full 0.7002 | val_acc 0.6288 | val_f1 0.6479 | grad(main/disc) 19.284/0.000 | lr(main/disc) 7.00e-05/3.50e-05 | 81.8s
2026-08-22 05:17:40 | New best val_f1_macro_present: 0.6479 at epoch 5
2026-08-22 05:19:02 | Epoch 006/100 | loss 5.0541 | cls 2.5527 | tal -0.1152 | dual_g 2.5359 | dual_d 0.9099 | train_acc 0.5703 | train_full 0.7160 | val_acc 0.6970 | val_f1 0.7152 | grad(main/disc) 19.394/1.988 | lr(main/disc) 7.00e-05/3.50e-05 | 82.2s
2026-08-22 05:19:03 | New best val_f1_macro_present: 0.7152 at epoch 6
2026-08-22 05:20:24 | Epoch 007/100 | loss 4.8277 | cls 2.4872 | tal -0.1052 | dual_g 2.3721 | dual_d 0.8888 | train_acc 0.5820 | train_full 0.8146 | val_acc 0.7652 | val_f1 0.7495 | grad(main/disc) 19.106/1.986 | lr(main/disc) 7.00e-05/3.50e-05 | 81.0s
2026-08-22 05:20:24 | New best val_f1_macro_present: 0.7495 at epoch 7
2026-08-22 05:21:43 | Epoch 008/100 | loss 4.5995 | cls 2.3662 | tal -0.1929 | dual_g 2.2912 | dual_d 0.8199 | train_acc 0.6309 | train_full 0.7692 | val_acc 0.7652 | val_f1 0.7637 | grad(main/disc) 20.340/1.848 | lr(main/disc) 7.00e-05/3.50e-05 | 79.0s
2026-08-22 05:21:44 | New best val_f1_macro_present: 0.7637 at epoch 8
2026-08-22 05:23:03 | Epoch 009/100 | loss 4.3011 | cls 2.1934 | tal -0.1364 | dual_g 2.1486 | dual_d 0.8341 | train_acc 0.6719 | train_full 0.7890 | val_acc 0.7955 | val_f1 0.8010 | grad(main/disc) 19.504/1.827 | lr(main/disc) 7.00e-05/3.50e-05 | 79.7s
2026-08-22 05:23:04 | New best val_f1_macro_present: 0.8010 at epoch 9
2026-08-22 05:24:23 | Epoch 010/100 | loss 4.0531 | cls 2.0564 | tal -0.1271 | dual_g 2.0348 | dual_d 0.7918 | train_acc 0.7285 | train_full 0.8501 | val_acc 0.8333 | val_f1 0.8407 | grad(main/disc) 17.424/1.801 | lr(main/disc) 7.00e-05/3.50e-05 | 79.4s
2026-08-22 05:24:23 | New best val_f1_macro_present: 0.8407 at epoch 10
2026-08-22 05:25:44 | Epoch 011/100 | loss 3.7905 | cls 1.9042 | tal -0.1307 | dual_g 1.9255 | dual_d 0.7418 | train_acc 0.7617 | train_full 0.8856 | val_acc 0.8864 | val_f1 0.8641 | grad(main/disc) 17.021/1.695 | lr(main/disc) 7.00e-05/3.50e-05 | 80.2s
2026-08-22 05:25:44 | New best val_f1_macro_present: 0.8641 at epoch 11
2026-08-22 05:27:06 | Epoch 012/100 | loss 3.6854 | cls 1.8216 | tal -0.1005 | dual_g 1.8940 | dual_d 0.7452 | train_acc 0.7852 | train_full 0.9211 | val_acc 0.8939 | val_f1 0.8811 | grad(main/disc) 17.879/1.652 | lr(main/disc) 7.00e-05/3.50e-05 | 81.9s
2026-08-22 05:27:06 | New best val_f1_macro_present: 0.8811 at epoch 12
2026-08-22 05:28:26 | Epoch 013/100 | loss 3.4810 | cls 1.7406 | tal -0.1647 | dual_g 1.7898 | dual_d 0.7287 | train_acc 0.8184 | train_full 0.9310 | val_acc 0.9242 | val_f1 0.9371 | grad(main/disc) 15.614/1.598 | lr(main/disc) 7.00e-05/3.50e-05 | 80.0s
2026-08-22 05:28:27 | New best val_f1_macro_present: 0.9371 at epoch 13
2026-08-22 05:29:48 | Epoch 014/100 | loss 3.3493 | cls 1.6652 | tal -0.1833 | dual_g 1.7391 | dual_d 0.7060 | train_acc 0.8574 | train_full 0.9487 | val_acc 0.9091 | val_f1 0.9021 | grad(main/disc) 15.160/1.557 | lr(main/disc) 7.00e-05/3.50e-05 | 81.5s
2026-08-22 05:31:10 | Epoch 015/100 | loss 3.2975 | cls 1.6351 | tal -0.1239 | dual_g 1.6996 | dual_d 0.7124 | train_acc 0.8691 | train_full 0.9369 | val_acc 0.9091 | val_f1 0.8809 | grad(main/disc) 14.039/1.549 | lr(main/disc) 7.00e-05/3.50e-05 | 82.3s
2026-08-22 05:32:31 | Epoch 016/100 | loss 3.1363 | cls 1.5276 | tal -0.1165 | dual_g 1.6437 | dual_d 0.6964 | train_acc 0.9199 | train_full 0.8994 | val_acc 0.8712 | val_f1 0.8569 | grad(main/disc) 13.693/1.518 | lr(main/disc) 7.00e-05/3.50e-05 | 81.0s
2026-08-22 05:33:53 | Epoch 017/100 | loss 3.2123 | cls 1.6182 | tal -0.1373 | dual_g 1.6353 | dual_d 0.7171 | train_acc 0.9062 | train_full 0.9586 | val_acc 0.9545 | val_f1 0.9485 | grad(main/disc) 14.500/1.525 | lr(main/disc) 7.00e-05/3.50e-05 | 81.5s
2026-08-22 05:33:53 | New best val_f1_macro_present: 0.9485 at epoch 17
2026-08-22 05:35:15 | Epoch 018/100 | loss 3.0646 | cls 1.4941 | tal -0.1160 | dual_g 1.6053 | dual_d 0.7360 | train_acc 0.9434 | train_full 0.9606 | val_acc 0.9394 | val_f1 0.9400 | grad(main/disc) 12.817/1.481 | lr(main/disc) 7.00e-05/3.50e-05 | 82.1s
2026-08-22 05:36:35 | Epoch 019/100 | loss 3.0208 | cls 1.4875 | tal -0.0368 | dual_g 1.5443 | dual_d 0.7267 | train_acc 0.9355 | train_full 0.9645 | val_acc 0.9545 | val_f1 0.9506 | grad(main/disc) 11.588/1.490 | lr(main/disc) 7.00e-05/3.50e-05 | 79.9s
2026-08-22 05:36:36 | New best val_f1_macro_present: 0.9506 at epoch 19
2026-08-22 05:37:56 | Epoch 020/100 | loss 2.9571 | cls 1.4492 | tal -0.0472 | dual_g 1.5221 | dual_d 0.7608 | train_acc 0.9297 | train_full 0.9862 | val_acc 0.9697 | val_f1 0.9638 | grad(main/disc) 10.384/1.489 | lr(main/disc) 7.00e-05/3.50e-05 | 80.5s
2026-08-22 05:37:56 | New best val_f1_macro_present: 0.9638 at epoch 20
2026-08-22 05:39:17 | Epoch 021/100 | loss 2.8989 | cls 1.4265 | tal -0.1108 | dual_g 1.5055 | dual_d 0.7839 | train_acc 0.9648 | train_full 0.9763 | val_acc 0.9621 | val_f1 0.9444 | grad(main/disc) 10.372/1.510 | lr(main/disc) 7.00e-05/3.50e-05 | 80.4s
2026-08-22 05:40:41 | Epoch 022/100 | loss 2.8301 | cls 1.3959 | tal -0.1242 | dual_g 1.4715 | dual_d 0.8318 | train_acc 0.9609 | train_full 0.9803 | val_acc 0.9621 | val_f1 0.9567 | grad(main/disc) 9.492/1.571 | lr(main/disc) 7.00e-05/3.50e-05 | 83.9s
2026-08-22 05:42:02 | Epoch 023/100 | loss 2.8687 | cls 1.4202 | tal -0.1226 | dual_g 1.4852 | dual_d 0.8166 | train_acc 0.9531 | train_full 0.9941 | val_acc 0.9697 | val_f1 0.9652 | grad(main/disc) 10.245/1.537 | lr(main/disc) 7.00e-05/3.50e-05 | 81.4s
2026-08-22 05:42:02 | New best val_f1_macro_present: 0.9652 at epoch 23
2026-08-22 05:43:24 | Epoch 024/100 | loss 2.7831 | cls 1.3772 | tal -0.1533 | dual_g 1.4518 | dual_d 0.8779 | train_acc 0.9609 | train_full 0.9921 | val_acc 0.9773 | val_f1 0.9773 | grad(main/disc) 9.340/1.558 | lr(main/disc) 7.00e-05/3.50e-05 | 81.3s
2026-08-22 05:43:24 | New best val_f1_macro_present: 0.9773 at epoch 24
2026-08-22 05:44:48 | Epoch 025/100 | loss 2.8401 | cls 1.3883 | tal -0.1141 | dual_g 1.4859 | dual_d 0.8702 | train_acc 0.9668 | train_full 0.9842 | val_acc 0.9545 | val_f1 0.9350 | grad(main/disc) 9.809/1.525 | lr(main/disc) 7.00e-05/3.50e-05 | 83.7s
2026-08-22 05:46:07 | Epoch 026/100 | loss 2.8109 | cls 1.3904 | tal -0.1251 | dual_g 1.4580 | dual_d 0.8887 | train_acc 0.9746 | train_full 0.9763 | val_acc 0.9545 | val_f1 0.9540 | grad(main/disc) 9.848/1.553 | lr(main/disc) 7.00e-05/3.50e-05 | 79.8s
2026-08-22 05:47:28 | Epoch 027/100 | loss 2.8172 | cls 1.3800 | tal -0.0902 | dual_g 1.4643 | dual_d 0.8874 | train_acc 0.9609 | train_full 0.9901 | val_acc 0.9773 | val_f1 0.9788 | grad(main/disc) 9.306/1.539 | lr(main/disc) 7.00e-05/3.50e-05 | 80.7s
2026-08-22 05:47:28 | New best val_f1_macro_present: 0.9788 at epoch 27
2026-08-22 05:48:49 | Epoch 028/100 | loss 2.7457 | cls 1.3469 | tal -0.0545 | dual_g 1.4151 | dual_d 0.9283 | train_acc 0.9727 | train_full 0.9862 | val_acc 0.9773 | val_f1 0.9790 | grad(main/disc) 8.002/1.563 | lr(main/disc) 7.00e-05/3.50e-05 | 80.4s
2026-08-22 05:50:09 | Epoch 029/100 | loss 2.7594 | cls 1.3539 | tal -0.0769 | dual_g 1.4286 | dual_d 0.9768 | train_acc 0.9727 | train_full 0.9744 | val_acc 0.9697 | val_f1 0.9705 | grad(main/disc) 8.400/1.574 | lr(main/disc) 7.00e-05/3.50e-05 | 80.0s
2026-08-22 05:51:30 | Epoch 030/100 | loss 2.7258 | cls 1.3671 | tal -0.2233 | dual_g 1.4257 | dual_d 0.9465 | train_acc 0.9688 | train_full 0.9901 | val_acc 0.9773 | val_f1 0.9773 | grad(main/disc) 9.094/1.576 | lr(main/disc) 7.00e-05/3.50e-05 | 81.0s
2026-08-22 05:52:48 | Epoch 031/100 | loss 2.6394 | cls 1.3185 | tal -0.1817 | dual_g 1.3755 | dual_d 1.0015 | train_acc 0.9805 | train_full 0.9901 | val_acc 0.9848 | val_f1 0.9830 | grad(main/disc) 6.734/1.596 | lr(main/disc) 7.00e-05/3.50e-05 | 78.1s
2026-08-22 05:52:48 | New best val_f1_macro_present: 0.9830 at epoch 31
2026-08-22 05:54:08 | Epoch 032/100 | loss 2.6151 | cls 1.2968 | tal -0.1593 | dual_g 1.3661 | dual_d 1.0614 | train_acc 0.9844 | train_full 1.0000 | val_acc 0.9924 | val_f1 0.9892 | grad(main/disc) 6.257/1.614 | lr(main/disc) 7.00e-05/3.50e-05 | 79.9s
2026-08-22 05:54:09 | New best val_f1_macro_present: 0.9892 at epoch 32
2026-08-22 05:55:27 | Epoch 033/100 | loss 2.6398 | cls 1.3156 | tal -0.1580 | dual_g 1.3715 | dual_d 1.0071 | train_acc 0.9727 | train_full 0.9961 | val_acc 0.9773 | val_f1 0.9694 | grad(main/disc) 7.237/1.561 | lr(main/disc) 7.00e-05/3.50e-05 | 78.7s
2026-08-22 05:56:48 | Epoch 034/100 | loss 2.6192 | cls 1.3167 | tal -0.1883 | dual_g 1.3589 | dual_d 1.0134 | train_acc 0.9746 | train_full 1.0000 | val_acc 0.9924 | val_f1 0.9892 | grad(main/disc) 7.005/1.531 | lr(main/disc) 7.00e-05/3.50e-05 | 80.8s
2026-08-22 05:58:07 | Epoch 035/100 | loss 2.5930 | cls 1.2998 | tal -0.1401 | dual_g 1.3352 | dual_d 1.0356 | train_acc 0.9863 | train_full 1.0000 | val_acc 0.9848 | val_f1 0.9832 | grad(main/disc) 5.886/1.579 | lr(main/disc) 7.00e-05/3.50e-05 | 79.2s
2026-08-22 05:59:27 | Epoch 036/100 | loss 2.5773 | cls 1.2784 | tal -0.1025 | dual_g 1.3297 | dual_d 1.0192 | train_acc 0.9824 | train_full 1.0000 | val_acc 0.9773 | val_f1 0.9771 | grad(main/disc) 6.093/1.521 | lr(main/disc) 7.00e-05/3.50e-05 | 79.8s
2026-08-22 06:00:47 | Epoch 037/100 | loss 2.5777 | cls 1.2928 | tal -0.1564 | dual_g 1.3318 | dual_d 1.0208 | train_acc 0.9883 | train_full 1.0000 | val_acc 0.9848 | val_f1 0.9830 | grad(main/disc) 6.457/1.541 | lr(main/disc) 7.00e-05/3.50e-05 | 79.6s
2026-08-22 06:02:08 | Epoch 038/100 | loss 2.5048 | cls 1.2573 | tal -0.1955 | dual_g 1.3062 | dual_d 1.0087 | train_acc 0.9922 | train_full 0.9980 | val_acc 0.9697 | val_f1 0.9652 | grad(main/disc) 5.107/1.476 | lr(main/disc) 7.00e-05/3.50e-05 | 81.6s
2026-08-22 06:03:27 | Epoch 039/100 | loss 2.4855 | cls 1.2530 | tal -0.2120 | dual_g 1.2961 | dual_d 1.0205 | train_acc 0.9883 | train_full 1.0000 | val_acc 0.9773 | val_f1 0.9710 | grad(main/disc) 4.715/1.478 | lr(main/disc) 3.50e-05/1.75e-05 | 79.1s
2026-08-22 06:04:47 | Epoch 040/100 | loss 2.5074 | cls 1.2705 | tal -0.1900 | dual_g 1.2939 | dual_d 1.0281 | train_acc 0.9883 | train_full 1.0000 | val_acc 0.9848 | val_f1 0.9832 | grad(main/disc) 4.929/1.529 | lr(main/disc) 3.50e-05/1.75e-05 | 80.1s
2026-08-22 06:06:10 | Epoch 041/100 | loss 2.5022 | cls 1.2611 | tal -0.1820 | dual_g 1.2957 | dual_d 1.0490 | train_acc 0.9785 | train_full 1.0000 | val_acc 0.9697 | val_f1 0.9626 | grad(main/disc) 4.932/1.510 | lr(main/disc) 3.50e-05/1.75e-05 | 82.3s
2026-08-22 06:06:10 | Early stopping at epoch 41 after 9 epochs without val_f1_macro_present improvement.
2026-08-22 06:06:10 | Training complete. Best validation accuracy: 0.9924 | best val_f1_macro_present: 0.9892
2026-08-22 06:06:10 | Starting Dual_D standalone training
2026-08-22 06:06:10 | Run directory: runs/module_c_ablation/module_c_no_prototype_contrastive_雾天_iter02_20260822_013452
2026-08-22 06:06:10 | Device: cuda
2026-08-22 06:06:10 | Source train samples: 992
2026-08-22 06:06:10 | Target train samples: 507
2026-08-22 06:06:10 | Target val samples: 132
2026-08-22 06:06:10 | Classes: 14
2026-08-22 06:06:10 | Data audit: same_dir=False | path_overlap(vis/ir/ais)=0/0/0 | content_overlap(vis/ir/ais)=0/0/0 | ais_index_overlap=0 | stem_mismatch(vis-ir/vis-ais)=630/0
2026-08-22 06:06:10 | source_train classes: present 14/14 | absent 0 | counts [0:120, 1:44, 2:69, 3:45, 4:40, 5:30, 6:64, 7:80, 8:116, 9:68, 10:57, 11:83, 12:48, 13:128]
2026-08-22 06:06:10 | target_train classes: present 9/14 | absent 5 | counts [0:35, 1:18, 2:119, 6:110, 8:25, 9:50, 10:48, 12:9, 13:93]
2026-08-22 06:06:10 | target_val classes: present 9/14 | absent 5 | counts [0:9, 1:5, 2:30, 6:28, 8:7, 9:13, 10:13, 12:3, 13:24]
2026-08-22 06:06:10 | Paired training classes: 9/14 | class ids [0, 1, 2, 6, 8, 9, 10, 12, 13]
2026-08-22 06:06:10 | VIS/IR pairing: class-level-unpaired | count-mismatch classes train/val: 10/2 | AIS alignment: none | AIS rows train/val: 0/0
2026-08-22 06:06:10 | Model parameters: total=17277714 | trainable=17120210
Starting run 8/12: domain=雾天, iteration=2, seed=49
2026-08-22 06:07:31 | Epoch 001/100 | loss 8.7735 | cls 4.6505 | tal -0.2418 | dual_g 4.1955 | dual_d 0.0000 | train_acc 0.1133 | train_full 0.2249 | val_acc 0.1742 | val_f1 0.0875 | grad(main/disc) 26.551/0.000 | lr(main/disc) 7.00e-05/3.50e-05 | 80.6s
2026-08-22 06:07:31 | New best val_f1_macro_present: 0.0875 at epoch 1
2026-08-22 06:08:49 | Epoch 002/100 | loss 7.3734 | cls 3.8427 | tal -0.0644 | dual_g 3.5501 | dual_d 0.0000 | train_acc 0.2012 | train_full 0.4576 | val_acc 0.4773 | val_f1 0.3445 | grad(main/disc) 21.591/0.000 | lr(main/disc) 7.00e-05/3.50e-05 | 77.8s
2026-08-22 06:08:49 | New best val_f1_macro_present: 0.3445 at epoch 2
2026-08-22 06:10:06 | Epoch 003/100 | loss 6.4672 | cls 3.3286 | tal -0.0558 | dual_g 3.1553 | dual_d 0.0000 | train_acc 0.3086 | train_full 0.5838 | val_acc 0.5303 | val_f1 0.4843 | grad(main/disc) 20.043/0.000 | lr(main/disc) 7.00e-05/3.50e-05 | 76.7s
2026-08-22 06:10:06 | New best val_f1_macro_present: 0.4843 at epoch 3
2026-08-22 06:11:27 | Epoch 004/100 | loss 6.0250 | cls 3.0972 | tal -0.0039 | dual_g 2.9289 | dual_d 0.0000 | train_acc 0.3496 | train_full 0.6982 | val_acc 0.6667 | val_f1 0.6193 | grad(main/disc) 19.967/0.000 | lr(main/disc) 7.00e-05/3.50e-05 | 80.9s
2026-08-22 06:11:28 | New best val_f1_macro_present: 0.6193 at epoch 4
2026-08-22 06:12:48 | Epoch 005/100 | loss 5.4588 | cls 2.8195 | tal -0.1135 | dual_g 2.6734 | dual_d 0.0000 | train_acc 0.4141 | train_full 0.6706 | val_acc 0.6515 | val_f1 0.6894 | grad(main/disc) 20.142/0.000 | lr(main/disc) 7.00e-05/3.50e-05 | 80.8s
2026-08-22 06:12:49 | New best val_f1_macro_present: 0.6894 at epoch 5
2026-08-22 06:14:08 | Epoch 006/100 | loss 5.0622 | cls 2.5889 | tal -0.0976 | dual_g 2.5026 | dual_d 0.7910 | train_acc 0.5254 | train_full 0.7041 | val_acc 0.6667 | val_f1 0.6890 | grad(main/disc) 20.026/1.663 | lr(main/disc) 7.00e-05/3.50e-05 | 79.5s
2026-08-22 06:15:28 | Epoch 007/100 | loss 4.8037 | cls 2.4704 | tal -0.0682 | dual_g 2.3538 | dual_d 0.7661 | train_acc 0.5273 | train_full 0.7712 | val_acc 0.7803 | val_f1 0.7770 | grad(main/disc) 20.455/1.627 | lr(main/disc) 7.00e-05/3.50e-05 | 79.7s
2026-08-22 06:15:28 | New best val_f1_macro_present: 0.7770 at epoch 7
2026-08-22 06:16:48 | Epoch 008/100 | loss 4.5135 | cls 2.2784 | tal -0.0250 | dual_g 2.2426 | dual_d 0.7201 | train_acc 0.6641 | train_full 0.8422 | val_acc 0.7879 | val_f1 0.8039 | grad(main/disc) 18.808/1.531 | lr(main/disc) 7.00e-05/3.50e-05 | 79.2s
2026-08-22 06:16:48 | New best val_f1_macro_present: 0.8039 at epoch 8
2026-08-22 06:18:08 | Epoch 009/100 | loss 4.2087 | cls 2.1252 | tal -0.0661 | dual_g 2.1033 | dual_d 0.6960 | train_acc 0.6738 | train_full 0.8560 | val_acc 0.8182 | val_f1 0.8238 | grad(main/disc) 18.614/1.465 | lr(main/disc) 7.00e-05/3.50e-05 | 80.2s
2026-08-22 06:18:08 | New best val_f1_macro_present: 0.8238 at epoch 9
2026-08-22 06:19:31 | Epoch 010/100 | loss 3.9693 | cls 1.9558 | tal -0.0233 | dual_g 2.0206 | dual_d 0.6859 | train_acc 0.7559 | train_full 0.8422 | val_acc 0.8333 | val_f1 0.8370 | grad(main/disc) 18.161/1.460 | lr(main/disc) 7.00e-05/3.50e-05 | 82.5s
2026-08-22 06:19:31 | New best val_f1_macro_present: 0.8370 at epoch 10
2026-08-22 06:20:51 | Epoch 011/100 | loss 3.9394 | cls 1.9830 | tal -0.0258 | dual_g 1.9641 | dual_d 0.6629 | train_acc 0.7754 | train_full 0.8659 | val_acc 0.8561 | val_f1 0.8498 | grad(main/disc) 18.181/1.409 | lr(main/disc) 7.00e-05/3.50e-05 | 79.5s
2026-08-22 06:20:51 | New best val_f1_macro_present: 0.8498 at epoch 11
2026-08-22 06:22:11 | Epoch 012/100 | loss 3.6843 | cls 1.8361 | tal 0.0248 | dual_g 1.8408 | dual_d 0.6591 | train_acc 0.7891 | train_full 0.9132 | val_acc 0.9015 | val_f1 0.8980 | grad(main/disc) 16.935/1.425 | lr(main/disc) 7.00e-05/3.50e-05 | 80.3s
2026-08-22 06:22:12 | New best val_f1_macro_present: 0.8980 at epoch 12
2026-08-22 06:23:34 | Epoch 013/100 | loss 3.5849 | cls 1.7730 | tal 0.0531 | dual_g 1.7959 | dual_d 0.6424 | train_acc 0.8242 | train_full 0.9250 | val_acc 0.9091 | val_f1 0.9042 | grad(main/disc) 16.432/1.341 | lr(main/disc) 7.00e-05/3.50e-05 | 82.3s
2026-08-22 06:23:34 | New best val_f1_macro_present: 0.9042 at epoch 13
2026-08-22 06:24:56 | Epoch 014/100 | loss 3.4601 | cls 1.7236 | tal -0.0507 | dual_g 1.7517 | dual_d 0.6410 | train_acc 0.8340 | train_full 0.9073 | val_acc 0.9091 | val_f1 0.8934 | grad(main/disc) 16.487/1.297 | lr(main/disc) 7.00e-05/3.50e-05 | 81.4s
2026-08-22 06:26:19 | Epoch 015/100 | loss 3.4318 | cls 1.7141 | tal -0.0537 | dual_g 1.7338 | dual_d 0.6435 | train_acc 0.8457 | train_full 0.9467 | val_acc 0.9470 | val_f1 0.9378 | grad(main/disc) 15.751/1.348 | lr(main/disc) 7.00e-05/3.50e-05 | 83.0s
2026-08-22 06:26:19 | New best val_f1_macro_present: 0.9378 at epoch 15
2026-08-22 06:27:43 | Epoch 016/100 | loss 3.2808 | cls 1.6256 | tal -0.0516 | dual_g 1.6707 | dual_d 0.6807 | train_acc 0.8711 | train_full 0.9507 | val_acc 0.9545 | val_f1 0.9507 | grad(main/disc) 14.750/1.403 | lr(main/disc) 7.00e-05/3.50e-05 | 83.5s
2026-08-22 06:27:43 | New best val_f1_macro_present: 0.9507 at epoch 16
2026-08-22 06:29:06 | Epoch 017/100 | loss 3.2293 | cls 1.5873 | tal -0.0147 | dual_g 1.6464 | dual_d 0.6594 | train_acc 0.8906 | train_full 0.9428 | val_acc 0.9318 | val_f1 0.9293 | grad(main/disc) 13.797/1.295 | lr(main/disc) 7.00e-05/3.50e-05 | 82.6s
2026-08-22 06:30:28 | Epoch 018/100 | loss 3.1019 | cls 1.5137 | tal -0.0575 | dual_g 1.6054 | dual_d 0.7024 | train_acc 0.9238 | train_full 0.9546 | val_acc 0.9470 | val_f1 0.9383 | grad(main/disc) 12.526/1.365 | lr(main/disc) 7.00e-05/3.50e-05 | 82.6s
2026-08-22 06:31:45 | Epoch 019/100 | loss 3.1527 | cls 1.5710 | tal -0.0462 | dual_g 1.5956 | dual_d 0.6911 | train_acc 0.9102 | train_full 0.9566 | val_acc 0.9394 | val_f1 0.9323 | grad(main/disc) 14.397/1.347 | lr(main/disc) 7.00e-05/3.50e-05 | 77.1s
2026-08-22 06:33:05 | Epoch 020/100 | loss 3.0336 | cls 1.4882 | tal -0.0168 | dual_g 1.5505 | dual_d 0.7046 | train_acc 0.9297 | train_full 0.9467 | val_acc 0.9545 | val_f1 0.9514 | grad(main/disc) 11.238/1.334 | lr(main/disc) 7.00e-05/3.50e-05 | 79.6s
2026-08-22 06:34:25 | Epoch 021/100 | loss 3.0107 | cls 1.4774 | tal -0.0428 | dual_g 1.5462 | dual_d 0.7242 | train_acc 0.9277 | train_full 0.9763 | val_acc 0.9545 | val_f1 0.9375 | grad(main/disc) 11.207/1.361 | lr(main/disc) 7.00e-05/3.50e-05 | 80.4s
2026-08-22 06:35:47 | Epoch 022/100 | loss 2.9472 | cls 1.4210 | tal -0.0287 | dual_g 1.5348 | dual_d 0.7428 | train_acc 0.9492 | train_full 0.9783 | val_acc 0.9697 | val_f1 0.9707 | grad(main/disc) 10.386/1.425 | lr(main/disc) 7.00e-05/3.50e-05 | 81.5s
2026-08-22 06:35:47 | New best val_f1_macro_present: 0.9707 at epoch 22
2026-08-22 06:37:09 | Epoch 023/100 | loss 2.9124 | cls 1.4277 | tal -0.0661 | dual_g 1.5045 | dual_d 0.7232 | train_acc 0.9648 | train_full 0.9882 | val_acc 0.9545 | val_f1 0.9590 | grad(main/disc) 10.001/1.345 | lr(main/disc) 7.00e-05/3.50e-05 | 82.0s
2026-08-22 06:38:29 | Epoch 024/100 | loss 2.8830 | cls 1.4226 | tal -0.0997 | dual_g 1.4903 | dual_d 0.7694 | train_acc 0.9473 | train_full 0.9882 | val_acc 0.9621 | val_f1 0.9491 | grad(main/disc) 10.981/1.373 | lr(main/disc) 7.00e-05/3.50e-05 | 80.2s
2026-08-22 06:39:50 | Epoch 025/100 | loss 2.8660 | cls 1.4283 | tal -0.0725 | dual_g 1.4595 | dual_d 0.7969 | train_acc 0.9473 | train_full 0.9882 | val_acc 0.9697 | val_f1 0.9526 | grad(main/disc) 10.511/1.400 | lr(main/disc) 7.00e-05/3.50e-05 | 80.4s
2026-08-22 06:41:12 | Epoch 026/100 | loss 2.7970 | cls 1.3882 | tal -0.0801 | dual_g 1.4328 | dual_d 0.7939 | train_acc 0.9648 | train_full 0.9901 | val_acc 0.9773 | val_f1 0.9768 | grad(main/disc) 9.005/1.372 | lr(main/disc) 7.00e-05/3.50e-05 | 82.4s
2026-08-22 06:41:12 | New best val_f1_macro_present: 0.9768 at epoch 26
2026-08-22 06:42:30 | Epoch 027/100 | loss 2.7949 | cls 1.3959 | tal -0.1179 | dual_g 1.4344 | dual_d 0.8309 | train_acc 0.9629 | train_full 0.9842 | val_acc 0.9773 | val_f1 0.9611 | grad(main/disc) 9.253/1.374 | lr(main/disc) 7.00e-05/3.50e-05 | 77.3s
2026-08-22 06:43:51 | Epoch 028/100 | loss 2.7631 | cls 1.3690 | tal -0.1559 | dual_g 1.4409 | dual_d 0.8937 | train_acc 0.9766 | train_full 0.9842 | val_acc 0.9621 | val_f1 0.9520 | grad(main/disc) 8.746/1.455 | lr(main/disc) 7.00e-05/3.50e-05 | 81.7s
2026-08-22 06:45:13 | Epoch 029/100 | loss 2.7232 | cls 1.3424 | tal -0.0871 | dual_g 1.4069 | dual_d 0.8781 | train_acc 0.9785 | train_full 0.9941 | val_acc 0.9924 | val_f1 0.9892 | grad(main/disc) 8.061/1.454 | lr(main/disc) 7.00e-05/3.50e-05 | 81.4s
2026-08-22 06:45:13 | New best val_f1_macro_present: 0.9892 at epoch 29
2026-08-22 06:46:31 | Epoch 030/100 | loss 2.6878 | cls 1.3358 | tal -0.1384 | dual_g 1.3935 | dual_d 0.9006 | train_acc 0.9766 | train_full 0.9961 | val_acc 0.9773 | val_f1 0.9749 | grad(main/disc) 7.395/1.469 | lr(main/disc) 7.00e-05/3.50e-05 | 78.1s
2026-08-22 06:47:54 | Epoch 031/100 | loss 2.7115 | cls 1.3427 | tal -0.1011 | dual_g 1.3991 | dual_d 0.8736 | train_acc 0.9785 | train_full 0.9803 | val_acc 0.9621 | val_f1 0.9607 | grad(main/disc) 8.321/1.407 | lr(main/disc) 7.00e-05/3.50e-05 | 82.4s
2026-08-22 06:49:14 | Epoch 032/100 | loss 2.6987 | cls 1.3298 | tal -0.0590 | dual_g 1.3866 | dual_d 0.9245 | train_acc 0.9785 | train_full 0.9842 | val_acc 0.9621 | val_f1 0.9456 | grad(main/disc) 7.385/1.470 | lr(main/disc) 7.00e-05/3.50e-05 | 80.7s
2026-08-22 06:50:36 | Epoch 033/100 | loss 2.6625 | cls 1.3195 | tal -0.1308 | dual_g 1.3822 | dual_d 0.9096 | train_acc 0.9824 | train_full 0.9862 | val_acc 0.9773 | val_f1 0.9709 | grad(main/disc) 7.381/1.462 | lr(main/disc) 7.00e-05/3.50e-05 | 81.5s
2026-08-22 06:52:00 | Epoch 034/100 | loss 2.6573 | cls 1.3149 | tal -0.1049 | dual_g 1.3739 | dual_d 0.9252 | train_acc 0.9746 | train_full 0.9941 | val_acc 0.9848 | val_f1 0.9830 | grad(main/disc) 6.614/1.423 | lr(main/disc) 7.00e-05/3.50e-05 | 84.4s
2026-08-22 06:53:20 | Epoch 035/100 | loss 2.6412 | cls 1.3008 | tal -0.0350 | dual_g 1.3508 | dual_d 0.9039 | train_acc 0.9863 | train_full 0.9941 | val_acc 0.9924 | val_f1 0.9892 | grad(main/disc) 6.778/1.368 | lr(main/disc) 7.00e-05/3.50e-05 | 79.7s
2026-08-22 06:54:42 | Epoch 036/100 | loss 2.5969 | cls 1.2941 | tal -0.1128 | dual_g 1.3367 | dual_d 0.9485 | train_acc 0.9883 | train_full 1.0000 | val_acc 0.9848 | val_f1 0.9832 | grad(main/disc) 6.058/1.430 | lr(main/disc) 3.50e-05/1.75e-05 | 82.2s
2026-08-22 06:56:01 | Epoch 037/100 | loss 2.5811 | cls 1.2938 | tal -0.1537 | dual_g 1.3334 | dual_d 0.9417 | train_acc 0.9844 | train_full 0.9980 | val_acc 0.9924 | val_f1 0.9892 | grad(main/disc) 5.709/1.414 | lr(main/disc) 3.50e-05/1.75e-05 | 78.8s
2026-08-22 06:57:23 | Epoch 038/100 | loss 2.5626 | cls 1.2867 | tal -0.1396 | dual_g 1.3178 | dual_d 0.9190 | train_acc 0.9961 | train_full 0.9980 | val_acc 0.9924 | val_f1 0.9892 | grad(main/disc) 5.710/1.369 | lr(main/disc) 3.50e-05/1.75e-05 | 82.3s
2026-08-22 06:57:23 | Early stopping at epoch 38 after 9 epochs without val_f1_macro_present improvement.
2026-08-22 06:57:23 | Training complete. Best validation accuracy: 0.9924 | best val_f1_macro_present: 0.9892
2026-08-22 06:57:23 | Starting Dual_D standalone training
2026-08-22 06:57:23 | Run directory: runs/module_c_ablation/module_c_no_prototype_contrastive_雾天_iter03_20260822_013452
2026-08-22 06:57:23 | Device: cuda
2026-08-22 06:57:23 | Source train samples: 992
2026-08-22 06:57:23 | Target train samples: 507
2026-08-22 06:57:23 | Target val samples: 132
2026-08-22 06:57:23 | Classes: 14
2026-08-22 06:57:23 | Data audit: same_dir=False | path_overlap(vis/ir/ais)=0/0/0 | content_overlap(vis/ir/ais)=0/0/0 | ais_index_overlap=0 | stem_mismatch(vis-ir/vis-ais)=630/0
2026-08-22 06:57:23 | source_train classes: present 14/14 | absent 0 | counts [0:120, 1:44, 2:69, 3:45, 4:40, 5:30, 6:64, 7:80, 8:116, 9:68, 10:57, 11:83, 12:48, 13:128]
2026-08-22 06:57:23 | target_train classes: present 9/14 | absent 5 | counts [0:35, 1:18, 2:119, 6:110, 8:25, 9:50, 10:48, 12:9, 13:93]
2026-08-22 06:57:23 | target_val classes: present 9/14 | absent 5 | counts [0:9, 1:5, 2:30, 6:28, 8:7, 9:13, 10:13, 12:3, 13:24]
2026-08-22 06:57:23 | Paired training classes: 9/14 | class ids [0, 1, 2, 6, 8, 9, 10, 12, 13]
2026-08-22 06:57:23 | VIS/IR pairing: class-level-unpaired | count-mismatch classes train/val: 10/2 | AIS alignment: none | AIS rows train/val: 0/0
2026-08-22 06:57:24 | Model parameters: total=17277714 | trainable=17120210
Starting run 9/12: domain=雾天, iteration=3, seed=50
2026-08-22 06:58:42 | Epoch 001/100 | loss 9.1497 | cls 4.8306 | tal -0.0784 | dual_g 4.3426 | dual_d 0.0000 | train_acc 0.1250 | train_full 0.1420 | val_acc 0.1364 | val_f1 0.0983 | grad(main/disc) 27.221/0.000 | lr(main/disc) 7.00e-05/3.50e-05 | 77.5s
2026-08-22 06:58:42 | New best val_f1_macro_present: 0.0983 at epoch 1
2026-08-22 07:00:03 | Epoch 002/100 | loss 7.4829 | cls 3.8994 | tal -0.0579 | dual_g 3.6009 | dual_d 0.0000 | train_acc 0.2285 | train_full 0.3432 | val_acc 0.3409 | val_f1 0.3458 | grad(main/disc) 21.446/0.000 | lr(main/disc) 7.00e-05/3.50e-05 | 81.2s
2026-08-22 07:00:04 | New best val_f1_macro_present: 0.3458 at epoch 2
2026-08-22 07:01:23 | Epoch 003/100 | loss 6.6190 | cls 3.4812 | tal -0.1862 | dual_g 3.1936 | dual_d 0.0000 | train_acc 0.2715 | train_full 0.3432 | val_acc 0.2500 | val_f1 0.2309 | grad(main/disc) 19.789/0.000 | lr(main/disc) 7.00e-05/3.50e-05 | 79.5s
2026-08-22 07:02:44 | Epoch 004/100 | loss 5.9087 | cls 3.1063 | tal -0.2433 | dual_g 2.8754 | dual_d 0.0000 | train_acc 0.3496 | train_full 0.5444 | val_acc 0.5000 | val_f1 0.4766 | grad(main/disc) 18.651/0.000 | lr(main/disc) 7.00e-05/3.50e-05 | 80.7s
2026-08-22 07:02:44 | New best val_f1_macro_present: 0.4766 at epoch 4
2026-08-22 07:04:05 | Epoch 005/100 | loss 5.4816 | cls 2.8597 | tal -0.2051 | dual_g 2.6835 | dual_d 0.0000 | train_acc 0.4160 | train_full 0.5562 | val_acc 0.4697 | val_f1 0.5084 | grad(main/disc) 19.499/0.000 | lr(main/disc) 7.00e-05/3.50e-05 | 80.5s
2026-08-22 07:04:05 | New best val_f1_macro_present: 0.5084 at epoch 5
2026-08-22 07:05:29 | Epoch 006/100 | loss 5.1170 | cls 2.6354 | tal -0.1575 | dual_g 2.5289 | dual_d 0.8068 | train_acc 0.4707 | train_full 0.7377 | val_acc 0.6515 | val_f1 0.6587 | grad(main/disc) 19.973/1.852 | lr(main/disc) 7.00e-05/3.50e-05 | 83.7s
2026-08-22 07:05:29 | New best val_f1_macro_present: 0.6587 at epoch 6
2026-08-22 07:06:50 | Epoch 007/100 | loss 4.7975 | cls 2.4325 | tal -0.1266 | dual_g 2.4030 | dual_d 0.7269 | train_acc 0.5430 | train_full 0.7968 | val_acc 0.7576 | val_f1 0.7553 | grad(main/disc) 20.203/1.658 | lr(main/disc) 7.00e-05/3.50e-05 | 81.2s
2026-08-22 07:06:51 | New best val_f1_macro_present: 0.7553 at epoch 7
2026-08-22 07:08:08 | Epoch 008/100 | loss 4.3916 | cls 2.2508 | tal -0.1782 | dual_g 2.1942 | dual_d 0.7019 | train_acc 0.6270 | train_full 0.7653 | val_acc 0.7424 | val_f1 0.7525 | grad(main/disc) 19.168/1.572 | lr(main/disc) 7.00e-05/3.50e-05 | 77.7s
2026-08-22 07:09:29 | Epoch 009/100 | loss 4.2383 | cls 2.1531 | tal -0.1581 | dual_g 2.1327 | dual_d 0.6828 | train_acc 0.6660 | train_full 0.8402 | val_acc 0.8409 | val_f1 0.8553 | grad(main/disc) 18.959/1.550 | lr(main/disc) 7.00e-05/3.50e-05 | 80.8s
2026-08-22 07:09:29 | New best val_f1_macro_present: 0.8553 at epoch 9
2026-08-22 07:10:52 | Epoch 010/100 | loss 4.0377 | cls 2.0501 | tal -0.1015 | dual_g 2.0181 | dual_d 0.6894 | train_acc 0.7383 | train_full 0.8698 | val_acc 0.8106 | val_f1 0.7569 | grad(main/disc) 19.103/1.511 | lr(main/disc) 7.00e-05/3.50e-05 | 83.1s
2026-08-22 07:12:15 | Epoch 011/100 | loss 3.9365 | cls 1.9909 | tal -0.0903 | dual_g 1.9727 | dual_d 0.6769 | train_acc 0.7480 | train_full 0.9290 | val_acc 0.8561 | val_f1 0.8616 | grad(main/disc) 18.321/1.458 | lr(main/disc) 7.00e-05/3.50e-05 | 82.1s
2026-08-22 07:12:15 | New best val_f1_macro_present: 0.8616 at epoch 11
2026-08-22 07:13:38 | Epoch 012/100 | loss 3.6078 | cls 1.7998 | tal -0.1250 | dual_g 1.8454 | dual_d 0.6377 | train_acc 0.8086 | train_full 0.8974 | val_acc 0.8333 | val_f1 0.8312 | grad(main/disc) 16.120/1.405 | lr(main/disc) 7.00e-05/3.50e-05 | 82.7s
2026-08-22 07:15:00 | Epoch 013/100 | loss 3.5791 | cls 1.7537 | tal -0.0600 | dual_g 1.8434 | dual_d 0.6441 | train_acc 0.8320 | train_full 0.9467 | val_acc 0.8409 | val_f1 0.7851 | grad(main/disc) 16.651/1.378 | lr(main/disc) 7.00e-05/3.50e-05 | 82.1s
2026-08-22 07:16:19 | Epoch 014/100 | loss 3.4549 | cls 1.7139 | tal -0.0964 | dual_g 1.7699 | dual_d 0.6477 | train_acc 0.8496 | train_full 0.9290 | val_acc 0.8864 | val_f1 0.8724 | grad(main/disc) 15.162/1.377 | lr(main/disc) 7.00e-05/3.50e-05 | 79.6s
2026-08-22 07:16:20 | New best val_f1_macro_present: 0.8724 at epoch 14
2026-08-22 07:17:40 | Epoch 015/100 | loss 3.2900 | cls 1.6581 | tal -0.2781 | dual_g 1.7153 | dual_d 0.6746 | train_acc 0.9062 | train_full 0.9487 | val_acc 0.9015 | val_f1 0.8955 | grad(main/disc) 14.304/1.383 | lr(main/disc) 7.00e-05/3.50e-05 | 79.9s
2026-08-22 07:17:40 | New best val_f1_macro_present: 0.8955 at epoch 15
2026-08-22 07:19:01 | Epoch 016/100 | loss 3.1954 | cls 1.6004 | tal -0.1504 | dual_g 1.6400 | dual_d 0.6767 | train_acc 0.9141 | train_full 0.9073 | val_acc 0.8636 | val_f1 0.8217 | grad(main/disc) 13.798/1.390 | lr(main/disc) 7.00e-05/3.50e-05 | 81.0s
2026-08-22 07:20:23 | Epoch 017/100 | loss 3.1373 | cls 1.5448 | tal -0.0733 | dual_g 1.6145 | dual_d 0.6418 | train_acc 0.9004 | train_full 0.9704 | val_acc 0.9242 | val_f1 0.9183 | grad(main/disc) 13.133/1.316 | lr(main/disc) 7.00e-05/3.50e-05 | 82.0s
2026-08-22 07:20:23 | New best val_f1_macro_present: 0.9183 at epoch 17
2026-08-22 07:21:44 | Epoch 018/100 | loss 3.0465 | cls 1.5155 | tal -0.1116 | dual_g 1.5645 | dual_d 0.7014 | train_acc 0.9258 | train_full 0.9665 | val_acc 0.9167 | val_f1 0.9330 | grad(main/disc) 12.682/1.354 | lr(main/disc) 7.00e-05/3.50e-05 | 80.7s
2026-08-22 07:21:44 | New best val_f1_macro_present: 0.9330 at epoch 18
2026-08-22 07:23:05 | Epoch 019/100 | loss 3.0505 | cls 1.5141 | tal -0.1142 | dual_g 1.5706 | dual_d 0.7079 | train_acc 0.9336 | train_full 0.9507 | val_acc 0.9015 | val_f1 0.9070 | grad(main/disc) 12.593/1.410 | lr(main/disc) 7.00e-05/3.50e-05 | 80.4s
2026-08-22 07:24:26 | Epoch 020/100 | loss 3.0197 | cls 1.4720 | tal -0.0750 | dual_g 1.5702 | dual_d 0.7188 | train_acc 0.9395 | train_full 0.9704 | val_acc 0.9394 | val_f1 0.9395 | grad(main/disc) 12.204/1.402 | lr(main/disc) 7.00e-05/3.50e-05 | 81.7s
2026-08-22 07:24:27 | New best val_f1_macro_present: 0.9395 at epoch 20
2026-08-22 07:25:49 | Epoch 021/100 | loss 2.8810 | cls 1.4407 | tal -0.1787 | dual_g 1.4939 | dual_d 0.7395 | train_acc 0.9512 | train_full 0.9763 | val_acc 0.9318 | val_f1 0.9167 | grad(main/disc) 10.092/1.374 | lr(main/disc) 7.00e-05/3.50e-05 | 82.3s
2026-08-22 07:27:12 | Epoch 022/100 | loss 2.8319 | cls 1.4023 | tal -0.1499 | dual_g 1.4746 | dual_d 0.7633 | train_acc 0.9492 | train_full 0.9704 | val_acc 0.9242 | val_f1 0.9121 | grad(main/disc) 9.301/1.350 | lr(main/disc) 7.00e-05/3.50e-05 | 82.5s
2026-08-22 07:28:32 | Epoch 023/100 | loss 2.8754 | cls 1.4127 | tal -0.0526 | dual_g 1.4785 | dual_d 0.8374 | train_acc 0.9668 | train_full 0.9724 | val_acc 0.9394 | val_f1 0.9407 | grad(main/disc) 10.033/1.460 | lr(main/disc) 7.00e-05/3.50e-05 | 80.4s
2026-08-22 07:28:32 | New best val_f1_macro_present: 0.9407 at epoch 23
2026-08-22 07:29:52 | Epoch 024/100 | loss 2.8587 | cls 1.3989 | tal 0.0356 | dual_g 1.4491 | dual_d 0.8454 | train_acc 0.9590 | train_full 0.9842 | val_acc 0.9545 | val_f1 0.9510 | grad(main/disc) 9.515/1.443 | lr(main/disc) 7.00e-05/3.50e-05 | 79.8s
2026-08-22 07:29:53 | New best val_f1_macro_present: 0.9510 at epoch 24
2026-08-22 07:31:15 | Epoch 025/100 | loss 2.8140 | cls 1.3702 | tal -0.0072 | dual_g 1.4459 | dual_d 0.9034 | train_acc 0.9648 | train_full 0.9822 | val_acc 0.9242 | val_f1 0.9221 | grad(main/disc) 8.819/1.501 | lr(main/disc) 7.00e-05/3.50e-05 | 82.7s
2026-08-22 07:32:37 | Epoch 026/100 | loss 2.7406 | cls 1.3573 | tal -0.0782 | dual_g 1.4068 | dual_d 0.8969 | train_acc 0.9746 | train_full 0.9882 | val_acc 0.9394 | val_f1 0.9269 | grad(main/disc) 8.259/1.449 | lr(main/disc) 7.00e-05/3.50e-05 | 81.9s
2026-08-22 07:33:56 | Epoch 027/100 | loss 2.7304 | cls 1.3332 | tal -0.0916 | dual_g 1.4246 | dual_d 0.9125 | train_acc 0.9863 | train_full 1.0000 | val_acc 0.9621 | val_f1 0.9564 | grad(main/disc) 7.859/1.446 | lr(main/disc) 7.00e-05/3.50e-05 | 79.4s
2026-08-22 07:33:57 | New best val_f1_macro_present: 0.9564 at epoch 27
2026-08-22 07:35:18 | Epoch 028/100 | loss 2.7447 | cls 1.3557 | tal -0.0742 | dual_g 1.4112 | dual_d 0.8731 | train_acc 0.9707 | train_full 0.9980 | val_acc 0.9470 | val_f1 0.9481 | grad(main/disc) 8.211/1.433 | lr(main/disc) 7.00e-05/3.50e-05 | 80.8s
2026-08-22 07:36:40 | Epoch 029/100 | loss 2.7062 | cls 1.3333 | tal -0.0590 | dual_g 1.3907 | dual_d 0.9200 | train_acc 0.9863 | train_full 0.9901 | val_acc 0.9470 | val_f1 0.9345 | grad(main/disc) 7.372/1.397 | lr(main/disc) 7.00e-05/3.50e-05 | 82.0s
2026-08-22 07:38:01 | Epoch 030/100 | loss 2.6956 | cls 1.3340 | tal -0.0224 | dual_g 1.3683 | dual_d 0.9738 | train_acc 0.9727 | train_full 0.9921 | val_acc 0.9697 | val_f1 0.9728 | grad(main/disc) 7.337/1.526 | lr(main/disc) 7.00e-05/3.50e-05 | 81.6s
2026-08-22 07:38:02 | New best val_f1_macro_present: 0.9728 at epoch 30
2026-08-22 07:39:23 | Epoch 031/100 | loss 2.6739 | cls 1.3308 | tal -0.0461 | dual_g 1.3568 | dual_d 0.9516 | train_acc 0.9785 | train_full 0.9862 | val_acc 0.9394 | val_f1 0.9346 | grad(main/disc) 7.118/1.455 | lr(main/disc) 7.00e-05/3.50e-05 | 81.2s
2026-08-22 07:40:43 | Epoch 032/100 | loss 2.6092 | cls 1.2957 | tal -0.1167 | dual_g 1.3485 | dual_d 0.9721 | train_acc 0.9863 | train_full 0.9961 | val_acc 0.9621 | val_f1 0.9562 | grad(main/disc) 6.382/1.462 | lr(main/disc) 7.00e-05/3.50e-05 | 79.9s
2026-08-22 07:42:03 | Epoch 033/100 | loss 2.6257 | cls 1.3017 | tal -0.0901 | dual_g 1.3510 | dual_d 0.9365 | train_acc 0.9766 | train_full 0.9961 | val_acc 0.9697 | val_f1 0.9691 | grad(main/disc) 6.249/1.412 | lr(main/disc) 7.00e-05/3.50e-05 | 80.0s
2026-08-22 07:43:24 | Epoch 034/100 | loss 2.6048 | cls 1.2881 | tal -0.0785 | dual_g 1.3402 | dual_d 0.9784 | train_acc 0.9824 | train_full 0.9980 | val_acc 0.9545 | val_f1 0.9528 | grad(main/disc) 6.076/1.446 | lr(main/disc) 7.00e-05/3.50e-05 | 80.9s
2026-08-22 07:44:43 | Epoch 035/100 | loss 2.5975 | cls 1.2940 | tal -0.0853 | dual_g 1.3292 | dual_d 0.9760 | train_acc 0.9863 | train_full 0.9961 | val_acc 0.9621 | val_f1 0.9608 | grad(main/disc) 6.035/1.408 | lr(main/disc) 7.00e-05/3.50e-05 | 79.5s
2026-08-22 07:46:06 | Epoch 036/100 | loss 2.5735 | cls 1.2769 | tal -0.0559 | dual_g 1.3134 | dual_d 0.9603 | train_acc 0.9863 | train_full 0.9980 | val_acc 0.9697 | val_f1 0.9714 | grad(main/disc) 5.377/1.382 | lr(main/disc) 7.00e-05/3.50e-05 | 82.5s
2026-08-22 07:47:28 | Epoch 037/100 | loss 2.5028 | cls 1.2449 | tal -0.0899 | dual_g 1.2848 | dual_d 0.9932 | train_acc 0.9961 | train_full 0.9941 | val_acc 0.9545 | val_f1 0.9549 | grad(main/disc) 4.233/1.380 | lr(main/disc) 3.50e-05/1.75e-05 | 82.6s
2026-08-22 07:48:50 | Epoch 038/100 | loss 2.5044 | cls 1.2440 | tal -0.0561 | dual_g 1.2772 | dual_d 0.9741 | train_acc 0.9922 | train_full 1.0000 | val_acc 0.9621 | val_f1 0.9584 | grad(main/disc) 3.833/1.349 | lr(main/disc) 3.50e-05/1.75e-05 | 81.8s
2026-08-22 07:50:11 | Epoch 039/100 | loss 2.5504 | cls 1.2643 | tal -0.0365 | dual_g 1.2970 | dual_d 0.9409 | train_acc 0.9922 | train_full 1.0000 | val_acc 0.9621 | val_f1 0.9607 | grad(main/disc) 4.921/1.318 | lr(main/disc) 3.50e-05/1.75e-05 | 80.6s
2026-08-22 07:50:11 | Early stopping at epoch 39 after 9 epochs without val_f1_macro_present improvement.
2026-08-22 07:50:11 | Training complete. Best validation accuracy: 0.9697 | best val_f1_macro_present: 0.9728
2026-08-22 07:50:11 | Starting Dual_D standalone training
2026-08-22 07:50:11 | Run directory: runs/module_c_ablation/module_c_no_prototype_contrastive_雨天_iter01_20260822_013452
2026-08-22 07:50:11 | Device: cuda
2026-08-22 07:50:11 | Source train samples: 992
2026-08-22 07:50:11 | Target train samples: 96
2026-08-22 07:50:11 | Target val samples: 26
2026-08-22 07:50:11 | Classes: 14
2026-08-22 07:50:11 | Data audit: same_dir=False | path_overlap(vis/ir/ais)=0/0/0 | content_overlap(vis/ir/ais)=0/0/0 | ais_index_overlap=0 | stem_mismatch(vis-ir/vis-ais)=117/0
2026-08-22 07:50:11 | source_train classes: present 14/14 | absent 0 | counts [0:120, 1:44, 2:69, 3:45, 4:40, 5:30, 6:64, 7:80, 8:116, 9:68, 10:57, 11:83, 12:48, 13:128]
2026-08-22 07:50:11 | target_train classes: present 6/14 | absent 8 | counts [0:7, 2:19, 9:32, 10:12, 11:6, 13:20]
2026-08-22 07:50:11 | target_val classes: present 6/14 | absent 8 | counts [0:2, 2:5, 9:8, 10:4, 11:2, 13:5]
2026-08-22 07:50:11 | Paired training classes: 6/14 | class ids [0, 2, 9, 10, 11, 13]
2026-08-22 07:50:11 | VIS/IR pairing: class-level-unpaired | count-mismatch classes train/val: 10/0 | AIS alignment: none | AIS rows train/val: 0/0
2026-08-22 07:50:11 | Model parameters: total=17277714 | trainable=17120210
Starting run 10/12: domain=雨天, iteration=1, seed=51
2026-08-22 07:50:32 | Epoch 001/100 | loss 10.1456 | cls 5.2858 | tal 0.0660 | dual_g 4.8401 | dual_d 0.0000 | train_acc 0.0938 | train_full 0.1250 | val_acc 0.1538 | val_f1 0.1778 | grad(main/disc) 33.276/0.000 | lr(main/disc) 7.00e-05/3.50e-05 | 20.8s
2026-08-22 07:50:32 | New best val_f1_macro_present: 0.1778 at epoch 1
2026-08-22 07:50:53 | Epoch 002/100 | loss 8.7075 | cls 4.5967 | tal 0.0995 | dual_g 4.0809 | dual_d 0.0000 | train_acc 0.1953 | train_full 0.2500 | val_acc 0.1923 | val_f1 0.1545 | grad(main/disc) 28.504/0.000 | lr(main/disc) 7.00e-05/3.50e-05 | 20.8s
2026-08-22 07:51:15 | Epoch 003/100 | loss 7.3752 | cls 3.9343 | tal -0.0379 | dual_g 3.4523 | dual_d 0.0000 | train_acc 0.2500 | train_full 0.3021 | val_acc 0.3077 | val_f1 0.2156 | grad(main/disc) 23.675/0.000 | lr(main/disc) 7.00e-05/3.50e-05 | 22.5s
2026-08-22 07:51:16 | New best val_f1_macro_present: 0.2156 at epoch 3
2026-08-22 07:51:38 | Epoch 004/100 | loss 6.5284 | cls 3.4207 | tal -0.0319 | dual_g 3.1173 | dual_d 0.0000 | train_acc 0.3594 | train_full 0.1042 | val_acc 0.0769 | val_f1 0.0444 | grad(main/disc) 21.111/0.000 | lr(main/disc) 7.00e-05/3.50e-05 | 22.0s
2026-08-22 07:52:01 | Epoch 005/100 | loss 6.0766 | cls 3.1753 | tal -0.1061 | dual_g 2.9331 | dual_d 0.0000 | train_acc 0.3594 | train_full 0.2604 | val_acc 0.1923 | val_f1 0.0667 | grad(main/disc) 20.005/0.000 | lr(main/disc) 7.00e-05/3.50e-05 | 23.0s
2026-08-22 07:52:22 | Epoch 006/100 | loss 5.5355 | cls 2.8715 | tal -0.1111 | dual_g 2.6973 | dual_d 0.8744 | train_acc 0.4453 | train_full 0.2188 | val_acc 0.1923 | val_f1 0.0641 | grad(main/disc) 18.380/2.042 | lr(main/disc) 7.00e-05/3.50e-05 | 21.5s
2026-08-22 07:52:43 | Epoch 007/100 | loss 5.3440 | cls 2.7598 | tal -0.1257 | dual_g 2.6219 | dual_d 0.8482 | train_acc 0.5625 | train_full 0.2396 | val_acc 0.1923 | val_f1 0.0667 | grad(main/disc) 18.334/2.123 | lr(main/disc) 7.00e-05/3.50e-05 | 21.2s
2026-08-22 07:53:03 | Epoch 008/100 | loss 5.1548 | cls 2.6152 | tal -0.1080 | dual_g 2.5720 | dual_d 0.8092 | train_acc 0.5938 | train_full 0.2812 | val_acc 0.3077 | val_f1 0.2225 | grad(main/disc) 17.607/1.922 | lr(main/disc) 7.00e-05/3.50e-05 | 19.7s
2026-08-22 07:53:03 | New best val_f1_macro_present: 0.2225 at epoch 8
2026-08-22 07:53:24 | Epoch 009/100 | loss 4.9772 | cls 2.5445 | tal -0.0754 | dual_g 2.4553 | dual_d 0.8557 | train_acc 0.5625 | train_full 0.2500 | val_acc 0.3077 | val_f1 0.2076 | grad(main/disc) 17.241/1.943 | lr(main/disc) 7.00e-05/3.50e-05 | 21.0s
2026-08-22 07:53:45 | Epoch 010/100 | loss 4.7849 | cls 2.3571 | tal 0.0261 | dual_g 2.4200 | dual_d 0.8333 | train_acc 0.7188 | train_full 0.2812 | val_acc 0.2692 | val_f1 0.2026 | grad(main/disc) 17.586/1.780 | lr(main/disc) 7.00e-05/3.50e-05 | 21.1s
2026-08-22 07:54:05 | Epoch 011/100 | loss 4.5275 | cls 2.3048 | tal -0.0091 | dual_g 2.2254 | dual_d 0.8117 | train_acc 0.7031 | train_full 0.3021 | val_acc 0.3077 | val_f1 0.2480 | grad(main/disc) 17.089/1.886 | lr(main/disc) 7.00e-05/3.50e-05 | 19.5s
2026-08-22 07:54:05 | New best val_f1_macro_present: 0.2480 at epoch 11
2026-08-22 07:54:25 | Epoch 012/100 | loss 4.3783 | cls 2.2395 | tal 0.0247 | dual_g 2.1314 | dual_d 0.8744 | train_acc 0.7266 | train_full 0.3958 | val_acc 0.3462 | val_f1 0.2806 | grad(main/disc) 18.888/1.941 | lr(main/disc) 7.00e-05/3.50e-05 | 20.4s
2026-08-22 07:54:26 | New best val_f1_macro_present: 0.2806 at epoch 12
2026-08-22 07:54:48 | Epoch 013/100 | loss 4.1642 | cls 2.0988 | tal -0.0061 | dual_g 2.0672 | dual_d 0.8288 | train_acc 0.7812 | train_full 0.4792 | val_acc 0.3462 | val_f1 0.2692 | grad(main/disc) 17.762/1.875 | lr(main/disc) 7.00e-05/3.50e-05 | 22.0s
2026-08-22 07:55:08 | Epoch 014/100 | loss 4.2075 | cls 2.1313 | tal -0.0083 | dual_g 2.0788 | dual_d 0.8088 | train_acc 0.7344 | train_full 0.4062 | val_acc 0.4231 | val_f1 0.4402 | grad(main/disc) 17.824/1.780 | lr(main/disc) 7.00e-05/3.50e-05 | 20.1s
2026-08-22 07:55:08 | New best val_f1_macro_present: 0.4402 at epoch 14
2026-08-22 07:55:30 | Epoch 015/100 | loss 3.8608 | cls 1.8963 | tal -0.0014 | dual_g 1.9649 | dual_d 0.7975 | train_acc 0.8125 | train_full 0.6458 | val_acc 0.6154 | val_f1 0.5421 | grad(main/disc) 15.189/1.753 | lr(main/disc) 7.00e-05/3.50e-05 | 22.1s
2026-08-22 07:55:30 | New best val_f1_macro_present: 0.5421 at epoch 15
2026-08-22 07:55:52 | Epoch 016/100 | loss 3.8953 | cls 1.9425 | tal -0.0508 | dual_g 1.9680 | dual_d 0.7178 | train_acc 0.7500 | train_full 0.6771 | val_acc 0.5769 | val_f1 0.5652 | grad(main/disc) 17.401/1.715 | lr(main/disc) 7.00e-05/3.50e-05 | 21.2s
2026-08-22 07:55:52 | New best val_f1_macro_present: 0.5652 at epoch 16
2026-08-22 07:56:13 | Epoch 017/100 | loss 3.8252 | cls 1.9023 | tal -0.0340 | dual_g 1.9331 | dual_d 0.7594 | train_acc 0.8359 | train_full 0.6562 | val_acc 0.5000 | val_f1 0.5291 | grad(main/disc) 17.230/1.727 | lr(main/disc) 7.00e-05/3.50e-05 | 21.6s
2026-08-22 07:56:36 | Epoch 018/100 | loss 3.4833 | cls 1.7056 | tal -0.0689 | dual_g 1.7984 | dual_d 0.7414 | train_acc 0.8828 | train_full 0.6042 | val_acc 0.5000 | val_f1 0.5106 | grad(main/disc) 12.194/1.715 | lr(main/disc) 7.00e-05/3.50e-05 | 22.6s
2026-08-22 07:56:58 | Epoch 019/100 | loss 3.5618 | cls 1.7746 | tal -0.0849 | dual_g 1.8127 | dual_d 0.7453 | train_acc 0.8438 | train_full 0.6250 | val_acc 0.5000 | val_f1 0.5142 | grad(main/disc) 16.565/1.764 | lr(main/disc) 7.00e-05/3.50e-05 | 21.9s
2026-08-22 07:57:20 | Epoch 020/100 | loss 3.4987 | cls 1.7310 | tal -0.0057 | dual_g 1.7694 | dual_d 0.7573 | train_acc 0.8828 | train_full 0.9062 | val_acc 0.8462 | val_f1 0.8875 | grad(main/disc) 14.495/1.820 | lr(main/disc) 7.00e-05/3.50e-05 | 21.6s
2026-08-22 07:57:20 | New best val_f1_macro_present: 0.8875 at epoch 20
2026-08-22 07:57:41 | Epoch 021/100 | loss 3.3266 | cls 1.6223 | tal -0.0211 | dual_g 1.7107 | dual_d 0.6895 | train_acc 0.9453 | train_full 0.7188 | val_acc 0.5769 | val_f1 0.5846 | grad(main/disc) 15.520/1.657 | lr(main/disc) 7.00e-05/3.50e-05 | 21.6s
2026-08-22 07:58:02 | Epoch 022/100 | loss 3.5931 | cls 1.8080 | tal -0.0433 | dual_g 1.7981 | dual_d 0.7159 | train_acc 0.8906 | train_full 0.5833 | val_acc 0.4615 | val_f1 0.4687 | grad(main/disc) 19.139/1.606 | lr(main/disc) 7.00e-05/3.50e-05 | 20.7s
2026-08-22 07:58:24 | Epoch 023/100 | loss 3.3377 | cls 1.6065 | tal -0.0158 | dual_g 1.7359 | dual_d 0.7410 | train_acc 0.9219 | train_full 0.6042 | val_acc 0.4231 | val_f1 0.4402 | grad(main/disc) 15.060/1.664 | lr(main/disc) 7.00e-05/3.50e-05 | 22.1s
2026-08-22 07:58:44 | Epoch 024/100 | loss 3.2672 | cls 1.5786 | tal -0.0204 | dual_g 1.6947 | dual_d 0.7036 | train_acc 0.9531 | train_full 0.7500 | val_acc 0.6154 | val_f1 0.6087 | grad(main/disc) 12.315/1.622 | lr(main/disc) 7.00e-05/3.50e-05 | 20.1s
2026-08-22 07:59:06 | Epoch 025/100 | loss 3.2287 | cls 1.5565 | tal -0.1089 | dual_g 1.7048 | dual_d 0.7265 | train_acc 0.9375 | train_full 0.6562 | val_acc 0.6923 | val_f1 0.7088 | grad(main/disc) 13.338/1.622 | lr(main/disc) 7.00e-05/3.50e-05 | 22.1s
2026-08-22 07:59:30 | Epoch 026/100 | loss 3.2802 | cls 1.6442 | tal -0.0847 | dual_g 1.6615 | dual_d 0.7585 | train_acc 0.9062 | train_full 0.7396 | val_acc 0.6538 | val_f1 0.6423 | grad(main/disc) 14.788/1.513 | lr(main/disc) 7.00e-05/3.50e-05 | 23.0s
2026-08-22 07:59:50 | Epoch 027/100 | loss 3.2243 | cls 1.5793 | tal -0.0578 | dual_g 1.6624 | dual_d 0.7432 | train_acc 0.9531 | train_full 0.7812 | val_acc 0.6538 | val_f1 0.6489 | grad(main/disc) 13.754/1.717 | lr(main/disc) 3.50e-05/1.75e-05 | 20.3s
2026-08-22 08:00:10 | Epoch 028/100 | loss 3.0356 | cls 1.4809 | tal -0.1065 | dual_g 1.5867 | dual_d 0.8315 | train_acc 0.9453 | train_full 0.7500 | val_acc 0.6154 | val_f1 0.6176 | grad(main/disc) 11.663/1.703 | lr(main/disc) 3.50e-05/1.75e-05 | 20.5s
2026-08-22 08:00:31 | Epoch 029/100 | loss 3.2249 | cls 1.5890 | tal -0.0357 | dual_g 1.6466 | dual_d 0.7613 | train_acc 0.9375 | train_full 0.6667 | val_acc 0.6538 | val_f1 0.6624 | grad(main/disc) 13.235/1.668 | lr(main/disc) 3.50e-05/1.75e-05 | 20.7s
2026-08-22 08:00:31 | Early stopping at epoch 29 after 9 epochs without val_f1_macro_present improvement.
2026-08-22 08:00:31 | Training complete. Best validation accuracy: 0.8462 | best val_f1_macro_present: 0.8875
2026-08-22 08:00:31 | Starting Dual_D standalone training
2026-08-22 08:00:31 | Run directory: runs/module_c_ablation/module_c_no_prototype_contrastive_雨天_iter02_20260822_013452
2026-08-22 08:00:31 | Device: cuda
2026-08-22 08:00:31 | Source train samples: 992
2026-08-22 08:00:31 | Target train samples: 96
2026-08-22 08:00:31 | Target val samples: 26
2026-08-22 08:00:31 | Classes: 14
2026-08-22 08:00:31 | Data audit: same_dir=False | path_overlap(vis/ir/ais)=0/0/0 | content_overlap(vis/ir/ais)=0/0/0 | ais_index_overlap=0 | stem_mismatch(vis-ir/vis-ais)=117/0
2026-08-22 08:00:31 | source_train classes: present 14/14 | absent 0 | counts [0:120, 1:44, 2:69, 3:45, 4:40, 5:30, 6:64, 7:80, 8:116, 9:68, 10:57, 11:83, 12:48, 13:128]
2026-08-22 08:00:31 | target_train classes: present 6/14 | absent 8 | counts [0:7, 2:19, 9:32, 10:12, 11:6, 13:20]
2026-08-22 08:00:31 | target_val classes: present 6/14 | absent 8 | counts [0:2, 2:5, 9:8, 10:4, 11:2, 13:5]
2026-08-22 08:00:31 | Paired training classes: 6/14 | class ids [0, 2, 9, 10, 11, 13]
2026-08-22 08:00:31 | VIS/IR pairing: class-level-unpaired | count-mismatch classes train/val: 10/0 | AIS alignment: none | AIS rows train/val: 0/0
2026-08-22 08:00:31 | Model parameters: total=17277714 | trainable=17120210
Starting run 11/12: domain=雨天, iteration=2, seed=52
2026-08-22 08:00:53 | Epoch 001/100 | loss 9.5918 | cls 5.0276 | tal 0.0751 | dual_g 4.5417 | dual_d 0.0000 | train_acc 0.1484 | train_full 0.3125 | val_acc 0.2308 | val_f1 0.0800 | grad(main/disc) 33.723/0.000 | lr(main/disc) 7.00e-05/3.50e-05 | 21.8s
2026-08-22 08:00:53 | New best val_f1_macro_present: 0.0800 at epoch 1
2026-08-22 08:01:15 | Epoch 002/100 | loss 7.8565 | cls 4.1735 | tal -0.0375 | dual_g 3.6943 | dual_d 0.0000 | train_acc 0.1641 | train_full 0.2292 | val_acc 0.1538 | val_f1 0.1639 | grad(main/disc) 28.811/0.000 | lr(main/disc) 7.00e-05/3.50e-05 | 21.4s
2026-08-22 08:01:15 | New best val_f1_macro_present: 0.1639 at epoch 2
2026-08-22 08:01:37 | Epoch 003/100 | loss 7.2272 | cls 3.7768 | tal 0.0087 | dual_g 3.4478 | dual_d 0.0000 | train_acc 0.3203 | train_full 0.1979 | val_acc 0.0769 | val_f1 0.0610 | grad(main/disc) 25.444/0.000 | lr(main/disc) 7.00e-05/3.50e-05 | 21.7s
2026-08-22 08:01:57 | Epoch 004/100 | loss 6.6139 | cls 3.4517 | tal 0.0649 | dual_g 3.1428 | dual_d 0.0000 | train_acc 0.3828 | train_full 0.2292 | val_acc 0.2308 | val_f1 0.1605 | grad(main/disc) 22.813/0.000 | lr(main/disc) 7.00e-05/3.50e-05 | 20.6s
2026-08-22 08:02:20 | Epoch 005/100 | loss 5.9780 | cls 3.1511 | tal 0.0519 | dual_g 2.8113 | dual_d 0.0000 | train_acc 0.4219 | train_full 0.2917 | val_acc 0.2692 | val_f1 0.2006 | grad(main/disc) 21.293/0.000 | lr(main/disc) 7.00e-05/3.50e-05 | 22.4s
2026-08-22 08:02:20 | New best val_f1_macro_present: 0.2006 at epoch 5
2026-08-22 08:02:41 | Epoch 006/100 | loss 5.6805 | cls 3.0135 | tal 0.0546 | dual_g 2.6506 | dual_d 1.0026 | train_acc 0.5234 | train_full 0.2917 | val_acc 0.3462 | val_f1 0.2889 | grad(main/disc) 20.443/2.168 | lr(main/disc) 7.00e-05/3.50e-05 | 21.2s
2026-08-22 08:02:41 | New best val_f1_macro_present: 0.2889 at epoch 6
2026-08-22 08:03:03 | Epoch 007/100 | loss 5.2180 | cls 2.6495 | tal -0.0374 | dual_g 2.5797 | dual_d 0.9702 | train_acc 0.4688 | train_full 0.2917 | val_acc 0.3462 | val_f1 0.2889 | grad(main/disc) 18.805/1.978 | lr(main/disc) 7.00e-05/3.50e-05 | 21.9s
2026-08-22 08:03:24 | Epoch 008/100 | loss 5.0810 | cls 2.6685 | tal 0.0086 | dual_g 2.4099 | dual_d 0.9057 | train_acc 0.5703 | train_full 0.3021 | val_acc 0.4231 | val_f1 0.3571 | grad(main/disc) 18.062/1.943 | lr(main/disc) 7.00e-05/3.50e-05 | 21.0s
2026-08-22 08:03:25 | New best val_f1_macro_present: 0.3571 at epoch 8
2026-08-22 08:03:45 | Epoch 009/100 | loss 4.8046 | cls 2.4388 | tal -0.0101 | dual_g 2.3688 | dual_d 0.8959 | train_acc 0.6875 | train_full 0.4479 | val_acc 0.4231 | val_f1 0.3236 | grad(main/disc) 17.674/1.960 | lr(main/disc) 7.00e-05/3.50e-05 | 20.3s
2026-08-22 08:04:06 | Epoch 010/100 | loss 4.6963 | cls 2.3880 | tal -0.0391 | dual_g 2.3201 | dual_d 0.8743 | train_acc 0.7422 | train_full 0.4375 | val_acc 0.4231 | val_f1 0.3333 | grad(main/disc) 17.558/1.891 | lr(main/disc) 7.00e-05/3.50e-05 | 21.2s
2026-08-22 08:04:27 | Epoch 011/100 | loss 4.6682 | cls 2.3965 | tal -0.0127 | dual_g 2.2755 | dual_d 0.8849 | train_acc 0.7344 | train_full 0.4167 | val_acc 0.4231 | val_f1 0.3403 | grad(main/disc) 19.303/1.940 | lr(main/disc) 7.00e-05/3.50e-05 | 20.8s
2026-08-22 08:04:49 | Epoch 012/100 | loss 4.3181 | cls 2.1880 | tal 0.0034 | dual_g 2.1291 | dual_d 0.8611 | train_acc 0.7812 | train_full 0.5208 | val_acc 0.5385 | val_f1 0.4504 | grad(main/disc) 16.692/1.932 | lr(main/disc) 7.00e-05/3.50e-05 | 22.4s
2026-08-22 08:04:50 | New best val_f1_macro_present: 0.4504 at epoch 12
2026-08-22 08:05:11 | Epoch 013/100 | loss 4.2452 | cls 2.1788 | tal -0.0585 | dual_g 2.0839 | dual_d 0.8477 | train_acc 0.7344 | train_full 0.4583 | val_acc 0.4615 | val_f1 0.4101 | grad(main/disc) 17.955/1.839 | lr(main/disc) 7.00e-05/3.50e-05 | 21.7s
2026-08-22 08:05:31 | Epoch 014/100 | loss 4.0354 | cls 1.9451 | tal 0.0517 | dual_g 2.0748 | dual_d 0.8398 | train_acc 0.7891 | train_full 0.4792 | val_acc 0.5385 | val_f1 0.4498 | grad(main/disc) 16.035/1.762 | lr(main/disc) 7.00e-05/3.50e-05 | 19.6s
2026-08-22 08:05:54 | Epoch 015/100 | loss 4.1522 | cls 2.1248 | tal 0.0648 | dual_g 2.0080 | dual_d 0.8151 | train_acc 0.7578 | train_full 0.5312 | val_acc 0.5000 | val_f1 0.4607 | grad(main/disc) 21.985/1.767 | lr(main/disc) 7.00e-05/3.50e-05 | 22.9s
2026-08-22 08:05:54 | New best val_f1_macro_present: 0.4607 at epoch 15
2026-08-22 08:06:14 | Epoch 016/100 | loss 3.6860 | cls 1.7926 | tal 0.1750 | dual_g 1.8409 | dual_d 0.8884 | train_acc 0.8906 | train_full 0.6354 | val_acc 0.5769 | val_f1 0.5694 | grad(main/disc) 17.920/1.885 | lr(main/disc) 7.00e-05/3.50e-05 | 20.4s
2026-08-22 08:06:15 | New best val_f1_macro_present: 0.5694 at epoch 16
2026-08-22 08:06:37 | Epoch 017/100 | loss 3.5017 | cls 1.7178 | tal 0.0280 | dual_g 1.7755 | dual_d 0.8284 | train_acc 0.8516 | train_full 0.6250 | val_acc 0.4615 | val_f1 0.3869 | grad(main/disc) 14.096/1.733 | lr(main/disc) 7.00e-05/3.50e-05 | 21.8s
2026-08-22 08:06:59 | Epoch 018/100 | loss 3.4642 | cls 1.6785 | tal 0.0282 | dual_g 1.7773 | dual_d 0.8215 | train_acc 0.8984 | train_full 0.6771 | val_acc 0.6538 | val_f1 0.7170 | grad(main/disc) 20.688/1.762 | lr(main/disc) 7.00e-05/3.50e-05 | 22.4s
2026-08-22 08:06:59 | New best val_f1_macro_present: 0.7170 at epoch 18
2026-08-22 08:07:21 | Epoch 019/100 | loss 3.3863 | cls 1.6780 | tal 0.0835 | dual_g 1.6832 | dual_d 0.8461 | train_acc 0.8984 | train_full 0.7812 | val_acc 0.6923 | val_f1 0.7245 | grad(main/disc) 16.142/1.752 | lr(main/disc) 7.00e-05/3.50e-05 | 21.4s
2026-08-22 08:07:21 | New best val_f1_macro_present: 0.7245 at epoch 19
2026-08-22 08:07:43 | Epoch 020/100 | loss 3.5749 | cls 1.7853 | tal 0.0194 | dual_g 1.7838 | dual_d 0.8123 | train_acc 0.8828 | train_full 0.6458 | val_acc 0.5769 | val_f1 0.6141 | grad(main/disc) 21.166/1.757 | lr(main/disc) 7.00e-05/3.50e-05 | 22.1s
2026-08-22 08:08:04 | Epoch 021/100 | loss 3.3581 | cls 1.6531 | tal -0.0030 | dual_g 1.7058 | dual_d 0.7808 | train_acc 0.9297 | train_full 0.7604 | val_acc 0.8077 | val_f1 0.8643 | grad(main/disc) 18.280/1.633 | lr(main/disc) 7.00e-05/3.50e-05 | 21.5s
2026-08-22 08:08:05 | New best val_f1_macro_present: 0.8643 at epoch 21
2026-08-22 08:08:26 | Epoch 022/100 | loss 3.3735 | cls 1.6700 | tal 0.0151 | dual_g 1.6989 | dual_d 0.8088 | train_acc 0.9297 | train_full 0.8021 | val_acc 0.6923 | val_f1 0.6620 | grad(main/disc) 17.862/1.744 | lr(main/disc) 7.00e-05/3.50e-05 | 21.3s
2026-08-22 08:08:48 | Epoch 023/100 | loss 3.2113 | cls 1.5830 | tal 0.0286 | dual_g 1.6197 | dual_d 0.8025 | train_acc 0.9297 | train_full 0.7708 | val_acc 0.6923 | val_f1 0.7266 | grad(main/disc) 14.001/1.665 | lr(main/disc) 7.00e-05/3.50e-05 | 22.3s
2026-08-22 08:09:08 | Epoch 024/100 | loss 3.3789 | cls 1.6129 | tal 0.0311 | dual_g 1.7567 | dual_d 0.8089 | train_acc 0.9609 | train_full 0.7500 | val_acc 0.6538 | val_f1 0.6929 | grad(main/disc) 16.945/1.658 | lr(main/disc) 7.00e-05/3.50e-05 | 19.5s
2026-08-22 08:09:29 | Epoch 025/100 | loss 3.4189 | cls 1.6548 | tal -0.0103 | dual_g 1.7672 | dual_d 0.8503 | train_acc 0.9219 | train_full 0.7188 | val_acc 0.5385 | val_f1 0.4504 | grad(main/disc) 20.704/1.643 | lr(main/disc) 7.00e-05/3.50e-05 | 21.1s
2026-08-22 08:09:51 | Epoch 026/100 | loss 3.2557 | cls 1.6212 | tal -0.0738 | dual_g 1.6567 | dual_d 0.7538 | train_acc 0.8984 | train_full 0.6979 | val_acc 0.5769 | val_f1 0.4954 | grad(main/disc) 17.347/1.647 | lr(main/disc) 7.00e-05/3.50e-05 | 22.0s
2026-08-22 08:10:11 | Epoch 027/100 | loss 3.2423 | cls 1.5728 | tal -0.0407 | dual_g 1.6818 | dual_d 0.7686 | train_acc 0.9453 | train_full 0.7604 | val_acc 0.6538 | val_f1 0.5715 | grad(main/disc) 15.419/1.637 | lr(main/disc) 7.00e-05/3.50e-05 | 20.4s
2026-08-22 08:10:32 | Epoch 028/100 | loss 3.1894 | cls 1.5548 | tal -0.0304 | dual_g 1.6438 | dual_d 0.7973 | train_acc 0.9688 | train_full 0.8854 | val_acc 0.8462 | val_f1 0.8597 | grad(main/disc) 13.880/1.700 | lr(main/disc) 3.50e-05/1.75e-05 | 20.5s
2026-08-22 08:10:55 | Epoch 029/100 | loss 3.1670 | cls 1.5577 | tal -0.0771 | dual_g 1.6325 | dual_d 0.7846 | train_acc 0.9219 | train_full 0.8854 | val_acc 0.8077 | val_f1 0.8259 | grad(main/disc) 13.029/1.696 | lr(main/disc) 3.50e-05/1.75e-05 | 23.3s
2026-08-22 08:11:16 | Epoch 030/100 | loss 3.0864 | cls 1.4954 | tal -0.0243 | dual_g 1.5983 | dual_d 0.7903 | train_acc 0.9844 | train_full 0.8750 | val_acc 0.8077 | val_f1 0.8259 | grad(main/disc) 11.062/1.606 | lr(main/disc) 3.50e-05/1.75e-05 | 21.5s
2026-08-22 08:11:16 | Early stopping at epoch 30 after 9 epochs without val_f1_macro_present improvement.
2026-08-22 08:11:16 | Training complete. Best validation accuracy: 0.8462 | best val_f1_macro_present: 0.8643
2026-08-22 08:11:17 | Starting Dual_D standalone training
2026-08-22 08:11:17 | Run directory: runs/module_c_ablation/module_c_no_prototype_contrastive_雨天_iter03_20260822_013452
2026-08-22 08:11:17 | Device: cuda
2026-08-22 08:11:17 | Source train samples: 992
2026-08-22 08:11:17 | Target train samples: 96
2026-08-22 08:11:17 | Target val samples: 26
2026-08-22 08:11:17 | Classes: 14
2026-08-22 08:11:17 | Data audit: same_dir=False | path_overlap(vis/ir/ais)=0/0/0 | content_overlap(vis/ir/ais)=0/0/0 | ais_index_overlap=0 | stem_mismatch(vis-ir/vis-ais)=117/0
2026-08-22 08:11:17 | source_train classes: present 14/14 | absent 0 | counts [0:120, 1:44, 2:69, 3:45, 4:40, 5:30, 6:64, 7:80, 8:116, 9:68, 10:57, 11:83, 12:48, 13:128]
2026-08-22 08:11:17 | target_train classes: present 6/14 | absent 8 | counts [0:7, 2:19, 9:32, 10:12, 11:6, 13:20]
2026-08-22 08:11:17 | target_val classes: present 6/14 | absent 8 | counts [0:2, 2:5, 9:8, 10:4, 11:2, 13:5]
2026-08-22 08:11:17 | Paired training classes: 6/14 | class ids [0, 2, 9, 10, 11, 13]
2026-08-22 08:11:17 | VIS/IR pairing: class-level-unpaired | count-mismatch classes train/val: 10/0 | AIS alignment: none | AIS rows train/val: 0/0
2026-08-22 08:11:17 | Model parameters: total=17277714 | trainable=17120210
Starting run 12/12: domain=雨天, iteration=3, seed=53
2026-08-22 08:11:39 | Epoch 001/100 | loss 9.1204 | cls 4.8258 | tal 0.0733 | dual_g 4.2726 | dual_d 0.0000 | train_acc 0.0938 | train_full 0.0625 | val_acc 0.0385 | val_f1 0.0196 | grad(main/disc) 30.924/0.000 | lr(main/disc) 7.00e-05/3.50e-05 | 21.8s
2026-08-22 08:11:39 | New best val_f1_macro_present: 0.0196 at epoch 1
2026-08-22 08:12:00 | Epoch 002/100 | loss 7.7079 | cls 4.0652 | tal -0.0285 | dual_g 3.6512 | dual_d 0.0000 | train_acc 0.2109 | train_full 0.1771 | val_acc 0.1538 | val_f1 0.0952 | grad(main/disc) 26.321/0.000 | lr(main/disc) 7.00e-05/3.50e-05 | 21.0s
2026-08-22 08:12:00 | New best val_f1_macro_present: 0.0952 at epoch 2
2026-08-22 08:12:20 | Epoch 003/100 | loss 7.1138 | cls 3.6956 | tal -0.0016 | dual_g 3.4186 | dual_d 0.0000 | train_acc 0.2969 | train_full 0.1146 | val_acc 0.1538 | val_f1 0.1255 | grad(main/disc) 25.053/0.000 | lr(main/disc) 7.00e-05/3.50e-05 | 19.7s
2026-08-22 08:12:20 | New best val_f1_macro_present: 0.1255 at epoch 3
2026-08-22 08:12:42 | Epoch 004/100 | loss 6.4678 | cls 3.3005 | tal 0.0513 | dual_g 3.1519 | dual_d 0.0000 | train_acc 0.4297 | train_full 0.1146 | val_acc 0.1154 | val_f1 0.0833 | grad(main/disc) 21.756/0.000 | lr(main/disc) 7.00e-05/3.50e-05 | 21.2s
2026-08-22 08:13:03 | Epoch 005/100 | loss 6.1278 | cls 3.1682 | tal 0.0671 | dual_g 2.9395 | dual_d 0.0000 | train_acc 0.4453 | train_full 0.2083 | val_acc 0.3077 | val_f1 0.2230 | grad(main/disc) 20.932/0.000 | lr(main/disc) 7.00e-05/3.50e-05 | 21.2s
2026-08-22 08:13:03 | New best val_f1_macro_present: 0.2230 at epoch 5
2026-08-22 08:13:23 | Epoch 006/100 | loss 5.3874 | cls 2.7156 | tal 0.0623 | dual_g 2.6531 | dual_d 0.9499 | train_acc 0.5469 | train_full 0.1667 | val_acc 0.2692 | val_f1 0.1898 | grad(main/disc) 18.451/2.162 | lr(main/disc) 7.00e-05/3.50e-05 | 20.1s
2026-08-22 08:13:46 | Epoch 007/100 | loss 5.3650 | cls 2.8395 | tal 0.0664 | dual_g 2.5056 | dual_d 0.8613 | train_acc 0.5938 | train_full 0.2188 | val_acc 0.2692 | val_f1 0.1757 | grad(main/disc) 19.553/2.118 | lr(main/disc) 7.00e-05/3.50e-05 | 22.5s
2026-08-22 08:14:09 | Epoch 008/100 | loss 5.1806 | cls 2.7193 | tal 0.1360 | dual_g 2.4205 | dual_d 0.9396 | train_acc 0.6641 | train_full 0.2396 | val_acc 0.2692 | val_f1 0.1761 | grad(main/disc) 18.499/2.095 | lr(main/disc) 7.00e-05/3.50e-05 | 23.4s
2026-08-22 08:14:31 | Epoch 009/100 | loss 5.2240 | cls 2.7234 | tal 0.1586 | dual_g 2.4531 | dual_d 0.8313 | train_acc 0.6641 | train_full 0.2500 | val_acc 0.2308 | val_f1 0.1340 | grad(main/disc) 19.607/2.022 | lr(main/disc) 7.00e-05/3.50e-05 | 21.4s
2026-08-22 08:14:52 | Epoch 010/100 | loss 4.6201 | cls 2.2967 | tal 0.1433 | dual_g 2.2805 | dual_d 0.8180 | train_acc 0.7422 | train_full 0.3333 | val_acc 0.3462 | val_f1 0.3523 | grad(main/disc) 17.035/1.995 | lr(main/disc) 7.00e-05/3.50e-05 | 21.1s
2026-08-22 08:14:52 | New best val_f1_macro_present: 0.3523 at epoch 10
2026-08-22 08:15:13 | Epoch 011/100 | loss 4.4845 | cls 2.2240 | tal 0.1284 | dual_g 2.2219 | dual_d 0.8576 | train_acc 0.7109 | train_full 0.5208 | val_acc 0.4615 | val_f1 0.3716 | grad(main/disc) 17.794/1.977 | lr(main/disc) 7.00e-05/3.50e-05 | 21.5s
2026-08-22 08:15:14 | New best val_f1_macro_present: 0.3716 at epoch 11
2026-08-22 08:15:36 | Epoch 012/100 | loss 4.3737 | cls 2.1481 | tal 0.0834 | dual_g 2.2006 | dual_d 0.8522 | train_acc 0.7188 | train_full 0.5000 | val_acc 0.4615 | val_f1 0.3786 | grad(main/disc) 19.065/1.873 | lr(main/disc) 7.00e-05/3.50e-05 | 22.5s
2026-08-22 08:15:37 | New best val_f1_macro_present: 0.3786 at epoch 12
2026-08-22 08:15:59 | Epoch 013/100 | loss 4.0639 | cls 1.9735 | tal 0.0680 | dual_g 2.0700 | dual_d 0.8551 | train_acc 0.8438 | train_full 0.4167 | val_acc 0.4615 | val_f1 0.3623 | grad(main/disc) 15.989/1.997 | lr(main/disc) 7.00e-05/3.50e-05 | 22.4s
2026-08-22 08:16:21 | Epoch 014/100 | loss 3.9507 | cls 1.9810 | tal 0.0290 | dual_g 1.9610 | dual_d 0.8610 | train_acc 0.7734 | train_full 0.4167 | val_acc 0.4231 | val_f1 0.3333 | grad(main/disc) 16.777/2.005 | lr(main/disc) 7.00e-05/3.50e-05 | 21.6s
2026-08-22 08:16:43 | Epoch 015/100 | loss 3.7632 | cls 1.8400 | tal 0.0094 | dual_g 1.9204 | dual_d 0.8116 | train_acc 0.8438 | train_full 0.4688 | val_acc 0.4615 | val_f1 0.3623 | grad(main/disc) 14.317/1.787 | lr(main/disc) 7.00e-05/3.50e-05 | 22.7s
2026-08-22 08:17:04 | Epoch 016/100 | loss 3.8025 | cls 1.8957 | tal 0.0515 | dual_g 1.8914 | dual_d 0.8813 | train_acc 0.8438 | train_full 0.6562 | val_acc 0.5000 | val_f1 0.4286 | grad(main/disc) 16.255/1.929 | lr(main/disc) 7.00e-05/3.50e-05 | 21.3s
2026-08-22 08:17:05 | New best val_f1_macro_present: 0.4286 at epoch 16
2026-08-22 08:17:27 | Epoch 017/100 | loss 3.5521 | cls 1.6771 | tal -0.0018 | dual_g 1.8755 | dual_d 0.7382 | train_acc 0.8906 | train_full 0.7917 | val_acc 0.6538 | val_f1 0.6917 | grad(main/disc) 15.317/1.704 | lr(main/disc) 7.00e-05/3.50e-05 | 22.3s
2026-08-22 08:17:27 | New best val_f1_macro_present: 0.6917 at epoch 17
2026-08-22 08:17:49 | Epoch 018/100 | loss 3.4642 | cls 1.6961 | tal -0.0023 | dual_g 1.7688 | dual_d 0.7530 | train_acc 0.8750 | train_full 0.8021 | val_acc 0.6154 | val_f1 0.6505 | grad(main/disc) 14.074/1.620 | lr(main/disc) 7.00e-05/3.50e-05 | 21.7s
2026-08-22 08:18:11 | Epoch 019/100 | loss 3.4480 | cls 1.6827 | tal -0.0403 | dual_g 1.7774 | dual_d 0.7490 | train_acc 0.8828 | train_full 0.7812 | val_acc 0.6154 | val_f1 0.6827 | grad(main/disc) 14.027/1.697 | lr(main/disc) 7.00e-05/3.50e-05 | 22.1s
2026-08-22 08:18:32 | Epoch 020/100 | loss 3.3951 | cls 1.6980 | tal -0.0250 | dual_g 1.7046 | dual_d 0.8230 | train_acc 0.8672 | train_full 0.7188 | val_acc 0.5385 | val_f1 0.5730 | grad(main/disc) 14.456/1.815 | lr(main/disc) 7.00e-05/3.50e-05 | 21.4s
2026-08-22 08:18:53 | Epoch 021/100 | loss 3.2969 | cls 1.6509 | tal -0.0503 | dual_g 1.6611 | dual_d 0.8453 | train_acc 0.8828 | train_full 0.7708 | val_acc 0.6154 | val_f1 0.6343 | grad(main/disc) 14.002/1.761 | lr(main/disc) 7.00e-05/3.50e-05 | 20.9s
2026-08-22 08:19:16 | Epoch 022/100 | loss 3.2894 | cls 1.6312 | tal -0.0383 | dual_g 1.6697 | dual_d 0.7974 | train_acc 0.9297 | train_full 0.8021 | val_acc 0.7308 | val_f1 0.7505 | grad(main/disc) 13.096/1.755 | lr(main/disc) 7.00e-05/3.50e-05 | 22.4s
2026-08-22 08:19:16 | New best val_f1_macro_present: 0.7505 at epoch 22
2026-08-22 08:19:38 | Epoch 023/100 | loss 3.2982 | cls 1.6233 | tal -0.0686 | dual_g 1.6955 | dual_d 0.7869 | train_acc 0.9062 | train_full 0.7500 | val_acc 0.6154 | val_f1 0.6356 | grad(main/disc) 13.396/1.709 | lr(main/disc) 7.00e-05/3.50e-05 | 22.0s
2026-08-22 08:19:59 | Epoch 024/100 | loss 3.2374 | cls 1.5686 | tal -0.0409 | dual_g 1.6810 | dual_d 0.7355 | train_acc 0.9688 | train_full 0.8750 | val_acc 0.8462 | val_f1 0.8597 | grad(main/disc) 17.738/1.654 | lr(main/disc) 7.00e-05/3.50e-05 | 21.2s
2026-08-22 08:19:59 | New best val_f1_macro_present: 0.8597 at epoch 24
2026-08-22 08:20:21 | Epoch 025/100 | loss 3.1253 | cls 1.4907 | tal -0.0885 | dual_g 1.6612 | dual_d 0.7716 | train_acc 0.9531 | train_full 0.8125 | val_acc 0.7308 | val_f1 0.7500 | grad(main/disc) 12.802/1.677 | lr(main/disc) 7.00e-05/3.50e-05 | 21.3s
2026-08-22 08:20:40 | Epoch 026/100 | loss 3.1984 | cls 1.5558 | tal -0.0332 | dual_g 1.6526 | dual_d 0.8137 | train_acc 0.9688 | train_full 0.8125 | val_acc 0.7308 | val_f1 0.7505 | grad(main/disc) 15.104/1.776 | lr(main/disc) 7.00e-05/3.50e-05 | 19.3s
2026-08-22 08:21:01 | Epoch 027/100 | loss 3.2025 | cls 1.5962 | tal 0.0493 | dual_g 1.5915 | dual_d 0.8220 | train_acc 0.9297 | train_full 0.8229 | val_acc 0.6923 | val_f1 0.6881 | grad(main/disc) 14.238/1.761 | lr(main/disc) 7.00e-05/3.50e-05 | 21.4s
2026-08-22 08:21:22 | Epoch 028/100 | loss 3.3087 | cls 1.6622 | tal -0.0589 | dual_g 1.6641 | dual_d 0.7631 | train_acc 0.8906 | train_full 0.8542 | val_acc 0.8077 | val_f1 0.8036 | grad(main/disc) 16.971/1.664 | lr(main/disc) 7.00e-05/3.50e-05 | 20.8s
2026-08-22 08:21:44 | Epoch 029/100 | loss 3.0393 | cls 1.4639 | tal -0.0430 | dual_g 1.5883 | dual_d 0.8007 | train_acc 0.9375 | train_full 0.9062 | val_acc 0.8462 | val_f1 0.8597 | grad(main/disc) 14.439/1.691 | lr(main/disc) 7.00e-05/3.50e-05 | 21.5s
2026-08-22 08:22:05 | Epoch 030/100 | loss 3.0651 | cls 1.5151 | tal -0.0448 | dual_g 1.5634 | dual_d 0.8907 | train_acc 0.9531 | train_full 0.9271 | val_acc 0.7692 | val_f1 0.7927 | grad(main/disc) 11.323/1.810 | lr(main/disc) 7.00e-05/3.50e-05 | 20.7s
2026-08-22 08:22:27 | Epoch 031/100 | loss 3.0184 | cls 1.4363 | tal -0.0676 | dual_g 1.6024 | dual_d 0.8131 | train_acc 0.9766 | train_full 0.9167 | val_acc 0.8077 | val_f1 0.8310 | grad(main/disc) 12.172/1.705 | lr(main/disc) 3.50e-05/1.75e-05 | 22.4s
2026-08-22 08:22:50 | Epoch 032/100 | loss 3.0730 | cls 1.4730 | tal -0.0715 | dual_g 1.6214 | dual_d 0.8065 | train_acc 0.9531 | train_full 0.8854 | val_acc 0.8462 | val_f1 0.8642 | grad(main/disc) 11.887/1.615 | lr(main/disc) 3.50e-05/1.75e-05 | 22.5s
2026-08-22 08:22:50 | New best val_f1_macro_present: 0.8642 at epoch 32
2026-08-22 08:23:11 | Epoch 033/100 | loss 2.9814 | cls 1.4485 | tal -0.0980 | dual_g 1.5623 | dual_d 0.8015 | train_acc 0.9375 | train_full 0.8854 | val_acc 0.9231 | val_f1 0.9426 | grad(main/disc) 12.067/1.674 | lr(main/disc) 3.50e-05/1.75e-05 | 21.2s
2026-08-22 08:23:11 | New best val_f1_macro_present: 0.9426 at epoch 33
2026-08-22 08:23:32 | Epoch 034/100 | loss 2.8968 | cls 1.4343 | tal -0.1535 | dual_g 1.5085 | dual_d 0.7968 | train_acc 0.9766 | train_full 0.9062 | val_acc 0.8846 | val_f1 0.8831 | grad(main/disc) 9.734/1.649 | lr(main/disc) 3.50e-05/1.75e-05 | 20.7s
2026-08-22 08:23:54 | Epoch 035/100 | loss 2.9554 | cls 1.4286 | tal -0.1237 | dual_g 1.5639 | dual_d 0.7905 | train_acc 0.9844 | train_full 0.9167 | val_acc 0.8846 | val_f1 0.8831 | grad(main/disc) 10.296/1.602 | lr(main/disc) 3.50e-05/1.75e-05 | 22.6s
2026-08-22 08:24:17 | Epoch 036/100 | loss 2.9380 | cls 1.4389 | tal -0.0979 | dual_g 1.5285 | dual_d 0.7831 | train_acc 0.9922 | train_full 0.9167 | val_acc 0.8462 | val_f1 0.8619 | grad(main/disc) 9.772/1.649 | lr(main/disc) 3.50e-05/1.75e-05 | 22.9s
2026-08-22 08:24:39 | Epoch 037/100 | loss 2.8301 | cls 1.4017 | tal -0.2332 | dual_g 1.4983 | dual_d 0.7813 | train_acc 0.9688 | train_full 0.9167 | val_acc 0.8462 | val_f1 0.8619 | grad(main/disc) 8.077/1.659 | lr(main/disc) 3.50e-05/1.75e-05 | 21.2s
2026-08-22 08:25:00 | Epoch 038/100 | loss 2.8656 | cls 1.3872 | tal -0.1705 | dual_g 1.5296 | dual_d 0.8336 | train_acc 0.9922 | train_full 0.9583 | val_acc 0.9231 | val_f1 0.9250 | grad(main/disc) 9.496/1.652 | lr(main/disc) 3.50e-05/1.75e-05 | 21.9s
2026-08-22 08:25:22 | Epoch 039/100 | loss 2.7824 | cls 1.3573 | tal -0.1486 | dual_g 1.4697 | dual_d 0.8361 | train_acc 1.0000 | train_full 0.9583 | val_acc 0.9615 | val_f1 0.9630 | grad(main/disc) 8.193/1.681 | lr(main/disc) 3.50e-05/1.75e-05 | 21.0s
2026-08-22 08:25:22 | New best val_f1_macro_present: 0.9630 at epoch 39
2026-08-22 08:25:44 | Epoch 040/100 | loss 2.8876 | cls 1.4101 | tal -0.0679 | dual_g 1.4978 | dual_d 0.7876 | train_acc 0.9922 | train_full 0.9479 | val_acc 0.9615 | val_f1 0.9630 | grad(main/disc) 9.400/1.649 | lr(main/disc) 3.50e-05/1.75e-05 | 21.9s
2026-08-22 08:26:04 | Epoch 041/100 | loss 2.8265 | cls 1.3796 | tal -0.1218 | dual_g 1.4835 | dual_d 0.9028 | train_acc 0.9688 | train_full 0.9479 | val_acc 0.9615 | val_f1 0.9630 | grad(main/disc) 8.563/1.801 | lr(main/disc) 3.50e-05/1.75e-05 | 20.7s
2026-08-22 08:26:24 | Epoch 042/100 | loss 2.7398 | cls 1.3409 | tal -0.1573 | dual_g 1.4462 | dual_d 0.7977 | train_acc 0.9922 | train_full 0.9479 | val_acc 0.8846 | val_f1 0.8831 | grad(main/disc) 7.819/1.654 | lr(main/disc) 3.50e-05/1.75e-05 | 20.1s
2026-08-22 08:26:47 | Epoch 043/100 | loss 2.8342 | cls 1.3756 | tal -0.1499 | dual_g 1.5036 | dual_d 0.7861 | train_acc 0.9922 | train_full 0.9271 | val_acc 0.8462 | val_f1 0.8619 | grad(main/disc) 11.477/1.578 | lr(main/disc) 3.50e-05/1.75e-05 | 22.1s
2026-08-22 08:27:07 | Epoch 044/100 | loss 2.8306 | cls 1.4001 | tal -0.1899 | dual_g 1.4874 | dual_d 0.8722 | train_acc 0.9766 | train_full 0.9375 | val_acc 0.9231 | val_f1 0.9250 | grad(main/disc) 10.657/1.696 | lr(main/disc) 3.50e-05/1.75e-05 | 20.9s
2026-08-22 08:27:30 | Epoch 045/100 | loss 2.7309 | cls 1.3278 | tal -0.2040 | dual_g 1.4643 | dual_d 0.8261 | train_acc 0.9922 | train_full 0.9583 | val_acc 0.9615 | val_f1 0.9630 | grad(main/disc) 8.659/1.716 | lr(main/disc) 3.50e-05/1.75e-05 | 22.1s
2026-08-22 08:27:51 | Epoch 046/100 | loss 2.8692 | cls 1.4098 | tal -0.1632 | dual_g 1.5083 | dual_d 0.8743 | train_acc 0.9844 | train_full 0.9375 | val_acc 0.9231 | val_f1 0.9250 | grad(main/disc) 8.997/1.714 | lr(main/disc) 1.75e-05/8.75e-06 | 21.7s
2026-08-22 08:28:13 | Epoch 047/100 | loss 2.7561 | cls 1.3671 | tal -0.2222 | dual_g 1.4557 | dual_d 0.9011 | train_acc 0.9766 | train_full 0.9271 | val_acc 0.8846 | val_f1 0.8831 | grad(main/disc) 9.424/1.768 | lr(main/disc) 1.75e-05/8.75e-06 | 21.3s
2026-08-22 08:28:34 | Epoch 048/100 | loss 2.7503 | cls 1.3565 | tal -0.1783 | dual_g 1.4473 | dual_d 0.8855 | train_acc 0.9766 | train_full 0.9479 | val_acc 0.8846 | val_f1 0.8831 | grad(main/disc) 8.512/1.801 | lr(main/disc) 1.75e-05/8.75e-06 | 21.0s
2026-08-22 08:28:34 | Early stopping at epoch 48 after 9 epochs without val_f1_macro_present improvement.
2026-08-22 08:28:34 | Training complete. Best validation accuracy: 0.9615 | best val_f1_macro_present: 0.9630
Dual_D experiment matrix complete.
Batch summary: runs/module_c_ablation/batch_summary_20260822_013452.json
黑天: best val acc 0.9778 ± 0.0104 over 3 run(s)
逆光: best val acc 0.9910 ± 0.0127 over 3 run(s)
雾天: best val acc 0.9848 ± 0.0107 over 3 run(s)
雨天: best val acc 0.8846 ± 0.0544 over 3 run(s)
/home/lixiang/envs/lx_pytorch/lib/python3.11/site-packages/torch/cuda/__init__.py:1061: UserWarning: Can't initialize NVML
  raw_cnt = _raw_device_count_nvml()
2026-08-22 08:28:35 | Starting Dual_D standalone training
2026-08-22 08:28:35 | Run directory: runs/module_c_ablation/module_c_no_classification_feedback_黑天_iter01_20260822_082835
2026-08-22 08:28:35 | Device: cuda
2026-08-22 08:28:35 | Source train samples: 992
2026-08-22 08:28:35 | Target train samples: 465
2026-08-22 08:28:35 | Target val samples: 120
2026-08-22 08:28:35 | Classes: 14
2026-08-22 08:28:35 | Data audit: same_dir=False | path_overlap(vis/ir/ais)=0/0/0 | content_overlap(vis/ir/ais)=0/0/0 | ais_index_overlap=0 | stem_mismatch(vis-ir/vis-ais)=578/0
2026-08-22 08:28:35 | source_train classes: present 14/14 | absent 0 | counts [0:120, 1:44, 2:69, 3:45, 4:40, 5:30, 6:64, 7:80, 8:116, 9:68, 10:57, 11:83, 12:48, 13:128]
2026-08-22 08:28:35 | target_train classes: present 8/14 | absent 6 | counts [0:100, 2:11, 3:16, 6:89, 9:162, 10:12, 11:44, 13:31]
2026-08-22 08:28:35 | target_val classes: present 8/14 | absent 6 | counts [0:26, 2:3, 3:5, 6:23, 9:41, 10:3, 11:11, 13:8]
2026-08-22 08:28:35 | Paired training classes: 8/14 | class ids [0, 2, 3, 6, 9, 10, 11, 13]
2026-08-22 08:28:35 | VIS/IR pairing: class-level-unpaired | count-mismatch classes train/val: 10/0 | AIS alignment: none | AIS rows train/val: 0/0
2026-08-22 08:28:36 | Model parameters: total=17277714 | trainable=17120210
Starting run 1/12: domain=黑天, iteration=1, seed=42
2026-08-22 08:29:55 | Epoch 001/100 | loss 5.3834 | cls 4.7217 | tal 0.1618 | dual_g 0.6131 | dual_d 0.0000 | train_acc 0.1771 | train_full 0.0968 | val_acc 0.0917 | val_f1 0.1066 | grad(main/disc) 20.949/0.000 | lr(main/disc) 7.00e-05/3.50e-05 | 78.8s
2026-08-22 08:29:55 | New best val_f1_macro_present: 0.1066 at epoch 1
2026-08-22 08:31:11 | Epoch 002/100 | loss 4.2629 | cls 3.6684 | tal 0.0295 | dual_g 0.5856 | dual_d 0.0000 | train_acc 0.3417 | train_full 0.2280 | val_acc 0.1917 | val_f1 0.2067 | grad(main/disc) 16.782/0.000 | lr(main/disc) 7.00e-05/3.50e-05 | 76.0s
2026-08-22 08:31:12 | New best val_f1_macro_present: 0.2067 at epoch 2
2026-08-22 08:32:29 | Epoch 003/100 | loss 3.7375 | cls 3.1829 | tal -0.0208 | dual_g 0.5609 | dual_d 0.0000 | train_acc 0.4167 | train_full 0.3699 | val_acc 0.3333 | val_f1 0.4412 | grad(main/disc) 15.350/0.000 | lr(main/disc) 7.00e-05/3.50e-05 | 77.9s
2026-08-22 08:32:30 | New best val_f1_macro_present: 0.4412 at epoch 3
2026-08-22 08:33:46 | Epoch 004/100 | loss 3.2995 | cls 2.7813 | tal -0.0590 | dual_g 0.5358 | dual_d 0.0000 | train_acc 0.5250 | train_full 0.4624 | val_acc 0.4167 | val_f1 0.4944 | grad(main/disc) 14.452/0.000 | lr(main/disc) 7.00e-05/3.50e-05 | 76.6s
2026-08-22 08:33:47 | New best val_f1_macro_present: 0.4944 at epoch 4
2026-08-22 08:35:03 | Epoch 005/100 | loss 2.9632 | cls 2.4598 | tal -0.0536 | dual_g 0.5195 | dual_d 0.0000 | train_acc 0.6208 | train_full 0.6258 | val_acc 0.6167 | val_f1 0.6292 | grad(main/disc) 13.231/0.000 | lr(main/disc) 7.00e-05/3.50e-05 | 76.4s
2026-08-22 08:35:03 | New best val_f1_macro_present: 0.6292 at epoch 5
2026-08-22 08:36:19 | Epoch 006/100 | loss 2.6654 | cls 2.1865 | tal -0.0768 | dual_g 0.5020 | dual_d 0.9313 | train_acc 0.6958 | train_full 0.6108 | val_acc 0.6000 | val_f1 0.6242 | grad(main/disc) 12.119/2.040 | lr(main/disc) 7.00e-05/3.50e-05 | 75.8s
2026-08-22 08:37:38 | Epoch 007/100 | loss 2.6092 | cls 2.1420 | tal -0.1005 | dual_g 0.4973 | dual_d 0.8862 | train_acc 0.7229 | train_full 0.6839 | val_acc 0.6417 | val_f1 0.6796 | grad(main/disc) 12.464/1.925 | lr(main/disc) 7.00e-05/3.50e-05 | 78.4s
2026-08-22 08:37:38 | New best val_f1_macro_present: 0.6796 at epoch 7
2026-08-22 08:38:58 | Epoch 008/100 | loss 2.3849 | cls 1.9204 | tal -0.0390 | dual_g 0.4763 | dual_d 0.8377 | train_acc 0.7750 | train_full 0.5806 | val_acc 0.5833 | val_f1 0.6472 | grad(main/disc) 10.815/1.792 | lr(main/disc) 7.00e-05/3.50e-05 | 80.4s
2026-08-22 08:40:18 | Epoch 009/100 | loss 2.3265 | cls 1.8668 | tal -0.0221 | dual_g 0.4664 | dual_d 0.8293 | train_acc 0.7812 | train_full 0.7140 | val_acc 0.7167 | val_f1 0.6978 | grad(main/disc) 11.453/1.784 | lr(main/disc) 7.00e-05/3.50e-05 | 79.8s
2026-08-22 08:40:18 | New best val_f1_macro_present: 0.6978 at epoch 9
2026-08-22 08:41:37 | Epoch 010/100 | loss 2.1943 | cls 1.7416 | tal -0.0208 | dual_g 0.4589 | dual_d 0.8387 | train_acc 0.8479 | train_full 0.7398 | val_acc 0.7667 | val_f1 0.7420 | grad(main/disc) 10.272/1.715 | lr(main/disc) 7.00e-05/3.50e-05 | 78.1s
2026-08-22 08:41:37 | New best val_f1_macro_present: 0.7420 at epoch 10
2026-08-22 08:42:52 | Epoch 011/100 | loss 2.1907 | cls 1.7344 | tal 0.0217 | dual_g 0.4498 | dual_d 0.8401 | train_acc 0.8438 | train_full 0.8667 | val_acc 0.8167 | val_f1 0.7769 | grad(main/disc) 10.701/1.717 | lr(main/disc) 7.00e-05/3.50e-05 | 75.4s
2026-08-22 08:42:53 | New best val_f1_macro_present: 0.7769 at epoch 11
2026-08-22 08:44:11 | Epoch 012/100 | loss 2.1261 | cls 1.6776 | tal 0.0249 | dual_g 0.4411 | dual_d 0.8600 | train_acc 0.8646 | train_full 0.7376 | val_acc 0.6917 | val_f1 0.7151 | grad(main/disc) 10.745/1.696 | lr(main/disc) 7.00e-05/3.50e-05 | 78.2s
2026-08-22 08:45:29 | Epoch 013/100 | loss 2.0699 | cls 1.6422 | tal -0.0188 | dual_g 0.4333 | dual_d 0.8140 | train_acc 0.8938 | train_full 0.8086 | val_acc 0.8000 | val_f1 0.7677 | grad(main/disc) 9.369/1.619 | lr(main/disc) 7.00e-05/3.50e-05 | 77.9s
2026-08-22 08:46:43 | Epoch 014/100 | loss 2.0351 | cls 1.6218 | tal -0.0373 | dual_g 0.4245 | dual_d 0.9071 | train_acc 0.8875 | train_full 0.8817 | val_acc 0.8750 | val_f1 0.8347 | grad(main/disc) 8.934/1.695 | lr(main/disc) 7.00e-05/3.50e-05 | 74.8s
2026-08-22 08:46:44 | New best val_f1_macro_present: 0.8347 at epoch 14
2026-08-22 08:47:58 | Epoch 015/100 | loss 1.9117 | cls 1.5050 | tal 0.0033 | dual_g 0.4056 | dual_d 0.8502 | train_acc 0.9375 | train_full 0.8731 | val_acc 0.8417 | val_f1 0.8136 | grad(main/disc) 7.643/1.561 | lr(main/disc) 7.00e-05/3.50e-05 | 74.1s
2026-08-22 08:49:13 | Epoch 016/100 | loss 1.8460 | cls 1.4701 | tal -0.0719 | dual_g 0.3975 | dual_d 0.9345 | train_acc 0.9104 | train_full 0.7527 | val_acc 0.7333 | val_f1 0.6962 | grad(main/disc) 7.620/1.648 | lr(main/disc) 7.00e-05/3.50e-05 | 75.0s
2026-08-22 08:50:29 | Epoch 017/100 | loss 1.8499 | cls 1.4778 | tal -0.0643 | dual_g 0.3914 | dual_d 0.9468 | train_acc 0.9500 | train_full 0.8516 | val_acc 0.8333 | val_f1 0.7865 | grad(main/disc) 7.814/1.629 | lr(main/disc) 7.00e-05/3.50e-05 | 76.5s
2026-08-22 08:51:47 | Epoch 018/100 | loss 1.8137 | cls 1.4420 | tal -0.0400 | dual_g 0.3837 | dual_d 0.9758 | train_acc 0.9437 | train_full 0.9419 | val_acc 0.9083 | val_f1 0.8766 | grad(main/disc) 7.175/1.642 | lr(main/disc) 7.00e-05/3.50e-05 | 77.2s
2026-08-22 08:51:47 | New best val_f1_macro_present: 0.8766 at epoch 18
2026-08-22 08:53:03 | Epoch 019/100 | loss 1.8044 | cls 1.4443 | tal -0.0718 | dual_g 0.3817 | dual_d 0.9938 | train_acc 0.9500 | train_full 0.7785 | val_acc 0.8083 | val_f1 0.8026 | grad(main/disc) 7.474/1.649 | lr(main/disc) 7.00e-05/3.50e-05 | 76.4s
2026-08-22 08:54:23 | Epoch 020/100 | loss 1.7929 | cls 1.4340 | tal -0.0489 | dual_g 0.3736 | dual_d 1.0339 | train_acc 0.9375 | train_full 0.9140 | val_acc 0.9000 | val_f1 0.8662 | grad(main/disc) 7.142/1.655 | lr(main/disc) 7.00e-05/3.50e-05 | 79.9s
2026-08-22 08:55:41 | Epoch 021/100 | loss 1.7203 | cls 1.3840 | tal -0.0843 | dual_g 0.3616 | dual_d 1.0420 | train_acc 0.9479 | train_full 0.9269 | val_acc 0.8917 | val_f1 0.8459 | grad(main/disc) 5.860/1.676 | lr(main/disc) 7.00e-05/3.50e-05 | 77.5s
2026-08-22 08:56:57 | Epoch 022/100 | loss 1.7607 | cls 1.4272 | tal -0.0899 | dual_g 0.3604 | dual_d 1.0702 | train_acc 0.9708 | train_full 0.9548 | val_acc 0.9083 | val_f1 0.8759 | grad(main/disc) 7.304/1.638 | lr(main/disc) 7.00e-05/3.50e-05 | 75.9s
2026-08-22 08:58:13 | Epoch 023/100 | loss 1.6972 | cls 1.3812 | tal -0.1114 | dual_g 0.3495 | dual_d 1.0272 | train_acc 0.9729 | train_full 0.9032 | val_acc 0.8833 | val_f1 0.8322 | grad(main/disc) 5.892/1.616 | lr(main/disc) 7.00e-05/3.50e-05 | 76.4s
2026-08-22 08:59:31 | Epoch 024/100 | loss 1.6497 | cls 1.3384 | tal -0.1042 | dual_g 0.3426 | dual_d 1.0894 | train_acc 0.9667 | train_full 0.9333 | val_acc 0.9167 | val_f1 0.8754 | grad(main/disc) 5.172/1.673 | lr(main/disc) 7.00e-05/3.50e-05 | 78.0s
2026-08-22 09:00:46 | Epoch 025/100 | loss 1.6819 | cls 1.3891 | tal -0.1570 | dual_g 0.3399 | dual_d 1.0951 | train_acc 0.9688 | train_full 0.9054 | val_acc 0.9083 | val_f1 0.8867 | grad(main/disc) 6.328/1.717 | lr(main/disc) 7.00e-05/3.50e-05 | 75.3s
2026-08-22 09:00:47 | New best val_f1_macro_present: 0.8867 at epoch 25
2026-08-22 09:02:05 | Epoch 026/100 | loss 1.6026 | cls 1.3238 | tal -0.1687 | dual_g 0.3294 | dual_d 1.0745 | train_acc 0.9792 | train_full 0.9613 | val_acc 0.9500 | val_f1 0.9270 | grad(main/disc) 4.628/1.636 | lr(main/disc) 7.00e-05/3.50e-05 | 78.1s
2026-08-22 09:02:05 | New best val_f1_macro_present: 0.9270 at epoch 26
2026-08-22 09:03:22 | Epoch 027/100 | loss 1.6022 | cls 1.3362 | tal -0.1866 | dual_g 0.3220 | dual_d 1.1032 | train_acc 0.9708 | train_full 0.9290 | val_acc 0.9167 | val_f1 0.9031 | grad(main/disc) 4.889/1.661 | lr(main/disc) 7.00e-05/3.50e-05 | 76.8s
2026-08-22 09:04:42 | Epoch 028/100 | loss 1.5705 | cls 1.3123 | tal -0.1930 | dual_g 0.3161 | dual_d 1.1401 | train_acc 0.9917 | train_full 0.9505 | val_acc 0.9250 | val_f1 0.9231 | grad(main/disc) 4.492/1.697 | lr(main/disc) 7.00e-05/3.50e-05 | 79.8s
2026-08-22 09:05:56 | Epoch 029/100 | loss 1.5436 | cls 1.2941 | tal -0.1982 | dual_g 0.3089 | dual_d 1.1140 | train_acc 0.9792 | train_full 0.9183 | val_acc 0.9250 | val_f1 0.8968 | grad(main/disc) 3.885/1.642 | lr(main/disc) 7.00e-05/3.50e-05 | 74.5s
2026-08-22 09:07:11 | Epoch 030/100 | loss 1.5495 | cls 1.2964 | tal -0.1696 | dual_g 0.3040 | dual_d 1.1438 | train_acc 0.9812 | train_full 0.9570 | val_acc 0.9417 | val_f1 0.9259 | grad(main/disc) 4.060/1.626 | lr(main/disc) 7.00e-05/3.50e-05 | 75.2s
2026-08-22 09:08:30 | Epoch 031/100 | loss 1.5329 | cls 1.2942 | tal -0.2103 | dual_g 0.3018 | dual_d 1.1040 | train_acc 0.9854 | train_full 0.9269 | val_acc 0.9167 | val_f1 0.8935 | grad(main/disc) 4.375/1.611 | lr(main/disc) 7.00e-05/3.50e-05 | 78.4s
2026-08-22 09:09:45 | Epoch 032/100 | loss 1.5387 | cls 1.2991 | tal -0.2082 | dual_g 0.3020 | dual_d 1.1040 | train_acc 0.9833 | train_full 0.9806 | val_acc 0.9500 | val_f1 0.9258 | grad(main/disc) 4.329/1.559 | lr(main/disc) 7.00e-05/3.50e-05 | 75.6s
2026-08-22 09:11:02 | Epoch 033/100 | loss 1.5299 | cls 1.3008 | tal -0.2300 | dual_g 0.2981 | dual_d 1.0890 | train_acc 0.9875 | train_full 0.9140 | val_acc 0.9000 | val_f1 0.8850 | grad(main/disc) 4.572/1.578 | lr(main/disc) 3.50e-05/1.75e-05 | 77.0s
2026-08-22 09:12:20 | Epoch 034/100 | loss 1.5050 | cls 1.2872 | tal -0.2438 | dual_g 0.2910 | dual_d 1.0975 | train_acc 0.9917 | train_full 0.9505 | val_acc 0.9250 | val_f1 0.9092 | grad(main/disc) 3.800/1.602 | lr(main/disc) 3.50e-05/1.75e-05 | 77.7s
2026-08-22 09:13:39 | Epoch 035/100 | loss 1.4939 | cls 1.2815 | tal -0.2497 | dual_g 0.2873 | dual_d 1.0775 | train_acc 0.9875 | train_full 0.9849 | val_acc 0.9667 | val_f1 0.9466 | grad(main/disc) 3.971/1.527 | lr(main/disc) 3.50e-05/1.75e-05 | 78.7s
2026-08-22 09:13:39 | New best val_f1_macro_present: 0.9466 at epoch 35
2026-08-22 09:14:57 | Epoch 036/100 | loss 1.4982 | cls 1.2816 | tal -0.2375 | dual_g 0.2878 | dual_d 1.0687 | train_acc 0.9833 | train_full 0.9634 | val_acc 0.9417 | val_f1 0.9290 | grad(main/disc) 4.126/1.527 | lr(main/disc) 3.50e-05/1.75e-05 | 78.4s
2026-08-22 09:16:13 | Epoch 037/100 | loss 1.4821 | cls 1.2612 | tal -0.2097 | dual_g 0.2838 | dual_d 1.0616 | train_acc 0.9875 | train_full 0.9613 | val_acc 0.9333 | val_f1 0.9311 | grad(main/disc) 3.409/1.491 | lr(main/disc) 3.50e-05/1.75e-05 | 75.2s
2026-08-22 09:17:28 | Epoch 038/100 | loss 1.4891 | cls 1.2698 | tal -0.2095 | dual_g 0.2821 | dual_d 1.0479 | train_acc 0.9938 | train_full 0.9634 | val_acc 0.9583 | val_f1 0.9355 | grad(main/disc) 3.846/1.497 | lr(main/disc) 3.50e-05/1.75e-05 | 75.9s
2026-08-22 09:18:45 | Epoch 039/100 | loss 1.4757 | cls 1.2768 | tal -0.2720 | dual_g 0.2805 | dual_d 1.0666 | train_acc 0.9875 | train_full 0.9634 | val_acc 0.9583 | val_f1 0.9401 | grad(main/disc) 3.543/1.507 | lr(main/disc) 3.50e-05/1.75e-05 | 77.0s
2026-08-22 09:20:03 | Epoch 040/100 | loss 1.4712 | cls 1.2648 | tal -0.2412 | dual_g 0.2788 | dual_d 1.0661 | train_acc 0.9979 | train_full 0.9720 | val_acc 0.9667 | val_f1 0.9466 | grad(main/disc) 3.336/1.519 | lr(main/disc) 3.50e-05/1.75e-05 | 77.5s
2026-08-22 09:21:17 | Epoch 041/100 | loss 1.4604 | cls 1.2681 | tal -0.2825 | dual_g 0.2770 | dual_d 1.0389 | train_acc 0.9958 | train_full 0.9720 | val_acc 0.9667 | val_f1 0.9557 | grad(main/disc) 3.514/1.453 | lr(main/disc) 3.50e-05/1.75e-05 | 73.6s
2026-08-22 09:21:17 | New best val_f1_macro_present: 0.9557 at epoch 41
2026-08-22 09:22:37 | Epoch 042/100 | loss 1.4654 | cls 1.2680 | tal -0.2728 | dual_g 0.2793 | dual_d 1.0972 | train_acc 0.9875 | train_full 0.9720 | val_acc 0.9667 | val_f1 0.9557 | grad(main/disc) 3.502/1.543 | lr(main/disc) 3.50e-05/1.75e-05 | 80.2s
2026-08-22 09:23:53 | Epoch 043/100 | loss 1.4289 | cls 1.2394 | tal -0.2776 | dual_g 0.2729 | dual_d 1.0767 | train_acc 0.9979 | train_full 0.9720 | val_acc 0.9667 | val_f1 0.9466 | grad(main/disc) 2.641/1.487 | lr(main/disc) 3.50e-05/1.75e-05 | 76.1s
2026-08-22 09:25:12 | Epoch 044/100 | loss 1.4363 | cls 1.2458 | tal -0.2642 | dual_g 0.2697 | dual_d 1.0217 | train_acc 0.9938 | train_full 0.9742 | val_acc 0.9667 | val_f1 0.9557 | grad(main/disc) 2.942/1.465 | lr(main/disc) 3.50e-05/1.75e-05 | 78.9s
2026-08-22 09:26:30 | Epoch 045/100 | loss 1.4410 | cls 1.2487 | tal -0.2633 | dual_g 0.2713 | dual_d 1.0495 | train_acc 0.9938 | train_full 0.9484 | val_acc 0.9667 | val_f1 0.9489 | grad(main/disc) 2.818/1.435 | lr(main/disc) 3.50e-05/1.75e-05 | 77.9s
2026-08-22 09:27:48 | Epoch 046/100 | loss 1.4344 | cls 1.2417 | tal -0.2571 | dual_g 0.2699 | dual_d 1.0416 | train_acc 0.9896 | train_full 0.9763 | val_acc 0.9667 | val_f1 0.9466 | grad(main/disc) 2.896/1.455 | lr(main/disc) 3.50e-05/1.75e-05 | 77.6s
2026-08-22 09:29:04 | Epoch 047/100 | loss 1.4356 | cls 1.2470 | tal -0.2689 | dual_g 0.2693 | dual_d 1.0701 | train_acc 0.9938 | train_full 0.9763 | val_acc 0.9667 | val_f1 0.9557 | grad(main/disc) 3.113/1.490 | lr(main/disc) 3.50e-05/1.75e-05 | 76.9s
2026-08-22 09:30:22 | Epoch 048/100 | loss 1.4169 | cls 1.2320 | tal -0.2745 | dual_g 0.2673 | dual_d 1.0346 | train_acc 0.9979 | train_full 0.9742 | val_acc 0.9667 | val_f1 0.9466 | grad(main/disc) 2.739/1.486 | lr(main/disc) 1.75e-05/8.75e-06 | 77.8s
2026-08-22 09:31:39 | Epoch 049/100 | loss 1.4264 | cls 1.2394 | tal -0.2705 | dual_g 0.2682 | dual_d 1.0412 | train_acc 0.9938 | train_full 0.9699 | val_acc 0.9583 | val_f1 0.9355 | grad(main/disc) 2.921/1.439 | lr(main/disc) 1.75e-05/8.75e-06 | 76.9s
2026-08-22 09:32:58 | Epoch 050/100 | loss 1.4173 | cls 1.2402 | tal -0.2848 | dual_g 0.2626 | dual_d 1.0508 | train_acc 0.9958 | train_full 0.9505 | val_acc 0.9333 | val_f1 0.9171 | grad(main/disc) 2.730/1.441 | lr(main/disc) 1.75e-05/8.75e-06 | 79.3s
2026-08-22 09:32:58 | Early stopping at epoch 50 after 9 epochs without val_f1_macro_present improvement.
2026-08-22 09:32:58 | Training complete. Best validation accuracy: 0.9667 | best val_f1_macro_present: 0.9557
2026-08-22 09:32:58 | Starting Dual_D standalone training
2026-08-22 09:32:58 | Run directory: runs/module_c_ablation/module_c_no_classification_feedback_黑天_iter02_20260822_082835
2026-08-22 09:32:58 | Device: cuda
2026-08-22 09:32:58 | Source train samples: 992
2026-08-22 09:32:58 | Target train samples: 465
2026-08-22 09:32:58 | Target val samples: 120
2026-08-22 09:32:58 | Classes: 14
2026-08-22 09:32:58 | Data audit: same_dir=False | path_overlap(vis/ir/ais)=0/0/0 | content_overlap(vis/ir/ais)=0/0/0 | ais_index_overlap=0 | stem_mismatch(vis-ir/vis-ais)=578/0
2026-08-22 09:32:58 | source_train classes: present 14/14 | absent 0 | counts [0:120, 1:44, 2:69, 3:45, 4:40, 5:30, 6:64, 7:80, 8:116, 9:68, 10:57, 11:83, 12:48, 13:128]
2026-08-22 09:32:58 | target_train classes: present 8/14 | absent 6 | counts [0:100, 2:11, 3:16, 6:89, 9:162, 10:12, 11:44, 13:31]
2026-08-22 09:32:58 | target_val classes: present 8/14 | absent 6 | counts [0:26, 2:3, 3:5, 6:23, 9:41, 10:3, 11:11, 13:8]
2026-08-22 09:32:58 | Paired training classes: 8/14 | class ids [0, 2, 3, 6, 9, 10, 11, 13]
2026-08-22 09:32:58 | VIS/IR pairing: class-level-unpaired | count-mismatch classes train/val: 10/0 | AIS alignment: none | AIS rows train/val: 0/0
2026-08-22 09:32:59 | Model parameters: total=17277714 | trainable=17120210
Starting run 2/12: domain=黑天, iteration=2, seed=43
2026-08-22 09:34:15 | Epoch 001/100 | loss 5.5843 | cls 4.9340 | tal 0.1171 | dual_g 0.6152 | dual_d 0.0000 | train_acc 0.1313 | train_full 0.3290 | val_acc 0.2417 | val_f1 0.0932 | grad(main/disc) 20.319/0.000 | lr(main/disc) 7.00e-05/3.50e-05 | 76.2s
2026-08-22 09:34:15 | New best val_f1_macro_present: 0.0932 at epoch 1
2026-08-22 09:35:32 | Epoch 002/100 | loss 4.3415 | cls 3.7329 | tal 0.0781 | dual_g 0.5852 | dual_d 0.0000 | train_acc 0.3000 | train_full 0.1763 | val_acc 0.1583 | val_f1 0.1064 | grad(main/disc) 15.772/0.000 | lr(main/disc) 7.00e-05/3.50e-05 | 76.2s
2026-08-22 09:35:32 | New best val_f1_macro_present: 0.1064 at epoch 2
2026-08-22 09:36:51 | Epoch 003/100 | loss 3.7627 | cls 3.2121 | tal -0.0253 | dual_g 0.5582 | dual_d 0.0000 | train_acc 0.4229 | train_full 0.4151 | val_acc 0.3750 | val_f1 0.4628 | grad(main/disc) 14.759/0.000 | lr(main/disc) 7.00e-05/3.50e-05 | 79.3s
2026-08-22 09:36:52 | New best val_f1_macro_present: 0.4628 at epoch 3
2026-08-22 09:38:11 | Epoch 004/100 | loss 3.3113 | cls 2.7769 | tal 0.0001 | dual_g 0.5344 | dual_d 0.0000 | train_acc 0.5479 | train_full 0.5054 | val_acc 0.4833 | val_f1 0.5146 | grad(main/disc) 14.055/0.000 | lr(main/disc) 7.00e-05/3.50e-05 | 79.3s
2026-08-22 09:38:11 | New best val_f1_macro_present: 0.5146 at epoch 4
2026-08-22 09:39:28 | Epoch 005/100 | loss 2.9553 | cls 2.4454 | tal -0.0228 | dual_g 0.5167 | dual_d 0.0000 | train_acc 0.6396 | train_full 0.5656 | val_acc 0.6000 | val_f1 0.6105 | grad(main/disc) 13.762/0.000 | lr(main/disc) 7.00e-05/3.50e-05 | 77.0s
2026-08-22 09:39:28 | New best val_f1_macro_present: 0.6105 at epoch 5
2026-08-22 09:40:47 | Epoch 006/100 | loss 2.8182 | cls 2.3359 | tal -0.0810 | dual_g 0.5066 | dual_d 0.9502 | train_acc 0.6625 | train_full 0.6710 | val_acc 0.6250 | val_f1 0.6495 | grad(main/disc) 13.118/1.897 | lr(main/disc) 7.00e-05/3.50e-05 | 79.0s
2026-08-22 09:40:48 | New best val_f1_macro_present: 0.6495 at epoch 6
2026-08-22 09:42:06 | Epoch 007/100 | loss 2.6654 | cls 2.1925 | tal -0.0342 | dual_g 0.4831 | dual_d 0.8906 | train_acc 0.7354 | train_full 0.7032 | val_acc 0.6833 | val_f1 0.6455 | grad(main/disc) 12.505/1.778 | lr(main/disc) 7.00e-05/3.50e-05 | 78.0s
2026-08-22 09:43:23 | Epoch 008/100 | loss 2.5148 | cls 2.0594 | tal -0.0669 | dual_g 0.4754 | dual_d 0.8623 | train_acc 0.7667 | train_full 0.7312 | val_acc 0.7083 | val_f1 0.6936 | grad(main/disc) 11.878/1.745 | lr(main/disc) 7.00e-05/3.50e-05 | 77.0s
2026-08-22 09:43:23 | New best val_f1_macro_present: 0.6936 at epoch 8
2026-08-22 09:44:38 | Epoch 009/100 | loss 2.3723 | cls 1.9183 | tal -0.0292 | dual_g 0.4627 | dual_d 0.8460 | train_acc 0.8083 | train_full 0.8516 | val_acc 0.8083 | val_f1 0.7851 | grad(main/disc) 11.944/1.674 | lr(main/disc) 7.00e-05/3.50e-05 | 75.0s
2026-08-22 09:44:38 | New best val_f1_macro_present: 0.7851 at epoch 9
2026-08-22 09:45:55 | Epoch 010/100 | loss 2.2686 | cls 1.8369 | tal -0.0665 | dual_g 0.4517 | dual_d 0.8940 | train_acc 0.8250 | train_full 0.8387 | val_acc 0.8083 | val_f1 0.7643 | grad(main/disc) 11.059/1.647 | lr(main/disc) 7.00e-05/3.50e-05 | 76.4s
2026-08-22 09:47:13 | Epoch 011/100 | loss 2.1851 | cls 1.7457 | tal -0.0264 | dual_g 0.4473 | dual_d 0.9212 | train_acc 0.8479 | train_full 0.7806 | val_acc 0.7500 | val_f1 0.7354 | grad(main/disc) 10.789/1.622 | lr(main/disc) 7.00e-05/3.50e-05 | 77.9s
2026-08-22 09:48:29 | Epoch 012/100 | loss 2.0559 | cls 1.6299 | tal -0.0341 | dual_g 0.4362 | dual_d 0.9018 | train_acc 0.8958 | train_full 0.8624 | val_acc 0.8250 | val_f1 0.7907 | grad(main/disc) 8.931/1.583 | lr(main/disc) 7.00e-05/3.50e-05 | 76.3s
2026-08-22 09:48:29 | New best val_f1_macro_present: 0.7907 at epoch 12
2026-08-22 09:49:46 | Epoch 013/100 | loss 2.0174 | cls 1.6115 | tal -0.0512 | dual_g 0.4213 | dual_d 0.9135 | train_acc 0.9042 | train_full 0.8645 | val_acc 0.8250 | val_f1 0.7837 | grad(main/disc) 9.298/1.572 | lr(main/disc) 7.00e-05/3.50e-05 | 77.0s
2026-08-22 09:51:03 | Epoch 014/100 | loss 1.9762 | cls 1.5905 | tal -0.0744 | dual_g 0.4080 | dual_d 0.9063 | train_acc 0.9271 | train_full 0.8452 | val_acc 0.8000 | val_f1 0.7828 | grad(main/disc) 9.313/1.517 | lr(main/disc) 7.00e-05/3.50e-05 | 76.9s
2026-08-22 09:52:21 | Epoch 015/100 | loss 1.9326 | cls 1.5507 | tal -0.0952 | dual_g 0.4105 | dual_d 0.9476 | train_acc 0.9292 | train_full 0.8989 | val_acc 0.8500 | val_f1 0.8229 | grad(main/disc) 9.096/1.541 | lr(main/disc) 7.00e-05/3.50e-05 | 77.8s
2026-08-22 09:52:21 | New best val_f1_macro_present: 0.8229 at epoch 15
2026-08-22 09:53:39 | Epoch 016/100 | loss 1.8988 | cls 1.5396 | tal -0.1343 | dual_g 0.3995 | dual_d 0.9379 | train_acc 0.9146 | train_full 0.8452 | val_acc 0.7833 | val_f1 0.7681 | grad(main/disc) 8.682/1.498 | lr(main/disc) 7.00e-05/3.50e-05 | 77.4s
2026-08-22 09:54:56 | Epoch 017/100 | loss 1.8169 | cls 1.4704 | tal -0.1355 | dual_g 0.3872 | dual_d 0.9635 | train_acc 0.9292 | train_full 0.9290 | val_acc 0.8667 | val_f1 0.8423 | grad(main/disc) 7.888/1.482 | lr(main/disc) 7.00e-05/3.50e-05 | 77.7s
2026-08-22 09:54:57 | New best val_f1_macro_present: 0.8423 at epoch 17
2026-08-22 09:56:14 | Epoch 018/100 | loss 1.8023 | cls 1.4698 | tal -0.1729 | dual_g 0.3844 | dual_d 0.9688 | train_acc 0.9354 | train_full 0.8022 | val_acc 0.7500 | val_f1 0.7682 | grad(main/disc) 7.752/1.480 | lr(main/disc) 7.00e-05/3.50e-05 | 77.0s
2026-08-22 09:57:31 | Epoch 019/100 | loss 1.7474 | cls 1.4304 | tal -0.1887 | dual_g 0.3736 | dual_d 1.0019 | train_acc 0.9521 | train_full 0.9118 | val_acc 0.8417 | val_f1 0.8203 | grad(main/disc) 7.227/1.511 | lr(main/disc) 7.00e-05/3.50e-05 | 76.8s
2026-08-22 09:58:45 | Epoch 020/100 | loss 1.7113 | cls 1.4002 | tal -0.1609 | dual_g 0.3593 | dual_d 0.9966 | train_acc 0.9646 | train_full 0.9398 | val_acc 0.8500 | val_f1 0.8194 | grad(main/disc) 6.260/1.476 | lr(main/disc) 7.00e-05/3.50e-05 | 74.3s
2026-08-22 10:00:01 | Epoch 021/100 | loss 1.7150 | cls 1.4020 | tal -0.1551 | dual_g 0.3596 | dual_d 1.0228 | train_acc 0.9500 | train_full 0.8667 | val_acc 0.8250 | val_f1 0.7951 | grad(main/disc) 6.577/1.475 | lr(main/disc) 7.00e-05/3.50e-05 | 75.8s
2026-08-22 10:01:15 | Epoch 022/100 | loss 1.7031 | cls 1.4193 | tal -0.2153 | dual_g 0.3484 | dual_d 1.0541 | train_acc 0.9688 | train_full 0.9290 | val_acc 0.8500 | val_f1 0.8217 | grad(main/disc) 6.672/1.507 | lr(main/disc) 7.00e-05/3.50e-05 | 74.5s
2026-08-22 10:02:30 | Epoch 023/100 | loss 1.6869 | cls 1.3906 | tal -0.1847 | dual_g 0.3517 | dual_d 1.0153 | train_acc 0.9583 | train_full 0.9054 | val_acc 0.8250 | val_f1 0.8097 | grad(main/disc) 6.645/1.435 | lr(main/disc) 7.00e-05/3.50e-05 | 75.1s
2026-08-22 10:03:48 | Epoch 024/100 | loss 1.6489 | cls 1.3575 | tal -0.1588 | dual_g 0.3390 | dual_d 1.0322 | train_acc 0.9792 | train_full 0.9204 | val_acc 0.8083 | val_f1 0.7833 | grad(main/disc) 5.733/1.446 | lr(main/disc) 3.50e-05/1.75e-05 | 77.6s
2026-08-22 10:05:04 | Epoch 025/100 | loss 1.6207 | cls 1.3276 | tal -0.1451 | dual_g 0.3367 | dual_d 1.0499 | train_acc 0.9896 | train_full 0.8860 | val_acc 0.8167 | val_f1 0.8004 | grad(main/disc) 4.535/1.461 | lr(main/disc) 3.50e-05/1.75e-05 | 75.9s
2026-08-22 10:06:20 | Epoch 026/100 | loss 1.6038 | cls 1.3292 | tal -0.1764 | dual_g 0.3275 | dual_d 1.0407 | train_acc 0.9812 | train_full 0.8925 | val_acc 0.8250 | val_f1 0.8001 | grad(main/disc) 4.491/1.440 | lr(main/disc) 3.50e-05/1.75e-05 | 76.6s
2026-08-22 10:06:20 | Early stopping at epoch 26 after 9 epochs without val_f1_macro_present improvement.
2026-08-22 10:06:20 | Training complete. Best validation accuracy: 0.8667 | best val_f1_macro_present: 0.8423
2026-08-22 10:06:20 | Starting Dual_D standalone training
2026-08-22 10:06:20 | Run directory: runs/module_c_ablation/module_c_no_classification_feedback_黑天_iter03_20260822_082835
2026-08-22 10:06:20 | Device: cuda
2026-08-22 10:06:20 | Source train samples: 992
2026-08-22 10:06:20 | Target train samples: 465
2026-08-22 10:06:20 | Target val samples: 120
2026-08-22 10:06:20 | Classes: 14
2026-08-22 10:06:20 | Data audit: same_dir=False | path_overlap(vis/ir/ais)=0/0/0 | content_overlap(vis/ir/ais)=0/0/0 | ais_index_overlap=0 | stem_mismatch(vis-ir/vis-ais)=578/0
2026-08-22 10:06:20 | source_train classes: present 14/14 | absent 0 | counts [0:120, 1:44, 2:69, 3:45, 4:40, 5:30, 6:64, 7:80, 8:116, 9:68, 10:57, 11:83, 12:48, 13:128]
2026-08-22 10:06:20 | target_train classes: present 8/14 | absent 6 | counts [0:100, 2:11, 3:16, 6:89, 9:162, 10:12, 11:44, 13:31]
2026-08-22 10:06:20 | target_val classes: present 8/14 | absent 6 | counts [0:26, 2:3, 3:5, 6:23, 9:41, 10:3, 11:11, 13:8]
2026-08-22 10:06:20 | Paired training classes: 8/14 | class ids [0, 2, 3, 6, 9, 10, 11, 13]
2026-08-22 10:06:20 | VIS/IR pairing: class-level-unpaired | count-mismatch classes train/val: 10/0 | AIS alignment: none | AIS rows train/val: 0/0
2026-08-22 10:06:21 | Model parameters: total=17277714 | trainable=17120210
Starting run 3/12: domain=黑天, iteration=3, seed=44
2026-08-22 10:07:37 | Epoch 001/100 | loss 5.3850 | cls 4.7150 | tal 0.2016 | dual_g 0.6095 | dual_d 0.0000 | train_acc 0.1250 | train_full 0.0839 | val_acc 0.1250 | val_f1 0.0708 | grad(main/disc) 19.284/0.000 | lr(main/disc) 7.00e-05/3.50e-05 | 76.2s
2026-08-22 10:07:38 | New best val_f1_macro_present: 0.0708 at epoch 1
2026-08-22 10:08:59 | Epoch 002/100 | loss 4.2833 | cls 3.7342 | tal -0.0981 | dual_g 0.5786 | dual_d 0.0000 | train_acc 0.2396 | train_full 0.2688 | val_acc 0.2417 | val_f1 0.2654 | grad(main/disc) 15.326/0.000 | lr(main/disc) 7.00e-05/3.50e-05 | 80.8s
2026-08-22 10:08:59 | New best val_f1_macro_present: 0.2654 at epoch 2
2026-08-22 10:10:14 | Epoch 003/100 | loss 3.7571 | cls 3.2605 | tal -0.1934 | dual_g 0.5545 | dual_d 0.0000 | train_acc 0.4375 | train_full 0.3161 | val_acc 0.3333 | val_f1 0.3811 | grad(main/disc) 14.435/0.000 | lr(main/disc) 7.00e-05/3.50e-05 | 75.0s
2026-08-22 10:10:14 | New best val_f1_macro_present: 0.3811 at epoch 3
2026-08-22 10:11:33 | Epoch 004/100 | loss 3.3211 | cls 2.8365 | tal -0.1469 | dual_g 0.5287 | dual_d 0.0000 | train_acc 0.5375 | train_full 0.5097 | val_acc 0.5500 | val_f1 0.5509 | grad(main/disc) 13.755/0.000 | lr(main/disc) 7.00e-05/3.50e-05 | 78.4s
2026-08-22 10:11:33 | New best val_f1_macro_present: 0.5509 at epoch 4
2026-08-22 10:12:47 | Epoch 005/100 | loss 3.0389 | cls 2.5619 | tal -0.1147 | dual_g 0.5114 | dual_d 0.0000 | train_acc 0.6021 | train_full 0.6215 | val_acc 0.6667 | val_f1 0.6550 | grad(main/disc) 13.566/0.000 | lr(main/disc) 7.00e-05/3.50e-05 | 73.9s
2026-08-22 10:12:47 | New best val_f1_macro_present: 0.6550 at epoch 5
2026-08-22 10:14:07 | Epoch 006/100 | loss 2.8166 | cls 2.3405 | tal -0.0733 | dual_g 0.4981 | dual_d 0.8903 | train_acc 0.6521 | train_full 0.6903 | val_acc 0.7000 | val_f1 0.7012 | grad(main/disc) 13.292/1.756 | lr(main/disc) 7.00e-05/3.50e-05 | 80.0s
2026-08-22 10:14:07 | New best val_f1_macro_present: 0.7012 at epoch 6
2026-08-22 10:15:23 | Epoch 007/100 | loss 2.6835 | cls 2.2236 | tal -0.0951 | dual_g 0.4884 | dual_d 0.8160 | train_acc 0.7188 | train_full 0.6473 | val_acc 0.6917 | val_f1 0.6810 | grad(main/disc) 13.024/1.643 | lr(main/disc) 7.00e-05/3.50e-05 | 75.6s
2026-08-22 10:16:43 | Epoch 008/100 | loss 2.5339 | cls 2.0718 | tal -0.0555 | dual_g 0.4787 | dual_d 0.8573 | train_acc 0.7500 | train_full 0.6559 | val_acc 0.6917 | val_f1 0.6987 | grad(main/disc) 12.378/1.702 | lr(main/disc) 7.00e-05/3.50e-05 | 80.2s
2026-08-22 10:18:01 | Epoch 009/100 | loss 2.4468 | cls 2.0045 | tal -0.0841 | dual_g 0.4676 | dual_d 0.8079 | train_acc 0.7688 | train_full 0.7720 | val_acc 0.7833 | val_f1 0.7556 | grad(main/disc) 11.652/1.566 | lr(main/disc) 7.00e-05/3.50e-05 | 77.4s
2026-08-22 10:18:01 | New best val_f1_macro_present: 0.7556 at epoch 9
2026-08-22 10:19:15 | Epoch 010/100 | loss 2.2434 | cls 1.8076 | tal -0.0555 | dual_g 0.4525 | dual_d 0.8137 | train_acc 0.8063 | train_full 0.8559 | val_acc 0.8333 | val_f1 0.8143 | grad(main/disc) 10.333/1.568 | lr(main/disc) 7.00e-05/3.50e-05 | 74.3s
2026-08-22 10:19:16 | New best val_f1_macro_present: 0.8143 at epoch 10
2026-08-22 10:20:33 | Epoch 011/100 | loss 2.2371 | cls 1.8132 | tal -0.0779 | dual_g 0.4473 | dual_d 0.7729 | train_acc 0.8208 | train_full 0.8731 | val_acc 0.8583 | val_f1 0.8345 | grad(main/disc) 10.610/1.464 | lr(main/disc) 7.00e-05/3.50e-05 | 77.2s
2026-08-22 10:20:33 | New best val_f1_macro_present: 0.8345 at epoch 11
2026-08-22 10:21:50 | Epoch 012/100 | loss 2.1705 | cls 1.7650 | tal -0.1188 | dual_g 0.4412 | dual_d 0.7604 | train_acc 0.8458 | train_full 0.8645 | val_acc 0.8417 | val_f1 0.8097 | grad(main/disc) 10.227/1.406 | lr(main/disc) 7.00e-05/3.50e-05 | 76.5s
2026-08-22 10:23:09 | Epoch 013/100 | loss 2.0939 | cls 1.6835 | tal -0.0795 | dual_g 0.4342 | dual_d 0.8152 | train_acc 0.8562 | train_full 0.9183 | val_acc 0.8917 | val_f1 0.8535 | grad(main/disc) 10.850/1.435 | lr(main/disc) 7.00e-05/3.50e-05 | 79.1s
2026-08-22 10:23:09 | New best val_f1_macro_present: 0.8535 at epoch 13
2026-08-22 10:24:26 | Epoch 014/100 | loss 2.0104 | cls 1.6198 | tal -0.1142 | dual_g 0.4248 | dual_d 0.8196 | train_acc 0.8875 | train_full 0.9161 | val_acc 0.8667 | val_f1 0.8290 | grad(main/disc) 9.066/1.431 | lr(main/disc) 7.00e-05/3.50e-05 | 77.4s
2026-08-22 10:25:46 | Epoch 015/100 | loss 1.9376 | cls 1.5653 | tal -0.1124 | dual_g 0.4060 | dual_d 0.8453 | train_acc 0.9187 | train_full 0.8989 | val_acc 0.8333 | val_f1 0.7955 | grad(main/disc) 9.385/1.419 | lr(main/disc) 7.00e-05/3.50e-05 | 79.4s
2026-08-22 10:27:03 | Epoch 016/100 | loss 1.8426 | cls 1.4853 | tal -0.1427 | dual_g 0.4001 | dual_d 0.8674 | train_acc 0.9333 | train_full 0.9290 | val_acc 0.8917 | val_f1 0.8579 | grad(main/disc) 7.581/1.436 | lr(main/disc) 7.00e-05/3.50e-05 | 76.8s
2026-08-22 10:27:03 | New best val_f1_macro_present: 0.8579 at epoch 16
2026-08-22 10:28:20 | Epoch 017/100 | loss 1.9092 | cls 1.5546 | tal -0.1459 | dual_g 0.3984 | dual_d 0.8739 | train_acc 0.9083 | train_full 0.8989 | val_acc 0.8750 | val_f1 0.8480 | grad(main/disc) 9.290/1.450 | lr(main/disc) 7.00e-05/3.50e-05 | 77.3s
2026-08-22 10:29:39 | Epoch 018/100 | loss 1.8264 | cls 1.4728 | tal -0.1360 | dual_g 0.3944 | dual_d 0.8954 | train_acc 0.9375 | train_full 0.9290 | val_acc 0.8667 | val_f1 0.8343 | grad(main/disc) 7.498/1.437 | lr(main/disc) 7.00e-05/3.50e-05 | 78.7s
2026-08-22 10:30:57 | Epoch 019/100 | loss 1.8235 | cls 1.4734 | tal -0.1434 | dual_g 0.3931 | dual_d 0.8638 | train_acc 0.9333 | train_full 0.9613 | val_acc 0.9167 | val_f1 0.9055 | grad(main/disc) 7.708/1.367 | lr(main/disc) 7.00e-05/3.50e-05 | 78.3s
2026-08-22 10:30:58 | New best val_f1_macro_present: 0.9055 at epoch 19
2026-08-22 10:32:17 | Epoch 020/100 | loss 1.7899 | cls 1.4523 | tal -0.1458 | dual_g 0.3813 | dual_d 0.8974 | train_acc 0.9292 | train_full 0.9183 | val_acc 0.8833 | val_f1 0.8538 | grad(main/disc) 6.682/1.407 | lr(main/disc) 7.00e-05/3.50e-05 | 79.8s
2026-08-22 10:33:33 | Epoch 021/100 | loss 1.7222 | cls 1.4051 | tal -0.1751 | dual_g 0.3696 | dual_d 0.9178 | train_acc 0.9563 | train_full 0.9484 | val_acc 0.8917 | val_f1 0.8676 | grad(main/disc) 6.268/1.431 | lr(main/disc) 7.00e-05/3.50e-05 | 76.1s
2026-08-22 10:34:50 | Epoch 022/100 | loss 1.7056 | cls 1.4001 | tal -0.1976 | dual_g 0.3647 | dual_d 0.9337 | train_acc 0.9563 | train_full 0.9484 | val_acc 0.9250 | val_f1 0.8863 | grad(main/disc) 6.404/1.432 | lr(main/disc) 7.00e-05/3.50e-05 | 76.5s
2026-08-22 10:36:09 | Epoch 023/100 | loss 1.6934 | cls 1.3846 | tal -0.1759 | dual_g 0.3615 | dual_d 0.9703 | train_acc 0.9812 | train_full 0.9806 | val_acc 0.9500 | val_f1 0.9357 | grad(main/disc) 6.073/1.491 | lr(main/disc) 7.00e-05/3.50e-05 | 78.8s
2026-08-22 10:36:09 | New best val_f1_macro_present: 0.9357 at epoch 23
2026-08-22 10:37:24 | Epoch 024/100 | loss 1.6662 | cls 1.3631 | tal -0.1651 | dual_g 0.3527 | dual_d 0.9881 | train_acc 0.9833 | train_full 0.9634 | val_acc 0.9333 | val_f1 0.9114 | grad(main/disc) 5.472/1.454 | lr(main/disc) 7.00e-05/3.50e-05 | 75.1s
2026-08-22 10:38:41 | Epoch 025/100 | loss 1.6478 | cls 1.3547 | tal -0.1793 | dual_g 0.3469 | dual_d 0.9911 | train_acc 0.9854 | train_full 0.9570 | val_acc 0.9417 | val_f1 0.9405 | grad(main/disc) 5.305/1.432 | lr(main/disc) 7.00e-05/3.50e-05 | 77.0s
2026-08-22 10:38:41 | New best val_f1_macro_present: 0.9405 at epoch 25
2026-08-22 10:39:57 | Epoch 026/100 | loss 1.6099 | cls 1.3326 | tal -0.2147 | dual_g 0.3417 | dual_d 1.0096 | train_acc 0.9833 | train_full 0.9355 | val_acc 0.9000 | val_f1 0.8666 | grad(main/disc) 4.893/1.436 | lr(main/disc) 7.00e-05/3.50e-05 | 75.2s
2026-08-22 10:41:15 | Epoch 027/100 | loss 1.6169 | cls 1.3537 | tal -0.2539 | dual_g 0.3394 | dual_d 0.9673 | train_acc 0.9688 | train_full 0.9763 | val_acc 0.9583 | val_f1 0.9522 | grad(main/disc) 5.454/1.395 | lr(main/disc) 7.00e-05/3.50e-05 | 77.9s
2026-08-22 10:41:15 | New best val_f1_macro_present: 0.9522 at epoch 27
2026-08-22 10:42:32 | Epoch 028/100 | loss 1.5992 | cls 1.3292 | tal -0.2029 | dual_g 0.3309 | dual_d 0.9979 | train_acc 0.9875 | train_full 0.9570 | val_acc 0.9333 | val_f1 0.9080 | grad(main/disc) 4.615/1.352 | lr(main/disc) 7.00e-05/3.50e-05 | 77.1s
2026-08-22 10:43:49 | Epoch 029/100 | loss 1.5811 | cls 1.3216 | tal -0.2256 | dual_g 0.3271 | dual_d 1.0178 | train_acc 0.9771 | train_full 0.9570 | val_acc 0.9417 | val_f1 0.9155 | grad(main/disc) 4.713/1.449 | lr(main/disc) 7.00e-05/3.50e-05 | 76.8s
2026-08-22 10:45:07 | Epoch 030/100 | loss 1.5753 | cls 1.3116 | tal -0.1963 | dual_g 0.3226 | dual_d 0.9835 | train_acc 0.9875 | train_full 0.9849 | val_acc 0.9500 | val_f1 0.9242 | grad(main/disc) 4.307/1.401 | lr(main/disc) 7.00e-05/3.50e-05 | 78.6s
2026-08-22 10:46:22 | Epoch 031/100 | loss 1.5727 | cls 1.3153 | tal -0.2076 | dual_g 0.3196 | dual_d 1.0035 | train_acc 0.9938 | train_full 0.9699 | val_acc 0.9500 | val_f1 0.9142 | grad(main/disc) 4.446/1.427 | lr(main/disc) 7.00e-05/3.50e-05 | 75.0s
2026-08-22 10:47:37 | Epoch 032/100 | loss 1.5548 | cls 1.3166 | tal -0.2595 | dual_g 0.3160 | dual_d 1.0440 | train_acc 0.9938 | train_full 0.9806 | val_acc 0.9583 | val_f1 0.9505 | grad(main/disc) 4.603/1.464 | lr(main/disc) 7.00e-05/3.50e-05 | 75.0s
2026-08-22 10:48:56 | Epoch 033/100 | loss 1.5350 | cls 1.2992 | tal -0.2608 | dual_g 0.3141 | dual_d 0.9921 | train_acc 0.9875 | train_full 0.9849 | val_acc 0.9333 | val_f1 0.9302 | grad(main/disc) 3.989/1.418 | lr(main/disc) 7.00e-05/3.50e-05 | 78.9s
2026-08-22 10:50:12 | Epoch 034/100 | loss 1.5118 | cls 1.2831 | tal -0.2676 | dual_g 0.3090 | dual_d 0.9939 | train_acc 0.9938 | train_full 0.9591 | val_acc 0.9417 | val_f1 0.9218 | grad(main/disc) 3.695/1.410 | lr(main/disc) 3.50e-05/1.75e-05 | 75.9s
2026-08-22 10:51:23 | Epoch 035/100 | loss 1.5092 | cls 1.2809 | tal -0.2467 | dual_g 0.3023 | dual_d 0.9815 | train_acc 0.9917 | train_full 0.9849 | val_acc 0.9500 | val_f1 0.9458 | grad(main/disc) 3.354/1.367 | lr(main/disc) 3.50e-05/1.75e-05 | 70.9s
2026-08-22 10:52:39 | Epoch 036/100 | loss 1.4843 | cls 1.2756 | tal -0.2931 | dual_g 0.2967 | dual_d 1.0055 | train_acc 0.9875 | train_full 0.9935 | val_acc 0.9667 | val_f1 0.9569 | grad(main/disc) 3.506/1.419 | lr(main/disc) 3.50e-05/1.75e-05 | 75.6s
2026-08-22 10:52:39 | New best val_f1_macro_present: 0.9569 at epoch 36
2026-08-22 10:53:53 | Epoch 037/100 | loss 1.4808 | cls 1.2646 | tal -0.2602 | dual_g 0.2943 | dual_d 1.0711 | train_acc 0.9938 | train_full 0.9914 | val_acc 0.9583 | val_f1 0.9392 | grad(main/disc) 3.280/1.432 | lr(main/disc) 3.50e-05/1.75e-05 | 74.1s
2026-08-22 10:55:07 | Epoch 038/100 | loss 1.4820 | cls 1.2661 | tal -0.2598 | dual_g 0.2938 | dual_d 1.0173 | train_acc 0.9938 | train_full 0.9828 | val_acc 0.9750 | val_f1 0.9644 | grad(main/disc) 3.108/1.395 | lr(main/disc) 3.50e-05/1.75e-05 | 73.8s
2026-08-22 10:55:07 | New best val_f1_macro_present: 0.9644 at epoch 38
2026-08-22 10:56:26 | Epoch 039/100 | loss 1.4767 | cls 1.2697 | tal -0.2791 | dual_g 0.2908 | dual_d 1.0140 | train_acc 0.9938 | train_full 0.9957 | val_acc 0.9667 | val_f1 0.9531 | grad(main/disc) 3.396/1.363 | lr(main/disc) 3.50e-05/1.75e-05 | 78.3s
2026-08-22 10:57:42 | Epoch 040/100 | loss 1.4812 | cls 1.2737 | tal -0.2692 | dual_g 0.2882 | dual_d 0.9786 | train_acc 0.9833 | train_full 0.9914 | val_acc 0.9583 | val_f1 0.9483 | grad(main/disc) 3.472/1.327 | lr(main/disc) 3.50e-05/1.75e-05 | 76.4s
2026-08-22 10:58:56 | Epoch 041/100 | loss 1.4743 | cls 1.2644 | tal -0.2583 | dual_g 0.2874 | dual_d 1.0137 | train_acc 0.9875 | train_full 0.9935 | val_acc 0.9667 | val_f1 0.9569 | grad(main/disc) 3.454/1.342 | lr(main/disc) 3.50e-05/1.75e-05 | 74.1s
2026-08-22 11:00:12 | Epoch 042/100 | loss 1.4524 | cls 1.2566 | tal -0.2939 | dual_g 0.2840 | dual_d 0.9703 | train_acc 0.9917 | train_full 0.9892 | val_acc 0.9750 | val_f1 0.9626 | grad(main/disc) 3.308/1.316 | lr(main/disc) 3.50e-05/1.75e-05 | 76.4s
2026-08-22 11:01:27 | Epoch 043/100 | loss 1.4515 | cls 1.2582 | tal -0.3036 | dual_g 0.2843 | dual_d 0.9796 | train_acc 0.9958 | train_full 0.9720 | val_acc 0.9667 | val_f1 0.9579 | grad(main/disc) 3.681/1.282 | lr(main/disc) 3.50e-05/1.75e-05 | 74.9s
2026-08-22 11:02:45 | Epoch 044/100 | loss 1.4520 | cls 1.2574 | tal -0.2893 | dual_g 0.2813 | dual_d 0.9848 | train_acc 0.9979 | train_full 0.9914 | val_acc 0.9750 | val_f1 0.9626 | grad(main/disc) 3.168/1.334 | lr(main/disc) 3.50e-05/1.75e-05 | 77.3s
2026-08-22 11:04:00 | Epoch 045/100 | loss 1.4401 | cls 1.2481 | tal -0.2907 | dual_g 0.2792 | dual_d 0.9888 | train_acc 0.9979 | train_full 0.9935 | val_acc 0.9750 | val_f1 0.9535 | grad(main/disc) 2.972/1.304 | lr(main/disc) 1.75e-05/8.75e-06 | 75.1s
2026-08-22 11:05:13 | Epoch 046/100 | loss 1.4418 | cls 1.2646 | tal -0.3291 | dual_g 0.2759 | dual_d 0.9898 | train_acc 0.9833 | train_full 0.9935 | val_acc 0.9667 | val_f1 0.9557 | grad(main/disc) 3.124/1.300 | lr(main/disc) 1.75e-05/8.75e-06 | 73.1s
2026-08-22 11:06:28 | Epoch 047/100 | loss 1.4487 | cls 1.2508 | tal -0.2668 | dual_g 0.2779 | dual_d 1.0085 | train_acc 0.9958 | train_full 0.9914 | val_acc 0.9667 | val_f1 0.9557 | grad(main/disc) 3.126/1.319 | lr(main/disc) 1.75e-05/8.75e-06 | 75.1s
2026-08-22 11:06:28 | Early stopping at epoch 47 after 9 epochs without val_f1_macro_present improvement.
2026-08-22 11:06:28 | Training complete. Best validation accuracy: 0.9750 | best val_f1_macro_present: 0.9644
2026-08-22 11:06:28 | Starting Dual_D standalone training
2026-08-22 11:06:28 | Run directory: runs/module_c_ablation/module_c_no_classification_feedback_逆光_iter01_20260822_082835
2026-08-22 11:06:28 | Device: cuda
2026-08-22 11:06:28 | Source train samples: 992
2026-08-22 11:06:28 | Target train samples: 132
2026-08-22 11:06:28 | Target val samples: 37
2026-08-22 11:06:28 | Classes: 14
2026-08-22 11:06:28 | Data audit: same_dir=False | path_overlap(vis/ir/ais)=0/0/0 | content_overlap(vis/ir/ais)=0/0/0 | ais_index_overlap=0 | stem_mismatch(vis-ir/vis-ais)=157/0
2026-08-22 11:06:28 | source_train classes: present 14/14 | absent 0 | counts [0:120, 1:44, 2:69, 3:45, 4:40, 5:30, 6:64, 7:80, 8:116, 9:68, 10:57, 11:83, 12:48, 13:128]
2026-08-22 11:06:28 | target_train classes: present 9/14 | absent 5 | counts [0:20, 2:12, 4:12, 5:2, 9:16, 10:16, 11:29, 12:4, 13:21]
2026-08-22 11:06:28 | target_val classes: present 9/14 | absent 5 | counts [0:6, 2:3, 4:4, 5:1, 9:4, 10:4, 11:8, 12:1, 13:6]
2026-08-22 11:06:28 | Paired training classes: 9/14 | class ids [0, 2, 4, 5, 9, 10, 11, 12, 13]
2026-08-22 11:06:28 | VIS/IR pairing: class-level-unpaired | count-mismatch classes train/val: 10/1 | AIS alignment: none | AIS rows train/val: 0/0
2026-08-22 11:06:28 | Model parameters: total=17277714 | trainable=17120210
Starting run 4/12: domain=逆光, iteration=1, seed=45
2026-08-22 11:06:54 | Epoch 001/100 | loss 6.2636 | cls 5.6818 | tal -0.1992 | dual_g 0.6416 | dual_d 0.0000 | train_acc 0.0688 | train_full 0.0076 | val_acc 0.0000 | val_f1 0.0000 | grad(main/disc) 23.029/0.000 | lr(main/disc) 7.00e-05/3.50e-05 | 25.8s
2026-08-22 11:06:54 | New best val_f1_macro_present: 0.0000 at epoch 1
2026-08-22 11:07:21 | Epoch 002/100 | loss 5.4711 | cls 4.9607 | tal -0.3778 | dual_g 0.6237 | dual_d 0.0000 | train_acc 0.1187 | train_full 0.0682 | val_acc 0.0811 | val_f1 0.0498 | grad(main/disc) 19.990/0.000 | lr(main/disc) 7.00e-05/3.50e-05 | 26.9s
2026-08-22 11:07:22 | New best val_f1_macro_present: 0.0498 at epoch 2
2026-08-22 11:07:48 | Epoch 003/100 | loss 4.7681 | cls 4.2362 | tal -0.2617 | dual_g 0.6104 | dual_d 0.0000 | train_acc 0.1500 | train_full 0.2500 | val_acc 0.3514 | val_f1 0.2524 | grad(main/disc) 17.430/0.000 | lr(main/disc) 7.00e-05/3.50e-05 | 26.5s
2026-08-22 11:07:49 | New best val_f1_macro_present: 0.2524 at epoch 3
2026-08-22 11:08:15 | Epoch 004/100 | loss 4.4464 | cls 3.9271 | tal -0.2527 | dual_g 0.5951 | dual_d 0.0000 | train_acc 0.2812 | train_full 0.4167 | val_acc 0.3784 | val_f1 0.2668 | grad(main/disc) 15.849/0.000 | lr(main/disc) 7.00e-05/3.50e-05 | 26.8s
2026-08-22 11:08:16 | New best val_f1_macro_present: 0.2668 at epoch 4
2026-08-22 11:08:42 | Epoch 005/100 | loss 4.3072 | cls 3.7966 | tal -0.2543 | dual_g 0.5869 | dual_d 0.0000 | train_acc 0.3563 | train_full 0.5530 | val_acc 0.4865 | val_f1 0.4705 | grad(main/disc) 16.026/0.000 | lr(main/disc) 7.00e-05/3.50e-05 | 26.7s
2026-08-22 11:08:43 | New best val_f1_macro_present: 0.4705 at epoch 5
2026-08-22 11:09:10 | Epoch 006/100 | loss 4.1440 | cls 3.6220 | tal -0.1715 | dual_g 0.5734 | dual_d 0.8191 | train_acc 0.3187 | train_full 0.6136 | val_acc 0.5676 | val_f1 0.6567 | grad(main/disc) 15.772/1.822 | lr(main/disc) 7.00e-05/3.50e-05 | 27.4s
2026-08-22 11:09:10 | New best val_f1_macro_present: 0.6567 at epoch 6
2026-08-22 11:09:38 | Epoch 007/100 | loss 3.7475 | cls 3.2396 | tal -0.1959 | dual_g 0.5667 | dual_d 0.7674 | train_acc 0.4000 | train_full 0.7121 | val_acc 0.6757 | val_f1 0.7587 | grad(main/disc) 14.513/1.826 | lr(main/disc) 7.00e-05/3.50e-05 | 27.3s
2026-08-22 11:09:38 | New best val_f1_macro_present: 0.7587 at epoch 7
2026-08-22 11:10:05 | Epoch 008/100 | loss 3.7596 | cls 3.2307 | tal -0.1307 | dual_g 0.5681 | dual_d 0.8201 | train_acc 0.4437 | train_full 0.7879 | val_acc 0.8108 | val_f1 0.8513 | grad(main/disc) 15.041/1.915 | lr(main/disc) 7.00e-05/3.50e-05 | 27.4s
2026-08-22 11:10:06 | New best val_f1_macro_present: 0.8513 at epoch 8
2026-08-22 11:10:32 | Epoch 009/100 | loss 3.5802 | cls 3.0519 | tal -0.1209 | dual_g 0.5646 | dual_d 0.7376 | train_acc 0.5687 | train_full 0.7955 | val_acc 0.7838 | val_f1 0.8141 | grad(main/disc) 14.377/1.720 | lr(main/disc) 7.00e-05/3.50e-05 | 26.3s
2026-08-22 11:10:58 | Epoch 010/100 | loss 3.5269 | cls 2.9941 | tal -0.0906 | dual_g 0.5600 | dual_d 0.8131 | train_acc 0.5437 | train_full 0.8030 | val_acc 0.7568 | val_f1 0.7845 | grad(main/disc) 14.609/1.768 | lr(main/disc) 7.00e-05/3.50e-05 | 25.9s
2026-08-22 11:11:25 | Epoch 011/100 | loss 3.2328 | cls 2.7329 | tal -0.1665 | dual_g 0.5499 | dual_d 0.7475 | train_acc 0.5375 | train_full 0.7045 | val_acc 0.7568 | val_f1 0.7639 | grad(main/disc) 13.648/1.749 | lr(main/disc) 7.00e-05/3.50e-05 | 26.9s
2026-08-22 11:11:51 | Epoch 012/100 | loss 3.2277 | cls 2.7288 | tal -0.1897 | dual_g 0.5558 | dual_d 0.7668 | train_acc 0.6062 | train_full 0.7955 | val_acc 0.7838 | val_f1 0.8212 | grad(main/disc) 13.499/1.688 | lr(main/disc) 7.00e-05/3.50e-05 | 26.5s
2026-08-22 11:12:18 | Epoch 013/100 | loss 3.1264 | cls 2.6443 | tal -0.2313 | dual_g 0.5515 | dual_d 0.7632 | train_acc 0.6062 | train_full 0.8258 | val_acc 0.7297 | val_f1 0.7518 | grad(main/disc) 13.254/1.685 | lr(main/disc) 7.00e-05/3.50e-05 | 27.1s
2026-08-22 11:12:45 | Epoch 014/100 | loss 2.9841 | cls 2.4933 | tal -0.1935 | dual_g 0.5488 | dual_d 0.7776 | train_acc 0.7000 | train_full 0.8106 | val_acc 0.7568 | val_f1 0.7693 | grad(main/disc) 12.663/1.754 | lr(main/disc) 7.00e-05/3.50e-05 | 26.5s
2026-08-22 11:13:12 | Epoch 015/100 | loss 2.9139 | cls 2.4120 | tal -0.1598 | dual_g 0.5499 | dual_d 0.8207 | train_acc 0.7063 | train_full 0.8864 | val_acc 0.8649 | val_f1 0.8852 | grad(main/disc) 12.275/1.764 | lr(main/disc) 7.00e-05/3.50e-05 | 26.7s
2026-08-22 11:13:12 | New best val_f1_macro_present: 0.8852 at epoch 15
2026-08-22 11:13:40 | Epoch 016/100 | loss 3.0296 | cls 2.5046 | tal -0.0662 | dual_g 0.5448 | dual_d 0.8472 | train_acc 0.6750 | train_full 0.9167 | val_acc 0.8649 | val_f1 0.8871 | grad(main/disc) 12.567/1.774 | lr(main/disc) 7.00e-05/3.50e-05 | 28.4s
2026-08-22 11:13:41 | New best val_f1_macro_present: 0.8871 at epoch 16
2026-08-22 11:14:08 | Epoch 017/100 | loss 2.6564 | cls 2.1711 | tal -0.1640 | dual_g 0.5345 | dual_d 0.8195 | train_acc 0.7375 | train_full 0.9318 | val_acc 0.8919 | val_f1 0.9124 | grad(main/disc) 11.065/1.731 | lr(main/disc) 7.00e-05/3.50e-05 | 27.2s
2026-08-22 11:14:08 | New best val_f1_macro_present: 0.9124 at epoch 17
2026-08-22 11:14:36 | Epoch 018/100 | loss 2.6004 | cls 2.1322 | tal -0.2032 | dual_g 0.5291 | dual_d 0.8207 | train_acc 0.7625 | train_full 0.8712 | val_acc 0.8919 | val_f1 0.9163 | grad(main/disc) 11.668/1.674 | lr(main/disc) 7.00e-05/3.50e-05 | 27.5s
2026-08-22 11:14:36 | New best val_f1_macro_present: 0.9163 at epoch 18
2026-08-22 11:15:03 | Epoch 019/100 | loss 2.5061 | cls 2.0243 | tal -0.1746 | dual_g 0.5341 | dual_d 0.8530 | train_acc 0.7937 | train_full 0.8864 | val_acc 0.9189 | val_f1 0.9396 | grad(main/disc) 10.908/1.744 | lr(main/disc) 7.00e-05/3.50e-05 | 27.1s
2026-08-22 11:15:03 | New best val_f1_macro_present: 0.9396 at epoch 19
2026-08-22 11:15:30 | Epoch 020/100 | loss 2.5197 | cls 2.0398 | tal -0.1453 | dual_g 0.5235 | dual_d 0.9033 | train_acc 0.7812 | train_full 0.8636 | val_acc 0.9189 | val_f1 0.9123 | grad(main/disc) 10.966/1.734 | lr(main/disc) 7.00e-05/3.50e-05 | 26.4s
2026-08-22 11:15:56 | Epoch 021/100 | loss 2.4821 | cls 1.9735 | tal -0.0746 | dual_g 0.5311 | dual_d 0.8910 | train_acc 0.7688 | train_full 0.9167 | val_acc 0.9459 | val_f1 0.9616 | grad(main/disc) 10.986/1.733 | lr(main/disc) 7.00e-05/3.50e-05 | 26.0s
2026-08-22 11:15:56 | New best val_f1_macro_present: 0.9616 at epoch 21
2026-08-22 11:16:22 | Epoch 022/100 | loss 2.5760 | cls 2.0767 | tal -0.0974 | dual_g 0.5285 | dual_d 0.9381 | train_acc 0.7812 | train_full 0.9318 | val_acc 0.9189 | val_f1 0.9396 | grad(main/disc) 12.551/1.830 | lr(main/disc) 7.00e-05/3.50e-05 | 26.3s
2026-08-22 11:16:48 | Epoch 023/100 | loss 2.6655 | cls 2.1717 | tal -0.1103 | dual_g 0.5269 | dual_d 0.8377 | train_acc 0.7625 | train_full 0.9242 | val_acc 0.7568 | val_f1 0.7660 | grad(main/disc) 14.000/1.660 | lr(main/disc) 7.00e-05/3.50e-05 | 25.6s
2026-08-22 11:17:15 | Epoch 024/100 | loss 2.4507 | cls 1.9585 | tal -0.1162 | dual_g 0.5271 | dual_d 0.9158 | train_acc 0.7750 | train_full 0.9773 | val_acc 0.9459 | val_f1 0.9578 | grad(main/disc) 11.285/1.725 | lr(main/disc) 7.00e-05/3.50e-05 | 26.5s
2026-08-22 11:17:41 | Epoch 025/100 | loss 2.3157 | cls 1.8452 | tal -0.1643 | dual_g 0.5199 | dual_d 0.9278 | train_acc 0.8438 | train_full 0.9621 | val_acc 0.9730 | val_f1 0.9776 | grad(main/disc) 10.480/1.768 | lr(main/disc) 7.00e-05/3.50e-05 | 26.4s
2026-08-22 11:17:41 | New best val_f1_macro_present: 0.9776 at epoch 25
2026-08-22 11:18:07 | Epoch 026/100 | loss 2.3418 | cls 1.8768 | tal -0.2011 | dual_g 0.5254 | dual_d 0.8869 | train_acc 0.8250 | train_full 0.9242 | val_acc 0.9730 | val_f1 0.9776 | grad(main/disc) 10.834/1.714 | lr(main/disc) 7.00e-05/3.50e-05 | 25.8s
2026-08-22 11:18:35 | Epoch 027/100 | loss 2.3489 | cls 1.8906 | tal -0.2212 | dual_g 0.5247 | dual_d 0.9187 | train_acc 0.8187 | train_full 0.9242 | val_acc 0.9459 | val_f1 0.9578 | grad(main/disc) 10.862/1.756 | lr(main/disc) 7.00e-05/3.50e-05 | 27.8s
2026-08-22 11:19:02 | Epoch 028/100 | loss 2.4112 | cls 1.9530 | tal -0.2105 | dual_g 0.5213 | dual_d 0.8935 | train_acc 0.8187 | train_full 0.9394 | val_acc 0.9189 | val_f1 0.9218 | grad(main/disc) 11.313/1.704 | lr(main/disc) 7.00e-05/3.50e-05 | 26.6s
2026-08-22 11:19:29 | Epoch 029/100 | loss 2.2988 | cls 1.8238 | tal -0.1442 | dual_g 0.5183 | dual_d 0.9478 | train_acc 0.8688 | train_full 0.9697 | val_acc 0.9459 | val_f1 0.9616 | grad(main/disc) 10.486/1.736 | lr(main/disc) 7.00e-05/3.50e-05 | 27.0s
2026-08-22 11:19:56 | Epoch 030/100 | loss 2.1897 | cls 1.7362 | tal -0.1770 | dual_g 0.5066 | dual_d 0.9274 | train_acc 0.9000 | train_full 0.9697 | val_acc 0.9459 | val_f1 0.9578 | grad(main/disc) 9.594/1.702 | lr(main/disc) 7.00e-05/3.50e-05 | 27.2s
2026-08-22 11:20:22 | Epoch 031/100 | loss 2.2644 | cls 1.8226 | tal -0.1913 | dual_g 0.4993 | dual_d 0.9847 | train_acc 0.8625 | train_full 0.9848 | val_acc 0.9189 | val_f1 0.9358 | grad(main/disc) 11.610/1.771 | lr(main/disc) 7.00e-05/3.50e-05 | 26.6s
2026-08-22 11:20:48 | Epoch 032/100 | loss 2.1592 | cls 1.7288 | tal -0.1719 | dual_g 0.4820 | dual_d 0.9207 | train_acc 0.9062 | train_full 0.9848 | val_acc 0.9189 | val_f1 0.9358 | grad(main/disc) 10.327/1.694 | lr(main/disc) 3.50e-05/1.75e-05 | 25.6s
2026-08-22 11:21:13 | Epoch 033/100 | loss 2.1561 | cls 1.7271 | tal -0.1900 | dual_g 0.4860 | dual_d 0.9212 | train_acc 0.8938 | train_full 0.9773 | val_acc 0.9459 | val_f1 0.9556 | grad(main/disc) 10.124/1.667 | lr(main/disc) 3.50e-05/1.75e-05 | 25.5s
2026-08-22 11:21:41 | Epoch 034/100 | loss 2.0292 | cls 1.5844 | tal -0.1050 | dual_g 0.4762 | dual_d 1.0043 | train_acc 0.9250 | train_full 0.9848 | val_acc 1.0000 | val_f1 1.0000 | grad(main/disc) 7.919/1.766 | lr(main/disc) 3.50e-05/1.75e-05 | 27.4s
2026-08-22 11:21:41 | New best val_f1_macro_present: 1.0000 at epoch 34
2026-08-22 11:22:07 | Epoch 035/100 | loss 2.0255 | cls 1.5958 | tal -0.1251 | dual_g 0.4673 | dual_d 1.0037 | train_acc 0.9250 | train_full 0.9848 | val_acc 1.0000 | val_f1 1.0000 | grad(main/disc) 8.130/1.703 | lr(main/disc) 3.50e-05/1.75e-05 | 26.1s
2026-08-22 11:22:33 | Epoch 036/100 | loss 1.9900 | cls 1.5490 | tal -0.1061 | dual_g 0.4729 | dual_d 1.0007 | train_acc 0.9250 | train_full 0.9924 | val_acc 1.0000 | val_f1 1.0000 | grad(main/disc) 7.878/1.681 | lr(main/disc) 3.50e-05/1.75e-05 | 26.2s
2026-08-22 11:23:00 | Epoch 037/100 | loss 2.0672 | cls 1.6380 | tal -0.1290 | dual_g 0.4678 | dual_d 1.0817 | train_acc 0.9187 | train_full 0.9924 | val_acc 1.0000 | val_f1 1.0000 | grad(main/disc) 8.703/1.792 | lr(main/disc) 3.50e-05/1.75e-05 | 26.2s
2026-08-22 11:23:27 | Epoch 038/100 | loss 2.0746 | cls 1.6396 | tal -0.0884 | dual_g 0.4615 | dual_d 1.0470 | train_acc 0.9375 | train_full 0.9773 | val_acc 1.0000 | val_f1 1.0000 | grad(main/disc) 9.658/1.793 | lr(main/disc) 3.50e-05/1.75e-05 | 26.9s
2026-08-22 11:23:53 | Epoch 039/100 | loss 1.9794 | cls 1.5723 | tal -0.1624 | dual_g 0.4558 | dual_d 1.0386 | train_acc 0.9187 | train_full 0.9773 | val_acc 0.9730 | val_f1 0.9776 | grad(main/disc) 7.568/1.722 | lr(main/disc) 3.50e-05/1.75e-05 | 26.8s
2026-08-22 11:24:19 | Epoch 040/100 | loss 2.0216 | cls 1.6110 | tal -0.1488 | dual_g 0.4552 | dual_d 1.0961 | train_acc 0.9062 | train_full 0.9773 | val_acc 0.9730 | val_f1 0.9776 | grad(main/disc) 8.320/1.853 | lr(main/disc) 3.50e-05/1.75e-05 | 26.1s
2026-08-22 11:24:46 | Epoch 041/100 | loss 1.9250 | cls 1.5138 | tal -0.1235 | dual_g 0.4482 | dual_d 1.0606 | train_acc 0.9688 | train_full 0.9848 | val_acc 0.9730 | val_f1 0.9776 | grad(main/disc) 6.924/1.755 | lr(main/disc) 1.75e-05/8.75e-06 | 26.6s
2026-08-22 11:25:13 | Epoch 042/100 | loss 1.9580 | cls 1.5238 | tal -0.0615 | dual_g 0.4527 | dual_d 1.0517 | train_acc 0.9500 | train_full 0.9848 | val_acc 0.9189 | val_f1 0.9358 | grad(main/disc) 7.824/1.792 | lr(main/disc) 1.75e-05/8.75e-06 | 26.9s
2026-08-22 11:25:39 | Epoch 043/100 | loss 1.9791 | cls 1.5416 | tal -0.0638 | dual_g 0.4566 | dual_d 1.0634 | train_acc 0.9437 | train_full 0.9848 | val_acc 0.9730 | val_f1 0.9776 | grad(main/disc) 7.607/1.746 | lr(main/disc) 1.75e-05/8.75e-06 | 26.6s
2026-08-22 11:25:39 | Early stopping at epoch 43 after 9 epochs without val_f1_macro_present improvement.
2026-08-22 11:25:39 | Training complete. Best validation accuracy: 1.0000 | best val_f1_macro_present: 1.0000
2026-08-22 11:25:39 | Starting Dual_D standalone training
2026-08-22 11:25:39 | Run directory: runs/module_c_ablation/module_c_no_classification_feedback_逆光_iter02_20260822_082835
2026-08-22 11:25:39 | Device: cuda
2026-08-22 11:25:40 | Source train samples: 992
2026-08-22 11:25:40 | Target train samples: 132
2026-08-22 11:25:40 | Target val samples: 37
2026-08-22 11:25:40 | Classes: 14
2026-08-22 11:25:40 | Data audit: same_dir=False | path_overlap(vis/ir/ais)=0/0/0 | content_overlap(vis/ir/ais)=0/0/0 | ais_index_overlap=0 | stem_mismatch(vis-ir/vis-ais)=157/0
2026-08-22 11:25:40 | source_train classes: present 14/14 | absent 0 | counts [0:120, 1:44, 2:69, 3:45, 4:40, 5:30, 6:64, 7:80, 8:116, 9:68, 10:57, 11:83, 12:48, 13:128]
2026-08-22 11:25:40 | target_train classes: present 9/14 | absent 5 | counts [0:20, 2:12, 4:12, 5:2, 9:16, 10:16, 11:29, 12:4, 13:21]
2026-08-22 11:25:40 | target_val classes: present 9/14 | absent 5 | counts [0:6, 2:3, 4:4, 5:1, 9:4, 10:4, 11:8, 12:1, 13:6]
2026-08-22 11:25:40 | Paired training classes: 9/14 | class ids [0, 2, 4, 5, 9, 10, 11, 12, 13]
2026-08-22 11:25:40 | VIS/IR pairing: class-level-unpaired | count-mismatch classes train/val: 10/1 | AIS alignment: none | AIS rows train/val: 0/0
2026-08-22 11:25:40 | Model parameters: total=17277714 | trainable=17120210
Starting run 5/12: domain=逆光, iteration=2, seed=46
2026-08-22 11:26:06 | Epoch 001/100 | loss 6.0269 | cls 5.4203 | tal -0.0806 | dual_g 0.6307 | dual_d 0.0000 | train_acc 0.0500 | train_full 0.1212 | val_acc 0.1892 | val_f1 0.1046 | grad(main/disc) 23.561/0.000 | lr(main/disc) 7.00e-05/3.50e-05 | 25.5s
2026-08-22 11:26:06 | New best val_f1_macro_present: 0.1046 at epoch 1
2026-08-22 11:26:32 | Epoch 002/100 | loss 5.3447 | cls 4.7473 | tal -0.0573 | dual_g 0.6146 | dual_d 0.0000 | train_acc 0.1313 | train_full 0.1288 | val_acc 0.1351 | val_f1 0.0640 | grad(main/disc) 20.108/0.000 | lr(main/disc) 7.00e-05/3.50e-05 | 26.1s
2026-08-22 11:26:59 | Epoch 003/100 | loss 4.6266 | cls 4.0315 | tal -0.0168 | dual_g 0.6001 | dual_d 0.0000 | train_acc 0.2875 | train_full 0.1439 | val_acc 0.1622 | val_f1 0.1247 | grad(main/disc) 17.747/0.000 | lr(main/disc) 7.00e-05/3.50e-05 | 26.9s
2026-08-22 11:26:59 | New best val_f1_macro_present: 0.1247 at epoch 3
2026-08-22 11:27:26 | Epoch 004/100 | loss 4.4607 | cls 3.8723 | tal 0.0188 | dual_g 0.5827 | dual_d 0.0000 | train_acc 0.3000 | train_full 0.2879 | val_acc 0.3514 | val_f1 0.3727 | grad(main/disc) 16.621/0.000 | lr(main/disc) 7.00e-05/3.50e-05 | 26.2s
2026-08-22 11:27:26 | New best val_f1_macro_present: 0.3727 at epoch 4
2026-08-22 11:27:52 | Epoch 005/100 | loss 4.4677 | cls 3.8647 | tal 0.1021 | dual_g 0.5724 | dual_d 0.0000 | train_acc 0.3187 | train_full 0.5227 | val_acc 0.6216 | val_f1 0.7349 | grad(main/disc) 16.524/0.000 | lr(main/disc) 7.00e-05/3.50e-05 | 26.3s
2026-08-22 11:27:52 | New best val_f1_macro_present: 0.7349 at epoch 5
2026-08-22 11:28:18 | Epoch 006/100 | loss 3.9699 | cls 3.3670 | tal 0.1157 | dual_g 0.5682 | dual_d 0.7600 | train_acc 0.3812 | train_full 0.7424 | val_acc 0.8378 | val_f1 0.8787 | grad(main/disc) 14.904/1.872 | lr(main/disc) 7.00e-05/3.50e-05 | 25.5s
2026-08-22 11:28:18 | New best val_f1_macro_present: 0.8787 at epoch 6
2026-08-22 11:28:44 | Epoch 007/100 | loss 3.8347 | cls 3.2368 | tal 0.1091 | dual_g 0.5652 | dual_d 0.7782 | train_acc 0.4688 | train_full 0.8182 | val_acc 0.8378 | val_f1 0.8699 | grad(main/disc) 14.946/1.906 | lr(main/disc) 7.00e-05/3.50e-05 | 26.2s
2026-08-22 11:29:13 | Epoch 008/100 | loss 3.8545 | cls 3.2403 | tal 0.1946 | dual_g 0.5558 | dual_d 0.7903 | train_acc 0.4250 | train_full 0.7955 | val_acc 0.8378 | val_f1 0.8231 | grad(main/disc) 14.957/1.897 | lr(main/disc) 7.00e-05/3.50e-05 | 28.1s
2026-08-22 11:29:39 | Epoch 009/100 | loss 3.6548 | cls 3.0341 | tal 0.2047 | dual_g 0.5593 | dual_d 0.7688 | train_acc 0.4313 | train_full 0.8106 | val_acc 0.8378 | val_f1 0.8231 | grad(main/disc) 14.406/1.855 | lr(main/disc) 7.00e-05/3.50e-05 | 26.0s
2026-08-22 11:30:06 | Epoch 010/100 | loss 3.3798 | cls 2.7369 | tal 0.2870 | dual_g 0.5568 | dual_d 0.8045 | train_acc 0.6375 | train_full 0.8636 | val_acc 0.8919 | val_f1 0.9167 | grad(main/disc) 13.442/1.891 | lr(main/disc) 7.00e-05/3.50e-05 | 27.1s
2026-08-22 11:30:06 | New best val_f1_macro_present: 0.9167 at epoch 10
2026-08-22 11:30:33 | Epoch 011/100 | loss 3.3187 | cls 2.6908 | tal 0.2525 | dual_g 0.5521 | dual_d 0.7922 | train_acc 0.5687 | train_full 0.9015 | val_acc 0.8919 | val_f1 0.9156 | grad(main/disc) 13.703/1.863 | lr(main/disc) 7.00e-05/3.50e-05 | 26.8s
2026-08-22 11:31:00 | Epoch 012/100 | loss 3.2380 | cls 2.6061 | tal 0.2878 | dual_g 0.5456 | dual_d 0.7635 | train_acc 0.5750 | train_full 0.8636 | val_acc 0.8649 | val_f1 0.8941 | grad(main/disc) 13.099/1.713 | lr(main/disc) 7.00e-05/3.50e-05 | 27.7s
2026-08-22 11:31:26 | Epoch 013/100 | loss 3.1705 | cls 2.5445 | tal 0.2545 | dual_g 0.5496 | dual_d 0.7826 | train_acc 0.6562 | train_full 0.8788 | val_acc 0.9189 | val_f1 0.9396 | grad(main/disc) 13.452/1.716 | lr(main/disc) 7.00e-05/3.50e-05 | 26.1s
2026-08-22 11:31:27 | New best val_f1_macro_present: 0.9396 at epoch 13
2026-08-22 11:31:53 | Epoch 014/100 | loss 3.1929 | cls 2.5487 | tal 0.3264 | dual_g 0.5463 | dual_d 0.7517 | train_acc 0.6062 | train_full 0.8636 | val_acc 0.8919 | val_f1 0.9156 | grad(main/disc) 14.388/1.747 | lr(main/disc) 7.00e-05/3.50e-05 | 26.3s
2026-08-22 11:32:19 | Epoch 015/100 | loss 3.0643 | cls 2.4679 | tal 0.1668 | dual_g 0.5464 | dual_d 0.7486 | train_acc 0.6312 | train_full 0.9015 | val_acc 0.9189 | val_f1 0.9270 | grad(main/disc) 13.322/1.702 | lr(main/disc) 7.00e-05/3.50e-05 | 26.2s
2026-08-22 11:32:46 | Epoch 016/100 | loss 2.8535 | cls 2.2815 | tal 0.1328 | dual_g 0.5322 | dual_d 0.7778 | train_acc 0.7125 | train_full 0.9242 | val_acc 0.9459 | val_f1 0.9578 | grad(main/disc) 12.454/1.686 | lr(main/disc) 7.00e-05/3.50e-05 | 26.9s
2026-08-22 11:32:47 | New best val_f1_macro_present: 0.9578 at epoch 16
2026-08-22 11:33:13 | Epoch 017/100 | loss 2.9803 | cls 2.3785 | tal 0.2349 | dual_g 0.5313 | dual_d 0.7338 | train_acc 0.6625 | train_full 0.9318 | val_acc 0.9459 | val_f1 0.9578 | grad(main/disc) 13.101/1.765 | lr(main/disc) 7.00e-05/3.50e-05 | 26.1s
2026-08-22 11:33:40 | Epoch 018/100 | loss 2.8461 | cls 2.2560 | tal 0.2034 | dual_g 0.5290 | dual_d 0.7599 | train_acc 0.7375 | train_full 0.9394 | val_acc 0.9189 | val_f1 0.9358 | grad(main/disc) 13.084/1.660 | lr(main/disc) 7.00e-05/3.50e-05 | 27.2s
2026-08-22 11:34:07 | Epoch 019/100 | loss 2.6745 | cls 2.1162 | tal 0.0898 | dual_g 0.5313 | dual_d 0.8074 | train_acc 0.7500 | train_full 0.9621 | val_acc 0.9189 | val_f1 0.9333 | grad(main/disc) 12.882/1.679 | lr(main/disc) 7.00e-05/3.50e-05 | 27.1s
2026-08-22 11:34:33 | Epoch 020/100 | loss 2.5936 | cls 2.0413 | tal 0.0878 | dual_g 0.5260 | dual_d 0.8139 | train_acc 0.7875 | train_full 0.9773 | val_acc 0.9459 | val_f1 0.9578 | grad(main/disc) 12.005/1.740 | lr(main/disc) 7.00e-05/3.50e-05 | 25.8s
2026-08-22 11:34:59 | Epoch 021/100 | loss 2.5135 | cls 1.9568 | tal 0.0935 | dual_g 0.5286 | dual_d 0.8290 | train_acc 0.8313 | train_full 0.9242 | val_acc 1.0000 | val_f1 1.0000 | grad(main/disc) 11.367/1.657 | lr(main/disc) 7.00e-05/3.50e-05 | 26.0s
2026-08-22 11:34:59 | New best val_f1_macro_present: 1.0000 at epoch 21
2026-08-22 11:35:26 | Epoch 022/100 | loss 2.4783 | cls 1.9160 | tal 0.1157 | dual_g 0.5276 | dual_d 0.9265 | train_acc 0.7937 | train_full 0.9015 | val_acc 0.9459 | val_f1 0.9212 | grad(main/disc) 11.704/1.819 | lr(main/disc) 7.00e-05/3.50e-05 | 27.3s
2026-08-22 11:35:53 | Epoch 023/100 | loss 2.5675 | cls 2.0351 | tal 0.0382 | dual_g 0.5209 | dual_d 0.8661 | train_acc 0.7500 | train_full 0.9318 | val_acc 0.9730 | val_f1 0.9802 | grad(main/disc) 12.255/1.730 | lr(main/disc) 7.00e-05/3.50e-05 | 26.6s
2026-08-22 11:36:19 | Epoch 024/100 | loss 2.5214 | cls 1.9809 | tal 0.1007 | dual_g 0.5103 | dual_d 0.9337 | train_acc 0.7937 | train_full 0.9773 | val_acc 0.9730 | val_f1 0.9802 | grad(main/disc) 10.680/1.826 | lr(main/disc) 7.00e-05/3.50e-05 | 25.7s
2026-08-22 11:36:45 | Epoch 025/100 | loss 2.4709 | cls 1.9244 | tal 0.1240 | dual_g 0.5093 | dual_d 0.8539 | train_acc 0.8688 | train_full 0.9848 | val_acc 0.9730 | val_f1 0.9802 | grad(main/disc) 10.719/1.672 | lr(main/disc) 7.00e-05/3.50e-05 | 26.6s
2026-08-22 11:37:13 | Epoch 026/100 | loss 2.4197 | cls 1.8667 | tal 0.1492 | dual_g 0.5081 | dual_d 0.8870 | train_acc 0.8187 | train_full 0.9848 | val_acc 0.9730 | val_f1 0.9802 | grad(main/disc) 11.202/1.772 | lr(main/disc) 7.00e-05/3.50e-05 | 27.8s
2026-08-22 11:37:40 | Epoch 027/100 | loss 2.4805 | cls 1.9479 | tal 0.0938 | dual_g 0.5045 | dual_d 0.9739 | train_acc 0.7937 | train_full 0.9773 | val_acc 0.9730 | val_f1 0.9802 | grad(main/disc) 12.149/1.819 | lr(main/disc) 7.00e-05/3.50e-05 | 27.2s
2026-08-22 11:38:06 | Epoch 028/100 | loss 2.4608 | cls 1.9282 | tal 0.1059 | dual_g 0.5008 | dual_d 0.9196 | train_acc 0.8250 | train_full 0.9848 | val_acc 0.9730 | val_f1 0.9756 | grad(main/disc) 11.703/1.668 | lr(main/disc) 3.50e-05/1.75e-05 | 25.4s
2026-08-22 11:38:32 | Epoch 029/100 | loss 2.2751 | cls 1.7599 | tal 0.0897 | dual_g 0.4883 | dual_d 0.9155 | train_acc 0.8688 | train_full 0.9773 | val_acc 1.0000 | val_f1 1.0000 | grad(main/disc) 10.769/1.814 | lr(main/disc) 3.50e-05/1.75e-05 | 26.5s
2026-08-22 11:38:58 | Epoch 030/100 | loss 2.2491 | cls 1.7294 | tal 0.0868 | dual_g 0.4936 | dual_d 0.9221 | train_acc 0.8750 | train_full 0.9848 | val_acc 1.0000 | val_f1 1.0000 | grad(main/disc) 9.617/1.743 | lr(main/disc) 3.50e-05/1.75e-05 | 26.1s
2026-08-22 11:38:58 | Early stopping at epoch 30 after 9 epochs without val_f1_macro_present improvement.
2026-08-22 11:38:58 | Training complete. Best validation accuracy: 1.0000 | best val_f1_macro_present: 1.0000
2026-08-22 11:38:58 | Starting Dual_D standalone training
2026-08-22 11:38:58 | Run directory: runs/module_c_ablation/module_c_no_classification_feedback_逆光_iter03_20260822_082835
2026-08-22 11:38:58 | Device: cuda
2026-08-22 11:38:58 | Source train samples: 992
2026-08-22 11:38:58 | Target train samples: 132
2026-08-22 11:38:58 | Target val samples: 37
2026-08-22 11:38:58 | Classes: 14
2026-08-22 11:38:58 | Data audit: same_dir=False | path_overlap(vis/ir/ais)=0/0/0 | content_overlap(vis/ir/ais)=0/0/0 | ais_index_overlap=0 | stem_mismatch(vis-ir/vis-ais)=157/0
2026-08-22 11:38:58 | source_train classes: present 14/14 | absent 0 | counts [0:120, 1:44, 2:69, 3:45, 4:40, 5:30, 6:64, 7:80, 8:116, 9:68, 10:57, 11:83, 12:48, 13:128]
2026-08-22 11:38:58 | target_train classes: present 9/14 | absent 5 | counts [0:20, 2:12, 4:12, 5:2, 9:16, 10:16, 11:29, 12:4, 13:21]
2026-08-22 11:38:58 | target_val classes: present 9/14 | absent 5 | counts [0:6, 2:3, 4:4, 5:1, 9:4, 10:4, 11:8, 12:1, 13:6]
2026-08-22 11:38:58 | Paired training classes: 9/14 | class ids [0, 2, 4, 5, 9, 10, 11, 12, 13]
2026-08-22 11:38:58 | VIS/IR pairing: class-level-unpaired | count-mismatch classes train/val: 10/1 | AIS alignment: none | AIS rows train/val: 0/0
2026-08-22 11:38:59 | Model parameters: total=17277714 | trainable=17120210
Starting run 6/12: domain=逆光, iteration=3, seed=47
2026-08-22 11:39:26 | Epoch 001/100 | loss 6.0555 | cls 5.4439 | tal -0.0418 | dual_g 0.6241 | dual_d 0.0000 | train_acc 0.1250 | train_full 0.1212 | val_acc 0.1892 | val_f1 0.0683 | grad(main/disc) 21.553/0.000 | lr(main/disc) 7.00e-05/3.50e-05 | 26.9s
2026-08-22 11:39:26 | New best val_f1_macro_present: 0.0683 at epoch 1
2026-08-22 11:39:52 | Epoch 002/100 | loss 5.3338 | cls 4.7206 | tal 0.0193 | dual_g 0.6074 | dual_d 0.0000 | train_acc 0.1875 | train_full 0.1894 | val_acc 0.2162 | val_f1 0.0693 | grad(main/disc) 18.412/0.000 | lr(main/disc) 7.00e-05/3.50e-05 | 26.1s
2026-08-22 11:39:52 | New best val_f1_macro_present: 0.0693 at epoch 2
2026-08-22 11:40:19 | Epoch 003/100 | loss 4.7357 | cls 4.1230 | tal 0.0583 | dual_g 0.5952 | dual_d 0.0000 | train_acc 0.2687 | train_full 0.1894 | val_acc 0.2162 | val_f1 0.0826 | grad(main/disc) 16.646/0.000 | lr(main/disc) 7.00e-05/3.50e-05 | 26.6s
2026-08-22 11:40:19 | New best val_f1_macro_present: 0.0826 at epoch 3
2026-08-22 11:40:45 | Epoch 004/100 | loss 4.4811 | cls 3.8862 | tal 0.0615 | dual_g 0.5765 | dual_d 0.0000 | train_acc 0.3000 | train_full 0.3258 | val_acc 0.4595 | val_f1 0.3738 | grad(main/disc) 15.804/0.000 | lr(main/disc) 7.00e-05/3.50e-05 | 25.9s
2026-08-22 11:40:45 | New best val_f1_macro_present: 0.3738 at epoch 4
2026-08-22 11:41:13 | Epoch 005/100 | loss 4.1993 | cls 3.6217 | tal 0.0216 | dual_g 0.5711 | dual_d 0.0000 | train_acc 0.3312 | train_full 0.5076 | val_acc 0.4595 | val_f1 0.3838 | grad(main/disc) 15.091/0.000 | lr(main/disc) 7.00e-05/3.50e-05 | 27.2s
2026-08-22 11:41:13 | New best val_f1_macro_present: 0.3838 at epoch 5
2026-08-22 11:41:40 | Epoch 006/100 | loss 4.0637 | cls 3.4922 | tal 0.0367 | dual_g 0.5605 | dual_d 0.8775 | train_acc 0.3688 | train_full 0.7121 | val_acc 0.6757 | val_f1 0.6680 | grad(main/disc) 14.437/1.894 | lr(main/disc) 7.00e-05/3.50e-05 | 27.2s
2026-08-22 11:41:40 | New best val_f1_macro_present: 0.6680 at epoch 6
2026-08-22 11:42:07 | Epoch 007/100 | loss 3.7226 | cls 3.1797 | tal -0.0378 | dual_g 0.5542 | dual_d 0.8244 | train_acc 0.4562 | train_full 0.7652 | val_acc 0.6757 | val_f1 0.6591 | grad(main/disc) 13.768/1.831 | lr(main/disc) 7.00e-05/3.50e-05 | 27.0s
2026-08-22 11:42:34 | Epoch 008/100 | loss 3.6379 | cls 3.0913 | tal 0.0004 | dual_g 0.5465 | dual_d 0.8175 | train_acc 0.4437 | train_full 0.7500 | val_acc 0.7027 | val_f1 0.7032 | grad(main/disc) 13.141/1.785 | lr(main/disc) 7.00e-05/3.50e-05 | 26.7s
2026-08-22 11:42:34 | New best val_f1_macro_present: 0.7032 at epoch 8
2026-08-22 11:43:01 | Epoch 009/100 | loss 3.5939 | cls 3.0600 | tal -0.0222 | dual_g 0.5405 | dual_d 0.8018 | train_acc 0.5687 | train_full 0.7652 | val_acc 0.7297 | val_f1 0.7567 | grad(main/disc) 13.522/1.827 | lr(main/disc) 7.00e-05/3.50e-05 | 26.2s
2026-08-22 11:43:01 | New best val_f1_macro_present: 0.7567 at epoch 9
2026-08-22 11:43:27 | Epoch 010/100 | loss 3.4354 | cls 2.8981 | tal -0.0227 | dual_g 0.5442 | dual_d 0.8136 | train_acc 0.5250 | train_full 0.8258 | val_acc 0.7838 | val_f1 0.7870 | grad(main/disc) 13.062/1.739 | lr(main/disc) 7.00e-05/3.50e-05 | 26.4s
2026-08-22 11:43:28 | New best val_f1_macro_present: 0.7870 at epoch 10
2026-08-22 11:43:55 | Epoch 011/100 | loss 3.3493 | cls 2.8292 | tal -0.0649 | dual_g 0.5396 | dual_d 0.8591 | train_acc 0.5875 | train_full 0.8409 | val_acc 0.8378 | val_f1 0.8385 | grad(main/disc) 13.138/1.812 | lr(main/disc) 7.00e-05/3.50e-05 | 26.9s
2026-08-22 11:43:55 | New best val_f1_macro_present: 0.8385 at epoch 11
2026-08-22 11:44:21 | Epoch 012/100 | loss 3.1657 | cls 2.6774 | tal -0.1662 | dual_g 0.5381 | dual_d 0.7942 | train_acc 0.6438 | train_full 0.8106 | val_acc 0.8378 | val_f1 0.8257 | grad(main/disc) 13.196/1.776 | lr(main/disc) 7.00e-05/3.50e-05 | 26.4s
2026-08-22 11:44:47 | Epoch 013/100 | loss 3.0879 | cls 2.5964 | tal -0.1125 | dual_g 0.5253 | dual_d 0.7533 | train_acc 0.6750 | train_full 0.9015 | val_acc 0.9189 | val_f1 0.9371 | grad(main/disc) 12.908/1.634 | lr(main/disc) 7.00e-05/3.50e-05 | 26.2s
2026-08-22 11:44:48 | New best val_f1_macro_present: 0.9371 at epoch 13
2026-08-22 11:45:14 | Epoch 014/100 | loss 2.9750 | cls 2.4620 | tal -0.0238 | dual_g 0.5202 | dual_d 0.8156 | train_acc 0.6500 | train_full 0.9242 | val_acc 0.8649 | val_f1 0.8931 | grad(main/disc) 12.135/1.759 | lr(main/disc) 7.00e-05/3.50e-05 | 26.6s
2026-08-22 11:45:41 | Epoch 015/100 | loss 2.7885 | cls 2.2950 | tal -0.0654 | dual_g 0.5130 | dual_d 0.8011 | train_acc 0.7312 | train_full 0.9318 | val_acc 0.9189 | val_f1 0.9161 | grad(main/disc) 12.156/1.695 | lr(main/disc) 7.00e-05/3.50e-05 | 26.1s
2026-08-22 11:46:08 | Epoch 016/100 | loss 2.7706 | cls 2.3006 | tal -0.1140 | dual_g 0.5042 | dual_d 0.8497 | train_acc 0.7000 | train_full 0.8333 | val_acc 0.7568 | val_f1 0.7514 | grad(main/disc) 12.537/1.760 | lr(main/disc) 7.00e-05/3.50e-05 | 27.2s
2026-08-22 11:46:34 | Epoch 017/100 | loss 2.8452 | cls 2.3632 | tal -0.1061 | dual_g 0.5138 | dual_d 0.8490 | train_acc 0.7438 | train_full 0.8636 | val_acc 0.8108 | val_f1 0.8067 | grad(main/disc) 12.491/1.702 | lr(main/disc) 7.00e-05/3.50e-05 | 25.8s
2026-08-22 11:47:01 | Epoch 018/100 | loss 2.5390 | cls 2.0791 | tal -0.1534 | dual_g 0.5059 | dual_d 0.7708 | train_acc 0.7500 | train_full 0.9318 | val_acc 0.8649 | val_f1 0.8852 | grad(main/disc) 11.323/1.598 | lr(main/disc) 7.00e-05/3.50e-05 | 27.2s
2026-08-22 11:47:27 | Epoch 019/100 | loss 2.5750 | cls 2.1056 | tal -0.1134 | dual_g 0.5034 | dual_d 0.8271 | train_acc 0.7438 | train_full 0.9621 | val_acc 0.9459 | val_f1 0.9616 | grad(main/disc) 11.345/1.758 | lr(main/disc) 7.00e-05/3.50e-05 | 26.7s
2026-08-22 11:47:28 | New best val_f1_macro_present: 0.9616 at epoch 19
2026-08-22 11:47:55 | Epoch 020/100 | loss 2.4750 | cls 1.9953 | tal -0.0616 | dual_g 0.4981 | dual_d 0.7915 | train_acc 0.7312 | train_full 0.9773 | val_acc 0.9459 | val_f1 0.9616 | grad(main/disc) 11.175/1.569 | lr(main/disc) 7.00e-05/3.50e-05 | 27.0s
2026-08-22 11:48:21 | Epoch 021/100 | loss 2.4048 | cls 1.9739 | tal -0.1828 | dual_g 0.4857 | dual_d 0.8421 | train_acc 0.7937 | train_full 0.9697 | val_acc 0.9459 | val_f1 0.9617 | grad(main/disc) 10.852/1.693 | lr(main/disc) 7.00e-05/3.50e-05 | 26.0s
2026-08-22 11:48:48 | Epoch 022/100 | loss 2.3555 | cls 1.8889 | tal -0.0569 | dual_g 0.4837 | dual_d 0.9029 | train_acc 0.8125 | train_full 0.9470 | val_acc 0.9459 | val_f1 0.9616 | grad(main/disc) 10.798/1.666 | lr(main/disc) 7.00e-05/3.50e-05 | 27.1s
2026-08-22 11:49:14 | Epoch 023/100 | loss 2.3579 | cls 1.9244 | tal -0.1610 | dual_g 0.4819 | dual_d 0.8749 | train_acc 0.8313 | train_full 0.9545 | val_acc 0.9189 | val_f1 0.9299 | grad(main/disc) 10.251/1.634 | lr(main/disc) 7.00e-05/3.50e-05 | 26.0s
2026-08-22 11:49:39 | Epoch 024/100 | loss 2.2820 | cls 1.8637 | tal -0.2020 | dual_g 0.4789 | dual_d 0.9237 | train_acc 0.8250 | train_full 0.9848 | val_acc 0.9459 | val_f1 0.9578 | grad(main/disc) 10.403/1.749 | lr(main/disc) 7.00e-05/3.50e-05 | 25.3s
2026-08-22 11:50:03 | Epoch 025/100 | loss 2.2355 | cls 1.8015 | tal -0.1323 | dual_g 0.4737 | dual_d 0.9088 | train_acc 0.8313 | train_full 0.9848 | val_acc 0.9459 | val_f1 0.9616 | grad(main/disc) 10.250/1.712 | lr(main/disc) 7.00e-05/3.50e-05 | 24.3s
2026-08-22 11:50:29 | Epoch 026/100 | loss 2.1313 | cls 1.7069 | tal -0.1134 | dual_g 0.4584 | dual_d 0.9925 | train_acc 0.8313 | train_full 0.9924 | val_acc 0.9730 | val_f1 0.9840 | grad(main/disc) 9.260/1.752 | lr(main/disc) 7.00e-05/3.50e-05 | 25.6s
2026-08-22 11:50:29 | New best val_f1_macro_present: 0.9840 at epoch 26
2026-08-22 11:50:57 | Epoch 027/100 | loss 2.2137 | cls 1.7825 | tal -0.1000 | dual_g 0.4611 | dual_d 0.9571 | train_acc 0.8250 | train_full 0.9394 | val_acc 0.9189 | val_f1 0.9026 | grad(main/disc) 11.482/1.688 | lr(main/disc) 7.00e-05/3.50e-05 | 27.4s
2026-08-22 11:51:22 | Epoch 028/100 | loss 2.2240 | cls 1.7904 | tal -0.1246 | dual_g 0.4709 | dual_d 0.9974 | train_acc 0.8750 | train_full 0.9924 | val_acc 0.9730 | val_f1 0.9776 | grad(main/disc) 12.082/1.759 | lr(main/disc) 7.00e-05/3.50e-05 | 25.8s
2026-08-22 11:51:49 | Epoch 029/100 | loss 2.1019 | cls 1.6887 | tal -0.1368 | dual_g 0.4543 | dual_d 1.0181 | train_acc 0.8938 | train_full 0.9924 | val_acc 0.9730 | val_f1 0.9776 | grad(main/disc) 9.179/1.883 | lr(main/disc) 7.00e-05/3.50e-05 | 26.7s
2026-08-22 11:52:15 | Epoch 030/100 | loss 2.1682 | cls 1.7455 | tal -0.1218 | dual_g 0.4593 | dual_d 1.0072 | train_acc 0.9062 | train_full 1.0000 | val_acc 0.9730 | val_f1 0.9802 | grad(main/disc) 10.339/1.762 | lr(main/disc) 7.00e-05/3.50e-05 | 25.9s
2026-08-22 11:52:41 | Epoch 031/100 | loss 2.0527 | cls 1.6664 | tal -0.2141 | dual_g 0.4506 | dual_d 1.0552 | train_acc 0.9062 | train_full 0.9924 | val_acc 0.9459 | val_f1 0.9578 | grad(main/disc) 10.554/1.825 | lr(main/disc) 7.00e-05/3.50e-05 | 25.8s
2026-08-22 11:53:07 | Epoch 032/100 | loss 2.1491 | cls 1.7583 | tal -0.1953 | dual_g 0.4494 | dual_d 1.0742 | train_acc 0.8750 | train_full 0.9848 | val_acc 0.9459 | val_f1 0.9637 | grad(main/disc) 10.478/1.741 | lr(main/disc) 7.00e-05/3.50e-05 | 25.7s
2026-08-22 11:53:33 | Epoch 033/100 | loss 2.0240 | cls 1.6414 | tal -0.1947 | dual_g 0.4410 | dual_d 0.9699 | train_acc 0.9000 | train_full 0.9848 | val_acc 0.9730 | val_f1 0.9840 | grad(main/disc) 9.774/1.686 | lr(main/disc) 3.50e-05/1.75e-05 | 26.7s
2026-08-22 11:54:00 | Epoch 034/100 | loss 2.0628 | cls 1.6791 | tal -0.1892 | dual_g 0.4405 | dual_d 1.0039 | train_acc 0.8812 | train_full 1.0000 | val_acc 0.9730 | val_f1 0.9840 | grad(main/disc) 9.995/1.755 | lr(main/disc) 3.50e-05/1.75e-05 | 26.6s
2026-08-22 11:54:27 | Epoch 035/100 | loss 1.9776 | cls 1.6189 | tal -0.2489 | dual_g 0.4334 | dual_d 1.0442 | train_acc 0.9313 | train_full 1.0000 | val_acc 0.9730 | val_f1 0.9840 | grad(main/disc) 9.125/1.809 | lr(main/disc) 3.50e-05/1.75e-05 | 27.3s
2026-08-22 11:54:27 | Early stopping at epoch 35 after 9 epochs without val_f1_macro_present improvement.
2026-08-22 11:54:27 | Training complete. Best validation accuracy: 0.9730 | best val_f1_macro_present: 0.9840
2026-08-22 11:54:27 | Starting Dual_D standalone training
2026-08-22 11:54:27 | Run directory: runs/module_c_ablation/module_c_no_classification_feedback_雾天_iter01_20260822_082835
2026-08-22 11:54:27 | Device: cuda
2026-08-22 11:54:27 | Source train samples: 992
2026-08-22 11:54:27 | Target train samples: 507
2026-08-22 11:54:27 | Target val samples: 132
2026-08-22 11:54:27 | Classes: 14
2026-08-22 11:54:27 | Data audit: same_dir=False | path_overlap(vis/ir/ais)=0/0/0 | content_overlap(vis/ir/ais)=0/0/0 | ais_index_overlap=0 | stem_mismatch(vis-ir/vis-ais)=630/0
2026-08-22 11:54:27 | source_train classes: present 14/14 | absent 0 | counts [0:120, 1:44, 2:69, 3:45, 4:40, 5:30, 6:64, 7:80, 8:116, 9:68, 10:57, 11:83, 12:48, 13:128]
2026-08-22 11:54:27 | target_train classes: present 9/14 | absent 5 | counts [0:35, 1:18, 2:119, 6:110, 8:25, 9:50, 10:48, 12:9, 13:93]
2026-08-22 11:54:27 | target_val classes: present 9/14 | absent 5 | counts [0:9, 1:5, 2:30, 6:28, 8:7, 9:13, 10:13, 12:3, 13:24]
2026-08-22 11:54:27 | Paired training classes: 9/14 | class ids [0, 1, 2, 6, 8, 9, 10, 12, 13]
2026-08-22 11:54:27 | VIS/IR pairing: class-level-unpaired | count-mismatch classes train/val: 10/2 | AIS alignment: none | AIS rows train/val: 0/0
2026-08-22 11:54:28 | Model parameters: total=17277714 | trainable=17120210
Starting run 7/12: domain=雾天, iteration=1, seed=48
2026-08-22 11:55:49 | Epoch 001/100 | loss 5.5050 | cls 4.8842 | tal 0.0213 | dual_g 0.6145 | dual_d 0.0000 | train_acc 0.1289 | train_full 0.2032 | val_acc 0.1970 | val_f1 0.1293 | grad(main/disc) 20.383/0.000 | lr(main/disc) 7.00e-05/3.50e-05 | 81.6s
2026-08-22 11:55:50 | New best val_f1_macro_present: 0.1293 at epoch 1
2026-08-22 11:57:09 | Epoch 002/100 | loss 4.5620 | cls 3.9402 | tal 0.0998 | dual_g 0.5919 | dual_d 0.0000 | train_acc 0.2266 | train_full 0.3432 | val_acc 0.4167 | val_f1 0.3849 | grad(main/disc) 16.323/0.000 | lr(main/disc) 7.00e-05/3.50e-05 | 79.4s
2026-08-22 11:57:09 | New best val_f1_macro_present: 0.3849 at epoch 2
2026-08-22 11:58:28 | Epoch 003/100 | loss 4.2621 | cls 3.6895 | tal -0.0271 | dual_g 0.5808 | dual_d 0.0000 | train_acc 0.2500 | train_full 0.4694 | val_acc 0.4242 | val_f1 0.3960 | grad(main/disc) 15.052/0.000 | lr(main/disc) 7.00e-05/3.50e-05 | 79.2s
2026-08-22 11:58:29 | New best val_f1_macro_present: 0.3960 at epoch 3
2026-08-22 11:59:49 | Epoch 004/100 | loss 3.9292 | cls 3.3840 | tal -0.0846 | dual_g 0.5706 | dual_d 0.0000 | train_acc 0.2891 | train_full 0.4872 | val_acc 0.4318 | val_f1 0.4475 | grad(main/disc) 14.079/0.000 | lr(main/disc) 7.00e-05/3.50e-05 | 80.3s
2026-08-22 11:59:50 | New best val_f1_macro_present: 0.4475 at epoch 4
2026-08-22 12:01:10 | Epoch 005/100 | loss 3.6860 | cls 3.1669 | tal -0.1341 | dual_g 0.5594 | dual_d 0.0000 | train_acc 0.3477 | train_full 0.5483 | val_acc 0.5303 | val_f1 0.5245 | grad(main/disc) 13.973/0.000 | lr(main/disc) 7.00e-05/3.50e-05 | 80.4s
2026-08-22 12:01:10 | New best val_f1_macro_present: 0.5245 at epoch 5
2026-08-22 12:02:31 | Epoch 006/100 | loss 3.3468 | cls 2.8497 | tal -0.1735 | dual_g 0.5491 | dual_d 0.9470 | train_acc 0.4492 | train_full 0.5128 | val_acc 0.4773 | val_f1 0.5165 | grad(main/disc) 13.279/2.088 | lr(main/disc) 7.00e-05/3.50e-05 | 81.0s
2026-08-22 12:03:53 | Epoch 007/100 | loss 3.3075 | cls 2.7934 | tal -0.1174 | dual_g 0.5493 | dual_d 0.9032 | train_acc 0.4492 | train_full 0.6331 | val_acc 0.6591 | val_f1 0.6731 | grad(main/disc) 13.633/2.086 | lr(main/disc) 7.00e-05/3.50e-05 | 82.0s
2026-08-22 12:03:54 | New best val_f1_macro_present: 0.6731 at epoch 7
2026-08-22 12:05:14 | Epoch 008/100 | loss 3.1015 | cls 2.6143 | tal -0.1903 | dual_g 0.5442 | dual_d 0.8669 | train_acc 0.4980 | train_full 0.6134 | val_acc 0.6364 | val_f1 0.6904 | grad(main/disc) 13.718/1.954 | lr(main/disc) 7.00e-05/3.50e-05 | 80.5s
2026-08-22 12:05:14 | New best val_f1_macro_present: 0.6904 at epoch 8
2026-08-22 12:06:36 | Epoch 009/100 | loss 2.9367 | cls 2.4559 | tal -0.1797 | dual_g 0.5347 | dual_d 0.8526 | train_acc 0.5391 | train_full 0.6746 | val_acc 0.6818 | val_f1 0.7379 | grad(main/disc) 13.070/1.884 | lr(main/disc) 7.00e-05/3.50e-05 | 81.7s
2026-08-22 12:06:37 | New best val_f1_macro_present: 0.7379 at epoch 9
2026-08-22 12:07:54 | Epoch 010/100 | loss 2.8231 | cls 2.3320 | tal -0.1209 | dual_g 0.5275 | dual_d 0.8437 | train_acc 0.6191 | train_full 0.7811 | val_acc 0.7045 | val_f1 0.7328 | grad(main/disc) 12.343/1.833 | lr(main/disc) 7.00e-05/3.50e-05 | 77.5s
2026-08-22 12:09:14 | Epoch 011/100 | loss 2.6850 | cls 2.1964 | tal -0.1039 | dual_g 0.5197 | dual_d 0.8454 | train_acc 0.6621 | train_full 0.7751 | val_acc 0.7045 | val_f1 0.7336 | grad(main/disc) 12.810/1.815 | lr(main/disc) 7.00e-05/3.50e-05 | 79.9s
2026-08-22 12:10:34 | Epoch 012/100 | loss 2.5187 | cls 2.0354 | tal -0.0858 | dual_g 0.5090 | dual_d 0.8413 | train_acc 0.6895 | train_full 0.8166 | val_acc 0.7576 | val_f1 0.7693 | grad(main/disc) 11.798/1.749 | lr(main/disc) 7.00e-05/3.50e-05 | 79.6s
2026-08-22 12:10:34 | New best val_f1_macro_present: 0.7693 at epoch 12
2026-08-22 12:11:53 | Epoch 013/100 | loss 2.4549 | cls 1.9701 | tal -0.0534 | dual_g 0.5009 | dual_d 0.8746 | train_acc 0.7227 | train_full 0.8304 | val_acc 0.7955 | val_f1 0.8104 | grad(main/disc) 11.912/1.756 | lr(main/disc) 7.00e-05/3.50e-05 | 79.3s
2026-08-22 12:11:54 | New best val_f1_macro_present: 0.8104 at epoch 13
2026-08-22 12:13:16 | Epoch 014/100 | loss 2.3671 | cls 1.9133 | tal -0.1332 | dual_g 0.4937 | dual_d 0.8828 | train_acc 0.7480 | train_full 0.8442 | val_acc 0.7879 | val_f1 0.7662 | grad(main/disc) 11.411/1.741 | lr(main/disc) 7.00e-05/3.50e-05 | 82.6s
2026-08-22 12:14:35 | Epoch 015/100 | loss 2.2910 | cls 1.8498 | tal -0.1522 | dual_g 0.4868 | dual_d 0.8881 | train_acc 0.7695 | train_full 0.8974 | val_acc 0.8561 | val_f1 0.8404 | grad(main/disc) 11.389/1.702 | lr(main/disc) 7.00e-05/3.50e-05 | 79.2s
2026-08-22 12:14:36 | New best val_f1_macro_present: 0.8404 at epoch 15
2026-08-22 12:15:57 | Epoch 016/100 | loss 2.1799 | cls 1.7472 | tal -0.1326 | dual_g 0.4725 | dual_d 0.9033 | train_acc 0.8125 | train_full 0.8955 | val_acc 0.8561 | val_f1 0.8399 | grad(main/disc) 10.583/1.735 | lr(main/disc) 7.00e-05/3.50e-05 | 80.9s
2026-08-22 12:17:17 | Epoch 017/100 | loss 2.2128 | cls 1.7877 | tal -0.1416 | dual_g 0.4676 | dual_d 0.9788 | train_acc 0.8301 | train_full 0.9349 | val_acc 0.9242 | val_f1 0.9145 | grad(main/disc) 10.583/1.771 | lr(main/disc) 7.00e-05/3.50e-05 | 80.2s
2026-08-22 12:17:17 | New best val_f1_macro_present: 0.9145 at epoch 17
2026-08-22 12:18:37 | Epoch 018/100 | loss 2.1371 | cls 1.6927 | tal -0.0518 | dual_g 0.4599 | dual_d 0.9590 | train_acc 0.8574 | train_full 0.9231 | val_acc 0.9242 | val_f1 0.9087 | grad(main/disc) 10.381/1.753 | lr(main/disc) 7.00e-05/3.50e-05 | 79.5s
2026-08-22 12:19:57 | Epoch 019/100 | loss 2.0636 | cls 1.6441 | tal -0.0972 | dual_g 0.4487 | dual_d 0.9912 | train_acc 0.8633 | train_full 0.9369 | val_acc 0.9470 | val_f1 0.9483 | grad(main/disc) 9.747/1.701 | lr(main/disc) 7.00e-05/3.50e-05 | 80.1s
2026-08-22 12:19:57 | New best val_f1_macro_present: 0.9483 at epoch 19
2026-08-22 12:21:19 | Epoch 020/100 | loss 2.0301 | cls 1.5920 | tal 0.0013 | dual_g 0.4377 | dual_d 1.0064 | train_acc 0.8594 | train_full 0.9546 | val_acc 0.9470 | val_f1 0.9470 | grad(main/disc) 9.218/1.721 | lr(main/disc) 7.00e-05/3.50e-05 | 82.0s
2026-08-22 12:22:39 | Epoch 021/100 | loss 1.9622 | cls 1.5574 | tal -0.0959 | dual_g 0.4336 | dual_d 0.9883 | train_acc 0.9160 | train_full 0.9014 | val_acc 0.8409 | val_f1 0.8368 | grad(main/disc) 9.742/1.679 | lr(main/disc) 7.00e-05/3.50e-05 | 79.5s
2026-08-22 12:24:00 | Epoch 022/100 | loss 1.9388 | cls 1.5364 | tal -0.0660 | dual_g 0.4222 | dual_d 1.0067 | train_acc 0.8809 | train_full 0.9448 | val_acc 0.9167 | val_f1 0.9274 | grad(main/disc) 8.636/1.663 | lr(main/disc) 7.00e-05/3.50e-05 | 81.4s
2026-08-22 12:25:21 | Epoch 023/100 | loss 1.9324 | cls 1.5363 | tal -0.0879 | dual_g 0.4224 | dual_d 0.9766 | train_acc 0.9121 | train_full 0.9448 | val_acc 0.9318 | val_f1 0.9364 | grad(main/disc) 8.656/1.611 | lr(main/disc) 7.00e-05/3.50e-05 | 80.6s
2026-08-22 12:26:38 | Epoch 024/100 | loss 1.8760 | cls 1.5102 | tal -0.1600 | dual_g 0.4138 | dual_d 1.0231 | train_acc 0.9180 | train_full 0.9527 | val_acc 0.9545 | val_f1 0.9545 | grad(main/disc) 8.703/1.627 | lr(main/disc) 7.00e-05/3.50e-05 | 77.6s
2026-08-22 12:26:38 | New best val_f1_macro_present: 0.9545 at epoch 24
2026-08-22 12:27:58 | Epoch 025/100 | loss 1.8350 | cls 1.4671 | tal -0.1301 | dual_g 0.4070 | dual_d 0.9692 | train_acc 0.9336 | train_full 0.9546 | val_acc 0.9394 | val_f1 0.9451 | grad(main/disc) 7.522/1.540 | lr(main/disc) 7.00e-05/3.50e-05 | 79.7s
2026-08-22 12:29:17 | Epoch 026/100 | loss 1.8004 | cls 1.4599 | tal -0.1894 | dual_g 0.3973 | dual_d 1.0246 | train_acc 0.9297 | train_full 0.9763 | val_acc 0.9545 | val_f1 0.9624 | grad(main/disc) 7.800/1.619 | lr(main/disc) 7.00e-05/3.50e-05 | 78.9s
2026-08-22 12:29:17 | New best val_f1_macro_present: 0.9624 at epoch 26
2026-08-22 12:30:37 | Epoch 027/100 | loss 1.7786 | cls 1.4380 | tal -0.1798 | dual_g 0.3946 | dual_d 0.9971 | train_acc 0.9434 | train_full 0.9763 | val_acc 0.9394 | val_f1 0.9521 | grad(main/disc) 7.620/1.562 | lr(main/disc) 7.00e-05/3.50e-05 | 79.2s
2026-08-22 12:31:56 | Epoch 028/100 | loss 1.7664 | cls 1.4100 | tal -0.0995 | dual_g 0.3863 | dual_d 1.0246 | train_acc 0.9531 | train_full 0.9961 | val_acc 0.9545 | val_f1 0.9620 | grad(main/disc) 6.757/1.543 | lr(main/disc) 7.00e-05/3.50e-05 | 79.9s
2026-08-22 12:33:12 | Epoch 029/100 | loss 1.7507 | cls 1.4019 | tal -0.1020 | dual_g 0.3794 | dual_d 1.0333 | train_acc 0.9551 | train_full 0.9724 | val_acc 0.9242 | val_f1 0.9102 | grad(main/disc) 6.583/1.532 | lr(main/disc) 7.00e-05/3.50e-05 | 75.2s
2026-08-22 12:34:31 | Epoch 030/100 | loss 1.7147 | cls 1.3998 | tal -0.1901 | dual_g 0.3720 | dual_d 1.0225 | train_acc 0.9551 | train_full 0.9763 | val_acc 0.9470 | val_f1 0.9417 | grad(main/disc) 6.659/1.526 | lr(main/disc) 7.00e-05/3.50e-05 | 79.0s
2026-08-22 12:35:49 | Epoch 031/100 | loss 1.7026 | cls 1.3710 | tal -0.1060 | dual_g 0.3634 | dual_d 1.0629 | train_acc 0.9668 | train_full 0.9842 | val_acc 0.9621 | val_f1 0.9653 | grad(main/disc) 6.553/1.536 | lr(main/disc) 7.00e-05/3.50e-05 | 78.7s
2026-08-22 12:35:50 | New best val_f1_macro_present: 0.9653 at epoch 31
2026-08-22 12:37:09 | Epoch 032/100 | loss 1.6794 | cls 1.3457 | tal -0.0867 | dual_g 0.3597 | dual_d 1.0896 | train_acc 0.9824 | train_full 0.9882 | val_acc 0.9697 | val_f1 0.9454 | grad(main/disc) 5.397/1.541 | lr(main/disc) 7.00e-05/3.50e-05 | 79.3s
2026-08-22 12:38:28 | Epoch 033/100 | loss 1.6671 | cls 1.3499 | tal -0.1140 | dual_g 0.3515 | dual_d 1.0444 | train_acc 0.9629 | train_full 0.9901 | val_acc 0.9621 | val_f1 0.9610 | grad(main/disc) 5.829/1.479 | lr(main/disc) 7.00e-05/3.50e-05 | 79.1s
2026-08-22 12:39:51 | Epoch 034/100 | loss 1.6575 | cls 1.3594 | tal -0.1637 | dual_g 0.3472 | dual_d 1.0648 | train_acc 0.9766 | train_full 0.9882 | val_acc 0.9621 | val_f1 0.9644 | grad(main/disc) 5.784/1.470 | lr(main/disc) 7.00e-05/3.50e-05 | 82.6s
2026-08-22 12:41:13 | Epoch 035/100 | loss 1.6656 | cls 1.3508 | tal -0.0963 | dual_g 0.3437 | dual_d 1.0729 | train_acc 0.9727 | train_full 0.9961 | val_acc 0.9621 | val_f1 0.9507 | grad(main/disc) 5.553/1.523 | lr(main/disc) 7.00e-05/3.50e-05 | 82.0s
2026-08-22 12:42:31 | Epoch 036/100 | loss 1.6083 | cls 1.3150 | tal -0.1524 | dual_g 0.3389 | dual_d 1.0199 | train_acc 0.9805 | train_full 0.9961 | val_acc 0.9394 | val_f1 0.9518 | grad(main/disc) 4.752/1.445 | lr(main/disc) 7.00e-05/3.50e-05 | 78.5s
2026-08-22 12:43:54 | Epoch 037/100 | loss 1.6147 | cls 1.3292 | tal -0.1620 | dual_g 0.3341 | dual_d 1.0410 | train_acc 0.9766 | train_full 0.9961 | val_acc 0.9773 | val_f1 0.9767 | grad(main/disc) 5.140/1.444 | lr(main/disc) 7.00e-05/3.50e-05 | 82.6s
2026-08-22 12:43:54 | New best val_f1_macro_present: 0.9767 at epoch 37
2026-08-22 12:45:14 | Epoch 038/100 | loss 1.5958 | cls 1.3146 | tal -0.1594 | dual_g 0.3289 | dual_d 1.0271 | train_acc 0.9824 | train_full 0.9941 | val_acc 0.9621 | val_f1 0.9588 | grad(main/disc) 4.833/1.390 | lr(main/disc) 7.00e-05/3.50e-05 | 80.1s
2026-08-22 12:46:34 | Epoch 039/100 | loss 1.5629 | cls 1.2875 | tal -0.1652 | dual_g 0.3250 | dual_d 1.0486 | train_acc 0.9844 | train_full 0.9961 | val_acc 0.9697 | val_f1 0.9698 | grad(main/disc) 3.986/1.442 | lr(main/disc) 7.00e-05/3.50e-05 | 80.1s
2026-08-22 12:47:54 | Epoch 040/100 | loss 1.5539 | cls 1.3064 | tal -0.2396 | dual_g 0.3194 | dual_d 1.0273 | train_acc 0.9824 | train_full 0.9921 | val_acc 0.9621 | val_f1 0.9486 | grad(main/disc) 4.508/1.448 | lr(main/disc) 7.00e-05/3.50e-05 | 79.9s
2026-08-22 12:49:14 | Epoch 041/100 | loss 1.5677 | cls 1.3112 | tal -0.2038 | dual_g 0.3176 | dual_d 1.0631 | train_acc 0.9727 | train_full 0.9546 | val_acc 0.9167 | val_f1 0.8967 | grad(main/disc) 4.734/1.441 | lr(main/disc) 7.00e-05/3.50e-05 | 80.0s
2026-08-22 12:50:34 | Epoch 042/100 | loss 1.5436 | cls 1.2852 | tal -0.1775 | dual_g 0.3117 | dual_d 1.0013 | train_acc 0.9844 | train_full 0.9941 | val_acc 0.9773 | val_f1 0.9728 | grad(main/disc) 4.777/1.377 | lr(main/disc) 7.00e-05/3.50e-05 | 79.2s
2026-08-22 12:51:55 | Epoch 043/100 | loss 1.5256 | cls 1.2754 | tal -0.1895 | dual_g 0.3071 | dual_d 1.0314 | train_acc 0.9902 | train_full 0.9941 | val_acc 0.9697 | val_f1 0.9710 | grad(main/disc) 4.068/1.385 | lr(main/disc) 7.00e-05/3.50e-05 | 80.8s
2026-08-22 12:53:17 | Epoch 044/100 | loss 1.5325 | cls 1.2801 | tal -0.1792 | dual_g 0.3062 | dual_d 1.0005 | train_acc 0.9863 | train_full 0.9941 | val_acc 0.9773 | val_f1 0.9773 | grad(main/disc) 3.785/1.379 | lr(main/disc) 7.00e-05/3.50e-05 | 82.3s
2026-08-22 12:54:35 | Epoch 045/100 | loss 1.5377 | cls 1.2820 | tal -0.1791 | dual_g 0.3094 | dual_d 1.0175 | train_acc 0.9922 | train_full 0.9921 | val_acc 0.9773 | val_f1 0.9767 | grad(main/disc) 4.134/1.370 | lr(main/disc) 7.00e-05/3.50e-05 | 78.2s
2026-08-22 12:55:53 | Epoch 046/100 | loss 1.5419 | cls 1.2840 | tal -0.1656 | dual_g 0.3076 | dual_d 0.9820 | train_acc 0.9961 | train_full 0.9961 | val_acc 0.9773 | val_f1 0.9773 | grad(main/disc) 4.208/1.330 | lr(main/disc) 7.00e-05/3.50e-05 | 78.0s
2026-08-22 12:55:53 | Early stopping at epoch 46 after 9 epochs without val_f1_macro_present improvement.
2026-08-22 12:55:53 | Training complete. Best validation accuracy: 0.9773 | best val_f1_macro_present: 0.9767
2026-08-22 12:55:53 | Starting Dual_D standalone training
2026-08-22 12:55:53 | Run directory: runs/module_c_ablation/module_c_no_classification_feedback_雾天_iter02_20260822_082835
2026-08-22 12:55:53 | Device: cuda
2026-08-22 12:55:53 | Source train samples: 992
2026-08-22 12:55:53 | Target train samples: 507
2026-08-22 12:55:53 | Target val samples: 132
2026-08-22 12:55:53 | Classes: 14
2026-08-22 12:55:53 | Data audit: same_dir=False | path_overlap(vis/ir/ais)=0/0/0 | content_overlap(vis/ir/ais)=0/0/0 | ais_index_overlap=0 | stem_mismatch(vis-ir/vis-ais)=630/0
2026-08-22 12:55:53 | source_train classes: present 14/14 | absent 0 | counts [0:120, 1:44, 2:69, 3:45, 4:40, 5:30, 6:64, 7:80, 8:116, 9:68, 10:57, 11:83, 12:48, 13:128]
2026-08-22 12:55:53 | target_train classes: present 9/14 | absent 5 | counts [0:35, 1:18, 2:119, 6:110, 8:25, 9:50, 10:48, 12:9, 13:93]
2026-08-22 12:55:53 | target_val classes: present 9/14 | absent 5 | counts [0:9, 1:5, 2:30, 6:28, 8:7, 9:13, 10:13, 12:3, 13:24]
2026-08-22 12:55:53 | Paired training classes: 9/14 | class ids [0, 1, 2, 6, 8, 9, 10, 12, 13]
2026-08-22 12:55:53 | VIS/IR pairing: class-level-unpaired | count-mismatch classes train/val: 10/2 | AIS alignment: none | AIS rows train/val: 0/0
2026-08-22 12:55:54 | Model parameters: total=17277714 | trainable=17120210
Starting run 8/12: domain=雾天, iteration=2, seed=49
2026-08-22 12:57:15 | Epoch 001/100 | loss 5.3381 | cls 4.7788 | tal -0.1910 | dual_g 0.6166 | dual_d 0.0000 | train_acc 0.1016 | train_full 0.1716 | val_acc 0.1818 | val_f1 0.1128 | grad(main/disc) 19.297/0.000 | lr(main/disc) 7.00e-05/3.50e-05 | 81.7s
2026-08-22 12:57:16 | New best val_f1_macro_present: 0.1128 at epoch 1
2026-08-22 12:58:35 | Epoch 002/100 | loss 4.5698 | cls 3.9820 | tal -0.0264 | dual_g 0.5957 | dual_d 0.0000 | train_acc 0.1992 | train_full 0.4241 | val_acc 0.3636 | val_f1 0.2714 | grad(main/disc) 15.851/0.000 | lr(main/disc) 7.00e-05/3.50e-05 | 78.9s
2026-08-22 12:58:35 | New best val_f1_macro_present: 0.2714 at epoch 2
2026-08-22 12:59:56 | Epoch 003/100 | loss 4.0610 | cls 3.4849 | tal -0.0118 | dual_g 0.5797 | dual_d 0.0000 | train_acc 0.2656 | train_full 0.4970 | val_acc 0.5379 | val_f1 0.4663 | grad(main/disc) 14.516/0.000 | lr(main/disc) 7.00e-05/3.50e-05 | 80.9s
2026-08-22 12:59:56 | New best val_f1_macro_present: 0.4663 at epoch 3
2026-08-22 13:01:18 | Epoch 004/100 | loss 3.8638 | cls 3.3015 | tal -0.0182 | dual_g 0.5678 | dual_d 0.0000 | train_acc 0.3066 | train_full 0.6331 | val_acc 0.5909 | val_f1 0.5136 | grad(main/disc) 14.250/0.000 | lr(main/disc) 7.00e-05/3.50e-05 | 81.5s
2026-08-22 13:01:18 | New best val_f1_macro_present: 0.5136 at epoch 4
2026-08-22 13:02:40 | Epoch 005/100 | loss 3.5367 | cls 3.0029 | tal -0.0676 | dual_g 0.5540 | dual_d 0.0000 | train_acc 0.3379 | train_full 0.5720 | val_acc 0.5152 | val_f1 0.5038 | grad(main/disc) 13.513/0.000 | lr(main/disc) 7.00e-05/3.50e-05 | 82.1s
2026-08-22 13:04:02 | Epoch 006/100 | loss 3.3608 | cls 2.8235 | tal -0.0202 | dual_g 0.5433 | dual_d 0.7731 | train_acc 0.4082 | train_full 0.6410 | val_acc 0.5758 | val_f1 0.5238 | grad(main/disc) 13.723/1.696 | lr(main/disc) 7.00e-05/3.50e-05 | 82.2s
2026-08-22 13:04:03 | New best val_f1_macro_present: 0.5238 at epoch 6
2026-08-22 13:05:22 | Epoch 007/100 | loss 3.1971 | cls 2.6756 | tal -0.0364 | dual_g 0.5324 | dual_d 0.7595 | train_acc 0.4395 | train_full 0.7081 | val_acc 0.6439 | val_f1 0.6210 | grad(main/disc) 13.925/1.618 | lr(main/disc) 7.00e-05/3.50e-05 | 79.0s
2026-08-22 13:05:22 | New best val_f1_macro_present: 0.6210 at epoch 7
2026-08-22 13:06:44 | Epoch 008/100 | loss 3.0328 | cls 2.5286 | tal -0.0757 | dual_g 0.5269 | dual_d 0.7451 | train_acc 0.5449 | train_full 0.7633 | val_acc 0.7424 | val_f1 0.7739 | grad(main/disc) 14.105/1.584 | lr(main/disc) 7.00e-05/3.50e-05 | 82.0s
2026-08-22 13:06:44 | New best val_f1_macro_present: 0.7739 at epoch 8
2026-08-22 13:08:03 | Epoch 009/100 | loss 2.8731 | cls 2.3758 | tal -0.0861 | dual_g 0.5231 | dual_d 0.7365 | train_acc 0.5977 | train_full 0.8087 | val_acc 0.7803 | val_f1 0.7477 | grad(main/disc) 13.506/1.553 | lr(main/disc) 7.00e-05/3.50e-05 | 78.2s
2026-08-22 13:09:21 | Epoch 010/100 | loss 2.7284 | cls 2.2369 | tal -0.0666 | dual_g 0.5114 | dual_d 0.6966 | train_acc 0.6543 | train_full 0.8047 | val_acc 0.8030 | val_f1 0.8057 | grad(main/disc) 13.666/1.479 | lr(main/disc) 7.00e-05/3.50e-05 | 78.6s
2026-08-22 13:09:22 | New best val_f1_macro_present: 0.8057 at epoch 10
2026-08-22 13:10:44 | Epoch 011/100 | loss 2.7060 | cls 2.2057 | tal -0.0152 | dual_g 0.5049 | dual_d 0.7079 | train_acc 0.6582 | train_full 0.8284 | val_acc 0.8030 | val_f1 0.8493 | grad(main/disc) 13.182/1.475 | lr(main/disc) 7.00e-05/3.50e-05 | 82.5s
2026-08-22 13:10:44 | New best val_f1_macro_present: 0.8493 at epoch 11
2026-08-22 13:12:07 | Epoch 012/100 | loss 2.5454 | cls 2.0365 | tal 0.0293 | dual_g 0.5000 | dual_d 0.7201 | train_acc 0.6895 | train_full 0.8126 | val_acc 0.8258 | val_f1 0.8667 | grad(main/disc) 13.241/1.513 | lr(main/disc) 7.00e-05/3.50e-05 | 82.7s
2026-08-22 13:12:07 | New best val_f1_macro_present: 0.8667 at epoch 12
2026-08-22 13:13:30 | Epoch 013/100 | loss 2.4697 | cls 1.9967 | tal -0.0669 | dual_g 0.4930 | dual_d 0.7643 | train_acc 0.6914 | train_full 0.8698 | val_acc 0.8409 | val_f1 0.8476 | grad(main/disc) 12.054/1.522 | lr(main/disc) 7.00e-05/3.50e-05 | 82.9s
2026-08-22 13:14:47 | Epoch 014/100 | loss 2.3954 | cls 1.9362 | tal -0.0978 | dual_g 0.4885 | dual_d 0.7411 | train_acc 0.7246 | train_full 0.8501 | val_acc 0.8106 | val_f1 0.7925 | grad(main/disc) 12.027/1.459 | lr(main/disc) 7.00e-05/3.50e-05 | 76.7s
2026-08-22 13:16:05 | Epoch 015/100 | loss 2.3853 | cls 1.9262 | tal -0.0847 | dual_g 0.4845 | dual_d 0.7678 | train_acc 0.7480 | train_full 0.9034 | val_acc 0.8939 | val_f1 0.9086 | grad(main/disc) 12.455/1.516 | lr(main/disc) 7.00e-05/3.50e-05 | 78.4s
2026-08-22 13:16:06 | New best val_f1_macro_present: 0.9086 at epoch 15
2026-08-22 13:17:27 | Epoch 016/100 | loss 2.2457 | cls 1.8040 | tal -0.0962 | dual_g 0.4706 | dual_d 0.8563 | train_acc 0.8066 | train_full 0.9093 | val_acc 0.9091 | val_f1 0.9233 | grad(main/disc) 11.493/1.597 | lr(main/disc) 7.00e-05/3.50e-05 | 81.1s
2026-08-22 13:17:27 | New best val_f1_macro_present: 0.9233 at epoch 16
2026-08-22 13:18:47 | Epoch 017/100 | loss 2.2002 | cls 1.7671 | tal -0.1081 | dual_g 0.4655 | dual_d 0.7950 | train_acc 0.8066 | train_full 0.8817 | val_acc 0.8712 | val_f1 0.8996 | grad(main/disc) 11.880/1.476 | lr(main/disc) 7.00e-05/3.50e-05 | 79.6s
2026-08-22 13:20:11 | Epoch 018/100 | loss 2.1047 | cls 1.6684 | tal -0.0656 | dual_g 0.4560 | dual_d 0.8382 | train_acc 0.8438 | train_full 0.9014 | val_acc 0.8864 | val_f1 0.8894 | grad(main/disc) 10.676/1.493 | lr(main/disc) 7.00e-05/3.50e-05 | 84.1s
2026-08-22 13:21:42 | Epoch 019/100 | loss 2.1124 | cls 1.7187 | tal -0.1909 | dual_g 0.4510 | dual_d 0.8663 | train_acc 0.8555 | train_full 0.9349 | val_acc 0.9545 | val_f1 0.9332 | grad(main/disc) 11.515/1.556 | lr(main/disc) 7.00e-05/3.50e-05 | 90.9s
2026-08-22 13:21:42 | New best val_f1_macro_present: 0.9332 at epoch 19
2026-08-22 13:23:15 | Epoch 020/100 | loss 2.0116 | cls 1.6100 | tal -0.1292 | dual_g 0.4403 | dual_d 0.8563 | train_acc 0.8984 | train_full 0.9270 | val_acc 0.9394 | val_f1 0.9450 | grad(main/disc) 9.780/1.485 | lr(main/disc) 7.00e-05/3.50e-05 | 92.6s
2026-08-22 13:23:15 | New best val_f1_macro_present: 0.9450 at epoch 20
2026-08-22 13:24:47 | Epoch 021/100 | loss 2.0236 | cls 1.6074 | tal -0.0733 | dual_g 0.4382 | dual_d 0.8844 | train_acc 0.8652 | train_full 0.9428 | val_acc 0.9545 | val_f1 0.9486 | grad(main/disc) 10.362/1.517 | lr(main/disc) 7.00e-05/3.50e-05 | 91.8s
2026-08-22 13:24:47 | New best val_f1_macro_present: 0.9486 at epoch 21
2026-08-22 13:26:19 | Epoch 022/100 | loss 1.9251 | cls 1.5178 | tal -0.0734 | dual_g 0.4293 | dual_d 0.9304 | train_acc 0.9219 | train_full 0.9408 | val_acc 0.9242 | val_f1 0.9177 | grad(main/disc) 9.212/1.581 | lr(main/disc) 7.00e-05/3.50e-05 | 91.4s
2026-08-22 13:27:50 | Epoch 023/100 | loss 1.9083 | cls 1.5062 | tal -0.0697 | dual_g 0.4230 | dual_d 0.9128 | train_acc 0.9316 | train_full 0.9507 | val_acc 0.9621 | val_f1 0.9510 | grad(main/disc) 8.212/1.493 | lr(main/disc) 7.00e-05/3.50e-05 | 91.0s
2026-08-22 13:27:50 | New best val_f1_macro_present: 0.9510 at epoch 23
2026-08-22 13:29:21 | Epoch 024/100 | loss 1.9394 | cls 1.5086 | tal 0.0420 | dual_g 0.4182 | dual_d 0.9325 | train_acc 0.9180 | train_full 0.9606 | val_acc 0.9697 | val_f1 0.9561 | grad(main/disc) 8.992/1.507 | lr(main/disc) 7.00e-05/3.50e-05 | 90.3s
2026-08-22 13:29:21 | New best val_f1_macro_present: 0.9561 at epoch 24
2026-08-22 13:30:51 | Epoch 025/100 | loss 1.9110 | cls 1.4938 | tal 0.0238 | dual_g 0.4100 | dual_d 0.9705 | train_acc 0.9102 | train_full 0.9645 | val_acc 0.9470 | val_f1 0.9385 | grad(main/disc) 8.714/1.523 | lr(main/disc) 7.00e-05/3.50e-05 | 90.6s
2026-08-22 13:32:23 | Epoch 026/100 | loss 1.8310 | cls 1.4586 | tal -0.0839 | dual_g 0.3976 | dual_d 0.9776 | train_acc 0.9492 | train_full 0.9645 | val_acc 0.9621 | val_f1 0.9510 | grad(main/disc) 7.893/1.510 | lr(main/disc) 7.00e-05/3.50e-05 | 92.0s
2026-08-22 13:33:54 | Epoch 027/100 | loss 1.8260 | cls 1.4619 | tal -0.0959 | dual_g 0.3929 | dual_d 0.9911 | train_acc 0.9434 | train_full 0.9862 | val_acc 0.9773 | val_f1 0.9768 | grad(main/disc) 7.586/1.512 | lr(main/disc) 7.00e-05/3.50e-05 | 91.0s
2026-08-22 13:33:55 | New best val_f1_macro_present: 0.9768 at epoch 27
2026-08-22 13:35:25 | Epoch 028/100 | loss 1.7470 | cls 1.4104 | tal -0.1522 | dual_g 0.3823 | dual_d 1.0254 | train_acc 0.9473 | train_full 0.9763 | val_acc 0.9545 | val_f1 0.9426 | grad(main/disc) 6.933/1.479 | lr(main/disc) 7.00e-05/3.50e-05 | 90.2s
2026-08-22 13:36:56 | Epoch 029/100 | loss 1.7352 | cls 1.3981 | tal -0.1191 | dual_g 0.3728 | dual_d 1.0238 | train_acc 0.9629 | train_full 0.9862 | val_acc 0.9773 | val_f1 0.9680 | grad(main/disc) 6.650/1.485 | lr(main/disc) 7.00e-05/3.50e-05 | 91.1s
2026-08-22 13:38:27 | Epoch 030/100 | loss 1.7125 | cls 1.3730 | tal -0.0841 | dual_g 0.3648 | dual_d 1.0204 | train_acc 0.9648 | train_full 0.9862 | val_acc 0.9697 | val_f1 0.9628 | grad(main/disc) 5.989/1.489 | lr(main/disc) 7.00e-05/3.50e-05 | 91.1s
2026-08-22 13:39:59 | Epoch 031/100 | loss 1.7503 | cls 1.4018 | tal -0.0427 | dual_g 0.3613 | dual_d 0.9861 | train_acc 0.9590 | train_full 0.9310 | val_acc 0.9091 | val_f1 0.8932 | grad(main/disc) 7.214/1.453 | lr(main/disc) 7.00e-05/3.50e-05 | 91.6s
2026-08-22 13:41:31 | Epoch 032/100 | loss 1.7224 | cls 1.3878 | tal -0.0743 | dual_g 0.3569 | dual_d 1.0156 | train_acc 0.9531 | train_full 0.9901 | val_acc 0.9697 | val_f1 0.9551 | grad(main/disc) 6.687/1.454 | lr(main/disc) 7.00e-05/3.50e-05 | 92.0s
2026-08-22 13:43:02 | Epoch 033/100 | loss 1.7072 | cls 1.3732 | tal -0.0675 | dual_g 0.3543 | dual_d 1.0111 | train_acc 0.9551 | train_full 0.9862 | val_acc 0.9773 | val_f1 0.9625 | grad(main/disc) 6.338/1.446 | lr(main/disc) 7.00e-05/3.50e-05 | 91.4s
2026-08-22 13:44:34 | Epoch 034/100 | loss 1.6585 | cls 1.3618 | tal -0.1721 | dual_g 0.3484 | dual_d 0.9750 | train_acc 0.9707 | train_full 0.9862 | val_acc 0.9848 | val_f1 0.9746 | grad(main/disc) 5.775/1.395 | lr(main/disc) 3.50e-05/1.75e-05 | 91.5s
2026-08-22 13:46:04 | Epoch 035/100 | loss 1.6483 | cls 1.3340 | tal -0.1166 | dual_g 0.3493 | dual_d 0.9545 | train_acc 0.9824 | train_full 0.9921 | val_acc 0.9848 | val_f1 0.9746 | grad(main/disc) 5.438/1.333 | lr(main/disc) 3.50e-05/1.75e-05 | 90.7s
2026-08-22 13:47:35 | Epoch 036/100 | loss 1.6263 | cls 1.3274 | tal -0.1186 | dual_g 0.3345 | dual_d 1.0037 | train_acc 0.9805 | train_full 0.9901 | val_acc 0.9773 | val_f1 0.9687 | grad(main/disc) 4.844/1.382 | lr(main/disc) 3.50e-05/1.75e-05 | 90.7s
2026-08-22 13:47:35 | Early stopping at epoch 36 after 9 epochs without val_f1_macro_present improvement.
2026-08-22 13:47:35 | Training complete. Best validation accuracy: 0.9848 | best val_f1_macro_present: 0.9768
2026-08-22 13:47:35 | Starting Dual_D standalone training
2026-08-22 13:47:35 | Run directory: runs/module_c_ablation/module_c_no_classification_feedback_雾天_iter03_20260822_082835
2026-08-22 13:47:35 | Device: cuda
2026-08-22 13:47:35 | Source train samples: 992
2026-08-22 13:47:35 | Target train samples: 507
2026-08-22 13:47:35 | Target val samples: 132
2026-08-22 13:47:35 | Classes: 14
2026-08-22 13:47:35 | Data audit: same_dir=False | path_overlap(vis/ir/ais)=0/0/0 | content_overlap(vis/ir/ais)=0/0/0 | ais_index_overlap=0 | stem_mismatch(vis-ir/vis-ais)=630/0
2026-08-22 13:47:35 | source_train classes: present 14/14 | absent 0 | counts [0:120, 1:44, 2:69, 3:45, 4:40, 5:30, 6:64, 7:80, 8:116, 9:68, 10:57, 11:83, 12:48, 13:128]
2026-08-22 13:47:35 | target_train classes: present 9/14 | absent 5 | counts [0:35, 1:18, 2:119, 6:110, 8:25, 9:50, 10:48, 12:9, 13:93]
2026-08-22 13:47:35 | target_val classes: present 9/14 | absent 5 | counts [0:9, 1:5, 2:30, 6:28, 8:7, 9:13, 10:13, 12:3, 13:24]
2026-08-22 13:47:35 | Paired training classes: 9/14 | class ids [0, 1, 2, 6, 8, 9, 10, 12, 13]
2026-08-22 13:47:35 | VIS/IR pairing: class-level-unpaired | count-mismatch classes train/val: 10/2 | AIS alignment: none | AIS rows train/val: 0/0
2026-08-22 13:47:36 | Model parameters: total=17277714 | trainable=17120210
Starting run 9/12: domain=雾天, iteration=3, seed=50
2026-08-22 13:49:06 | Epoch 001/100 | loss 5.4948 | cls 4.9294 | tal -0.1910 | dual_g 0.6226 | dual_d 0.0000 | train_acc 0.1133 | train_full 0.0671 | val_acc 0.0682 | val_f1 0.0156 | grad(main/disc) 19.889/0.000 | lr(main/disc) 7.00e-05/3.50e-05 | 89.9s
2026-08-22 13:49:06 | New best val_f1_macro_present: 0.0156 at epoch 1
2026-08-22 13:50:37 | Epoch 002/100 | loss 4.5950 | cls 4.0217 | tal -0.0829 | dual_g 0.5982 | dual_d 0.0000 | train_acc 0.2148 | train_full 0.2604 | val_acc 0.2500 | val_f1 0.2354 | grad(main/disc) 15.784/0.000 | lr(main/disc) 7.00e-05/3.50e-05 | 90.6s
2026-08-22 13:50:37 | New best val_f1_macro_present: 0.2354 at epoch 2
2026-08-22 13:52:08 | Epoch 003/100 | loss 4.1345 | cls 3.6331 | tal -0.2652 | dual_g 0.5809 | dual_d 0.0000 | train_acc 0.2266 | train_full 0.2525 | val_acc 0.2500 | val_f1 0.2301 | grad(main/disc) 14.406/0.000 | lr(main/disc) 7.00e-05/3.50e-05 | 91.2s
2026-08-22 13:53:38 | Epoch 004/100 | loss 3.7606 | cls 3.2756 | tal -0.2694 | dual_g 0.5658 | dual_d 0.0000 | train_acc 0.3145 | train_full 0.3984 | val_acc 0.3636 | val_f1 0.3601 | grad(main/disc) 13.509/0.000 | lr(main/disc) 7.00e-05/3.50e-05 | 89.9s
2026-08-22 13:53:39 | New best val_f1_macro_present: 0.3601 at epoch 4
2026-08-22 13:55:09 | Epoch 005/100 | loss 3.5868 | cls 3.1126 | tal -0.2531 | dual_g 0.5502 | dual_d 0.0000 | train_acc 0.3164 | train_full 0.4004 | val_acc 0.3485 | val_f1 0.3716 | grad(main/disc) 13.669/0.000 | lr(main/disc) 7.00e-05/3.50e-05 | 89.9s
2026-08-22 13:55:09 | New best val_f1_macro_present: 0.3716 at epoch 5
2026-08-22 13:56:39 | Epoch 006/100 | loss 3.3546 | cls 2.8638 | tal -0.1751 | dual_g 0.5433 | dual_d 0.8278 | train_acc 0.4121 | train_full 0.6627 | val_acc 0.5909 | val_f1 0.5441 | grad(main/disc) 13.399/1.892 | lr(main/disc) 7.00e-05/3.50e-05 | 90.2s
2026-08-22 13:56:40 | New best val_f1_macro_present: 0.5441 at epoch 6
2026-08-22 13:58:09 | Epoch 007/100 | loss 3.1939 | cls 2.6888 | tal -0.1049 | dual_g 0.5365 | dual_d 0.7660 | train_acc 0.4355 | train_full 0.6982 | val_acc 0.6439 | val_f1 0.5589 | grad(main/disc) 13.665/1.787 | lr(main/disc) 7.00e-05/3.50e-05 | 89.7s
2026-08-22 13:58:10 | New best val_f1_macro_present: 0.5589 at epoch 7
2026-08-22 13:59:34 | Epoch 008/100 | loss 2.9616 | cls 2.4945 | tal -0.1943 | dual_g 0.5254 | dual_d 0.7645 | train_acc 0.5195 | train_full 0.6489 | val_acc 0.6136 | val_f1 0.6248 | grad(main/disc) 13.010/1.716 | lr(main/disc) 7.00e-05/3.50e-05 | 84.6s
2026-08-22 13:59:35 | New best val_f1_macro_present: 0.6248 at epoch 8
2026-08-22 14:00:53 | Epoch 009/100 | loss 2.8640 | cls 2.4151 | tal -0.2336 | dual_g 0.5190 | dual_d 0.7519 | train_acc 0.5488 | train_full 0.6706 | val_acc 0.6136 | val_f1 0.6651 | grad(main/disc) 13.911/1.691 | lr(main/disc) 7.00e-05/3.50e-05 | 78.5s
2026-08-22 14:00:53 | New best val_f1_macro_present: 0.6651 at epoch 9
2026-08-22 14:02:14 | Epoch 010/100 | loss 2.6974 | cls 2.2628 | tal -0.2551 | dual_g 0.5111 | dual_d 0.7609 | train_acc 0.6543 | train_full 0.7673 | val_acc 0.7273 | val_f1 0.7423 | grad(main/disc) 13.109/1.623 | lr(main/disc) 7.00e-05/3.50e-05 | 80.4s
2026-08-22 14:02:14 | New best val_f1_macro_present: 0.7423 at epoch 10
2026-08-22 14:03:34 | Epoch 011/100 | loss 2.5865 | cls 2.1492 | tal -0.2264 | dual_g 0.5052 | dual_d 0.7806 | train_acc 0.6758 | train_full 0.8126 | val_acc 0.7576 | val_f1 0.7674 | grad(main/disc) 12.838/1.668 | lr(main/disc) 7.00e-05/3.50e-05 | 80.2s
2026-08-22 14:03:35 | New best val_f1_macro_present: 0.7674 at epoch 11
2026-08-22 14:04:51 | Epoch 012/100 | loss 2.4320 | cls 1.9691 | tal -0.1251 | dual_g 0.5004 | dual_d 0.7963 | train_acc 0.7461 | train_full 0.8028 | val_acc 0.7273 | val_f1 0.7276 | grad(main/disc) 11.992/1.700 | lr(main/disc) 7.00e-05/3.50e-05 | 76.1s
2026-08-22 14:06:11 | Epoch 013/100 | loss 2.4102 | cls 1.9679 | tal -0.1840 | dual_g 0.4975 | dual_d 0.8002 | train_acc 0.7344 | train_full 0.9152 | val_acc 0.8485 | val_f1 0.8567 | grad(main/disc) 12.715/1.631 | lr(main/disc) 7.00e-05/3.50e-05 | 80.2s
2026-08-22 14:06:11 | New best val_f1_macro_present: 0.8567 at epoch 13
2026-08-22 14:07:32 | Epoch 014/100 | loss 2.2699 | cls 1.8303 | tal -0.1480 | dual_g 0.4840 | dual_d 0.7998 | train_acc 0.7773 | train_full 0.9112 | val_acc 0.8788 | val_f1 0.8729 | grad(main/disc) 11.562/1.578 | lr(main/disc) 7.00e-05/3.50e-05 | 80.7s
2026-08-22 14:07:32 | New best val_f1_macro_present: 0.8729 at epoch 14
2026-08-22 14:08:49 | Epoch 015/100 | loss 2.2118 | cls 1.7871 | tal -0.1741 | dual_g 0.4770 | dual_d 0.8234 | train_acc 0.8027 | train_full 0.9112 | val_acc 0.8636 | val_f1 0.8559 | grad(main/disc) 11.239/1.542 | lr(main/disc) 7.00e-05/3.50e-05 | 76.1s
2026-08-22 14:10:07 | Epoch 016/100 | loss 2.1658 | cls 1.7507 | tal -0.1715 | dual_g 0.4665 | dual_d 0.8683 | train_acc 0.8086 | train_full 0.9408 | val_acc 0.8864 | val_f1 0.8966 | grad(main/disc) 10.894/1.607 | lr(main/disc) 7.00e-05/3.50e-05 | 78.5s
2026-08-22 14:10:07 | New best val_f1_macro_present: 0.8966 at epoch 16
2026-08-22 14:11:28 | Epoch 017/100 | loss 2.1015 | cls 1.6778 | tal -0.1169 | dual_g 0.4588 | dual_d 0.8391 | train_acc 0.8359 | train_full 0.9211 | val_acc 0.8485 | val_f1 0.8352 | grad(main/disc) 10.676/1.505 | lr(main/disc) 7.00e-05/3.50e-05 | 80.5s
2026-08-22 14:12:45 | Epoch 018/100 | loss 2.0475 | cls 1.6358 | tal -0.1259 | dual_g 0.4495 | dual_d 0.8722 | train_acc 0.8633 | train_full 0.9586 | val_acc 0.9091 | val_f1 0.9151 | grad(main/disc) 10.536/1.512 | lr(main/disc) 7.00e-05/3.50e-05 | 77.4s
2026-08-22 14:12:46 | New best val_f1_macro_present: 0.9151 at epoch 18
2026-08-22 14:14:04 | Epoch 019/100 | loss 2.0197 | cls 1.6144 | tal -0.1143 | dual_g 0.4396 | dual_d 0.8930 | train_acc 0.8594 | train_full 0.9191 | val_acc 0.8864 | val_f1 0.8922 | grad(main/disc) 9.794/1.534 | lr(main/disc) 7.00e-05/3.50e-05 | 78.8s
2026-08-22 14:15:20 | Epoch 020/100 | loss 1.9666 | cls 1.5580 | tal -0.0821 | dual_g 0.4332 | dual_d 0.8936 | train_acc 0.8730 | train_full 0.9290 | val_acc 0.8636 | val_f1 0.8614 | grad(main/disc) 8.945/1.500 | lr(main/disc) 7.00e-05/3.50e-05 | 75.5s
2026-08-22 14:16:37 | Epoch 021/100 | loss 1.8925 | cls 1.4976 | tal -0.0778 | dual_g 0.4182 | dual_d 0.8852 | train_acc 0.9238 | train_full 0.9487 | val_acc 0.8939 | val_f1 0.8843 | grad(main/disc) 8.180/1.461 | lr(main/disc) 7.00e-05/3.50e-05 | 76.6s
2026-08-22 14:17:56 | Epoch 022/100 | loss 1.9369 | cls 1.5325 | tal -0.0479 | dual_g 0.4188 | dual_d 0.9289 | train_acc 0.9160 | train_full 0.9645 | val_acc 0.9167 | val_f1 0.9105 | grad(main/disc) 9.474/1.458 | lr(main/disc) 7.00e-05/3.50e-05 | 79.2s
2026-08-22 14:19:13 | Epoch 023/100 | loss 1.9128 | cls 1.5000 | tal -0.0024 | dual_g 0.4136 | dual_d 0.9623 | train_acc 0.9355 | train_full 0.9507 | val_acc 0.8864 | val_f1 0.8848 | grad(main/disc) 8.263/1.492 | lr(main/disc) 7.00e-05/3.50e-05 | 76.9s
2026-08-22 14:20:33 | Epoch 024/100 | loss 1.8414 | cls 1.4661 | tal -0.0902 | dual_g 0.4023 | dual_d 0.9465 | train_acc 0.9258 | train_full 0.9625 | val_acc 0.9242 | val_f1 0.9331 | grad(main/disc) 7.876/1.427 | lr(main/disc) 7.00e-05/3.50e-05 | 80.7s
2026-08-22 14:20:34 | New best val_f1_macro_present: 0.9331 at epoch 24
2026-08-22 14:21:49 | Epoch 025/100 | loss 1.8177 | cls 1.4400 | tal -0.0863 | dual_g 0.4036 | dual_d 0.9874 | train_acc 0.9453 | train_full 0.9704 | val_acc 0.9318 | val_f1 0.9316 | grad(main/disc) 7.124/1.495 | lr(main/disc) 7.00e-05/3.50e-05 | 75.0s
2026-08-22 14:23:08 | Epoch 026/100 | loss 1.7799 | cls 1.4224 | tal -0.0983 | dual_g 0.3871 | dual_d 1.0185 | train_acc 0.9395 | train_full 0.9566 | val_acc 0.9242 | val_f1 0.9221 | grad(main/disc) 6.917/1.467 | lr(main/disc) 7.00e-05/3.50e-05 | 79.6s
2026-08-22 14:24:24 | Epoch 027/100 | loss 1.7471 | cls 1.4015 | tal -0.1477 | dual_g 0.3899 | dual_d 1.0069 | train_acc 0.9609 | train_full 0.9882 | val_acc 0.9394 | val_f1 0.9473 | grad(main/disc) 6.848/1.460 | lr(main/disc) 7.00e-05/3.50e-05 | 75.6s
2026-08-22 14:24:24 | New best val_f1_macro_present: 0.9473 at epoch 27
2026-08-22 14:25:43 | Epoch 028/100 | loss 1.7988 | cls 1.4425 | tal -0.0920 | dual_g 0.3838 | dual_d 0.9486 | train_acc 0.9531 | train_full 0.9724 | val_acc 0.9394 | val_f1 0.9460 | grad(main/disc) 7.637/1.445 | lr(main/disc) 7.00e-05/3.50e-05 | 79.2s
2026-08-22 14:27:05 | Epoch 029/100 | loss 1.7371 | cls 1.3848 | tal -0.0754 | dual_g 0.3749 | dual_d 0.9762 | train_acc 0.9785 | train_full 0.9842 | val_acc 0.9545 | val_f1 0.9587 | grad(main/disc) 6.550/1.381 | lr(main/disc) 7.00e-05/3.50e-05 | 81.1s
2026-08-22 14:27:05 | New best val_f1_macro_present: 0.9587 at epoch 29
2026-08-22 14:28:20 | Epoch 030/100 | loss 1.7099 | cls 1.3711 | tal -0.1054 | dual_g 0.3704 | dual_d 1.0348 | train_acc 0.9629 | train_full 0.9645 | val_acc 0.9318 | val_f1 0.9355 | grad(main/disc) 6.286/1.505 | lr(main/disc) 7.00e-05/3.50e-05 | 75.3s
2026-08-22 14:29:38 | Epoch 031/100 | loss 1.7184 | cls 1.4004 | tal -0.1303 | dual_g 0.3571 | dual_d 1.0078 | train_acc 0.9590 | train_full 0.9744 | val_acc 0.9318 | val_f1 0.9145 | grad(main/disc) 6.741/1.419 | lr(main/disc) 7.00e-05/3.50e-05 | 77.9s
2026-08-22 14:30:55 | Epoch 032/100 | loss 1.6444 | cls 1.3414 | tal -0.1541 | dual_g 0.3492 | dual_d 1.0091 | train_acc 0.9707 | train_full 0.9862 | val_acc 0.9545 | val_f1 0.9465 | grad(main/disc) 5.322/1.401 | lr(main/disc) 7.00e-05/3.50e-05 | 76.6s
2026-08-22 14:32:12 | Epoch 033/100 | loss 1.6542 | cls 1.3536 | tal -0.1459 | dual_g 0.3444 | dual_d 0.9888 | train_acc 0.9648 | train_full 0.9704 | val_acc 0.9242 | val_f1 0.9304 | grad(main/disc) 5.300/1.382 | lr(main/disc) 7.00e-05/3.50e-05 | 77.4s
2026-08-22 14:33:30 | Epoch 034/100 | loss 1.6244 | cls 1.3310 | tal -0.1396 | dual_g 0.3352 | dual_d 1.0094 | train_acc 0.9668 | train_full 0.9862 | val_acc 0.9318 | val_f1 0.9282 | grad(main/disc) 5.252/1.386 | lr(main/disc) 7.00e-05/3.50e-05 | 77.7s
2026-08-22 14:34:48 | Epoch 035/100 | loss 1.6330 | cls 1.3470 | tal -0.1469 | dual_g 0.3301 | dual_d 0.9959 | train_acc 0.9668 | train_full 0.9882 | val_acc 0.9621 | val_f1 0.9648 | grad(main/disc) 5.654/1.351 | lr(main/disc) 7.00e-05/3.50e-05 | 78.5s
2026-08-22 14:34:49 | New best val_f1_macro_present: 0.9648 at epoch 35
2026-08-22 14:36:08 | Epoch 036/100 | loss 1.5913 | cls 1.3158 | tal -0.1658 | dual_g 0.3253 | dual_d 0.9979 | train_acc 0.9766 | train_full 0.9921 | val_acc 0.9470 | val_f1 0.9463 | grad(main/disc) 4.667/1.338 | lr(main/disc) 7.00e-05/3.50e-05 | 79.9s
2026-08-22 14:37:29 | Epoch 037/100 | loss 1.5825 | cls 1.3009 | tal -0.1297 | dual_g 0.3205 | dual_d 0.9898 | train_acc 0.9922 | train_full 0.9901 | val_acc 0.9621 | val_f1 0.9670 | grad(main/disc) 4.386/1.320 | lr(main/disc) 7.00e-05/3.50e-05 | 80.2s
2026-08-22 14:37:29 | New best val_f1_macro_present: 0.9670 at epoch 37
2026-08-22 14:38:47 | Epoch 038/100 | loss 1.5480 | cls 1.2886 | tal -0.1812 | dual_g 0.3137 | dual_d 0.9824 | train_acc 0.9766 | train_full 0.9961 | val_acc 0.9545 | val_f1 0.9521 | grad(main/disc) 3.674/1.326 | lr(main/disc) 7.00e-05/3.50e-05 | 78.5s
2026-08-22 14:40:06 | Epoch 039/100 | loss 1.5795 | cls 1.3132 | tal -0.1661 | dual_g 0.3162 | dual_d 0.9350 | train_acc 0.9727 | train_full 0.9961 | val_acc 0.9545 | val_f1 0.9610 | grad(main/disc) 4.687/1.272 | lr(main/disc) 7.00e-05/3.50e-05 | 78.4s
2026-08-22 14:41:23 | Epoch 040/100 | loss 1.5690 | cls 1.3058 | tal -0.1630 | dual_g 0.3121 | dual_d 0.9566 | train_acc 0.9785 | train_full 0.9961 | val_acc 0.9621 | val_f1 0.9668 | grad(main/disc) 4.552/1.271 | lr(main/disc) 7.00e-05/3.50e-05 | 77.1s
2026-08-22 14:42:42 | Epoch 041/100 | loss 1.5089 | cls 1.2769 | tal -0.2379 | dual_g 0.3034 | dual_d 0.9452 | train_acc 0.9941 | train_full 0.9842 | val_acc 0.9470 | val_f1 0.9452 | grad(main/disc) 3.531/1.249 | lr(main/disc) 7.00e-05/3.50e-05 | 79.1s
2026-08-22 14:44:01 | Epoch 042/100 | loss 1.5310 | cls 1.2865 | tal -0.1687 | dual_g 0.2950 | dual_d 0.9635 | train_acc 0.9824 | train_full 0.9803 | val_acc 0.9470 | val_f1 0.9282 | grad(main/disc) 4.155/1.273 | lr(main/disc) 7.00e-05/3.50e-05 | 78.8s
2026-08-22 14:45:22 | Epoch 043/100 | loss 1.5278 | cls 1.2827 | tal -0.1719 | dual_g 0.2967 | dual_d 0.9493 | train_acc 0.9863 | train_full 0.9901 | val_acc 0.9545 | val_f1 0.9521 | grad(main/disc) 4.086/1.256 | lr(main/disc) 7.00e-05/3.50e-05 | 81.2s
2026-08-22 14:46:50 | Epoch 044/100 | loss 1.5100 | cls 1.2669 | tal -0.1831 | dual_g 0.2981 | dual_d 0.9693 | train_acc 0.9922 | train_full 0.9961 | val_acc 0.9470 | val_f1 0.9423 | grad(main/disc) 3.570/1.293 | lr(main/disc) 3.50e-05/1.75e-05 | 87.5s
2026-08-22 14:48:12 | Epoch 045/100 | loss 1.4766 | cls 1.2632 | tal -0.2860 | dual_g 0.2992 | dual_d 0.9444 | train_acc 0.9863 | train_full 0.9961 | val_acc 0.9697 | val_f1 0.9728 | grad(main/disc) 3.788/1.248 | lr(main/disc) 3.50e-05/1.75e-05 | 82.4s
2026-08-22 14:48:12 | New best val_f1_macro_present: 0.9728 at epoch 45
2026-08-22 14:49:39 | Epoch 046/100 | loss 1.4741 | cls 1.2611 | tal -0.2799 | dual_g 0.2970 | dual_d 0.9117 | train_acc 0.9902 | train_full 0.9980 | val_acc 0.9621 | val_f1 0.9673 | grad(main/disc) 3.731/1.203 | lr(main/disc) 3.50e-05/1.75e-05 | 86.1s
2026-08-22 14:51:05 | Epoch 047/100 | loss 1.4691 | cls 1.2554 | tal -0.2467 | dual_g 0.2877 | dual_d 0.9371 | train_acc 0.9844 | train_full 1.0000 | val_acc 0.9621 | val_f1 0.9643 | grad(main/disc) 3.239/1.223 | lr(main/disc) 3.50e-05/1.75e-05 | 86.8s
2026-08-22 14:52:27 | Epoch 048/100 | loss 1.4856 | cls 1.2530 | tal -0.1792 | dual_g 0.2863 | dual_d 0.9478 | train_acc 0.9941 | train_full 1.0000 | val_acc 0.9621 | val_f1 0.9590 | grad(main/disc) 3.227/1.216 | lr(main/disc) 3.50e-05/1.75e-05 | 81.2s
2026-08-22 14:53:45 | Epoch 049/100 | loss 1.4878 | cls 1.2553 | tal -0.1726 | dual_g 0.2843 | dual_d 0.9533 | train_acc 0.9883 | train_full 1.0000 | val_acc 0.9621 | val_f1 0.9642 | grad(main/disc) 3.490/1.239 | lr(main/disc) 3.50e-05/1.75e-05 | 78.7s
2026-08-22 14:55:06 | Epoch 050/100 | loss 1.4696 | cls 1.2592 | tal -0.2421 | dual_g 0.2830 | dual_d 0.9238 | train_acc 0.9961 | train_full 1.0000 | val_acc 0.9697 | val_f1 0.9725 | grad(main/disc) 3.388/1.175 | lr(main/disc) 3.50e-05/1.75e-05 | 81.2s
2026-08-22 14:56:26 | Epoch 051/100 | loss 1.4750 | cls 1.2525 | tal -0.1997 | dual_g 0.2824 | dual_d 0.9369 | train_acc 0.9883 | train_full 1.0000 | val_acc 0.9773 | val_f1 0.9771 | grad(main/disc) 3.196/1.195 | lr(main/disc) 3.50e-05/1.75e-05 | 79.4s
2026-08-22 14:56:26 | New best val_f1_macro_present: 0.9771 at epoch 51
2026-08-22 14:57:42 | Epoch 052/100 | loss 1.4874 | cls 1.2571 | tal -0.1655 | dual_g 0.2800 | dual_d 0.9177 | train_acc 0.9941 | train_full 1.0000 | val_acc 0.9773 | val_f1 0.9771 | grad(main/disc) 3.618/1.150 | lr(main/disc) 3.50e-05/1.75e-05 | 75.8s
2026-08-22 14:59:03 | Epoch 053/100 | loss 1.4600 | cls 1.2418 | tal -0.1900 | dual_g 0.2752 | dual_d 0.9039 | train_acc 0.9980 | train_full 1.0000 | val_acc 0.9773 | val_f1 0.9768 | grad(main/disc) 3.069/1.132 | lr(main/disc) 3.50e-05/1.75e-05 | 80.9s
2026-08-22 15:00:24 | Epoch 054/100 | loss 1.4661 | cls 1.2443 | tal -0.2070 | dual_g 0.2840 | dual_d 0.9193 | train_acc 0.9961 | train_full 1.0000 | val_acc 0.9545 | val_f1 0.9522 | grad(main/disc) 3.086/1.145 | lr(main/disc) 3.50e-05/1.75e-05 | 81.1s
2026-08-22 15:01:45 | Epoch 055/100 | loss 1.4823 | cls 1.2497 | tal -0.1795 | dual_g 0.2864 | dual_d 0.9211 | train_acc 0.9883 | train_full 1.0000 | val_acc 0.9621 | val_f1 0.9610 | grad(main/disc) 3.353/1.154 | lr(main/disc) 3.50e-05/1.75e-05 | 80.9s
2026-08-22 15:03:03 | Epoch 056/100 | loss 1.4689 | cls 1.2361 | tal -0.1714 | dual_g 0.2842 | dual_d 0.9173 | train_acc 0.9961 | train_full 1.0000 | val_acc 0.9621 | val_f1 0.9610 | grad(main/disc) 2.911/1.150 | lr(main/disc) 3.50e-05/1.75e-05 | 77.6s
2026-08-22 15:04:22 | Epoch 057/100 | loss 1.4675 | cls 1.2328 | tal -0.1522 | dual_g 0.2804 | dual_d 0.9272 | train_acc 0.9941 | train_full 1.0000 | val_acc 0.9697 | val_f1 0.9670 | grad(main/disc) 2.977/1.162 | lr(main/disc) 3.50e-05/1.75e-05 | 79.4s
2026-08-22 15:05:40 | Epoch 058/100 | loss 1.4835 | cls 1.2444 | tal -0.1560 | dual_g 0.2859 | dual_d 0.9046 | train_acc 0.9961 | train_full 1.0000 | val_acc 0.9773 | val_f1 0.9771 | grad(main/disc) 3.215/1.112 | lr(main/disc) 1.75e-05/8.75e-06 | 78.6s
2026-08-22 15:07:00 | Epoch 059/100 | loss 1.4773 | cls 1.2593 | tal -0.2274 | dual_g 0.2862 | dual_d 0.8603 | train_acc 0.9961 | train_full 1.0000 | val_acc 0.9773 | val_f1 0.9745 | grad(main/disc) 3.452/1.109 | lr(main/disc) 1.75e-05/8.75e-06 | 79.9s
2026-08-22 15:08:22 | Epoch 060/100 | loss 1.4520 | cls 1.2347 | tal -0.2163 | dual_g 0.2821 | dual_d 0.8787 | train_acc 0.9922 | train_full 1.0000 | val_acc 0.9848 | val_f1 0.9830 | grad(main/disc) 3.150/1.104 | lr(main/disc) 1.75e-05/8.75e-06 | 81.4s
2026-08-22 15:08:22 | New best val_f1_macro_present: 0.9830 at epoch 60
2026-08-22 15:09:41 | Epoch 061/100 | loss 1.4675 | cls 1.2454 | tal -0.1845 | dual_g 0.2775 | dual_d 0.9208 | train_acc 0.9941 | train_full 1.0000 | val_acc 0.9773 | val_f1 0.9788 | grad(main/disc) 3.337/1.119 | lr(main/disc) 1.75e-05/8.75e-06 | 79.2s
2026-08-22 15:11:00 | Epoch 062/100 | loss 1.4385 | cls 1.2297 | tal -0.2162 | dual_g 0.2737 | dual_d 0.9118 | train_acc 0.9941 | train_full 1.0000 | val_acc 0.9621 | val_f1 0.9651 | grad(main/disc) 2.759/1.165 | lr(main/disc) 1.75e-05/8.75e-06 | 79.1s
2026-08-22 15:12:18 | Epoch 063/100 | loss 1.4224 | cls 1.2198 | tal -0.2328 | dual_g 0.2724 | dual_d 0.8882 | train_acc 0.9980 | train_full 0.9980 | val_acc 0.9621 | val_f1 0.9673 | grad(main/disc) 2.606/1.094 | lr(main/disc) 1.75e-05/8.75e-06 | 77.3s
2026-08-22 15:13:38 | Epoch 064/100 | loss 1.4250 | cls 1.2253 | tal -0.2302 | dual_g 0.2687 | dual_d 0.9044 | train_acc 0.9941 | train_full 1.0000 | val_acc 0.9697 | val_f1 0.9728 | grad(main/disc) 2.776/1.115 | lr(main/disc) 1.75e-05/8.75e-06 | 80.4s
2026-08-22 15:14:58 | Epoch 065/100 | loss 1.4148 | cls 1.2272 | tal -0.2782 | dual_g 0.2711 | dual_d 0.9020 | train_acc 0.9961 | train_full 1.0000 | val_acc 0.9621 | val_f1 0.9673 | grad(main/disc) 3.169/1.108 | lr(main/disc) 1.75e-05/8.75e-06 | 80.0s
2026-08-22 15:16:18 | Epoch 066/100 | loss 1.4449 | cls 1.2330 | tal -0.2022 | dual_g 0.2726 | dual_d 0.9156 | train_acc 0.9941 | train_full 1.0000 | val_acc 0.9621 | val_f1 0.9643 | grad(main/disc) 3.109/1.115 | lr(main/disc) 1.75e-05/8.75e-06 | 79.5s
2026-08-22 15:17:35 | Epoch 067/100 | loss 1.4268 | cls 1.2178 | tal -0.2145 | dual_g 0.2734 | dual_d 0.8974 | train_acc 1.0000 | train_full 1.0000 | val_acc 0.9697 | val_f1 0.9686 | grad(main/disc) 2.625/1.090 | lr(main/disc) 8.75e-06/4.37e-06 | 77.3s
2026-08-22 15:18:54 | Epoch 068/100 | loss 1.4452 | cls 1.2352 | tal -0.2054 | dual_g 0.2716 | dual_d 0.9182 | train_acc 0.9922 | train_full 1.0000 | val_acc 0.9697 | val_f1 0.9728 | grad(main/disc) 2.947/1.133 | lr(main/disc) 8.75e-06/4.37e-06 | 79.0s
2026-08-22 15:20:11 | Epoch 069/100 | loss 1.4373 | cls 1.2310 | tal -0.2212 | dual_g 0.2726 | dual_d 0.8821 | train_acc 0.9980 | train_full 1.0000 | val_acc 0.9697 | val_f1 0.9728 | grad(main/disc) 2.893/1.118 | lr(main/disc) 8.75e-06/4.37e-06 | 76.8s
2026-08-22 15:20:11 | Early stopping at epoch 69 after 9 epochs without val_f1_macro_present improvement.
2026-08-22 15:20:11 | Training complete. Best validation accuracy: 0.9848 | best val_f1_macro_present: 0.9830
2026-08-22 15:20:11 | Starting Dual_D standalone training
2026-08-22 15:20:11 | Run directory: runs/module_c_ablation/module_c_no_classification_feedback_雨天_iter01_20260822_082835
2026-08-22 15:20:11 | Device: cuda
2026-08-22 15:20:11 | Source train samples: 992
2026-08-22 15:20:11 | Target train samples: 96
2026-08-22 15:20:11 | Target val samples: 26
2026-08-22 15:20:11 | Classes: 14
2026-08-22 15:20:11 | Data audit: same_dir=False | path_overlap(vis/ir/ais)=0/0/0 | content_overlap(vis/ir/ais)=0/0/0 | ais_index_overlap=0 | stem_mismatch(vis-ir/vis-ais)=117/0
2026-08-22 15:20:11 | source_train classes: present 14/14 | absent 0 | counts [0:120, 1:44, 2:69, 3:45, 4:40, 5:30, 6:64, 7:80, 8:116, 9:68, 10:57, 11:83, 12:48, 13:128]
2026-08-22 15:20:11 | target_train classes: present 6/14 | absent 8 | counts [0:7, 2:19, 9:32, 10:12, 11:6, 13:20]
2026-08-22 15:20:11 | target_val classes: present 6/14 | absent 8 | counts [0:2, 2:5, 9:8, 10:4, 11:2, 13:5]
2026-08-22 15:20:11 | Paired training classes: 6/14 | class ids [0, 2, 9, 10, 11, 13]
2026-08-22 15:20:11 | VIS/IR pairing: class-level-unpaired | count-mismatch classes train/val: 10/0 | AIS alignment: none | AIS rows train/val: 0/0
2026-08-22 15:20:11 | Model parameters: total=17277714 | trainable=17120210
Starting run 10/12: domain=雨天, iteration=1, seed=51
2026-08-22 15:20:33 | Epoch 001/100 | loss 5.9628 | cls 5.3449 | tal 0.0873 | dual_g 0.5918 | dual_d 0.0000 | train_acc 0.0859 | train_full 0.0938 | val_acc 0.1538 | val_f1 0.1917 | grad(main/disc) 23.250/0.000 | lr(main/disc) 7.00e-05/3.50e-05 | 21.3s
2026-08-22 15:20:33 | New best val_f1_macro_present: 0.1917 at epoch 1
2026-08-22 15:20:53 | Epoch 002/100 | loss 5.3990 | cls 4.8018 | tal 0.0271 | dual_g 0.5891 | dual_d 0.0000 | train_acc 0.1562 | train_full 0.1667 | val_acc 0.1923 | val_f1 0.1548 | grad(main/disc) 20.987/0.000 | lr(main/disc) 7.00e-05/3.50e-05 | 20.5s
2026-08-22 15:21:13 | Epoch 003/100 | loss 4.8637 | cls 4.3288 | tal -0.1434 | dual_g 0.5779 | dual_d 0.0000 | train_acc 0.1641 | train_full 0.2083 | val_acc 0.1538 | val_f1 0.0928 | grad(main/disc) 18.640/0.000 | lr(main/disc) 7.00e-05/3.50e-05 | 19.6s
2026-08-22 15:21:32 | Epoch 004/100 | loss 4.2065 | cls 3.6546 | tal -0.0633 | dual_g 0.5709 | dual_d 0.0000 | train_acc 0.2891 | train_full 0.3021 | val_acc 0.2692 | val_f1 0.1449 | grad(main/disc) 16.253/0.000 | lr(main/disc) 7.00e-05/3.50e-05 | 19.4s
2026-08-22 15:21:53 | Epoch 005/100 | loss 4.0221 | cls 3.4760 | tal -0.0524 | dual_g 0.5619 | dual_d 0.0000 | train_acc 0.3125 | train_full 0.2083 | val_acc 0.2308 | val_f1 0.1606 | grad(main/disc) 15.380/0.000 | lr(main/disc) 7.00e-05/3.50e-05 | 20.9s
2026-08-22 15:22:13 | Epoch 006/100 | loss 3.6719 | cls 3.1402 | tal -0.0877 | dual_g 0.5580 | dual_d 0.8390 | train_acc 0.3438 | train_full 0.2917 | val_acc 0.2308 | val_f1 0.1128 | grad(main/disc) 14.097/1.984 | lr(main/disc) 7.00e-05/3.50e-05 | 19.7s
2026-08-22 15:22:33 | Epoch 007/100 | loss 3.5739 | cls 3.0471 | tal -0.0912 | dual_g 0.5541 | dual_d 0.7990 | train_acc 0.4375 | train_full 0.2812 | val_acc 0.3077 | val_f1 0.2066 | grad(main/disc) 14.041/1.976 | lr(main/disc) 7.00e-05/3.50e-05 | 19.9s
2026-08-22 15:22:33 | New best val_f1_macro_present: 0.2066 at epoch 7
2026-08-22 15:22:52 | Epoch 008/100 | loss 3.4340 | cls 2.9230 | tal -0.1283 | dual_g 0.5495 | dual_d 0.8164 | train_acc 0.4766 | train_full 0.2708 | val_acc 0.3846 | val_f1 0.2670 | grad(main/disc) 13.260/1.904 | lr(main/disc) 7.00e-05/3.50e-05 | 18.5s
2026-08-22 15:22:52 | New best val_f1_macro_present: 0.2670 at epoch 8
2026-08-22 15:23:11 | Epoch 009/100 | loss 3.3277 | cls 2.7905 | tal -0.0347 | dual_g 0.5476 | dual_d 0.8058 | train_acc 0.4141 | train_full 0.2812 | val_acc 0.3846 | val_f1 0.2670 | grad(main/disc) 12.966/1.894 | lr(main/disc) 7.00e-05/3.50e-05 | 18.8s
2026-08-22 15:23:29 | Epoch 010/100 | loss 3.0647 | cls 2.5512 | tal -0.0738 | dual_g 0.5357 | dual_d 0.7971 | train_acc 0.6250 | train_full 0.3333 | val_acc 0.3462 | val_f1 0.2817 | grad(main/disc) 12.687/1.738 | lr(main/disc) 7.00e-05/3.50e-05 | 18.3s
2026-08-22 15:23:29 | New best val_f1_macro_present: 0.2817 at epoch 10
2026-08-22 15:23:50 | Epoch 011/100 | loss 2.9789 | cls 2.4665 | tal -0.0687 | dual_g 0.5329 | dual_d 0.7920 | train_acc 0.6641 | train_full 0.3125 | val_acc 0.2692 | val_f1 0.1889 | grad(main/disc) 11.921/1.881 | lr(main/disc) 7.00e-05/3.50e-05 | 20.8s
2026-08-22 15:24:10 | Epoch 012/100 | loss 3.0006 | cls 2.4563 | tal 0.0192 | dual_g 0.5385 | dual_d 0.8728 | train_acc 0.6328 | train_full 0.3438 | val_acc 0.3077 | val_f1 0.2422 | grad(main/disc) 12.897/1.967 | lr(main/disc) 7.00e-05/3.50e-05 | 20.2s
2026-08-22 15:24:31 | Epoch 013/100 | loss 2.8205 | cls 2.2922 | tal -0.0070 | dual_g 0.5304 | dual_d 0.8634 | train_acc 0.6875 | train_full 0.4167 | val_acc 0.3462 | val_f1 0.2806 | grad(main/disc) 11.841/1.933 | lr(main/disc) 7.00e-05/3.50e-05 | 21.2s
2026-08-22 15:24:50 | Epoch 014/100 | loss 2.8742 | cls 2.3503 | tal -0.0268 | dual_g 0.5319 | dual_d 0.8105 | train_acc 0.6875 | train_full 0.5000 | val_acc 0.4231 | val_f1 0.3725 | grad(main/disc) 12.399/1.859 | lr(main/disc) 7.00e-05/3.50e-05 | 18.7s
2026-08-22 15:24:50 | New best val_f1_macro_present: 0.3725 at epoch 14
2026-08-22 15:25:10 | Epoch 015/100 | loss 2.6145 | cls 2.0911 | tal -0.0058 | dual_g 0.5251 | dual_d 0.7673 | train_acc 0.7109 | train_full 0.6250 | val_acc 0.6538 | val_f1 0.6541 | grad(main/disc) 10.963/1.733 | lr(main/disc) 7.00e-05/3.50e-05 | 19.4s
2026-08-22 15:25:10 | New best val_f1_macro_present: 0.6541 at epoch 15
2026-08-22 15:25:29 | Epoch 016/100 | loss 2.6769 | cls 2.1616 | tal -0.0213 | dual_g 0.5217 | dual_d 0.7327 | train_acc 0.6719 | train_full 0.6875 | val_acc 0.6154 | val_f1 0.5274 | grad(main/disc) 12.131/1.762 | lr(main/disc) 7.00e-05/3.50e-05 | 18.6s
2026-08-22 15:25:49 | Epoch 017/100 | loss 2.6268 | cls 2.1033 | tal 0.0113 | dual_g 0.5202 | dual_d 0.7638 | train_acc 0.7500 | train_full 0.5417 | val_acc 0.5385 | val_f1 0.4806 | grad(main/disc) 11.641/1.732 | lr(main/disc) 7.00e-05/3.50e-05 | 20.6s
2026-08-22 15:26:10 | Epoch 018/100 | loss 2.4584 | cls 1.9536 | tal -0.0246 | dual_g 0.5122 | dual_d 0.7442 | train_acc 0.7969 | train_full 0.5625 | val_acc 0.4231 | val_f1 0.3508 | grad(main/disc) 11.013/1.693 | lr(main/disc) 7.00e-05/3.50e-05 | 20.7s
2026-08-22 15:26:29 | Epoch 019/100 | loss 2.3912 | cls 1.8854 | tal -0.0427 | dual_g 0.5186 | dual_d 0.7577 | train_acc 0.8594 | train_full 0.5938 | val_acc 0.4615 | val_f1 0.3805 | grad(main/disc) 10.436/1.823 | lr(main/disc) 7.00e-05/3.50e-05 | 19.0s
2026-08-22 15:26:49 | Epoch 020/100 | loss 2.4251 | cls 1.9341 | tal -0.0985 | dual_g 0.5206 | dual_d 0.8284 | train_acc 0.8203 | train_full 0.5833 | val_acc 0.4615 | val_f1 0.4501 | grad(main/disc) 11.440/1.870 | lr(main/disc) 7.00e-05/3.50e-05 | 19.8s
2026-08-22 15:27:10 | Epoch 021/100 | loss 2.2477 | cls 1.7637 | tal -0.0993 | dual_g 0.5138 | dual_d 0.7374 | train_acc 0.8516 | train_full 0.5417 | val_acc 0.3846 | val_f1 0.3148 | grad(main/disc) 10.044/1.720 | lr(main/disc) 7.00e-05/3.50e-05 | 21.3s
2026-08-22 15:27:29 | Epoch 022/100 | loss 2.3413 | cls 1.8406 | tal -0.0361 | dual_g 0.5116 | dual_d 0.7193 | train_acc 0.8516 | train_full 0.5000 | val_acc 0.3846 | val_f1 0.2952 | grad(main/disc) 10.926/1.633 | lr(main/disc) 3.50e-05/1.75e-05 | 19.0s
2026-08-22 15:27:48 | Epoch 023/100 | loss 2.2851 | cls 1.7911 | tal -0.0490 | dual_g 0.5087 | dual_d 0.7881 | train_acc 0.8438 | train_full 0.4167 | val_acc 0.3462 | val_f1 0.2952 | grad(main/disc) 10.894/1.671 | lr(main/disc) 3.50e-05/1.75e-05 | 19.1s
2026-08-22 15:28:09 | Epoch 024/100 | loss 2.2779 | cls 1.7828 | tal -0.0450 | dual_g 0.5085 | dual_d 0.7660 | train_acc 0.8516 | train_full 0.3750 | val_acc 0.3077 | val_f1 0.2480 | grad(main/disc) 10.100/1.684 | lr(main/disc) 3.50e-05/1.75e-05 | 20.9s
2026-08-22 15:28:09 | Early stopping at epoch 24 after 9 epochs without val_f1_macro_present improvement.
2026-08-22 15:28:09 | Training complete. Best validation accuracy: 0.6538 | best val_f1_macro_present: 0.6541
2026-08-22 15:28:09 | Starting Dual_D standalone training
2026-08-22 15:28:09 | Run directory: runs/module_c_ablation/module_c_no_classification_feedback_雨天_iter02_20260822_082835
2026-08-22 15:28:09 | Device: cuda
2026-08-22 15:28:09 | Source train samples: 992
2026-08-22 15:28:09 | Target train samples: 96
2026-08-22 15:28:09 | Target val samples: 26
2026-08-22 15:28:09 | Classes: 14
2026-08-22 15:28:09 | Data audit: same_dir=False | path_overlap(vis/ir/ais)=0/0/0 | content_overlap(vis/ir/ais)=0/0/0 | ais_index_overlap=0 | stem_mismatch(vis-ir/vis-ais)=117/0
2026-08-22 15:28:09 | source_train classes: present 14/14 | absent 0 | counts [0:120, 1:44, 2:69, 3:45, 4:40, 5:30, 6:64, 7:80, 8:116, 9:68, 10:57, 11:83, 12:48, 13:128]
2026-08-22 15:28:09 | target_train classes: present 6/14 | absent 8 | counts [0:7, 2:19, 9:32, 10:12, 11:6, 13:20]
2026-08-22 15:28:09 | target_val classes: present 6/14 | absent 8 | counts [0:2, 2:5, 9:8, 10:4, 11:2, 13:5]
2026-08-22 15:28:09 | Paired training classes: 6/14 | class ids [0, 2, 9, 10, 11, 13]
2026-08-22 15:28:09 | VIS/IR pairing: class-level-unpaired | count-mismatch classes train/val: 10/0 | AIS alignment: none | AIS rows train/val: 0/0
2026-08-22 15:28:10 | Model parameters: total=17277714 | trainable=17120210
Starting run 11/12: domain=雨天, iteration=2, seed=52
2026-08-22 15:28:29 | Epoch 001/100 | loss 5.6789 | cls 5.0476 | tal 0.1337 | dual_g 0.5912 | dual_d 0.0000 | train_acc 0.1484 | train_full 0.3125 | val_acc 0.1923 | val_f1 0.0725 | grad(main/disc) 23.368/0.000 | lr(main/disc) 7.00e-05/3.50e-05 | 19.2s
2026-08-22 15:28:29 | New best val_f1_macro_present: 0.0725 at epoch 1
2026-08-22 15:28:50 | Epoch 002/100 | loss 4.8993 | cls 4.2870 | tal 0.0937 | dual_g 0.5842 | dual_d 0.0000 | train_acc 0.1406 | train_full 0.3438 | val_acc 0.1923 | val_f1 0.1798 | grad(main/disc) 20.933/0.000 | lr(main/disc) 7.00e-05/3.50e-05 | 21.4s
2026-08-22 15:28:51 | New best val_f1_macro_present: 0.1798 at epoch 2
2026-08-22 15:29:11 | Epoch 003/100 | loss 4.4762 | cls 3.8830 | tal 0.0633 | dual_g 0.5742 | dual_d 0.0000 | train_acc 0.3047 | train_full 0.2917 | val_acc 0.1923 | val_f1 0.2051 | grad(main/disc) 18.846/0.000 | lr(main/disc) 7.00e-05/3.50e-05 | 19.8s
2026-08-22 15:29:11 | New best val_f1_macro_present: 0.2051 at epoch 3
2026-08-22 15:29:31 | Epoch 004/100 | loss 4.2210 | cls 3.6288 | tal 0.0711 | dual_g 0.5708 | dual_d 0.0000 | train_acc 0.3516 | train_full 0.2500 | val_acc 0.2308 | val_f1 0.1408 | grad(main/disc) 16.903/0.000 | lr(main/disc) 7.00e-05/3.50e-05 | 19.9s
2026-08-22 15:29:51 | Epoch 005/100 | loss 3.9321 | cls 3.3479 | tal 0.0761 | dual_g 0.5614 | dual_d 0.0000 | train_acc 0.3672 | train_full 0.2604 | val_acc 0.2692 | val_f1 0.2006 | grad(main/disc) 16.121/0.000 | lr(main/disc) 7.00e-05/3.50e-05 | 20.3s
2026-08-22 15:30:11 | Epoch 006/100 | loss 3.7260 | cls 3.1512 | tal 0.0678 | dual_g 0.5545 | dual_d 0.9612 | train_acc 0.4375 | train_full 0.2292 | val_acc 0.2308 | val_f1 0.1130 | grad(main/disc) 15.356/2.145 | lr(main/disc) 7.00e-05/3.50e-05 | 20.1s
2026-08-22 15:30:30 | Epoch 007/100 | loss 3.5096 | cls 2.9509 | tal 0.0365 | dual_g 0.5477 | dual_d 0.9568 | train_acc 0.4141 | train_full 0.2396 | val_acc 0.3077 | val_f1 0.1752 | grad(main/disc) 14.799/1.971 | lr(main/disc) 7.00e-05/3.50e-05 | 19.4s
2026-08-22 15:30:51 | Epoch 008/100 | loss 3.4114 | cls 2.8546 | tal 0.0590 | dual_g 0.5392 | dual_d 0.8757 | train_acc 0.5234 | train_full 0.3021 | val_acc 0.3077 | val_f1 0.1604 | grad(main/disc) 13.997/1.981 | lr(main/disc) 7.00e-05/3.50e-05 | 20.4s
2026-08-22 15:31:08 | Epoch 009/100 | loss 3.1100 | cls 2.5782 | tal -0.0195 | dual_g 0.5377 | dual_d 0.8839 | train_acc 0.5859 | train_full 0.3542 | val_acc 0.4231 | val_f1 0.3236 | grad(main/disc) 13.009/1.994 | lr(main/disc) 7.00e-05/3.50e-05 | 17.7s
2026-08-22 15:31:09 | New best val_f1_macro_present: 0.3236 at epoch 9
2026-08-22 15:31:29 | Epoch 010/100 | loss 3.1181 | cls 2.5965 | tal -0.0207 | dual_g 0.5278 | dual_d 0.8153 | train_acc 0.6641 | train_full 0.3646 | val_acc 0.5000 | val_f1 0.4323 | grad(main/disc) 13.245/1.852 | lr(main/disc) 7.00e-05/3.50e-05 | 19.9s
2026-08-22 15:31:29 | New best val_f1_macro_present: 0.4323 at epoch 10
2026-08-22 15:31:48 | Epoch 011/100 | loss 3.1176 | cls 2.5429 | tal 0.1384 | dual_g 0.5332 | dual_d 0.8769 | train_acc 0.6250 | train_full 0.3542 | val_acc 0.5000 | val_f1 0.4179 | grad(main/disc) 13.307/1.962 | lr(main/disc) 7.00e-05/3.50e-05 | 19.5s
2026-08-22 15:32:08 | Epoch 012/100 | loss 2.9550 | cls 2.3993 | tal 0.1191 | dual_g 0.5200 | dual_d 0.8668 | train_acc 0.7188 | train_full 0.4479 | val_acc 0.5000 | val_f1 0.4076 | grad(main/disc) 12.832/1.987 | lr(main/disc) 7.00e-05/3.50e-05 | 20.1s
2026-08-22 15:32:28 | Epoch 013/100 | loss 2.9582 | cls 2.3895 | tal 0.1530 | dual_g 0.5228 | dual_d 0.8873 | train_acc 0.6719 | train_full 0.5208 | val_acc 0.5385 | val_f1 0.4647 | grad(main/disc) 13.711/1.990 | lr(main/disc) 7.00e-05/3.50e-05 | 19.3s
2026-08-22 15:32:28 | New best val_f1_macro_present: 0.4647 at epoch 13
2026-08-22 15:32:48 | Epoch 014/100 | loss 2.8376 | cls 2.2710 | tal 0.1594 | dual_g 0.5187 | dual_d 0.8512 | train_acc 0.6875 | train_full 0.5000 | val_acc 0.5385 | val_f1 0.4954 | grad(main/disc) 13.520/1.813 | lr(main/disc) 7.00e-05/3.50e-05 | 19.7s
2026-08-22 15:32:48 | New best val_f1_macro_present: 0.4954 at epoch 14
2026-08-22 15:33:07 | Epoch 015/100 | loss 2.8544 | cls 2.2978 | tal 0.1222 | dual_g 0.5199 | dual_d 0.8180 | train_acc 0.7031 | train_full 0.5312 | val_acc 0.5769 | val_f1 0.5847 | grad(main/disc) 14.389/1.837 | lr(main/disc) 7.00e-05/3.50e-05 | 19.0s
2026-08-22 15:33:07 | New best val_f1_macro_present: 0.5847 at epoch 15
2026-08-22 15:33:27 | Epoch 016/100 | loss 2.5766 | cls 2.0225 | tal 0.1428 | dual_g 0.5112 | dual_d 0.9157 | train_acc 0.7891 | train_full 0.6458 | val_acc 0.6154 | val_f1 0.6726 | grad(main/disc) 11.231/1.963 | lr(main/disc) 7.00e-05/3.50e-05 | 20.0s
2026-08-22 15:33:27 | New best val_f1_macro_present: 0.6726 at epoch 16
2026-08-22 15:33:46 | Epoch 017/100 | loss 2.4917 | cls 1.9306 | tal 0.1660 | dual_g 0.5113 | dual_d 0.8181 | train_acc 0.8047 | train_full 0.5729 | val_acc 0.5769 | val_f1 0.6091 | grad(main/disc) 10.834/1.828 | lr(main/disc) 7.00e-05/3.50e-05 | 18.7s
2026-08-22 15:34:07 | Epoch 018/100 | loss 2.4517 | cls 1.9115 | tal 0.1197 | dual_g 0.5043 | dual_d 0.8414 | train_acc 0.8438 | train_full 0.6354 | val_acc 0.5000 | val_f1 0.4292 | grad(main/disc) 10.774/1.764 | lr(main/disc) 7.00e-05/3.50e-05 | 20.7s
2026-08-22 15:34:26 | Epoch 019/100 | loss 2.4143 | cls 1.8610 | tal 0.1612 | dual_g 0.5049 | dual_d 0.8663 | train_acc 0.8594 | train_full 0.6042 | val_acc 0.5000 | val_f1 0.4292 | grad(main/disc) 10.193/1.799 | lr(main/disc) 7.00e-05/3.50e-05 | 19.1s
2026-08-22 15:34:45 | Epoch 020/100 | loss 2.6069 | cls 2.0489 | tal 0.1669 | dual_g 0.5079 | dual_d 0.7761 | train_acc 0.8516 | train_full 0.6250 | val_acc 0.5385 | val_f1 0.4917 | grad(main/disc) 12.830/1.653 | lr(main/disc) 7.00e-05/3.50e-05 | 19.3s
2026-08-22 15:35:05 | Epoch 021/100 | loss 2.4043 | cls 1.8633 | tal 0.1514 | dual_g 0.4956 | dual_d 0.7847 | train_acc 0.8594 | train_full 0.6458 | val_acc 0.5769 | val_f1 0.6119 | grad(main/disc) 14.730/1.677 | lr(main/disc) 7.00e-05/3.50e-05 | 19.2s
2026-08-22 15:35:25 | Epoch 022/100 | loss 2.4240 | cls 1.8763 | tal 0.1611 | dual_g 0.4993 | dual_d 0.8254 | train_acc 0.8594 | train_full 0.6875 | val_acc 0.5769 | val_f1 0.6119 | grad(main/disc) 12.136/1.770 | lr(main/disc) 7.00e-05/3.50e-05 | 20.0s
2026-08-22 15:35:44 | Epoch 023/100 | loss 2.2845 | cls 1.7535 | tal 0.1411 | dual_g 0.4886 | dual_d 0.8617 | train_acc 0.8750 | train_full 0.6458 | val_acc 0.5385 | val_f1 0.4923 | grad(main/disc) 13.603/1.701 | lr(main/disc) 3.50e-05/1.75e-05 | 19.1s
2026-08-22 15:36:03 | Epoch 024/100 | loss 2.3070 | cls 1.7657 | tal 0.1521 | dual_g 0.4956 | dual_d 0.8233 | train_acc 0.9062 | train_full 0.5833 | val_acc 0.5000 | val_f1 0.4313 | grad(main/disc) 13.975/1.714 | lr(main/disc) 3.50e-05/1.75e-05 | 19.4s
2026-08-22 15:36:23 | Epoch 025/100 | loss 2.3541 | cls 1.8098 | tal 0.1317 | dual_g 0.5048 | dual_d 0.8820 | train_acc 0.8906 | train_full 0.5938 | val_acc 0.5000 | val_f1 0.4313 | grad(main/disc) 16.950/1.741 | lr(main/disc) 3.50e-05/1.75e-05 | 19.5s
2026-08-22 15:36:23 | Early stopping at epoch 25 after 9 epochs without val_f1_macro_present improvement.
2026-08-22 15:36:23 | Training complete. Best validation accuracy: 0.6154 | best val_f1_macro_present: 0.6726
2026-08-22 15:36:23 | Starting Dual_D standalone training
2026-08-22 15:36:23 | Run directory: runs/module_c_ablation/module_c_no_classification_feedback_雨天_iter03_20260822_082835
2026-08-22 15:36:23 | Device: cuda
2026-08-22 15:36:23 | Source train samples: 992
2026-08-22 15:36:23 | Target train samples: 96
2026-08-22 15:36:23 | Target val samples: 26
2026-08-22 15:36:23 | Classes: 14
2026-08-22 15:36:23 | Data audit: same_dir=False | path_overlap(vis/ir/ais)=0/0/0 | content_overlap(vis/ir/ais)=0/0/0 | ais_index_overlap=0 | stem_mismatch(vis-ir/vis-ais)=117/0
2026-08-22 15:36:23 | source_train classes: present 14/14 | absent 0 | counts [0:120, 1:44, 2:69, 3:45, 4:40, 5:30, 6:64, 7:80, 8:116, 9:68, 10:57, 11:83, 12:48, 13:128]
2026-08-22 15:36:23 | target_train classes: present 6/14 | absent 8 | counts [0:7, 2:19, 9:32, 10:12, 11:6, 13:20]
2026-08-22 15:36:23 | target_val classes: present 6/14 | absent 8 | counts [0:2, 2:5, 9:8, 10:4, 11:2, 13:5]
2026-08-22 15:36:23 | Paired training classes: 6/14 | class ids [0, 2, 9, 10, 11, 13]
2026-08-22 15:36:23 | VIS/IR pairing: class-level-unpaired | count-mismatch classes train/val: 10/0 | AIS alignment: none | AIS rows train/val: 0/0
2026-08-22 15:36:23 | Model parameters: total=17277714 | trainable=17120210
Starting run 12/12: domain=雨天, iteration=3, seed=53
2026-08-22 15:36:44 | Epoch 001/100 | loss 5.4576 | cls 4.8331 | tal 0.1004 | dual_g 0.5944 | dual_d 0.0000 | train_acc 0.0938 | train_full 0.0729 | val_acc 0.0385 | val_f1 0.0208 | grad(main/disc) 21.857/0.000 | lr(main/disc) 7.00e-05/3.50e-05 | 20.5s
2026-08-22 15:36:44 | New best val_f1_macro_present: 0.0208 at epoch 1
2026-08-22 15:37:03 | Epoch 002/100 | loss 4.7230 | cls 4.1431 | tal -0.0284 | dual_g 0.5884 | dual_d 0.0000 | train_acc 0.1641 | train_full 0.0938 | val_acc 0.1154 | val_f1 0.0526 | grad(main/disc) 18.979/0.000 | lr(main/disc) 7.00e-05/3.50e-05 | 19.1s
2026-08-22 15:37:03 | New best val_f1_macro_present: 0.0526 at epoch 2
2026-08-22 15:37:25 | Epoch 003/100 | loss 4.4381 | cls 3.8569 | tal 0.0050 | dual_g 0.5797 | dual_d 0.0000 | train_acc 0.2656 | train_full 0.1458 | val_acc 0.1923 | val_f1 0.1542 | grad(main/disc) 18.070/0.000 | lr(main/disc) 7.00e-05/3.50e-05 | 21.3s
2026-08-22 15:37:25 | New best val_f1_macro_present: 0.1542 at epoch 3
2026-08-22 15:37:46 | Epoch 004/100 | loss 3.9831 | cls 3.4152 | tal -0.0007 | dual_g 0.5681 | dual_d 0.0000 | train_acc 0.4062 | train_full 0.1354 | val_acc 0.2308 | val_f1 0.1863 | grad(main/disc) 16.042/0.000 | lr(main/disc) 7.00e-05/3.50e-05 | 21.4s
2026-08-22 15:37:47 | New best val_f1_macro_present: 0.1863 at epoch 4
2026-08-22 15:38:07 | Epoch 005/100 | loss 3.8723 | cls 3.2915 | tal 0.0609 | dual_g 0.5625 | dual_d 0.0000 | train_acc 0.3828 | train_full 0.1667 | val_acc 0.2692 | val_f1 0.1944 | grad(main/disc) 15.699/0.000 | lr(main/disc) 7.00e-05/3.50e-05 | 20.5s
2026-08-22 15:38:07 | New best val_f1_macro_present: 0.1944 at epoch 5
2026-08-22 15:38:27 | Epoch 006/100 | loss 3.4753 | cls 2.9039 | tal 0.0356 | dual_g 0.5607 | dual_d 0.9202 | train_acc 0.5000 | train_full 0.2188 | val_acc 0.3077 | val_f1 0.2286 | grad(main/disc) 13.786/2.105 | lr(main/disc) 7.00e-05/3.50e-05 | 19.6s
2026-08-22 15:38:27 | New best val_f1_macro_present: 0.2286 at epoch 6
2026-08-22 15:38:48 | Epoch 007/100 | loss 3.6071 | cls 3.0377 | tal 0.0447 | dual_g 0.5560 | dual_d 0.9246 | train_acc 0.5391 | train_full 0.2188 | val_acc 0.3077 | val_f1 0.2131 | grad(main/disc) 14.244/2.161 | lr(main/disc) 7.00e-05/3.50e-05 | 21.0s
2026-08-22 15:39:11 | Epoch 008/100 | loss 3.4502 | cls 2.8823 | tal 0.0360 | dual_g 0.5571 | dual_d 0.9150 | train_acc 0.5859 | train_full 0.2604 | val_acc 0.3462 | val_f1 0.2451 | grad(main/disc) 13.853/2.053 | lr(main/disc) 7.00e-05/3.50e-05 | 22.4s
2026-08-22 15:39:11 | New best val_f1_macro_present: 0.2451 at epoch 8
2026-08-22 15:39:32 | Epoch 009/100 | loss 3.5265 | cls 2.9404 | tal 0.0938 | dual_g 0.5580 | dual_d 0.8776 | train_acc 0.4609 | train_full 0.3438 | val_acc 0.3462 | val_f1 0.3303 | grad(main/disc) 14.521/2.110 | lr(main/disc) 7.00e-05/3.50e-05 | 20.8s
2026-08-22 15:39:32 | New best val_f1_macro_present: 0.3303 at epoch 9
2026-08-22 15:39:52 | Epoch 010/100 | loss 3.1402 | cls 2.5873 | tal -0.0055 | dual_g 0.5545 | dual_d 0.8431 | train_acc 0.6016 | train_full 0.3854 | val_acc 0.4231 | val_f1 0.4241 | grad(main/disc) 12.910/1.972 | lr(main/disc) 7.00e-05/3.50e-05 | 19.7s
2026-08-22 15:39:52 | New best val_f1_macro_present: 0.4241 at epoch 10
2026-08-22 15:40:13 | Epoch 011/100 | loss 3.0314 | cls 2.4615 | tal 0.0788 | dual_g 0.5463 | dual_d 0.8661 | train_acc 0.6484 | train_full 0.4271 | val_acc 0.3462 | val_f1 0.2659 | grad(main/disc) 12.852/2.029 | lr(main/disc) 7.00e-05/3.50e-05 | 21.1s
2026-08-22 15:40:35 | Epoch 012/100 | loss 2.8513 | cls 2.3001 | tal 0.0376 | dual_g 0.5399 | dual_d 0.8948 | train_acc 0.7031 | train_full 0.4271 | val_acc 0.3846 | val_f1 0.3106 | grad(main/disc) 12.863/1.900 | lr(main/disc) 7.00e-05/3.50e-05 | 21.7s
2026-08-22 15:40:55 | Epoch 013/100 | loss 2.6985 | cls 2.1508 | tal 0.0175 | dual_g 0.5424 | dual_d 0.8838 | train_acc 0.7266 | train_full 0.3542 | val_acc 0.2692 | val_f1 0.2230 | grad(main/disc) 11.677/2.073 | lr(main/disc) 7.00e-05/3.50e-05 | 20.2s
2026-08-22 15:41:16 | Epoch 014/100 | loss 2.6428 | cls 2.1041 | tal -0.0132 | dual_g 0.5427 | dual_d 0.8978 | train_acc 0.7031 | train_full 0.3646 | val_acc 0.3846 | val_f1 0.3056 | grad(main/disc) 11.819/2.020 | lr(main/disc) 7.00e-05/3.50e-05 | 21.0s
2026-08-22 15:41:38 | Epoch 015/100 | loss 2.5410 | cls 2.0050 | tal -0.0115 | dual_g 0.5395 | dual_d 0.8876 | train_acc 0.7812 | train_full 0.3646 | val_acc 0.3077 | val_f1 0.2317 | grad(main/disc) 10.659/1.881 | lr(main/disc) 7.00e-05/3.50e-05 | 21.8s
2026-08-22 15:41:58 | Epoch 016/100 | loss 2.6464 | cls 2.1023 | tal -0.0183 | dual_g 0.5496 | dual_d 0.8936 | train_acc 0.7500 | train_full 0.5104 | val_acc 0.3462 | val_f1 0.2830 | grad(main/disc) 12.433/1.922 | lr(main/disc) 7.00e-05/3.50e-05 | 20.4s
2026-08-22 15:42:19 | Epoch 017/100 | loss 2.3909 | cls 1.8504 | tal 0.0099 | dual_g 0.5376 | dual_d 0.7917 | train_acc 0.7969 | train_full 0.5938 | val_acc 0.5385 | val_f1 0.5730 | grad(main/disc) 10.734/1.738 | lr(main/disc) 7.00e-05/3.50e-05 | 20.5s
2026-08-22 15:42:19 | New best val_f1_macro_present: 0.5730 at epoch 17
2026-08-22 15:42:39 | Epoch 018/100 | loss 2.3879 | cls 1.8751 | tal -0.0430 | dual_g 0.5256 | dual_d 0.8049 | train_acc 0.7891 | train_full 0.6979 | val_acc 0.5769 | val_f1 0.6365 | grad(main/disc) 11.893/1.687 | lr(main/disc) 7.00e-05/3.50e-05 | 20.1s
2026-08-22 15:42:39 | New best val_f1_macro_present: 0.6365 at epoch 18
2026-08-22 15:43:00 | Epoch 019/100 | loss 2.2636 | cls 1.7486 | tal -0.0427 | dual_g 0.5278 | dual_d 0.8292 | train_acc 0.8281 | train_full 0.7500 | val_acc 0.5769 | val_f1 0.6106 | grad(main/disc) 10.142/1.792 | lr(main/disc) 7.00e-05/3.50e-05 | 20.5s
2026-08-22 15:43:20 | Epoch 020/100 | loss 2.3429 | cls 1.8381 | tal -0.0552 | dual_g 0.5213 | dual_d 0.8757 | train_acc 0.7969 | train_full 0.7604 | val_acc 0.5385 | val_f1 0.5730 | grad(main/disc) 11.731/1.890 | lr(main/disc) 7.00e-05/3.50e-05 | 20.6s
2026-08-22 15:43:41 | Epoch 021/100 | loss 2.2740 | cls 1.7816 | tal -0.0990 | dual_g 0.5221 | dual_d 0.9431 | train_acc 0.8438 | train_full 0.7812 | val_acc 0.6154 | val_f1 0.6484 | grad(main/disc) 12.052/1.921 | lr(main/disc) 7.00e-05/3.50e-05 | 20.2s
2026-08-22 15:43:41 | New best val_f1_macro_present: 0.6484 at epoch 21
2026-08-22 15:44:02 | Epoch 022/100 | loss 2.1879 | cls 1.6822 | tal -0.0532 | dual_g 0.5217 | dual_d 0.8774 | train_acc 0.8984 | train_full 0.7500 | val_acc 0.6154 | val_f1 0.6369 | grad(main/disc) 11.023/1.857 | lr(main/disc) 7.00e-05/3.50e-05 | 20.7s
2026-08-22 15:44:23 | Epoch 023/100 | loss 2.2196 | cls 1.7338 | tal -0.1172 | dual_g 0.5210 | dual_d 0.9072 | train_acc 0.8281 | train_full 0.6979 | val_acc 0.6154 | val_f1 0.6827 | grad(main/disc) 10.900/1.850 | lr(main/disc) 7.00e-05/3.50e-05 | 21.4s
2026-08-22 15:44:23 | New best val_f1_macro_present: 0.6827 at epoch 23
2026-08-22 15:44:43 | Epoch 024/100 | loss 2.1406 | cls 1.6462 | tal -0.0372 | dual_g 0.5056 | dual_d 0.9074 | train_acc 0.8438 | train_full 0.8125 | val_acc 0.8077 | val_f1 0.8389 | grad(main/disc) 12.133/1.800 | lr(main/disc) 7.00e-05/3.50e-05 | 20.0s
2026-08-22 15:44:44 | New best val_f1_macro_present: 0.8389 at epoch 24
2026-08-22 15:45:05 | Epoch 025/100 | loss 2.1035 | cls 1.6282 | tal -0.0898 | dual_g 0.5023 | dual_d 0.9265 | train_acc 0.8672 | train_full 0.7500 | val_acc 0.6923 | val_f1 0.7361 | grad(main/disc) 11.978/1.911 | lr(main/disc) 7.00e-05/3.50e-05 | 21.8s
2026-08-22 15:45:25 | Epoch 026/100 | loss 2.1863 | cls 1.7232 | tal -0.1341 | dual_g 0.5033 | dual_d 0.9877 | train_acc 0.8516 | train_full 0.7917 | val_acc 0.6538 | val_f1 0.6789 | grad(main/disc) 10.818/1.955 | lr(main/disc) 7.00e-05/3.50e-05 | 20.0s
2026-08-22 15:45:44 | Epoch 027/100 | loss 2.2501 | cls 1.7585 | tal -0.0371 | dual_g 0.5027 | dual_d 1.0191 | train_acc 0.8516 | train_full 0.7500 | val_acc 0.5769 | val_f1 0.5837 | grad(main/disc) 10.737/1.895 | lr(main/disc) 7.00e-05/3.50e-05 | 19.0s
2026-08-22 15:46:06 | Epoch 028/100 | loss 2.2025 | cls 1.7462 | tal -0.1416 | dual_g 0.4987 | dual_d 0.9829 | train_acc 0.8672 | train_full 0.8021 | val_acc 0.6538 | val_f1 0.6620 | grad(main/disc) 11.078/1.934 | lr(main/disc) 7.00e-05/3.50e-05 | 21.5s
2026-08-22 15:46:27 | Epoch 029/100 | loss 2.0810 | cls 1.6337 | tal -0.1600 | dual_g 0.4953 | dual_d 0.8862 | train_acc 0.8828 | train_full 0.8438 | val_acc 0.7308 | val_f1 0.7489 | grad(main/disc) 11.538/1.815 | lr(main/disc) 7.00e-05/3.50e-05 | 21.4s
2026-08-22 15:46:48 | Epoch 030/100 | loss 2.0806 | cls 1.6307 | tal -0.1135 | dual_g 0.4840 | dual_d 1.0264 | train_acc 0.9453 | train_full 0.8125 | val_acc 0.6538 | val_f1 0.6864 | grad(main/disc) 11.336/1.940 | lr(main/disc) 7.00e-05/3.50e-05 | 20.3s
2026-08-22 15:47:08 | Epoch 031/100 | loss 1.9523 | cls 1.5225 | tal -0.1353 | dual_g 0.4704 | dual_d 1.0035 | train_acc 0.9531 | train_full 0.7812 | val_acc 0.6154 | val_f1 0.6497 | grad(main/disc) 8.843/1.920 | lr(main/disc) 3.50e-05/1.75e-05 | 20.6s
2026-08-22 15:47:30 | Epoch 032/100 | loss 1.9742 | cls 1.5432 | tal -0.1429 | dual_g 0.4739 | dual_d 0.9583 | train_acc 0.8828 | train_full 0.7188 | val_acc 0.5385 | val_f1 0.5476 | grad(main/disc) 8.942/1.745 | lr(main/disc) 3.50e-05/1.75e-05 | 21.8s
2026-08-22 15:47:49 | Epoch 033/100 | loss 1.9599 | cls 1.5302 | tal -0.1206 | dual_g 0.4659 | dual_d 0.9798 | train_acc 0.9453 | train_full 0.8021 | val_acc 0.5769 | val_f1 0.5779 | grad(main/disc) 9.092/1.915 | lr(main/disc) 3.50e-05/1.75e-05 | 19.3s
2026-08-22 15:47:49 | Early stopping at epoch 33 after 9 epochs without val_f1_macro_present improvement.
2026-08-22 15:47:49 | Training complete. Best validation accuracy: 0.8077 | best val_f1_macro_present: 0.8389
Dual_D experiment matrix complete.
Batch summary: runs/module_c_ablation/batch_summary_20260822_082835.json
黑天: best val acc 0.9361 ± 0.0492 over 3 run(s)
逆光: best val acc 0.9910 ± 0.0127 over 3 run(s)
雾天: best val acc 0.9823 ± 0.0036 over 3 run(s)
雨天: best val acc 0.6923 ± 0.0831 over 3 run(s)
/home/lixiang/lx/Dual_D/scripts/ablate_module_c.py:509: UserWarning: Glyph 36870 (\N{CJK UNIFIED IDEOGRAPH-9006}) missing from font(s) DejaVu Sans.
  figure.tight_layout()
/home/lixiang/lx/Dual_D/scripts/ablate_module_c.py:509: UserWarning: Glyph 20809 (\N{CJK UNIFIED IDEOGRAPH-5149}) missing from font(s) DejaVu Sans.
  figure.tight_layout()
/home/lixiang/lx/Dual_D/scripts/ablate_module_c.py:509: UserWarning: Glyph 38632 (\N{CJK UNIFIED IDEOGRAPH-96E8}) missing from font(s) DejaVu Sans.
  figure.tight_layout()
/home/lixiang/lx/Dual_D/scripts/ablate_module_c.py:509: UserWarning: Glyph 22825 (\N{CJK UNIFIED IDEOGRAPH-5929}) missing from font(s) DejaVu Sans.
  figure.tight_layout()
/home/lixiang/lx/Dual_D/scripts/ablate_module_c.py:509: UserWarning: Glyph 38654 (\N{CJK UNIFIED IDEOGRAPH-96FE}) missing from font(s) DejaVu Sans.
  figure.tight_layout()
/home/lixiang/lx/Dual_D/scripts/ablate_module_c.py:509: UserWarning: Glyph 40657 (\N{CJK UNIFIED IDEOGRAPH-9ED1}) missing from font(s) DejaVu Sans.
  figure.tight_layout()
/home/lixiang/lx/Dual_D/scripts/ablate_module_c.py:510: UserWarning: Glyph 36870 (\N{CJK UNIFIED IDEOGRAPH-9006}) missing from font(s) DejaVu Sans.
  figure.savefig(output_dir / "module_c_overview.png", dpi=180)
/home/lixiang/lx/Dual_D/scripts/ablate_module_c.py:510: UserWarning: Glyph 20809 (\N{CJK UNIFIED IDEOGRAPH-5149}) missing from font(s) DejaVu Sans.
  figure.savefig(output_dir / "module_c_overview.png", dpi=180)
/home/lixiang/lx/Dual_D/scripts/ablate_module_c.py:510: UserWarning: Glyph 38632 (\N{CJK UNIFIED IDEOGRAPH-96E8}) missing from font(s) DejaVu Sans.
  figure.savefig(output_dir / "module_c_overview.png", dpi=180)
/home/lixiang/lx/Dual_D/scripts/ablate_module_c.py:510: UserWarning: Glyph 22825 (\N{CJK UNIFIED IDEOGRAPH-5929}) missing from font(s) DejaVu Sans.
  figure.savefig(output_dir / "module_c_overview.png", dpi=180)
/home/lixiang/lx/Dual_D/scripts/ablate_module_c.py:510: UserWarning: Glyph 38654 (\N{CJK UNIFIED IDEOGRAPH-96FE}) missing from font(s) DejaVu Sans.
  figure.savefig(output_dir / "module_c_overview.png", dpi=180)
/home/lixiang/lx/Dual_D/scripts/ablate_module_c.py:510: UserWarning: Glyph 40657 (\N{CJK UNIFIED IDEOGRAPH-9ED1}) missing from font(s) DejaVu Sans.
  figure.savefig(output_dir / "module_c_overview.png", dpi=180)
/home/lixiang/lx/Dual_D/scripts/ablate_module_c.py:537: UserWarning: Glyph 36870 (\N{CJK UNIFIED IDEOGRAPH-9006}) missing from font(s) DejaVu Sans.
  figure.tight_layout()
/home/lixiang/lx/Dual_D/scripts/ablate_module_c.py:537: UserWarning: Glyph 20809 (\N{CJK UNIFIED IDEOGRAPH-5149}) missing from font(s) DejaVu Sans.
  figure.tight_layout()
/home/lixiang/lx/Dual_D/scripts/ablate_module_c.py:537: UserWarning: Glyph 38632 (\N{CJK UNIFIED IDEOGRAPH-96E8}) missing from font(s) DejaVu Sans.
  figure.tight_layout()
/home/lixiang/lx/Dual_D/scripts/ablate_module_c.py:537: UserWarning: Glyph 22825 (\N{CJK UNIFIED IDEOGRAPH-5929}) missing from font(s) DejaVu Sans.
  figure.tight_layout()
/home/lixiang/lx/Dual_D/scripts/ablate_module_c.py:537: UserWarning: Glyph 38654 (\N{CJK UNIFIED IDEOGRAPH-96FE}) missing from font(s) DejaVu Sans.
  figure.tight_layout()
/home/lixiang/lx/Dual_D/scripts/ablate_module_c.py:537: UserWarning: Glyph 40657 (\N{CJK UNIFIED IDEOGRAPH-9ED1}) missing from font(s) DejaVu Sans.
  figure.tight_layout()
/home/lixiang/lx/Dual_D/scripts/ablate_module_c.py:538: UserWarning: Glyph 36870 (\N{CJK UNIFIED IDEOGRAPH-9006}) missing from font(s) DejaVu Sans.
  figure.savefig(output_dir / "module_c_effect_heatmap.png", dpi=180)
/home/lixiang/lx/Dual_D/scripts/ablate_module_c.py:538: UserWarning: Glyph 20809 (\N{CJK UNIFIED IDEOGRAPH-5149}) missing from font(s) DejaVu Sans.
  figure.savefig(output_dir / "module_c_effect_heatmap.png", dpi=180)
/home/lixiang/lx/Dual_D/scripts/ablate_module_c.py:538: UserWarning: Glyph 38632 (\N{CJK UNIFIED IDEOGRAPH-96E8}) missing from font(s) DejaVu Sans.
  figure.savefig(output_dir / "module_c_effect_heatmap.png", dpi=180)
/home/lixiang/lx/Dual_D/scripts/ablate_module_c.py:538: UserWarning: Glyph 22825 (\N{CJK UNIFIED IDEOGRAPH-5929}) missing from font(s) DejaVu Sans.
  figure.savefig(output_dir / "module_c_effect_heatmap.png", dpi=180)
/home/lixiang/lx/Dual_D/scripts/ablate_module_c.py:538: UserWarning: Glyph 38654 (\N{CJK UNIFIED IDEOGRAPH-96FE}) missing from font(s) DejaVu Sans.
  figure.savefig(output_dir / "module_c_effect_heatmap.png", dpi=180)
/home/lixiang/lx/Dual_D/scripts/ablate_module_c.py:538: UserWarning: Glyph 40657 (\N{CJK UNIFIED IDEOGRAPH-9ED1}) missing from font(s) DejaVu Sans.
  figure.savefig(output_dir / "module_c_effect_heatmap.png", dpi=180)
/home/lixiang/lx/Dual_D/scripts/ablate_module_c.py:582: UserWarning: Glyph 36870 (\N{CJK UNIFIED IDEOGRAPH-9006}) missing from font(s) DejaVu Sans.
  figure.tight_layout()
/home/lixiang/lx/Dual_D/scripts/ablate_module_c.py:582: UserWarning: Glyph 20809 (\N{CJK UNIFIED IDEOGRAPH-5149}) missing from font(s) DejaVu Sans.
  figure.tight_layout()
/home/lixiang/lx/Dual_D/scripts/ablate_module_c.py:582: UserWarning: Glyph 38632 (\N{CJK UNIFIED IDEOGRAPH-96E8}) missing from font(s) DejaVu Sans.
  figure.tight_layout()
/home/lixiang/lx/Dual_D/scripts/ablate_module_c.py:582: UserWarning: Glyph 22825 (\N{CJK UNIFIED IDEOGRAPH-5929}) missing from font(s) DejaVu Sans.
  figure.tight_layout()
/home/lixiang/lx/Dual_D/scripts/ablate_module_c.py:582: UserWarning: Glyph 38654 (\N{CJK UNIFIED IDEOGRAPH-96FE}) missing from font(s) DejaVu Sans.
  figure.tight_layout()
/home/lixiang/lx/Dual_D/scripts/ablate_module_c.py:582: UserWarning: Glyph 40657 (\N{CJK UNIFIED IDEOGRAPH-9ED1}) missing from font(s) DejaVu Sans.
  figure.tight_layout()
/home/lixiang/lx/Dual_D/scripts/ablate_module_c.py:583: UserWarning: Glyph 36870 (\N{CJK UNIFIED IDEOGRAPH-9006}) missing from font(s) DejaVu Sans.
  figure.savefig(output_dir / f"constraint_{constraint}.png", dpi=180)
/home/lixiang/lx/Dual_D/scripts/ablate_module_c.py:583: UserWarning: Glyph 20809 (\N{CJK UNIFIED IDEOGRAPH-5149}) missing from font(s) DejaVu Sans.
  figure.savefig(output_dir / f"constraint_{constraint}.png", dpi=180)
/home/lixiang/lx/Dual_D/scripts/ablate_module_c.py:583: UserWarning: Glyph 38632 (\N{CJK UNIFIED IDEOGRAPH-96E8}) missing from font(s) DejaVu Sans.
  figure.savefig(output_dir / f"constraint_{constraint}.png", dpi=180)
/home/lixiang/lx/Dual_D/scripts/ablate_module_c.py:583: UserWarning: Glyph 22825 (\N{CJK UNIFIED IDEOGRAPH-5929}) missing from font(s) DejaVu Sans.
  figure.savefig(output_dir / f"constraint_{constraint}.png", dpi=180)
/home/lixiang/lx/Dual_D/scripts/ablate_module_c.py:583: UserWarning: Glyph 38654 (\N{CJK UNIFIED IDEOGRAPH-96FE}) missing from font(s) DejaVu Sans.
  figure.savefig(output_dir / f"constraint_{constraint}.png", dpi=180)
/home/lixiang/lx/Dual_D/scripts/ablate_module_c.py:583: UserWarning: Glyph 40657 (\N{CJK UNIFIED IDEOGRAPH-9ED1}) missing from font(s) DejaVu Sans.
  figure.savefig(output_dir / f"constraint_{constraint}.png", dpi=180)
/home/lixiang/lx/Dual_D/scripts/ablate_module_c.py:582: UserWarning: Glyph 36870 (\N{CJK UNIFIED IDEOGRAPH-9006}) missing from font(s) DejaVu Sans.
  figure.tight_layout()
/home/lixiang/lx/Dual_D/scripts/ablate_module_c.py:582: UserWarning: Glyph 20809 (\N{CJK UNIFIED IDEOGRAPH-5149}) missing from font(s) DejaVu Sans.
  figure.tight_layout()
/home/lixiang/lx/Dual_D/scripts/ablate_module_c.py:582: UserWarning: Glyph 38632 (\N{CJK UNIFIED IDEOGRAPH-96E8}) missing from font(s) DejaVu Sans.
  figure.tight_layout()
/home/lixiang/lx/Dual_D/scripts/ablate_module_c.py:582: UserWarning: Glyph 22825 (\N{CJK UNIFIED IDEOGRAPH-5929}) missing from font(s) DejaVu Sans.
  figure.tight_layout()
/home/lixiang/lx/Dual_D/scripts/ablate_module_c.py:582: UserWarning: Glyph 38654 (\N{CJK UNIFIED IDEOGRAPH-96FE}) missing from font(s) DejaVu Sans.
  figure.tight_layout()
/home/lixiang/lx/Dual_D/scripts/ablate_module_c.py:582: UserWarning: Glyph 40657 (\N{CJK UNIFIED IDEOGRAPH-9ED1}) missing from font(s) DejaVu Sans.
  figure.tight_layout()
/home/lixiang/lx/Dual_D/scripts/ablate_module_c.py:583: UserWarning: Glyph 36870 (\N{CJK UNIFIED IDEOGRAPH-9006}) missing from font(s) DejaVu Sans.
  figure.savefig(output_dir / f"constraint_{constraint}.png", dpi=180)
/home/lixiang/lx/Dual_D/scripts/ablate_module_c.py:583: UserWarning: Glyph 20809 (\N{CJK UNIFIED IDEOGRAPH-5149}) missing from font(s) DejaVu Sans.
  figure.savefig(output_dir / f"constraint_{constraint}.png", dpi=180)
/home/lixiang/lx/Dual_D/scripts/ablate_module_c.py:583: UserWarning: Glyph 38632 (\N{CJK UNIFIED IDEOGRAPH-96E8}) missing from font(s) DejaVu Sans.
  figure.savefig(output_dir / f"constraint_{constraint}.png", dpi=180)
/home/lixiang/lx/Dual_D/scripts/ablate_module_c.py:583: UserWarning: Glyph 22825 (\N{CJK UNIFIED IDEOGRAPH-5929}) missing from font(s) DejaVu Sans.
  figure.savefig(output_dir / f"constraint_{constraint}.png", dpi=180)
/home/lixiang/lx/Dual_D/scripts/ablate_module_c.py:583: UserWarning: Glyph 38654 (\N{CJK UNIFIED IDEOGRAPH-96FE}) missing from font(s) DejaVu Sans.
  figure.savefig(output_dir / f"constraint_{constraint}.png", dpi=180)
/home/lixiang/lx/Dual_D/scripts/ablate_module_c.py:583: UserWarning: Glyph 40657 (\N{CJK UNIFIED IDEOGRAPH-9ED1}) missing from font(s) DejaVu Sans.
  figure.savefig(output_dir / f"constraint_{constraint}.png", dpi=180)
/home/lixiang/lx/Dual_D/scripts/ablate_module_c.py:582: UserWarning: Glyph 36870 (\N{CJK UNIFIED IDEOGRAPH-9006}) missing from font(s) DejaVu Sans.
  figure.tight_layout()
/home/lixiang/lx/Dual_D/scripts/ablate_module_c.py:582: UserWarning: Glyph 20809 (\N{CJK UNIFIED IDEOGRAPH-5149}) missing from font(s) DejaVu Sans.
  figure.tight_layout()
/home/lixiang/lx/Dual_D/scripts/ablate_module_c.py:582: UserWarning: Glyph 38632 (\N{CJK UNIFIED IDEOGRAPH-96E8}) missing from font(s) DejaVu Sans.
  figure.tight_layout()
/home/lixiang/lx/Dual_D/scripts/ablate_module_c.py:582: UserWarning: Glyph 22825 (\N{CJK UNIFIED IDEOGRAPH-5929}) missing from font(s) DejaVu Sans.
  figure.tight_layout()
/home/lixiang/lx/Dual_D/scripts/ablate_module_c.py:582: UserWarning: Glyph 38654 (\N{CJK UNIFIED IDEOGRAPH-96FE}) missing from font(s) DejaVu Sans.
  figure.tight_layout()
/home/lixiang/lx/Dual_D/scripts/ablate_module_c.py:582: UserWarning: Glyph 40657 (\N{CJK UNIFIED IDEOGRAPH-9ED1}) missing from font(s) DejaVu Sans.
  figure.tight_layout()
/home/lixiang/lx/Dual_D/scripts/ablate_module_c.py:583: UserWarning: Glyph 36870 (\N{CJK UNIFIED IDEOGRAPH-9006}) missing from font(s) DejaVu Sans.
  figure.savefig(output_dir / f"constraint_{constraint}.png", dpi=180)
/home/lixiang/lx/Dual_D/scripts/ablate_module_c.py:583: UserWarning: Glyph 20809 (\N{CJK UNIFIED IDEOGRAPH-5149}) missing from font(s) DejaVu Sans.
  figure.savefig(output_dir / f"constraint_{constraint}.png", dpi=180)
/home/lixiang/lx/Dual_D/scripts/ablate_module_c.py:583: UserWarning: Glyph 38632 (\N{CJK UNIFIED IDEOGRAPH-96E8}) missing from font(s) DejaVu Sans.
  figure.savefig(output_dir / f"constraint_{constraint}.png", dpi=180)
/home/lixiang/lx/Dual_D/scripts/ablate_module_c.py:583: UserWarning: Glyph 22825 (\N{CJK UNIFIED IDEOGRAPH-5929}) missing from font(s) DejaVu Sans.
  figure.savefig(output_dir / f"constraint_{constraint}.png", dpi=180)
/home/lixiang/lx/Dual_D/scripts/ablate_module_c.py:583: UserWarning: Glyph 38654 (\N{CJK UNIFIED IDEOGRAPH-96FE}) missing from font(s) DejaVu Sans.
  figure.savefig(output_dir / f"constraint_{constraint}.png", dpi=180)
/home/lixiang/lx/Dual_D/scripts/ablate_module_c.py:583: UserWarning: Glyph 40657 (\N{CJK UNIFIED IDEOGRAPH-9ED1}) missing from font(s) DejaVu Sans.
  figure.savefig(output_dir / f"constraint_{constraint}.png", dpi=180)
/home/lixiang/lx/Dual_D/scripts/ablate_module_c.py:582: UserWarning: Glyph 36870 (\N{CJK UNIFIED IDEOGRAPH-9006}) missing from font(s) DejaVu Sans.
  figure.tight_layout()
/home/lixiang/lx/Dual_D/scripts/ablate_module_c.py:582: UserWarning: Glyph 20809 (\N{CJK UNIFIED IDEOGRAPH-5149}) missing from font(s) DejaVu Sans.
  figure.tight_layout()
/home/lixiang/lx/Dual_D/scripts/ablate_module_c.py:582: UserWarning: Glyph 38632 (\N{CJK UNIFIED IDEOGRAPH-96E8}) missing from font(s) DejaVu Sans.
  figure.tight_layout()
/home/lixiang/lx/Dual_D/scripts/ablate_module_c.py:582: UserWarning: Glyph 22825 (\N{CJK UNIFIED IDEOGRAPH-5929}) missing from font(s) DejaVu Sans.
  figure.tight_layout()
/home/lixiang/lx/Dual_D/scripts/ablate_module_c.py:582: UserWarning: Glyph 38654 (\N{CJK UNIFIED IDEOGRAPH-96FE}) missing from font(s) DejaVu Sans.
  figure.tight_layout()
/home/lixiang/lx/Dual_D/scripts/ablate_module_c.py:582: UserWarning: Glyph 40657 (\N{CJK UNIFIED IDEOGRAPH-9ED1}) missing from font(s) DejaVu Sans.
  figure.tight_layout()
/home/lixiang/lx/Dual_D/scripts/ablate_module_c.py:583: UserWarning: Glyph 36870 (\N{CJK UNIFIED IDEOGRAPH-9006}) missing from font(s) DejaVu Sans.
  figure.savefig(output_dir / f"constraint_{constraint}.png", dpi=180)
/home/lixiang/lx/Dual_D/scripts/ablate_module_c.py:583: UserWarning: Glyph 20809 (\N{CJK UNIFIED IDEOGRAPH-5149}) missing from font(s) DejaVu Sans.
  figure.savefig(output_dir / f"constraint_{constraint}.png", dpi=180)
/home/lixiang/lx/Dual_D/scripts/ablate_module_c.py:583: UserWarning: Glyph 38632 (\N{CJK UNIFIED IDEOGRAPH-96E8}) missing from font(s) DejaVu Sans.
  figure.savefig(output_dir / f"constraint_{constraint}.png", dpi=180)
/home/lixiang/lx/Dual_D/scripts/ablate_module_c.py:583: UserWarning: Glyph 22825 (\N{CJK UNIFIED IDEOGRAPH-5929}) missing from font(s) DejaVu Sans.
  figure.savefig(output_dir / f"constraint_{constraint}.png", dpi=180)
/home/lixiang/lx/Dual_D/scripts/ablate_module_c.py:583: UserWarning: Glyph 38654 (\N{CJK UNIFIED IDEOGRAPH-96FE}) missing from font(s) DejaVu Sans.
  figure.savefig(output_dir / f"constraint_{constraint}.png", dpi=180)
/home/lixiang/lx/Dual_D/scripts/ablate_module_c.py:583: UserWarning: Glyph 40657 (\N{CJK UNIFIED IDEOGRAPH-9ED1}) missing from font(s) DejaVu Sans.
  figure.savefig(output_dir / f"constraint_{constraint}.png", dpi=180)
/home/lixiang/lx/Dual_D/scripts/ablate_module_c.py:582: UserWarning: Glyph 36870 (\N{CJK UNIFIED IDEOGRAPH-9006}) missing from font(s) DejaVu Sans.
  figure.tight_layout()
/home/lixiang/lx/Dual_D/scripts/ablate_module_c.py:582: UserWarning: Glyph 20809 (\N{CJK UNIFIED IDEOGRAPH-5149}) missing from font(s) DejaVu Sans.
  figure.tight_layout()
/home/lixiang/lx/Dual_D/scripts/ablate_module_c.py:582: UserWarning: Glyph 38632 (\N{CJK UNIFIED IDEOGRAPH-96E8}) missing from font(s) DejaVu Sans.
  figure.tight_layout()
/home/lixiang/lx/Dual_D/scripts/ablate_module_c.py:582: UserWarning: Glyph 22825 (\N{CJK UNIFIED IDEOGRAPH-5929}) missing from font(s) DejaVu Sans.
  figure.tight_layout()
/home/lixiang/lx/Dual_D/scripts/ablate_module_c.py:582: UserWarning: Glyph 38654 (\N{CJK UNIFIED IDEOGRAPH-96FE}) missing from font(s) DejaVu Sans.
  figure.tight_layout()
/home/lixiang/lx/Dual_D/scripts/ablate_module_c.py:582: UserWarning: Glyph 40657 (\N{CJK UNIFIED IDEOGRAPH-9ED1}) missing from font(s) DejaVu Sans.
  figure.tight_layout()
/home/lixiang/lx/Dual_D/scripts/ablate_module_c.py:583: UserWarning: Glyph 36870 (\N{CJK UNIFIED IDEOGRAPH-9006}) missing from font(s) DejaVu Sans.
  figure.savefig(output_dir / f"constraint_{constraint}.png", dpi=180)
/home/lixiang/lx/Dual_D/scripts/ablate_module_c.py:583: UserWarning: Glyph 20809 (\N{CJK UNIFIED IDEOGRAPH-5149}) missing from font(s) DejaVu Sans.
  figure.savefig(output_dir / f"constraint_{constraint}.png", dpi=180)
/home/lixiang/lx/Dual_D/scripts/ablate_module_c.py:583: UserWarning: Glyph 38632 (\N{CJK UNIFIED IDEOGRAPH-96E8}) missing from font(s) DejaVu Sans.
  figure.savefig(output_dir / f"constraint_{constraint}.png", dpi=180)
/home/lixiang/lx/Dual_D/scripts/ablate_module_c.py:583: UserWarning: Glyph 22825 (\N{CJK UNIFIED IDEOGRAPH-5929}) missing from font(s) DejaVu Sans.
  figure.savefig(output_dir / f"constraint_{constraint}.png", dpi=180)
/home/lixiang/lx/Dual_D/scripts/ablate_module_c.py:583: UserWarning: Glyph 38654 (\N{CJK UNIFIED IDEOGRAPH-96FE}) missing from font(s) DejaVu Sans.
  figure.savefig(output_dir / f"constraint_{constraint}.png", dpi=180)
/home/lixiang/lx/Dual_D/scripts/ablate_module_c.py:583: UserWarning: Glyph 40657 (\N{CJK UNIFIED IDEOGRAPH-9ED1}) missing from font(s) DejaVu Sans.
  figure.savefig(output_dir / f"constraint_{constraint}.png", dpi=180)
/home/lixiang/lx/Dual_D/scripts/ablate_module_c.py:665: UserWarning: Glyph 20027 (\N{CJK UNIFIED IDEOGRAPH-4E3B}) missing from font(s) DejaVu Sans.
  figure.tight_layout(rect=(0, 0.06, 1, 0.94))
/home/lixiang/lx/Dual_D/scripts/ablate_module_c.py:665: UserWarning: Glyph 25104 (\N{CJK UNIFIED IDEOGRAPH-6210}) missing from font(s) DejaVu Sans.
  figure.tight_layout(rect=(0, 0.06, 1, 0.94))
/home/lixiang/lx/Dual_D/scripts/ablate_module_c.py:665: UserWarning: Glyph 20998 (\N{CJK UNIFIED IDEOGRAPH-5206}) missing from font(s) DejaVu Sans.
  figure.tight_layout(rect=(0, 0.06, 1, 0.94))
/home/lixiang/lx/Dual_D/scripts/ablate_module_c.py:665: UserWarning: Glyph 23436 (\N{CJK UNIFIED IDEOGRAPH-5B8C}) missing from font(s) DejaVu Sans.
  figure.tight_layout(rect=(0, 0.06, 1, 0.94))
/home/lixiang/lx/Dual_D/scripts/ablate_module_c.py:665: UserWarning: Glyph 25972 (\N{CJK UNIFIED IDEOGRAPH-6574}) missing from font(s) DejaVu Sans.
  figure.tight_layout(rect=(0, 0.06, 1, 0.94))
/home/lixiang/lx/Dual_D/scripts/ablate_module_c.py:665: UserWarning: Glyph 27169 (\N{CJK UNIFIED IDEOGRAPH-6A21}) missing from font(s) DejaVu Sans.
  figure.tight_layout(rect=(0, 0.06, 1, 0.94))
/home/lixiang/lx/Dual_D/scripts/ablate_module_c.py:665: UserWarning: Glyph 22359 (\N{CJK UNIFIED IDEOGRAPH-5757}) missing from font(s) DejaVu Sans.
  figure.tight_layout(rect=(0, 0.06, 1, 0.94))
/home/lixiang/lx/Dual_D/scripts/ablate_module_c.py:665: UserWarning: Glyph 65306 (\N{FULLWIDTH COLON}) missing from font(s) DejaVu Sans.
  figure.tight_layout(rect=(0, 0.06, 1, 0.94))
/home/lixiang/lx/Dual_D/scripts/ablate_module_c.py:665: UserWarning: Glyph 21407 (\N{CJK UNIFIED IDEOGRAPH-539F}) missing from font(s) DejaVu Sans.
  figure.tight_layout(rect=(0, 0.06, 1, 0.94))
/home/lixiang/lx/Dual_D/scripts/ablate_module_c.py:665: UserWarning: Glyph 22987 (\N{CJK UNIFIED IDEOGRAPH-59CB}) missing from font(s) DejaVu Sans.
  figure.tight_layout(rect=(0, 0.06, 1, 0.94))
/home/lixiang/lx/Dual_D/scripts/ablate_module_c.py:665: UserWarning: Glyph 25237 (\N{CJK UNIFIED IDEOGRAPH-6295}) missing from font(s) DejaVu Sans.
  figure.tight_layout(rect=(0, 0.06, 1, 0.94))
/home/lixiang/lx/Dual_D/scripts/ablate_module_c.py:665: UserWarning: Glyph 24433 (\N{CJK UNIFIED IDEOGRAPH-5F71}) missing from font(s) DejaVu Sans.
  figure.tight_layout(rect=(0, 0.06, 1, 0.94))
/home/lixiang/lx/Dual_D/scripts/ablate_module_c.py:665: UserWarning: Glyph 21435 (\N{CJK UNIFIED IDEOGRAPH-53BB}) missing from font(s) DejaVu Sans.
  figure.tight_layout(rect=(0, 0.06, 1, 0.94))
/home/lixiang/lx/Dual_D/scripts/ablate_module_c.py:665: UserWarning: Glyph 38500 (\N{CJK UNIFIED IDEOGRAPH-9664}) missing from font(s) DejaVu Sans.
  figure.tight_layout(rect=(0, 0.06, 1, 0.94))
/home/lixiang/lx/Dual_D/scripts/ablate_module_c.py:665: UserWarning: Glyph 36870 (\N{CJK UNIFIED IDEOGRAPH-9006}) missing from font(s) DejaVu Sans.
  figure.tight_layout(rect=(0, 0.06, 1, 0.94))
/home/lixiang/lx/Dual_D/scripts/ablate_module_c.py:665: UserWarning: Glyph 20809 (\N{CJK UNIFIED IDEOGRAPH-5149}) missing from font(s) DejaVu Sans.
  figure.tight_layout(rect=(0, 0.06, 1, 0.94))
/home/lixiang/lx/Dual_D/scripts/ablate_module_c.py:665: UserWarning: Glyph 32422 (\N{CJK UNIFIED IDEOGRAPH-7EA6}) missing from font(s) DejaVu Sans.
  figure.tight_layout(rect=(0, 0.06, 1, 0.94))
/home/lixiang/lx/Dual_D/scripts/ablate_module_c.py:665: UserWarning: Glyph 26463 (\N{CJK UNIFIED IDEOGRAPH-675F}) missing from font(s) DejaVu Sans.
  figure.tight_layout(rect=(0, 0.06, 1, 0.94))
/home/lixiang/lx/Dual_D/scripts/ablate_module_c.py:665: UserWarning: Glyph 29305 (\N{CJK UNIFIED IDEOGRAPH-7279}) missing from font(s) DejaVu Sans.
  figure.tight_layout(rect=(0, 0.06, 1, 0.94))
/home/lixiang/lx/Dual_D/scripts/ablate_module_c.py:665: UserWarning: Glyph 24449 (\N{CJK UNIFIED IDEOGRAPH-5F81}) missing from font(s) DejaVu Sans.
  figure.tight_layout(rect=(0, 0.06, 1, 0.94))
/home/lixiang/lx/Dual_D/scripts/ablate_module_c.py:665: UserWarning: Glyph 21487 (\N{CJK UNIFIED IDEOGRAPH-53EF}) missing from font(s) DejaVu Sans.
  figure.tight_layout(rect=(0, 0.06, 1, 0.94))
/home/lixiang/lx/Dual_D/scripts/ablate_module_c.py:665: UserWarning: Glyph 35270 (\N{CJK UNIFIED IDEOGRAPH-89C6}) missing from font(s) DejaVu Sans.
  figure.tight_layout(rect=(0, 0.06, 1, 0.94))
/home/lixiang/lx/Dual_D/scripts/ablate_module_c.py:665: UserWarning: Glyph 21270 (\N{CJK UNIFIED IDEOGRAPH-5316}) missing from font(s) DejaVu Sans.
  figure.tight_layout(rect=(0, 0.06, 1, 0.94))
/home/lixiang/lx/Dual_D/scripts/ablate_module_c.py:667: UserWarning: Glyph 20027 (\N{CJK UNIFIED IDEOGRAPH-4E3B}) missing from font(s) DejaVu Sans.
  figure.savefig(output_dir / filename, dpi=180)
/home/lixiang/lx/Dual_D/scripts/ablate_module_c.py:667: UserWarning: Glyph 25104 (\N{CJK UNIFIED IDEOGRAPH-6210}) missing from font(s) DejaVu Sans.
  figure.savefig(output_dir / filename, dpi=180)
/home/lixiang/lx/Dual_D/scripts/ablate_module_c.py:667: UserWarning: Glyph 20998 (\N{CJK UNIFIED IDEOGRAPH-5206}) missing from font(s) DejaVu Sans.
  figure.savefig(output_dir / filename, dpi=180)
/home/lixiang/lx/Dual_D/scripts/ablate_module_c.py:667: UserWarning: Glyph 23436 (\N{CJK UNIFIED IDEOGRAPH-5B8C}) missing from font(s) DejaVu Sans.
  figure.savefig(output_dir / filename, dpi=180)
/home/lixiang/lx/Dual_D/scripts/ablate_module_c.py:667: UserWarning: Glyph 25972 (\N{CJK UNIFIED IDEOGRAPH-6574}) missing from font(s) DejaVu Sans.
  figure.savefig(output_dir / filename, dpi=180)
/home/lixiang/lx/Dual_D/scripts/ablate_module_c.py:667: UserWarning: Glyph 27169 (\N{CJK UNIFIED IDEOGRAPH-6A21}) missing from font(s) DejaVu Sans.
  figure.savefig(output_dir / filename, dpi=180)
/home/lixiang/lx/Dual_D/scripts/ablate_module_c.py:667: UserWarning: Glyph 22359 (\N{CJK UNIFIED IDEOGRAPH-5757}) missing from font(s) DejaVu Sans.
  figure.savefig(output_dir / filename, dpi=180)
/home/lixiang/lx/Dual_D/scripts/ablate_module_c.py:667: UserWarning: Glyph 65306 (\N{FULLWIDTH COLON}) missing from font(s) DejaVu Sans.
  figure.savefig(output_dir / filename, dpi=180)
/home/lixiang/lx/Dual_D/scripts/ablate_module_c.py:667: UserWarning: Glyph 21407 (\N{CJK UNIFIED IDEOGRAPH-539F}) missing from font(s) DejaVu Sans.
  figure.savefig(output_dir / filename, dpi=180)
/home/lixiang/lx/Dual_D/scripts/ablate_module_c.py:667: UserWarning: Glyph 22987 (\N{CJK UNIFIED IDEOGRAPH-59CB}) missing from font(s) DejaVu Sans.
  figure.savefig(output_dir / filename, dpi=180)
/home/lixiang/lx/Dual_D/scripts/ablate_module_c.py:667: UserWarning: Glyph 25237 (\N{CJK UNIFIED IDEOGRAPH-6295}) missing from font(s) DejaVu Sans.
  figure.savefig(output_dir / filename, dpi=180)
/home/lixiang/lx/Dual_D/scripts/ablate_module_c.py:667: UserWarning: Glyph 24433 (\N{CJK UNIFIED IDEOGRAPH-5F71}) missing from font(s) DejaVu Sans.
  figure.savefig(output_dir / filename, dpi=180)
/home/lixiang/lx/Dual_D/scripts/ablate_module_c.py:667: UserWarning: Glyph 21435 (\N{CJK UNIFIED IDEOGRAPH-53BB}) missing from font(s) DejaVu Sans.
  figure.savefig(output_dir / filename, dpi=180)
/home/lixiang/lx/Dual_D/scripts/ablate_module_c.py:667: UserWarning: Glyph 38500 (\N{CJK UNIFIED IDEOGRAPH-9664}) missing from font(s) DejaVu Sans.
  figure.savefig(output_dir / filename, dpi=180)
/home/lixiang/lx/Dual_D/scripts/ablate_module_c.py:667: UserWarning: Glyph 36870 (\N{CJK UNIFIED IDEOGRAPH-9006}) missing from font(s) DejaVu Sans.
  figure.savefig(output_dir / filename, dpi=180)
/home/lixiang/lx/Dual_D/scripts/ablate_module_c.py:667: UserWarning: Glyph 20809 (\N{CJK UNIFIED IDEOGRAPH-5149}) missing from font(s) DejaVu Sans.
  figure.savefig(output_dir / filename, dpi=180)
/home/lixiang/lx/Dual_D/scripts/ablate_module_c.py:667: UserWarning: Glyph 32422 (\N{CJK UNIFIED IDEOGRAPH-7EA6}) missing from font(s) DejaVu Sans.
  figure.savefig(output_dir / filename, dpi=180)
/home/lixiang/lx/Dual_D/scripts/ablate_module_c.py:667: UserWarning: Glyph 26463 (\N{CJK UNIFIED IDEOGRAPH-675F}) missing from font(s) DejaVu Sans.
  figure.savefig(output_dir / filename, dpi=180)
/home/lixiang/lx/Dual_D/scripts/ablate_module_c.py:667: UserWarning: Glyph 29305 (\N{CJK UNIFIED IDEOGRAPH-7279}) missing from font(s) DejaVu Sans.
  figure.savefig(output_dir / filename, dpi=180)
/home/lixiang/lx/Dual_D/scripts/ablate_module_c.py:667: UserWarning: Glyph 24449 (\N{CJK UNIFIED IDEOGRAPH-5F81}) missing from font(s) DejaVu Sans.
  figure.savefig(output_dir / filename, dpi=180)
/home/lixiang/lx/Dual_D/scripts/ablate_module_c.py:667: UserWarning: Glyph 21487 (\N{CJK UNIFIED IDEOGRAPH-53EF}) missing from font(s) DejaVu Sans.
  figure.savefig(output_dir / filename, dpi=180)
/home/lixiang/lx/Dual_D/scripts/ablate_module_c.py:667: UserWarning: Glyph 35270 (\N{CJK UNIFIED IDEOGRAPH-89C6}) missing from font(s) DejaVu Sans.
  figure.savefig(output_dir / filename, dpi=180)
/home/lixiang/lx/Dual_D/scripts/ablate_module_c.py:667: UserWarning: Glyph 21270 (\N{CJK UNIFIED IDEOGRAPH-5316}) missing from font(s) DejaVu Sans.
  figure.savefig(output_dir / filename, dpi=180)
/home/lixiang/lx/Dual_D/scripts/ablate_module_c.py:667: UserWarning: Glyph 31867 (\N{CJK UNIFIED IDEOGRAPH-7C7B}) missing from font(s) DejaVu Sans.
  figure.savefig(output_dir / filename, dpi=180)
/home/lixiang/lx/Dual_D/scripts/ablate_module_c.py:665: UserWarning: Glyph 38632 (\N{CJK UNIFIED IDEOGRAPH-96E8}) missing from font(s) DejaVu Sans.
  figure.tight_layout(rect=(0, 0.06, 1, 0.94))
/home/lixiang/lx/Dual_D/scripts/ablate_module_c.py:665: UserWarning: Glyph 22825 (\N{CJK UNIFIED IDEOGRAPH-5929}) missing from font(s) DejaVu Sans.
  figure.tight_layout(rect=(0, 0.06, 1, 0.94))
/home/lixiang/lx/Dual_D/scripts/ablate_module_c.py:667: UserWarning: Glyph 38632 (\N{CJK UNIFIED IDEOGRAPH-96E8}) missing from font(s) DejaVu Sans.
  figure.savefig(output_dir / filename, dpi=180)
/home/lixiang/lx/Dual_D/scripts/ablate_module_c.py:667: UserWarning: Glyph 22825 (\N{CJK UNIFIED IDEOGRAPH-5929}) missing from font(s) DejaVu Sans.
  figure.savefig(output_dir / filename, dpi=180)
/home/lixiang/lx/Dual_D/scripts/ablate_module_c.py:665: UserWarning: Glyph 38654 (\N{CJK UNIFIED IDEOGRAPH-96FE}) missing from font(s) DejaVu Sans.
  figure.tight_layout(rect=(0, 0.06, 1, 0.94))
/home/lixiang/lx/Dual_D/scripts/ablate_module_c.py:667: UserWarning: Glyph 38654 (\N{CJK UNIFIED IDEOGRAPH-96FE}) missing from font(s) DejaVu Sans.
  figure.savefig(output_dir / filename, dpi=180)
/home/lixiang/lx/Dual_D/scripts/ablate_module_c.py:665: UserWarning: Glyph 40657 (\N{CJK UNIFIED IDEOGRAPH-9ED1}) missing from font(s) DejaVu Sans.
  figure.tight_layout(rect=(0, 0.06, 1, 0.94))
/home/lixiang/lx/Dual_D/scripts/ablate_module_c.py:667: UserWarning: Glyph 40657 (\N{CJK UNIFIED IDEOGRAPH-9ED1}) missing from font(s) DejaVu Sans.
  figure.savefig(output_dir / filename, dpi=180)
Running Module-C variant: full
/home/lixiang/envs/lx_pytorch/bin/python /home/lixiang/lx/Dual_D/scripts/train_dual_d.py --config configs/train_dual_d_default.json --dual-config runs/module_c_ablation/configs/dual_d_full.json --source-root /home/lixiang/lx/Data/晴天 --output-dir runs/module_c_ablation --run-name module_c_full --iterations 3 --no-save-checkpoints --save-feature-embeddings --feature-visualization-samples 512 --no-use-ais --target-parent-root /home/lixiang/lx/Data --target-domains 黑天 逆光 雾天 雨天 --device cuda
Running Module-C variant: no_cycle
/home/lixiang/envs/lx_pytorch/bin/python /home/lixiang/lx/Dual_D/scripts/train_dual_d.py --config configs/train_dual_d_default.json --dual-config runs/module_c_ablation/configs/dual_d_no_cycle.json --source-root /home/lixiang/lx/Data/晴天 --output-dir runs/module_c_ablation --run-name module_c_no_cycle --iterations 3 --no-save-checkpoints --save-feature-embeddings --feature-visualization-samples 512 --no-use-ais --target-parent-root /home/lixiang/lx/Data --target-domains 黑天 逆光 雾天 雨天 --device cuda
Running Module-C variant: no_identity
/home/lixiang/envs/lx_pytorch/bin/python /home/lixiang/lx/Dual_D/scripts/train_dual_d.py --config configs/train_dual_d_default.json --dual-config runs/module_c_ablation/configs/dual_d_no_identity.json --source-root /home/lixiang/lx/Data/晴天 --output-dir runs/module_c_ablation --run-name module_c_no_identity --iterations 3 --no-save-checkpoints --save-feature-embeddings --feature-visualization-samples 512 --no-use-ais --target-parent-root /home/lixiang/lx/Data --target-domains 黑天 逆光 雾天 雨天 --device cuda
Running Module-C variant: no_paired_contrastive
/home/lixiang/envs/lx_pytorch/bin/python /home/lixiang/lx/Dual_D/scripts/train_dual_d.py --config configs/train_dual_d_default.json --dual-config runs/module_c_ablation/configs/dual_d_no_paired_contrastive.json --source-root /home/lixiang/lx/Data/晴天 --output-dir runs/module_c_ablation --run-name module_c_no_paired_contrastive --iterations 3 --no-save-checkpoints --save-feature-embeddings --feature-visualization-samples 512 --no-use-ais --target-parent-root /home/lixiang/lx/Data --target-domains 黑天 逆光 雾天 雨天 --device cuda
Running Module-C variant: no_prototype_contrastive
/home/lixiang/envs/lx_pytorch/bin/python /home/lixiang/lx/Dual_D/scripts/train_dual_d.py --config configs/train_dual_d_default.json --dual-config runs/module_c_ablation/configs/dual_d_no_prototype_contrastive.json --source-root /home/lixiang/lx/Data/晴天 --output-dir runs/module_c_ablation --run-name module_c_no_prototype_contrastive --iterations 3 --no-save-checkpoints --save-feature-embeddings --feature-visualization-samples 512 --no-use-ais --target-parent-root /home/lixiang/lx/Data --target-domains 黑天 逆光 雾天 雨天 --device cuda
Running Module-C variant: no_classification_feedback
/home/lixiang/envs/lx_pytorch/bin/python /home/lixiang/lx/Dual_D/scripts/train_dual_d.py --config configs/train_dual_d_default.json --dual-config runs/module_c_ablation/configs/dual_d_no_classification_feedback.json --source-root /home/lixiang/lx/Data/晴天 --output-dir runs/module_c_ablation --run-name module_c_no_classification_feedback --iterations 3 --no-save-checkpoints --save-feature-embeddings --feature-visualization-samples 512 --no-use-ais --target-parent-root /home/lixiang/lx/Data --target-domains 黑天 逆光 雾天 雨天 --device cuda
Analysed 82 runs; wrote results to runs/module_c_ablation
