nohup: 忽略输入
Running Module-C variant: full
/home/lixiang/envs/lx_pytorch/bin/python /home/lixiang/lx/Dual_D/scripts/train_dual_d.py --config configs/train_dual_d_default.json --dual-config runs/module_c_ablation/module_c_20260824_171004/configs/dual_d_full.json --source-root /home/lixiang/lx/Data/晴天 --output-dir runs/module_c_ablation/module_c_20260824_171004 --run-name module_c_full --iterations 3 --no-save-checkpoints --save-feature-embeddings --feature-visualization-samples 512 --monitor-metric val_f1_macro_present --no-use-ais --deterministic-training --target-parent-root /home/lixiang/lx/Data --target-domains 黑天 逆光 雾天 雨天 --epochs 100 --batch-size 64 --num-workers 8 --device cuda --seed 42
/home/lixiang/envs/lx_pytorch/lib/python3.11/site-packages/torch/cuda/__init__.py:1061: UserWarning: Can't initialize NVML
  raw_cnt = _raw_device_count_nvml()
2026-08-24 17:10:05 | Starting Dual_D standalone training
2026-08-24 17:10:05 | Run directory: runs/module_c_ablation/module_c_20260824_171004/module_c_full_黑天_iter01_20260824_171005
2026-08-24 17:10:05 | Device: cuda
2026-08-24 17:10:05 | Source train samples: 992
2026-08-24 17:10:05 | Target train samples: 465
2026-08-24 17:10:05 | Target val samples: 120
2026-08-24 17:10:05 | Classes: 14
2026-08-24 17:10:05 | Data audit: same_dir=False | path_overlap(vis/ir/ais)=0/0/0 | content_overlap(vis/ir/ais)=0/0/0 | ais_index_overlap=0 | stem_mismatch(vis-ir/vis-ais)=578/0
2026-08-24 17:10:05 | source_train classes: present 14/14 | absent 0 | counts [0:120, 1:44, 2:69, 3:45, 4:40, 5:30, 6:64, 7:80, 8:116, 9:68, 10:57, 11:83, 12:48, 13:128]
2026-08-24 17:10:05 | target_train classes: present 8/14 | absent 6 | counts [0:100, 2:11, 3:16, 6:89, 9:162, 10:12, 11:44, 13:31]
2026-08-24 17:10:05 | target_val classes: present 8/14 | absent 6 | counts [0:26, 2:3, 3:5, 6:23, 9:41, 10:3, 11:11, 13:8]
2026-08-24 17:10:05 | Paired training classes: 8/14 | class ids [0, 2, 3, 6, 9, 10, 11, 13]
2026-08-24 17:10:05 | VIS/IR pairing: class-level-unpaired | count-mismatch classes train/val: 10/0 | AIS alignment: none | AIS rows train/val: 0/0
2026-08-24 17:10:07 | Model parameters: total=17277714 | trainable=17120210
Starting run 1/12: domain=黑天, iteration=1, seed=42
2026-08-24 17:13:28 | Epoch 001/100 | loss 5.2183 | cls 5.1642 | tal 0.1802 | dual_g 0.0000 | dual_d 0.0000 | train_acc 0.1074 | train_full 0.1097 | val_acc 0.0833 | val_f1 0.0251 | grad(main/disc) 16.706/0.000 | lr(main/disc) 7.00e-05/3.50e-05 | 201.2s
2026-08-24 17:13:31 | New best val_f1_macro_present: 0.0251 at epoch 1
2026-08-24 17:16:49 | Epoch 002/100 | loss 3.9950 | cls 3.9749 | tal 0.0671 | dual_g 0.0000 | dual_d 0.0000 | train_acc 0.2109 | train_full 0.1828 | val_acc 0.1250 | val_f1 0.1038 | grad(main/disc) 13.289/0.000 | lr(main/disc) 7.00e-05/3.50e-05 | 197.7s
2026-08-24 17:16:52 | New best val_f1_macro_present: 0.1038 at epoch 2
2026-08-24 17:20:06 | Epoch 003/100 | loss 3.3629 | cls 3.3432 | tal 0.0659 | dual_g 0.0000 | dual_d 0.0000 | train_acc 0.4199 | train_full 0.2129 | val_acc 0.1917 | val_f1 0.1651 | grad(main/disc) 11.673/0.000 | lr(main/disc) 7.00e-05/3.50e-05 | 193.4s
2026-08-24 17:20:09 | New best val_f1_macro_present: 0.1651 at epoch 3
2026-08-24 17:23:16 | Epoch 004/100 | loss 3.0680 | cls 3.0439 | tal 0.0802 | dual_g 0.0000 | dual_d 0.0000 | train_acc 0.4805 | train_full 0.3548 | val_acc 0.2917 | val_f1 0.2326 | grad(main/disc) 10.820/0.000 | lr(main/disc) 7.00e-05/3.50e-05 | 186.6s
2026-08-24 17:23:19 | New best val_f1_macro_present: 0.2326 at epoch 4
2026-08-24 17:26:30 | Epoch 005/100 | loss 2.6613 | cls 2.6511 | tal 0.0339 | dual_g 0.0000 | dual_d 0.0000 | train_acc 0.5781 | train_full 0.3634 | val_acc 0.3417 | val_f1 0.3465 | grad(main/disc) 10.192/0.000 | lr(main/disc) 7.00e-05/3.50e-05 | 190.8s
2026-08-24 17:26:33 | New best val_f1_macro_present: 0.3465 at epoch 5
2026-08-24 17:29:48 | Epoch 006/100 | loss 2.7854 | cls 2.5740 | tal 0.0410 | dual_g 0.1992 | dual_d 0.9396 | train_acc 0.5840 | train_full 0.4968 | val_acc 0.5167 | val_f1 0.5524 | grad(main/disc) 10.518/1.964 | lr(main/disc) 7.00e-05/3.50e-05 | 194.7s
2026-08-24 17:29:51 | New best val_f1_macro_present: 0.5524 at epoch 6
2026-08-24 17:32:57 | Epoch 007/100 | loss 2.6926 | cls 2.3116 | tal 0.0560 | dual_g 0.3642 | dual_d 0.8858 | train_acc 0.6426 | train_full 0.5806 | val_acc 0.5833 | val_f1 0.6179 | grad(main/disc) 9.952/1.784 | lr(main/disc) 7.00e-05/3.50e-05 | 186.0s
2026-08-24 17:33:00 | New best val_f1_macro_present: 0.6179 at epoch 7
2026-08-24 17:36:13 | Epoch 008/100 | loss 2.6903 | cls 2.1481 | tal 0.0651 | dual_g 0.5227 | dual_d 0.8258 | train_acc 0.7070 | train_full 0.6602 | val_acc 0.6500 | val_f1 0.6560 | grad(main/disc) 9.361/1.662 | lr(main/disc) 7.00e-05/3.50e-05 | 193.3s
2026-08-24 17:36:17 | New best val_f1_macro_present: 0.6560 at epoch 8
2026-08-24 17:38:51 | Epoch 009/100 | loss 2.6621 | cls 2.0013 | tal 0.0361 | dual_g 0.6500 | dual_d 0.8407 | train_acc 0.7422 | train_full 0.6968 | val_acc 0.6833 | val_f1 0.6906 | grad(main/disc) 9.773/1.631 | lr(main/disc) 7.00e-05/3.50e-05 | 153.9s
2026-08-24 17:38:54 | New best val_f1_macro_present: 0.6906 at epoch 9
2026-08-24 17:40:43 | Epoch 010/100 | loss 2.7462 | cls 1.9581 | tal 0.0523 | dual_g 0.7724 | dual_d 0.8167 | train_acc 0.7520 | train_full 0.7204 | val_acc 0.7083 | val_f1 0.7351 | grad(main/disc) 10.204/1.637 | lr(main/disc) 7.00e-05/3.50e-05 | 109.6s
2026-08-24 17:40:46 | New best val_f1_macro_present: 0.7351 at epoch 10
2026-08-24 17:42:31 | Epoch 011/100 | loss 2.6825 | cls 1.8023 | tal -0.0091 | dual_g 0.8829 | dual_d 0.8646 | train_acc 0.7930 | train_full 0.7290 | val_acc 0.7167 | val_f1 0.7102 | grad(main/disc) 10.078/1.647 | lr(main/disc) 7.00e-05/3.50e-05 | 104.5s
2026-08-24 17:44:14 | Epoch 012/100 | loss 2.8412 | cls 1.7998 | tal 0.0617 | dual_g 1.0229 | dual_d 0.8026 | train_acc 0.8047 | train_full 0.7957 | val_acc 0.7667 | val_f1 0.7416 | grad(main/disc) 10.933/1.536 | lr(main/disc) 7.00e-05/3.50e-05 | 103.5s
2026-08-24 17:44:18 | New best val_f1_macro_present: 0.7416 at epoch 12
2026-08-24 17:46:05 | Epoch 013/100 | loss 2.7968 | cls 1.7003 | tal 0.0062 | dual_g 1.0946 | dual_d 0.8623 | train_acc 0.8438 | train_full 0.7118 | val_acc 0.7250 | val_f1 0.7212 | grad(main/disc) 9.469/1.613 | lr(main/disc) 7.00e-05/3.50e-05 | 107.1s
2026-08-24 17:47:49 | Epoch 014/100 | loss 2.8504 | cls 1.6547 | tal -0.0035 | dual_g 1.1968 | dual_d 0.8226 | train_acc 0.8672 | train_full 0.7376 | val_acc 0.7417 | val_f1 0.7271 | grad(main/disc) 9.964/1.486 | lr(main/disc) 7.00e-05/3.50e-05 | 104.0s
2026-08-24 17:49:31 | Epoch 015/100 | loss 2.9645 | cls 1.6603 | tal 0.0239 | dual_g 1.2970 | dual_d 0.8317 | train_acc 0.8652 | train_full 0.8473 | val_acc 0.8333 | val_f1 0.8079 | grad(main/disc) 11.784/1.514 | lr(main/disc) 7.00e-05/3.50e-05 | 102.7s
2026-08-24 17:49:35 | New best val_f1_macro_present: 0.8079 at epoch 15
2026-08-24 17:51:27 | Epoch 016/100 | loss 2.8201 | cls 1.5650 | tal 0.0348 | dual_g 1.2447 | dual_d 0.8138 | train_acc 0.8867 | train_full 0.8710 | val_acc 0.8667 | val_f1 0.8487 | grad(main/disc) 8.498/1.407 | lr(main/disc) 7.00e-05/3.50e-05 | 112.0s
2026-08-24 17:51:30 | New best val_f1_macro_present: 0.8487 at epoch 16
2026-08-24 17:53:17 | Epoch 017/100 | loss 2.7728 | cls 1.5350 | tal 0.0298 | dual_g 1.2289 | dual_d 0.8426 | train_acc 0.9004 | train_full 0.8645 | val_acc 0.8333 | val_f1 0.8088 | grad(main/disc) 8.673/1.498 | lr(main/disc) 7.00e-05/3.50e-05 | 107.0s
2026-08-24 17:55:02 | Epoch 018/100 | loss 2.6741 | cls 1.4921 | tal 0.0525 | dual_g 1.1663 | dual_d 0.8123 | train_acc 0.9199 | train_full 0.8817 | val_acc 0.8667 | val_f1 0.8267 | grad(main/disc) 8.645/1.373 | lr(main/disc) 7.00e-05/3.50e-05 | 105.5s
2026-08-24 17:56:48 | Epoch 019/100 | loss 2.6803 | cls 1.4924 | tal 0.0203 | dual_g 1.1818 | dual_d 0.8142 | train_acc 0.9199 | train_full 0.8925 | val_acc 0.8500 | val_f1 0.7990 | grad(main/disc) 9.113/1.420 | lr(main/disc) 7.00e-05/3.50e-05 | 106.0s
2026-08-24 17:58:37 | Epoch 020/100 | loss 2.5891 | cls 1.4596 | tal -0.0415 | dual_g 1.1419 | dual_d 0.8561 | train_acc 0.9395 | train_full 0.8796 | val_acc 0.8500 | val_f1 0.8344 | grad(main/disc) 7.859/1.416 | lr(main/disc) 7.00e-05/3.50e-05 | 109.2s
2026-08-24 18:00:24 | Epoch 021/100 | loss 2.5115 | cls 1.4056 | tal -0.0414 | dual_g 1.1184 | dual_d 0.8712 | train_acc 0.9609 | train_full 0.8538 | val_acc 0.8583 | val_f1 0.8234 | grad(main/disc) 6.663/1.429 | lr(main/disc) 7.00e-05/3.50e-05 | 107.2s
2026-08-24 18:02:13 | Epoch 022/100 | loss 2.4982 | cls 1.4129 | tal -0.0503 | dual_g 1.1004 | dual_d 0.8867 | train_acc 0.9648 | train_full 0.9032 | val_acc 0.8417 | val_f1 0.7862 | grad(main/disc) 6.558/1.422 | lr(main/disc) 7.00e-05/3.50e-05 | 108.2s
2026-08-24 18:03:55 | Epoch 023/100 | loss 2.4542 | cls 1.3927 | tal -0.0398 | dual_g 1.0734 | dual_d 0.9083 | train_acc 0.9551 | train_full 0.9247 | val_acc 0.9083 | val_f1 0.8558 | grad(main/disc) 6.366/1.428 | lr(main/disc) 7.00e-05/3.50e-05 | 102.5s
2026-08-24 18:03:58 | New best val_f1_macro_present: 0.8558 at epoch 23
2026-08-24 18:05:43 | Epoch 024/100 | loss 2.4320 | cls 1.3825 | tal -0.0556 | dual_g 1.0661 | dual_d 0.9334 | train_acc 0.9590 | train_full 0.9097 | val_acc 0.8833 | val_f1 0.8519 | grad(main/disc) 6.882/1.452 | lr(main/disc) 7.00e-05/3.50e-05 | 105.3s
2026-08-24 18:07:27 | Epoch 025/100 | loss 2.4414 | cls 1.3922 | tal -0.0528 | dual_g 1.0651 | dual_d 0.9625 | train_acc 0.9629 | train_full 0.9118 | val_acc 0.9000 | val_f1 0.8838 | grad(main/disc) 6.966/1.480 | lr(main/disc) 7.00e-05/3.50e-05 | 103.8s
2026-08-24 18:07:30 | New best val_f1_macro_present: 0.8838 at epoch 25
2026-08-24 18:09:22 | Epoch 026/100 | loss 2.3996 | cls 1.3688 | tal -0.0591 | dual_g 1.0485 | dual_d 0.9686 | train_acc 0.9746 | train_full 0.9226 | val_acc 0.9000 | val_f1 0.8430 | grad(main/disc) 6.834/1.462 | lr(main/disc) 7.00e-05/3.50e-05 | 111.3s
2026-08-24 18:11:12 | Epoch 027/100 | loss 2.3489 | cls 1.3327 | tal -0.0409 | dual_g 1.0284 | dual_d 0.9844 | train_acc 0.9785 | train_full 0.8710 | val_acc 0.8250 | val_f1 0.7985 | grad(main/disc) 5.605/1.419 | lr(main/disc) 7.00e-05/3.50e-05 | 110.3s
2026-08-24 18:12:59 | Epoch 028/100 | loss 2.3513 | cls 1.3494 | tal -0.0634 | dual_g 1.0209 | dual_d 0.9817 | train_acc 0.9785 | train_full 0.8710 | val_acc 0.8583 | val_f1 0.8226 | grad(main/disc) 4.850/1.453 | lr(main/disc) 7.00e-05/3.50e-05 | 106.7s
2026-08-24 18:14:39 | Epoch 029/100 | loss 2.3460 | cls 1.3400 | tal -0.0164 | dual_g 1.0109 | dual_d 0.9965 | train_acc 0.9746 | train_full 0.9548 | val_acc 0.9250 | val_f1 0.9325 | grad(main/disc) 5.316/1.417 | lr(main/disc) 7.00e-05/3.50e-05 | 100.6s
2026-08-24 18:14:42 | New best val_f1_macro_present: 0.9325 at epoch 29
2026-08-24 18:16:26 | Epoch 030/100 | loss 2.3492 | cls 1.3486 | tal -0.0271 | dual_g 1.0088 | dual_d 1.0491 | train_acc 0.9805 | train_full 0.9097 | val_acc 0.9083 | val_f1 0.8815 | grad(main/disc) 5.997/1.494 | lr(main/disc) 7.00e-05/3.50e-05 | 104.1s
2026-08-24 18:18:10 | Epoch 031/100 | loss 2.3536 | cls 1.3441 | tal -0.0226 | dual_g 1.0163 | dual_d 1.0562 | train_acc 0.9609 | train_full 0.9634 | val_acc 0.9500 | val_f1 0.9260 | grad(main/disc) 5.374/1.460 | lr(main/disc) 7.00e-05/3.50e-05 | 104.0s
2026-08-24 18:19:52 | Epoch 032/100 | loss 2.2919 | cls 1.3084 | tal -0.0454 | dual_g 0.9971 | dual_d 1.0808 | train_acc 0.9844 | train_full 0.9398 | val_acc 0.9250 | val_f1 0.8887 | grad(main/disc) 4.271/1.493 | lr(main/disc) 7.00e-05/3.50e-05 | 101.7s
2026-08-24 18:21:33 | Epoch 033/100 | loss 2.2745 | cls 1.3181 | tal -0.0680 | dual_g 0.9768 | dual_d 1.0675 | train_acc 0.9863 | train_full 0.9763 | val_acc 0.9417 | val_f1 0.9095 | grad(main/disc) 4.644/1.441 | lr(main/disc) 7.00e-05/3.50e-05 | 101.2s
2026-08-24 18:23:20 | Epoch 034/100 | loss 2.2915 | cls 1.3237 | tal -0.0756 | dual_g 0.9905 | dual_d 1.0359 | train_acc 0.9785 | train_full 0.8710 | val_acc 0.8250 | val_f1 0.8235 | grad(main/disc) 5.873/1.383 | lr(main/disc) 7.00e-05/3.50e-05 | 106.2s
2026-08-24 18:25:06 | Epoch 035/100 | loss 2.2530 | cls 1.3004 | tal -0.0753 | dual_g 0.9752 | dual_d 1.0879 | train_acc 0.9902 | train_full 0.9656 | val_acc 0.9417 | val_f1 0.9102 | grad(main/disc) 4.106/1.445 | lr(main/disc) 7.00e-05/3.50e-05 | 106.0s
2026-08-24 18:26:54 | Epoch 036/100 | loss 2.2345 | cls 1.2889 | tal -0.0542 | dual_g 0.9619 | dual_d 1.0862 | train_acc 0.9961 | train_full 0.9226 | val_acc 0.9167 | val_f1 0.8734 | grad(main/disc) 3.660/1.450 | lr(main/disc) 3.50e-05/1.75e-05 | 108.1s
2026-08-24 18:28:42 | Epoch 037/100 | loss 2.2241 | cls 1.2881 | tal -0.0640 | dual_g 0.9552 | dual_d 1.0639 | train_acc 0.9863 | train_full 0.9634 | val_acc 0.9583 | val_f1 0.9372 | grad(main/disc) 3.623/1.402 | lr(main/disc) 3.50e-05/1.75e-05 | 108.5s
2026-08-24 18:28:45 | New best val_f1_macro_present: 0.9372 at epoch 37
2026-08-24 18:30:26 | Epoch 038/100 | loss 2.2052 | cls 1.2818 | tal -0.1130 | dual_g 0.9573 | dual_d 1.0755 | train_acc 0.9922 | train_full 0.9656 | val_acc 0.9667 | val_f1 0.9440 | grad(main/disc) 3.474/1.410 | lr(main/disc) 3.50e-05/1.75e-05 | 101.0s
2026-08-24 18:30:30 | New best val_f1_macro_present: 0.9440 at epoch 38
2026-08-24 18:32:18 | Epoch 039/100 | loss 2.1804 | cls 1.2680 | tal -0.1218 | dual_g 0.9489 | dual_d 1.0302 | train_acc 0.9941 | train_full 0.9591 | val_acc 0.9500 | val_f1 0.9308 | grad(main/disc) 3.612/1.378 | lr(main/disc) 3.50e-05/1.75e-05 | 107.9s
2026-08-24 18:34:06 | Epoch 040/100 | loss 2.1927 | cls 1.2743 | tal -0.1156 | dual_g 0.9531 | dual_d 1.1304 | train_acc 0.9902 | train_full 0.9484 | val_acc 0.9500 | val_f1 0.9341 | grad(main/disc) 3.420/1.462 | lr(main/disc) 3.50e-05/1.75e-05 | 108.2s
2026-08-24 18:35:53 | Epoch 041/100 | loss 2.1758 | cls 1.2757 | tal -0.1266 | dual_g 0.9381 | dual_d 1.0762 | train_acc 0.9922 | train_full 0.9677 | val_acc 0.9500 | val_f1 0.9236 | grad(main/disc) 3.254/1.385 | lr(main/disc) 3.50e-05/1.75e-05 | 107.4s
2026-08-24 18:37:40 | Epoch 042/100 | loss 2.1781 | cls 1.2748 | tal -0.1412 | dual_g 0.9456 | dual_d 1.0519 | train_acc 0.9961 | train_full 0.9355 | val_acc 0.9500 | val_f1 0.9236 | grad(main/disc) 3.453/1.355 | lr(main/disc) 3.50e-05/1.75e-05 | 106.7s
2026-08-24 18:39:20 | Epoch 043/100 | loss 2.1608 | cls 1.2618 | tal -0.1083 | dual_g 0.9315 | dual_d 1.1032 | train_acc 0.9922 | train_full 0.9290 | val_acc 0.9167 | val_f1 0.9126 | grad(main/disc) 3.212/1.408 | lr(main/disc) 3.50e-05/1.75e-05 | 100.6s
2026-08-24 18:41:04 | Epoch 044/100 | loss 2.1796 | cls 1.2769 | tal -0.1230 | dual_g 0.9395 | dual_d 1.0887 | train_acc 0.9883 | train_full 0.9312 | val_acc 0.9417 | val_f1 0.9374 | grad(main/disc) 3.539/1.411 | lr(main/disc) 3.50e-05/1.75e-05 | 103.4s
2026-08-24 18:42:53 | Epoch 045/100 | loss 2.1710 | cls 1.2723 | tal -0.1401 | dual_g 0.9408 | dual_d 1.0926 | train_acc 0.9961 | train_full 0.9355 | val_acc 0.9250 | val_f1 0.9067 | grad(main/disc) 3.982/1.422 | lr(main/disc) 1.75e-05/8.75e-06 | 109.5s
2026-08-24 18:44:42 | Epoch 046/100 | loss 2.1539 | cls 1.2630 | tal -0.1166 | dual_g 0.9259 | dual_d 1.1151 | train_acc 0.9941 | train_full 0.9548 | val_acc 0.9417 | val_f1 0.9283 | grad(main/disc) 2.919/1.421 | lr(main/disc) 1.75e-05/8.75e-06 | 108.5s
2026-08-24 18:46:29 | Epoch 047/100 | loss 2.1346 | cls 1.2517 | tal -0.1454 | dual_g 0.9265 | dual_d 1.1252 | train_acc 0.9980 | train_full 0.9548 | val_acc 0.9417 | val_f1 0.9177 | grad(main/disc) 2.699/1.414 | lr(main/disc) 1.75e-05/8.75e-06 | 106.9s
2026-08-24 18:46:29 | Early stopping at epoch 47 after 9 epochs without val_f1_macro_present improvement.
2026-08-24 18:46:29 | Training complete. Best validation accuracy: 0.9667 | best val_f1_macro_present: 0.9440
2026-08-24 18:46:29 | Starting Dual_D standalone training
2026-08-24 18:46:29 | Run directory: runs/module_c_ablation/module_c_20260824_171004/module_c_full_黑天_iter02_20260824_171005
2026-08-24 18:46:29 | Device: cuda
2026-08-24 18:46:29 | Source train samples: 992
2026-08-24 18:46:29 | Target train samples: 465
2026-08-24 18:46:29 | Target val samples: 120
2026-08-24 18:46:29 | Classes: 14
2026-08-24 18:46:29 | Data audit: same_dir=False | path_overlap(vis/ir/ais)=0/0/0 | content_overlap(vis/ir/ais)=0/0/0 | ais_index_overlap=0 | stem_mismatch(vis-ir/vis-ais)=578/0
2026-08-24 18:46:29 | source_train classes: present 14/14 | absent 0 | counts [0:120, 1:44, 2:69, 3:45, 4:40, 5:30, 6:64, 7:80, 8:116, 9:68, 10:57, 11:83, 12:48, 13:128]
2026-08-24 18:46:29 | target_train classes: present 8/14 | absent 6 | counts [0:100, 2:11, 3:16, 6:89, 9:162, 10:12, 11:44, 13:31]
2026-08-24 18:46:29 | target_val classes: present 8/14 | absent 6 | counts [0:26, 2:3, 3:5, 6:23, 9:41, 10:3, 11:11, 13:8]
2026-08-24 18:46:29 | Paired training classes: 8/14 | class ids [0, 2, 3, 6, 9, 10, 11, 13]
2026-08-24 18:46:29 | VIS/IR pairing: class-level-unpaired | count-mismatch classes train/val: 10/0 | AIS alignment: none | AIS rows train/val: 0/0
2026-08-24 18:46:29 | Model parameters: total=17277714 | trainable=17120210
Starting run 2/12: domain=黑天, iteration=2, seed=43
2026-08-24 18:48:15 | Epoch 001/100 | loss 5.3030 | cls 5.2476 | tal 0.1845 | dual_g 0.0000 | dual_d 0.0000 | train_acc 0.0859 | train_full 0.0860 | val_acc 0.0750 | val_f1 0.0365 | grad(main/disc) 16.567/0.000 | lr(main/disc) 7.00e-05/3.50e-05 | 105.3s
2026-08-24 18:48:18 | New best val_f1_macro_present: 0.0365 at epoch 1
2026-08-24 18:50:05 | Epoch 002/100 | loss 4.2101 | cls 4.1757 | tal 0.1146 | dual_g 0.0000 | dual_d 0.0000 | train_acc 0.1914 | train_full 0.3419 | val_acc 0.2917 | val_f1 0.1629 | grad(main/disc) 13.137/0.000 | lr(main/disc) 7.00e-05/3.50e-05 | 107.5s
2026-08-24 18:50:08 | New best val_f1_macro_present: 0.1629 at epoch 2
2026-08-24 18:51:59 | Epoch 003/100 | loss 3.5545 | cls 3.5363 | tal 0.0606 | dual_g 0.0000 | dual_d 0.0000 | train_acc 0.3223 | train_full 0.1161 | val_acc 0.1083 | val_f1 0.0911 | grad(main/disc) 11.343/0.000 | lr(main/disc) 7.00e-05/3.50e-05 | 110.3s
2026-08-24 18:53:43 | Epoch 004/100 | loss 3.1172 | cls 3.1175 | tal -0.0010 | dual_g 0.0000 | dual_d 0.0000 | train_acc 0.4570 | train_full 0.1548 | val_acc 0.1500 | val_f1 0.1734 | grad(main/disc) 10.646/0.000 | lr(main/disc) 7.00e-05/3.50e-05 | 104.2s
2026-08-24 18:53:46 | New best val_f1_macro_present: 0.1734 at epoch 4
2026-08-24 18:55:36 | Epoch 005/100 | loss 2.8340 | cls 2.8518 | tal -0.0593 | dual_g 0.0000 | dual_d 0.0000 | train_acc 0.5215 | train_full 0.2538 | val_acc 0.2500 | val_f1 0.3985 | grad(main/disc) 10.478/0.000 | lr(main/disc) 7.00e-05/3.50e-05 | 109.5s
2026-08-24 18:55:39 | New best val_f1_macro_present: 0.3985 at epoch 5
2026-08-24 18:57:22 | Epoch 006/100 | loss 2.8034 | cls 2.6132 | tal -0.0450 | dual_g 0.2038 | dual_d 0.9592 | train_acc 0.5957 | train_full 0.4667 | val_acc 0.4500 | val_f1 0.5462 | grad(main/disc) 10.415/1.865 | lr(main/disc) 7.00e-05/3.50e-05 | 103.1s
2026-08-24 18:57:25 | New best val_f1_macro_present: 0.5462 at epoch 6
2026-08-24 18:59:11 | Epoch 007/100 | loss 2.6616 | cls 2.3151 | tal -0.0566 | dual_g 0.3635 | dual_d 0.9080 | train_acc 0.6934 | train_full 0.5398 | val_acc 0.5083 | val_f1 0.5390 | grad(main/disc) 9.975/1.717 | lr(main/disc) 7.00e-05/3.50e-05 | 106.5s
2026-08-24 19:01:01 | Epoch 008/100 | loss 2.7283 | cls 2.2261 | tal -0.0836 | dual_g 0.5272 | dual_d 0.9213 | train_acc 0.7031 | train_full 0.7011 | val_acc 0.6583 | val_f1 0.6585 | grad(main/disc) 10.533/1.673 | lr(main/disc) 7.00e-05/3.50e-05 | 109.6s
2026-08-24 19:01:04 | New best val_f1_macro_present: 0.6585 at epoch 8
2026-08-24 19:02:48 | Epoch 009/100 | loss 2.7392 | cls 2.0794 | tal -0.0408 | dual_g 0.6720 | dual_d 0.8800 | train_acc 0.7617 | train_full 0.6086 | val_acc 0.6333 | val_f1 0.6233 | grad(main/disc) 11.237/1.617 | lr(main/disc) 7.00e-05/3.50e-05 | 103.6s
2026-08-24 19:04:38 | Epoch 010/100 | loss 2.7196 | cls 1.9410 | tal -0.0461 | dual_g 0.7924 | dual_d 0.8836 | train_acc 0.8008 | train_full 0.7247 | val_acc 0.7250 | val_f1 0.7401 | grad(main/disc) 10.847/1.593 | lr(main/disc) 7.00e-05/3.50e-05 | 110.0s
2026-08-24 19:04:41 | New best val_f1_macro_present: 0.7401 at epoch 10
2026-08-24 19:06:29 | Epoch 011/100 | loss 2.7633 | cls 1.8560 | tal 0.0003 | dual_g 0.9072 | dual_d 0.8799 | train_acc 0.8125 | train_full 0.7613 | val_acc 0.7250 | val_f1 0.7093 | grad(main/disc) 11.293/1.568 | lr(main/disc) 7.00e-05/3.50e-05 | 108.3s
2026-08-24 19:08:20 | Epoch 012/100 | loss 2.8096 | cls 1.8205 | tal -0.0390 | dual_g 1.0008 | dual_d 0.8943 | train_acc 0.8223 | train_full 0.8473 | val_acc 0.8417 | val_f1 0.8046 | grad(main/disc) 10.228/1.528 | lr(main/disc) 7.00e-05/3.50e-05 | 110.5s
2026-08-24 19:08:23 | New best val_f1_macro_present: 0.8046 at epoch 12
2026-08-24 19:10:00 | Epoch 013/100 | loss 2.9464 | cls 1.8364 | tal -0.0258 | dual_g 1.1178 | dual_d 0.8709 | train_acc 0.8398 | train_full 0.8086 | val_acc 0.7750 | val_f1 0.7858 | grad(main/disc) 12.964/1.540 | lr(main/disc) 7.00e-05/3.50e-05 | 97.7s
2026-08-24 19:11:48 | Epoch 014/100 | loss 2.9359 | cls 1.7292 | tal -0.0316 | dual_g 1.2162 | dual_d 0.8690 | train_acc 0.8594 | train_full 0.9075 | val_acc 0.8583 | val_f1 0.8313 | grad(main/disc) 9.814/1.445 | lr(main/disc) 7.00e-05/3.50e-05 | 107.9s
2026-08-24 19:11:52 | New best val_f1_macro_present: 0.8313 at epoch 14
2026-08-24 19:13:35 | Epoch 015/100 | loss 2.8757 | cls 1.5993 | tal -0.0476 | dual_g 1.2907 | dual_d 0.8724 | train_acc 0.9082 | train_full 0.8280 | val_acc 0.7750 | val_f1 0.7519 | grad(main/disc) 10.092/1.424 | lr(main/disc) 7.00e-05/3.50e-05 | 103.8s
2026-08-24 19:15:21 | Epoch 016/100 | loss 2.8602 | cls 1.6141 | tal 0.0047 | dual_g 1.2447 | dual_d 0.8884 | train_acc 0.9121 | train_full 0.8409 | val_acc 0.7917 | val_f1 0.7755 | grad(main/disc) 9.757/1.436 | lr(main/disc) 7.00e-05/3.50e-05 | 106.1s
2026-08-24 19:17:09 | Epoch 017/100 | loss 2.8291 | cls 1.5904 | tal -0.0332 | dual_g 1.2487 | dual_d 0.8445 | train_acc 0.8984 | train_full 0.8452 | val_acc 0.8167 | val_f1 0.7972 | grad(main/disc) 10.736/1.335 | lr(main/disc) 7.00e-05/3.50e-05 | 108.0s
2026-08-24 19:18:54 | Epoch 018/100 | loss 2.6888 | cls 1.5039 | tal -0.0631 | dual_g 1.2038 | dual_d 0.8569 | train_acc 0.9609 | train_full 0.8538 | val_acc 0.8000 | val_f1 0.7874 | grad(main/disc) 8.688/1.311 | lr(main/disc) 7.00e-05/3.50e-05 | 105.0s
2026-08-24 19:20:41 | Epoch 019/100 | loss 2.6205 | cls 1.4809 | tal -0.1096 | dual_g 1.1725 | dual_d 0.8654 | train_acc 0.9414 | train_full 0.8968 | val_acc 0.8500 | val_f1 0.8334 | grad(main/disc) 8.631/1.338 | lr(main/disc) 7.00e-05/3.50e-05 | 107.1s
2026-08-24 19:20:45 | New best val_f1_macro_present: 0.8334 at epoch 19
2026-08-24 19:22:31 | Epoch 020/100 | loss 2.5580 | cls 1.4353 | tal -0.1046 | dual_g 1.1540 | dual_d 0.8940 | train_acc 0.9531 | train_full 0.9161 | val_acc 0.8667 | val_f1 0.8559 | grad(main/disc) 9.025/1.338 | lr(main/disc) 7.00e-05/3.50e-05 | 106.7s
2026-08-24 19:22:34 | New best val_f1_macro_present: 0.8559 at epoch 20
2026-08-24 19:24:24 | Epoch 021/100 | loss 2.5216 | cls 1.4323 | tal -0.1180 | dual_g 1.1246 | dual_d 0.8586 | train_acc 0.9551 | train_full 0.9333 | val_acc 0.8750 | val_f1 0.8492 | grad(main/disc) 7.612/1.282 | lr(main/disc) 7.00e-05/3.50e-05 | 109.8s
2026-08-24 19:26:11 | Epoch 022/100 | loss 2.5195 | cls 1.4467 | tal -0.1233 | dual_g 1.1098 | dual_d 0.9120 | train_acc 0.9531 | train_full 0.8667 | val_acc 0.8083 | val_f1 0.7996 | grad(main/disc) 8.486/1.340 | lr(main/disc) 7.00e-05/3.50e-05 | 106.8s
2026-08-24 19:28:01 | Epoch 023/100 | loss 2.4733 | cls 1.4086 | tal -0.1144 | dual_g 1.0990 | dual_d 0.9292 | train_acc 0.9531 | train_full 0.9505 | val_acc 0.8667 | val_f1 0.8577 | grad(main/disc) 7.188/1.328 | lr(main/disc) 7.00e-05/3.50e-05 | 109.5s
2026-08-24 19:28:04 | New best val_f1_macro_present: 0.8577 at epoch 23
2026-08-24 19:29:57 | Epoch 024/100 | loss 2.4576 | cls 1.3998 | tal -0.1432 | dual_g 1.1007 | dual_d 0.9529 | train_acc 0.9746 | train_full 0.8925 | val_acc 0.8083 | val_f1 0.7775 | grad(main/disc) 8.281/1.348 | lr(main/disc) 7.00e-05/3.50e-05 | 113.6s
2026-08-24 19:31:42 | Epoch 025/100 | loss 2.4345 | cls 1.3831 | tal -0.1210 | dual_g 1.0877 | dual_d 0.9208 | train_acc 0.9746 | train_full 0.8796 | val_acc 0.8417 | val_f1 0.8202 | grad(main/disc) 7.313/1.278 | lr(main/disc) 7.00e-05/3.50e-05 | 104.6s
2026-08-24 19:33:27 | Epoch 026/100 | loss 2.3907 | cls 1.3674 | tal -0.1493 | dual_g 1.0681 | dual_d 0.9412 | train_acc 0.9707 | train_full 0.9226 | val_acc 0.8750 | val_f1 0.8767 | grad(main/disc) 5.847/1.303 | lr(main/disc) 7.00e-05/3.50e-05 | 105.4s
2026-08-24 19:33:30 | New best val_f1_macro_present: 0.8767 at epoch 26
2026-08-24 19:35:18 | Epoch 027/100 | loss 2.3813 | cls 1.3687 | tal -0.1339 | dual_g 1.0527 | dual_d 0.9351 | train_acc 0.9648 | train_full 0.9355 | val_acc 0.8833 | val_f1 0.8525 | grad(main/disc) 5.768/1.267 | lr(main/disc) 7.00e-05/3.50e-05 | 108.2s
2026-08-24 19:37:03 | Epoch 028/100 | loss 2.4194 | cls 1.3934 | tal -0.1420 | dual_g 1.0686 | dual_d 1.0306 | train_acc 0.9629 | train_full 0.9226 | val_acc 0.8750 | val_f1 0.8759 | grad(main/disc) 7.965/1.393 | lr(main/disc) 7.00e-05/3.50e-05 | 104.5s
2026-08-24 19:38:46 | Epoch 029/100 | loss 2.3544 | cls 1.3717 | tal -0.1829 | dual_g 1.0375 | dual_d 0.9710 | train_acc 0.9746 | train_full 0.8065 | val_acc 0.7583 | val_f1 0.8162 | grad(main/disc) 6.510/1.310 | lr(main/disc) 7.00e-05/3.50e-05 | 103.3s
2026-08-24 19:40:32 | Epoch 030/100 | loss 2.3272 | cls 1.3433 | tal -0.1773 | dual_g 1.0371 | dual_d 0.9751 | train_acc 0.9824 | train_full 0.7935 | val_acc 0.7167 | val_f1 0.7698 | grad(main/disc) 6.001/1.304 | lr(main/disc) 7.00e-05/3.50e-05 | 105.8s
2026-08-24 19:42:19 | Epoch 031/100 | loss 2.2778 | cls 1.3149 | tal -0.1441 | dual_g 1.0061 | dual_d 1.0053 | train_acc 0.9844 | train_full 0.9376 | val_acc 0.9000 | val_f1 0.8676 | grad(main/disc) 4.722/1.293 | lr(main/disc) 7.00e-05/3.50e-05 | 106.3s
2026-08-24 19:44:00 | Epoch 032/100 | loss 2.3075 | cls 1.3356 | tal -0.1517 | dual_g 1.0174 | dual_d 1.0061 | train_acc 0.9785 | train_full 0.9204 | val_acc 0.9083 | val_f1 0.8789 | grad(main/disc) 6.169/1.277 | lr(main/disc) 7.00e-05/3.50e-05 | 101.9s
2026-08-24 19:44:03 | New best val_f1_macro_present: 0.8789 at epoch 32
2026-08-24 19:45:47 | Epoch 033/100 | loss 2.2943 | cls 1.3280 | tal -0.1383 | dual_g 1.0078 | dual_d 1.0074 | train_acc 0.9902 | train_full 0.8989 | val_acc 0.8500 | val_f1 0.8378 | grad(main/disc) 5.389/1.322 | lr(main/disc) 7.00e-05/3.50e-05 | 103.2s
2026-08-24 19:47:29 | Epoch 034/100 | loss 2.2699 | cls 1.3128 | tal -0.1521 | dual_g 1.0028 | dual_d 1.0407 | train_acc 0.9883 | train_full 0.9290 | val_acc 0.8833 | val_f1 0.8911 | grad(main/disc) 4.932/1.325 | lr(main/disc) 7.00e-05/3.50e-05 | 102.6s
2026-08-24 19:47:32 | New best val_f1_macro_present: 0.8911 at epoch 34
2026-08-24 19:49:23 | Epoch 035/100 | loss 2.2875 | cls 1.3396 | tal -0.1640 | dual_g 0.9971 | dual_d 1.0163 | train_acc 0.9746 | train_full 0.9118 | val_acc 0.8750 | val_f1 0.8505 | grad(main/disc) 5.429/1.241 | lr(main/disc) 7.00e-05/3.50e-05 | 110.4s
2026-08-24 19:51:09 | Epoch 036/100 | loss 2.2136 | cls 1.2874 | tal -0.1922 | dual_g 0.9838 | dual_d 1.0270 | train_acc 0.9883 | train_full 0.9806 | val_acc 0.9333 | val_f1 0.9080 | grad(main/disc) 3.530/1.255 | lr(main/disc) 7.00e-05/3.50e-05 | 106.7s
2026-08-24 19:51:13 | New best val_f1_macro_present: 0.9080 at epoch 36
2026-08-24 19:52:55 | Epoch 037/100 | loss 2.2553 | cls 1.3188 | tal -0.1699 | dual_g 0.9874 | dual_d 0.9846 | train_acc 0.9941 | train_full 0.9118 | val_acc 0.8333 | val_f1 0.8217 | grad(main/disc) 4.731/1.208 | lr(main/disc) 7.00e-05/3.50e-05 | 102.0s
2026-08-24 19:54:44 | Epoch 038/100 | loss 2.2451 | cls 1.3083 | tal -0.1524 | dual_g 0.9826 | dual_d 1.0107 | train_acc 0.9863 | train_full 0.9656 | val_acc 0.9083 | val_f1 0.8916 | grad(main/disc) 4.730/1.241 | lr(main/disc) 7.00e-05/3.50e-05 | 109.1s
2026-08-24 19:56:31 | Epoch 039/100 | loss 2.2415 | cls 1.3045 | tal -0.1626 | dual_g 0.9857 | dual_d 0.9948 | train_acc 0.9883 | train_full 0.9204 | val_acc 0.8750 | val_f1 0.8489 | grad(main/disc) 5.310/1.223 | lr(main/disc) 7.00e-05/3.50e-05 | 107.5s
2026-08-24 19:58:16 | Epoch 040/100 | loss 2.2149 | cls 1.2965 | tal -0.1765 | dual_g 0.9714 | dual_d 0.9755 | train_acc 0.9922 | train_full 0.9075 | val_acc 0.8667 | val_f1 0.8570 | grad(main/disc) 3.777/1.216 | lr(main/disc) 7.00e-05/3.50e-05 | 104.6s
2026-08-24 19:59:58 | Epoch 041/100 | loss 2.1999 | cls 1.2935 | tal -0.1943 | dual_g 0.9647 | dual_d 1.0005 | train_acc 0.9902 | train_full 0.9419 | val_acc 0.9000 | val_f1 0.8970 | grad(main/disc) 3.734/1.196 | lr(main/disc) 7.00e-05/3.50e-05 | 102.3s
2026-08-24 20:01:47 | Epoch 042/100 | loss 2.1645 | cls 1.2700 | tal -0.1926 | dual_g 0.9522 | dual_d 1.0012 | train_acc 0.9961 | train_full 0.9398 | val_acc 0.8917 | val_f1 0.8604 | grad(main/disc) 3.244/1.205 | lr(main/disc) 7.00e-05/3.50e-05 | 109.3s
2026-08-24 20:03:39 | Epoch 043/100 | loss 2.1675 | cls 1.2825 | tal -0.2077 | dual_g 0.9474 | dual_d 0.9869 | train_acc 0.9902 | train_full 0.9570 | val_acc 0.9167 | val_f1 0.9053 | grad(main/disc) 3.540/1.163 | lr(main/disc) 3.50e-05/1.75e-05 | 111.9s
2026-08-24 20:05:24 | Epoch 044/100 | loss 2.1592 | cls 1.2708 | tal -0.1865 | dual_g 0.9444 | dual_d 1.0182 | train_acc 0.9922 | train_full 0.9355 | val_acc 0.9083 | val_f1 0.8911 | grad(main/disc) 3.311/1.171 | lr(main/disc) 3.50e-05/1.75e-05 | 104.2s
2026-08-24 20:07:09 | Epoch 045/100 | loss 2.1603 | cls 1.2744 | tal -0.2028 | dual_g 0.9467 | dual_d 1.0014 | train_acc 0.9961 | train_full 0.9527 | val_acc 0.9000 | val_f1 0.9116 | grad(main/disc) 3.659/1.158 | lr(main/disc) 3.50e-05/1.75e-05 | 105.7s
2026-08-24 20:07:12 | New best val_f1_macro_present: 0.9116 at epoch 45
2026-08-24 20:09:01 | Epoch 046/100 | loss 2.1388 | cls 1.2686 | tal -0.2072 | dual_g 0.9324 | dual_d 1.0058 | train_acc 0.9922 | train_full 0.9570 | val_acc 0.9083 | val_f1 0.9018 | grad(main/disc) 3.561/1.162 | lr(main/disc) 3.50e-05/1.75e-05 | 108.6s
2026-08-24 20:10:45 | Epoch 047/100 | loss 2.1282 | cls 1.2637 | tal -0.2325 | dual_g 0.9342 | dual_d 1.0271 | train_acc 0.9922 | train_full 0.9269 | val_acc 0.8833 | val_f1 0.8607 | grad(main/disc) 2.911/1.200 | lr(main/disc) 3.50e-05/1.75e-05 | 104.2s
2026-08-24 20:12:29 | Epoch 048/100 | loss 2.1239 | cls 1.2570 | tal -0.1963 | dual_g 0.9258 | dual_d 1.0160 | train_acc 0.9961 | train_full 0.9677 | val_acc 0.9250 | val_f1 0.8916 | grad(main/disc) 3.076/1.158 | lr(main/disc) 3.50e-05/1.75e-05 | 104.1s
2026-08-24 20:14:17 | Epoch 049/100 | loss 2.1311 | cls 1.2697 | tal -0.2155 | dual_g 0.9261 | dual_d 1.0098 | train_acc 0.9961 | train_full 0.9785 | val_acc 0.9583 | val_f1 0.9439 | grad(main/disc) 3.039/1.194 | lr(main/disc) 3.50e-05/1.75e-05 | 108.0s
2026-08-24 20:14:20 | New best val_f1_macro_present: 0.9439 at epoch 49
2026-08-24 20:16:09 | Epoch 050/100 | loss 2.1111 | cls 1.2564 | tal -0.2247 | dual_g 0.9221 | dual_d 1.0274 | train_acc 0.9980 | train_full 0.9785 | val_acc 0.9500 | val_f1 0.9486 | grad(main/disc) 2.582/1.166 | lr(main/disc) 3.50e-05/1.75e-05 | 108.4s
2026-08-24 20:16:12 | New best val_f1_macro_present: 0.9486 at epoch 50
2026-08-24 20:18:00 | Epoch 051/100 | loss 2.1100 | cls 1.2510 | tal -0.1991 | dual_g 0.9188 | dual_d 1.0361 | train_acc 0.9980 | train_full 0.9720 | val_acc 0.9417 | val_f1 0.9173 | grad(main/disc) 3.039/1.199 | lr(main/disc) 3.50e-05/1.75e-05 | 108.3s
2026-08-24 20:19:43 | Epoch 052/100 | loss 2.1062 | cls 1.2544 | tal -0.2224 | dual_g 0.9185 | dual_d 1.0268 | train_acc 0.9980 | train_full 0.9591 | val_acc 0.9083 | val_f1 0.9118 | grad(main/disc) 2.796/1.196 | lr(main/disc) 3.50e-05/1.75e-05 | 102.8s
2026-08-24 20:21:30 | Epoch 053/100 | loss 2.0876 | cls 1.2489 | tal -0.2451 | dual_g 0.9123 | dual_d 1.0378 | train_acc 1.0000 | train_full 0.9742 | val_acc 0.9417 | val_f1 0.9426 | grad(main/disc) 2.945/1.189 | lr(main/disc) 3.50e-05/1.75e-05 | 106.9s
2026-08-24 20:23:15 | Epoch 054/100 | loss 2.0916 | cls 1.2481 | tal -0.2246 | dual_g 0.9109 | dual_d 1.0317 | train_acc 0.9980 | train_full 0.9376 | val_acc 0.8917 | val_f1 0.8756 | grad(main/disc) 2.972/1.177 | lr(main/disc) 3.50e-05/1.75e-05 | 105.1s
2026-08-24 20:24:57 | Epoch 055/100 | loss 2.0891 | cls 1.2444 | tal -0.2201 | dual_g 0.9107 | dual_d 1.0105 | train_acc 0.9980 | train_full 0.9462 | val_acc 0.8917 | val_f1 0.8853 | grad(main/disc) 2.596/1.155 | lr(main/disc) 3.50e-05/1.75e-05 | 102.0s
2026-08-24 20:26:38 | Epoch 056/100 | loss 2.0988 | cls 1.2614 | tal -0.2378 | dual_g 0.9088 | dual_d 1.0342 | train_acc 0.9902 | train_full 0.9656 | val_acc 0.9167 | val_f1 0.9067 | grad(main/disc) 3.528/1.138 | lr(main/disc) 3.50e-05/1.75e-05 | 101.0s
2026-08-24 20:28:24 | Epoch 057/100 | loss 2.0837 | cls 1.2421 | tal -0.2252 | dual_g 0.9091 | dual_d 1.0163 | train_acc 0.9941 | train_full 0.9742 | val_acc 0.9333 | val_f1 0.9173 | grad(main/disc) 3.050/1.150 | lr(main/disc) 1.75e-05/8.75e-06 | 106.4s
2026-08-24 20:30:13 | Epoch 058/100 | loss 2.0938 | cls 1.2503 | tal -0.2449 | dual_g 0.9170 | dual_d 0.9946 | train_acc 0.9980 | train_full 0.9656 | val_acc 0.9250 | val_f1 0.9119 | grad(main/disc) 3.107/1.137 | lr(main/disc) 1.75e-05/8.75e-06 | 108.6s
2026-08-24 20:32:02 | Epoch 059/100 | loss 2.0823 | cls 1.2420 | tal -0.2291 | dual_g 0.9090 | dual_d 1.0409 | train_acc 0.9980 | train_full 0.9806 | val_acc 0.9417 | val_f1 0.9111 | grad(main/disc) 2.804/1.167 | lr(main/disc) 1.75e-05/8.75e-06 | 108.9s
2026-08-24 20:32:02 | Early stopping at epoch 59 after 9 epochs without val_f1_macro_present improvement.
2026-08-24 20:32:02 | Training complete. Best validation accuracy: 0.9583 | best val_f1_macro_present: 0.9486
2026-08-24 20:32:02 | Starting Dual_D standalone training
2026-08-24 20:32:02 | Run directory: runs/module_c_ablation/module_c_20260824_171004/module_c_full_黑天_iter03_20260824_171005
2026-08-24 20:32:02 | Device: cuda
2026-08-24 20:32:02 | Source train samples: 992
2026-08-24 20:32:02 | Target train samples: 465
2026-08-24 20:32:02 | Target val samples: 120
2026-08-24 20:32:02 | Classes: 14
2026-08-24 20:32:02 | Data audit: same_dir=False | path_overlap(vis/ir/ais)=0/0/0 | content_overlap(vis/ir/ais)=0/0/0 | ais_index_overlap=0 | stem_mismatch(vis-ir/vis-ais)=578/0
2026-08-24 20:32:02 | source_train classes: present 14/14 | absent 0 | counts [0:120, 1:44, 2:69, 3:45, 4:40, 5:30, 6:64, 7:80, 8:116, 9:68, 10:57, 11:83, 12:48, 13:128]
2026-08-24 20:32:02 | target_train classes: present 8/14 | absent 6 | counts [0:100, 2:11, 3:16, 6:89, 9:162, 10:12, 11:44, 13:31]
2026-08-24 20:32:02 | target_val classes: present 8/14 | absent 6 | counts [0:26, 2:3, 3:5, 6:23, 9:41, 10:3, 11:11, 13:8]
2026-08-24 20:32:02 | Paired training classes: 8/14 | class ids [0, 2, 3, 6, 9, 10, 11, 13]
2026-08-24 20:32:02 | VIS/IR pairing: class-level-unpaired | count-mismatch classes train/val: 10/0 | AIS alignment: none | AIS rows train/val: 0/0
2026-08-24 20:32:03 | Model parameters: total=17277714 | trainable=17120210
Starting run 3/12: domain=黑天, iteration=3, seed=44
2026-08-24 20:33:48 | Epoch 001/100 | loss 5.2435 | cls 5.1527 | tal 0.3027 | dual_g 0.0000 | dual_d 0.0000 | train_acc 0.0918 | train_full 0.1161 | val_acc 0.1750 | val_f1 0.0951 | grad(main/disc) 15.835/0.000 | lr(main/disc) 7.00e-05/3.50e-05 | 105.2s
2026-08-24 20:33:51 | New best val_f1_macro_present: 0.0951 at epoch 1
2026-08-24 20:35:37 | Epoch 002/100 | loss 4.2050 | cls 4.1558 | tal 0.1638 | dual_g 0.0000 | dual_d 0.0000 | train_acc 0.2266 | train_full 0.1032 | val_acc 0.1417 | val_f1 0.0820 | grad(main/disc) 12.244/0.000 | lr(main/disc) 7.00e-05/3.50e-05 | 105.7s
2026-08-24 20:37:24 | Epoch 003/100 | loss 3.6191 | cls 3.6078 | tal 0.0379 | dual_g 0.0000 | dual_d 0.0000 | train_acc 0.2773 | train_full 0.1806 | val_acc 0.2167 | val_f1 0.1533 | grad(main/disc) 10.978/0.000 | lr(main/disc) 7.00e-05/3.50e-05 | 107.0s
2026-08-24 20:37:27 | New best val_f1_macro_present: 0.1533 at epoch 3
2026-08-24 20:39:14 | Epoch 004/100 | loss 3.2338 | cls 3.2373 | tal -0.0117 | dual_g 0.0000 | dual_d 0.0000 | train_acc 0.3535 | train_full 0.3505 | val_acc 0.3833 | val_f1 0.4555 | grad(main/disc) 10.540/0.000 | lr(main/disc) 7.00e-05/3.50e-05 | 106.4s
2026-08-24 20:39:17 | New best val_f1_macro_present: 0.4555 at epoch 4
2026-08-24 20:41:01 | Epoch 005/100 | loss 2.9442 | cls 2.9645 | tal -0.0676 | dual_g 0.0000 | dual_d 0.0000 | train_acc 0.4844 | train_full 0.4000 | val_acc 0.4583 | val_f1 0.5206 | grad(main/disc) 9.969/0.000 | lr(main/disc) 7.00e-05/3.50e-05 | 103.9s
2026-08-24 20:41:04 | New best val_f1_macro_present: 0.5206 at epoch 5
2026-08-24 20:42:50 | Epoch 006/100 | loss 2.8511 | cls 2.6589 | tal -0.0468 | dual_g 0.2063 | dual_d 0.9391 | train_acc 0.5430 | train_full 0.5505 | val_acc 0.5917 | val_f1 0.6010 | grad(main/disc) 9.663/1.729 | lr(main/disc) 7.00e-05/3.50e-05 | 106.5s
2026-08-24 20:42:53 | New best val_f1_macro_present: 0.6010 at epoch 6
2026-08-24 20:44:41 | Epoch 007/100 | loss 2.8052 | cls 2.4382 | tal -0.0595 | dual_g 0.3849 | dual_d 0.9488 | train_acc 0.6348 | train_full 0.5570 | val_acc 0.5833 | val_f1 0.6440 | grad(main/disc) 9.814/1.746 | lr(main/disc) 7.00e-05/3.50e-05 | 107.3s
2026-08-24 20:44:44 | New best val_f1_macro_present: 0.6440 at epoch 7
2026-08-24 20:46:32 | Epoch 008/100 | loss 2.7831 | cls 2.2588 | tal -0.0287 | dual_g 0.5330 | dual_d 0.8446 | train_acc 0.6738 | train_full 0.6215 | val_acc 0.6167 | val_f1 0.6404 | grad(main/disc) 9.733/1.534 | lr(main/disc) 7.00e-05/3.50e-05 | 107.5s
2026-08-24 20:48:19 | Epoch 009/100 | loss 2.7703 | cls 2.1077 | tal -0.0177 | dual_g 0.6679 | dual_d 0.8187 | train_acc 0.7070 | train_full 0.5871 | val_acc 0.6000 | val_f1 0.6555 | grad(main/disc) 9.641/1.463 | lr(main/disc) 7.00e-05/3.50e-05 | 107.0s
2026-08-24 20:48:22 | New best val_f1_macro_present: 0.6555 at epoch 9
2026-08-24 20:50:09 | Epoch 010/100 | loss 2.7410 | cls 1.9709 | tal -0.0252 | dual_g 0.7776 | dual_d 0.8232 | train_acc 0.7773 | train_full 0.7398 | val_acc 0.7250 | val_f1 0.7314 | grad(main/disc) 10.048/1.385 | lr(main/disc) 7.00e-05/3.50e-05 | 107.1s
2026-08-24 20:50:12 | New best val_f1_macro_present: 0.7314 at epoch 10
2026-08-24 20:51:59 | Epoch 011/100 | loss 2.8135 | cls 1.9307 | tal -0.0709 | dual_g 0.9040 | dual_d 0.7990 | train_acc 0.7734 | train_full 0.7806 | val_acc 0.7833 | val_f1 0.7569 | grad(main/disc) 11.853/1.386 | lr(main/disc) 7.00e-05/3.50e-05 | 107.0s
2026-08-24 20:52:02 | New best val_f1_macro_present: 0.7569 at epoch 11
2026-08-24 20:53:52 | Epoch 012/100 | loss 2.8766 | cls 1.8651 | tal -0.0756 | dual_g 1.0341 | dual_d 0.8017 | train_acc 0.8301 | train_full 0.8323 | val_acc 0.7917 | val_f1 0.7633 | grad(main/disc) 11.401/1.346 | lr(main/disc) 7.00e-05/3.50e-05 | 109.3s
2026-08-24 20:53:55 | New best val_f1_macro_present: 0.7633 at epoch 12
2026-08-24 20:55:41 | Epoch 013/100 | loss 2.8930 | cls 1.7835 | tal -0.0958 | dual_g 1.1383 | dual_d 0.8363 | train_acc 0.8574 | train_full 0.7935 | val_acc 0.7917 | val_f1 0.7807 | grad(main/disc) 10.641/1.378 | lr(main/disc) 7.00e-05/3.50e-05 | 105.8s
2026-08-24 20:55:44 | New best val_f1_macro_present: 0.7807 at epoch 13
2026-08-24 20:57:29 | Epoch 014/100 | loss 2.9626 | cls 1.7574 | tal -0.0627 | dual_g 1.2240 | dual_d 0.7763 | train_acc 0.8730 | train_full 0.8258 | val_acc 0.8250 | val_f1 0.7981 | grad(main/disc) 10.712/1.274 | lr(main/disc) 7.00e-05/3.50e-05 | 105.1s
2026-08-24 20:57:32 | New best val_f1_macro_present: 0.7981 at epoch 14
2026-08-24 20:59:12 | Epoch 015/100 | loss 2.9712 | cls 1.6666 | tal -0.1153 | dual_g 1.3392 | dual_d 0.7722 | train_acc 0.8809 | train_full 0.8968 | val_acc 0.8667 | val_f1 0.8552 | grad(main/disc) 9.847/1.255 | lr(main/disc) 7.00e-05/3.50e-05 | 100.3s
2026-08-24 20:59:16 | New best val_f1_macro_present: 0.8552 at epoch 15
2026-08-24 21:01:02 | Epoch 016/100 | loss 2.8155 | cls 1.6091 | tal -0.1663 | dual_g 1.2563 | dual_d 0.7899 | train_acc 0.8926 | train_full 0.8645 | val_acc 0.8417 | val_f1 0.8160 | grad(main/disc) 9.533/1.256 | lr(main/disc) 7.00e-05/3.50e-05 | 106.0s
2026-08-24 21:02:45 | Epoch 017/100 | loss 2.7677 | cls 1.5624 | tal -0.1796 | dual_g 1.2592 | dual_d 0.8005 | train_acc 0.9004 | train_full 0.8215 | val_acc 0.8167 | val_f1 0.7911 | grad(main/disc) 10.504/1.261 | lr(main/disc) 7.00e-05/3.50e-05 | 103.0s
2026-08-24 21:04:33 | Epoch 018/100 | loss 2.6722 | cls 1.5185 | tal -0.1689 | dual_g 1.2044 | dual_d 0.7833 | train_acc 0.9258 | train_full 0.9376 | val_acc 0.8667 | val_f1 0.8395 | grad(main/disc) 9.897/1.191 | lr(main/disc) 7.00e-05/3.50e-05 | 108.5s
2026-08-24 21:06:16 | Epoch 019/100 | loss 2.6394 | cls 1.5016 | tal -0.1349 | dual_g 1.1783 | dual_d 0.7974 | train_acc 0.9316 | train_full 0.9333 | val_acc 0.8917 | val_f1 0.8839 | grad(main/disc) 8.841/1.226 | lr(main/disc) 7.00e-05/3.50e-05 | 102.7s
2026-08-24 21:06:19 | New best val_f1_macro_present: 0.8839 at epoch 19
2026-08-24 21:08:05 | Epoch 020/100 | loss 2.5316 | cls 1.4508 | tal -0.1635 | dual_g 1.1298 | dual_d 0.8307 | train_acc 0.9531 | train_full 0.9226 | val_acc 0.8750 | val_f1 0.8419 | grad(main/disc) 7.860/1.232 | lr(main/disc) 7.00e-05/3.50e-05 | 106.3s
2026-08-24 21:09:47 | Epoch 021/100 | loss 2.5951 | cls 1.4852 | tal -0.1575 | dual_g 1.1571 | dual_d 0.8040 | train_acc 0.9414 | train_full 0.9140 | val_acc 0.8917 | val_f1 0.8733 | grad(main/disc) 9.130/1.211 | lr(main/disc) 7.00e-05/3.50e-05 | 102.2s
2026-08-24 21:11:35 | Epoch 022/100 | loss 2.5429 | cls 1.4443 | tal -0.1352 | dual_g 1.1392 | dual_d 0.8619 | train_acc 0.9473 | train_full 0.9204 | val_acc 0.8833 | val_f1 0.8606 | grad(main/disc) 8.247/1.244 | lr(main/disc) 7.00e-05/3.50e-05 | 107.3s
2026-08-24 21:13:21 | Epoch 023/100 | loss 2.5126 | cls 1.4261 | tal -0.1512 | dual_g 1.1318 | dual_d 0.8511 | train_acc 0.9531 | train_full 0.9290 | val_acc 0.8917 | val_f1 0.8825 | grad(main/disc) 8.971/1.240 | lr(main/disc) 7.00e-05/3.50e-05 | 106.4s
2026-08-24 21:15:06 | Epoch 024/100 | loss 2.4742 | cls 1.4164 | tal -0.1690 | dual_g 1.1085 | dual_d 0.8675 | train_acc 0.9512 | train_full 0.9527 | val_acc 0.9333 | val_f1 0.9077 | grad(main/disc) 7.913/1.250 | lr(main/disc) 7.00e-05/3.50e-05 | 104.6s
2026-08-24 21:15:09 | New best val_f1_macro_present: 0.9077 at epoch 24
2026-08-24 21:17:01 | Epoch 025/100 | loss 2.4150 | cls 1.3658 | tal -0.1438 | dual_g 1.0923 | dual_d 0.8486 | train_acc 0.9648 | train_full 0.9484 | val_acc 0.9000 | val_f1 0.8773 | grad(main/disc) 6.762/1.227 | lr(main/disc) 7.00e-05/3.50e-05 | 111.8s
2026-08-24 21:18:49 | Epoch 026/100 | loss 2.4148 | cls 1.4077 | tal -0.1868 | dual_g 1.0631 | dual_d 0.9169 | train_acc 0.9629 | train_full 0.9484 | val_acc 0.9333 | val_f1 0.8985 | grad(main/disc) 6.480/1.281 | lr(main/disc) 7.00e-05/3.50e-05 | 108.5s
2026-08-24 21:20:36 | Epoch 027/100 | loss 2.3763 | cls 1.3647 | tal -0.1875 | dual_g 1.0678 | dual_d 0.9048 | train_acc 0.9668 | train_full 0.9548 | val_acc 0.9167 | val_f1 0.8879 | grad(main/disc) 6.222/1.282 | lr(main/disc) 7.00e-05/3.50e-05 | 107.1s
2026-08-24 21:22:19 | Epoch 028/100 | loss 2.3642 | cls 1.3530 | tal -0.1502 | dual_g 1.0563 | dual_d 0.9199 | train_acc 0.9746 | train_full 0.9828 | val_acc 0.9333 | val_f1 0.9173 | grad(main/disc) 6.072/1.259 | lr(main/disc) 7.00e-05/3.50e-05 | 102.8s
2026-08-24 21:22:22 | New best val_f1_macro_present: 0.9173 at epoch 28
2026-08-24 21:24:07 | Epoch 029/100 | loss 2.3475 | cls 1.3483 | tal -0.1724 | dual_g 1.0509 | dual_d 0.9044 | train_acc 0.9883 | train_full 0.9763 | val_acc 0.9417 | val_f1 0.9393 | grad(main/disc) 5.922/1.267 | lr(main/disc) 7.00e-05/3.50e-05 | 105.1s
2026-08-24 21:24:11 | New best val_f1_macro_present: 0.9393 at epoch 29
2026-08-24 21:25:55 | Epoch 030/100 | loss 2.3381 | cls 1.3565 | tal -0.1834 | dual_g 1.0367 | dual_d 0.8786 | train_acc 0.9785 | train_full 0.9269 | val_acc 0.9083 | val_f1 0.8718 | grad(main/disc) 6.432/1.184 | lr(main/disc) 7.00e-05/3.50e-05 | 104.5s
2026-08-24 21:27:40 | Epoch 031/100 | loss 2.3222 | cls 1.3468 | tal -0.1900 | dual_g 1.0324 | dual_d 0.9228 | train_acc 0.9707 | train_full 0.9763 | val_acc 0.9500 | val_f1 0.9336 | grad(main/disc) 5.167/1.259 | lr(main/disc) 7.00e-05/3.50e-05 | 105.4s
2026-08-24 21:29:31 | Epoch 032/100 | loss 2.2890 | cls 1.3116 | tal -0.1793 | dual_g 1.0312 | dual_d 0.8876 | train_acc 0.9844 | train_full 0.9742 | val_acc 0.9250 | val_f1 0.9041 | grad(main/disc) 5.490/1.178 | lr(main/disc) 7.00e-05/3.50e-05 | 111.0s
2026-08-24 21:31:25 | Epoch 033/100 | loss 2.2878 | cls 1.3198 | tal -0.1759 | dual_g 1.0207 | dual_d 0.9306 | train_acc 0.9727 | train_full 0.9742 | val_acc 0.9167 | val_f1 0.9152 | grad(main/disc) 4.943/1.251 | lr(main/disc) 7.00e-05/3.50e-05 | 113.3s
2026-08-24 21:33:11 | Epoch 034/100 | loss 2.2681 | cls 1.3088 | tal -0.1502 | dual_g 1.0044 | dual_d 0.9113 | train_acc 0.9805 | train_full 0.9677 | val_acc 0.9250 | val_f1 0.8982 | grad(main/disc) 4.145/1.198 | lr(main/disc) 7.00e-05/3.50e-05 | 106.7s
2026-08-24 21:35:02 | Epoch 035/100 | loss 2.2644 | cls 1.3183 | tal -0.1928 | dual_g 1.0040 | dual_d 0.9135 | train_acc 0.9902 | train_full 0.9806 | val_acc 0.9500 | val_f1 0.9397 | grad(main/disc) 4.501/1.216 | lr(main/disc) 7.00e-05/3.50e-05 | 110.1s
2026-08-24 21:36:50 | Epoch 036/100 | loss 2.2286 | cls 1.2988 | tal -0.1947 | dual_g 0.9882 | dual_d 0.9445 | train_acc 0.9961 | train_full 0.9871 | val_acc 0.9500 | val_f1 0.9249 | grad(main/disc) 3.758/1.217 | lr(main/disc) 7.00e-05/3.50e-05 | 108.0s
2026-08-24 21:38:36 | Epoch 037/100 | loss 2.2180 | cls 1.2883 | tal -0.1855 | dual_g 0.9853 | dual_d 0.9067 | train_acc 0.9902 | train_full 0.9785 | val_acc 0.9500 | val_f1 0.9168 | grad(main/disc) 3.836/1.155 | lr(main/disc) 7.00e-05/3.50e-05 | 106.8s
2026-08-24 21:40:24 | Epoch 038/100 | loss 2.1815 | cls 1.2836 | tal -0.2340 | dual_g 0.9682 | dual_d 0.9094 | train_acc 0.9922 | train_full 0.9656 | val_acc 0.9333 | val_f1 0.9118 | grad(main/disc) 3.507/1.184 | lr(main/disc) 7.00e-05/3.50e-05 | 108.0s
2026-08-24 21:40:24 | Early stopping at epoch 38 after 9 epochs without val_f1_macro_present improvement.
2026-08-24 21:40:24 | Training complete. Best validation accuracy: 0.9500 | best val_f1_macro_present: 0.9393
2026-08-24 21:40:24 | Starting Dual_D standalone training
2026-08-24 21:40:24 | Run directory: runs/module_c_ablation/module_c_20260824_171004/module_c_full_逆光_iter01_20260824_171005
2026-08-24 21:40:24 | Device: cuda
2026-08-24 21:40:24 | Source train samples: 992
2026-08-24 21:40:24 | Target train samples: 132
2026-08-24 21:40:24 | Target val samples: 37
2026-08-24 21:40:24 | Classes: 14
2026-08-24 21:40:25 | Data audit: same_dir=False | path_overlap(vis/ir/ais)=0/0/0 | content_overlap(vis/ir/ais)=0/0/0 | ais_index_overlap=0 | stem_mismatch(vis-ir/vis-ais)=157/0
2026-08-24 21:40:25 | source_train classes: present 14/14 | absent 0 | counts [0:120, 1:44, 2:69, 3:45, 4:40, 5:30, 6:64, 7:80, 8:116, 9:68, 10:57, 11:83, 12:48, 13:128]
2026-08-24 21:40:25 | target_train classes: present 9/14 | absent 5 | counts [0:20, 2:12, 4:12, 5:2, 9:16, 10:16, 11:29, 12:4, 13:21]
2026-08-24 21:40:25 | target_val classes: present 9/14 | absent 5 | counts [0:6, 2:3, 4:4, 5:1, 9:4, 10:4, 11:8, 12:1, 13:6]
2026-08-24 21:40:25 | Paired training classes: 9/14 | class ids [0, 2, 4, 5, 9, 10, 11, 12, 13]
2026-08-24 21:40:25 | VIS/IR pairing: class-level-unpaired | count-mismatch classes train/val: 10/1 | AIS alignment: none | AIS rows train/val: 0/0
2026-08-24 21:40:26 | Model parameters: total=17277714 | trainable=17120210
Starting run 4/12: domain=逆光, iteration=1, seed=45
2026-08-24 21:41:22 | Epoch 001/100 | loss 5.6882 | cls 5.7403 | tal -0.1737 | dual_g 0.0000 | dual_d 0.0000 | train_acc 0.0547 | train_full 0.0076 | val_acc 0.0000 | val_f1 0.0000 | grad(main/disc) 17.747/0.000 | lr(main/disc) 7.00e-05/3.50e-05 | 56.2s
2026-08-24 21:41:25 | New best val_f1_macro_present: 0.0000 at epoch 1
2026-08-24 21:42:18 | Epoch 002/100 | loss 4.8075 | cls 4.8321 | tal -0.0819 | dual_g 0.0000 | dual_d 0.0000 | train_acc 0.0703 | train_full 0.0606 | val_acc 0.0270 | val_f1 0.0148 | grad(main/disc) 14.718/0.000 | lr(main/disc) 7.00e-05/3.50e-05 | 53.5s
2026-08-24 21:42:22 | New best val_f1_macro_present: 0.0148 at epoch 2
2026-08-24 21:43:18 | Epoch 003/100 | loss 4.2653 | cls 4.2780 | tal -0.0422 | dual_g 0.0000 | dual_d 0.0000 | train_acc 0.1875 | train_full 0.2273 | val_acc 0.2973 | val_f1 0.1919 | grad(main/disc) 12.968/0.000 | lr(main/disc) 7.00e-05/3.50e-05 | 56.1s
2026-08-24 21:43:21 | New best val_f1_macro_present: 0.1919 at epoch 3
2026-08-24 21:44:17 | Epoch 004/100 | loss 4.0278 | cls 4.0439 | tal -0.0538 | dual_g 0.0000 | dual_d 0.0000 | train_acc 0.2852 | train_full 0.2955 | val_acc 0.2973 | val_f1 0.1702 | grad(main/disc) 12.539/0.000 | lr(main/disc) 7.00e-05/3.50e-05 | 56.3s
2026-08-24 21:45:12 | Epoch 005/100 | loss 3.8066 | cls 3.8290 | tal -0.0744 | dual_g 0.0000 | dual_d 0.0000 | train_acc 0.2383 | train_full 0.3939 | val_acc 0.4054 | val_f1 0.3549 | grad(main/disc) 12.440/0.000 | lr(main/disc) 7.00e-05/3.50e-05 | 55.0s
2026-08-24 21:45:15 | New best val_f1_macro_present: 0.3549 at epoch 5
2026-08-24 21:46:12 | Epoch 006/100 | loss 3.6766 | cls 3.4422 | tal -0.0576 | dual_g 0.2517 | dual_d 0.8295 | train_acc 0.3516 | train_full 0.5606 | val_acc 0.4865 | val_f1 0.4832 | grad(main/disc) 11.208/1.739 | lr(main/disc) 7.00e-05/3.50e-05 | 56.4s
2026-08-24 21:46:15 | New best val_f1_macro_present: 0.4832 at epoch 6
2026-08-24 21:47:10 | Epoch 007/100 | loss 3.5640 | cls 3.1281 | tal -0.1186 | dual_g 0.4715 | dual_d 0.7775 | train_acc 0.4766 | train_full 0.6742 | val_acc 0.6216 | val_f1 0.5810 | grad(main/disc) 10.461/1.670 | lr(main/disc) 7.00e-05/3.50e-05 | 54.8s
2026-08-24 21:47:13 | New best val_f1_macro_present: 0.5810 at epoch 7
2026-08-24 21:48:10 | Epoch 008/100 | loss 3.6892 | cls 3.0670 | tal -0.2312 | dual_g 0.6915 | dual_d 0.8277 | train_acc 0.5039 | train_full 0.7121 | val_acc 0.6486 | val_f1 0.7137 | grad(main/disc) 10.527/1.666 | lr(main/disc) 7.00e-05/3.50e-05 | 57.0s
2026-08-24 21:48:13 | New best val_f1_macro_present: 0.7137 at epoch 8
2026-08-24 21:49:10 | Epoch 009/100 | loss 3.7111 | cls 2.9011 | tal -0.2127 | dual_g 0.8739 | dual_d 0.7966 | train_acc 0.5586 | train_full 0.7652 | val_acc 0.6757 | val_f1 0.7006 | grad(main/disc) 10.579/1.639 | lr(main/disc) 7.00e-05/3.50e-05 | 56.8s
2026-08-24 21:50:03 | Epoch 010/100 | loss 3.7178 | cls 2.7134 | tal -0.2174 | dual_g 1.0696 | dual_d 0.7530 | train_acc 0.5508 | train_full 0.8258 | val_acc 0.7297 | val_f1 0.7715 | grad(main/disc) 10.455/1.568 | lr(main/disc) 7.00e-05/3.50e-05 | 53.7s
2026-08-24 21:50:07 | New best val_f1_macro_present: 0.7715 at epoch 10
2026-08-24 21:51:02 | Epoch 011/100 | loss 3.6187 | cls 2.4867 | tal -0.1876 | dual_g 1.1883 | dual_d 0.8035 | train_acc 0.6094 | train_full 0.8939 | val_acc 0.8108 | val_f1 0.8431 | grad(main/disc) 10.026/1.593 | lr(main/disc) 7.00e-05/3.50e-05 | 55.4s
2026-08-24 21:51:05 | New best val_f1_macro_present: 0.8431 at epoch 11
2026-08-24 21:51:58 | Epoch 012/100 | loss 3.6902 | cls 2.4266 | tal -0.1482 | dual_g 1.3081 | dual_d 0.7809 | train_acc 0.6641 | train_full 0.8712 | val_acc 0.8649 | val_f1 0.8829 | grad(main/disc) 10.471/1.543 | lr(main/disc) 7.00e-05/3.50e-05 | 53.4s
2026-08-24 21:52:02 | New best val_f1_macro_present: 0.8829 at epoch 12
2026-08-24 21:52:55 | Epoch 013/100 | loss 3.8001 | cls 2.3832 | tal -0.1907 | dual_g 1.4740 | dual_d 0.7380 | train_acc 0.7344 | train_full 0.8939 | val_acc 0.7838 | val_f1 0.7891 | grad(main/disc) 10.978/1.497 | lr(main/disc) 7.00e-05/3.50e-05 | 53.2s
2026-08-24 21:53:50 | Epoch 014/100 | loss 3.8577 | cls 2.3024 | tal -0.1341 | dual_g 1.5956 | dual_d 0.7423 | train_acc 0.7305 | train_full 0.9015 | val_acc 0.8919 | val_f1 0.9042 | grad(main/disc) 10.433/1.410 | lr(main/disc) 7.00e-05/3.50e-05 | 55.3s
2026-08-24 21:53:53 | New best val_f1_macro_present: 0.9042 at epoch 14
2026-08-24 21:54:47 | Epoch 015/100 | loss 3.8559 | cls 2.1650 | tal -0.2001 | dual_g 1.7509 | dual_d 0.7777 | train_acc 0.6875 | train_full 0.9091 | val_acc 0.8919 | val_f1 0.9118 | grad(main/disc) 11.828/1.462 | lr(main/disc) 7.00e-05/3.50e-05 | 54.2s
2026-08-24 21:54:51 | New best val_f1_macro_present: 0.9118 at epoch 15
2026-08-24 21:55:47 | Epoch 016/100 | loss 3.7059 | cls 2.1074 | tal -0.1692 | dual_g 1.6492 | dual_d 0.7472 | train_acc 0.7422 | train_full 0.9545 | val_acc 0.9189 | val_f1 0.9358 | grad(main/disc) 10.822/1.375 | lr(main/disc) 7.00e-05/3.50e-05 | 56.3s
2026-08-24 21:55:50 | New best val_f1_macro_present: 0.9358 at epoch 16
2026-08-24 21:56:41 | Epoch 017/100 | loss 3.5915 | cls 2.0332 | tal -0.1655 | dual_g 1.6080 | dual_d 0.7761 | train_acc 0.8008 | train_full 0.9394 | val_acc 0.9189 | val_f1 0.9358 | grad(main/disc) 11.373/1.445 | lr(main/disc) 7.00e-05/3.50e-05 | 51.2s
2026-08-24 21:57:38 | Epoch 018/100 | loss 3.5494 | cls 1.9739 | tal -0.1452 | dual_g 1.6191 | dual_d 0.7734 | train_acc 0.7969 | train_full 0.9545 | val_acc 0.9189 | val_f1 0.9358 | grad(main/disc) 10.271/1.480 | lr(main/disc) 7.00e-05/3.50e-05 | 57.1s
2026-08-24 21:58:36 | Epoch 019/100 | loss 3.2962 | cls 1.8635 | tal -0.1831 | dual_g 1.4876 | dual_d 0.7871 | train_acc 0.8633 | train_full 0.9318 | val_acc 0.9730 | val_f1 0.9802 | grad(main/disc) 10.170/1.431 | lr(main/disc) 7.00e-05/3.50e-05 | 58.1s
2026-08-24 21:58:39 | New best val_f1_macro_present: 0.9802 at epoch 19
2026-08-24 21:59:32 | Epoch 020/100 | loss 3.2967 | cls 1.8305 | tal -0.1511 | dual_g 1.5115 | dual_d 0.7129 | train_acc 0.8633 | train_full 0.9545 | val_acc 0.9730 | val_f1 0.9802 | grad(main/disc) 10.855/1.307 | lr(main/disc) 7.00e-05/3.50e-05 | 52.6s
2026-08-24 22:00:24 | Epoch 021/100 | loss 3.1765 | cls 1.7511 | tal -0.1515 | dual_g 1.4708 | dual_d 0.7351 | train_acc 0.8711 | train_full 0.9242 | val_acc 1.0000 | val_f1 1.0000 | grad(main/disc) 9.343/1.302 | lr(main/disc) 7.00e-05/3.50e-05 | 52.3s
2026-08-24 22:00:28 | New best val_f1_macro_present: 1.0000 at epoch 21
2026-08-24 22:01:23 | Epoch 022/100 | loss 3.1823 | cls 1.7876 | tal -0.1735 | dual_g 1.4468 | dual_d 0.8197 | train_acc 0.8828 | train_full 0.9621 | val_acc 0.9730 | val_f1 0.9802 | grad(main/disc) 9.527/1.425 | lr(main/disc) 7.00e-05/3.50e-05 | 55.2s
2026-08-24 22:02:18 | Epoch 023/100 | loss 3.0376 | cls 1.6875 | tal -0.1241 | dual_g 1.3873 | dual_d 0.7804 | train_acc 0.9141 | train_full 0.9773 | val_acc 0.9459 | val_f1 0.9603 | grad(main/disc) 10.065/1.409 | lr(main/disc) 7.00e-05/3.50e-05 | 55.0s
2026-08-24 22:03:09 | Epoch 024/100 | loss 3.0293 | cls 1.6905 | tal -0.1305 | dual_g 1.3779 | dual_d 0.8181 | train_acc 0.9062 | train_full 0.9773 | val_acc 1.0000 | val_f1 1.0000 | grad(main/disc) 9.427/1.389 | lr(main/disc) 7.00e-05/3.50e-05 | 51.5s
2026-08-24 22:04:04 | Epoch 025/100 | loss 2.9824 | cls 1.6541 | tal -0.1472 | dual_g 1.3724 | dual_d 0.7640 | train_acc 0.9180 | train_full 0.9773 | val_acc 0.9730 | val_f1 0.9802 | grad(main/disc) 9.383/1.325 | lr(main/disc) 7.00e-05/3.50e-05 | 54.6s
2026-08-24 22:04:56 | Epoch 026/100 | loss 2.8826 | cls 1.5922 | tal -0.1371 | dual_g 1.3316 | dual_d 0.7567 | train_acc 0.9375 | train_full 0.9697 | val_acc 0.9459 | val_f1 0.9578 | grad(main/disc) 9.298/1.326 | lr(main/disc) 7.00e-05/3.50e-05 | 52.2s
2026-08-24 22:05:51 | Epoch 027/100 | loss 2.8671 | cls 1.5807 | tal -0.1120 | dual_g 1.3201 | dual_d 0.7922 | train_acc 0.9219 | train_full 0.9773 | val_acc 0.9730 | val_f1 0.9776 | grad(main/disc) 8.553/1.357 | lr(main/disc) 7.00e-05/3.50e-05 | 55.1s
2026-08-24 22:06:44 | Epoch 028/100 | loss 2.8069 | cls 1.5693 | tal -0.1740 | dual_g 1.2898 | dual_d 0.7861 | train_acc 0.9297 | train_full 0.9924 | val_acc 1.0000 | val_f1 1.0000 | grad(main/disc) 7.647/1.274 | lr(main/disc) 3.50e-05/1.75e-05 | 52.6s
2026-08-24 22:07:38 | Epoch 029/100 | loss 2.8578 | cls 1.5836 | tal -0.2036 | dual_g 1.3352 | dual_d 0.8258 | train_acc 0.9453 | train_full 0.9848 | val_acc 0.9730 | val_f1 0.9776 | grad(main/disc) 8.402/1.339 | lr(main/disc) 3.50e-05/1.75e-05 | 54.1s
2026-08-24 22:08:33 | Epoch 030/100 | loss 2.8161 | cls 1.5806 | tal -0.1467 | dual_g 1.2795 | dual_d 0.7802 | train_acc 0.8906 | train_full 0.9848 | val_acc 0.9730 | val_f1 0.9776 | grad(main/disc) 8.349/1.309 | lr(main/disc) 3.50e-05/1.75e-05 | 55.2s
2026-08-24 22:08:33 | Early stopping at epoch 30 after 9 epochs without val_f1_macro_present improvement.
2026-08-24 22:08:33 | Training complete. Best validation accuracy: 1.0000 | best val_f1_macro_present: 1.0000
2026-08-24 22:08:33 | Starting Dual_D standalone training
2026-08-24 22:08:33 | Run directory: runs/module_c_ablation/module_c_20260824_171004/module_c_full_逆光_iter02_20260824_171005
2026-08-24 22:08:33 | Device: cuda
2026-08-24 22:08:33 | Source train samples: 992
2026-08-24 22:08:33 | Target train samples: 132
2026-08-24 22:08:33 | Target val samples: 37
2026-08-24 22:08:33 | Classes: 14
2026-08-24 22:08:33 | Data audit: same_dir=False | path_overlap(vis/ir/ais)=0/0/0 | content_overlap(vis/ir/ais)=0/0/0 | ais_index_overlap=0 | stem_mismatch(vis-ir/vis-ais)=157/0
2026-08-24 22:08:33 | source_train classes: present 14/14 | absent 0 | counts [0:120, 1:44, 2:69, 3:45, 4:40, 5:30, 6:64, 7:80, 8:116, 9:68, 10:57, 11:83, 12:48, 13:128]
2026-08-24 22:08:33 | target_train classes: present 9/14 | absent 5 | counts [0:20, 2:12, 4:12, 5:2, 9:16, 10:16, 11:29, 12:4, 13:21]
2026-08-24 22:08:33 | target_val classes: present 9/14 | absent 5 | counts [0:6, 2:3, 4:4, 5:1, 9:4, 10:4, 11:8, 12:1, 13:6]
2026-08-24 22:08:33 | Paired training classes: 9/14 | class ids [0, 2, 4, 5, 9, 10, 11, 12, 13]
2026-08-24 22:08:33 | VIS/IR pairing: class-level-unpaired | count-mismatch classes train/val: 10/1 | AIS alignment: none | AIS rows train/val: 0/0
2026-08-24 22:08:34 | Model parameters: total=17277714 | trainable=17120210
Starting run 5/12: domain=逆光, iteration=2, seed=46
2026-08-24 22:09:27 | Epoch 001/100 | loss 5.5531 | cls 5.6044 | tal -0.1710 | dual_g 0.0000 | dual_d 0.0000 | train_acc 0.0547 | train_full 0.1288 | val_acc 0.2162 | val_f1 0.1115 | grad(main/disc) 18.090/0.000 | lr(main/disc) 7.00e-05/3.50e-05 | 53.1s
2026-08-24 22:09:31 | New best val_f1_macro_present: 0.1115 at epoch 1
2026-08-24 22:10:25 | Epoch 002/100 | loss 4.7049 | cls 4.6942 | tal 0.0355 | dual_g 0.0000 | dual_d 0.0000 | train_acc 0.1641 | train_full 0.1970 | val_acc 0.1892 | val_f1 0.1288 | grad(main/disc) 15.429/0.000 | lr(main/disc) 7.00e-05/3.50e-05 | 54.0s
2026-08-24 22:10:28 | New best val_f1_macro_present: 0.1288 at epoch 2
2026-08-24 22:11:20 | Epoch 003/100 | loss 4.2051 | cls 4.1805 | tal 0.0819 | dual_g 0.0000 | dual_d 0.0000 | train_acc 0.2109 | train_full 0.1667 | val_acc 0.1351 | val_f1 0.0833 | grad(main/disc) 13.410/0.000 | lr(main/disc) 7.00e-05/3.50e-05 | 52.3s
2026-08-24 22:12:15 | Epoch 004/100 | loss 3.9430 | cls 3.9068 | tal 0.1209 | dual_g 0.0000 | dual_d 0.0000 | train_acc 0.3320 | train_full 0.2121 | val_acc 0.3243 | val_f1 0.2268 | grad(main/disc) 12.587/0.000 | lr(main/disc) 7.00e-05/3.50e-05 | 54.6s
2026-08-24 22:12:18 | New best val_f1_macro_present: 0.2268 at epoch 4
2026-08-24 22:13:11 | Epoch 005/100 | loss 3.6814 | cls 3.6322 | tal 0.1640 | dual_g 0.0000 | dual_d 0.0000 | train_acc 0.3359 | train_full 0.3258 | val_acc 0.3784 | val_f1 0.3932 | grad(main/disc) 11.578/0.000 | lr(main/disc) 7.00e-05/3.50e-05 | 53.7s
2026-08-24 22:13:15 | New best val_f1_macro_present: 0.3932 at epoch 5
2026-08-24 22:14:11 | Epoch 006/100 | loss 3.6514 | cls 3.3504 | tal 0.1524 | dual_g 0.2553 | dual_d 0.8765 | train_acc 0.4141 | train_full 0.5227 | val_acc 0.6216 | val_f1 0.7309 | grad(main/disc) 11.302/1.955 | lr(main/disc) 7.00e-05/3.50e-05 | 56.4s
2026-08-24 22:14:14 | New best val_f1_macro_present: 0.7309 at epoch 6
2026-08-24 22:15:07 | Epoch 007/100 | loss 3.7114 | cls 3.1772 | tal 0.1830 | dual_g 0.4794 | dual_d 0.8296 | train_acc 0.4688 | train_full 0.7955 | val_acc 0.7838 | val_f1 0.8001 | grad(main/disc) 10.861/1.776 | lr(main/disc) 7.00e-05/3.50e-05 | 53.2s
2026-08-24 22:15:10 | New best val_f1_macro_present: 0.8001 at epoch 7
2026-08-24 22:16:04 | Epoch 008/100 | loss 3.7452 | cls 2.9822 | tal 0.2562 | dual_g 0.6862 | dual_d 0.9030 | train_acc 0.5117 | train_full 0.8485 | val_acc 0.8649 | val_f1 0.8533 | grad(main/disc) 10.983/1.777 | lr(main/disc) 7.00e-05/3.50e-05 | 53.5s
2026-08-24 22:16:07 | New best val_f1_macro_present: 0.8533 at epoch 8
2026-08-24 22:16:59 | Epoch 009/100 | loss 3.8697 | cls 2.9218 | tal 0.2423 | dual_g 0.8751 | dual_d 0.8154 | train_acc 0.5117 | train_full 0.8485 | val_acc 0.8919 | val_f1 0.9003 | grad(main/disc) 11.458/1.827 | lr(main/disc) 7.00e-05/3.50e-05 | 51.9s
2026-08-24 22:17:02 | New best val_f1_macro_present: 0.9003 at epoch 9
2026-08-24 22:17:57 | Epoch 010/100 | loss 3.8523 | cls 2.7694 | tal 0.1646 | dual_g 1.0335 | dual_d 0.8439 | train_acc 0.5391 | train_full 0.8258 | val_acc 0.9189 | val_f1 0.9161 | grad(main/disc) 11.111/1.756 | lr(main/disc) 7.00e-05/3.50e-05 | 55.5s
2026-08-24 22:18:01 | New best val_f1_macro_present: 0.9161 at epoch 10
2026-08-24 22:18:57 | Epoch 011/100 | loss 3.6869 | cls 2.4869 | tal 0.1584 | dual_g 1.1525 | dual_d 0.8099 | train_acc 0.6758 | train_full 0.8712 | val_acc 0.8919 | val_f1 0.8817 | grad(main/disc) 10.386/1.637 | lr(main/disc) 7.00e-05/3.50e-05 | 56.4s
2026-08-24 22:19:51 | Epoch 012/100 | loss 3.7556 | cls 2.4493 | tal 0.0795 | dual_g 1.2825 | dual_d 0.8913 | train_acc 0.7070 | train_full 0.8712 | val_acc 0.9189 | val_f1 0.9026 | grad(main/disc) 12.187/1.786 | lr(main/disc) 7.00e-05/3.50e-05 | 54.2s
2026-08-24 22:20:44 | Epoch 013/100 | loss 3.9586 | cls 2.4264 | tal 0.1023 | dual_g 1.5015 | dual_d 0.8624 | train_acc 0.6797 | train_full 0.9242 | val_acc 0.9459 | val_f1 0.9578 | grad(main/disc) 12.017/1.678 | lr(main/disc) 7.00e-05/3.50e-05 | 52.6s
2026-08-24 22:20:47 | New best val_f1_macro_present: 0.9578 at epoch 13
2026-08-24 22:21:42 | Epoch 014/100 | loss 3.8032 | cls 2.1920 | tal 0.0276 | dual_g 1.6030 | dual_d 0.8346 | train_acc 0.6992 | train_full 0.9318 | val_acc 0.9189 | val_f1 0.9335 | grad(main/disc) 11.569/1.621 | lr(main/disc) 7.00e-05/3.50e-05 | 54.8s
2026-08-24 22:22:36 | Epoch 015/100 | loss 3.9182 | cls 2.1934 | tal 0.1051 | dual_g 1.6932 | dual_d 0.7981 | train_acc 0.7148 | train_full 0.9697 | val_acc 0.9189 | val_f1 0.9261 | grad(main/disc) 12.031/1.590 | lr(main/disc) 7.00e-05/3.50e-05 | 54.8s
2026-08-24 22:23:29 | Epoch 016/100 | loss 3.8184 | cls 2.1512 | tal 0.0887 | dual_g 1.6406 | dual_d 0.8287 | train_acc 0.7461 | train_full 0.9621 | val_acc 0.9189 | val_f1 0.9321 | grad(main/disc) 12.696/1.605 | lr(main/disc) 7.00e-05/3.50e-05 | 52.8s
2026-08-24 22:24:23 | Epoch 017/100 | loss 3.8126 | cls 2.1151 | tal 0.0977 | dual_g 1.6682 | dual_d 0.8033 | train_acc 0.8125 | train_full 0.9621 | val_acc 0.9189 | val_f1 0.9299 | grad(main/disc) 12.148/1.544 | lr(main/disc) 7.00e-05/3.50e-05 | 53.9s
2026-08-24 22:25:18 | Epoch 018/100 | loss 3.6565 | cls 2.0246 | tal 0.1195 | dual_g 1.5961 | dual_d 0.8151 | train_acc 0.8242 | train_full 0.9697 | val_acc 0.9189 | val_f1 0.9299 | grad(main/disc) 12.211/1.597 | lr(main/disc) 7.00e-05/3.50e-05 | 54.8s
2026-08-24 22:27:02 | Epoch 019/100 | loss 3.5311 | cls 1.9635 | tal 0.1109 | dual_g 1.5344 | dual_d 0.7865 | train_acc 0.8125 | train_full 0.9394 | val_acc 0.9189 | val_f1 0.9053 | grad(main/disc) 12.235/1.472 | lr(main/disc) 7.00e-05/3.50e-05 | 104.1s
2026-08-24 22:28:45 | Epoch 020/100 | loss 3.5023 | cls 1.9450 | tal 0.0357 | dual_g 1.5467 | dual_d 0.7906 | train_acc 0.8359 | train_full 0.9621 | val_acc 0.9189 | val_f1 0.8929 | grad(main/disc) 11.728/1.534 | lr(main/disc) 3.50e-05/1.75e-05 | 102.6s
2026-08-24 22:29:54 | Epoch 021/100 | loss 3.3477 | cls 1.8490 | tal 0.0422 | dual_g 1.4861 | dual_d 0.7971 | train_acc 0.8633 | train_full 0.9773 | val_acc 0.9459 | val_f1 0.9458 | grad(main/disc) 9.604/1.560 | lr(main/disc) 3.50e-05/1.75e-05 | 68.9s
2026-08-24 22:31:05 | Epoch 022/100 | loss 3.3627 | cls 1.8803 | tal 0.0410 | dual_g 1.4701 | dual_d 0.7956 | train_acc 0.8125 | train_full 0.9621 | val_acc 0.9459 | val_f1 0.9524 | grad(main/disc) 9.239/1.453 | lr(main/disc) 3.50e-05/1.75e-05 | 71.1s
2026-08-24 22:31:05 | Early stopping at epoch 22 after 9 epochs without val_f1_macro_present improvement.
2026-08-24 22:31:05 | Training complete. Best validation accuracy: 0.9459 | best val_f1_macro_present: 0.9578
2026-08-24 22:31:05 | Starting Dual_D standalone training
2026-08-24 22:31:05 | Run directory: runs/module_c_ablation/module_c_20260824_171004/module_c_full_逆光_iter03_20260824_171005
2026-08-24 22:31:05 | Device: cuda
2026-08-24 22:31:05 | Source train samples: 992
2026-08-24 22:31:05 | Target train samples: 132
2026-08-24 22:31:05 | Target val samples: 37
2026-08-24 22:31:05 | Classes: 14
2026-08-24 22:31:05 | Data audit: same_dir=False | path_overlap(vis/ir/ais)=0/0/0 | content_overlap(vis/ir/ais)=0/0/0 | ais_index_overlap=0 | stem_mismatch(vis-ir/vis-ais)=157/0
2026-08-24 22:31:05 | source_train classes: present 14/14 | absent 0 | counts [0:120, 1:44, 2:69, 3:45, 4:40, 5:30, 6:64, 7:80, 8:116, 9:68, 10:57, 11:83, 12:48, 13:128]
2026-08-24 22:31:05 | target_train classes: present 9/14 | absent 5 | counts [0:20, 2:12, 4:12, 5:2, 9:16, 10:16, 11:29, 12:4, 13:21]
2026-08-24 22:31:05 | target_val classes: present 9/14 | absent 5 | counts [0:6, 2:3, 4:4, 5:1, 9:4, 10:4, 11:8, 12:1, 13:6]
2026-08-24 22:31:05 | Paired training classes: 9/14 | class ids [0, 2, 4, 5, 9, 10, 11, 12, 13]
2026-08-24 22:31:05 | VIS/IR pairing: class-level-unpaired | count-mismatch classes train/val: 10/1 | AIS alignment: none | AIS rows train/val: 0/0
2026-08-24 22:31:06 | Model parameters: total=17277714 | trainable=17120210
Starting run 6/12: domain=逆光, iteration=3, seed=47
2026-08-24 22:32:44 | Epoch 001/100 | loss 5.7007 | cls 5.6860 | tal 0.0489 | dual_g 0.0000 | dual_d 0.0000 | train_acc 0.0898 | train_full 0.1364 | val_acc 0.1892 | val_f1 0.0630 | grad(main/disc) 17.386/0.000 | lr(main/disc) 7.00e-05/3.50e-05 | 97.6s
2026-08-24 22:32:47 | New best val_f1_macro_present: 0.0630 at epoch 1
2026-08-24 22:33:45 | Epoch 002/100 | loss 4.5821 | cls 4.5613 | tal 0.0693 | dual_g 0.0000 | dual_d 0.0000 | train_acc 0.1445 | train_full 0.1818 | val_acc 0.2162 | val_f1 0.0635 | grad(main/disc) 13.911/0.000 | lr(main/disc) 7.00e-05/3.50e-05 | 58.4s
2026-08-24 22:34:39 | Epoch 003/100 | loss 4.2630 | cls 4.2480 | tal 0.0502 | dual_g 0.0000 | dual_d 0.0000 | train_acc 0.2344 | train_full 0.2121 | val_acc 0.2162 | val_f1 0.0641 | grad(main/disc) 12.683/0.000 | lr(main/disc) 7.00e-05/3.50e-05 | 54.1s
2026-08-24 22:34:42 | New best val_f1_macro_present: 0.0641 at epoch 3
2026-08-24 22:35:38 | Epoch 004/100 | loss 3.7991 | cls 3.7579 | tal 0.1375 | dual_g 0.0000 | dual_d 0.0000 | train_acc 0.3438 | train_full 0.3636 | val_acc 0.4054 | val_f1 0.3813 | grad(main/disc) 11.527/0.000 | lr(main/disc) 7.00e-05/3.50e-05 | 55.8s
2026-08-24 22:35:41 | New best val_f1_macro_present: 0.3813 at epoch 4
2026-08-24 22:36:36 | Epoch 005/100 | loss 3.5944 | cls 3.5422 | tal 0.1740 | dual_g 0.0000 | dual_d 0.0000 | train_acc 0.3672 | train_full 0.4091 | val_acc 0.5135 | val_f1 0.4146 | grad(main/disc) 10.898/0.000 | lr(main/disc) 7.00e-05/3.50e-05 | 54.5s
2026-08-24 22:36:39 | New best val_f1_macro_present: 0.4146 at epoch 5
2026-08-24 22:37:34 | Epoch 006/100 | loss 3.7401 | cls 3.4262 | tal 0.2106 | dual_g 0.2506 | dual_d 0.8633 | train_acc 0.4219 | train_full 0.5303 | val_acc 0.5405 | val_f1 0.4262 | grad(main/disc) 11.223/1.801 | lr(main/disc) 7.00e-05/3.50e-05 | 54.7s
2026-08-24 22:37:37 | New best val_f1_macro_present: 0.4262 at epoch 6
2026-08-24 22:38:32 | Epoch 007/100 | loss 3.7032 | cls 3.1972 | tal 0.0646 | dual_g 0.4866 | dual_d 0.8793 | train_acc 0.4727 | train_full 0.7273 | val_acc 0.7838 | val_f1 0.7228 | grad(main/disc) 10.641/1.803 | lr(main/disc) 7.00e-05/3.50e-05 | 54.9s
2026-08-24 22:38:35 | New best val_f1_macro_present: 0.7228 at epoch 7
2026-08-24 22:39:30 | Epoch 008/100 | loss 3.7673 | cls 3.0431 | tal 0.1157 | dual_g 0.6895 | dual_d 0.9114 | train_acc 0.5000 | train_full 0.8864 | val_acc 0.8378 | val_f1 0.8632 | grad(main/disc) 10.251/1.796 | lr(main/disc) 7.00e-05/3.50e-05 | 55.7s
2026-08-24 22:39:34 | New best val_f1_macro_present: 0.8632 at epoch 8
2026-08-24 22:40:29 | Epoch 009/100 | loss 3.7427 | cls 2.8512 | tal 0.0885 | dual_g 0.8650 | dual_d 0.8082 | train_acc 0.5469 | train_full 0.8788 | val_acc 0.8378 | val_f1 0.8757 | grad(main/disc) 10.158/1.626 | lr(main/disc) 7.00e-05/3.50e-05 | 55.2s
2026-08-24 22:40:32 | New best val_f1_macro_present: 0.8757 at epoch 9
2026-08-24 22:41:27 | Epoch 010/100 | loss 3.9285 | cls 2.8641 | tal 0.0657 | dual_g 1.0447 | dual_d 0.8460 | train_acc 0.5469 | train_full 0.9318 | val_acc 0.8919 | val_f1 0.9154 | grad(main/disc) 11.036/1.685 | lr(main/disc) 7.00e-05/3.50e-05 | 55.5s
2026-08-24 22:41:30 | New best val_f1_macro_present: 0.9154 at epoch 10
2026-08-24 22:42:24 | Epoch 011/100 | loss 3.7768 | cls 2.5552 | tal 0.0633 | dual_g 1.2026 | dual_d 0.8192 | train_acc 0.6055 | train_full 0.9470 | val_acc 0.9730 | val_f1 0.9840 | grad(main/disc) 10.604/1.595 | lr(main/disc) 7.00e-05/3.50e-05 | 53.8s
2026-08-24 22:42:27 | New best val_f1_macro_present: 0.9840 at epoch 11
2026-08-24 22:43:38 | Epoch 012/100 | loss 3.8120 | cls 2.4780 | tal 0.0610 | dual_g 1.3157 | dual_d 0.8325 | train_acc 0.6055 | train_full 0.9621 | val_acc 0.8919 | val_f1 0.9003 | grad(main/disc) 10.650/1.612 | lr(main/disc) 7.00e-05/3.50e-05 | 70.4s
2026-08-24 22:44:50 | Epoch 013/100 | loss 3.8257 | cls 2.3953 | tal 0.0125 | dual_g 1.4266 | dual_d 0.8287 | train_acc 0.6914 | train_full 0.9545 | val_acc 0.9459 | val_f1 0.9616 | grad(main/disc) 11.288/1.594 | lr(main/disc) 7.00e-05/3.50e-05 | 71.8s
2026-08-24 22:46:34 | Epoch 014/100 | loss 3.7751 | cls 2.2003 | tal 0.0405 | dual_g 1.5626 | dual_d 0.8221 | train_acc 0.7305 | train_full 0.9545 | val_acc 0.9189 | val_f1 0.9371 | grad(main/disc) 10.887/1.574 | lr(main/disc) 7.00e-05/3.50e-05 | 104.8s
2026-08-24 22:47:32 | Epoch 015/100 | loss 3.8670 | cls 2.2208 | tal -0.0275 | dual_g 1.6545 | dual_d 0.8180 | train_acc 0.7539 | train_full 0.9545 | val_acc 0.8919 | val_f1 0.9079 | grad(main/disc) 12.407/1.616 | lr(main/disc) 7.00e-05/3.50e-05 | 58.0s
2026-08-24 22:48:26 | Epoch 016/100 | loss 3.6497 | cls 2.0883 | tal -0.0387 | dual_g 1.5729 | dual_d 0.7921 | train_acc 0.7773 | train_full 0.9545 | val_acc 0.9459 | val_f1 0.9616 | grad(main/disc) 11.938/1.511 | lr(main/disc) 7.00e-05/3.50e-05 | 53.5s
2026-08-24 22:49:21 | Epoch 017/100 | loss 3.5350 | cls 2.0151 | tal -0.1301 | dual_g 1.5589 | dual_d 0.7511 | train_acc 0.7500 | train_full 0.9545 | val_acc 0.9459 | val_f1 0.9616 | grad(main/disc) 11.524/1.441 | lr(main/disc) 7.00e-05/3.50e-05 | 54.6s
2026-08-24 22:50:13 | Epoch 018/100 | loss 3.4803 | cls 1.9536 | tal -0.0548 | dual_g 1.5432 | dual_d 0.7454 | train_acc 0.7695 | train_full 0.9697 | val_acc 0.9459 | val_f1 0.9556 | grad(main/disc) 12.914/1.372 | lr(main/disc) 3.50e-05/1.75e-05 | 52.8s
2026-08-24 22:51:07 | Epoch 019/100 | loss 3.3403 | cls 1.8872 | tal -0.0331 | dual_g 1.4630 | dual_d 0.7839 | train_acc 0.8594 | train_full 0.9697 | val_acc 0.9730 | val_f1 0.9776 | grad(main/disc) 13.121/1.434 | lr(main/disc) 3.50e-05/1.75e-05 | 53.9s
2026-08-24 22:52:01 | Epoch 020/100 | loss 3.3256 | cls 1.8465 | tal -0.0085 | dual_g 1.4816 | dual_d 0.7486 | train_acc 0.8164 | train_full 0.9773 | val_acc 0.9189 | val_f1 0.9396 | grad(main/disc) 12.500/1.391 | lr(main/disc) 3.50e-05/1.75e-05 | 53.4s
2026-08-24 22:52:01 | Early stopping at epoch 20 after 9 epochs without val_f1_macro_present improvement.
2026-08-24 22:52:01 | Training complete. Best validation accuracy: 0.9730 | best val_f1_macro_present: 0.9840
2026-08-24 22:52:01 | Starting Dual_D standalone training
2026-08-24 22:52:01 | Run directory: runs/module_c_ablation/module_c_20260824_171004/module_c_full_雾天_iter01_20260824_171005
2026-08-24 22:52:01 | Device: cuda
2026-08-24 22:52:01 | Source train samples: 992
2026-08-24 22:52:01 | Target train samples: 507
2026-08-24 22:52:01 | Target val samples: 132
2026-08-24 22:52:01 | Classes: 14
2026-08-24 22:52:01 | Data audit: same_dir=False | path_overlap(vis/ir/ais)=0/0/0 | content_overlap(vis/ir/ais)=0/0/0 | ais_index_overlap=0 | stem_mismatch(vis-ir/vis-ais)=630/0
2026-08-24 22:52:01 | source_train classes: present 14/14 | absent 0 | counts [0:120, 1:44, 2:69, 3:45, 4:40, 5:30, 6:64, 7:80, 8:116, 9:68, 10:57, 11:83, 12:48, 13:128]
2026-08-24 22:52:01 | target_train classes: present 9/14 | absent 5 | counts [0:35, 1:18, 2:119, 6:110, 8:25, 9:50, 10:48, 12:9, 13:93]
2026-08-24 22:52:01 | target_val classes: present 9/14 | absent 5 | counts [0:9, 1:5, 2:30, 6:28, 8:7, 9:13, 10:13, 12:3, 13:24]
2026-08-24 22:52:01 | Paired training classes: 9/14 | class ids [0, 1, 2, 6, 8, 9, 10, 12, 13]
2026-08-24 22:52:01 | VIS/IR pairing: class-level-unpaired | count-mismatch classes train/val: 10/2 | AIS alignment: none | AIS rows train/val: 0/0
2026-08-24 22:52:02 | Model parameters: total=17277714 | trainable=17120210
Starting run 7/12: domain=雾天, iteration=1, seed=48
2026-08-24 22:53:48 | Epoch 001/100 | loss 5.1256 | cls 5.1464 | tal -0.0692 | dual_g 0.0000 | dual_d 0.0000 | train_acc 0.0918 | train_full 0.1164 | val_acc 0.1515 | val_f1 0.0495 | grad(main/disc) 16.074/0.000 | lr(main/disc) 7.00e-05/3.50e-05 | 106.1s
2026-08-24 22:53:51 | New best val_f1_macro_present: 0.0495 at epoch 1
2026-08-24 22:55:31 | Epoch 002/100 | loss 4.2290 | cls 4.2604 | tal -0.1047 | dual_g 0.0000 | dual_d 0.0000 | train_acc 0.1660 | train_full 0.2051 | val_acc 0.1970 | val_f1 0.0860 | grad(main/disc) 13.124/0.000 | lr(main/disc) 7.00e-05/3.50e-05 | 100.3s
2026-08-24 22:55:35 | New best val_f1_macro_present: 0.0860 at epoch 2
2026-08-24 22:57:16 | Epoch 003/100 | loss 3.7947 | cls 3.8508 | tal -0.1869 | dual_g 0.0000 | dual_d 0.0000 | train_acc 0.2266 | train_full 0.3254 | val_acc 0.3636 | val_f1 0.2228 | grad(main/disc) 11.609/0.000 | lr(main/disc) 7.00e-05/3.50e-05 | 101.8s
2026-08-24 22:57:20 | New best val_f1_macro_present: 0.2228 at epoch 3
2026-08-24 22:59:02 | Epoch 004/100 | loss 3.4988 | cls 3.5660 | tal -0.2239 | dual_g 0.0000 | dual_d 0.0000 | train_acc 0.2793 | train_full 0.4280 | val_acc 0.3788 | val_f1 0.3629 | grad(main/disc) 10.703/0.000 | lr(main/disc) 7.00e-05/3.50e-05 | 102.4s
2026-08-24 22:59:05 | New best val_f1_macro_present: 0.3629 at epoch 4
2026-08-24 23:00:52 | Epoch 005/100 | loss 3.2921 | cls 3.3429 | tal -0.1693 | dual_g 0.0000 | dual_d 0.0000 | train_acc 0.3223 | train_full 0.4320 | val_acc 0.3712 | val_f1 0.3745 | grad(main/disc) 10.452/0.000 | lr(main/disc) 7.00e-05/3.50e-05 | 106.2s
2026-08-24 23:00:55 | New best val_f1_macro_present: 0.3745 at epoch 5
2026-08-24 23:02:40 | Epoch 006/100 | loss 3.3828 | cls 3.1878 | tal -0.1745 | dual_g 0.2473 | dual_d 0.9576 | train_acc 0.3633 | train_full 0.5069 | val_acc 0.4773 | val_f1 0.5087 | grad(main/disc) 10.603/1.933 | lr(main/disc) 7.00e-05/3.50e-05 | 105.6s
2026-08-24 23:02:44 | New best val_f1_macro_present: 0.5087 at epoch 6
2026-08-24 23:04:30 | Epoch 007/100 | loss 3.3918 | cls 2.9638 | tal -0.1464 | dual_g 0.4719 | dual_d 0.9499 | train_acc 0.4180 | train_full 0.5523 | val_acc 0.5227 | val_f1 0.5762 | grad(main/disc) 10.222/1.882 | lr(main/disc) 7.00e-05/3.50e-05 | 106.5s
2026-08-24 23:04:33 | New best val_f1_macro_present: 0.5762 at epoch 7
2026-08-24 23:06:22 | Epoch 008/100 | loss 3.3636 | cls 2.7518 | tal -0.1416 | dual_g 0.6543 | dual_d 0.9052 | train_acc 0.4941 | train_full 0.5799 | val_acc 0.5455 | val_f1 0.5911 | grad(main/disc) 10.651/1.826 | lr(main/disc) 7.00e-05/3.50e-05 | 108.6s
2026-08-24 23:06:25 | New best val_f1_macro_present: 0.5911 at epoch 8
2026-08-24 23:08:06 | Epoch 009/100 | loss 3.4522 | cls 2.6502 | tal -0.1597 | dual_g 0.8499 | dual_d 0.8988 | train_acc 0.5020 | train_full 0.6272 | val_acc 0.6591 | val_f1 0.6785 | grad(main/disc) 11.182/1.808 | lr(main/disc) 7.00e-05/3.50e-05 | 101.0s
2026-08-24 23:08:09 | New best val_f1_macro_present: 0.6785 at epoch 9
2026-08-24 23:09:58 | Epoch 010/100 | loss 3.4664 | cls 2.5267 | tal -0.1625 | dual_g 0.9884 | dual_d 0.8983 | train_acc 0.5352 | train_full 0.6805 | val_acc 0.7045 | val_f1 0.7191 | grad(main/disc) 10.854/1.774 | lr(main/disc) 7.00e-05/3.50e-05 | 108.4s
2026-08-24 23:10:01 | New best val_f1_macro_present: 0.7191 at epoch 10
2026-08-24 23:11:45 | Epoch 011/100 | loss 3.5148 | cls 2.4174 | tal -0.1685 | dual_g 1.1479 | dual_d 0.8510 | train_acc 0.5625 | train_full 0.6824 | val_acc 0.6818 | val_f1 0.6973 | grad(main/disc) 11.389/1.695 | lr(main/disc) 7.00e-05/3.50e-05 | 104.2s
2026-08-24 23:13:40 | Epoch 012/100 | loss 3.5841 | cls 2.3334 | tal -0.1668 | dual_g 1.3007 | dual_d 0.8506 | train_acc 0.5820 | train_full 0.8028 | val_acc 0.7879 | val_f1 0.7891 | grad(main/disc) 11.662/1.660 | lr(main/disc) 7.00e-05/3.50e-05 | 114.9s
2026-08-24 23:13:44 | New best val_f1_macro_present: 0.7891 at epoch 12
2026-08-24 23:16:13 | Epoch 013/100 | loss 3.4817 | cls 2.1474 | tal -0.1931 | dual_g 1.3922 | dual_d 0.8162 | train_acc 0.6953 | train_full 0.7633 | val_acc 0.7197 | val_f1 0.7133 | grad(main/disc) 11.587/1.613 | lr(main/disc) 7.00e-05/3.50e-05 | 149.2s
2026-08-24 23:18:35 | Epoch 014/100 | loss 3.6542 | cls 2.1745 | tal -0.1776 | dual_g 1.5330 | dual_d 0.8277 | train_acc 0.6602 | train_full 0.7436 | val_acc 0.7121 | val_f1 0.7044 | grad(main/disc) 13.018/1.654 | lr(main/disc) 7.00e-05/3.50e-05 | 141.9s
2026-08-24 23:21:04 | Epoch 015/100 | loss 3.5315 | cls 1.9871 | tal -0.1883 | dual_g 1.6009 | dual_d 0.8042 | train_acc 0.7344 | train_full 0.8107 | val_acc 0.7652 | val_f1 0.7864 | grad(main/disc) 11.528/1.549 | lr(main/disc) 7.00e-05/3.50e-05 | 149.0s
2026-08-24 23:23:34 | Epoch 016/100 | loss 3.4651 | cls 1.9515 | tal -0.1160 | dual_g 1.5484 | dual_d 0.8056 | train_acc 0.7480 | train_full 0.7968 | val_acc 0.7652 | val_f1 0.7690 | grad(main/disc) 12.822/1.562 | lr(main/disc) 7.00e-05/3.50e-05 | 150.6s
2026-08-24 23:26:03 | Epoch 017/100 | loss 3.4249 | cls 1.9388 | tal -0.1520 | dual_g 1.5318 | dual_d 0.8241 | train_acc 0.7695 | train_full 0.8481 | val_acc 0.8182 | val_f1 0.8096 | grad(main/disc) 12.227/1.513 | lr(main/disc) 7.00e-05/3.50e-05 | 149.0s
2026-08-24 23:26:07 | New best val_f1_macro_present: 0.8096 at epoch 17
2026-08-24 23:28:37 | Epoch 018/100 | loss 3.2160 | cls 1.8164 | tal -0.1531 | dual_g 1.4455 | dual_d 0.7850 | train_acc 0.8047 | train_full 0.8777 | val_acc 0.8485 | val_f1 0.8430 | grad(main/disc) 11.770/1.484 | lr(main/disc) 7.00e-05/3.50e-05 | 149.9s
2026-08-24 23:28:40 | New best val_f1_macro_present: 0.8430 at epoch 18
2026-08-24 23:31:09 | Epoch 019/100 | loss 3.1617 | cls 1.7727 | tal -0.1125 | dual_g 1.4227 | dual_d 0.8401 | train_acc 0.8066 | train_full 0.9132 | val_acc 0.9242 | val_f1 0.9375 | grad(main/disc) 11.606/1.504 | lr(main/disc) 7.00e-05/3.50e-05 | 149.2s
2026-08-24 23:31:13 | New best val_f1_macro_present: 0.9375 at epoch 19
2026-08-24 23:33:42 | Epoch 020/100 | loss 3.0827 | cls 1.7148 | tal -0.0932 | dual_g 1.3959 | dual_d 0.8511 | train_acc 0.8340 | train_full 0.9073 | val_acc 0.9091 | val_f1 0.9044 | grad(main/disc) 11.453/1.483 | lr(main/disc) 7.00e-05/3.50e-05 | 148.9s
2026-08-24 23:36:11 | Epoch 021/100 | loss 3.0201 | cls 1.6710 | tal -0.0975 | dual_g 1.3783 | dual_d 0.8117 | train_acc 0.8457 | train_full 0.9172 | val_acc 0.8864 | val_f1 0.8665 | grad(main/disc) 10.838/1.433 | lr(main/disc) 7.00e-05/3.50e-05 | 149.6s
2026-08-24 23:38:41 | Epoch 022/100 | loss 2.9150 | cls 1.6259 | tal -0.1206 | dual_g 1.3253 | dual_d 0.7909 | train_acc 0.8555 | train_full 0.9369 | val_acc 0.9242 | val_f1 0.9270 | grad(main/disc) 11.297/1.382 | lr(main/disc) 7.00e-05/3.50e-05 | 149.9s
2026-08-24 23:40:54 | Epoch 023/100 | loss 2.9410 | cls 1.6229 | tal -0.0906 | dual_g 1.3453 | dual_d 0.8054 | train_acc 0.8555 | train_full 0.9250 | val_acc 0.9091 | val_f1 0.9087 | grad(main/disc) 10.214/1.347 | lr(main/disc) 7.00e-05/3.50e-05 | 132.5s
2026-08-24 23:42:38 | Epoch 024/100 | loss 2.8906 | cls 1.6197 | tal -0.1426 | dual_g 1.3136 | dual_d 0.8504 | train_acc 0.8730 | train_full 0.9093 | val_acc 0.8788 | val_f1 0.8367 | grad(main/disc) 12.453/1.421 | lr(main/disc) 7.00e-05/3.50e-05 | 103.9s
2026-08-24 23:44:33 | Epoch 025/100 | loss 2.7942 | cls 1.5645 | tal -0.1608 | dual_g 1.2779 | dual_d 0.8482 | train_acc 0.8926 | train_full 0.9606 | val_acc 0.9470 | val_f1 0.9409 | grad(main/disc) 10.919/1.392 | lr(main/disc) 7.00e-05/3.50e-05 | 115.6s
2026-08-24 23:44:37 | New best val_f1_macro_present: 0.9409 at epoch 25
2026-08-24 23:47:07 | Epoch 026/100 | loss 2.7470 | cls 1.5315 | tal -0.1845 | dual_g 1.2708 | dual_d 0.8077 | train_acc 0.9043 | train_full 0.9665 | val_acc 0.9318 | val_f1 0.9416 | grad(main/disc) 9.941/1.324 | lr(main/disc) 7.00e-05/3.50e-05 | 150.4s
2026-08-24 23:49:42 | Epoch 027/100 | loss 2.6688 | cls 1.4906 | tal -0.1753 | dual_g 1.2308 | dual_d 0.8768 | train_acc 0.9219 | train_full 0.9704 | val_acc 0.9470 | val_f1 0.9384 | grad(main/disc) 8.401/1.332 | lr(main/disc) 7.00e-05/3.50e-05 | 154.6s
2026-08-24 23:52:48 | Epoch 028/100 | loss 2.6801 | cls 1.5027 | tal -0.1431 | dual_g 1.2204 | dual_d 0.8515 | train_acc 0.9102 | train_full 0.9665 | val_acc 0.9394 | val_f1 0.9276 | grad(main/disc) 10.383/1.319 | lr(main/disc) 7.00e-05/3.50e-05 | 186.5s
2026-08-24 23:55:51 | Epoch 029/100 | loss 2.5703 | cls 1.4394 | tal -0.1163 | dual_g 1.1657 | dual_d 0.8892 | train_acc 0.9551 | train_full 0.9645 | val_acc 0.9318 | val_f1 0.9236 | grad(main/disc) 7.879/1.380 | lr(main/disc) 7.00e-05/3.50e-05 | 183.3s
2026-08-24 23:58:24 | Epoch 030/100 | loss 2.5689 | cls 1.4412 | tal -0.1536 | dual_g 1.1738 | dual_d 0.9395 | train_acc 0.9199 | train_full 0.9684 | val_acc 0.9394 | val_f1 0.9232 | grad(main/disc) 8.831/1.385 | lr(main/disc) 7.00e-05/3.50e-05 | 152.8s
2026-08-25 00:01:02 | Epoch 031/100 | loss 2.5428 | cls 1.4398 | tal -0.1360 | dual_g 1.1438 | dual_d 0.9236 | train_acc 0.9355 | train_full 0.9803 | val_acc 0.9697 | val_f1 0.9670 | grad(main/disc) 8.102/1.379 | lr(main/disc) 7.00e-05/3.50e-05 | 157.6s
2026-08-25 00:01:05 | New best val_f1_macro_present: 0.9670 at epoch 31
2026-08-25 00:03:45 | Epoch 032/100 | loss 2.5523 | cls 1.4327 | tal -0.1190 | dual_g 1.1553 | dual_d 0.9430 | train_acc 0.9453 | train_full 0.9862 | val_acc 0.9545 | val_f1 0.9587 | grad(main/disc) 9.132/1.395 | lr(main/disc) 7.00e-05/3.50e-05 | 159.5s
2026-08-25 00:06:28 | Epoch 033/100 | loss 2.4958 | cls 1.3928 | tal -0.1193 | dual_g 1.1388 | dual_d 0.9529 | train_acc 0.9590 | train_full 0.9862 | val_acc 0.9848 | val_f1 0.9830 | grad(main/disc) 8.146/1.337 | lr(main/disc) 7.00e-05/3.50e-05 | 163.4s
2026-08-25 00:06:32 | New best val_f1_macro_present: 0.9830 at epoch 33
2026-08-25 00:09:37 | Epoch 034/100 | loss 2.5157 | cls 1.4211 | tal -0.1014 | dual_g 1.1250 | dual_d 0.9210 | train_acc 0.9434 | train_full 0.9901 | val_acc 0.9924 | val_f1 0.9892 | grad(main/disc) 7.599/1.308 | lr(main/disc) 7.00e-05/3.50e-05 | 185.5s
2026-08-25 00:09:41 | New best val_f1_macro_present: 0.9892 at epoch 34
2026-08-25 00:13:11 | Epoch 035/100 | loss 2.4600 | cls 1.3918 | tal -0.1127 | dual_g 1.1020 | dual_d 0.9429 | train_acc 0.9609 | train_full 0.9822 | val_acc 0.9697 | val_f1 0.9576 | grad(main/disc) 7.723/1.336 | lr(main/disc) 7.00e-05/3.50e-05 | 210.5s
2026-08-25 00:15:57 | Epoch 036/100 | loss 2.4221 | cls 1.3760 | tal -0.1405 | dual_g 1.0882 | dual_d 0.9338 | train_acc 0.9668 | train_full 0.9724 | val_acc 0.9394 | val_f1 0.9260 | grad(main/disc) 7.604/1.292 | lr(main/disc) 7.00e-05/3.50e-05 | 165.6s
2026-08-25 00:18:37 | Epoch 037/100 | loss 2.4082 | cls 1.3704 | tal -0.1719 | dual_g 1.0894 | dual_d 0.9724 | train_acc 0.9609 | train_full 0.9921 | val_acc 0.9621 | val_f1 0.9380 | grad(main/disc) 7.091/1.309 | lr(main/disc) 7.00e-05/3.50e-05 | 160.3s
2026-08-25 00:21:19 | Epoch 038/100 | loss 2.3954 | cls 1.3598 | tal -0.1623 | dual_g 1.0843 | dual_d 0.9925 | train_acc 0.9648 | train_full 0.9941 | val_acc 0.9848 | val_f1 0.9830 | grad(main/disc) 6.995/1.274 | lr(main/disc) 7.00e-05/3.50e-05 | 161.6s
2026-08-25 00:23:57 | Epoch 039/100 | loss 2.4072 | cls 1.3649 | tal -0.1555 | dual_g 1.0890 | dual_d 0.9631 | train_acc 0.9727 | train_full 0.9822 | val_acc 0.9924 | val_f1 0.9892 | grad(main/disc) 7.202/1.283 | lr(main/disc) 7.00e-05/3.50e-05 | 158.8s
2026-08-25 00:26:38 | Epoch 040/100 | loss 2.3754 | cls 1.3547 | tal -0.1634 | dual_g 1.0696 | dual_d 0.9895 | train_acc 0.9766 | train_full 0.9882 | val_acc 0.9848 | val_f1 0.9830 | grad(main/disc) 6.817/1.283 | lr(main/disc) 7.00e-05/3.50e-05 | 160.3s
2026-08-25 00:29:16 | Epoch 041/100 | loss 2.3699 | cls 1.3450 | tal -0.0694 | dual_g 1.0458 | dual_d 1.0256 | train_acc 0.9805 | train_full 0.9763 | val_acc 0.9621 | val_f1 0.9600 | grad(main/disc) 5.772/1.331 | lr(main/disc) 3.50e-05/1.75e-05 | 158.4s
2026-08-25 00:31:56 | Epoch 042/100 | loss 2.3479 | cls 1.3293 | tal -0.0821 | dual_g 1.0432 | dual_d 1.0544 | train_acc 0.9824 | train_full 1.0000 | val_acc 0.9848 | val_f1 0.9828 | grad(main/disc) 5.415/1.370 | lr(main/disc) 3.50e-05/1.75e-05 | 159.4s
2026-08-25 00:35:53 | Epoch 043/100 | loss 2.3365 | cls 1.3214 | tal -0.0985 | dual_g 1.0447 | dual_d 1.0235 | train_acc 0.9805 | train_full 1.0000 | val_acc 0.9773 | val_f1 0.9767 | grad(main/disc) 5.187/1.320 | lr(main/disc) 3.50e-05/1.75e-05 | 237.4s
2026-08-25 00:35:53 | Early stopping at epoch 43 after 9 epochs without val_f1_macro_present improvement.
2026-08-25 00:35:53 | Training complete. Best validation accuracy: 0.9924 | best val_f1_macro_present: 0.9892
2026-08-25 00:35:53 | Starting Dual_D standalone training
2026-08-25 00:35:53 | Run directory: runs/module_c_ablation/module_c_20260824_171004/module_c_full_雾天_iter02_20260824_171005
2026-08-25 00:35:53 | Device: cuda
2026-08-25 00:35:53 | Source train samples: 992
2026-08-25 00:35:53 | Target train samples: 507
2026-08-25 00:35:53 | Target val samples: 132
2026-08-25 00:35:53 | Classes: 14
2026-08-25 00:35:53 | Data audit: same_dir=False | path_overlap(vis/ir/ais)=0/0/0 | content_overlap(vis/ir/ais)=0/0/0 | ais_index_overlap=0 | stem_mismatch(vis-ir/vis-ais)=630/0
2026-08-25 00:35:53 | source_train classes: present 14/14 | absent 0 | counts [0:120, 1:44, 2:69, 3:45, 4:40, 5:30, 6:64, 7:80, 8:116, 9:68, 10:57, 11:83, 12:48, 13:128]
2026-08-25 00:35:53 | target_train classes: present 9/14 | absent 5 | counts [0:35, 1:18, 2:119, 6:110, 8:25, 9:50, 10:48, 12:9, 13:93]
2026-08-25 00:35:53 | target_val classes: present 9/14 | absent 5 | counts [0:9, 1:5, 2:30, 6:28, 8:7, 9:13, 10:13, 12:3, 13:24]
2026-08-25 00:35:53 | Paired training classes: 9/14 | class ids [0, 1, 2, 6, 8, 9, 10, 12, 13]
2026-08-25 00:35:53 | VIS/IR pairing: class-level-unpaired | count-mismatch classes train/val: 10/2 | AIS alignment: none | AIS rows train/val: 0/0
2026-08-25 00:35:54 | Model parameters: total=17277714 | trainable=17120210
Starting run 8/12: domain=雾天, iteration=2, seed=49
2026-08-25 00:38:34 | Epoch 001/100 | loss 5.0935 | cls 5.1219 | tal -0.0948 | dual_g 0.0000 | dual_d 0.0000 | train_acc 0.0801 | train_full 0.0888 | val_acc 0.0985 | val_f1 0.0595 | grad(main/disc) 15.530/0.000 | lr(main/disc) 7.00e-05/3.50e-05 | 159.2s
2026-08-25 00:38:37 | New best val_f1_macro_present: 0.0595 at epoch 1
2026-08-25 00:40:53 | Epoch 002/100 | loss 4.2363 | cls 4.2514 | tal -0.0503 | dual_g 0.0000 | dual_d 0.0000 | train_acc 0.1543 | train_full 0.2505 | val_acc 0.2500 | val_f1 0.1474 | grad(main/disc) 12.471/0.000 | lr(main/disc) 7.00e-05/3.50e-05 | 135.4s
2026-08-25 00:40:56 | New best val_f1_macro_present: 0.1474 at epoch 2
2026-08-25 00:43:16 | Epoch 003/100 | loss 3.8691 | cls 3.8835 | tal -0.0480 | dual_g 0.0000 | dual_d 0.0000 | train_acc 0.1855 | train_full 0.3886 | val_acc 0.3409 | val_f1 0.1868 | grad(main/disc) 11.418/0.000 | lr(main/disc) 7.00e-05/3.50e-05 | 140.2s
2026-08-25 00:43:19 | New best val_f1_macro_present: 0.1868 at epoch 3
2026-08-25 00:46:45 | Epoch 004/100 | loss 3.5681 | cls 3.5866 | tal -0.0618 | dual_g 0.0000 | dual_d 0.0000 | train_acc 0.2090 | train_full 0.4458 | val_acc 0.4242 | val_f1 0.3041 | grad(main/disc) 10.628/0.000 | lr(main/disc) 7.00e-05/3.50e-05 | 205.4s
2026-08-25 00:46:48 | New best val_f1_macro_present: 0.3041 at epoch 4
2026-08-25 00:48:54 | Epoch 005/100 | loss 3.2705 | cls 3.2838 | tal -0.0440 | dual_g 0.0000 | dual_d 0.0000 | train_acc 0.2949 | train_full 0.5740 | val_acc 0.5530 | val_f1 0.4656 | grad(main/disc) 10.265/0.000 | lr(main/disc) 7.00e-05/3.50e-05 | 125.4s
2026-08-25 00:48:57 | New best val_f1_macro_present: 0.4656 at epoch 5
2026-08-25 00:51:20 | Epoch 006/100 | loss 3.3092 | cls 3.0678 | tal -0.0080 | dual_g 0.2437 | dual_d 0.8049 | train_acc 0.3516 | train_full 0.5483 | val_acc 0.5076 | val_f1 0.4374 | grad(main/disc) 10.284/1.606 | lr(main/disc) 7.00e-05/3.50e-05 | 142.8s
2026-08-25 00:55:00 | Epoch 007/100 | loss 3.4119 | cls 2.9675 | tal -0.0145 | dual_g 0.4487 | dual_d 0.7592 | train_acc 0.3809 | train_full 0.6312 | val_acc 0.5606 | val_f1 0.4888 | grad(main/disc) 10.521/1.518 | lr(main/disc) 7.00e-05/3.50e-05 | 220.8s
2026-08-25 00:55:04 | New best val_f1_macro_present: 0.4888 at epoch 7
2026-08-25 00:57:53 | Epoch 008/100 | loss 3.4858 | cls 2.8194 | tal 0.0624 | dual_g 0.6477 | dual_d 0.7725 | train_acc 0.4180 | train_full 0.7179 | val_acc 0.6894 | val_f1 0.6972 | grad(main/disc) 10.907/1.485 | lr(main/disc) 7.00e-05/3.50e-05 | 168.7s
2026-08-25 00:57:56 | New best val_f1_macro_present: 0.6972 at epoch 8
2026-08-25 01:01:02 | Epoch 009/100 | loss 3.5329 | cls 2.6833 | tal 0.0156 | dual_g 0.8449 | dual_d 0.7892 | train_acc 0.4863 | train_full 0.7396 | val_acc 0.7576 | val_f1 0.7613 | grad(main/disc) 11.511/1.495 | lr(main/disc) 7.00e-05/3.50e-05 | 186.0s
2026-08-25 01:01:05 | New best val_f1_macro_present: 0.7613 at epoch 9
2026-08-25 01:04:34 | Epoch 010/100 | loss 3.5294 | cls 2.5198 | tal 0.0327 | dual_g 0.9998 | dual_d 0.7589 | train_acc 0.5312 | train_full 0.7830 | val_acc 0.7652 | val_f1 0.7951 | grad(main/disc) 11.946/1.445 | lr(main/disc) 7.00e-05/3.50e-05 | 209.0s
2026-08-25 01:04:38 | New best val_f1_macro_present: 0.7951 at epoch 10
2026-08-25 01:07:07 | Epoch 011/100 | loss 3.6077 | cls 2.4414 | tal 0.0951 | dual_g 1.1378 | dual_d 0.7464 | train_acc 0.5684 | train_full 0.7337 | val_acc 0.7045 | val_f1 0.7022 | grad(main/disc) 11.993/1.452 | lr(main/disc) 7.00e-05/3.50e-05 | 149.1s
2026-08-25 01:10:44 | Epoch 012/100 | loss 3.6419 | cls 2.3339 | tal 0.1348 | dual_g 1.2676 | dual_d 0.7571 | train_acc 0.6211 | train_full 0.7594 | val_acc 0.7576 | val_f1 0.7651 | grad(main/disc) 13.174/1.439 | lr(main/disc) 7.00e-05/3.50e-05 | 216.9s
2026-08-25 01:13:35 | Epoch 013/100 | loss 3.7310 | cls 2.2550 | tal 0.0934 | dual_g 1.4480 | dual_d 0.7066 | train_acc 0.6250 | train_full 0.7949 | val_acc 0.8106 | val_f1 0.8045 | grad(main/disc) 13.279/1.324 | lr(main/disc) 7.00e-05/3.50e-05 | 170.9s
2026-08-25 01:13:38 | New best val_f1_macro_present: 0.8045 at epoch 13
2026-08-25 01:15:56 | Epoch 014/100 | loss 3.5865 | cls 2.0552 | tal 0.0954 | dual_g 1.5027 | dual_d 0.7223 | train_acc 0.7461 | train_full 0.8245 | val_acc 0.7955 | val_f1 0.7724 | grad(main/disc) 13.325/1.374 | lr(main/disc) 7.00e-05/3.50e-05 | 137.7s
2026-08-25 01:18:24 | Epoch 015/100 | loss 3.7178 | cls 2.0452 | tal 0.0994 | dual_g 1.6428 | dual_d 0.7409 | train_acc 0.6992 | train_full 0.8738 | val_acc 0.9015 | val_f1 0.9030 | grad(main/disc) 13.590/1.374 | lr(main/disc) 7.00e-05/3.50e-05 | 147.6s
2026-08-25 01:18:27 | New best val_f1_macro_present: 0.9030 at epoch 15
2026-08-25 01:20:12 | Epoch 016/100 | loss 3.5568 | cls 1.9877 | tal 0.1323 | dual_g 1.5294 | dual_d 0.7239 | train_acc 0.7363 | train_full 0.8718 | val_acc 0.8258 | val_f1 0.8286 | grad(main/disc) 14.295/1.268 | lr(main/disc) 7.00e-05/3.50e-05 | 105.1s
2026-08-25 01:21:58 | Epoch 017/100 | loss 3.5476 | cls 1.9569 | tal 0.0954 | dual_g 1.5621 | dual_d 0.7244 | train_acc 0.7227 | train_full 0.8738 | val_acc 0.9091 | val_f1 0.8815 | grad(main/disc) 15.372/1.270 | lr(main/disc) 7.00e-05/3.50e-05 | 105.7s
2026-08-25 01:23:43 | Epoch 018/100 | loss 3.4403 | cls 1.8838 | tal 0.0783 | dual_g 1.5330 | dual_d 0.7063 | train_acc 0.7578 | train_full 0.8757 | val_acc 0.8712 | val_f1 0.8423 | grad(main/disc) 14.244/1.234 | lr(main/disc) 7.00e-05/3.50e-05 | 104.8s
2026-08-25 01:25:31 | Epoch 019/100 | loss 3.3302 | cls 1.8441 | tal 0.0549 | dual_g 1.4696 | dual_d 0.7313 | train_acc 0.7793 | train_full 0.8698 | val_acc 0.8636 | val_f1 0.8654 | grad(main/disc) 13.586/1.257 | lr(main/disc) 7.00e-05/3.50e-05 | 108.0s
2026-08-25 01:27:15 | Epoch 020/100 | loss 3.2001 | cls 1.7666 | tal 0.0871 | dual_g 1.4073 | dual_d 0.7413 | train_acc 0.8047 | train_full 0.9231 | val_acc 0.9015 | val_f1 0.9134 | grad(main/disc) 12.877/1.303 | lr(main/disc) 7.00e-05/3.50e-05 | 104.4s
2026-08-25 01:27:18 | New best val_f1_macro_present: 0.9134 at epoch 20
2026-08-25 01:29:05 | Epoch 021/100 | loss 3.2320 | cls 1.7819 | tal 0.0856 | dual_g 1.4243 | dual_d 0.7291 | train_acc 0.8047 | train_full 0.9191 | val_acc 0.9015 | val_f1 0.9012 | grad(main/disc) 13.777/1.264 | lr(main/disc) 7.00e-05/3.50e-05 | 106.9s
2026-08-25 01:30:46 | Epoch 022/100 | loss 3.1365 | cls 1.7239 | tal 0.1436 | dual_g 1.3695 | dual_d 0.7365 | train_acc 0.8398 | train_full 0.9290 | val_acc 0.9394 | val_f1 0.9212 | grad(main/disc) 12.225/1.315 | lr(main/disc) 7.00e-05/3.50e-05 | 100.8s
2026-08-25 01:30:49 | New best val_f1_macro_present: 0.9212 at epoch 22
2026-08-25 01:32:37 | Epoch 023/100 | loss 3.0188 | cls 1.6707 | tal 0.0798 | dual_g 1.3241 | dual_d 0.7591 | train_acc 0.8535 | train_full 0.9270 | val_acc 0.9091 | val_f1 0.8950 | grad(main/disc) 10.643/1.295 | lr(main/disc) 7.00e-05/3.50e-05 | 107.5s
2026-08-25 01:34:20 | Epoch 024/100 | loss 2.9909 | cls 1.6556 | tal 0.0463 | dual_g 1.3214 | dual_d 0.7588 | train_acc 0.8574 | train_full 0.9369 | val_acc 0.9318 | val_f1 0.9262 | grad(main/disc) 11.618/1.239 | lr(main/disc) 7.00e-05/3.50e-05 | 103.6s
2026-08-25 01:34:23 | New best val_f1_macro_present: 0.9262 at epoch 24
2026-08-25 01:36:09 | Epoch 025/100 | loss 2.9598 | cls 1.6313 | tal 0.0990 | dual_g 1.2989 | dual_d 0.7828 | train_acc 0.8633 | train_full 0.9250 | val_acc 0.9242 | val_f1 0.9201 | grad(main/disc) 13.281/1.304 | lr(main/disc) 7.00e-05/3.50e-05 | 105.5s
2026-08-25 01:37:52 | Epoch 026/100 | loss 2.8855 | cls 1.5738 | tal 0.0646 | dual_g 1.2924 | dual_d 0.8201 | train_acc 0.8828 | train_full 0.9527 | val_acc 0.9545 | val_f1 0.9448 | grad(main/disc) 11.533/1.296 | lr(main/disc) 7.00e-05/3.50e-05 | 103.2s
2026-08-25 01:37:55 | New best val_f1_macro_present: 0.9448 at epoch 26
2026-08-25 01:39:44 | Epoch 027/100 | loss 2.8792 | cls 1.6023 | tal 0.0371 | dual_g 1.2658 | dual_d 0.7905 | train_acc 0.8828 | train_full 0.9467 | val_acc 0.9470 | val_f1 0.9468 | grad(main/disc) 11.333/1.256 | lr(main/disc) 7.00e-05/3.50e-05 | 108.5s
2026-08-25 01:39:47 | New best val_f1_macro_present: 0.9468 at epoch 27
2026-08-25 01:41:33 | Epoch 028/100 | loss 2.8068 | cls 1.5385 | tal 0.0703 | dual_g 1.2472 | dual_d 0.7828 | train_acc 0.9062 | train_full 0.9507 | val_acc 0.9470 | val_f1 0.9467 | grad(main/disc) 10.342/1.257 | lr(main/disc) 7.00e-05/3.50e-05 | 106.2s
2026-08-25 01:43:19 | Epoch 029/100 | loss 2.7330 | cls 1.5042 | tal 0.0467 | dual_g 1.2148 | dual_d 0.8130 | train_acc 0.9395 | train_full 0.9428 | val_acc 0.9697 | val_f1 0.9717 | grad(main/disc) 10.329/1.247 | lr(main/disc) 7.00e-05/3.50e-05 | 105.9s
2026-08-25 01:43:23 | New best val_f1_macro_present: 0.9717 at epoch 29
2026-08-25 01:45:09 | Epoch 030/100 | loss 2.7135 | cls 1.4963 | tal 0.0415 | dual_g 1.2048 | dual_d 0.7928 | train_acc 0.9043 | train_full 0.9566 | val_acc 0.9545 | val_f1 0.9335 | grad(main/disc) 11.125/1.197 | lr(main/disc) 7.00e-05/3.50e-05 | 106.3s
2026-08-25 01:46:53 | Epoch 031/100 | loss 2.7091 | cls 1.4917 | tal 0.0273 | dual_g 1.2092 | dual_d 0.8643 | train_acc 0.9414 | train_full 0.9645 | val_acc 0.9773 | val_f1 0.9687 | grad(main/disc) 10.690/1.282 | lr(main/disc) 7.00e-05/3.50e-05 | 104.2s
2026-08-25 01:48:41 | Epoch 032/100 | loss 2.6547 | cls 1.4576 | tal 0.0312 | dual_g 1.1877 | dual_d 0.7993 | train_acc 0.9453 | train_full 0.9172 | val_acc 0.9167 | val_f1 0.9116 | grad(main/disc) 9.169/1.189 | lr(main/disc) 7.00e-05/3.50e-05 | 107.6s
2026-08-25 01:50:26 | Epoch 033/100 | loss 2.6627 | cls 1.4658 | tal 0.0746 | dual_g 1.1746 | dual_d 0.8453 | train_acc 0.9199 | train_full 0.9566 | val_acc 0.9621 | val_f1 0.9483 | grad(main/disc) 10.163/1.208 | lr(main/disc) 7.00e-05/3.50e-05 | 105.0s
2026-08-25 01:52:11 | Epoch 034/100 | loss 2.6239 | cls 1.4619 | tal 0.0415 | dual_g 1.1495 | dual_d 0.8655 | train_acc 0.9492 | train_full 0.8659 | val_acc 0.8333 | val_f1 0.8273 | grad(main/disc) 9.644/1.183 | lr(main/disc) 7.00e-05/3.50e-05 | 104.9s
2026-08-25 01:53:56 | Epoch 035/100 | loss 2.5887 | cls 1.4439 | tal 0.0209 | dual_g 1.1386 | dual_d 0.8418 | train_acc 0.9375 | train_full 0.9645 | val_acc 0.9545 | val_f1 0.9550 | grad(main/disc) 8.867/1.150 | lr(main/disc) 7.00e-05/3.50e-05 | 104.9s
2026-08-25 01:55:41 | Epoch 036/100 | loss 2.5781 | cls 1.4390 | tal 0.0428 | dual_g 1.1263 | dual_d 0.8872 | train_acc 0.9570 | train_full 0.9783 | val_acc 0.9697 | val_f1 0.9628 | grad(main/disc) 8.158/1.220 | lr(main/disc) 3.50e-05/1.75e-05 | 105.6s
2026-08-25 01:57:24 | Epoch 037/100 | loss 2.5397 | cls 1.4156 | tal 0.0456 | dual_g 1.1104 | dual_d 0.8818 | train_acc 0.9531 | train_full 0.9822 | val_acc 0.9621 | val_f1 0.9585 | grad(main/disc) 7.341/1.236 | lr(main/disc) 3.50e-05/1.75e-05 | 102.8s
2026-08-25 01:59:08 | Epoch 038/100 | loss 2.4625 | cls 1.3663 | tal 0.0201 | dual_g 1.0902 | dual_d 0.8681 | train_acc 0.9785 | train_full 0.9724 | val_acc 0.9621 | val_f1 0.9588 | grad(main/disc) 6.674/1.177 | lr(main/disc) 3.50e-05/1.75e-05 | 103.9s
2026-08-25 01:59:08 | Early stopping at epoch 38 after 9 epochs without val_f1_macro_present improvement.
2026-08-25 01:59:08 | Training complete. Best validation accuracy: 0.9773 | best val_f1_macro_present: 0.9717
2026-08-25 01:59:08 | Starting Dual_D standalone training
2026-08-25 01:59:08 | Run directory: runs/module_c_ablation/module_c_20260824_171004/module_c_full_雾天_iter03_20260824_171005
2026-08-25 01:59:08 | Device: cuda
2026-08-25 01:59:08 | Source train samples: 992
2026-08-25 01:59:08 | Target train samples: 507
2026-08-25 01:59:08 | Target val samples: 132
2026-08-25 01:59:08 | Classes: 14
2026-08-25 01:59:08 | Data audit: same_dir=False | path_overlap(vis/ir/ais)=0/0/0 | content_overlap(vis/ir/ais)=0/0/0 | ais_index_overlap=0 | stem_mismatch(vis-ir/vis-ais)=630/0
2026-08-25 01:59:08 | source_train classes: present 14/14 | absent 0 | counts [0:120, 1:44, 2:69, 3:45, 4:40, 5:30, 6:64, 7:80, 8:116, 9:68, 10:57, 11:83, 12:48, 13:128]
2026-08-25 01:59:08 | target_train classes: present 9/14 | absent 5 | counts [0:35, 1:18, 2:119, 6:110, 8:25, 9:50, 10:48, 12:9, 13:93]
2026-08-25 01:59:08 | target_val classes: present 9/14 | absent 5 | counts [0:9, 1:5, 2:30, 6:28, 8:7, 9:13, 10:13, 12:3, 13:24]
2026-08-25 01:59:08 | Paired training classes: 9/14 | class ids [0, 1, 2, 6, 8, 9, 10, 12, 13]
2026-08-25 01:59:08 | VIS/IR pairing: class-level-unpaired | count-mismatch classes train/val: 10/2 | AIS alignment: none | AIS rows train/val: 0/0
2026-08-25 01:59:09 | Model parameters: total=17277714 | trainable=17120210
Starting run 9/12: domain=雾天, iteration=3, seed=50
2026-08-25 02:00:54 | Epoch 001/100 | loss 5.2335 | cls 5.2577 | tal -0.0806 | dual_g 0.0000 | dual_d 0.0000 | train_acc 0.0820 | train_full 0.0178 | val_acc 0.0379 | val_f1 0.0203 | grad(main/disc) 15.871/0.000 | lr(main/disc) 7.00e-05/3.50e-05 | 105.3s
2026-08-25 02:00:58 | New best val_f1_macro_present: 0.0203 at epoch 1
2026-08-25 02:02:43 | Epoch 002/100 | loss 4.2228 | cls 4.2995 | tal -0.2556 | dual_g 0.0000 | dual_d 0.0000 | train_acc 0.1660 | train_full 0.0927 | val_acc 0.0985 | val_f1 0.0622 | grad(main/disc) 12.862/0.000 | lr(main/disc) 7.00e-05/3.50e-05 | 105.5s
2026-08-25 02:02:46 | New best val_f1_macro_present: 0.0622 at epoch 2
2026-08-25 02:04:30 | Epoch 003/100 | loss 3.8227 | cls 3.8898 | tal -0.2238 | dual_g 0.0000 | dual_d 0.0000 | train_acc 0.1914 | train_full 0.1815 | val_acc 0.1894 | val_f1 0.1678 | grad(main/disc) 11.472/0.000 | lr(main/disc) 7.00e-05/3.50e-05 | 103.3s
2026-08-25 02:04:33 | New best val_f1_macro_present: 0.1678 at epoch 3
2026-08-25 02:06:19 | Epoch 004/100 | loss 3.5302 | cls 3.6389 | tal -0.3625 | dual_g 0.0000 | dual_d 0.0000 | train_acc 0.2227 | train_full 0.2742 | val_acc 0.2424 | val_f1 0.2285 | grad(main/disc) 10.574/0.000 | lr(main/disc) 7.00e-05/3.50e-05 | 106.5s
2026-08-25 02:06:23 | New best val_f1_macro_present: 0.2285 at epoch 4
2026-08-25 02:08:10 | Epoch 005/100 | loss 3.2927 | cls 3.4101 | tal -0.3914 | dual_g 0.0000 | dual_d 0.0000 | train_acc 0.3105 | train_full 0.3925 | val_acc 0.3258 | val_f1 0.3193 | grad(main/disc) 10.263/0.000 | lr(main/disc) 7.00e-05/3.50e-05 | 107.9s
2026-08-25 02:08:14 | New best val_f1_macro_present: 0.3193 at epoch 5
2026-08-25 02:09:58 | Epoch 006/100 | loss 3.3518 | cls 3.2027 | tal -0.3275 | dual_g 0.2474 | dual_d 0.7876 | train_acc 0.3203 | train_full 0.5089 | val_acc 0.4697 | val_f1 0.4326 | grad(main/disc) 10.130/1.667 | lr(main/disc) 7.00e-05/3.50e-05 | 104.1s
2026-08-25 02:10:01 | New best val_f1_macro_present: 0.4326 at epoch 6
2026-08-25 02:11:49 | Epoch 007/100 | loss 3.3627 | cls 2.9946 | tal -0.3254 | dual_g 0.4658 | dual_d 0.8060 | train_acc 0.3828 | train_full 0.5838 | val_acc 0.4848 | val_f1 0.5079 | grad(main/disc) 10.437/1.656 | lr(main/disc) 7.00e-05/3.50e-05 | 108.1s
2026-08-25 02:11:52 | New best val_f1_macro_present: 0.5079 at epoch 7
2026-08-25 02:13:39 | Epoch 008/100 | loss 3.3125 | cls 2.7550 | tal -0.2946 | dual_g 0.6458 | dual_d 0.7573 | train_acc 0.4336 | train_full 0.5483 | val_acc 0.4848 | val_f1 0.4612 | grad(main/disc) 10.073/1.604 | lr(main/disc) 7.00e-05/3.50e-05 | 106.6s
2026-08-25 02:15:21 | Epoch 009/100 | loss 3.4723 | cls 2.7084 | tal -0.2573 | dual_g 0.8411 | dual_d 0.7176 | train_acc 0.4551 | train_full 0.6036 | val_acc 0.5303 | val_f1 0.5294 | grad(main/disc) 11.105/1.503 | lr(main/disc) 7.00e-05/3.50e-05 | 102.4s
2026-08-25 02:15:25 | New best val_f1_macro_present: 0.5294 at epoch 9
2026-08-25 02:17:14 | Epoch 010/100 | loss 3.4575 | cls 2.5299 | tal -0.2467 | dual_g 1.0016 | dual_d 0.7111 | train_acc 0.5195 | train_full 0.6391 | val_acc 0.5606 | val_f1 0.5617 | grad(main/disc) 10.767/1.435 | lr(main/disc) 7.00e-05/3.50e-05 | 109.1s
2026-08-25 02:17:17 | New best val_f1_macro_present: 0.5617 at epoch 10
2026-08-25 02:19:03 | Epoch 011/100 | loss 3.5288 | cls 2.4450 | tal -0.2439 | dual_g 1.1570 | dual_d 0.7532 | train_acc 0.5254 | train_full 0.6864 | val_acc 0.6136 | val_f1 0.6288 | grad(main/disc) 11.944/1.475 | lr(main/disc) 7.00e-05/3.50e-05 | 105.9s
2026-08-25 02:19:06 | New best val_f1_macro_present: 0.6288 at epoch 11
2026-08-25 02:20:51 | Epoch 012/100 | loss 3.5273 | cls 2.3378 | tal -0.2994 | dual_g 1.2793 | dual_d 0.7480 | train_acc 0.5996 | train_full 0.7968 | val_acc 0.7955 | val_f1 0.7948 | grad(main/disc) 12.869/1.487 | lr(main/disc) 7.00e-05/3.50e-05 | 104.6s
2026-08-25 02:20:54 | New best val_f1_macro_present: 0.7948 at epoch 12
2026-08-25 02:22:39 | Epoch 013/100 | loss 3.5654 | cls 2.2664 | tal -0.3168 | dual_g 1.3941 | dual_d 0.7265 | train_acc 0.6445 | train_full 0.8087 | val_acc 0.7348 | val_f1 0.7786 | grad(main/disc) 12.657/1.390 | lr(main/disc) 7.00e-05/3.50e-05 | 105.6s
2026-08-25 02:24:24 | Epoch 014/100 | loss 3.5782 | cls 2.1479 | tal -0.3378 | dual_g 1.5317 | dual_d 0.6918 | train_acc 0.6660 | train_full 0.8205 | val_acc 0.7955 | val_f1 0.8111 | grad(main/disc) 12.223/1.363 | lr(main/disc) 7.00e-05/3.50e-05 | 104.2s
2026-08-25 02:24:27 | New best val_f1_macro_present: 0.8111 at epoch 14
2026-08-25 02:26:14 | Epoch 015/100 | loss 3.5376 | cls 1.9904 | tal -0.2848 | dual_g 1.6326 | dual_d 0.6790 | train_acc 0.7207 | train_full 0.8126 | val_acc 0.7879 | val_f1 0.8048 | grad(main/disc) 12.857/1.314 | lr(main/disc) 7.00e-05/3.50e-05 | 107.6s
2026-08-25 02:27:58 | Epoch 016/100 | loss 3.3965 | cls 1.9182 | tal -0.2216 | dual_g 1.5447 | dual_d 0.6920 | train_acc 0.7324 | train_full 0.8521 | val_acc 0.8333 | val_f1 0.8188 | grad(main/disc) 12.320/1.276 | lr(main/disc) 7.00e-05/3.50e-05 | 104.0s
2026-08-25 02:28:02 | New best val_f1_macro_present: 0.8188 at epoch 16
2026-08-25 02:29:45 | Epoch 017/100 | loss 3.2507 | cls 1.8260 | tal -0.2353 | dual_g 1.4953 | dual_d 0.7245 | train_acc 0.8008 | train_full 0.8935 | val_acc 0.8636 | val_f1 0.8569 | grad(main/disc) 12.561/1.330 | lr(main/disc) 7.00e-05/3.50e-05 | 103.2s
2026-08-25 02:29:48 | New best val_f1_macro_present: 0.8569 at epoch 17
2026-08-25 02:31:33 | Epoch 018/100 | loss 3.2765 | cls 1.8603 | tal -0.2003 | dual_g 1.4764 | dual_d 0.7157 | train_acc 0.7852 | train_full 0.8757 | val_acc 0.8258 | val_f1 0.8374 | grad(main/disc) 16.101/1.303 | lr(main/disc) 7.00e-05/3.50e-05 | 105.1s
2026-08-25 02:33:21 | Epoch 019/100 | loss 3.2244 | cls 1.8320 | tal -0.2000 | dual_g 1.4524 | dual_d 0.7002 | train_acc 0.8125 | train_full 0.8580 | val_acc 0.8106 | val_f1 0.8100 | grad(main/disc) 12.818/1.263 | lr(main/disc) 7.00e-05/3.50e-05 | 107.8s
2026-08-25 02:35:01 | Epoch 020/100 | loss 3.0754 | cls 1.7149 | tal -0.1969 | dual_g 1.4196 | dual_d 0.7350 | train_acc 0.8145 | train_full 0.9428 | val_acc 0.8788 | val_f1 0.8874 | grad(main/disc) 14.017/1.258 | lr(main/disc) 7.00e-05/3.50e-05 | 99.8s
2026-08-25 02:35:04 | New best val_f1_macro_present: 0.8874 at epoch 20
2026-08-25 02:36:45 | Epoch 021/100 | loss 3.0400 | cls 1.7303 | tal -0.2535 | dual_g 1.3857 | dual_d 0.7294 | train_acc 0.8301 | train_full 0.9073 | val_acc 0.8409 | val_f1 0.8454 | grad(main/disc) 12.524/1.275 | lr(main/disc) 7.00e-05/3.50e-05 | 100.5s
2026-08-25 02:38:26 | Epoch 022/100 | loss 2.8996 | cls 1.6340 | tal -0.2385 | dual_g 1.3371 | dual_d 0.7712 | train_acc 0.8672 | train_full 0.9191 | val_acc 0.8788 | val_f1 0.9017 | grad(main/disc) 11.346/1.307 | lr(main/disc) 7.00e-05/3.50e-05 | 101.9s
2026-08-25 02:38:30 | New best val_f1_macro_present: 0.9017 at epoch 22
2026-08-25 02:40:12 | Epoch 023/100 | loss 2.8845 | cls 1.6315 | tal -0.2517 | dual_g 1.3284 | dual_d 0.7587 | train_acc 0.8496 | train_full 0.9487 | val_acc 0.9167 | val_f1 0.9221 | grad(main/disc) 11.739/1.237 | lr(main/disc) 7.00e-05/3.50e-05 | 102.4s
2026-08-25 02:40:15 | New best val_f1_macro_present: 0.9221 at epoch 23
2026-08-25 02:42:01 | Epoch 024/100 | loss 2.7947 | cls 1.5659 | tal -0.1757 | dual_g 1.2814 | dual_d 0.7546 | train_acc 0.8867 | train_full 0.9704 | val_acc 0.9242 | val_f1 0.9325 | grad(main/disc) 10.018/1.251 | lr(main/disc) 7.00e-05/3.50e-05 | 105.5s
2026-08-25 02:42:04 | New best val_f1_macro_present: 0.9325 at epoch 24
2026-08-25 02:43:49 | Epoch 025/100 | loss 2.7867 | cls 1.5662 | tal -0.1629 | dual_g 1.2693 | dual_d 0.7653 | train_acc 0.8887 | train_full 0.9586 | val_acc 0.9091 | val_f1 0.8995 | grad(main/disc) 10.672/1.245 | lr(main/disc) 7.00e-05/3.50e-05 | 104.8s
2026-08-25 02:45:36 | Epoch 026/100 | loss 2.7469 | cls 1.5346 | tal -0.1040 | dual_g 1.2435 | dual_d 0.7983 | train_acc 0.9082 | train_full 0.9803 | val_acc 0.9394 | val_f1 0.9446 | grad(main/disc) 9.678/1.285 | lr(main/disc) 7.00e-05/3.50e-05 | 107.1s
2026-08-25 02:45:39 | New best val_f1_macro_present: 0.9446 at epoch 26
2026-08-25 02:47:25 | Epoch 027/100 | loss 2.7023 | cls 1.4992 | tal -0.1362 | dual_g 1.2440 | dual_d 0.8054 | train_acc 0.9121 | train_full 0.9704 | val_acc 0.9242 | val_f1 0.9171 | grad(main/disc) 11.841/1.277 | lr(main/disc) 7.00e-05/3.50e-05 | 106.4s
2026-08-25 02:49:07 | Epoch 028/100 | loss 2.6606 | cls 1.4895 | tal -0.1392 | dual_g 1.2129 | dual_d 0.8161 | train_acc 0.9258 | train_full 0.9329 | val_acc 0.8939 | val_f1 0.8889 | grad(main/disc) 10.371/1.263 | lr(main/disc) 7.00e-05/3.50e-05 | 101.5s
2026-08-25 02:50:55 | Epoch 029/100 | loss 2.6001 | cls 1.4667 | tal -0.1401 | dual_g 1.1754 | dual_d 0.8349 | train_acc 0.9414 | train_full 0.9684 | val_acc 0.9394 | val_f1 0.9376 | grad(main/disc) 8.958/1.284 | lr(main/disc) 7.00e-05/3.50e-05 | 108.4s
2026-08-25 02:52:38 | Epoch 030/100 | loss 2.6084 | cls 1.4666 | tal -0.1486 | dual_g 1.1863 | dual_d 0.8211 | train_acc 0.9336 | train_full 0.9724 | val_acc 0.9242 | val_f1 0.9185 | grad(main/disc) 10.694/1.242 | lr(main/disc) 7.00e-05/3.50e-05 | 103.1s
2026-08-25 02:54:23 | Epoch 031/100 | loss 2.5375 | cls 1.4341 | tal -0.1908 | dual_g 1.1607 | dual_d 0.8677 | train_acc 0.9473 | train_full 0.9290 | val_acc 0.8939 | val_f1 0.8983 | grad(main/disc) 9.575/1.270 | lr(main/disc) 7.00e-05/3.50e-05 | 104.8s
2026-08-25 02:56:05 | Epoch 032/100 | loss 2.5691 | cls 1.4565 | tal -0.1751 | dual_g 1.1651 | dual_d 0.8533 | train_acc 0.9316 | train_full 0.9822 | val_acc 0.9621 | val_f1 0.9695 | grad(main/disc) 10.115/1.245 | lr(main/disc) 7.00e-05/3.50e-05 | 102.1s
2026-08-25 02:56:08 | New best val_f1_macro_present: 0.9695 at epoch 32
2026-08-25 02:57:56 | Epoch 033/100 | loss 2.5211 | cls 1.4274 | tal -0.2212 | dual_g 1.1600 | dual_d 0.8821 | train_acc 0.9570 | train_full 0.9862 | val_acc 0.9621 | val_f1 0.9676 | grad(main/disc) 8.362/1.244 | lr(main/disc) 7.00e-05/3.50e-05 | 107.5s
2026-08-25 02:59:41 | Epoch 034/100 | loss 2.4761 | cls 1.4072 | tal -0.1966 | dual_g 1.1279 | dual_d 0.9057 | train_acc 0.9570 | train_full 0.9744 | val_acc 0.9242 | val_f1 0.9185 | grad(main/disc) 8.751/1.280 | lr(main/disc) 7.00e-05/3.50e-05 | 105.0s
2026-08-25 03:01:28 | Epoch 035/100 | loss 2.4556 | cls 1.3896 | tal -0.1755 | dual_g 1.1186 | dual_d 0.8780 | train_acc 0.9590 | train_full 0.9744 | val_acc 0.9545 | val_f1 0.9596 | grad(main/disc) 7.519/1.232 | lr(main/disc) 7.00e-05/3.50e-05 | 106.7s
2026-08-25 03:03:09 | Epoch 036/100 | loss 2.3930 | cls 1.3627 | tal -0.1896 | dual_g 1.0872 | dual_d 0.8545 | train_acc 0.9551 | train_full 0.9724 | val_acc 0.9394 | val_f1 0.9413 | grad(main/disc) 6.574/1.187 | lr(main/disc) 7.00e-05/3.50e-05 | 101.1s
2026-08-25 03:04:54 | Epoch 037/100 | loss 2.4467 | cls 1.3957 | tal -0.1344 | dual_g 1.0913 | dual_d 0.8756 | train_acc 0.9531 | train_full 0.9842 | val_acc 0.9394 | val_f1 0.9449 | grad(main/disc) 7.767/1.217 | lr(main/disc) 7.00e-05/3.50e-05 | 104.8s
2026-08-25 03:06:34 | Epoch 038/100 | loss 2.4392 | cls 1.3805 | tal -0.1343 | dual_g 1.0990 | dual_d 0.9635 | train_acc 0.9629 | train_full 0.9941 | val_acc 0.9621 | val_f1 0.9603 | grad(main/disc) 7.550/1.273 | lr(main/disc) 7.00e-05/3.50e-05 | 100.5s
2026-08-25 03:08:19 | Epoch 039/100 | loss 2.3957 | cls 1.3730 | tal -0.1786 | dual_g 1.0764 | dual_d 0.9280 | train_acc 0.9668 | train_full 0.9961 | val_acc 0.9697 | val_f1 0.9707 | grad(main/disc) 8.066/1.237 | lr(main/disc) 7.00e-05/3.50e-05 | 104.6s
2026-08-25 03:08:22 | New best val_f1_macro_present: 0.9707 at epoch 39
2026-08-25 03:10:05 | Epoch 040/100 | loss 2.3875 | cls 1.3632 | tal -0.1675 | dual_g 1.0746 | dual_d 0.9206 | train_acc 0.9609 | train_full 0.9803 | val_acc 0.9545 | val_f1 0.9471 | grad(main/disc) 7.066/1.201 | lr(main/disc) 7.00e-05/3.50e-05 | 103.3s
2026-08-25 03:11:45 | Epoch 041/100 | loss 2.3135 | cls 1.3262 | tal -0.1892 | dual_g 1.0440 | dual_d 0.9232 | train_acc 0.9805 | train_full 0.9724 | val_acc 0.9470 | val_f1 0.9349 | grad(main/disc) 5.773/1.216 | lr(main/disc) 7.00e-05/3.50e-05 | 99.5s
2026-08-25 03:13:29 | Epoch 042/100 | loss 2.3291 | cls 1.3348 | tal -0.1937 | dual_g 1.0524 | dual_d 0.9237 | train_acc 0.9883 | train_full 0.9822 | val_acc 0.9394 | val_f1 0.9332 | grad(main/disc) 6.600/1.209 | lr(main/disc) 7.00e-05/3.50e-05 | 104.7s
2026-08-25 03:15:14 | Epoch 043/100 | loss 2.3321 | cls 1.3365 | tal -0.1528 | dual_g 1.0414 | dual_d 0.9509 | train_acc 0.9805 | train_full 1.0000 | val_acc 0.9621 | val_f1 0.9586 | grad(main/disc) 5.375/1.188 | lr(main/disc) 7.00e-05/3.50e-05 | 105.2s
2026-08-25 03:16:57 | Epoch 044/100 | loss 2.3110 | cls 1.3224 | tal -0.1409 | dual_g 1.0309 | dual_d 0.9271 | train_acc 0.9824 | train_full 0.9921 | val_acc 0.9697 | val_f1 0.9686 | grad(main/disc) 5.228/1.138 | lr(main/disc) 7.00e-05/3.50e-05 | 102.3s
2026-08-25 03:18:40 | Epoch 045/100 | loss 2.2980 | cls 1.3107 | tal -0.1453 | dual_g 1.0309 | dual_d 0.9678 | train_acc 0.9785 | train_full 0.9921 | val_acc 0.9697 | val_f1 0.9728 | grad(main/disc) 5.382/1.181 | lr(main/disc) 7.00e-05/3.50e-05 | 103.1s
2026-08-25 03:18:43 | New best val_f1_macro_present: 0.9728 at epoch 45
2026-08-25 03:20:27 | Epoch 046/100 | loss 2.2795 | cls 1.3096 | tal -0.1731 | dual_g 1.0218 | dual_d 0.9646 | train_acc 0.9863 | train_full 0.9961 | val_acc 0.9621 | val_f1 0.9643 | grad(main/disc) 5.063/1.157 | lr(main/disc) 7.00e-05/3.50e-05 | 104.3s
2026-08-25 03:22:12 | Epoch 047/100 | loss 2.3152 | cls 1.3211 | tal -0.0646 | dual_g 1.0134 | dual_d 0.9738 | train_acc 0.9805 | train_full 0.9980 | val_acc 0.9773 | val_f1 0.9790 | grad(main/disc) 5.167/1.159 | lr(main/disc) 7.00e-05/3.50e-05 | 104.8s
2026-08-25 03:22:15 | New best val_f1_macro_present: 0.9790 at epoch 47
2026-08-25 03:24:01 | Epoch 048/100 | loss 2.3081 | cls 1.3248 | tal -0.0715 | dual_g 1.0047 | dual_d 0.9464 | train_acc 0.9844 | train_full 0.9961 | val_acc 0.9621 | val_f1 0.9606 | grad(main/disc) 6.560/1.148 | lr(main/disc) 7.00e-05/3.50e-05 | 105.4s
2026-08-25 03:25:44 | Epoch 049/100 | loss 2.3090 | cls 1.3132 | tal -0.0500 | dual_g 1.0107 | dual_d 0.9727 | train_acc 0.9844 | train_full 0.9980 | val_acc 0.9545 | val_f1 0.9604 | grad(main/disc) 5.793/1.135 | lr(main/disc) 7.00e-05/3.50e-05 | 103.5s
2026-08-25 03:27:31 | Epoch 050/100 | loss 2.2750 | cls 1.3056 | tal -0.1089 | dual_g 1.0020 | dual_d 0.9339 | train_acc 0.9902 | train_full 0.9882 | val_acc 0.9697 | val_f1 0.9686 | grad(main/disc) 4.793/1.091 | lr(main/disc) 7.00e-05/3.50e-05 | 107.2s
2026-08-25 03:29:10 | Epoch 051/100 | loss 2.2384 | cls 1.3010 | tal -0.1632 | dual_g 0.9864 | dual_d 0.9628 | train_acc 0.9883 | train_full 0.9980 | val_acc 0.9621 | val_f1 0.9690 | grad(main/disc) 4.266/1.107 | lr(main/disc) 7.00e-05/3.50e-05 | 98.1s
2026-08-25 03:30:57 | Epoch 052/100 | loss 2.2207 | cls 1.2882 | tal -0.1632 | dual_g 0.9814 | dual_d 0.9917 | train_acc 0.9863 | train_full 0.9980 | val_acc 0.9621 | val_f1 0.9643 | grad(main/disc) 3.778/1.148 | lr(main/disc) 7.00e-05/3.50e-05 | 107.2s
2026-08-25 03:32:43 | Epoch 053/100 | loss 2.2251 | cls 1.2890 | tal -0.1022 | dual_g 0.9668 | dual_d 0.9934 | train_acc 0.9863 | train_full 1.0000 | val_acc 0.9697 | val_f1 0.9728 | grad(main/disc) 4.036/1.119 | lr(main/disc) 7.00e-05/3.50e-05 | 106.0s
2026-08-25 03:34:29 | Epoch 054/100 | loss 2.2150 | cls 1.2862 | tal -0.1349 | dual_g 0.9692 | dual_d 0.9740 | train_acc 0.9863 | train_full 0.9980 | val_acc 0.9621 | val_f1 0.9690 | grad(main/disc) 4.051/1.139 | lr(main/disc) 3.50e-05/1.75e-05 | 106.3s
2026-08-25 03:36:13 | Epoch 055/100 | loss 2.2189 | cls 1.2828 | tal -0.0820 | dual_g 0.9607 | dual_d 1.0111 | train_acc 0.9883 | train_full 0.9980 | val_acc 0.9621 | val_f1 0.9670 | grad(main/disc) 3.834/1.139 | lr(main/disc) 3.50e-05/1.75e-05 | 103.6s
2026-08-25 03:38:00 | Epoch 056/100 | loss 2.2122 | cls 1.2750 | tal -0.1079 | dual_g 0.9695 | dual_d 1.0266 | train_acc 0.9922 | train_full 0.9980 | val_acc 0.9697 | val_f1 0.9728 | grad(main/disc) 3.953/1.164 | lr(main/disc) 3.50e-05/1.75e-05 | 106.9s
2026-08-25 03:38:00 | Early stopping at epoch 56 after 9 epochs without val_f1_macro_present improvement.
2026-08-25 03:38:00 | Training complete. Best validation accuracy: 0.9773 | best val_f1_macro_present: 0.9790
2026-08-25 03:38:00 | Starting Dual_D standalone training
2026-08-25 03:38:00 | Run directory: runs/module_c_ablation/module_c_20260824_171004/module_c_full_雨天_iter01_20260824_171005
2026-08-25 03:38:00 | Device: cuda
2026-08-25 03:38:00 | Source train samples: 992
2026-08-25 03:38:00 | Target train samples: 96
2026-08-25 03:38:00 | Target val samples: 26
2026-08-25 03:38:00 | Classes: 14
2026-08-25 03:38:00 | Data audit: same_dir=False | path_overlap(vis/ir/ais)=0/0/0 | content_overlap(vis/ir/ais)=0/0/0 | ais_index_overlap=0 | stem_mismatch(vis-ir/vis-ais)=117/0
2026-08-25 03:38:00 | source_train classes: present 14/14 | absent 0 | counts [0:120, 1:44, 2:69, 3:45, 4:40, 5:30, 6:64, 7:80, 8:116, 9:68, 10:57, 11:83, 12:48, 13:128]
2026-08-25 03:38:00 | target_train classes: present 6/14 | absent 8 | counts [0:7, 2:19, 9:32, 10:12, 11:6, 13:20]
2026-08-25 03:38:00 | target_val classes: present 6/14 | absent 8 | counts [0:2, 2:5, 9:8, 10:4, 11:2, 13:5]
2026-08-25 03:38:00 | Paired training classes: 6/14 | class ids [0, 2, 9, 10, 11, 13]
2026-08-25 03:38:00 | VIS/IR pairing: class-level-unpaired | count-mismatch classes train/val: 10/0 | AIS alignment: none | AIS rows train/val: 0/0
2026-08-25 03:38:00 | Model parameters: total=17277714 | trainable=17120210
Starting run 10/12: domain=雨天, iteration=1, seed=51
2026-08-25 03:38:53 | Epoch 001/100 | loss 5.4401 | cls 5.4459 | tal -0.0194 | dual_g 0.0000 | dual_d 0.0000 | train_acc 0.0781 | train_full 0.1146 | val_acc 0.1538 | val_f1 0.1778 | grad(main/disc) 18.242/0.000 | lr(main/disc) 7.00e-05/3.50e-05 | 52.7s
2026-08-25 03:38:56 | New best val_f1_macro_present: 0.1778 at epoch 1
2026-08-25 03:39:52 | Epoch 002/100 | loss 4.3330 | cls 4.3229 | tal 0.0336 | dual_g 0.0000 | dual_d 0.0000 | train_acc 0.1719 | train_full 0.2083 | val_acc 0.2308 | val_f1 0.1389 | grad(main/disc) 14.787/0.000 | lr(main/disc) 7.00e-05/3.50e-05 | 55.7s
2026-08-25 03:40:49 | Epoch 003/100 | loss 3.7957 | cls 3.7799 | tal 0.0525 | dual_g 0.0000 | dual_d 0.0000 | train_acc 0.2617 | train_full 0.2292 | val_acc 0.1923 | val_f1 0.0877 | grad(main/disc) 12.653/0.000 | lr(main/disc) 7.00e-05/3.50e-05 | 57.2s
2026-08-25 03:41:45 | Epoch 004/100 | loss 3.4668 | cls 3.4649 | tal 0.0060 | dual_g 0.0000 | dual_d 0.0000 | train_acc 0.3398 | train_full 0.2188 | val_acc 0.2308 | val_f1 0.1752 | grad(main/disc) 11.507/0.000 | lr(main/disc) 7.00e-05/3.50e-05 | 55.9s
2026-08-25 03:42:39 | Epoch 005/100 | loss 3.1882 | cls 3.2041 | tal -0.0528 | dual_g 0.0000 | dual_d 0.0000 | train_acc 0.3789 | train_full 0.2083 | val_acc 0.2308 | val_f1 0.1204 | grad(main/disc) 10.479/0.000 | lr(main/disc) 7.00e-05/3.50e-05 | 54.2s
2026-08-25 03:43:35 | Epoch 006/100 | loss 3.0541 | cls 2.8760 | tal -0.1394 | dual_g 0.2199 | dual_d 0.8361 | train_acc 0.5195 | train_full 0.2812 | val_acc 0.3077 | val_f1 0.1963 | grad(main/disc) 9.941/1.857 | lr(main/disc) 7.00e-05/3.50e-05 | 55.4s
2026-08-25 03:43:38 | New best val_f1_macro_present: 0.1963 at epoch 6
2026-08-25 03:44:33 | Epoch 007/100 | loss 3.0188 | cls 2.6697 | tal -0.1828 | dual_g 0.4040 | dual_d 0.8283 | train_acc 0.5312 | train_full 0.2708 | val_acc 0.2692 | val_f1 0.1761 | grad(main/disc) 9.757/1.901 | lr(main/disc) 7.00e-05/3.50e-05 | 55.0s
2026-08-25 03:45:26 | Epoch 008/100 | loss 3.0580 | cls 2.4965 | tal -0.1409 | dual_g 0.6038 | dual_d 0.8601 | train_acc 0.6094 | train_full 0.2917 | val_acc 0.3077 | val_f1 0.2106 | grad(main/disc) 9.466/1.845 | lr(main/disc) 7.00e-05/3.50e-05 | 53.3s
2026-08-25 03:45:29 | New best val_f1_macro_present: 0.2106 at epoch 8
2026-08-25 03:46:27 | Epoch 009/100 | loss 3.0713 | cls 2.3939 | tal -0.1457 | dual_g 0.7212 | dual_d 0.8240 | train_acc 0.5742 | train_full 0.4271 | val_acc 0.3462 | val_f1 0.2980 | grad(main/disc) 9.478/1.825 | lr(main/disc) 7.00e-05/3.50e-05 | 57.6s
2026-08-25 03:46:30 | New best val_f1_macro_present: 0.2980 at epoch 9
2026-08-25 03:47:26 | Epoch 010/100 | loss 3.0936 | cls 2.2710 | tal -0.1204 | dual_g 0.8588 | dual_d 0.8184 | train_acc 0.6758 | train_full 0.6354 | val_acc 0.5000 | val_f1 0.4179 | grad(main/disc) 9.351/1.739 | lr(main/disc) 7.00e-05/3.50e-05 | 56.1s
2026-08-25 03:47:29 | New best val_f1_macro_present: 0.4179 at epoch 10
2026-08-25 03:48:23 | Epoch 011/100 | loss 3.1792 | cls 2.1649 | tal -0.0813 | dual_g 1.0387 | dual_d 0.7922 | train_acc 0.8086 | train_full 0.6771 | val_acc 0.5385 | val_f1 0.4384 | grad(main/disc) 9.628/1.645 | lr(main/disc) 7.00e-05/3.50e-05 | 54.0s
2026-08-25 03:48:26 | New best val_f1_macro_present: 0.4384 at epoch 11
2026-08-25 03:49:22 | Epoch 012/100 | loss 3.0794 | cls 2.0012 | tal -0.0880 | dual_g 1.1046 | dual_d 0.8050 | train_acc 0.7773 | train_full 0.5521 | val_acc 0.5000 | val_f1 0.4002 | grad(main/disc) 10.425/1.677 | lr(main/disc) 7.00e-05/3.50e-05 | 56.4s
2026-08-25 03:50:14 | Epoch 013/100 | loss 3.0187 | cls 1.8410 | tal -0.0761 | dual_g 1.2006 | dual_d 0.8001 | train_acc 0.7969 | train_full 0.6771 | val_acc 0.6154 | val_f1 0.5273 | grad(main/disc) 10.110/1.686 | lr(main/disc) 7.00e-05/3.50e-05 | 52.1s
2026-08-25 03:50:17 | New best val_f1_macro_present: 0.5273 at epoch 13
2026-08-25 03:51:12 | Epoch 014/100 | loss 3.1216 | cls 1.8704 | tal -0.0919 | dual_g 1.2787 | dual_d 0.7767 | train_acc 0.8281 | train_full 0.6146 | val_acc 0.5769 | val_f1 0.4847 | grad(main/disc) 11.921/1.546 | lr(main/disc) 7.00e-05/3.50e-05 | 54.4s
2026-08-25 03:52:03 | Epoch 015/100 | loss 3.2002 | cls 1.7691 | tal -0.0732 | dual_g 1.4530 | dual_d 0.7293 | train_acc 0.8242 | train_full 0.4896 | val_acc 0.4615 | val_f1 0.4651 | grad(main/disc) 11.996/1.518 | lr(main/disc) 7.00e-05/3.50e-05 | 51.2s
2026-08-25 03:52:58 | Epoch 016/100 | loss 2.9318 | cls 1.6023 | tal -0.0451 | dual_g 1.3430 | dual_d 0.7312 | train_acc 0.9062 | train_full 0.6875 | val_acc 0.6538 | val_f1 0.6545 | grad(main/disc) 10.013/1.532 | lr(main/disc) 7.00e-05/3.50e-05 | 54.8s
2026-08-25 03:53:01 | New best val_f1_macro_present: 0.6545 at epoch 16
2026-08-25 03:53:55 | Epoch 017/100 | loss 2.9319 | cls 1.6171 | tal -0.0293 | dual_g 1.3236 | dual_d 0.7380 | train_acc 0.9023 | train_full 0.6875 | val_acc 0.5769 | val_f1 0.5911 | grad(main/disc) 9.618/1.516 | lr(main/disc) 7.00e-05/3.50e-05 | 54.3s
2026-08-25 03:54:51 | Epoch 018/100 | loss 2.8731 | cls 1.5970 | tal -0.0728 | dual_g 1.2979 | dual_d 0.7664 | train_acc 0.9297 | train_full 0.7917 | val_acc 0.7308 | val_f1 0.7648 | grad(main/disc) 11.431/1.543 | lr(main/disc) 7.00e-05/3.50e-05 | 56.2s
2026-08-25 03:54:54 | New best val_f1_macro_present: 0.7648 at epoch 18
2026-08-25 03:55:46 | Epoch 019/100 | loss 2.7547 | cls 1.5459 | tal -0.0911 | dual_g 1.2361 | dual_d 0.7889 | train_acc 0.9180 | train_full 0.5938 | val_acc 0.6154 | val_f1 0.6527 | grad(main/disc) 10.721/1.603 | lr(main/disc) 7.00e-05/3.50e-05 | 51.7s
2026-08-25 03:56:41 | Epoch 020/100 | loss 2.9086 | cls 1.6039 | tal 0.0022 | dual_g 1.3040 | dual_d 0.7641 | train_acc 0.8867 | train_full 0.7917 | val_acc 0.7692 | val_f1 0.7718 | grad(main/disc) 12.293/1.521 | lr(main/disc) 7.00e-05/3.50e-05 | 54.9s
2026-08-25 03:56:44 | New best val_f1_macro_present: 0.7718 at epoch 20
2026-08-25 03:57:35 | Epoch 021/100 | loss 2.7492 | cls 1.5440 | tal -0.0508 | dual_g 1.2205 | dual_d 0.7590 | train_acc 0.9297 | train_full 0.7812 | val_acc 0.7308 | val_f1 0.7370 | grad(main/disc) 10.633/1.515 | lr(main/disc) 7.00e-05/3.50e-05 | 51.4s
2026-08-25 03:58:30 | Epoch 022/100 | loss 2.7481 | cls 1.5543 | tal -0.0018 | dual_g 1.1943 | dual_d 0.7769 | train_acc 0.9531 | train_full 0.6979 | val_acc 0.6154 | val_f1 0.6106 | grad(main/disc) 9.254/1.528 | lr(main/disc) 7.00e-05/3.50e-05 | 54.1s
2026-08-25 03:59:25 | Epoch 023/100 | loss 2.6894 | cls 1.4968 | tal -0.0052 | dual_g 1.1942 | dual_d 0.7639 | train_acc 0.9727 | train_full 0.8125 | val_acc 0.5385 | val_f1 0.5509 | grad(main/disc) 7.718/1.528 | lr(main/disc) 7.00e-05/3.50e-05 | 55.6s
2026-08-25 04:00:18 | Epoch 024/100 | loss 2.7399 | cls 1.5139 | tal 0.0790 | dual_g 1.2024 | dual_d 0.7680 | train_acc 0.9570 | train_full 0.8021 | val_acc 0.7308 | val_f1 0.7285 | grad(main/disc) 11.345/1.487 | lr(main/disc) 7.00e-05/3.50e-05 | 52.8s
2026-08-25 04:01:12 | Epoch 025/100 | loss 2.6641 | cls 1.4842 | tal 0.0315 | dual_g 1.1704 | dual_d 0.7689 | train_acc 0.9766 | train_full 0.7083 | val_acc 0.5769 | val_f1 0.5867 | grad(main/disc) 8.816/1.506 | lr(main/disc) 7.00e-05/3.50e-05 | 54.3s
2026-08-25 04:02:09 | Epoch 026/100 | loss 2.6488 | cls 1.4564 | tal 0.0423 | dual_g 1.1797 | dual_d 0.8167 | train_acc 0.9766 | train_full 0.8229 | val_acc 0.6923 | val_f1 0.6983 | grad(main/disc) 8.626/1.510 | lr(main/disc) 7.00e-05/3.50e-05 | 57.0s
2026-08-25 04:03:05 | Epoch 027/100 | loss 2.5898 | cls 1.4355 | tal 0.0141 | dual_g 1.1501 | dual_d 0.8013 | train_acc 0.9609 | train_full 0.8958 | val_acc 0.8846 | val_f1 0.8870 | grad(main/disc) 6.502/1.509 | lr(main/disc) 7.00e-05/3.50e-05 | 55.5s
2026-08-25 04:03:08 | New best val_f1_macro_present: 0.8870 at epoch 27
2026-08-25 04:04:00 | Epoch 028/100 | loss 2.4960 | cls 1.3982 | tal -0.0436 | dual_g 1.1110 | dual_d 0.8673 | train_acc 0.9883 | train_full 0.8958 | val_acc 0.8846 | val_f1 0.8836 | grad(main/disc) 6.289/1.535 | lr(main/disc) 7.00e-05/3.50e-05 | 52.1s
2026-08-25 04:04:52 | Epoch 029/100 | loss 2.4668 | cls 1.3821 | tal -0.0876 | dual_g 1.1110 | dual_d 0.8262 | train_acc 0.9844 | train_full 0.8958 | val_acc 0.8462 | val_f1 0.8531 | grad(main/disc) 7.224/1.548 | lr(main/disc) 7.00e-05/3.50e-05 | 52.3s
2026-08-25 04:05:45 | Epoch 030/100 | loss 2.4381 | cls 1.3721 | tal -0.1071 | dual_g 1.0981 | dual_d 0.8443 | train_acc 0.9805 | train_full 0.9479 | val_acc 0.8462 | val_f1 0.8564 | grad(main/disc) 8.885/1.523 | lr(main/disc) 7.00e-05/3.50e-05 | 53.0s
2026-08-25 04:06:40 | Epoch 031/100 | loss 2.3976 | cls 1.3738 | tal -0.1607 | dual_g 1.0721 | dual_d 0.8516 | train_acc 0.9883 | train_full 0.8646 | val_acc 0.8077 | val_f1 0.7854 | grad(main/disc) 6.718/1.584 | lr(main/disc) 7.00e-05/3.50e-05 | 55.2s
2026-08-25 04:07:36 | Epoch 032/100 | loss 2.4115 | cls 1.3806 | tal -0.1154 | dual_g 1.0655 | dual_d 0.8450 | train_acc 0.9922 | train_full 0.7917 | val_acc 0.6538 | val_f1 0.6604 | grad(main/disc) 8.649/1.514 | lr(main/disc) 7.00e-05/3.50e-05 | 55.4s
2026-08-25 04:08:32 | Epoch 033/100 | loss 2.4720 | cls 1.4194 | tal -0.1448 | dual_g 1.0960 | dual_d 0.8978 | train_acc 0.9727 | train_full 0.9167 | val_acc 0.8846 | val_f1 0.9092 | grad(main/disc) 9.520/1.574 | lr(main/disc) 7.00e-05/3.50e-05 | 56.0s
2026-08-25 04:08:35 | New best val_f1_macro_present: 0.9092 at epoch 33
2026-08-25 04:09:26 | Epoch 034/100 | loss 2.4399 | cls 1.3816 | tal -0.0926 | dual_g 1.0860 | dual_d 0.9419 | train_acc 1.0000 | train_full 0.8854 | val_acc 0.9615 | val_f1 0.9663 | grad(main/disc) 8.053/1.603 | lr(main/disc) 7.00e-05/3.50e-05 | 51.6s
2026-08-25 04:09:29 | New best val_f1_macro_present: 0.9663 at epoch 34
2026-08-25 04:10:25 | Epoch 035/100 | loss 2.3879 | cls 1.3605 | tal -0.0900 | dual_g 1.0544 | dual_d 0.8880 | train_acc 0.9805 | train_full 0.9375 | val_acc 0.8462 | val_f1 0.8538 | grad(main/disc) 6.644/1.498 | lr(main/disc) 7.00e-05/3.50e-05 | 55.4s
2026-08-25 04:11:21 | Epoch 036/100 | loss 2.4055 | cls 1.3762 | tal -0.0861 | dual_g 1.0552 | dual_d 0.9048 | train_acc 0.9727 | train_full 0.9062 | val_acc 0.8462 | val_f1 0.8875 | grad(main/disc) 10.243/1.502 | lr(main/disc) 7.00e-05/3.50e-05 | 55.8s
2026-08-25 04:12:14 | Epoch 037/100 | loss 2.3891 | cls 1.3663 | tal -0.0872 | dual_g 1.0489 | dual_d 0.9165 | train_acc 0.9844 | train_full 0.9375 | val_acc 0.8846 | val_f1 0.9161 | grad(main/disc) 9.369/1.516 | lr(main/disc) 7.00e-05/3.50e-05 | 52.9s
2026-08-25 04:13:08 | Epoch 038/100 | loss 2.3793 | cls 1.3701 | tal -0.0885 | dual_g 1.0357 | dual_d 0.9111 | train_acc 0.9805 | train_full 0.9167 | val_acc 0.8077 | val_f1 0.8188 | grad(main/disc) 6.532/1.547 | lr(main/disc) 7.00e-05/3.50e-05 | 55.0s
2026-08-25 04:14:03 | Epoch 039/100 | loss 2.3288 | cls 1.3386 | tal -0.1041 | dual_g 1.0214 | dual_d 0.8958 | train_acc 0.9922 | train_full 0.9271 | val_acc 0.9615 | val_f1 0.9663 | grad(main/disc) 6.750/1.478 | lr(main/disc) 7.00e-05/3.50e-05 | 55.0s
2026-08-25 04:14:53 | Epoch 040/100 | loss 2.3254 | cls 1.3386 | tal -0.0714 | dual_g 1.0083 | dual_d 0.9294 | train_acc 0.9883 | train_full 0.7812 | val_acc 0.7308 | val_f1 0.7386 | grad(main/disc) 5.443/1.493 | lr(main/disc) 7.00e-05/3.50e-05 | 50.0s
2026-08-25 04:15:46 | Epoch 041/100 | loss 2.3461 | cls 1.3313 | tal -0.0558 | dual_g 1.0315 | dual_d 0.9391 | train_acc 0.9844 | train_full 0.9375 | val_acc 0.9231 | val_f1 0.9219 | grad(main/disc) 6.470/1.501 | lr(main/disc) 3.50e-05/1.75e-05 | 52.3s
2026-08-25 04:16:41 | Epoch 042/100 | loss 2.3286 | cls 1.3198 | tal -0.0495 | dual_g 1.0237 | dual_d 0.8993 | train_acc 0.9961 | train_full 0.9688 | val_acc 0.9231 | val_f1 0.9219 | grad(main/disc) 4.945/1.448 | lr(main/disc) 3.50e-05/1.75e-05 | 55.0s
2026-08-25 04:17:36 | Epoch 043/100 | loss 2.3137 | cls 1.3253 | tal -0.0422 | dual_g 1.0011 | dual_d 0.9307 | train_acc 0.9922 | train_full 0.9375 | val_acc 0.9231 | val_f1 0.9219 | grad(main/disc) 5.495/1.475 | lr(main/disc) 3.50e-05/1.75e-05 | 55.4s
2026-08-25 04:17:36 | Early stopping at epoch 43 after 9 epochs without val_f1_macro_present improvement.
2026-08-25 04:17:36 | Training complete. Best validation accuracy: 0.9615 | best val_f1_macro_present: 0.9663
2026-08-25 04:17:36 | Starting Dual_D standalone training
2026-08-25 04:17:36 | Run directory: runs/module_c_ablation/module_c_20260824_171004/module_c_full_雨天_iter02_20260824_171005
2026-08-25 04:17:36 | Device: cuda
2026-08-25 04:17:36 | Source train samples: 992
2026-08-25 04:17:36 | Target train samples: 96
2026-08-25 04:17:36 | Target val samples: 26
2026-08-25 04:17:36 | Classes: 14
2026-08-25 04:17:36 | Data audit: same_dir=False | path_overlap(vis/ir/ais)=0/0/0 | content_overlap(vis/ir/ais)=0/0/0 | ais_index_overlap=0 | stem_mismatch(vis-ir/vis-ais)=117/0
2026-08-25 04:17:36 | source_train classes: present 14/14 | absent 0 | counts [0:120, 1:44, 2:69, 3:45, 4:40, 5:30, 6:64, 7:80, 8:116, 9:68, 10:57, 11:83, 12:48, 13:128]
2026-08-25 04:17:36 | target_train classes: present 6/14 | absent 8 | counts [0:7, 2:19, 9:32, 10:12, 11:6, 13:20]
2026-08-25 04:17:36 | target_val classes: present 6/14 | absent 8 | counts [0:2, 2:5, 9:8, 10:4, 11:2, 13:5]
2026-08-25 04:17:36 | Paired training classes: 6/14 | class ids [0, 2, 9, 10, 11, 13]
2026-08-25 04:17:36 | VIS/IR pairing: class-level-unpaired | count-mismatch classes train/val: 10/0 | AIS alignment: none | AIS rows train/val: 0/0
2026-08-25 04:17:37 | Model parameters: total=17277714 | trainable=17120210
Starting run 11/12: domain=雨天, iteration=2, seed=52
2026-08-25 04:18:35 | Epoch 001/100 | loss 5.1846 | cls 5.1743 | tal 0.0343 | dual_g 0.0000 | dual_d 0.0000 | train_acc 0.1055 | train_full 0.3333 | val_acc 0.2308 | val_f1 0.0833 | grad(main/disc) 17.945/0.000 | lr(main/disc) 7.00e-05/3.50e-05 | 58.0s
2026-08-25 04:18:38 | New best val_f1_macro_present: 0.0833 at epoch 1
2026-08-25 04:19:32 | Epoch 002/100 | loss 4.3442 | cls 4.3474 | tal -0.0106 | dual_g 0.0000 | dual_d 0.0000 | train_acc 0.2305 | train_full 0.3333 | val_acc 0.1538 | val_f1 0.1513 | grad(main/disc) 15.628/0.000 | lr(main/disc) 7.00e-05/3.50e-05 | 54.1s
2026-08-25 04:19:35 | New best val_f1_macro_present: 0.1513 at epoch 2
2026-08-25 04:20:29 | Epoch 003/100 | loss 3.6418 | cls 3.6503 | tal -0.0282 | dual_g 0.0000 | dual_d 0.0000 | train_acc 0.3438 | train_full 0.2292 | val_acc 0.1154 | val_f1 0.1333 | grad(main/disc) 13.221/0.000 | lr(main/disc) 7.00e-05/3.50e-05 | 54.2s
2026-08-25 04:21:23 | Epoch 004/100 | loss 3.3040 | cls 3.3360 | tal -0.1069 | dual_g 0.0000 | dual_d 0.0000 | train_acc 0.3711 | train_full 0.2292 | val_acc 0.2308 | val_f1 0.1605 | grad(main/disc) 12.003/0.000 | lr(main/disc) 7.00e-05/3.50e-05 | 53.6s
2026-08-25 04:21:26 | New best val_f1_macro_present: 0.1605 at epoch 4
2026-08-25 04:22:18 | Epoch 005/100 | loss 3.1171 | cls 3.1547 | tal -0.1255 | dual_g 0.0000 | dual_d 0.0000 | train_acc 0.4023 | train_full 0.2917 | val_acc 0.3077 | val_f1 0.2530 | grad(main/disc) 11.276/0.000 | lr(main/disc) 7.00e-05/3.50e-05 | 51.8s
2026-08-25 04:22:21 | New best val_f1_macro_present: 0.2530 at epoch 5
2026-08-25 04:23:14 | Epoch 006/100 | loss 3.0094 | cls 2.8108 | tal -0.0444 | dual_g 0.2119 | dual_d 0.9201 | train_acc 0.5820 | train_full 0.2500 | val_acc 0.3846 | val_f1 0.2804 | grad(main/disc) 10.523/1.822 | lr(main/disc) 7.00e-05/3.50e-05 | 53.2s
2026-08-25 04:23:17 | New best val_f1_macro_present: 0.2804 at epoch 6
2026-08-25 04:24:10 | Epoch 007/100 | loss 3.0535 | cls 2.6589 | tal 0.0064 | dual_g 0.3927 | dual_d 0.9335 | train_acc 0.5820 | train_full 0.3125 | val_acc 0.4231 | val_f1 0.3212 | grad(main/disc) 10.169/1.787 | lr(main/disc) 7.00e-05/3.50e-05 | 53.0s
2026-08-25 04:24:13 | New best val_f1_macro_present: 0.3212 at epoch 7
2026-08-25 04:25:03 | Epoch 008/100 | loss 3.2188 | cls 2.6411 | tal 0.0261 | dual_g 0.5698 | dual_d 0.9047 | train_acc 0.5898 | train_full 0.3750 | val_acc 0.3846 | val_f1 0.2804 | grad(main/disc) 10.645/1.796 | lr(main/disc) 7.00e-05/3.50e-05 | 49.9s
2026-08-25 04:25:56 | Epoch 009/100 | loss 3.2255 | cls 2.4767 | tal 0.0889 | dual_g 0.7221 | dual_d 0.8479 | train_acc 0.6758 | train_full 0.5312 | val_acc 0.4615 | val_f1 0.3840 | grad(main/disc) 10.955/1.793 | lr(main/disc) 7.00e-05/3.50e-05 | 53.6s
2026-08-25 04:25:59 | New best val_f1_macro_present: 0.3840 at epoch 9
2026-08-25 04:26:56 | Epoch 010/100 | loss 3.0840 | cls 2.1891 | tal 0.0887 | dual_g 0.8683 | dual_d 0.8761 | train_acc 0.6719 | train_full 0.5833 | val_acc 0.6154 | val_f1 0.6329 | grad(main/disc) 10.952/1.771 | lr(main/disc) 7.00e-05/3.50e-05 | 56.2s
2026-08-25 04:26:59 | New best val_f1_macro_present: 0.6329 at epoch 10
2026-08-25 04:27:55 | Epoch 011/100 | loss 3.2410 | cls 2.1920 | tal 0.1346 | dual_g 1.0087 | dual_d 0.8810 | train_acc 0.7578 | train_full 0.6354 | val_acc 0.5769 | val_f1 0.5910 | grad(main/disc) 11.949/1.814 | lr(main/disc) 7.00e-05/3.50e-05 | 56.5s
2026-08-25 04:28:50 | Epoch 012/100 | loss 3.0776 | cls 1.9579 | tal 0.1312 | dual_g 1.0803 | dual_d 0.8484 | train_acc 0.8438 | train_full 0.5625 | val_acc 0.5385 | val_f1 0.4923 | grad(main/disc) 10.618/1.669 | lr(main/disc) 7.00e-05/3.50e-05 | 55.0s
2026-08-25 04:29:45 | Epoch 013/100 | loss 3.1665 | cls 1.9511 | tal 0.0799 | dual_g 1.1914 | dual_d 0.8499 | train_acc 0.8594 | train_full 0.5729 | val_acc 0.5000 | val_f1 0.4349 | grad(main/disc) 10.322/1.688 | lr(main/disc) 7.00e-05/3.50e-05 | 54.4s
2026-08-25 04:30:40 | Epoch 014/100 | loss 3.0657 | cls 1.7639 | tal 0.1087 | dual_g 1.2691 | dual_d 0.8359 | train_acc 0.8711 | train_full 0.5729 | val_acc 0.5385 | val_f1 0.4954 | grad(main/disc) 9.376/1.606 | lr(main/disc) 7.00e-05/3.50e-05 | 55.0s
2026-08-25 04:31:34 | Epoch 015/100 | loss 3.1107 | cls 1.7309 | tal 0.0758 | dual_g 1.3570 | dual_d 0.8417 | train_acc 0.9102 | train_full 0.5521 | val_acc 0.5385 | val_f1 0.4769 | grad(main/disc) 11.691/1.593 | lr(main/disc) 7.00e-05/3.50e-05 | 54.5s
2026-08-25 04:32:31 | Epoch 016/100 | loss 3.0985 | cls 1.7158 | tal 0.0513 | dual_g 1.3673 | dual_d 0.8297 | train_acc 0.8867 | train_full 0.6667 | val_acc 0.5385 | val_f1 0.4954 | grad(main/disc) 15.194/1.658 | lr(main/disc) 7.00e-05/3.50e-05 | 57.0s
2026-08-25 04:33:21 | Epoch 017/100 | loss 2.9882 | cls 1.6548 | tal 0.1002 | dual_g 1.3034 | dual_d 0.8252 | train_acc 0.9258 | train_full 0.6146 | val_acc 0.5385 | val_f1 0.4954 | grad(main/disc) 11.502/1.557 | lr(main/disc) 3.50e-05/1.75e-05 | 50.2s
2026-08-25 04:34:18 | Epoch 018/100 | loss 3.0793 | cls 1.7267 | tal 0.1010 | dual_g 1.3223 | dual_d 0.8139 | train_acc 0.8828 | train_full 0.5625 | val_acc 0.5000 | val_f1 0.4349 | grad(main/disc) 13.504/1.583 | lr(main/disc) 3.50e-05/1.75e-05 | 56.5s
2026-08-25 04:35:09 | Epoch 019/100 | loss 2.8464 | cls 1.5899 | tal 0.0319 | dual_g 1.2469 | dual_d 0.7904 | train_acc 0.9180 | train_full 0.6667 | val_acc 0.5769 | val_f1 0.5351 | grad(main/disc) 10.443/1.520 | lr(main/disc) 3.50e-05/1.75e-05 | 51.3s
2026-08-25 04:36:03 | Epoch 020/100 | loss 2.8681 | cls 1.5875 | tal 0.0725 | dual_g 1.2589 | dual_d 0.7853 | train_acc 0.9219 | train_full 0.7396 | val_acc 0.5385 | val_f1 0.4954 | grad(main/disc) 13.563/1.489 | lr(main/disc) 3.50e-05/1.75e-05 | 53.6s
2026-08-25 04:36:03 | Early stopping at epoch 20 after 10 epochs without val_f1_macro_present improvement.
2026-08-25 04:36:03 | Training complete. Best validation accuracy: 0.6154 | best val_f1_macro_present: 0.6329
2026-08-25 04:36:03 | Starting Dual_D standalone training
2026-08-25 04:36:03 | Run directory: runs/module_c_ablation/module_c_20260824_171004/module_c_full_雨天_iter03_20260824_171005
2026-08-25 04:36:03 | Device: cuda
2026-08-25 04:36:03 | Source train samples: 992
2026-08-25 04:36:03 | Target train samples: 96
2026-08-25 04:36:03 | Target val samples: 26
2026-08-25 04:36:03 | Classes: 14
2026-08-25 04:36:03 | Data audit: same_dir=False | path_overlap(vis/ir/ais)=0/0/0 | content_overlap(vis/ir/ais)=0/0/0 | ais_index_overlap=0 | stem_mismatch(vis-ir/vis-ais)=117/0
2026-08-25 04:36:03 | source_train classes: present 14/14 | absent 0 | counts [0:120, 1:44, 2:69, 3:45, 4:40, 5:30, 6:64, 7:80, 8:116, 9:68, 10:57, 11:83, 12:48, 13:128]
2026-08-25 04:36:03 | target_train classes: present 6/14 | absent 8 | counts [0:7, 2:19, 9:32, 10:12, 11:6, 13:20]
2026-08-25 04:36:03 | target_val classes: present 6/14 | absent 8 | counts [0:2, 2:5, 9:8, 10:4, 11:2, 13:5]
2026-08-25 04:36:03 | Paired training classes: 6/14 | class ids [0, 2, 9, 10, 11, 13]
2026-08-25 04:36:03 | VIS/IR pairing: class-level-unpaired | count-mismatch classes train/val: 10/0 | AIS alignment: none | AIS rows train/val: 0/0
2026-08-25 04:36:03 | Model parameters: total=17277714 | trainable=17120210
Starting run 12/12: domain=雨天, iteration=3, seed=53
2026-08-25 04:36:59 | Epoch 001/100 | loss 4.8539 | cls 4.8319 | tal 0.0732 | dual_g 0.0000 | dual_d 0.0000 | train_acc 0.1016 | train_full 0.0417 | val_acc 0.0385 | val_f1 0.0196 | grad(main/disc) 16.280/0.000 | lr(main/disc) 7.00e-05/3.50e-05 | 55.2s
2026-08-25 04:37:02 | New best val_f1_macro_present: 0.0196 at epoch 1
2026-08-25 04:37:56 | Epoch 002/100 | loss 4.0247 | cls 4.0248 | tal -0.0005 | dual_g 0.0000 | dual_d 0.0000 | train_acc 0.1836 | train_full 0.2083 | val_acc 0.1923 | val_f1 0.0758 | grad(main/disc) 14.111/0.000 | lr(main/disc) 7.00e-05/3.50e-05 | 53.8s
2026-08-25 04:37:59 | New best val_f1_macro_present: 0.0758 at epoch 2
2026-08-25 04:38:54 | Epoch 003/100 | loss 3.7091 | cls 3.7124 | tal -0.0110 | dual_g 0.0000 | dual_d 0.0000 | train_acc 0.2930 | train_full 0.1667 | val_acc 0.1923 | val_f1 0.0595 | grad(main/disc) 12.744/0.000 | lr(main/disc) 7.00e-05/3.50e-05 | 55.2s
2026-08-25 04:39:49 | Epoch 004/100 | loss 3.4298 | cls 3.3914 | tal 0.1280 | dual_g 0.0000 | dual_d 0.0000 | train_acc 0.3242 | train_full 0.2604 | val_acc 0.2308 | val_f1 0.1500 | grad(main/disc) 11.518/0.000 | lr(main/disc) 7.00e-05/3.50e-05 | 55.0s
2026-08-25 04:39:52 | New best val_f1_macro_present: 0.1500 at epoch 4
2026-08-25 04:40:46 | Epoch 005/100 | loss 3.1303 | cls 3.1018 | tal 0.0951 | dual_g 0.0000 | dual_d 0.0000 | train_acc 0.4180 | train_full 0.2396 | val_acc 0.2692 | val_f1 0.1710 | grad(main/disc) 10.842/0.000 | lr(main/disc) 7.00e-05/3.50e-05 | 54.3s
2026-08-25 04:40:49 | New best val_f1_macro_present: 0.1710 at epoch 5
2026-08-25 04:41:42 | Epoch 006/100 | loss 3.0869 | cls 2.8471 | tal 0.0855 | dual_g 0.2141 | dual_d 0.9289 | train_acc 0.5000 | train_full 0.2500 | val_acc 0.2692 | val_f1 0.1746 | grad(main/disc) 11.090/1.966 | lr(main/disc) 7.00e-05/3.50e-05 | 53.1s
2026-08-25 04:41:45 | New best val_f1_macro_present: 0.1746 at epoch 6
2026-08-25 04:42:37 | Epoch 007/100 | loss 2.9649 | cls 2.5409 | tal 0.1101 | dual_g 0.3909 | dual_d 0.8670 | train_acc 0.5898 | train_full 0.3125 | val_acc 0.3846 | val_f1 0.2980 | grad(main/disc) 9.769/1.812 | lr(main/disc) 7.00e-05/3.50e-05 | 51.9s
2026-08-25 04:42:40 | New best val_f1_macro_present: 0.2980 at epoch 7
2026-08-25 04:43:35 | Epoch 008/100 | loss 3.0989 | cls 2.5057 | tal 0.0367 | dual_g 0.5822 | dual_d 0.9533 | train_acc 0.6562 | train_full 0.3542 | val_acc 0.3846 | val_f1 0.2847 | grad(main/disc) 10.218/1.914 | lr(main/disc) 7.00e-05/3.50e-05 | 54.8s
2026-08-25 04:44:27 | Epoch 009/100 | loss 3.1091 | cls 2.3754 | tal 0.0747 | dual_g 0.7112 | dual_d 0.8770 | train_acc 0.6758 | train_full 0.2708 | val_acc 0.3846 | val_f1 0.2762 | grad(main/disc) 10.257/1.759 | lr(main/disc) 7.00e-05/3.50e-05 | 52.5s
2026-08-25 04:45:22 | Epoch 010/100 | loss 3.0082 | cls 2.1556 | tal 0.0309 | dual_g 0.8433 | dual_d 0.9184 | train_acc 0.6836 | train_full 0.4062 | val_acc 0.3846 | val_f1 0.2729 | grad(main/disc) 11.001/1.855 | lr(main/disc) 7.00e-05/3.50e-05 | 54.3s
2026-08-25 04:46:17 | Epoch 011/100 | loss 3.0500 | cls 2.0713 | tal 0.0047 | dual_g 0.9773 | dual_d 0.8791 | train_acc 0.7617 | train_full 0.5208 | val_acc 0.3077 | val_f1 0.2378 | grad(main/disc) 11.090/1.832 | lr(main/disc) 7.00e-05/3.50e-05 | 55.2s
2026-08-25 04:47:11 | Epoch 012/100 | loss 2.9987 | cls 1.9217 | tal -0.0157 | dual_g 1.0817 | dual_d 0.8443 | train_acc 0.8008 | train_full 0.5521 | val_acc 0.4615 | val_f1 0.4563 | grad(main/disc) 10.736/1.730 | lr(main/disc) 7.00e-05/3.50e-05 | 54.4s
2026-08-25 04:47:14 | New best val_f1_macro_present: 0.4563 at epoch 12
2026-08-25 04:48:06 | Epoch 013/100 | loss 2.9483 | cls 1.7960 | tal -0.0556 | dual_g 1.1690 | dual_d 0.8170 | train_acc 0.8320 | train_full 0.5417 | val_acc 0.5000 | val_f1 0.4893 | grad(main/disc) 9.672/1.622 | lr(main/disc) 7.00e-05/3.50e-05 | 51.5s
2026-08-25 04:48:09 | New best val_f1_macro_present: 0.4893 at epoch 13
2026-08-25 04:49:04 | Epoch 014/100 | loss 3.0192 | cls 1.7778 | tal -0.0469 | dual_g 1.2554 | dual_d 0.8649 | train_acc 0.8281 | train_full 0.5729 | val_acc 0.5000 | val_f1 0.4810 | grad(main/disc) 9.982/1.723 | lr(main/disc) 7.00e-05/3.50e-05 | 55.3s
2026-08-25 04:49:59 | Epoch 015/100 | loss 3.0601 | cls 1.6822 | tal -0.0409 | dual_g 1.3901 | dual_d 0.8408 | train_acc 0.8789 | train_full 0.5938 | val_acc 0.5769 | val_f1 0.6008 | grad(main/disc) 10.786/1.617 | lr(main/disc) 7.00e-05/3.50e-05 | 54.5s
2026-08-25 04:50:02 | New best val_f1_macro_present: 0.6008 at epoch 15
2026-08-25 04:50:54 | Epoch 016/100 | loss 2.9538 | cls 1.6703 | tal -0.1179 | dual_g 1.3190 | dual_d 0.8217 | train_acc 0.8984 | train_full 0.7604 | val_acc 0.5769 | val_f1 0.6123 | grad(main/disc) 10.266/1.595 | lr(main/disc) 7.00e-05/3.50e-05 | 52.3s
2026-08-25 04:50:57 | New best val_f1_macro_present: 0.6123 at epoch 16
2026-08-25 04:51:55 | Epoch 017/100 | loss 2.9045 | cls 1.6165 | tal -0.0659 | dual_g 1.3077 | dual_d 0.8061 | train_acc 0.8984 | train_full 0.6875 | val_acc 0.5769 | val_f1 0.5975 | grad(main/disc) 10.325/1.594 | lr(main/disc) 7.00e-05/3.50e-05 | 58.3s
2026-08-25 04:52:50 | Epoch 018/100 | loss 2.7854 | cls 1.5530 | tal -0.0747 | dual_g 1.2549 | dual_d 0.7886 | train_acc 0.9219 | train_full 0.8438 | val_acc 0.7308 | val_f1 0.7385 | grad(main/disc) 10.635/1.527 | lr(main/disc) 7.00e-05/3.50e-05 | 54.5s
2026-08-25 04:52:53 | New best val_f1_macro_present: 0.7385 at epoch 18
2026-08-25 04:53:46 | Epoch 019/100 | loss 2.7176 | cls 1.4959 | tal -0.0626 | dual_g 1.2404 | dual_d 0.7896 | train_acc 0.9688 | train_full 0.8542 | val_acc 0.7308 | val_f1 0.7410 | grad(main/disc) 9.391/1.528 | lr(main/disc) 7.00e-05/3.50e-05 | 53.1s
2026-08-25 04:53:49 | New best val_f1_macro_present: 0.7410 at epoch 19
2026-08-25 04:54:42 | Epoch 020/100 | loss 2.7109 | cls 1.5182 | tal -0.1022 | dual_g 1.2234 | dual_d 0.7888 | train_acc 0.9648 | train_full 0.8333 | val_acc 0.8077 | val_f1 0.8219 | grad(main/disc) 9.264/1.608 | lr(main/disc) 7.00e-05/3.50e-05 | 52.7s
2026-08-25 04:54:45 | New best val_f1_macro_present: 0.8219 at epoch 20
2026-08-25 04:55:40 | Epoch 021/100 | loss 2.6829 | cls 1.4820 | tal -0.1005 | dual_g 1.2311 | dual_d 0.8120 | train_acc 0.9453 | train_full 0.8750 | val_acc 0.9231 | val_f1 0.8923 | grad(main/disc) 8.566/1.505 | lr(main/disc) 7.00e-05/3.50e-05 | 54.9s
2026-08-25 04:55:43 | New best val_f1_macro_present: 0.8923 at epoch 21
2026-08-25 04:56:41 | Epoch 022/100 | loss 2.6568 | cls 1.4908 | tal -0.1287 | dual_g 1.2046 | dual_d 0.8031 | train_acc 0.9453 | train_full 0.8542 | val_acc 0.9615 | val_f1 0.9630 | grad(main/disc) 8.558/1.553 | lr(main/disc) 7.00e-05/3.50e-05 | 58.3s
2026-08-25 04:56:44 | New best val_f1_macro_present: 0.9630 at epoch 22
2026-08-25 04:57:37 | Epoch 023/100 | loss 2.5893 | cls 1.4447 | tal -0.1133 | dual_g 1.1786 | dual_d 0.8491 | train_acc 0.9766 | train_full 0.8229 | val_acc 0.8462 | val_f1 0.8529 | grad(main/disc) 9.308/1.519 | lr(main/disc) 7.00e-05/3.50e-05 | 52.4s
2026-08-25 04:58:34 | Epoch 024/100 | loss 2.6197 | cls 1.4714 | tal -0.0779 | dual_g 1.1717 | dual_d 0.7888 | train_acc 0.9492 | train_full 0.9062 | val_acc 0.9231 | val_f1 0.9206 | grad(main/disc) 10.500/1.454 | lr(main/disc) 7.00e-05/3.50e-05 | 57.6s
2026-08-25 04:59:26 | Epoch 025/100 | loss 2.6361 | cls 1.4607 | tal -0.1219 | dual_g 1.2120 | dual_d 0.8497 | train_acc 0.9688 | train_full 0.8646 | val_acc 0.7308 | val_f1 0.7552 | grad(main/disc) 9.327/1.490 | lr(main/disc) 7.00e-05/3.50e-05 | 51.9s
2026-08-25 05:00:20 | Epoch 026/100 | loss 2.5043 | cls 1.3985 | tal -0.1391 | dual_g 1.1475 | dual_d 0.8579 | train_acc 0.9961 | train_full 0.8750 | val_acc 0.8846 | val_f1 0.8815 | grad(main/disc) 6.820/1.469 | lr(main/disc) 7.00e-05/3.50e-05 | 54.2s
2026-08-25 05:01:15 | Epoch 027/100 | loss 2.5914 | cls 1.4709 | tal -0.1489 | dual_g 1.1651 | dual_d 0.8644 | train_acc 0.9609 | train_full 0.9062 | val_acc 0.8462 | val_f1 0.8790 | grad(main/disc) 9.394/1.450 | lr(main/disc) 7.00e-05/3.50e-05 | 54.6s
2026-08-25 05:02:09 | Epoch 028/100 | loss 2.4493 | cls 1.3650 | tal -0.1764 | dual_g 1.1372 | dual_d 0.8002 | train_acc 0.9727 | train_full 0.9271 | val_acc 0.8462 | val_f1 0.8790 | grad(main/disc) 7.978/1.409 | lr(main/disc) 7.00e-05/3.50e-05 | 54.5s
2026-08-25 05:03:04 | Epoch 029/100 | loss 2.4588 | cls 1.4058 | tal -0.2069 | dual_g 1.1151 | dual_d 0.7650 | train_acc 0.9844 | train_full 0.9271 | val_acc 0.9231 | val_f1 0.9250 | grad(main/disc) 7.333/1.305 | lr(main/disc) 3.50e-05/1.75e-05 | 54.7s
2026-08-25 05:03:58 | Epoch 030/100 | loss 2.4574 | cls 1.4006 | tal -0.1506 | dual_g 1.1020 | dual_d 0.8532 | train_acc 0.9805 | train_full 0.9479 | val_acc 0.9231 | val_f1 0.9111 | grad(main/disc) 6.908/1.472 | lr(main/disc) 3.50e-05/1.75e-05 | 54.0s
2026-08-25 05:04:51 | Epoch 031/100 | loss 2.4112 | cls 1.3686 | tal -0.1981 | dual_g 1.1020 | dual_d 0.8752 | train_acc 0.9688 | train_full 0.9375 | val_acc 0.8846 | val_f1 0.8836 | grad(main/disc) 7.506/1.437 | lr(main/disc) 3.50e-05/1.75e-05 | 53.1s
2026-08-25 05:04:51 | Early stopping at epoch 31 after 9 epochs without val_f1_macro_present improvement.
2026-08-25 05:04:51 | Training complete. Best validation accuracy: 0.9615 | best val_f1_macro_present: 0.9630
Dual_D experiment matrix complete.
Batch summary: runs/module_c_ablation/module_c_20260824_171004/batch_summary_20260824_171005.json
黑天: best val acc 0.9583 ± 0.0068 over 3 run(s)
逆光: best val acc 0.9730 ± 0.0221 over 3 run(s)
雾天: best val acc 0.9823 ± 0.0071 over 3 run(s)
雨天: best val acc 0.8462 ± 0.1632 over 3 run(s)
Running Module-C variant: no_module_c
/home/lixiang/envs/lx_pytorch/bin/python /home/lixiang/lx/Dual_D/scripts/train_dual_d.py --config configs/train_dual_d_default.json --dual-config runs/module_c_ablation/module_c_20260824_171004/configs/dual_d_no_module_c.json --source-root /home/lixiang/lx/Data/晴天 --output-dir runs/module_c_ablation/module_c_20260824_171004 --run-name module_c_no_module_c --iterations 3 --no-save-checkpoints --save-feature-embeddings --feature-visualization-samples 512 --monitor-metric val_f1_macro_present --no-use-ais --deterministic-training --target-parent-root /home/lixiang/lx/Data --target-domains 黑天 逆光 雾天 雨天 --epochs 100 --batch-size 64 --num-workers 8 --device cuda --seed 42
/home/lixiang/envs/lx_pytorch/lib/python3.11/site-packages/torch/cuda/__init__.py:1061: UserWarning: Can't initialize NVML
  raw_cnt = _raw_device_count_nvml()
2026-08-25 05:04:53 | Starting Dual_D standalone training
2026-08-25 05:04:53 | Run directory: runs/module_c_ablation/module_c_20260824_171004/module_c_no_module_c_黑天_iter01_20260825_050453
2026-08-25 05:04:53 | Device: cuda
2026-08-25 05:04:53 | Source train samples: 992
2026-08-25 05:04:53 | Target train samples: 465
2026-08-25 05:04:53 | Target val samples: 120
2026-08-25 05:04:53 | Classes: 14
2026-08-25 05:04:53 | Data audit: same_dir=False | path_overlap(vis/ir/ais)=0/0/0 | content_overlap(vis/ir/ais)=0/0/0 | ais_index_overlap=0 | stem_mismatch(vis-ir/vis-ais)=578/0
2026-08-25 05:04:53 | source_train classes: present 14/14 | absent 0 | counts [0:120, 1:44, 2:69, 3:45, 4:40, 5:30, 6:64, 7:80, 8:116, 9:68, 10:57, 11:83, 12:48, 13:128]
2026-08-25 05:04:53 | target_train classes: present 8/14 | absent 6 | counts [0:100, 2:11, 3:16, 6:89, 9:162, 10:12, 11:44, 13:31]
2026-08-25 05:04:53 | target_val classes: present 8/14 | absent 6 | counts [0:26, 2:3, 3:5, 6:23, 9:41, 10:3, 11:11, 13:8]
2026-08-25 05:04:53 | Paired training classes: 8/14 | class ids [0, 2, 3, 6, 9, 10, 11, 13]
2026-08-25 05:04:53 | VIS/IR pairing: class-level-unpaired | count-mismatch classes train/val: 10/0 | AIS alignment: none | AIS rows train/val: 0/0
2026-08-25 05:04:54 | Model parameters: total=17277714 | trainable=17120210
Starting run 1/12: domain=黑天, iteration=1, seed=42
2026-08-25 05:06:37 | Epoch 001/100 | loss 5.2183 | cls 5.1642 | tal 0.1802 | dual_g 0.0000 | dual_d 0.0000 | train_acc 0.1074 | train_full 0.1097 | val_acc 0.0833 | val_f1 0.0251 | grad(main/disc) 16.706/0.000 | lr(main/disc) 7.00e-05/3.50e-05 | 103.4s
2026-08-25 05:06:41 | New best val_f1_macro_present: 0.0251 at epoch 1
2026-08-25 05:08:25 | Epoch 002/100 | loss 3.9950 | cls 3.9749 | tal 0.0671 | dual_g 0.0000 | dual_d 0.0000 | train_acc 0.2109 | train_full 0.1828 | val_acc 0.1250 | val_f1 0.1038 | grad(main/disc) 13.289/0.000 | lr(main/disc) 7.00e-05/3.50e-05 | 103.9s
2026-08-25 05:08:28 | New best val_f1_macro_present: 0.1038 at epoch 2
2026-08-25 05:10:15 | Epoch 003/100 | loss 3.3629 | cls 3.3432 | tal 0.0659 | dual_g 0.0000 | dual_d 0.0000 | train_acc 0.4199 | train_full 0.2129 | val_acc 0.1917 | val_f1 0.1651 | grad(main/disc) 11.673/0.000 | lr(main/disc) 7.00e-05/3.50e-05 | 107.5s
2026-08-25 05:10:19 | New best val_f1_macro_present: 0.1651 at epoch 3
2026-08-25 05:12:09 | Epoch 004/100 | loss 3.0680 | cls 3.0439 | tal 0.0802 | dual_g 0.0000 | dual_d 0.0000 | train_acc 0.4805 | train_full 0.3548 | val_acc 0.2917 | val_f1 0.2326 | grad(main/disc) 10.820/0.000 | lr(main/disc) 7.00e-05/3.50e-05 | 110.4s
2026-08-25 05:12:13 | New best val_f1_macro_present: 0.2326 at epoch 4
2026-08-25 05:13:55 | Epoch 005/100 | loss 2.6613 | cls 2.6511 | tal 0.0339 | dual_g 0.0000 | dual_d 0.0000 | train_acc 0.5781 | train_full 0.3634 | val_acc 0.3417 | val_f1 0.3465 | grad(main/disc) 10.192/0.000 | lr(main/disc) 7.00e-05/3.50e-05 | 102.2s
2026-08-25 05:13:58 | New best val_f1_macro_present: 0.3465 at epoch 5
2026-08-25 05:15:42 | Epoch 006/100 | loss 2.5899 | cls 2.5761 | tal 0.0399 | dual_g 0.0018 | dual_d 0.9680 | train_acc 0.5820 | train_full 0.5075 | val_acc 0.5167 | val_f1 0.5738 | grad(main/disc) 10.356/2.004 | lr(main/disc) 7.00e-05/3.50e-05 | 104.0s
2026-08-25 05:15:46 | New best val_f1_macro_present: 0.5738 at epoch 6
2026-08-25 05:17:36 | Epoch 007/100 | loss 2.3386 | cls 2.3173 | tal 0.0595 | dual_g 0.0035 | dual_d 0.9848 | train_acc 0.6406 | train_full 0.5785 | val_acc 0.5583 | val_f1 0.5972 | grad(main/disc) 9.675/1.908 | lr(main/disc) 7.00e-05/3.50e-05 | 110.5s
2026-08-25 05:17:39 | New best val_f1_macro_present: 0.5972 at epoch 7
2026-08-25 05:19:25 | Epoch 008/100 | loss 2.1883 | cls 2.1644 | tal 0.0646 | dual_g 0.0044 | dual_d 0.9968 | train_acc 0.7031 | train_full 0.6538 | val_acc 0.6250 | val_f1 0.6447 | grad(main/disc) 8.917/1.919 | lr(main/disc) 7.00e-05/3.50e-05 | 105.4s
2026-08-25 05:19:28 | New best val_f1_macro_present: 0.6447 at epoch 8
2026-08-25 05:21:09 | Epoch 009/100 | loss 2.0372 | cls 2.0259 | tal 0.0214 | dual_g 0.0049 | dual_d 1.0824 | train_acc 0.7363 | train_full 0.6796 | val_acc 0.6833 | val_f1 0.6906 | grad(main/disc) 9.024/1.946 | lr(main/disc) 7.00e-05/3.50e-05 | 101.0s
2026-08-25 05:21:12 | New best val_f1_macro_present: 0.6906 at epoch 9
2026-08-25 05:23:04 | Epoch 010/100 | loss 2.0048 | cls 1.9824 | tal 0.0548 | dual_g 0.0060 | dual_d 1.1425 | train_acc 0.7422 | train_full 0.7312 | val_acc 0.7167 | val_f1 0.7269 | grad(main/disc) 9.162/2.085 | lr(main/disc) 7.00e-05/3.50e-05 | 111.9s
2026-08-25 05:23:08 | New best val_f1_macro_present: 0.7269 at epoch 10
2026-08-25 05:24:52 | Epoch 011/100 | loss 1.8366 | cls 1.8328 | tal -0.0080 | dual_g 0.0062 | dual_d 1.2481 | train_acc 0.7832 | train_full 0.7312 | val_acc 0.6833 | val_f1 0.6621 | grad(main/disc) 8.904/2.123 | lr(main/disc) 7.00e-05/3.50e-05 | 104.2s
2026-08-25 05:26:40 | Epoch 012/100 | loss 1.8497 | cls 1.8302 | tal 0.0421 | dual_g 0.0068 | dual_d 1.1943 | train_acc 0.7832 | train_full 0.7720 | val_acc 0.7667 | val_f1 0.7419 | grad(main/disc) 8.272/1.978 | lr(main/disc) 7.00e-05/3.50e-05 | 107.8s
2026-08-25 05:26:43 | New best val_f1_macro_present: 0.7419 at epoch 12
2026-08-25 05:28:30 | Epoch 013/100 | loss 1.7299 | cls 1.7171 | tal 0.0181 | dual_g 0.0074 | dual_d 1.2607 | train_acc 0.8301 | train_full 0.6839 | val_acc 0.6917 | val_f1 0.6960 | grad(main/disc) 7.681/2.079 | lr(main/disc) 7.00e-05/3.50e-05 | 106.7s
2026-08-25 05:30:16 | Epoch 014/100 | loss 1.6932 | cls 1.6753 | tal 0.0349 | dual_g 0.0074 | dual_d 1.2621 | train_acc 0.8516 | train_full 0.7333 | val_acc 0.7083 | val_f1 0.7013 | grad(main/disc) 7.345/2.055 | lr(main/disc) 7.00e-05/3.50e-05 | 106.2s
2026-08-25 05:32:01 | Epoch 015/100 | loss 1.6964 | cls 1.6734 | tal 0.0498 | dual_g 0.0081 | dual_d 1.3019 | train_acc 0.8711 | train_full 0.8624 | val_acc 0.8417 | val_f1 0.8058 | grad(main/disc) 8.049/2.089 | lr(main/disc) 7.00e-05/3.50e-05 | 104.8s
2026-08-25 05:32:04 | New best val_f1_macro_present: 0.8058 at epoch 15
2026-08-25 05:33:50 | Epoch 016/100 | loss 1.6149 | cls 1.5866 | tal 0.0666 | dual_g 0.0083 | dual_d 1.2805 | train_acc 0.8828 | train_full 0.9011 | val_acc 0.8833 | val_f1 0.8582 | grad(main/disc) 6.963/1.990 | lr(main/disc) 7.00e-05/3.50e-05 | 105.6s
2026-08-25 05:33:53 | New best val_f1_macro_present: 0.8582 at epoch 16
2026-08-25 05:35:44 | Epoch 017/100 | loss 1.5793 | cls 1.5644 | tal 0.0198 | dual_g 0.0090 | dual_d 1.3458 | train_acc 0.8906 | train_full 0.7376 | val_acc 0.7417 | val_f1 0.7646 | grad(main/disc) 7.098/2.056 | lr(main/disc) 7.00e-05/3.50e-05 | 110.7s
2026-08-25 05:37:30 | Epoch 018/100 | loss 1.5242 | cls 1.5130 | tal 0.0050 | dual_g 0.0098 | dual_d 1.3254 | train_acc 0.9160 | train_full 0.8215 | val_acc 0.8333 | val_f1 0.8534 | grad(main/disc) 6.391/1.986 | lr(main/disc) 7.00e-05/3.50e-05 | 106.4s
2026-08-25 05:39:19 | Epoch 019/100 | loss 1.5520 | cls 1.5416 | tal 0.0001 | dual_g 0.0103 | dual_d 1.3412 | train_acc 0.9043 | train_full 0.8194 | val_acc 0.8000 | val_f1 0.7587 | grad(main/disc) 7.293/2.012 | lr(main/disc) 7.00e-05/3.50e-05 | 108.9s
2026-08-25 05:41:11 | Epoch 020/100 | loss 1.4702 | cls 1.4815 | tal -0.0729 | dual_g 0.0106 | dual_d 1.3933 | train_acc 0.9336 | train_full 0.7742 | val_acc 0.7750 | val_f1 0.7526 | grad(main/disc) 5.773/2.040 | lr(main/disc) 7.00e-05/3.50e-05 | 112.1s
2026-08-25 05:42:55 | Epoch 021/100 | loss 1.4193 | cls 1.4347 | tal -0.0873 | dual_g 0.0108 | dual_d 1.3828 | train_acc 0.9375 | train_full 0.8280 | val_acc 0.7833 | val_f1 0.7659 | grad(main/disc) 5.302/2.027 | lr(main/disc) 7.00e-05/3.50e-05 | 104.0s
2026-08-25 05:44:41 | Epoch 022/100 | loss 1.4345 | cls 1.4473 | tal -0.0805 | dual_g 0.0113 | dual_d 1.3801 | train_acc 0.9512 | train_full 0.8194 | val_acc 0.7917 | val_f1 0.7709 | grad(main/disc) 5.706/1.938 | lr(main/disc) 7.00e-05/3.50e-05 | 106.4s
2026-08-25 05:46:30 | Epoch 023/100 | loss 1.3978 | cls 1.4162 | tal -0.1005 | dual_g 0.0118 | dual_d 1.3669 | train_acc 0.9551 | train_full 0.8581 | val_acc 0.8250 | val_f1 0.7707 | grad(main/disc) 5.036/1.943 | lr(main/disc) 3.50e-05/1.75e-05 | 108.5s
2026-08-25 05:48:18 | Epoch 024/100 | loss 1.3974 | cls 1.4032 | tal -0.0599 | dual_g 0.0121 | dual_d 1.3950 | train_acc 0.9531 | train_full 0.9118 | val_acc 0.9000 | val_f1 0.8493 | grad(main/disc) 4.972/1.986 | lr(main/disc) 3.50e-05/1.75e-05 | 107.7s
2026-08-25 05:50:03 | Epoch 025/100 | loss 1.3960 | cls 1.4093 | tal -0.0885 | dual_g 0.0132 | dual_d 1.3735 | train_acc 0.9531 | train_full 0.8387 | val_acc 0.8500 | val_f1 0.8439 | grad(main/disc) 5.300/1.963 | lr(main/disc) 3.50e-05/1.75e-05 | 105.1s
2026-08-25 05:50:03 | Early stopping at epoch 25 after 9 epochs without val_f1_macro_present improvement.
2026-08-25 05:50:03 | Training complete. Best validation accuracy: 0.9000 | best val_f1_macro_present: 0.8582
2026-08-25 05:50:03 | Starting Dual_D standalone training
2026-08-25 05:50:03 | Run directory: runs/module_c_ablation/module_c_20260824_171004/module_c_no_module_c_黑天_iter02_20260825_050453
2026-08-25 05:50:03 | Device: cuda
2026-08-25 05:50:03 | Source train samples: 992
2026-08-25 05:50:03 | Target train samples: 465
2026-08-25 05:50:03 | Target val samples: 120
2026-08-25 05:50:03 | Classes: 14
2026-08-25 05:50:03 | Data audit: same_dir=False | path_overlap(vis/ir/ais)=0/0/0 | content_overlap(vis/ir/ais)=0/0/0 | ais_index_overlap=0 | stem_mismatch(vis-ir/vis-ais)=578/0
2026-08-25 05:50:03 | source_train classes: present 14/14 | absent 0 | counts [0:120, 1:44, 2:69, 3:45, 4:40, 5:30, 6:64, 7:80, 8:116, 9:68, 10:57, 11:83, 12:48, 13:128]
2026-08-25 05:50:03 | target_train classes: present 8/14 | absent 6 | counts [0:100, 2:11, 3:16, 6:89, 9:162, 10:12, 11:44, 13:31]
2026-08-25 05:50:03 | target_val classes: present 8/14 | absent 6 | counts [0:26, 2:3, 3:5, 6:23, 9:41, 10:3, 11:11, 13:8]
2026-08-25 05:50:03 | Paired training classes: 8/14 | class ids [0, 2, 3, 6, 9, 10, 11, 13]
2026-08-25 05:50:03 | VIS/IR pairing: class-level-unpaired | count-mismatch classes train/val: 10/0 | AIS alignment: none | AIS rows train/val: 0/0
2026-08-25 05:50:04 | Model parameters: total=17277714 | trainable=17120210
Starting run 2/12: domain=黑天, iteration=2, seed=43
2026-08-25 05:51:55 | Epoch 001/100 | loss 5.3030 | cls 5.2476 | tal 0.1845 | dual_g 0.0000 | dual_d 0.0000 | train_acc 0.0859 | train_full 0.0860 | val_acc 0.0750 | val_f1 0.0365 | grad(main/disc) 16.567/0.000 | lr(main/disc) 7.00e-05/3.50e-05 | 111.8s
2026-08-25 05:51:59 | New best val_f1_macro_present: 0.0365 at epoch 1
2026-08-25 05:53:43 | Epoch 002/100 | loss 4.2101 | cls 4.1757 | tal 0.1146 | dual_g 0.0000 | dual_d 0.0000 | train_acc 0.1914 | train_full 0.3419 | val_acc 0.2917 | val_f1 0.1629 | grad(main/disc) 13.137/0.000 | lr(main/disc) 7.00e-05/3.50e-05 | 104.2s
2026-08-25 05:53:46 | New best val_f1_macro_present: 0.1629 at epoch 2
2026-08-25 05:55:32 | Epoch 003/100 | loss 3.5545 | cls 3.5363 | tal 0.0606 | dual_g 0.0000 | dual_d 0.0000 | train_acc 0.3223 | train_full 0.1161 | val_acc 0.1083 | val_f1 0.0911 | grad(main/disc) 11.343/0.000 | lr(main/disc) 7.00e-05/3.50e-05 | 105.6s
2026-08-25 05:57:07 | Epoch 004/100 | loss 3.1172 | cls 3.1175 | tal -0.0010 | dual_g 0.0000 | dual_d 0.0000 | train_acc 0.4570 | train_full 0.1548 | val_acc 0.1500 | val_f1 0.1734 | grad(main/disc) 10.646/0.000 | lr(main/disc) 7.00e-05/3.50e-05 | 95.1s
2026-08-25 05:57:10 | New best val_f1_macro_present: 0.1734 at epoch 4
2026-08-25 05:58:56 | Epoch 005/100 | loss 2.8340 | cls 2.8518 | tal -0.0593 | dual_g 0.0000 | dual_d 0.0000 | train_acc 0.5215 | train_full 0.2538 | val_acc 0.2500 | val_f1 0.3985 | grad(main/disc) 10.478/0.000 | lr(main/disc) 7.00e-05/3.50e-05 | 105.9s
2026-08-25 05:59:00 | New best val_f1_macro_present: 0.3985 at epoch 5
2026-08-25 06:00:54 | Epoch 006/100 | loss 2.5954 | cls 2.6056 | tal -0.0410 | dual_g 0.0020 | dual_d 0.9845 | train_acc 0.5938 | train_full 0.4323 | val_acc 0.4167 | val_f1 0.5302 | grad(main/disc) 10.258/1.883 | lr(main/disc) 7.00e-05/3.50e-05 | 114.4s
2026-08-25 06:00:57 | New best val_f1_macro_present: 0.5302 at epoch 6
2026-08-25 06:02:42 | Epoch 007/100 | loss 2.3084 | cls 2.3228 | tal -0.0607 | dual_g 0.0038 | dual_d 0.9922 | train_acc 0.6895 | train_full 0.5355 | val_acc 0.5333 | val_f1 0.5848 | grad(main/disc) 9.646/1.783 | lr(main/disc) 7.00e-05/3.50e-05 | 104.3s
2026-08-25 06:02:45 | New best val_f1_macro_present: 0.5848 at epoch 7
2026-08-25 06:04:32 | Epoch 008/100 | loss 2.2163 | cls 2.2396 | tal -0.0943 | dual_g 0.0049 | dual_d 1.0774 | train_acc 0.7051 | train_full 0.7097 | val_acc 0.6833 | val_f1 0.6784 | grad(main/disc) 9.782/1.815 | lr(main/disc) 7.00e-05/3.50e-05 | 107.4s
2026-08-25 06:04:36 | New best val_f1_macro_present: 0.6784 at epoch 8
2026-08-25 06:06:22 | Epoch 009/100 | loss 2.0946 | cls 2.0960 | tal -0.0243 | dual_g 0.0058 | dual_d 1.0772 | train_acc 0.7637 | train_full 0.6258 | val_acc 0.6417 | val_f1 0.6123 | grad(main/disc) 9.314/1.792 | lr(main/disc) 7.00e-05/3.50e-05 | 106.5s
2026-08-25 06:08:13 | Epoch 010/100 | loss 1.9191 | cls 1.9223 | tal -0.0329 | dual_g 0.0067 | dual_d 1.1469 | train_acc 0.7715 | train_full 0.6645 | val_acc 0.6917 | val_f1 0.7072 | grad(main/disc) 8.730/1.800 | lr(main/disc) 7.00e-05/3.50e-05 | 110.9s
2026-08-25 06:08:16 | New best val_f1_macro_present: 0.7072 at epoch 10
2026-08-25 06:10:04 | Epoch 011/100 | loss 1.8996 | cls 1.8954 | tal -0.0105 | dual_g 0.0074 | dual_d 1.1261 | train_acc 0.7930 | train_full 0.7591 | val_acc 0.7250 | val_f1 0.7093 | grad(main/disc) 9.986/1.724 | lr(main/disc) 7.00e-05/3.50e-05 | 107.8s
2026-08-25 06:10:08 | New best val_f1_macro_present: 0.7093 at epoch 11
2026-08-25 06:11:50 | Epoch 012/100 | loss 1.8091 | cls 1.8165 | tal -0.0532 | dual_g 0.0085 | dual_d 1.2086 | train_acc 0.8203 | train_full 0.7613 | val_acc 0.7333 | val_f1 0.7096 | grad(main/disc) 8.245/1.775 | lr(main/disc) 7.00e-05/3.50e-05 | 102.5s
2026-08-25 06:13:39 | Epoch 013/100 | loss 1.7892 | cls 1.7944 | tal -0.0486 | dual_g 0.0095 | dual_d 1.2471 | train_acc 0.8066 | train_full 0.8366 | val_acc 0.8000 | val_f1 0.7728 | grad(main/disc) 9.345/1.836 | lr(main/disc) 7.00e-05/3.50e-05 | 109.0s
2026-08-25 06:13:42 | New best val_f1_macro_present: 0.7728 at epoch 13
2026-08-25 06:15:28 | Epoch 014/100 | loss 1.8409 | cls 1.8227 | tal 0.0263 | dual_g 0.0103 | dual_d 1.2160 | train_acc 0.8457 | train_full 0.7957 | val_acc 0.7500 | val_f1 0.7241 | grad(main/disc) 9.800/1.781 | lr(main/disc) 7.00e-05/3.50e-05 | 105.2s
2026-08-25 06:17:16 | Epoch 015/100 | loss 1.6335 | cls 1.6278 | tal -0.0166 | dual_g 0.0107 | dual_d 1.2421 | train_acc 0.9004 | train_full 0.8366 | val_acc 0.8250 | val_f1 0.8002 | grad(main/disc) 7.847/1.778 | lr(main/disc) 7.00e-05/3.50e-05 | 108.6s
2026-08-25 06:17:20 | New best val_f1_macro_present: 0.8002 at epoch 15
2026-08-25 06:19:05 | Epoch 016/100 | loss 1.6455 | cls 1.6429 | tal -0.0277 | dual_g 0.0109 | dual_d 1.2670 | train_acc 0.8965 | train_full 0.8065 | val_acc 0.7583 | val_f1 0.7322 | grad(main/disc) 7.204/1.775 | lr(main/disc) 7.00e-05/3.50e-05 | 105.5s
2026-08-25 06:20:54 | Epoch 017/100 | loss 1.5862 | cls 1.5797 | tal -0.0183 | dual_g 0.0120 | dual_d 1.2588 | train_acc 0.8945 | train_full 0.8366 | val_acc 0.7833 | val_f1 0.7794 | grad(main/disc) 7.113/1.758 | lr(main/disc) 7.00e-05/3.50e-05 | 109.1s
2026-08-25 06:22:44 | Epoch 018/100 | loss 1.5658 | cls 1.5443 | tal 0.0293 | dual_g 0.0127 | dual_d 1.2555 | train_acc 0.9512 | train_full 0.8043 | val_acc 0.7500 | val_f1 0.7602 | grad(main/disc) 6.709/1.685 | lr(main/disc) 7.00e-05/3.50e-05 | 110.0s
2026-08-25 06:24:32 | Epoch 019/100 | loss 1.5559 | cls 1.5560 | tal -0.0438 | dual_g 0.0130 | dual_d 1.2666 | train_acc 0.9082 | train_full 0.7978 | val_acc 0.7250 | val_f1 0.7446 | grad(main/disc) 7.434/1.695 | lr(main/disc) 7.00e-05/3.50e-05 | 107.4s
2026-08-25 06:26:17 | Epoch 020/100 | loss 1.4853 | cls 1.4878 | tal -0.0554 | dual_g 0.0141 | dual_d 1.2752 | train_acc 0.9414 | train_full 0.8043 | val_acc 0.7167 | val_f1 0.7631 | grad(main/disc) 6.692/1.693 | lr(main/disc) 7.00e-05/3.50e-05 | 105.4s
2026-08-25 06:28:04 | Epoch 021/100 | loss 1.4752 | cls 1.4752 | tal -0.0502 | dual_g 0.0151 | dual_d 1.2670 | train_acc 0.9551 | train_full 0.8731 | val_acc 0.8250 | val_f1 0.8177 | grad(main/disc) 6.217/1.701 | lr(main/disc) 7.00e-05/3.50e-05 | 107.5s
2026-08-25 06:28:08 | New best val_f1_macro_present: 0.8177 at epoch 21
2026-08-25 06:29:53 | Epoch 022/100 | loss 1.4639 | cls 1.4670 | tal -0.0610 | dual_g 0.0152 | dual_d 1.2905 | train_acc 0.9434 | train_full 0.8860 | val_acc 0.8083 | val_f1 0.7819 | grad(main/disc) 6.653/1.717 | lr(main/disc) 7.00e-05/3.50e-05 | 104.7s
2026-08-25 06:31:40 | Epoch 023/100 | loss 1.4258 | cls 1.4347 | tal -0.0837 | dual_g 0.0162 | dual_d 1.2937 | train_acc 0.9512 | train_full 0.8559 | val_acc 0.7917 | val_f1 0.8410 | grad(main/disc) 5.342/1.690 | lr(main/disc) 7.00e-05/3.50e-05 | 107.7s
2026-08-25 06:31:44 | New best val_f1_macro_present: 0.8410 at epoch 23
2026-08-25 06:33:29 | Epoch 024/100 | loss 1.3998 | cls 1.4086 | tal -0.0811 | dual_g 0.0156 | dual_d 1.3228 | train_acc 0.9746 | train_full 0.7871 | val_acc 0.7500 | val_f1 0.7529 | grad(main/disc) 5.066/1.730 | lr(main/disc) 7.00e-05/3.50e-05 | 105.0s
2026-08-25 06:35:17 | Epoch 025/100 | loss 1.3797 | cls 1.4006 | tal -0.1268 | dual_g 0.0172 | dual_d 1.3064 | train_acc 0.9727 | train_full 0.8387 | val_acc 0.7417 | val_f1 0.7530 | grad(main/disc) 5.324/1.692 | lr(main/disc) 7.00e-05/3.50e-05 | 108.4s
2026-08-25 06:37:02 | Epoch 026/100 | loss 1.3926 | cls 1.4008 | tal -0.0820 | dual_g 0.0164 | dual_d 1.3009 | train_acc 0.9629 | train_full 0.8753 | val_acc 0.8083 | val_f1 0.8128 | grad(main/disc) 4.994/1.678 | lr(main/disc) 7.00e-05/3.50e-05 | 104.5s
2026-08-25 06:38:50 | Epoch 027/100 | loss 1.3941 | cls 1.3989 | tal -0.0747 | dual_g 0.0176 | dual_d 1.2776 | train_acc 0.9590 | train_full 0.8280 | val_acc 0.7917 | val_f1 0.8029 | grad(main/disc) 4.908/1.656 | lr(main/disc) 7.00e-05/3.50e-05 | 108.7s
2026-08-25 06:40:39 | Epoch 028/100 | loss 1.3961 | cls 1.4083 | tal -0.0952 | dual_g 0.0164 | dual_d 1.3606 | train_acc 0.9727 | train_full 0.7871 | val_acc 0.7333 | val_f1 0.7920 | grad(main/disc) 5.130/1.756 | lr(main/disc) 7.00e-05/3.50e-05 | 108.2s
2026-08-25 06:42:26 | Epoch 029/100 | loss 1.3934 | cls 1.4066 | tal -0.0976 | dual_g 0.0161 | dual_d 1.3368 | train_acc 0.9707 | train_full 0.8151 | val_acc 0.7250 | val_f1 0.7814 | grad(main/disc) 6.001/1.733 | lr(main/disc) 7.00e-05/3.50e-05 | 107.4s
2026-08-25 06:44:14 | Epoch 030/100 | loss 1.3700 | cls 1.3644 | tal -0.0371 | dual_g 0.0167 | dual_d 1.3123 | train_acc 0.9785 | train_full 0.8301 | val_acc 0.7500 | val_f1 0.8076 | grad(main/disc) 4.571/1.686 | lr(main/disc) 3.50e-05/1.75e-05 | 108.3s
2026-08-25 06:46:02 | Epoch 031/100 | loss 1.3738 | cls 1.3480 | tal 0.0297 | dual_g 0.0168 | dual_d 1.2961 | train_acc 0.9766 | train_full 0.8559 | val_acc 0.7917 | val_f1 0.8124 | grad(main/disc) 4.125/1.663 | lr(main/disc) 3.50e-05/1.75e-05 | 107.4s
2026-08-25 06:47:53 | Epoch 032/100 | loss 1.3525 | cls 1.3362 | tal -0.0043 | dual_g 0.0175 | dual_d 1.3119 | train_acc 0.9785 | train_full 0.8731 | val_acc 0.8167 | val_f1 0.8186 | grad(main/disc) 3.725/1.677 | lr(main/disc) 3.50e-05/1.75e-05 | 111.4s
2026-08-25 06:47:53 | Early stopping at epoch 32 after 9 epochs without val_f1_macro_present improvement.
2026-08-25 06:47:53 | Training complete. Best validation accuracy: 0.8250 | best val_f1_macro_present: 0.8410
2026-08-25 06:47:53 | Starting Dual_D standalone training
2026-08-25 06:47:53 | Run directory: runs/module_c_ablation/module_c_20260824_171004/module_c_no_module_c_黑天_iter03_20260825_050453
2026-08-25 06:47:53 | Device: cuda
2026-08-25 06:47:53 | Source train samples: 992
2026-08-25 06:47:53 | Target train samples: 465
2026-08-25 06:47:53 | Target val samples: 120
2026-08-25 06:47:53 | Classes: 14
2026-08-25 06:47:53 | Data audit: same_dir=False | path_overlap(vis/ir/ais)=0/0/0 | content_overlap(vis/ir/ais)=0/0/0 | ais_index_overlap=0 | stem_mismatch(vis-ir/vis-ais)=578/0
2026-08-25 06:47:53 | source_train classes: present 14/14 | absent 0 | counts [0:120, 1:44, 2:69, 3:45, 4:40, 5:30, 6:64, 7:80, 8:116, 9:68, 10:57, 11:83, 12:48, 13:128]
2026-08-25 06:47:53 | target_train classes: present 8/14 | absent 6 | counts [0:100, 2:11, 3:16, 6:89, 9:162, 10:12, 11:44, 13:31]
2026-08-25 06:47:53 | target_val classes: present 8/14 | absent 6 | counts [0:26, 2:3, 3:5, 6:23, 9:41, 10:3, 11:11, 13:8]
2026-08-25 06:47:53 | Paired training classes: 8/14 | class ids [0, 2, 3, 6, 9, 10, 11, 13]
2026-08-25 06:47:53 | VIS/IR pairing: class-level-unpaired | count-mismatch classes train/val: 10/0 | AIS alignment: none | AIS rows train/val: 0/0
2026-08-25 06:47:54 | Model parameters: total=17277714 | trainable=17120210
Starting run 3/12: domain=黑天, iteration=3, seed=44
2026-08-25 06:49:41 | Epoch 001/100 | loss 5.2435 | cls 5.1527 | tal 0.3027 | dual_g 0.0000 | dual_d 0.0000 | train_acc 0.0918 | train_full 0.1161 | val_acc 0.1750 | val_f1 0.0951 | grad(main/disc) 15.835/0.000 | lr(main/disc) 7.00e-05/3.50e-05 | 107.5s
2026-08-25 06:49:45 | New best val_f1_macro_present: 0.0951 at epoch 1
2026-08-25 06:51:32 | Epoch 002/100 | loss 4.2050 | cls 4.1558 | tal 0.1638 | dual_g 0.0000 | dual_d 0.0000 | train_acc 0.2266 | train_full 0.1032 | val_acc 0.1417 | val_f1 0.0820 | grad(main/disc) 12.244/0.000 | lr(main/disc) 7.00e-05/3.50e-05 | 107.1s
2026-08-25 06:53:21 | Epoch 003/100 | loss 3.6191 | cls 3.6078 | tal 0.0379 | dual_g 0.0000 | dual_d 0.0000 | train_acc 0.2773 | train_full 0.1806 | val_acc 0.2167 | val_f1 0.1533 | grad(main/disc) 10.978/0.000 | lr(main/disc) 7.00e-05/3.50e-05 | 108.7s
2026-08-25 06:53:24 | New best val_f1_macro_present: 0.1533 at epoch 3
2026-08-25 06:55:09 | Epoch 004/100 | loss 3.2338 | cls 3.2373 | tal -0.0117 | dual_g 0.0000 | dual_d 0.0000 | train_acc 0.3535 | train_full 0.3505 | val_acc 0.3833 | val_f1 0.4555 | grad(main/disc) 10.540/0.000 | lr(main/disc) 7.00e-05/3.50e-05 | 105.5s
2026-08-25 06:55:13 | New best val_f1_macro_present: 0.4555 at epoch 4
2026-08-25 06:56:55 | Epoch 005/100 | loss 2.9442 | cls 2.9645 | tal -0.0676 | dual_g 0.0000 | dual_d 0.0000 | train_acc 0.4844 | train_full 0.4000 | val_acc 0.4583 | val_f1 0.5206 | grad(main/disc) 9.969/0.000 | lr(main/disc) 7.00e-05/3.50e-05 | 102.6s
2026-08-25 06:56:59 | New best val_f1_macro_present: 0.5206 at epoch 5
2026-08-25 06:58:49 | Epoch 006/100 | loss 2.6476 | cls 2.6601 | tal -0.0483 | dual_g 0.0020 | dual_d 0.9579 | train_acc 0.5449 | train_full 0.5290 | val_acc 0.5750 | val_f1 0.5878 | grad(main/disc) 9.531/1.754 | lr(main/disc) 7.00e-05/3.50e-05 | 109.8s
2026-08-25 06:58:52 | New best val_f1_macro_present: 0.5878 at epoch 6
2026-08-25 07:00:36 | Epoch 007/100 | loss 2.4481 | cls 2.4631 | tal -0.0615 | dual_g 0.0035 | dual_d 0.9983 | train_acc 0.6348 | train_full 0.5484 | val_acc 0.5750 | val_f1 0.6404 | grad(main/disc) 9.492/1.780 | lr(main/disc) 7.00e-05/3.50e-05 | 103.8s
2026-08-25 07:00:39 | New best val_f1_macro_present: 0.6404 at epoch 7
2026-08-25 07:02:29 | Epoch 008/100 | loss 2.2904 | cls 2.2822 | tal 0.0107 | dual_g 0.0050 | dual_d 1.0016 | train_acc 0.6621 | train_full 0.5613 | val_acc 0.5333 | val_f1 0.5873 | grad(main/disc) 9.351/1.748 | lr(main/disc) 7.00e-05/3.50e-05 | 109.6s
2026-08-25 07:04:17 | Epoch 009/100 | loss 2.1382 | cls 2.1355 | tal -0.0117 | dual_g 0.0061 | dual_d 1.0023 | train_acc 0.6914 | train_full 0.5720 | val_acc 0.5917 | val_f1 0.6452 | grad(main/disc) 9.139/1.691 | lr(main/disc) 7.00e-05/3.50e-05 | 108.3s
2026-08-25 07:04:20 | New best val_f1_macro_present: 0.6452 at epoch 9
2026-08-25 07:06:07 | Epoch 010/100 | loss 2.0044 | cls 2.0106 | tal -0.0450 | dual_g 0.0073 | dual_d 1.0436 | train_acc 0.7656 | train_full 0.7398 | val_acc 0.7417 | val_f1 0.7504 | grad(main/disc) 8.802/1.672 | lr(main/disc) 7.00e-05/3.50e-05 | 106.2s
2026-08-25 07:06:10 | New best val_f1_macro_present: 0.7504 at epoch 10
2026-08-25 07:07:56 | Epoch 011/100 | loss 1.9576 | cls 1.9669 | tal -0.0571 | dual_g 0.0079 | dual_d 1.1110 | train_acc 0.7324 | train_full 0.7505 | val_acc 0.7750 | val_f1 0.7529 | grad(main/disc) 9.812/1.807 | lr(main/disc) 7.00e-05/3.50e-05 | 106.4s
2026-08-25 07:08:00 | New best val_f1_macro_present: 0.7529 at epoch 11
2026-08-25 07:09:46 | Epoch 012/100 | loss 1.8763 | cls 1.8831 | tal -0.0527 | dual_g 0.0089 | dual_d 1.1318 | train_acc 0.8125 | train_full 0.8086 | val_acc 0.7917 | val_f1 0.7601 | grad(main/disc) 8.729/1.770 | lr(main/disc) 7.00e-05/3.50e-05 | 106.5s
2026-08-25 07:09:50 | New best val_f1_macro_present: 0.7601 at epoch 12
2026-08-25 07:11:37 | Epoch 013/100 | loss 1.7651 | cls 1.7926 | tal -0.1242 | dual_g 0.0097 | dual_d 1.1043 | train_acc 0.8555 | train_full 0.7871 | val_acc 0.7917 | val_f1 0.7822 | grad(main/disc) 7.971/1.718 | lr(main/disc) 7.00e-05/3.50e-05 | 107.9s
2026-08-25 07:11:41 | New best val_f1_macro_present: 0.7822 at epoch 13
2026-08-25 07:13:28 | Epoch 014/100 | loss 1.7837 | cls 1.7882 | tal -0.0512 | dual_g 0.0108 | dual_d 1.1160 | train_acc 0.8496 | train_full 0.8065 | val_acc 0.7917 | val_f1 0.7674 | grad(main/disc) 8.563/1.701 | lr(main/disc) 7.00e-05/3.50e-05 | 106.8s
2026-08-25 07:15:10 | Epoch 015/100 | loss 1.7061 | cls 1.7268 | tal -0.1059 | dual_g 0.0110 | dual_d 1.1420 | train_acc 0.8672 | train_full 0.8495 | val_acc 0.8750 | val_f1 0.8540 | grad(main/disc) 7.895/1.702 | lr(main/disc) 7.00e-05/3.50e-05 | 102.9s
2026-08-25 07:15:14 | New best val_f1_macro_present: 0.8540 at epoch 15
2026-08-25 07:16:59 | Epoch 016/100 | loss 1.6160 | cls 1.6451 | tal -0.1360 | dual_g 0.0117 | dual_d 1.1886 | train_acc 0.8828 | train_full 0.8000 | val_acc 0.7750 | val_f1 0.7494 | grad(main/disc) 8.159/1.755 | lr(main/disc) 7.00e-05/3.50e-05 | 105.1s
2026-08-25 07:18:44 | Epoch 017/100 | loss 1.5635 | cls 1.5917 | tal -0.1349 | dual_g 0.0123 | dual_d 1.1587 | train_acc 0.8926 | train_full 0.7935 | val_acc 0.7417 | val_f1 0.7379 | grad(main/disc) 6.775/1.710 | lr(main/disc) 7.00e-05/3.50e-05 | 104.7s
2026-08-25 07:20:28 | Epoch 018/100 | loss 1.5548 | cls 1.5806 | tal -0.1277 | dual_g 0.0125 | dual_d 1.1806 | train_acc 0.9062 | train_full 0.8753 | val_acc 0.8417 | val_f1 0.8198 | grad(main/disc) 6.502/1.723 | lr(main/disc) 7.00e-05/3.50e-05 | 104.6s
2026-08-25 07:22:14 | Epoch 019/100 | loss 1.5304 | cls 1.5516 | tal -0.1176 | dual_g 0.0140 | dual_d 1.1842 | train_acc 0.8887 | train_full 0.9140 | val_acc 0.8917 | val_f1 0.8606 | grad(main/disc) 6.747/1.720 | lr(main/disc) 7.00e-05/3.50e-05 | 105.9s
2026-08-25 07:22:17 | New best val_f1_macro_present: 0.8606 at epoch 19
2026-08-25 07:24:01 | Epoch 020/100 | loss 1.5013 | cls 1.5173 | tal -0.1007 | dual_g 0.0143 | dual_d 1.2212 | train_acc 0.9121 | train_full 0.8903 | val_acc 0.8583 | val_f1 0.8369 | grad(main/disc) 5.751/1.743 | lr(main/disc) 7.00e-05/3.50e-05 | 103.1s
2026-08-25 07:25:49 | Epoch 021/100 | loss 1.5093 | cls 1.5241 | tal -0.1007 | dual_g 0.0154 | dual_d 1.1759 | train_acc 0.9160 | train_full 0.9247 | val_acc 0.8917 | val_f1 0.8760 | grad(main/disc) 6.815/1.720 | lr(main/disc) 7.00e-05/3.50e-05 | 108.2s
2026-08-25 07:25:52 | New best val_f1_macro_present: 0.8760 at epoch 21
2026-08-25 07:27:30 | Epoch 022/100 | loss 1.4447 | cls 1.4635 | tal -0.1146 | dual_g 0.0155 | dual_d 1.2404 | train_acc 0.9531 | train_full 0.8731 | val_acc 0.8417 | val_f1 0.8376 | grad(main/disc) 6.057/1.746 | lr(main/disc) 7.00e-05/3.50e-05 | 97.7s
2026-08-25 07:29:17 | Epoch 023/100 | loss 1.4291 | cls 1.4343 | tal -0.0753 | dual_g 0.0174 | dual_d 1.2681 | train_acc 0.9492 | train_full 0.9183 | val_acc 0.8917 | val_f1 0.8565 | grad(main/disc) 5.784/1.765 | lr(main/disc) 7.00e-05/3.50e-05 | 107.7s
2026-08-25 07:31:00 | Epoch 024/100 | loss 1.4309 | cls 1.4412 | tal -0.0906 | dual_g 0.0169 | dual_d 1.2597 | train_acc 0.9473 | train_full 0.9398 | val_acc 0.9083 | val_f1 0.8663 | grad(main/disc) 5.850/1.758 | lr(main/disc) 7.00e-05/3.50e-05 | 102.6s
2026-08-25 07:32:47 | Epoch 025/100 | loss 1.4064 | cls 1.4007 | tal -0.0407 | dual_g 0.0179 | dual_d 1.2555 | train_acc 0.9473 | train_full 0.9204 | val_acc 0.8583 | val_f1 0.8292 | grad(main/disc) 4.776/1.767 | lr(main/disc) 7.00e-05/3.50e-05 | 107.1s
2026-08-25 07:34:36 | Epoch 026/100 | loss 1.3776 | cls 1.3955 | tal -0.1165 | dual_g 0.0170 | dual_d 1.2991 | train_acc 0.9668 | train_full 0.9269 | val_acc 0.8917 | val_f1 0.8730 | grad(main/disc) 4.880/1.832 | lr(main/disc) 7.00e-05/3.50e-05 | 108.5s
2026-08-25 07:36:23 | Epoch 027/100 | loss 1.3726 | cls 1.3911 | tal -0.1204 | dual_g 0.0177 | dual_d 1.2923 | train_acc 0.9668 | train_full 0.9333 | val_acc 0.8917 | val_f1 0.8842 | grad(main/disc) 4.897/1.791 | lr(main/disc) 7.00e-05/3.50e-05 | 107.6s
2026-08-25 07:36:27 | New best val_f1_macro_present: 0.8842 at epoch 27
2026-08-25 07:38:07 | Epoch 028/100 | loss 1.3542 | cls 1.3705 | tal -0.1103 | dual_g 0.0169 | dual_d 1.2951 | train_acc 0.9648 | train_full 0.9591 | val_acc 0.9083 | val_f1 0.8794 | grad(main/disc) 4.257/1.803 | lr(main/disc) 7.00e-05/3.50e-05 | 99.9s
2026-08-25 07:39:49 | Epoch 029/100 | loss 1.3451 | cls 1.3761 | tal -0.1621 | dual_g 0.0177 | dual_d 1.2814 | train_acc 0.9688 | train_full 0.9656 | val_acc 0.9083 | val_f1 0.8811 | grad(main/disc) 4.196/1.807 | lr(main/disc) 7.00e-05/3.50e-05 | 102.7s
2026-08-25 07:41:33 | Epoch 030/100 | loss 1.3433 | cls 1.3841 | tal -0.1916 | dual_g 0.0166 | dual_d 1.2188 | train_acc 0.9746 | train_full 0.9054 | val_acc 0.8750 | val_f1 0.8283 | grad(main/disc) 4.350/1.685 | lr(main/disc) 7.00e-05/3.50e-05 | 103.3s
2026-08-25 07:43:17 | Epoch 031/100 | loss 1.3278 | cls 1.3573 | tal -0.1586 | dual_g 0.0181 | dual_d 1.2797 | train_acc 0.9785 | train_full 0.9161 | val_acc 0.9083 | val_f1 0.8867 | grad(main/disc) 4.038/1.766 | lr(main/disc) 7.00e-05/3.50e-05 | 104.8s
2026-08-25 07:43:21 | New best val_f1_macro_present: 0.8867 at epoch 31
2026-08-25 07:45:14 | Epoch 032/100 | loss 1.2952 | cls 1.3359 | tal -0.1948 | dual_g 0.0177 | dual_d 1.2282 | train_acc 0.9648 | train_full 0.9527 | val_acc 0.8833 | val_f1 0.8636 | grad(main/disc) 3.539/1.668 | lr(main/disc) 7.00e-05/3.50e-05 | 113.1s
2026-08-25 07:47:00 | Epoch 033/100 | loss 1.2765 | cls 1.3147 | tal -0.1893 | dual_g 0.0185 | dual_d 1.2632 | train_acc 0.9863 | train_full 0.9505 | val_acc 0.9417 | val_f1 0.9216 | grad(main/disc) 3.293/1.774 | lr(main/disc) 7.00e-05/3.50e-05 | 106.1s
2026-08-25 07:47:03 | New best val_f1_macro_present: 0.9216 at epoch 33
2026-08-25 07:48:47 | Epoch 034/100 | loss 1.2995 | cls 1.3325 | tal -0.1709 | dual_g 0.0182 | dual_d 1.2277 | train_acc 0.9824 | train_full 0.9548 | val_acc 0.9250 | val_f1 0.9086 | grad(main/disc) 3.812/1.708 | lr(main/disc) 7.00e-05/3.50e-05 | 103.7s
2026-08-25 07:50:36 | Epoch 035/100 | loss 1.3037 | cls 1.3335 | tal -0.1600 | dual_g 0.0182 | dual_d 1.2171 | train_acc 0.9863 | train_full 0.9699 | val_acc 0.9500 | val_f1 0.9401 | grad(main/disc) 3.882/1.698 | lr(main/disc) 7.00e-05/3.50e-05 | 108.7s
2026-08-25 07:50:39 | New best val_f1_macro_present: 0.9401 at epoch 35
2026-08-25 07:52:20 | Epoch 036/100 | loss 1.2698 | cls 1.3155 | tal -0.2149 | dual_g 0.0187 | dual_d 1.2540 | train_acc 0.9844 | train_full 0.9505 | val_acc 0.9417 | val_f1 0.9294 | grad(main/disc) 3.319/1.727 | lr(main/disc) 7.00e-05/3.50e-05 | 100.9s
2026-08-25 07:54:06 | Epoch 037/100 | loss 1.2543 | cls 1.3010 | tal -0.2194 | dual_g 0.0191 | dual_d 1.1792 | train_acc 0.9844 | train_full 0.9376 | val_acc 0.9250 | val_f1 0.9051 | grad(main/disc) 3.095/1.610 | lr(main/disc) 7.00e-05/3.50e-05 | 105.7s
2026-08-25 07:55:57 | Epoch 038/100 | loss 1.2579 | cls 1.3078 | tal -0.2288 | dual_g 0.0187 | dual_d 1.1887 | train_acc 0.9941 | train_full 0.9419 | val_acc 0.9333 | val_f1 0.9078 | grad(main/disc) 3.153/1.660 | lr(main/disc) 7.00e-05/3.50e-05 | 111.1s
2026-08-25 07:57:47 | Epoch 039/100 | loss 1.2606 | cls 1.3096 | tal -0.2284 | dual_g 0.0195 | dual_d 1.1884 | train_acc 0.9902 | train_full 0.9419 | val_acc 0.9333 | val_f1 0.9261 | grad(main/disc) 3.917/1.623 | lr(main/disc) 7.00e-05/3.50e-05 | 110.7s
2026-08-25 07:59:34 | Epoch 040/100 | loss 1.2465 | cls 1.2892 | tal -0.2055 | dual_g 0.0189 | dual_d 1.1815 | train_acc 0.9922 | train_full 0.9613 | val_acc 0.9417 | val_f1 0.9234 | grad(main/disc) 3.570/1.645 | lr(main/disc) 7.00e-05/3.50e-05 | 106.8s
2026-08-25 08:01:21 | Epoch 041/100 | loss 1.2744 | cls 1.3031 | tal -0.1626 | dual_g 0.0201 | dual_d 1.1908 | train_acc 0.9844 | train_full 0.9484 | val_acc 0.9167 | val_f1 0.8802 | grad(main/disc) 3.774/1.620 | lr(main/disc) 7.00e-05/3.50e-05 | 106.5s
2026-08-25 08:03:10 | Epoch 042/100 | loss 1.2639 | cls 1.2892 | tal -0.1467 | dual_g 0.0186 | dual_d 1.1699 | train_acc 0.9902 | train_full 0.9742 | val_acc 0.9583 | val_f1 0.9374 | grad(main/disc) 3.011/1.613 | lr(main/disc) 3.50e-05/1.75e-05 | 109.7s
2026-08-25 08:05:01 | Epoch 043/100 | loss 1.2734 | cls 1.3027 | tal -0.1652 | dual_g 0.0203 | dual_d 1.1414 | train_acc 0.9824 | train_full 0.9742 | val_acc 0.9583 | val_f1 0.9442 | grad(main/disc) 3.264/1.598 | lr(main/disc) 3.50e-05/1.75e-05 | 110.3s
2026-08-25 08:05:04 | New best val_f1_macro_present: 0.9442 at epoch 43
2026-08-25 08:06:53 | Epoch 044/100 | loss 1.2402 | cls 1.2871 | tal -0.2243 | dual_g 0.0204 | dual_d 1.1737 | train_acc 0.9922 | train_full 0.9699 | val_acc 0.9333 | val_f1 0.9286 | grad(main/disc) 3.121/1.581 | lr(main/disc) 3.50e-05/1.75e-05 | 108.6s
2026-08-25 08:08:40 | Epoch 045/100 | loss 1.2325 | cls 1.2672 | tal -0.1836 | dual_g 0.0203 | dual_d 1.1798 | train_acc 0.9961 | train_full 0.9828 | val_acc 0.9583 | val_f1 0.9444 | grad(main/disc) 2.455/1.592 | lr(main/disc) 3.50e-05/1.75e-05 | 107.4s
2026-08-25 08:10:26 | Epoch 046/100 | loss 1.2308 | cls 1.2714 | tal -0.2026 | dual_g 0.0201 | dual_d 1.1483 | train_acc 0.9902 | train_full 0.9828 | val_acc 0.9667 | val_f1 0.9495 | grad(main/disc) 2.285/1.586 | lr(main/disc) 3.50e-05/1.75e-05 | 105.6s
2026-08-25 08:10:29 | New best val_f1_macro_present: 0.9495 at epoch 46
2026-08-25 08:12:16 | Epoch 047/100 | loss 1.2218 | cls 1.2722 | tal -0.2354 | dual_g 0.0202 | dual_d 1.1511 | train_acc 0.9941 | train_full 0.9849 | val_acc 0.9583 | val_f1 0.9424 | grad(main/disc) 2.666/1.578 | lr(main/disc) 3.50e-05/1.75e-05 | 107.0s
2026-08-25 08:14:03 | Epoch 048/100 | loss 1.2280 | cls 1.2755 | tal -0.2265 | dual_g 0.0205 | dual_d 1.1132 | train_acc 0.9980 | train_full 0.9828 | val_acc 0.9500 | val_f1 0.9372 | grad(main/disc) 2.811/1.517 | lr(main/disc) 3.50e-05/1.75e-05 | 107.0s
2026-08-25 08:15:52 | Epoch 049/100 | loss 1.2130 | cls 1.2614 | tal -0.2322 | dual_g 0.0213 | dual_d 1.1421 | train_acc 0.9941 | train_full 0.9828 | val_acc 0.9583 | val_f1 0.9522 | grad(main/disc) 2.279/1.552 | lr(main/disc) 3.50e-05/1.75e-05 | 109.3s
2026-08-25 08:15:56 | New best val_f1_macro_present: 0.9522 at epoch 49
2026-08-25 08:17:46 | Epoch 050/100 | loss 1.2205 | cls 1.2625 | tal -0.2081 | dual_g 0.0204 | dual_d 1.1566 | train_acc 0.9941 | train_full 0.9871 | val_acc 0.9583 | val_f1 0.9516 | grad(main/disc) 2.278/1.570 | lr(main/disc) 3.50e-05/1.75e-05 | 109.9s
2026-08-25 08:19:36 | Epoch 051/100 | loss 1.2385 | cls 1.2771 | tal -0.1978 | dual_g 0.0208 | dual_d 1.1289 | train_acc 0.9941 | train_full 0.9871 | val_acc 0.9583 | val_f1 0.9516 | grad(main/disc) 2.558/1.564 | lr(main/disc) 3.50e-05/1.75e-05 | 110.7s
2026-08-25 08:21:23 | Epoch 052/100 | loss 1.2390 | cls 1.2796 | tal -0.2064 | dual_g 0.0213 | dual_d 1.1358 | train_acc 0.9902 | train_full 0.9892 | val_acc 0.9667 | val_f1 0.9557 | grad(main/disc) 2.611/1.542 | lr(main/disc) 3.50e-05/1.75e-05 | 106.8s
2026-08-25 08:21:26 | New best val_f1_macro_present: 0.9557 at epoch 52
2026-08-25 08:23:11 | Epoch 053/100 | loss 1.2189 | cls 1.2623 | tal -0.2152 | dual_g 0.0211 | dual_d 1.1255 | train_acc 0.9902 | train_full 0.9828 | val_acc 0.9500 | val_f1 0.9287 | grad(main/disc) 2.413/1.489 | lr(main/disc) 3.50e-05/1.75e-05 | 105.1s
2026-08-25 08:25:05 | Epoch 054/100 | loss 1.2404 | cls 1.2765 | tal -0.1909 | dual_g 0.0211 | dual_d 1.1376 | train_acc 0.9883 | train_full 0.9828 | val_acc 0.9583 | val_f1 0.9505 | grad(main/disc) 2.724/1.540 | lr(main/disc) 3.50e-05/1.75e-05 | 113.1s
2026-08-25 08:26:48 | Epoch 055/100 | loss 1.2234 | cls 1.2645 | tal -0.2093 | dual_g 0.0217 | dual_d 1.1361 | train_acc 1.0000 | train_full 0.9871 | val_acc 0.9667 | val_f1 0.9604 | grad(main/disc) 2.207/1.502 | lr(main/disc) 3.50e-05/1.75e-05 | 103.9s
2026-08-25 08:26:52 | New best val_f1_macro_present: 0.9604 at epoch 55
2026-08-25 08:28:44 | Epoch 056/100 | loss 1.2351 | cls 1.2775 | tal -0.2130 | dual_g 0.0215 | dual_d 1.1311 | train_acc 0.9883 | train_full 0.9763 | val_acc 0.9583 | val_f1 0.9498 | grad(main/disc) 2.728/1.573 | lr(main/disc) 3.50e-05/1.75e-05 | 111.7s
2026-08-25 08:30:29 | Epoch 057/100 | loss 1.2188 | cls 1.2556 | tal -0.2009 | dual_g 0.0235 | dual_d 1.1039 | train_acc 0.9883 | train_full 0.9871 | val_acc 0.9667 | val_f1 0.9569 | grad(main/disc) 2.280/1.506 | lr(main/disc) 3.50e-05/1.75e-05 | 105.0s
2026-08-25 08:32:15 | Epoch 058/100 | loss 1.2269 | cls 1.2630 | tal -0.1930 | dual_g 0.0219 | dual_d 1.1235 | train_acc 0.9922 | train_full 0.9892 | val_acc 0.9750 | val_f1 0.9644 | grad(main/disc) 2.423/1.507 | lr(main/disc) 3.50e-05/1.75e-05 | 106.8s
2026-08-25 08:32:19 | New best val_f1_macro_present: 0.9644 at epoch 58
2026-08-25 08:34:06 | Epoch 059/100 | loss 1.2173 | cls 1.2610 | tal -0.2225 | dual_g 0.0231 | dual_d 1.1071 | train_acc 0.9941 | train_full 0.9871 | val_acc 0.9667 | val_f1 0.9569 | grad(main/disc) 2.437/1.537 | lr(main/disc) 3.50e-05/1.75e-05 | 107.6s
2026-08-25 08:35:54 | Epoch 060/100 | loss 1.2204 | cls 1.2543 | tal -0.1880 | dual_g 0.0224 | dual_d 1.1375 | train_acc 0.9941 | train_full 0.9871 | val_acc 0.9583 | val_f1 0.9429 | grad(main/disc) 2.323/1.511 | lr(main/disc) 3.50e-05/1.75e-05 | 108.0s
2026-08-25 08:37:43 | Epoch 061/100 | loss 1.2193 | cls 1.2498 | tal -0.1793 | dual_g 0.0233 | dual_d 1.0916 | train_acc 0.9980 | train_full 0.9914 | val_acc 0.9750 | val_f1 0.9644 | grad(main/disc) 2.146/1.508 | lr(main/disc) 3.50e-05/1.75e-05 | 108.4s
2026-08-25 08:39:31 | Epoch 062/100 | loss 1.2210 | cls 1.2584 | tal -0.2000 | dual_g 0.0226 | dual_d 1.1135 | train_acc 0.9961 | train_full 0.9914 | val_acc 0.9667 | val_f1 0.9557 | grad(main/disc) 2.491/1.483 | lr(main/disc) 3.50e-05/1.75e-05 | 108.7s
2026-08-25 08:41:24 | Epoch 063/100 | loss 1.2189 | cls 1.2540 | tal -0.1952 | dual_g 0.0234 | dual_d 1.0806 | train_acc 0.9980 | train_full 0.9914 | val_acc 0.9750 | val_f1 0.9626 | grad(main/disc) 2.309/1.471 | lr(main/disc) 3.50e-05/1.75e-05 | 112.8s
2026-08-25 08:43:09 | Epoch 064/100 | loss 1.2109 | cls 1.2460 | tal -0.1930 | dual_g 0.0229 | dual_d 1.0891 | train_acc 0.9980 | train_full 0.9914 | val_acc 0.9750 | val_f1 0.9644 | grad(main/disc) 2.106/1.461 | lr(main/disc) 3.50e-05/1.75e-05 | 104.8s
2026-08-25 08:44:58 | Epoch 065/100 | loss 1.2069 | cls 1.2518 | tal -0.2281 | dual_g 0.0236 | dual_d 1.0804 | train_acc 0.9980 | train_full 0.9914 | val_acc 0.9750 | val_f1 0.9644 | grad(main/disc) 2.287/1.460 | lr(main/disc) 1.75e-05/8.75e-06 | 109.3s
2026-08-25 08:46:48 | Epoch 066/100 | loss 1.2005 | cls 1.2518 | tal -0.2464 | dual_g 0.0226 | dual_d 1.0946 | train_acc 0.9902 | train_full 0.9935 | val_acc 0.9750 | val_f1 0.9644 | grad(main/disc) 2.304/1.502 | lr(main/disc) 1.75e-05/8.75e-06 | 110.2s
2026-08-25 08:48:38 | Epoch 067/100 | loss 1.2056 | cls 1.2452 | tal -0.2094 | dual_g 0.0233 | dual_d 1.0621 | train_acc 0.9980 | train_full 0.9914 | val_acc 0.9750 | val_f1 0.9644 | grad(main/disc) 2.291/1.412 | lr(main/disc) 1.75e-05/8.75e-06 | 109.3s
2026-08-25 08:48:38 | Early stopping at epoch 67 after 9 epochs without val_f1_macro_present improvement.
2026-08-25 08:48:38 | Training complete. Best validation accuracy: 0.9750 | best val_f1_macro_present: 0.9644
2026-08-25 08:48:38 | Starting Dual_D standalone training
2026-08-25 08:48:38 | Run directory: runs/module_c_ablation/module_c_20260824_171004/module_c_no_module_c_逆光_iter01_20260825_050453
2026-08-25 08:48:38 | Device: cuda
2026-08-25 08:48:38 | Source train samples: 992
2026-08-25 08:48:38 | Target train samples: 132
2026-08-25 08:48:38 | Target val samples: 37
2026-08-25 08:48:38 | Classes: 14
2026-08-25 08:48:38 | Data audit: same_dir=False | path_overlap(vis/ir/ais)=0/0/0 | content_overlap(vis/ir/ais)=0/0/0 | ais_index_overlap=0 | stem_mismatch(vis-ir/vis-ais)=157/0
2026-08-25 08:48:38 | source_train classes: present 14/14 | absent 0 | counts [0:120, 1:44, 2:69, 3:45, 4:40, 5:30, 6:64, 7:80, 8:116, 9:68, 10:57, 11:83, 12:48, 13:128]
2026-08-25 08:48:38 | target_train classes: present 9/14 | absent 5 | counts [0:20, 2:12, 4:12, 5:2, 9:16, 10:16, 11:29, 12:4, 13:21]
2026-08-25 08:48:38 | target_val classes: present 9/14 | absent 5 | counts [0:6, 2:3, 4:4, 5:1, 9:4, 10:4, 11:8, 12:1, 13:6]
2026-08-25 08:48:38 | Paired training classes: 9/14 | class ids [0, 2, 4, 5, 9, 10, 11, 12, 13]
2026-08-25 08:48:38 | VIS/IR pairing: class-level-unpaired | count-mismatch classes train/val: 10/1 | AIS alignment: none | AIS rows train/val: 0/0
2026-08-25 08:48:38 | Model parameters: total=17277714 | trainable=17120210
Starting run 4/12: domain=逆光, iteration=1, seed=45
2026-08-25 08:49:33 | Epoch 001/100 | loss 5.6882 | cls 5.7403 | tal -0.1737 | dual_g 0.0000 | dual_d 0.0000 | train_acc 0.0547 | train_full 0.0076 | val_acc 0.0000 | val_f1 0.0000 | grad(main/disc) 17.747/0.000 | lr(main/disc) 7.00e-05/3.50e-05 | 54.5s
2026-08-25 08:49:36 | New best val_f1_macro_present: 0.0000 at epoch 1
2026-08-25 08:50:30 | Epoch 002/100 | loss 4.8075 | cls 4.8321 | tal -0.0819 | dual_g 0.0000 | dual_d 0.0000 | train_acc 0.0703 | train_full 0.0606 | val_acc 0.0270 | val_f1 0.0148 | grad(main/disc) 14.718/0.000 | lr(main/disc) 7.00e-05/3.50e-05 | 54.2s
2026-08-25 08:50:34 | New best val_f1_macro_present: 0.0148 at epoch 2
2026-08-25 08:51:27 | Epoch 003/100 | loss 4.2653 | cls 4.2780 | tal -0.0422 | dual_g 0.0000 | dual_d 0.0000 | train_acc 0.1875 | train_full 0.2273 | val_acc 0.2973 | val_f1 0.1919 | grad(main/disc) 12.968/0.000 | lr(main/disc) 7.00e-05/3.50e-05 | 53.4s
2026-08-25 08:51:30 | New best val_f1_macro_present: 0.1919 at epoch 3
2026-08-25 08:52:25 | Epoch 004/100 | loss 4.0278 | cls 4.0439 | tal -0.0538 | dual_g 0.0000 | dual_d 0.0000 | train_acc 0.2852 | train_full 0.2955 | val_acc 0.2973 | val_f1 0.1702 | grad(main/disc) 12.539/0.000 | lr(main/disc) 7.00e-05/3.50e-05 | 54.4s
2026-08-25 08:53:20 | Epoch 005/100 | loss 3.8066 | cls 3.8290 | tal -0.0744 | dual_g 0.0000 | dual_d 0.0000 | train_acc 0.2383 | train_full 0.3939 | val_acc 0.4054 | val_f1 0.3549 | grad(main/disc) 12.440/0.000 | lr(main/disc) 7.00e-05/3.50e-05 | 55.0s
2026-08-25 08:53:23 | New best val_f1_macro_present: 0.3549 at epoch 5
2026-08-25 08:54:18 | Epoch 006/100 | loss 3.4304 | cls 3.4433 | tal -0.0576 | dual_g 0.0044 | dual_d 0.8338 | train_acc 0.3516 | train_full 0.5606 | val_acc 0.4865 | val_f1 0.4832 | grad(main/disc) 11.062/1.743 | lr(main/disc) 7.00e-05/3.50e-05 | 55.5s
2026-08-25 08:54:22 | New best val_f1_macro_present: 0.4832 at epoch 6
2026-08-25 08:55:18 | Epoch 007/100 | loss 3.1051 | cls 3.1330 | tal -0.1213 | dual_g 0.0085 | dual_d 0.7937 | train_acc 0.4766 | train_full 0.6667 | val_acc 0.5676 | val_f1 0.5203 | grad(main/disc) 10.246/1.690 | lr(main/disc) 7.00e-05/3.50e-05 | 56.2s
2026-08-25 08:55:21 | New best val_f1_macro_present: 0.5203 at epoch 7
2026-08-25 08:56:12 | Epoch 008/100 | loss 3.0117 | cls 3.0668 | tal -0.2258 | dual_g 0.0126 | dual_d 0.8534 | train_acc 0.4883 | train_full 0.7045 | val_acc 0.6757 | val_f1 0.7180 | grad(main/disc) 10.076/1.673 | lr(main/disc) 7.00e-05/3.50e-05 | 50.9s
2026-08-25 08:56:15 | New best val_f1_macro_present: 0.7180 at epoch 8
2026-08-25 08:57:10 | Epoch 009/100 | loss 2.8314 | cls 2.8749 | tal -0.1974 | dual_g 0.0158 | dual_d 0.8419 | train_acc 0.5625 | train_full 0.7500 | val_acc 0.7027 | val_f1 0.7461 | grad(main/disc) 9.800/1.690 | lr(main/disc) 7.00e-05/3.50e-05 | 55.0s
2026-08-25 08:57:14 | New best val_f1_macro_present: 0.7461 at epoch 9
2026-08-25 08:58:08 | Epoch 010/100 | loss 2.6587 | cls 2.6948 | tal -0.1821 | dual_g 0.0186 | dual_d 0.8075 | train_acc 0.5625 | train_full 0.8182 | val_acc 0.7027 | val_f1 0.7461 | grad(main/disc) 9.451/1.603 | lr(main/disc) 7.00e-05/3.50e-05 | 54.1s
2026-08-25 08:59:03 | Epoch 011/100 | loss 2.4786 | cls 2.5174 | tal -0.2011 | dual_g 0.0215 | dual_d 0.8703 | train_acc 0.5938 | train_full 0.8864 | val_acc 0.7297 | val_f1 0.6775 | grad(main/disc) 9.032/1.658 | lr(main/disc) 7.00e-05/3.50e-05 | 55.2s
2026-08-25 08:59:59 | Epoch 012/100 | loss 2.4137 | cls 2.4382 | tal -0.1614 | dual_g 0.0239 | dual_d 0.8574 | train_acc 0.6289 | train_full 0.8485 | val_acc 0.8108 | val_f1 0.8389 | grad(main/disc) 8.903/1.623 | lr(main/disc) 7.00e-05/3.50e-05 | 56.1s
2026-08-25 09:00:02 | New best val_f1_macro_present: 0.8389 at epoch 12
2026-08-25 09:00:57 | Epoch 013/100 | loss 2.4014 | cls 2.4253 | tal -0.1698 | dual_g 0.0271 | dual_d 0.8774 | train_acc 0.7422 | train_full 0.8864 | val_acc 0.8108 | val_f1 0.8174 | grad(main/disc) 9.525/1.631 | lr(main/disc) 7.00e-05/3.50e-05 | 55.0s
2026-08-25 09:01:51 | Epoch 014/100 | loss 2.2864 | cls 2.3152 | tal -0.1835 | dual_g 0.0262 | dual_d 0.8749 | train_acc 0.6875 | train_full 0.8864 | val_acc 0.7838 | val_f1 0.7934 | grad(main/disc) 8.788/1.573 | lr(main/disc) 7.00e-05/3.50e-05 | 53.6s
2026-08-25 09:02:48 | Epoch 015/100 | loss 2.1470 | cls 2.1621 | tal -0.1457 | dual_g 0.0286 | dual_d 0.9375 | train_acc 0.6914 | train_full 0.8182 | val_acc 0.8108 | val_f1 0.8389 | grad(main/disc) 8.836/1.649 | lr(main/disc) 7.00e-05/3.50e-05 | 57.1s
2026-08-25 09:03:42 | Epoch 016/100 | loss 2.1629 | cls 2.1722 | tal -0.1312 | dual_g 0.0301 | dual_d 0.9385 | train_acc 0.7148 | train_full 0.9318 | val_acc 0.8108 | val_f1 0.8427 | grad(main/disc) 8.525/1.596 | lr(main/disc) 7.00e-05/3.50e-05 | 54.4s
2026-08-25 09:03:46 | New best val_f1_macro_present: 0.8427 at epoch 16
2026-08-25 09:04:40 | Epoch 017/100 | loss 2.2093 | cls 2.2263 | tal -0.1570 | dual_g 0.0301 | dual_d 0.9643 | train_acc 0.7383 | train_full 0.9167 | val_acc 0.8378 | val_f1 0.8653 | grad(main/disc) 9.583/1.681 | lr(main/disc) 7.00e-05/3.50e-05 | 54.2s
2026-08-25 09:04:43 | New best val_f1_macro_present: 0.8653 at epoch 17
2026-08-25 09:05:37 | Epoch 018/100 | loss 2.0732 | cls 2.0746 | tal -0.1121 | dual_g 0.0322 | dual_d 0.9769 | train_acc 0.7891 | train_full 0.9545 | val_acc 0.9189 | val_f1 0.9378 | grad(main/disc) 8.123/1.705 | lr(main/disc) 7.00e-05/3.50e-05 | 54.1s
2026-08-25 09:05:40 | New best val_f1_macro_present: 0.9378 at epoch 18
2026-08-25 09:06:36 | Epoch 019/100 | loss 1.9682 | cls 1.9766 | tal -0.1353 | dual_g 0.0322 | dual_d 0.9685 | train_acc 0.8359 | train_full 0.9470 | val_acc 0.8919 | val_f1 0.9135 | grad(main/disc) 8.358/1.646 | lr(main/disc) 7.00e-05/3.50e-05 | 55.9s
2026-08-25 09:07:28 | Epoch 020/100 | loss 1.9572 | cls 1.9663 | tal -0.1384 | dual_g 0.0325 | dual_d 0.9634 | train_acc 0.8164 | train_full 0.9470 | val_acc 0.8378 | val_f1 0.8611 | grad(main/disc) 8.236/1.638 | lr(main/disc) 7.00e-05/3.50e-05 | 52.1s
2026-08-25 09:08:21 | Epoch 021/100 | loss 1.8559 | cls 1.8539 | tal -0.0999 | dual_g 0.0320 | dual_d 0.9764 | train_acc 0.8242 | train_full 0.9167 | val_acc 0.8919 | val_f1 0.9158 | grad(main/disc) 7.214/1.621 | lr(main/disc) 7.00e-05/3.50e-05 | 52.6s
2026-08-25 09:09:15 | Epoch 022/100 | loss 1.8972 | cls 1.8973 | tal -0.1092 | dual_g 0.0327 | dual_d 1.0559 | train_acc 0.8086 | train_full 0.9545 | val_acc 0.8919 | val_f1 0.8903 | grad(main/disc) 7.871/1.706 | lr(main/disc) 7.00e-05/3.50e-05 | 53.7s
2026-08-25 09:10:09 | Epoch 023/100 | loss 1.7411 | cls 1.7401 | tal -0.1112 | dual_g 0.0343 | dual_d 1.0690 | train_acc 0.8945 | train_full 0.9924 | val_acc 0.9189 | val_f1 0.9272 | grad(main/disc) 7.674/1.785 | lr(main/disc) 7.00e-05/3.50e-05 | 54.7s
2026-08-25 09:11:03 | Epoch 024/100 | loss 1.7433 | cls 1.7518 | tal -0.1383 | dual_g 0.0330 | dual_d 1.0773 | train_acc 0.8828 | train_full 0.9773 | val_acc 0.9459 | val_f1 0.9603 | grad(main/disc) 7.724/1.719 | lr(main/disc) 7.00e-05/3.50e-05 | 54.0s
2026-08-25 09:11:07 | New best val_f1_macro_present: 0.9603 at epoch 24
2026-08-25 09:12:03 | Epoch 025/100 | loss 1.6743 | cls 1.6978 | tal -0.1838 | dual_g 0.0316 | dual_d 1.0475 | train_acc 0.8789 | train_full 0.9697 | val_acc 0.9730 | val_f1 0.9776 | grad(main/disc) 6.909/1.725 | lr(main/disc) 7.00e-05/3.50e-05 | 56.1s
2026-08-25 09:12:06 | New best val_f1_macro_present: 0.9776 at epoch 25
2026-08-25 09:12:59 | Epoch 026/100 | loss 1.6625 | cls 1.6735 | tal -0.1449 | dual_g 0.0325 | dual_d 1.1058 | train_acc 0.9062 | train_full 0.9697 | val_acc 0.9459 | val_f1 0.9578 | grad(main/disc) 7.532/1.807 | lr(main/disc) 7.00e-05/3.50e-05 | 53.0s
2026-08-25 09:13:55 | Epoch 027/100 | loss 1.6642 | cls 1.6455 | tal -0.0375 | dual_g 0.0299 | dual_d 1.1486 | train_acc 0.9062 | train_full 0.9773 | val_acc 0.9189 | val_f1 0.9358 | grad(main/disc) 6.843/1.789 | lr(main/disc) 7.00e-05/3.50e-05 | 55.9s
2026-08-25 09:14:49 | Epoch 028/100 | loss 1.6225 | cls 1.6356 | tal -0.1467 | dual_g 0.0309 | dual_d 1.1136 | train_acc 0.8984 | train_full 0.9773 | val_acc 0.8919 | val_f1 0.9158 | grad(main/disc) 6.894/1.724 | lr(main/disc) 7.00e-05/3.50e-05 | 54.0s
2026-08-25 09:15:44 | Epoch 029/100 | loss 1.6123 | cls 1.6298 | tal -0.1640 | dual_g 0.0316 | dual_d 1.1204 | train_acc 0.9297 | train_full 0.9773 | val_acc 0.9189 | val_f1 0.9331 | grad(main/disc) 6.984/1.740 | lr(main/disc) 7.00e-05/3.50e-05 | 54.8s
2026-08-25 09:16:38 | Epoch 030/100 | loss 1.5424 | cls 1.5596 | tal -0.1469 | dual_g 0.0269 | dual_d 1.1449 | train_acc 0.9297 | train_full 0.9848 | val_acc 0.9459 | val_f1 0.9556 | grad(main/disc) 6.257/1.819 | lr(main/disc) 7.00e-05/3.50e-05 | 54.2s
2026-08-25 09:17:32 | Epoch 031/100 | loss 1.5746 | cls 1.5753 | tal -0.0916 | dual_g 0.0268 | dual_d 1.1716 | train_acc 0.9336 | train_full 0.9848 | val_acc 0.9189 | val_f1 0.9358 | grad(main/disc) 6.442/1.779 | lr(main/disc) 7.00e-05/3.50e-05 | 53.5s
2026-08-25 09:18:27 | Epoch 032/100 | loss 1.5419 | cls 1.5703 | tal -0.1831 | dual_g 0.0265 | dual_d 1.1782 | train_acc 0.9219 | train_full 0.9848 | val_acc 0.9189 | val_f1 0.9358 | grad(main/disc) 6.280/1.798 | lr(main/disc) 3.50e-05/1.75e-05 | 55.4s
2026-08-25 09:19:20 | Epoch 033/100 | loss 1.5504 | cls 1.5940 | tal -0.2398 | dual_g 0.0283 | dual_d 1.1922 | train_acc 0.9453 | train_full 0.9848 | val_acc 0.9189 | val_f1 0.9358 | grad(main/disc) 6.702/1.771 | lr(main/disc) 3.50e-05/1.75e-05 | 53.1s
2026-08-25 09:20:13 | Epoch 034/100 | loss 1.4640 | cls 1.4977 | tal -0.2066 | dual_g 0.0283 | dual_d 1.2067 | train_acc 0.9531 | train_full 0.9773 | val_acc 0.9189 | val_f1 0.9358 | grad(main/disc) 5.499/1.865 | lr(main/disc) 3.50e-05/1.75e-05 | 53.3s
2026-08-25 09:20:13 | Early stopping at epoch 34 after 9 epochs without val_f1_macro_present improvement.
2026-08-25 09:20:13 | Training complete. Best validation accuracy: 0.9730 | best val_f1_macro_present: 0.9776
2026-08-25 09:20:13 | Starting Dual_D standalone training
2026-08-25 09:20:13 | Run directory: runs/module_c_ablation/module_c_20260824_171004/module_c_no_module_c_逆光_iter02_20260825_050453
2026-08-25 09:20:13 | Device: cuda
2026-08-25 09:20:13 | Source train samples: 992
2026-08-25 09:20:13 | Target train samples: 132
2026-08-25 09:20:13 | Target val samples: 37
2026-08-25 09:20:13 | Classes: 14
2026-08-25 09:20:13 | Data audit: same_dir=False | path_overlap(vis/ir/ais)=0/0/0 | content_overlap(vis/ir/ais)=0/0/0 | ais_index_overlap=0 | stem_mismatch(vis-ir/vis-ais)=157/0
2026-08-25 09:20:13 | source_train classes: present 14/14 | absent 0 | counts [0:120, 1:44, 2:69, 3:45, 4:40, 5:30, 6:64, 7:80, 8:116, 9:68, 10:57, 11:83, 12:48, 13:128]
2026-08-25 09:20:13 | target_train classes: present 9/14 | absent 5 | counts [0:20, 2:12, 4:12, 5:2, 9:16, 10:16, 11:29, 12:4, 13:21]
2026-08-25 09:20:13 | target_val classes: present 9/14 | absent 5 | counts [0:6, 2:3, 4:4, 5:1, 9:4, 10:4, 11:8, 12:1, 13:6]
2026-08-25 09:20:13 | Paired training classes: 9/14 | class ids [0, 2, 4, 5, 9, 10, 11, 12, 13]
2026-08-25 09:20:13 | VIS/IR pairing: class-level-unpaired | count-mismatch classes train/val: 10/1 | AIS alignment: none | AIS rows train/val: 0/0
2026-08-25 09:20:14 | Model parameters: total=17277714 | trainable=17120210
Starting run 5/12: domain=逆光, iteration=2, seed=46
2026-08-25 09:21:10 | Epoch 001/100 | loss 5.5531 | cls 5.6044 | tal -0.1710 | dual_g 0.0000 | dual_d 0.0000 | train_acc 0.0547 | train_full 0.1288 | val_acc 0.2162 | val_f1 0.1115 | grad(main/disc) 18.090/0.000 | lr(main/disc) 7.00e-05/3.50e-05 | 56.0s
2026-08-25 09:21:14 | New best val_f1_macro_present: 0.1115 at epoch 1
2026-08-25 09:22:09 | Epoch 002/100 | loss 4.7049 | cls 4.6942 | tal 0.0355 | dual_g 0.0000 | dual_d 0.0000 | train_acc 0.1641 | train_full 0.1970 | val_acc 0.1892 | val_f1 0.1288 | grad(main/disc) 15.429/0.000 | lr(main/disc) 7.00e-05/3.50e-05 | 55.5s
2026-08-25 09:22:12 | New best val_f1_macro_present: 0.1288 at epoch 2
2026-08-25 09:23:07 | Epoch 003/100 | loss 4.2051 | cls 4.1805 | tal 0.0819 | dual_g 0.0000 | dual_d 0.0000 | train_acc 0.2109 | train_full 0.1667 | val_acc 0.1351 | val_f1 0.0833 | grad(main/disc) 13.410/0.000 | lr(main/disc) 7.00e-05/3.50e-05 | 54.5s
2026-08-25 09:24:02 | Epoch 004/100 | loss 3.9430 | cls 3.9068 | tal 0.1209 | dual_g 0.0000 | dual_d 0.0000 | train_acc 0.3320 | train_full 0.2121 | val_acc 0.3243 | val_f1 0.2268 | grad(main/disc) 12.587/0.000 | lr(main/disc) 7.00e-05/3.50e-05 | 55.1s
2026-08-25 09:24:05 | New best val_f1_macro_present: 0.2268 at epoch 4
2026-08-25 09:25:01 | Epoch 005/100 | loss 3.6814 | cls 3.6322 | tal 0.1640 | dual_g 0.0000 | dual_d 0.0000 | train_acc 0.3359 | train_full 0.3258 | val_acc 0.3784 | val_f1 0.3932 | grad(main/disc) 11.578/0.000 | lr(main/disc) 7.00e-05/3.50e-05 | 55.9s
2026-08-25 09:25:05 | New best val_f1_macro_present: 0.3932 at epoch 5
2026-08-25 09:26:00 | Epoch 006/100 | loss 3.4009 | cls 3.3511 | tal 0.1524 | dual_g 0.0040 | dual_d 0.8808 | train_acc 0.4180 | train_full 0.5379 | val_acc 0.6216 | val_f1 0.7309 | grad(main/disc) 11.187/1.961 | lr(main/disc) 7.00e-05/3.50e-05 | 55.1s
2026-08-25 09:26:03 | New best val_f1_macro_present: 0.7309 at epoch 6
2026-08-25 09:26:57 | Epoch 007/100 | loss 3.2419 | cls 3.1765 | tal 0.1909 | dual_g 0.0081 | dual_d 0.8438 | train_acc 0.4688 | train_full 0.7879 | val_acc 0.7838 | val_f1 0.8014 | grad(main/disc) 10.657/1.786 | lr(main/disc) 7.00e-05/3.50e-05 | 54.2s
2026-08-25 09:27:00 | New best val_f1_macro_present: 0.8014 at epoch 7
2026-08-25 09:27:58 | Epoch 008/100 | loss 3.0658 | cls 2.9818 | tal 0.2410 | dual_g 0.0117 | dual_d 0.9367 | train_acc 0.5234 | train_full 0.8561 | val_acc 0.8378 | val_f1 0.8492 | grad(main/disc) 10.438/1.825 | lr(main/disc) 7.00e-05/3.50e-05 | 57.9s
2026-08-25 09:28:02 | New best val_f1_macro_present: 0.8492 at epoch 8
2026-08-25 09:28:56 | Epoch 009/100 | loss 3.0417 | cls 2.9487 | tal 0.2611 | dual_g 0.0147 | dual_d 0.8735 | train_acc 0.5117 | train_full 0.8333 | val_acc 0.8919 | val_f1 0.9022 | grad(main/disc) 10.860/1.910 | lr(main/disc) 7.00e-05/3.50e-05 | 54.4s
2026-08-25 09:28:59 | New best val_f1_macro_present: 0.9022 at epoch 9
2026-08-25 09:29:53 | Epoch 010/100 | loss 2.8504 | cls 2.7786 | tal 0.1813 | dual_g 0.0174 | dual_d 0.9150 | train_acc 0.5234 | train_full 0.8333 | val_acc 0.8919 | val_f1 0.8848 | grad(main/disc) 10.123/1.863 | lr(main/disc) 7.00e-05/3.50e-05 | 53.2s
2026-08-25 09:30:47 | Epoch 011/100 | loss 2.5949 | cls 2.5163 | tal 0.1935 | dual_g 0.0205 | dual_d 0.8944 | train_acc 0.6680 | train_full 0.8712 | val_acc 0.8919 | val_f1 0.8817 | grad(main/disc) 9.648/1.800 | lr(main/disc) 7.00e-05/3.50e-05 | 54.6s
2026-08-25 09:31:43 | Epoch 012/100 | loss 2.5180 | cls 2.4612 | tal 0.1179 | dual_g 0.0214 | dual_d 0.9877 | train_acc 0.6406 | train_full 0.8636 | val_acc 0.9189 | val_f1 0.9080 | grad(main/disc) 9.879/1.894 | lr(main/disc) 7.00e-05/3.50e-05 | 55.7s
2026-08-25 09:31:46 | New best val_f1_macro_present: 0.9080 at epoch 12
2026-08-25 09:32:40 | Epoch 013/100 | loss 2.5139 | cls 2.4662 | tal 0.0803 | dual_g 0.0236 | dual_d 1.0111 | train_acc 0.6719 | train_full 0.8864 | val_acc 0.9189 | val_f1 0.9412 | grad(main/disc) 10.034/1.885 | lr(main/disc) 7.00e-05/3.50e-05 | 53.3s
2026-08-25 09:32:43 | New best val_f1_macro_present: 0.9412 at epoch 13
2026-08-25 09:33:35 | Epoch 014/100 | loss 2.2668 | cls 2.2307 | tal 0.0318 | dual_g 0.0266 | dual_d 0.9746 | train_acc 0.6992 | train_full 0.8939 | val_acc 0.8649 | val_f1 0.8521 | grad(main/disc) 9.279/1.825 | lr(main/disc) 7.00e-05/3.50e-05 | 52.1s
2026-08-25 09:34:30 | Epoch 015/100 | loss 2.3283 | cls 2.2591 | tal 0.1419 | dual_g 0.0266 | dual_d 0.9820 | train_acc 0.7031 | train_full 0.9242 | val_acc 0.9189 | val_f1 0.9265 | grad(main/disc) 9.587/1.828 | lr(main/disc) 7.00e-05/3.50e-05 | 54.8s
2026-08-25 09:35:23 | Epoch 016/100 | loss 2.2748 | cls 2.2067 | tal 0.1341 | dual_g 0.0278 | dual_d 1.0176 | train_acc 0.7305 | train_full 0.9545 | val_acc 0.9189 | val_f1 0.9321 | grad(main/disc) 9.437/1.812 | lr(main/disc) 7.00e-05/3.50e-05 | 53.2s
2026-08-25 09:36:18 | Epoch 017/100 | loss 2.2262 | cls 2.1537 | tal 0.1442 | dual_g 0.0292 | dual_d 1.0256 | train_acc 0.7656 | train_full 0.9697 | val_acc 0.9459 | val_f1 0.9616 | grad(main/disc) 9.323/1.799 | lr(main/disc) 7.00e-05/3.50e-05 | 55.0s
2026-08-25 09:36:21 | New best val_f1_macro_present: 0.9616 at epoch 17
2026-08-25 09:37:16 | Epoch 018/100 | loss 2.1210 | cls 2.0312 | tal 0.1967 | dual_g 0.0308 | dual_d 1.0770 | train_acc 0.8242 | train_full 0.9697 | val_acc 0.9459 | val_f1 0.9616 | grad(main/disc) 9.609/1.863 | lr(main/disc) 7.00e-05/3.50e-05 | 54.7s
2026-08-25 09:38:11 | Epoch 019/100 | loss 2.0899 | cls 2.0049 | tal 0.1911 | dual_g 0.0277 | dual_d 1.0752 | train_acc 0.7930 | train_full 0.9470 | val_acc 0.9459 | val_f1 0.9616 | grad(main/disc) 8.782/1.809 | lr(main/disc) 7.00e-05/3.50e-05 | 54.6s
2026-08-25 09:39:06 | Epoch 020/100 | loss 2.0910 | cls 2.0124 | tal 0.1523 | dual_g 0.0329 | dual_d 1.0706 | train_acc 0.7891 | train_full 0.9394 | val_acc 0.9189 | val_f1 0.8929 | grad(main/disc) 9.601/1.880 | lr(main/disc) 7.00e-05/3.50e-05 | 55.2s
2026-08-25 09:39:59 | Epoch 021/100 | loss 1.9543 | cls 1.9106 | tal 0.0430 | dual_g 0.0307 | dual_d 1.0710 | train_acc 0.8242 | train_full 0.9621 | val_acc 0.9459 | val_f1 0.9458 | grad(main/disc) 8.184/1.849 | lr(main/disc) 7.00e-05/3.50e-05 | 53.5s
2026-08-25 09:40:54 | Epoch 022/100 | loss 1.9522 | cls 1.8893 | tal 0.1038 | dual_g 0.0318 | dual_d 1.0912 | train_acc 0.8125 | train_full 0.9848 | val_acc 0.9730 | val_f1 0.9683 | grad(main/disc) 8.465/1.811 | lr(main/disc) 7.00e-05/3.50e-05 | 54.5s
2026-08-25 09:40:57 | New best val_f1_macro_present: 0.9683 at epoch 22
2026-08-25 09:41:52 | Epoch 023/100 | loss 1.9159 | cls 1.8546 | tal 0.1005 | dual_g 0.0312 | dual_d 1.1366 | train_acc 0.8594 | train_full 0.9848 | val_acc 0.9730 | val_f1 0.9802 | grad(main/disc) 8.517/1.881 | lr(main/disc) 7.00e-05/3.50e-05 | 55.4s
2026-08-25 09:41:56 | New best val_f1_macro_present: 0.9802 at epoch 23
2026-08-25 09:42:50 | Epoch 024/100 | loss 1.8379 | cls 1.7986 | tal 0.0181 | dual_g 0.0339 | dual_d 1.0265 | train_acc 0.8438 | train_full 0.9773 | val_acc 0.9730 | val_f1 0.9802 | grad(main/disc) 8.191/1.718 | lr(main/disc) 7.00e-05/3.50e-05 | 54.2s
2026-08-25 09:43:46 | Epoch 025/100 | loss 1.8483 | cls 1.8109 | tal 0.0065 | dual_g 0.0354 | dual_d 1.0885 | train_acc 0.8828 | train_full 0.9621 | val_acc 0.9459 | val_f1 0.9278 | grad(main/disc) 7.676/1.815 | lr(main/disc) 7.00e-05/3.50e-05 | 55.9s
2026-08-25 09:44:41 | Epoch 026/100 | loss 1.7909 | cls 1.7317 | tal 0.0823 | dual_g 0.0345 | dual_d 1.1815 | train_acc 0.8516 | train_full 0.9924 | val_acc 0.9730 | val_f1 0.9840 | grad(main/disc) 7.322/1.846 | lr(main/disc) 7.00e-05/3.50e-05 | 55.5s
2026-08-25 09:44:44 | New best val_f1_macro_present: 0.9840 at epoch 26
2026-08-25 09:45:39 | Epoch 027/100 | loss 1.8065 | cls 1.7368 | tal 0.1165 | dual_g 0.0348 | dual_d 1.1154 | train_acc 0.8945 | train_full 0.9848 | val_acc 0.9459 | val_f1 0.9616 | grad(main/disc) 7.262/1.827 | lr(main/disc) 7.00e-05/3.50e-05 | 55.1s
2026-08-25 09:46:35 | Epoch 028/100 | loss 1.7151 | cls 1.6616 | tal 0.0729 | dual_g 0.0316 | dual_d 1.1333 | train_acc 0.8867 | train_full 0.9848 | val_acc 1.0000 | val_f1 1.0000 | grad(main/disc) 7.435/1.805 | lr(main/disc) 7.00e-05/3.50e-05 | 55.4s
2026-08-25 09:46:38 | New best val_f1_macro_present: 1.0000 at epoch 28
2026-08-25 09:47:33 | Epoch 029/100 | loss 1.6712 | cls 1.6182 | tal 0.0689 | dual_g 0.0324 | dual_d 1.1810 | train_acc 0.9062 | train_full 0.9848 | val_acc 1.0000 | val_f1 1.0000 | grad(main/disc) 7.263/1.910 | lr(main/disc) 7.00e-05/3.50e-05 | 54.6s
2026-08-25 09:48:28 | Epoch 030/100 | loss 1.6593 | cls 1.6123 | tal 0.0530 | dual_g 0.0311 | dual_d 1.1119 | train_acc 0.9180 | train_full 0.9924 | val_acc 0.9730 | val_f1 0.9802 | grad(main/disc) 6.751/1.696 | lr(main/disc) 7.00e-05/3.50e-05 | 55.5s
2026-08-25 09:49:23 | Epoch 031/100 | loss 1.6291 | cls 1.5863 | tal 0.0391 | dual_g 0.0310 | dual_d 1.1888 | train_acc 0.9297 | train_full 1.0000 | val_acc 0.9730 | val_f1 0.9802 | grad(main/disc) 6.304/1.850 | lr(main/disc) 7.00e-05/3.50e-05 | 54.7s
2026-08-25 09:50:19 | Epoch 032/100 | loss 1.6109 | cls 1.5546 | tal 0.0980 | dual_g 0.0269 | dual_d 1.2094 | train_acc 0.9219 | train_full 1.0000 | val_acc 1.0000 | val_f1 1.0000 | grad(main/disc) 6.332/1.852 | lr(main/disc) 7.00e-05/3.50e-05 | 55.8s
2026-08-25 09:51:13 | Epoch 033/100 | loss 1.5982 | cls 1.5758 | tal -0.0167 | dual_g 0.0275 | dual_d 1.2085 | train_acc 0.9297 | train_full 1.0000 | val_acc 0.9730 | val_f1 0.9802 | grad(main/disc) 6.742/1.793 | lr(main/disc) 7.00e-05/3.50e-05 | 54.2s
2026-08-25 09:52:08 | Epoch 034/100 | loss 1.6091 | cls 1.5838 | tal -0.0123 | dual_g 0.0291 | dual_d 1.1911 | train_acc 0.9531 | train_full 1.0000 | val_acc 0.9730 | val_f1 0.9802 | grad(main/disc) 6.524/1.771 | lr(main/disc) 7.00e-05/3.50e-05 | 54.9s
2026-08-25 09:53:03 | Epoch 035/100 | loss 1.5296 | cls 1.4935 | tal 0.0302 | dual_g 0.0271 | dual_d 1.2161 | train_acc 0.9531 | train_full 0.9924 | val_acc 0.9730 | val_f1 0.9802 | grad(main/disc) 5.800/1.795 | lr(main/disc) 3.50e-05/1.75e-05 | 55.6s
2026-08-25 09:53:57 | Epoch 036/100 | loss 1.5520 | cls 1.5153 | tal 0.0327 | dual_g 0.0269 | dual_d 1.1858 | train_acc 0.9375 | train_full 1.0000 | val_acc 0.9730 | val_f1 0.9802 | grad(main/disc) 5.980/1.779 | lr(main/disc) 3.50e-05/1.75e-05 | 53.6s
2026-08-25 09:54:53 | Epoch 037/100 | loss 1.5266 | cls 1.4959 | tal 0.0094 | dual_g 0.0279 | dual_d 1.2240 | train_acc 0.9727 | train_full 1.0000 | val_acc 0.9730 | val_f1 0.9802 | grad(main/disc) 5.793/1.749 | lr(main/disc) 3.50e-05/1.75e-05 | 56.1s
2026-08-25 09:54:53 | Early stopping at epoch 37 after 9 epochs without val_f1_macro_present improvement.
2026-08-25 09:54:53 | Training complete. Best validation accuracy: 1.0000 | best val_f1_macro_present: 1.0000
2026-08-25 09:54:53 | Starting Dual_D standalone training
2026-08-25 09:54:53 | Run directory: runs/module_c_ablation/module_c_20260824_171004/module_c_no_module_c_逆光_iter03_20260825_050453
2026-08-25 09:54:53 | Device: cuda
2026-08-25 09:54:53 | Source train samples: 992
2026-08-25 09:54:53 | Target train samples: 132
2026-08-25 09:54:53 | Target val samples: 37
2026-08-25 09:54:53 | Classes: 14
2026-08-25 09:54:53 | Data audit: same_dir=False | path_overlap(vis/ir/ais)=0/0/0 | content_overlap(vis/ir/ais)=0/0/0 | ais_index_overlap=0 | stem_mismatch(vis-ir/vis-ais)=157/0
2026-08-25 09:54:53 | source_train classes: present 14/14 | absent 0 | counts [0:120, 1:44, 2:69, 3:45, 4:40, 5:30, 6:64, 7:80, 8:116, 9:68, 10:57, 11:83, 12:48, 13:128]
2026-08-25 09:54:53 | target_train classes: present 9/14 | absent 5 | counts [0:20, 2:12, 4:12, 5:2, 9:16, 10:16, 11:29, 12:4, 13:21]
2026-08-25 09:54:53 | target_val classes: present 9/14 | absent 5 | counts [0:6, 2:3, 4:4, 5:1, 9:4, 10:4, 11:8, 12:1, 13:6]
2026-08-25 09:54:53 | Paired training classes: 9/14 | class ids [0, 2, 4, 5, 9, 10, 11, 12, 13]
2026-08-25 09:54:53 | VIS/IR pairing: class-level-unpaired | count-mismatch classes train/val: 10/1 | AIS alignment: none | AIS rows train/val: 0/0
2026-08-25 09:54:54 | Model parameters: total=17277714 | trainable=17120210
Starting run 6/12: domain=逆光, iteration=3, seed=47
2026-08-25 09:55:47 | Epoch 001/100 | loss 5.7007 | cls 5.6860 | tal 0.0489 | dual_g 0.0000 | dual_d 0.0000 | train_acc 0.0898 | train_full 0.1364 | val_acc 0.1892 | val_f1 0.0630 | grad(main/disc) 17.386/0.000 | lr(main/disc) 7.00e-05/3.50e-05 | 53.3s
2026-08-25 09:55:51 | New best val_f1_macro_present: 0.0630 at epoch 1
2026-08-25 09:56:45 | Epoch 002/100 | loss 4.5821 | cls 4.5613 | tal 0.0693 | dual_g 0.0000 | dual_d 0.0000 | train_acc 0.1445 | train_full 0.1818 | val_acc 0.2162 | val_f1 0.0635 | grad(main/disc) 13.911/0.000 | lr(main/disc) 7.00e-05/3.50e-05 | 54.4s
2026-08-25 09:57:39 | Epoch 003/100 | loss 4.2630 | cls 4.2480 | tal 0.0502 | dual_g 0.0000 | dual_d 0.0000 | train_acc 0.2344 | train_full 0.2121 | val_acc 0.2162 | val_f1 0.0641 | grad(main/disc) 12.683/0.000 | lr(main/disc) 7.00e-05/3.50e-05 | 54.0s
2026-08-25 09:57:42 | New best val_f1_macro_present: 0.0641 at epoch 3
2026-08-25 09:58:39 | Epoch 004/100 | loss 3.7991 | cls 3.7579 | tal 0.1375 | dual_g 0.0000 | dual_d 0.0000 | train_acc 0.3438 | train_full 0.3636 | val_acc 0.4054 | val_f1 0.3813 | grad(main/disc) 11.527/0.000 | lr(main/disc) 7.00e-05/3.50e-05 | 56.2s
2026-08-25 09:58:42 | New best val_f1_macro_present: 0.3813 at epoch 4
2026-08-25 09:59:39 | Epoch 005/100 | loss 3.5944 | cls 3.5422 | tal 0.1740 | dual_g 0.0000 | dual_d 0.0000 | train_acc 0.3672 | train_full 0.4091 | val_acc 0.5135 | val_f1 0.4146 | grad(main/disc) 10.898/0.000 | lr(main/disc) 7.00e-05/3.50e-05 | 57.4s
2026-08-25 09:59:42 | New best val_f1_macro_present: 0.4146 at epoch 5
2026-08-25 10:00:38 | Epoch 006/100 | loss 3.4928 | cls 3.4271 | tal 0.2106 | dual_g 0.0026 | dual_d 0.8702 | train_acc 0.4258 | train_full 0.5303 | val_acc 0.5135 | val_f1 0.4130 | grad(main/disc) 11.079/1.812 | lr(main/disc) 7.00e-05/3.50e-05 | 55.4s
2026-08-25 10:01:33 | Epoch 007/100 | loss 3.2497 | cls 3.2239 | tal 0.0705 | dual_g 0.0047 | dual_d 0.9117 | train_acc 0.4492 | train_full 0.7500 | val_acc 0.7568 | val_f1 0.7084 | grad(main/disc) 10.596/1.844 | lr(main/disc) 7.00e-05/3.50e-05 | 54.9s
2026-08-25 10:01:36 | New best val_f1_macro_present: 0.7084 at epoch 7
2026-08-25 10:02:31 | Epoch 008/100 | loss 3.1017 | cls 3.0737 | tal 0.0695 | dual_g 0.0071 | dual_d 0.9272 | train_acc 0.4805 | train_full 0.8561 | val_acc 0.8108 | val_f1 0.8395 | grad(main/disc) 10.055/1.798 | lr(main/disc) 7.00e-05/3.50e-05 | 55.2s
2026-08-25 10:02:34 | New best val_f1_macro_present: 0.8395 at epoch 8
2026-08-25 10:03:31 | Epoch 009/100 | loss 2.8993 | cls 2.8609 | tal 0.0966 | dual_g 0.0094 | dual_d 0.8516 | train_acc 0.5547 | train_full 0.8485 | val_acc 0.8108 | val_f1 0.8431 | grad(main/disc) 9.684/1.668 | lr(main/disc) 7.00e-05/3.50e-05 | 56.3s
2026-08-25 10:03:34 | New best val_f1_macro_present: 0.8431 at epoch 9
2026-08-25 10:04:31 | Epoch 010/100 | loss 2.9253 | cls 2.9030 | tal 0.0410 | dual_g 0.0100 | dual_d 0.9204 | train_acc 0.5547 | train_full 0.8561 | val_acc 0.8378 | val_f1 0.8650 | grad(main/disc) 9.900/1.771 | lr(main/disc) 7.00e-05/3.50e-05 | 57.0s
2026-08-25 10:04:35 | New best val_f1_macro_present: 0.8650 at epoch 10
2026-08-25 10:05:32 | Epoch 011/100 | loss 2.6296 | cls 2.6135 | tal 0.0121 | dual_g 0.0125 | dual_d 0.9483 | train_acc 0.6055 | train_full 0.9242 | val_acc 0.9189 | val_f1 0.9393 | grad(main/disc) 9.307/1.711 | lr(main/disc) 7.00e-05/3.50e-05 | 57.8s
2026-08-25 10:05:36 | New best val_f1_macro_present: 0.9393 at epoch 11
2026-08-25 10:06:30 | Epoch 012/100 | loss 2.5885 | cls 2.5744 | tal 0.0023 | dual_g 0.0134 | dual_d 0.9668 | train_acc 0.6016 | train_full 0.9470 | val_acc 0.9189 | val_f1 0.9396 | grad(main/disc) 9.239/1.782 | lr(main/disc) 7.00e-05/3.50e-05 | 54.2s
2026-08-25 10:07:25 | Epoch 013/100 | loss 2.4024 | cls 2.3890 | tal -0.0027 | dual_g 0.0142 | dual_d 1.0028 | train_acc 0.6953 | train_full 0.8864 | val_acc 0.8649 | val_f1 0.8748 | grad(main/disc) 9.156/1.781 | lr(main/disc) 7.00e-05/3.50e-05 | 54.9s
2026-08-25 10:08:20 | Epoch 014/100 | loss 2.3057 | cls 2.2979 | tal -0.0278 | dual_g 0.0161 | dual_d 1.0327 | train_acc 0.6719 | train_full 0.9470 | val_acc 0.9459 | val_f1 0.9616 | grad(main/disc) 8.957/1.835 | lr(main/disc) 7.00e-05/3.50e-05 | 55.0s
2026-08-25 10:08:23 | New best val_f1_macro_present: 0.9616 at epoch 14
2026-08-25 10:09:17 | Epoch 015/100 | loss 2.2721 | cls 2.2706 | tal -0.0521 | dual_g 0.0171 | dual_d 1.0385 | train_acc 0.7148 | train_full 0.9318 | val_acc 0.8919 | val_f1 0.9117 | grad(main/disc) 9.583/1.869 | lr(main/disc) 7.00e-05/3.50e-05 | 54.2s
2026-08-25 10:10:13 | Epoch 016/100 | loss 2.1374 | cls 2.1302 | tal -0.0384 | dual_g 0.0187 | dual_d 1.0409 | train_acc 0.7500 | train_full 0.9318 | val_acc 0.8649 | val_f1 0.8748 | grad(main/disc) 8.870/1.802 | lr(main/disc) 7.00e-05/3.50e-05 | 55.6s
2026-08-25 10:11:07 | Epoch 017/100 | loss 2.0771 | cls 2.0970 | tal -0.1313 | dual_g 0.0194 | dual_d 1.0088 | train_acc 0.6953 | train_full 0.9621 | val_acc 0.9459 | val_f1 0.9616 | grad(main/disc) 8.842/1.733 | lr(main/disc) 7.00e-05/3.50e-05 | 54.4s
2026-08-25 10:12:02 | Epoch 018/100 | loss 2.0178 | cls 2.0157 | tal -0.0573 | dual_g 0.0193 | dual_d 1.0213 | train_acc 0.7461 | train_full 0.9697 | val_acc 0.9189 | val_f1 0.9396 | grad(main/disc) 9.130/1.714 | lr(main/disc) 7.00e-05/3.50e-05 | 54.4s
2026-08-25 10:12:54 | Epoch 019/100 | loss 1.9544 | cls 1.9518 | tal -0.0565 | dual_g 0.0195 | dual_d 1.0567 | train_acc 0.8359 | train_full 0.9470 | val_acc 0.9189 | val_f1 0.9396 | grad(main/disc) 9.503/1.717 | lr(main/disc) 7.00e-05/3.50e-05 | 52.2s
2026-08-25 10:13:50 | Epoch 020/100 | loss 1.9044 | cls 1.8759 | tal 0.0201 | dual_g 0.0224 | dual_d 1.0631 | train_acc 0.8203 | train_full 0.9621 | val_acc 0.9459 | val_f1 0.9616 | grad(main/disc) 9.438/1.741 | lr(main/disc) 7.00e-05/3.50e-05 | 56.2s
2026-08-25 10:14:42 | Epoch 021/100 | loss 1.8750 | cls 1.8490 | tal 0.0162 | dual_g 0.0212 | dual_d 1.1465 | train_acc 0.8320 | train_full 0.9697 | val_acc 0.9189 | val_f1 0.9261 | grad(main/disc) 7.653/1.817 | lr(main/disc) 3.50e-05/1.75e-05 | 51.8s
2026-08-25 10:15:36 | Epoch 022/100 | loss 1.7944 | cls 1.7871 | tal -0.0540 | dual_g 0.0235 | dual_d 1.0999 | train_acc 0.8633 | train_full 0.9773 | val_acc 0.9189 | val_f1 0.9358 | grad(main/disc) 8.133/1.772 | lr(main/disc) 3.50e-05/1.75e-05 | 54.2s
2026-08-25 10:16:29 | Epoch 023/100 | loss 1.8045 | cls 1.7887 | tal -0.0171 | dual_g 0.0209 | dual_d 1.1186 | train_acc 0.8867 | train_full 1.0000 | val_acc 0.9459 | val_f1 0.9578 | grad(main/disc) 7.559/1.732 | lr(main/disc) 3.50e-05/1.75e-05 | 53.3s
2026-08-25 10:16:29 | Early stopping at epoch 23 after 9 epochs without val_f1_macro_present improvement.
2026-08-25 10:16:29 | Training complete. Best validation accuracy: 0.9459 | best val_f1_macro_present: 0.9616
2026-08-25 10:16:29 | Starting Dual_D standalone training
2026-08-25 10:16:29 | Run directory: runs/module_c_ablation/module_c_20260824_171004/module_c_no_module_c_雾天_iter01_20260825_050453
2026-08-25 10:16:29 | Device: cuda
2026-08-25 10:16:29 | Source train samples: 992
2026-08-25 10:16:29 | Target train samples: 507
2026-08-25 10:16:29 | Target val samples: 132
2026-08-25 10:16:29 | Classes: 14
2026-08-25 10:16:29 | Data audit: same_dir=False | path_overlap(vis/ir/ais)=0/0/0 | content_overlap(vis/ir/ais)=0/0/0 | ais_index_overlap=0 | stem_mismatch(vis-ir/vis-ais)=630/0
2026-08-25 10:16:29 | source_train classes: present 14/14 | absent 0 | counts [0:120, 1:44, 2:69, 3:45, 4:40, 5:30, 6:64, 7:80, 8:116, 9:68, 10:57, 11:83, 12:48, 13:128]
2026-08-25 10:16:29 | target_train classes: present 9/14 | absent 5 | counts [0:35, 1:18, 2:119, 6:110, 8:25, 9:50, 10:48, 12:9, 13:93]
2026-08-25 10:16:29 | target_val classes: present 9/14 | absent 5 | counts [0:9, 1:5, 2:30, 6:28, 8:7, 9:13, 10:13, 12:3, 13:24]
2026-08-25 10:16:29 | Paired training classes: 9/14 | class ids [0, 1, 2, 6, 8, 9, 10, 12, 13]
2026-08-25 10:16:29 | VIS/IR pairing: class-level-unpaired | count-mismatch classes train/val: 10/2 | AIS alignment: none | AIS rows train/val: 0/0
2026-08-25 10:16:30 | Model parameters: total=17277714 | trainable=17120210
Starting run 7/12: domain=雾天, iteration=1, seed=48
2026-08-25 10:18:17 | Epoch 001/100 | loss 5.1256 | cls 5.1464 | tal -0.0692 | dual_g 0.0000 | dual_d 0.0000 | train_acc 0.0918 | train_full 0.1164 | val_acc 0.1515 | val_f1 0.0495 | grad(main/disc) 16.074/0.000 | lr(main/disc) 7.00e-05/3.50e-05 | 107.0s
2026-08-25 10:18:21 | New best val_f1_macro_present: 0.0495 at epoch 1
2026-08-25 10:20:03 | Epoch 002/100 | loss 4.2290 | cls 4.2604 | tal -0.1047 | dual_g 0.0000 | dual_d 0.0000 | train_acc 0.1660 | train_full 0.2051 | val_acc 0.1970 | val_f1 0.0860 | grad(main/disc) 13.124/0.000 | lr(main/disc) 7.00e-05/3.50e-05 | 101.9s
2026-08-25 10:20:06 | New best val_f1_macro_present: 0.0860 at epoch 2
2026-08-25 10:21:49 | Epoch 003/100 | loss 3.7947 | cls 3.8508 | tal -0.1869 | dual_g 0.0000 | dual_d 0.0000 | train_acc 0.2266 | train_full 0.3254 | val_acc 0.3636 | val_f1 0.2228 | grad(main/disc) 11.609/0.000 | lr(main/disc) 7.00e-05/3.50e-05 | 102.6s
2026-08-25 10:21:52 | New best val_f1_macro_present: 0.2228 at epoch 3
2026-08-25 10:23:36 | Epoch 004/100 | loss 3.4988 | cls 3.5660 | tal -0.2239 | dual_g 0.0000 | dual_d 0.0000 | train_acc 0.2793 | train_full 0.4280 | val_acc 0.3788 | val_f1 0.3629 | grad(main/disc) 10.703/0.000 | lr(main/disc) 7.00e-05/3.50e-05 | 103.8s
2026-08-25 10:23:39 | New best val_f1_macro_present: 0.3629 at epoch 4
2026-08-25 10:25:20 | Epoch 005/100 | loss 3.2921 | cls 3.3429 | tal -0.1693 | dual_g 0.0000 | dual_d 0.0000 | train_acc 0.3223 | train_full 0.4320 | val_acc 0.3712 | val_f1 0.3745 | grad(main/disc) 10.452/0.000 | lr(main/disc) 7.00e-05/3.50e-05 | 101.3s
2026-08-25 10:25:24 | New best val_f1_macro_present: 0.3745 at epoch 5
2026-08-25 10:27:08 | Epoch 006/100 | loss 3.1425 | cls 3.1896 | tal -0.1732 | dual_g 0.0049 | dual_d 0.9713 | train_acc 0.3633 | train_full 0.4931 | val_acc 0.4697 | val_f1 0.4941 | grad(main/disc) 10.479/1.944 | lr(main/disc) 7.00e-05/3.50e-05 | 104.6s
2026-08-25 10:27:12 | New best val_f1_macro_present: 0.4941 at epoch 6
2026-08-25 10:29:00 | Epoch 007/100 | loss 2.9333 | cls 2.9698 | tal -0.1522 | dual_g 0.0091 | dual_d 1.0018 | train_acc 0.4180 | train_full 0.5424 | val_acc 0.4924 | val_f1 0.5216 | grad(main/disc) 9.982/1.934 | lr(main/disc) 7.00e-05/3.50e-05 | 108.6s
2026-08-25 10:29:04 | New best val_f1_macro_present: 0.5216 at epoch 7
2026-08-25 10:30:52 | Epoch 008/100 | loss 2.7427 | cls 2.7702 | tal -0.1325 | dual_g 0.0122 | dual_d 1.0107 | train_acc 0.4961 | train_full 0.5661 | val_acc 0.5303 | val_f1 0.5752 | grad(main/disc) 10.124/1.946 | lr(main/disc) 7.00e-05/3.50e-05 | 108.8s
2026-08-25 10:30:56 | New best val_f1_macro_present: 0.5752 at epoch 8
2026-08-25 10:32:41 | Epoch 009/100 | loss 2.6391 | cls 2.6738 | tal -0.1638 | dual_g 0.0144 | dual_d 1.0415 | train_acc 0.4883 | train_full 0.5897 | val_acc 0.6364 | val_f1 0.6432 | grad(main/disc) 10.200/1.941 | lr(main/disc) 7.00e-05/3.50e-05 | 105.6s
2026-08-25 10:32:45 | New best val_f1_macro_present: 0.6432 at epoch 9
2026-08-25 10:34:29 | Epoch 010/100 | loss 2.5285 | cls 2.5615 | tal -0.1656 | dual_g 0.0167 | dual_d 1.0934 | train_acc 0.5293 | train_full 0.7179 | val_acc 0.7121 | val_f1 0.7323 | grad(main/disc) 9.529/1.967 | lr(main/disc) 7.00e-05/3.50e-05 | 104.8s
2026-08-25 10:34:33 | New best val_f1_macro_present: 0.7323 at epoch 10
2026-08-25 10:36:13 | Epoch 011/100 | loss 2.4054 | cls 2.4349 | tal -0.1590 | dual_g 0.0183 | dual_d 1.0974 | train_acc 0.5586 | train_full 0.7515 | val_acc 0.7424 | val_f1 0.7400 | grad(main/disc) 9.722/1.970 | lr(main/disc) 7.00e-05/3.50e-05 | 100.7s
2026-08-25 10:36:17 | New best val_f1_macro_present: 0.7400 at epoch 11
2026-08-25 10:38:01 | Epoch 012/100 | loss 2.3958 | cls 2.4224 | tal -0.1529 | dual_g 0.0192 | dual_d 1.1300 | train_acc 0.4922 | train_full 0.7239 | val_acc 0.7803 | val_f1 0.7677 | grad(main/disc) 9.913/1.966 | lr(main/disc) 7.00e-05/3.50e-05 | 104.3s
2026-08-25 10:38:04 | New best val_f1_macro_present: 0.7677 at epoch 12
2026-08-25 10:39:51 | Epoch 013/100 | loss 2.2534 | cls 2.2803 | tal -0.1537 | dual_g 0.0192 | dual_d 1.1180 | train_acc 0.5918 | train_full 0.7160 | val_acc 0.6894 | val_f1 0.7041 | grad(main/disc) 10.007/1.948 | lr(main/disc) 7.00e-05/3.50e-05 | 106.5s
2026-08-25 10:41:35 | Epoch 014/100 | loss 2.2420 | cls 2.2526 | tal -0.1050 | dual_g 0.0209 | dual_d 1.1254 | train_acc 0.6094 | train_full 0.7574 | val_acc 0.7500 | val_f1 0.7555 | grad(main/disc) 9.910/1.909 | lr(main/disc) 7.00e-05/3.50e-05 | 104.0s
2026-08-25 10:43:13 | Epoch 015/100 | loss 2.1004 | cls 2.1088 | tal -0.0998 | dual_g 0.0216 | dual_d 1.1585 | train_acc 0.6562 | train_full 0.7258 | val_acc 0.7273 | val_f1 0.7446 | grad(main/disc) 9.335/1.925 | lr(main/disc) 7.00e-05/3.50e-05 | 98.3s
2026-08-25 10:45:03 | Epoch 016/100 | loss 2.0275 | cls 2.0254 | tal -0.0614 | dual_g 0.0206 | dual_d 1.1941 | train_acc 0.6973 | train_full 0.7988 | val_acc 0.7576 | val_f1 0.7635 | grad(main/disc) 9.603/1.897 | lr(main/disc) 7.00e-05/3.50e-05 | 109.5s
2026-08-25 10:46:46 | Epoch 017/100 | loss 2.0203 | cls 2.0259 | tal -0.0915 | dual_g 0.0219 | dual_d 1.2063 | train_acc 0.7402 | train_full 0.8107 | val_acc 0.7803 | val_f1 0.7852 | grad(main/disc) 9.357/1.876 | lr(main/disc) 7.00e-05/3.50e-05 | 103.3s
2026-08-25 10:46:49 | New best val_f1_macro_present: 0.7852 at epoch 17
2026-08-25 10:48:31 | Epoch 018/100 | loss 1.9066 | cls 1.9151 | tal -0.1054 | dual_g 0.0230 | dual_d 1.2276 | train_acc 0.7461 | train_full 0.8422 | val_acc 0.8258 | val_f1 0.8234 | grad(main/disc) 8.618/1.892 | lr(main/disc) 7.00e-05/3.50e-05 | 101.9s
2026-08-25 10:48:34 | New best val_f1_macro_present: 0.8234 at epoch 18
2026-08-25 10:50:22 | Epoch 019/100 | loss 1.8669 | cls 1.8661 | tal -0.0778 | dual_g 0.0242 | dual_d 1.2549 | train_acc 0.7598 | train_full 0.8304 | val_acc 0.8030 | val_f1 0.8024 | grad(main/disc) 8.633/1.915 | lr(main/disc) 7.00e-05/3.50e-05 | 107.4s
2026-08-25 10:52:11 | Epoch 020/100 | loss 1.8222 | cls 1.8166 | tal -0.0605 | dual_g 0.0237 | dual_d 1.2705 | train_acc 0.7773 | train_full 0.8343 | val_acc 0.8258 | val_f1 0.8216 | grad(main/disc) 8.410/1.896 | lr(main/disc) 7.00e-05/3.50e-05 | 109.5s
2026-08-25 10:53:59 | Epoch 021/100 | loss 1.7787 | cls 1.7782 | tal -0.0837 | dual_g 0.0257 | dual_d 1.2784 | train_acc 0.7656 | train_full 0.8442 | val_acc 0.8636 | val_f1 0.8511 | grad(main/disc) 8.122/1.881 | lr(main/disc) 7.00e-05/3.50e-05 | 107.8s
2026-08-25 10:54:02 | New best val_f1_macro_present: 0.8511 at epoch 21
2026-08-25 10:55:50 | Epoch 022/100 | loss 1.7152 | cls 1.7315 | tal -0.1412 | dual_g 0.0260 | dual_d 1.2378 | train_acc 0.8320 | train_full 0.8994 | val_acc 0.8864 | val_f1 0.9017 | grad(main/disc) 8.559/1.844 | lr(main/disc) 7.00e-05/3.50e-05 | 107.4s
2026-08-25 10:55:53 | New best val_f1_macro_present: 0.9017 at epoch 22
2026-08-25 10:57:46 | Epoch 023/100 | loss 1.6693 | cls 1.6836 | tal -0.1410 | dual_g 0.0280 | dual_d 1.2631 | train_acc 0.8203 | train_full 0.8955 | val_acc 0.8636 | val_f1 0.8536 | grad(main/disc) 7.796/1.827 | lr(main/disc) 7.00e-05/3.50e-05 | 112.3s
2026-08-25 10:59:36 | Epoch 024/100 | loss 1.6573 | cls 1.6867 | tal -0.1918 | dual_g 0.0282 | dual_d 1.2787 | train_acc 0.8398 | train_full 0.8836 | val_acc 0.8636 | val_f1 0.8591 | grad(main/disc) 7.611/1.823 | lr(main/disc) 7.00e-05/3.50e-05 | 110.8s
2026-08-25 11:01:27 | Epoch 025/100 | loss 1.5677 | cls 1.6007 | tal -0.2050 | dual_g 0.0285 | dual_d 1.2627 | train_acc 0.8672 | train_full 0.8955 | val_acc 0.8864 | val_f1 0.8498 | grad(main/disc) 6.911/1.800 | lr(main/disc) 7.00e-05/3.50e-05 | 110.4s
2026-08-25 11:03:17 | Epoch 026/100 | loss 1.5317 | cls 1.5664 | tal -0.2113 | dual_g 0.0287 | dual_d 1.2218 | train_acc 0.8652 | train_full 0.9408 | val_acc 0.9242 | val_f1 0.9055 | grad(main/disc) 7.063/1.777 | lr(main/disc) 7.00e-05/3.50e-05 | 110.6s
2026-08-25 11:03:21 | New best val_f1_macro_present: 0.9055 at epoch 26
2026-08-25 11:05:07 | Epoch 027/100 | loss 1.5183 | cls 1.5462 | tal -0.1826 | dual_g 0.0269 | dual_d 1.2730 | train_acc 0.8965 | train_full 0.9487 | val_acc 0.9242 | val_f1 0.9200 | grad(main/disc) 6.873/1.752 | lr(main/disc) 7.00e-05/3.50e-05 | 106.7s
2026-08-25 11:05:11 | New best val_f1_macro_present: 0.9200 at epoch 27
2026-08-25 11:07:03 | Epoch 028/100 | loss 1.5183 | cls 1.5350 | tal -0.1476 | dual_g 0.0277 | dual_d 1.2512 | train_acc 0.8887 | train_full 0.9606 | val_acc 0.9318 | val_f1 0.9033 | grad(main/disc) 7.435/1.755 | lr(main/disc) 7.00e-05/3.50e-05 | 112.7s
2026-08-25 11:08:53 | Epoch 029/100 | loss 1.5156 | cls 1.5179 | tal -0.1012 | dual_g 0.0280 | dual_d 1.2499 | train_acc 0.8906 | train_full 0.9487 | val_acc 0.8939 | val_f1 0.8626 | grad(main/disc) 7.435/1.738 | lr(main/disc) 7.00e-05/3.50e-05 | 109.8s
2026-08-25 11:10:38 | Epoch 030/100 | loss 1.5471 | cls 1.5417 | tal -0.0704 | dual_g 0.0266 | dual_d 1.2875 | train_acc 0.8672 | train_full 0.9487 | val_acc 0.9394 | val_f1 0.9204 | grad(main/disc) 7.645/1.760 | lr(main/disc) 7.00e-05/3.50e-05 | 105.2s
2026-08-25 11:12:22 | Epoch 031/100 | loss 1.5012 | cls 1.4963 | tal -0.0708 | dual_g 0.0262 | dual_d 1.2599 | train_acc 0.8828 | train_full 0.9546 | val_acc 0.9394 | val_f1 0.9247 | grad(main/disc) 6.658/1.721 | lr(main/disc) 7.00e-05/3.50e-05 | 103.5s
2026-08-25 11:12:25 | New best val_f1_macro_present: 0.9247 at epoch 31
2026-08-25 11:14:13 | Epoch 032/100 | loss 1.4703 | cls 1.4763 | tal -0.1114 | dual_g 0.0275 | dual_d 1.2816 | train_acc 0.9277 | train_full 0.9349 | val_acc 0.9091 | val_f1 0.8756 | grad(main/disc) 5.910/1.760 | lr(main/disc) 7.00e-05/3.50e-05 | 108.0s
2026-08-25 11:15:58 | Epoch 033/100 | loss 1.4393 | cls 1.4435 | tal -0.1013 | dual_g 0.0262 | dual_d 1.2499 | train_acc 0.9277 | train_full 0.9783 | val_acc 0.9470 | val_f1 0.9352 | grad(main/disc) 6.526/1.700 | lr(main/disc) 7.00e-05/3.50e-05 | 104.5s
2026-08-25 11:16:01 | New best val_f1_macro_present: 0.9352 at epoch 33
2026-08-25 11:17:49 | Epoch 034/100 | loss 1.4627 | cls 1.4788 | tal -0.1438 | dual_g 0.0271 | dual_d 1.1879 | train_acc 0.9160 | train_full 0.9586 | val_acc 0.9697 | val_f1 0.9658 | grad(main/disc) 5.934/1.620 | lr(main/disc) 7.00e-05/3.50e-05 | 108.1s
2026-08-25 11:17:52 | New best val_f1_macro_present: 0.9658 at epoch 34
2026-08-25 11:19:41 | Epoch 035/100 | loss 1.4541 | cls 1.4451 | tal -0.0584 | dual_g 0.0265 | dual_d 1.2188 | train_acc 0.9355 | train_full 0.9724 | val_acc 0.9242 | val_f1 0.9009 | grad(main/disc) 6.197/1.683 | lr(main/disc) 7.00e-05/3.50e-05 | 108.9s
2026-08-25 11:21:30 | Epoch 036/100 | loss 1.4198 | cls 1.4162 | tal -0.0792 | dual_g 0.0273 | dual_d 1.2056 | train_acc 0.9590 | train_full 0.9704 | val_acc 0.9318 | val_f1 0.9120 | grad(main/disc) 5.339/1.656 | lr(main/disc) 7.00e-05/3.50e-05 | 108.7s
2026-08-25 11:23:12 | Epoch 037/100 | loss 1.4232 | cls 1.4202 | tal -0.0798 | dual_g 0.0269 | dual_d 1.2453 | train_acc 0.9434 | train_full 0.9645 | val_acc 0.9394 | val_f1 0.9145 | grad(main/disc) 5.944/1.654 | lr(main/disc) 7.00e-05/3.50e-05 | 102.2s
2026-08-25 11:24:56 | Epoch 038/100 | loss 1.4066 | cls 1.3948 | tal -0.0497 | dual_g 0.0268 | dual_d 1.2334 | train_acc 0.9492 | train_full 0.9862 | val_acc 0.9394 | val_f1 0.9128 | grad(main/disc) 5.038/1.617 | lr(main/disc) 7.00e-05/3.50e-05 | 103.5s
2026-08-25 11:26:43 | Epoch 039/100 | loss 1.4071 | cls 1.4022 | tal -0.0778 | dual_g 0.0282 | dual_d 1.2013 | train_acc 0.9570 | train_full 0.9803 | val_acc 0.9470 | val_f1 0.9400 | grad(main/disc) 5.363/1.599 | lr(main/disc) 7.00e-05/3.50e-05 | 107.4s
2026-08-25 11:28:29 | Epoch 040/100 | loss 1.4055 | cls 1.3902 | tal -0.0407 | dual_g 0.0275 | dual_d 1.2243 | train_acc 0.9570 | train_full 0.9822 | val_acc 0.9697 | val_f1 0.9606 | grad(main/disc) 5.042/1.635 | lr(main/disc) 7.00e-05/3.50e-05 | 105.6s
2026-08-25 11:30:14 | Epoch 041/100 | loss 1.3959 | cls 1.3824 | tal -0.0434 | dual_g 0.0266 | dual_d 1.2778 | train_acc 0.9570 | train_full 0.9822 | val_acc 0.9545 | val_f1 0.9473 | grad(main/disc) 4.673/1.724 | lr(main/disc) 3.50e-05/1.75e-05 | 105.6s
2026-08-25 11:32:00 | Epoch 042/100 | loss 1.3941 | cls 1.3763 | tal -0.0316 | dual_g 0.0273 | dual_d 1.2780 | train_acc 0.9434 | train_full 0.9921 | val_acc 0.9773 | val_f1 0.9767 | grad(main/disc) 4.793/1.706 | lr(main/disc) 3.50e-05/1.75e-05 | 105.7s
2026-08-25 11:32:03 | New best val_f1_macro_present: 0.9767 at epoch 42
2026-08-25 11:33:53 | Epoch 043/100 | loss 1.3649 | cls 1.3480 | tal -0.0343 | dual_g 0.0272 | dual_d 1.2385 | train_acc 0.9727 | train_full 0.9961 | val_acc 0.9621 | val_f1 0.9582 | grad(main/disc) 4.213/1.608 | lr(main/disc) 3.50e-05/1.75e-05 | 109.6s
2026-08-25 11:35:38 | Epoch 044/100 | loss 1.3558 | cls 1.3502 | tal -0.0712 | dual_g 0.0270 | dual_d 1.2635 | train_acc 0.9707 | train_full 0.9882 | val_acc 0.9697 | val_f1 0.9624 | grad(main/disc) 4.012/1.654 | lr(main/disc) 3.50e-05/1.75e-05 | 105.3s
2026-08-25 11:37:23 | Epoch 045/100 | loss 1.3335 | cls 1.3315 | tal -0.0851 | dual_g 0.0276 | dual_d 1.2712 | train_acc 0.9824 | train_full 0.9901 | val_acc 0.9697 | val_f1 0.9729 | grad(main/disc) 4.057/1.646 | lr(main/disc) 3.50e-05/1.75e-05 | 105.4s
2026-08-25 11:39:09 | Epoch 046/100 | loss 1.3523 | cls 1.3494 | tal -0.0801 | dual_g 0.0269 | dual_d 1.2035 | train_acc 0.9570 | train_full 0.9921 | val_acc 0.9621 | val_f1 0.9607 | grad(main/disc) 4.706/1.593 | lr(main/disc) 3.50e-05/1.75e-05 | 105.3s
2026-08-25 11:40:53 | Epoch 047/100 | loss 1.3095 | cls 1.3154 | tal -0.1102 | dual_g 0.0272 | dual_d 1.2304 | train_acc 0.9785 | train_full 0.9921 | val_acc 0.9697 | val_f1 0.9728 | grad(main/disc) 3.612/1.604 | lr(main/disc) 3.50e-05/1.75e-05 | 104.0s
2026-08-25 11:42:38 | Epoch 048/100 | loss 1.3568 | cls 1.3606 | tal -0.1058 | dual_g 0.0279 | dual_d 1.2409 | train_acc 0.9766 | train_full 0.9941 | val_acc 0.9621 | val_f1 0.9594 | grad(main/disc) 4.886/1.639 | lr(main/disc) 3.50e-05/1.75e-05 | 105.6s
2026-08-25 11:44:24 | Epoch 049/100 | loss 1.3411 | cls 1.3300 | tal -0.0453 | dual_g 0.0247 | dual_d 1.2302 | train_acc 0.9824 | train_full 0.9980 | val_acc 0.9697 | val_f1 0.9598 | grad(main/disc) 3.751/1.613 | lr(main/disc) 1.75e-05/8.75e-06 | 105.5s
2026-08-25 11:46:12 | Epoch 050/100 | loss 1.3190 | cls 1.3143 | tal -0.0727 | dual_g 0.0266 | dual_d 1.1892 | train_acc 0.9707 | train_full 0.9980 | val_acc 0.9773 | val_f1 0.9695 | grad(main/disc) 3.715/1.547 | lr(main/disc) 1.75e-05/8.75e-06 | 107.8s
2026-08-25 11:47:53 | Epoch 051/100 | loss 1.3240 | cls 1.3384 | tal -0.1388 | dual_g 0.0272 | dual_d 1.2135 | train_acc 0.9766 | train_full 0.9980 | val_acc 0.9621 | val_f1 0.9532 | grad(main/disc) 4.162/1.592 | lr(main/disc) 1.75e-05/8.75e-06 | 101.7s
2026-08-25 11:47:53 | Early stopping at epoch 51 after 9 epochs without val_f1_macro_present improvement.
2026-08-25 11:47:53 | Training complete. Best validation accuracy: 0.9773 | best val_f1_macro_present: 0.9767
2026-08-25 11:47:53 | Starting Dual_D standalone training
2026-08-25 11:47:53 | Run directory: runs/module_c_ablation/module_c_20260824_171004/module_c_no_module_c_雾天_iter02_20260825_050453
2026-08-25 11:47:53 | Device: cuda
2026-08-25 11:47:53 | Source train samples: 992
2026-08-25 11:47:53 | Target train samples: 507
2026-08-25 11:47:53 | Target val samples: 132
2026-08-25 11:47:53 | Classes: 14
2026-08-25 11:47:53 | Data audit: same_dir=False | path_overlap(vis/ir/ais)=0/0/0 | content_overlap(vis/ir/ais)=0/0/0 | ais_index_overlap=0 | stem_mismatch(vis-ir/vis-ais)=630/0
2026-08-25 11:47:53 | source_train classes: present 14/14 | absent 0 | counts [0:120, 1:44, 2:69, 3:45, 4:40, 5:30, 6:64, 7:80, 8:116, 9:68, 10:57, 11:83, 12:48, 13:128]
2026-08-25 11:47:53 | target_train classes: present 9/14 | absent 5 | counts [0:35, 1:18, 2:119, 6:110, 8:25, 9:50, 10:48, 12:9, 13:93]
2026-08-25 11:47:53 | target_val classes: present 9/14 | absent 5 | counts [0:9, 1:5, 2:30, 6:28, 8:7, 9:13, 10:13, 12:3, 13:24]
2026-08-25 11:47:53 | Paired training classes: 9/14 | class ids [0, 1, 2, 6, 8, 9, 10, 12, 13]
2026-08-25 11:47:53 | VIS/IR pairing: class-level-unpaired | count-mismatch classes train/val: 10/2 | AIS alignment: none | AIS rows train/val: 0/0
2026-08-25 11:47:54 | Model parameters: total=17277714 | trainable=17120210
Starting run 8/12: domain=雾天, iteration=2, seed=49
2026-08-25 11:49:41 | Epoch 001/100 | loss 5.0935 | cls 5.1219 | tal -0.0948 | dual_g 0.0000 | dual_d 0.0000 | train_acc 0.0801 | train_full 0.0888 | val_acc 0.0985 | val_f1 0.0595 | grad(main/disc) 15.530/0.000 | lr(main/disc) 7.00e-05/3.50e-05 | 107.1s
2026-08-25 11:49:45 | New best val_f1_macro_present: 0.0595 at epoch 1
2026-08-25 11:51:31 | Epoch 002/100 | loss 4.2363 | cls 4.2514 | tal -0.0503 | dual_g 0.0000 | dual_d 0.0000 | train_acc 0.1543 | train_full 0.2505 | val_acc 0.2500 | val_f1 0.1474 | grad(main/disc) 12.471/0.000 | lr(main/disc) 7.00e-05/3.50e-05 | 105.8s
2026-08-25 11:51:34 | New best val_f1_macro_present: 0.1474 at epoch 2
2026-08-25 11:53:15 | Epoch 003/100 | loss 3.8691 | cls 3.8835 | tal -0.0480 | dual_g 0.0000 | dual_d 0.0000 | train_acc 0.1855 | train_full 0.3886 | val_acc 0.3409 | val_f1 0.1868 | grad(main/disc) 11.418/0.000 | lr(main/disc) 7.00e-05/3.50e-05 | 101.2s
2026-08-25 11:53:18 | New best val_f1_macro_present: 0.1868 at epoch 3
2026-08-25 11:55:03 | Epoch 004/100 | loss 3.5681 | cls 3.5866 | tal -0.0618 | dual_g 0.0000 | dual_d 0.0000 | train_acc 0.2090 | train_full 0.4458 | val_acc 0.4242 | val_f1 0.3041 | grad(main/disc) 10.628/0.000 | lr(main/disc) 7.00e-05/3.50e-05 | 104.7s
2026-08-25 11:55:06 | New best val_f1_macro_present: 0.3041 at epoch 4
2026-08-25 11:56:53 | Epoch 005/100 | loss 3.2705 | cls 3.2838 | tal -0.0440 | dual_g 0.0000 | dual_d 0.0000 | train_acc 0.2949 | train_full 0.5740 | val_acc 0.5530 | val_f1 0.4656 | grad(main/disc) 10.265/0.000 | lr(main/disc) 7.00e-05/3.50e-05 | 106.0s
2026-08-25 11:56:56 | New best val_f1_macro_present: 0.4656 at epoch 5
2026-08-25 11:58:36 | Epoch 006/100 | loss 3.0695 | cls 3.0692 | tal -0.0070 | dual_g 0.0023 | dual_d 0.8256 | train_acc 0.3516 | train_full 0.5582 | val_acc 0.5000 | val_f1 0.3936 | grad(main/disc) 10.156/1.633 | lr(main/disc) 7.00e-05/3.50e-05 | 99.9s
2026-08-25 12:00:22 | Epoch 007/100 | loss 2.9684 | cls 2.9689 | tal -0.0153 | dual_g 0.0041 | dual_d 0.8318 | train_acc 0.3809 | train_full 0.6233 | val_acc 0.5758 | val_f1 0.5414 | grad(main/disc) 10.129/1.620 | lr(main/disc) 7.00e-05/3.50e-05 | 106.4s
2026-08-25 12:00:25 | New best val_f1_macro_present: 0.5414 at epoch 7
2026-08-25 12:02:09 | Epoch 008/100 | loss 2.8593 | cls 2.8338 | tal 0.0664 | dual_g 0.0055 | dual_d 0.8962 | train_acc 0.4180 | train_full 0.6844 | val_acc 0.6591 | val_f1 0.6408 | grad(main/disc) 10.417/1.646 | lr(main/disc) 7.00e-05/3.50e-05 | 103.2s
2026-08-25 12:02:12 | New best val_f1_macro_present: 0.6408 at epoch 8
2026-08-25 12:03:59 | Epoch 009/100 | loss 2.7185 | cls 2.6987 | tal 0.0453 | dual_g 0.0062 | dual_d 0.9754 | train_acc 0.4668 | train_full 0.7239 | val_acc 0.7500 | val_f1 0.7321 | grad(main/disc) 10.409/1.718 | lr(main/disc) 7.00e-05/3.50e-05 | 107.1s
2026-08-25 12:04:02 | New best val_f1_macro_present: 0.7321 at epoch 9
2026-08-25 12:05:47 | Epoch 010/100 | loss 2.5456 | cls 2.5165 | tal 0.0736 | dual_g 0.0071 | dual_d 0.9927 | train_acc 0.5059 | train_full 0.7712 | val_acc 0.8030 | val_f1 0.8070 | grad(main/disc) 10.308/1.714 | lr(main/disc) 7.00e-05/3.50e-05 | 104.9s
2026-08-25 12:05:51 | New best val_f1_macro_present: 0.8070 at epoch 10
2026-08-25 12:07:35 | Epoch 011/100 | loss 2.5325 | cls 2.5189 | tal 0.0176 | dual_g 0.0083 | dual_d 1.0277 | train_acc 0.5352 | train_full 0.7495 | val_acc 0.7500 | val_f1 0.7137 | grad(main/disc) 10.319/1.773 | lr(main/disc) 7.00e-05/3.50e-05 | 104.2s
2026-08-25 12:09:19 | Epoch 012/100 | loss 2.4003 | cls 2.3823 | tal 0.0316 | dual_g 0.0086 | dual_d 1.0803 | train_acc 0.6133 | train_full 0.8205 | val_acc 0.8561 | val_f1 0.8585 | grad(main/disc) 10.363/1.824 | lr(main/disc) 7.00e-05/3.50e-05 | 103.9s
2026-08-25 12:09:22 | New best val_f1_macro_present: 0.8585 at epoch 12
2026-08-25 12:11:08 | Epoch 013/100 | loss 2.3155 | cls 2.2994 | tal 0.0215 | dual_g 0.0097 | dual_d 1.0591 | train_acc 0.5879 | train_full 0.8323 | val_acc 0.8333 | val_f1 0.8205 | grad(main/disc) 10.086/1.772 | lr(main/disc) 7.00e-05/3.50e-05 | 105.8s
2026-08-25 12:12:53 | Epoch 014/100 | loss 2.1143 | cls 2.0903 | tal 0.0445 | dual_g 0.0106 | dual_d 1.1171 | train_acc 0.7148 | train_full 0.8146 | val_acc 0.8333 | val_f1 0.8511 | grad(main/disc) 9.864/1.825 | lr(main/disc) 7.00e-05/3.50e-05 | 105.1s
2026-08-25 12:14:34 | Epoch 015/100 | loss 2.1628 | cls 2.1197 | tal 0.1082 | dual_g 0.0107 | dual_d 1.1728 | train_acc 0.6777 | train_full 0.8462 | val_acc 0.8333 | val_f1 0.8423 | grad(main/disc) 10.932/1.844 | lr(main/disc) 7.00e-05/3.50e-05 | 101.1s
2026-08-25 12:16:16 | Epoch 016/100 | loss 2.0971 | cls 2.0437 | tal 0.1390 | dual_g 0.0117 | dual_d 1.1146 | train_acc 0.7188 | train_full 0.8481 | val_acc 0.8258 | val_f1 0.8307 | grad(main/disc) 10.295/1.729 | lr(main/disc) 7.00e-05/3.50e-05 | 101.8s
2026-08-25 12:18:00 | Epoch 017/100 | loss 2.0704 | cls 2.0277 | tal 0.1002 | dual_g 0.0126 | dual_d 1.1539 | train_acc 0.7168 | train_full 0.8540 | val_acc 0.8788 | val_f1 0.8657 | grad(main/disc) 11.175/1.786 | lr(main/disc) 7.00e-05/3.50e-05 | 103.9s
2026-08-25 12:18:03 | New best val_f1_macro_present: 0.8657 at epoch 17
2026-08-25 12:19:49 | Epoch 018/100 | loss 1.9525 | cls 1.9222 | tal 0.0595 | dual_g 0.0125 | dual_d 1.1494 | train_acc 0.7441 | train_full 0.8402 | val_acc 0.8409 | val_f1 0.8236 | grad(main/disc) 9.092/1.775 | lr(main/disc) 7.00e-05/3.50e-05 | 106.3s
2026-08-25 12:21:33 | Epoch 019/100 | loss 1.9390 | cls 1.8949 | tal 0.1014 | dual_g 0.0137 | dual_d 1.1706 | train_acc 0.7656 | train_full 0.8915 | val_acc 0.8712 | val_f1 0.8614 | grad(main/disc) 9.718/1.780 | lr(main/disc) 7.00e-05/3.50e-05 | 103.5s
2026-08-25 12:23:20 | Epoch 020/100 | loss 1.8682 | cls 1.8055 | tal 0.1611 | dual_g 0.0144 | dual_d 1.2047 | train_acc 0.7852 | train_full 0.8895 | val_acc 0.8788 | val_f1 0.8583 | grad(main/disc) 9.590/1.801 | lr(main/disc) 7.00e-05/3.50e-05 | 107.2s
2026-08-25 12:25:06 | Epoch 021/100 | loss 1.8996 | cls 1.8432 | tal 0.1370 | dual_g 0.0153 | dual_d 1.1583 | train_acc 0.7793 | train_full 0.8501 | val_acc 0.8258 | val_f1 0.8160 | grad(main/disc) 11.017/1.755 | lr(main/disc) 7.00e-05/3.50e-05 | 105.4s
2026-08-25 12:26:53 | Epoch 022/100 | loss 1.8772 | cls 1.8122 | tal 0.1649 | dual_g 0.0155 | dual_d 1.2181 | train_acc 0.7812 | train_full 0.8856 | val_acc 0.8712 | val_f1 0.8358 | grad(main/disc) 9.977/1.820 | lr(main/disc) 7.00e-05/3.50e-05 | 106.9s
2026-08-25 12:28:36 | Epoch 023/100 | loss 1.7686 | cls 1.7125 | tal 0.1329 | dual_g 0.0162 | dual_d 1.2542 | train_acc 0.8125 | train_full 0.9053 | val_acc 0.9015 | val_f1 0.8535 | grad(main/disc) 8.512/1.856 | lr(main/disc) 7.00e-05/3.50e-05 | 103.6s
2026-08-25 12:30:22 | Epoch 024/100 | loss 1.7580 | cls 1.7086 | tal 0.1043 | dual_g 0.0181 | dual_d 1.1901 | train_acc 0.8379 | train_full 0.9231 | val_acc 0.8939 | val_f1 0.8653 | grad(main/disc) 8.711/1.746 | lr(main/disc) 3.50e-05/1.75e-05 | 105.4s
2026-08-25 12:32:06 | Epoch 025/100 | loss 1.7229 | cls 1.6724 | tal 0.1097 | dual_g 0.0175 | dual_d 1.2070 | train_acc 0.8535 | train_full 0.9073 | val_acc 0.9091 | val_f1 0.8919 | grad(main/disc) 9.037/1.811 | lr(main/disc) 3.50e-05/1.75e-05 | 104.1s
2026-08-25 12:32:09 | New best val_f1_macro_present: 0.8919 at epoch 25
2026-08-25 12:33:55 | Epoch 026/100 | loss 1.6816 | cls 1.6257 | tal 0.1282 | dual_g 0.0174 | dual_d 1.2326 | train_acc 0.8809 | train_full 0.9290 | val_acc 0.9394 | val_f1 0.9291 | grad(main/disc) 7.816/1.819 | lr(main/disc) 3.50e-05/1.75e-05 | 106.1s
2026-08-25 12:33:58 | New best val_f1_macro_present: 0.9291 at epoch 26
2026-08-25 12:35:40 | Epoch 027/100 | loss 1.6699 | cls 1.6379 | tal 0.0449 | dual_g 0.0185 | dual_d 1.2204 | train_acc 0.8535 | train_full 0.9349 | val_acc 0.9394 | val_f1 0.9233 | grad(main/disc) 8.206/1.788 | lr(main/disc) 3.50e-05/1.75e-05 | 101.6s
2026-08-25 12:37:23 | Epoch 028/100 | loss 1.6252 | cls 1.5841 | tal 0.0732 | dual_g 0.0191 | dual_d 1.1846 | train_acc 0.8789 | train_full 0.9389 | val_acc 0.9394 | val_f1 0.9254 | grad(main/disc) 7.820/1.788 | lr(main/disc) 3.50e-05/1.75e-05 | 102.6s
2026-08-25 12:39:06 | Epoch 029/100 | loss 1.6254 | cls 1.5844 | tal 0.0732 | dual_g 0.0190 | dual_d 1.2143 | train_acc 0.8906 | train_full 0.9270 | val_acc 0.9394 | val_f1 0.9289 | grad(main/disc) 7.784/1.809 | lr(main/disc) 3.50e-05/1.75e-05 | 103.7s
2026-08-25 12:40:47 | Epoch 030/100 | loss 1.6009 | cls 1.5474 | tal 0.1194 | dual_g 0.0177 | dual_d 1.1979 | train_acc 0.8906 | train_full 0.9349 | val_acc 0.9470 | val_f1 0.9323 | grad(main/disc) 7.802/1.743 | lr(main/disc) 3.50e-05/1.75e-05 | 100.6s
2026-08-25 12:40:50 | New best val_f1_macro_present: 0.9323 at epoch 30
2026-08-25 12:42:35 | Epoch 031/100 | loss 1.5869 | cls 1.5352 | tal 0.1098 | dual_g 0.0188 | dual_d 1.2472 | train_acc 0.9043 | train_full 0.9448 | val_acc 0.9394 | val_f1 0.9161 | grad(main/disc) 8.477/1.822 | lr(main/disc) 3.50e-05/1.75e-05 | 104.8s
2026-08-25 12:44:27 | Epoch 032/100 | loss 1.5659 | cls 1.5167 | tal 0.1047 | dual_g 0.0179 | dual_d 1.1816 | train_acc 0.9043 | train_full 0.9329 | val_acc 0.9318 | val_f1 0.9121 | grad(main/disc) 7.143/1.723 | lr(main/disc) 3.50e-05/1.75e-05 | 111.9s
2026-08-25 12:46:13 | Epoch 033/100 | loss 1.5638 | cls 1.5150 | tal 0.1015 | dual_g 0.0183 | dual_d 1.2036 | train_acc 0.9004 | train_full 0.9428 | val_acc 0.9318 | val_f1 0.9065 | grad(main/disc) 7.333/1.765 | lr(main/disc) 3.50e-05/1.75e-05 | 106.3s
2026-08-25 12:47:57 | Epoch 034/100 | loss 1.5607 | cls 1.5113 | tal 0.1023 | dual_g 0.0187 | dual_d 1.2275 | train_acc 0.9277 | train_full 0.9310 | val_acc 0.9167 | val_f1 0.8763 | grad(main/disc) 7.242/1.758 | lr(main/disc) 3.50e-05/1.75e-05 | 104.1s
2026-08-25 12:49:44 | Epoch 035/100 | loss 1.5548 | cls 1.4937 | tal 0.1420 | dual_g 0.0186 | dual_d 1.1956 | train_acc 0.9238 | train_full 0.9487 | val_acc 0.9242 | val_f1 0.8927 | grad(main/disc) 6.902/1.694 | lr(main/disc) 3.50e-05/1.75e-05 | 106.3s
2026-08-25 12:51:22 | Epoch 036/100 | loss 1.5621 | cls 1.4922 | tal 0.1743 | dual_g 0.0176 | dual_d 1.1931 | train_acc 0.9199 | train_full 0.9408 | val_acc 0.9318 | val_f1 0.9211 | grad(main/disc) 8.619/1.705 | lr(main/disc) 3.50e-05/1.75e-05 | 98.8s
2026-08-25 12:53:09 | Epoch 037/100 | loss 1.5443 | cls 1.4846 | tal 0.1418 | dual_g 0.0172 | dual_d 1.2331 | train_acc 0.9219 | train_full 0.9586 | val_acc 0.9621 | val_f1 0.9490 | grad(main/disc) 7.347/1.785 | lr(main/disc) 3.50e-05/1.75e-05 | 106.9s
2026-08-25 12:53:13 | New best val_f1_macro_present: 0.9490 at epoch 37
2026-08-25 12:55:01 | Epoch 038/100 | loss 1.5279 | cls 1.4667 | tal 0.1413 | dual_g 0.0188 | dual_d 1.1810 | train_acc 0.9238 | train_full 0.9606 | val_acc 0.9394 | val_f1 0.9043 | grad(main/disc) 6.796/1.713 | lr(main/disc) 3.50e-05/1.75e-05 | 107.8s
2026-08-25 12:56:47 | Epoch 039/100 | loss 1.5086 | cls 1.4623 | tal 0.0945 | dual_g 0.0180 | dual_d 1.2201 | train_acc 0.9141 | train_full 0.9507 | val_acc 0.9394 | val_f1 0.9184 | grad(main/disc) 7.485/1.724 | lr(main/disc) 3.50e-05/1.75e-05 | 106.3s
2026-08-25 12:58:34 | Epoch 040/100 | loss 1.5226 | cls 1.4629 | tal 0.1346 | dual_g 0.0194 | dual_d 1.1929 | train_acc 0.9336 | train_full 0.9566 | val_acc 0.9470 | val_f1 0.9322 | grad(main/disc) 6.709/1.705 | lr(main/disc) 3.50e-05/1.75e-05 | 107.5s
2026-08-25 13:00:16 | Epoch 041/100 | loss 1.5048 | cls 1.4481 | tal 0.1288 | dual_g 0.0181 | dual_d 1.2150 | train_acc 0.9492 | train_full 0.9704 | val_acc 0.9470 | val_f1 0.9059 | grad(main/disc) 6.225/1.728 | lr(main/disc) 3.50e-05/1.75e-05 | 102.0s
2026-08-25 13:02:01 | Epoch 042/100 | loss 1.5091 | cls 1.4508 | tal 0.1338 | dual_g 0.0182 | dual_d 1.1949 | train_acc 0.9316 | train_full 0.9566 | val_acc 0.9621 | val_f1 0.9390 | grad(main/disc) 6.952/1.732 | lr(main/disc) 3.50e-05/1.75e-05 | 104.6s
2026-08-25 13:03:46 | Epoch 043/100 | loss 1.5041 | cls 1.4595 | tal 0.0892 | dual_g 0.0179 | dual_d 1.1870 | train_acc 0.9258 | train_full 0.9684 | val_acc 0.9318 | val_f1 0.8805 | grad(main/disc) 6.937/1.701 | lr(main/disc) 3.50e-05/1.75e-05 | 105.2s
2026-08-25 13:05:33 | Epoch 044/100 | loss 1.4789 | cls 1.4407 | tal 0.0625 | dual_g 0.0194 | dual_d 1.2110 | train_acc 0.9375 | train_full 0.9665 | val_acc 0.9621 | val_f1 0.9509 | grad(main/disc) 6.558/1.736 | lr(main/disc) 3.50e-05/1.75e-05 | 107.0s
2026-08-25 13:05:36 | New best val_f1_macro_present: 0.9509 at epoch 44
2026-08-25 13:07:26 | Epoch 045/100 | loss 1.4764 | cls 1.4281 | tal 0.1004 | dual_g 0.0182 | dual_d 1.2082 | train_acc 0.9414 | train_full 0.9467 | val_acc 0.9621 | val_f1 0.9448 | grad(main/disc) 6.912/1.716 | lr(main/disc) 3.50e-05/1.75e-05 | 110.1s
2026-08-25 13:09:09 | Epoch 046/100 | loss 1.4806 | cls 1.4260 | tal 0.1207 | dual_g 0.0183 | dual_d 1.2376 | train_acc 0.9395 | train_full 0.9467 | val_acc 0.9621 | val_f1 0.9448 | grad(main/disc) 6.139/1.771 | lr(main/disc) 3.50e-05/1.75e-05 | 102.7s
2026-08-25 13:10:51 | Epoch 047/100 | loss 1.4442 | cls 1.3916 | tal 0.1165 | dual_g 0.0177 | dual_d 1.2035 | train_acc 0.9648 | train_full 0.9665 | val_acc 0.9773 | val_f1 0.9628 | grad(main/disc) 5.854/1.705 | lr(main/disc) 3.50e-05/1.75e-05 | 101.7s
2026-08-25 13:10:54 | New best val_f1_macro_present: 0.9628 at epoch 47
2026-08-25 13:12:41 | Epoch 048/100 | loss 1.4899 | cls 1.4296 | tal 0.1401 | dual_g 0.0183 | dual_d 1.1927 | train_acc 0.9434 | train_full 0.9625 | val_acc 0.9697 | val_f1 0.9564 | grad(main/disc) 6.370/1.712 | lr(main/disc) 3.50e-05/1.75e-05 | 106.3s
2026-08-25 13:14:28 | Epoch 049/100 | loss 1.4515 | cls 1.3882 | tal 0.1491 | dual_g 0.0186 | dual_d 1.2066 | train_acc 0.9648 | train_full 0.9586 | val_acc 0.9470 | val_f1 0.9334 | grad(main/disc) 5.895/1.696 | lr(main/disc) 3.50e-05/1.75e-05 | 107.3s
2026-08-25 13:16:12 | Epoch 050/100 | loss 1.4936 | cls 1.4324 | tal 0.1455 | dual_g 0.0175 | dual_d 1.1780 | train_acc 0.9414 | train_full 0.9645 | val_acc 0.9621 | val_f1 0.9373 | grad(main/disc) 7.176/1.672 | lr(main/disc) 3.50e-05/1.75e-05 | 104.0s
2026-08-25 13:17:52 | Epoch 051/100 | loss 1.4298 | cls 1.3905 | tal 0.0673 | dual_g 0.0191 | dual_d 1.2144 | train_acc 0.9590 | train_full 0.9546 | val_acc 0.9697 | val_f1 0.9564 | grad(main/disc) 5.443/1.695 | lr(main/disc) 3.50e-05/1.75e-05 | 99.8s
2026-08-25 13:19:34 | Epoch 052/100 | loss 1.4309 | cls 1.3876 | tal 0.0813 | dual_g 0.0188 | dual_d 1.2054 | train_acc 0.9648 | train_full 0.9684 | val_acc 0.9470 | val_f1 0.9192 | grad(main/disc) 5.911/1.725 | lr(main/disc) 3.50e-05/1.75e-05 | 102.7s
2026-08-25 13:21:17 | Epoch 053/100 | loss 1.4397 | cls 1.3917 | tal 0.0980 | dual_g 0.0187 | dual_d 1.2035 | train_acc 0.9531 | train_full 0.9625 | val_acc 0.9545 | val_f1 0.9245 | grad(main/disc) 6.593/1.711 | lr(main/disc) 3.50e-05/1.75e-05 | 102.2s
2026-08-25 13:23:01 | Epoch 054/100 | loss 1.4077 | cls 1.3682 | tal 0.0691 | dual_g 0.0187 | dual_d 1.2009 | train_acc 0.9766 | train_full 0.9704 | val_acc 0.9545 | val_f1 0.9306 | grad(main/disc) 6.050/1.759 | lr(main/disc) 1.75e-05/8.75e-06 | 104.4s
2026-08-25 13:24:43 | Epoch 055/100 | loss 1.4116 | cls 1.3768 | tal 0.0493 | dual_g 0.0200 | dual_d 1.1335 | train_acc 0.9492 | train_full 0.9645 | val_acc 0.9697 | val_f1 0.9564 | grad(main/disc) 5.857/1.681 | lr(main/disc) 1.75e-05/8.75e-06 | 102.4s
2026-08-25 13:26:28 | Epoch 056/100 | loss 1.3977 | cls 1.3707 | tal 0.0230 | dual_g 0.0201 | dual_d 1.1565 | train_acc 0.9629 | train_full 0.9763 | val_acc 0.9697 | val_f1 0.9564 | grad(main/disc) 5.866/1.635 | lr(main/disc) 1.75e-05/8.75e-06 | 104.5s
2026-08-25 13:26:28 | Early stopping at epoch 56 after 9 epochs without val_f1_macro_present improvement.
2026-08-25 13:26:28 | Training complete. Best validation accuracy: 0.9773 | best val_f1_macro_present: 0.9628
2026-08-25 13:26:28 | Starting Dual_D standalone training
2026-08-25 13:26:28 | Run directory: runs/module_c_ablation/module_c_20260824_171004/module_c_no_module_c_雾天_iter03_20260825_050453
2026-08-25 13:26:28 | Device: cuda
2026-08-25 13:26:28 | Source train samples: 992
2026-08-25 13:26:28 | Target train samples: 507
2026-08-25 13:26:28 | Target val samples: 132
2026-08-25 13:26:28 | Classes: 14
2026-08-25 13:26:28 | Data audit: same_dir=False | path_overlap(vis/ir/ais)=0/0/0 | content_overlap(vis/ir/ais)=0/0/0 | ais_index_overlap=0 | stem_mismatch(vis-ir/vis-ais)=630/0
2026-08-25 13:26:28 | source_train classes: present 14/14 | absent 0 | counts [0:120, 1:44, 2:69, 3:45, 4:40, 5:30, 6:64, 7:80, 8:116, 9:68, 10:57, 11:83, 12:48, 13:128]
2026-08-25 13:26:28 | target_train classes: present 9/14 | absent 5 | counts [0:35, 1:18, 2:119, 6:110, 8:25, 9:50, 10:48, 12:9, 13:93]
2026-08-25 13:26:28 | target_val classes: present 9/14 | absent 5 | counts [0:9, 1:5, 2:30, 6:28, 8:7, 9:13, 10:13, 12:3, 13:24]
2026-08-25 13:26:28 | Paired training classes: 9/14 | class ids [0, 1, 2, 6, 8, 9, 10, 12, 13]
2026-08-25 13:26:28 | VIS/IR pairing: class-level-unpaired | count-mismatch classes train/val: 10/2 | AIS alignment: none | AIS rows train/val: 0/0
2026-08-25 13:26:29 | Model parameters: total=17277714 | trainable=17120210
Starting run 9/12: domain=雾天, iteration=3, seed=50
2026-08-25 13:28:15 | Epoch 001/100 | loss 5.2335 | cls 5.2577 | tal -0.0806 | dual_g 0.0000 | dual_d 0.0000 | train_acc 0.0820 | train_full 0.0178 | val_acc 0.0379 | val_f1 0.0203 | grad(main/disc) 15.871/0.000 | lr(main/disc) 7.00e-05/3.50e-05 | 106.2s
2026-08-25 13:28:18 | New best val_f1_macro_present: 0.0203 at epoch 1
2026-08-25 13:30:02 | Epoch 002/100 | loss 4.2228 | cls 4.2995 | tal -0.2556 | dual_g 0.0000 | dual_d 0.0000 | train_acc 0.1660 | train_full 0.0927 | val_acc 0.0985 | val_f1 0.0622 | grad(main/disc) 12.862/0.000 | lr(main/disc) 7.00e-05/3.50e-05 | 103.8s
2026-08-25 13:30:05 | New best val_f1_macro_present: 0.0622 at epoch 2
2026-08-25 13:31:53 | Epoch 003/100 | loss 3.8227 | cls 3.8898 | tal -0.2238 | dual_g 0.0000 | dual_d 0.0000 | train_acc 0.1914 | train_full 0.1815 | val_acc 0.1894 | val_f1 0.1678 | grad(main/disc) 11.472/0.000 | lr(main/disc) 7.00e-05/3.50e-05 | 107.7s
2026-08-25 13:31:56 | New best val_f1_macro_present: 0.1678 at epoch 3
2026-08-25 13:33:40 | Epoch 004/100 | loss 3.5302 | cls 3.6389 | tal -0.3625 | dual_g 0.0000 | dual_d 0.0000 | train_acc 0.2227 | train_full 0.2742 | val_acc 0.2424 | val_f1 0.2285 | grad(main/disc) 10.574/0.000 | lr(main/disc) 7.00e-05/3.50e-05 | 103.9s
2026-08-25 13:33:44 | New best val_f1_macro_present: 0.2285 at epoch 4
2026-08-25 13:35:31 | Epoch 005/100 | loss 3.2927 | cls 3.4101 | tal -0.3914 | dual_g 0.0000 | dual_d 0.0000 | train_acc 0.3105 | train_full 0.3925 | val_acc 0.3258 | val_f1 0.3193 | grad(main/disc) 10.263/0.000 | lr(main/disc) 7.00e-05/3.50e-05 | 107.8s
2026-08-25 13:35:35 | New best val_f1_macro_present: 0.3193 at epoch 5
2026-08-25 13:37:17 | Epoch 006/100 | loss 3.1088 | cls 3.2037 | tal -0.3271 | dual_g 0.0032 | dual_d 0.8071 | train_acc 0.3184 | train_full 0.5207 | val_acc 0.4545 | val_f1 0.4275 | grad(main/disc) 9.994/1.694 | lr(main/disc) 7.00e-05/3.50e-05 | 102.7s
2026-08-25 13:37:21 | New best val_f1_macro_present: 0.4275 at epoch 6
2026-08-25 13:39:07 | Epoch 007/100 | loss 2.9071 | cls 2.9997 | tal -0.3283 | dual_g 0.0059 | dual_d 0.8763 | train_acc 0.3809 | train_full 0.5858 | val_acc 0.4545 | val_f1 0.4805 | grad(main/disc) 10.159/1.751 | lr(main/disc) 7.00e-05/3.50e-05 | 105.9s
2026-08-25 13:39:10 | New best val_f1_macro_present: 0.4805 at epoch 7
2026-08-25 13:40:56 | Epoch 008/100 | loss 2.6819 | cls 2.7612 | tal -0.2918 | dual_g 0.0082 | dual_d 0.8913 | train_acc 0.4238 | train_full 0.5957 | val_acc 0.5379 | val_f1 0.5072 | grad(main/disc) 9.650/1.780 | lr(main/disc) 7.00e-05/3.50e-05 | 106.2s
2026-08-25 13:41:00 | New best val_f1_macro_present: 0.5072 at epoch 8
2026-08-25 13:42:43 | Epoch 009/100 | loss 2.6529 | cls 2.7161 | tal -0.2404 | dual_g 0.0089 | dual_d 0.9061 | train_acc 0.4512 | train_full 0.5148 | val_acc 0.4773 | val_f1 0.4265 | grad(main/disc) 10.265/1.737 | lr(main/disc) 7.00e-05/3.50e-05 | 103.7s
2026-08-25 13:44:33 | Epoch 010/100 | loss 2.5351 | cls 2.6037 | tal -0.2630 | dual_g 0.0103 | dual_d 0.9382 | train_acc 0.4844 | train_full 0.6174 | val_acc 0.5758 | val_f1 0.5498 | grad(main/disc) 10.022/1.713 | lr(main/disc) 7.00e-05/3.50e-05 | 110.0s
2026-08-25 13:44:37 | New best val_f1_macro_present: 0.5498 at epoch 10
2026-08-25 13:46:25 | Epoch 011/100 | loss 2.4201 | cls 2.4908 | tal -0.2738 | dual_g 0.0114 | dual_d 1.0262 | train_acc 0.5332 | train_full 0.6726 | val_acc 0.6591 | val_f1 0.6327 | grad(main/disc) 10.187/1.774 | lr(main/disc) 7.00e-05/3.50e-05 | 108.1s
2026-08-25 13:46:28 | New best val_f1_macro_present: 0.6327 at epoch 11
2026-08-25 13:48:12 | Epoch 012/100 | loss 2.3173 | cls 2.4044 | tal -0.3313 | dual_g 0.0123 | dual_d 1.0672 | train_acc 0.5801 | train_full 0.7298 | val_acc 0.6894 | val_f1 0.6035 | grad(main/disc) 10.087/1.834 | lr(main/disc) 7.00e-05/3.50e-05 | 104.2s
2026-08-25 13:49:57 | Epoch 013/100 | loss 2.2597 | cls 2.3396 | tal -0.3082 | dual_g 0.0126 | dual_d 1.0312 | train_acc 0.5840 | train_full 0.7574 | val_acc 0.7273 | val_f1 0.6613 | grad(main/disc) 10.195/1.754 | lr(main/disc) 7.00e-05/3.50e-05 | 104.9s
2026-08-25 13:50:01 | New best val_f1_macro_present: 0.6613 at epoch 13
2026-08-25 13:51:43 | Epoch 014/100 | loss 2.1134 | cls 2.1895 | tal -0.2999 | dual_g 0.0139 | dual_d 1.0466 | train_acc 0.6348 | train_full 0.8047 | val_acc 0.7652 | val_f1 0.7275 | grad(main/disc) 9.284/1.716 | lr(main/disc) 7.00e-05/3.50e-05 | 102.7s
2026-08-25 13:51:47 | New best val_f1_macro_present: 0.7275 at epoch 14
2026-08-25 13:53:34 | Epoch 015/100 | loss 2.0149 | cls 2.0619 | tal -0.2040 | dual_g 0.0143 | dual_d 1.0752 | train_acc 0.7012 | train_full 0.7929 | val_acc 0.7727 | val_f1 0.7447 | grad(main/disc) 9.034/1.792 | lr(main/disc) 7.00e-05/3.50e-05 | 106.9s
2026-08-25 13:53:37 | New best val_f1_macro_present: 0.7447 at epoch 15
2026-08-25 13:55:21 | Epoch 016/100 | loss 1.9124 | cls 1.9696 | tal -0.2417 | dual_g 0.0153 | dual_d 1.0740 | train_acc 0.7324 | train_full 0.8679 | val_acc 0.7879 | val_f1 0.7467 | grad(main/disc) 9.015/1.720 | lr(main/disc) 7.00e-05/3.50e-05 | 103.8s
2026-08-25 13:55:24 | New best val_f1_macro_present: 0.7467 at epoch 16
2026-08-25 13:57:09 | Epoch 017/100 | loss 1.8470 | cls 1.9014 | tal -0.2324 | dual_g 0.0152 | dual_d 1.1116 | train_acc 0.7383 | train_full 0.8639 | val_acc 0.7879 | val_f1 0.7596 | grad(main/disc) 8.597/1.768 | lr(main/disc) 7.00e-05/3.50e-05 | 104.9s
2026-08-25 13:57:13 | New best val_f1_macro_present: 0.7596 at epoch 17
2026-08-25 13:58:56 | Epoch 018/100 | loss 1.8155 | cls 1.8646 | tal -0.2240 | dual_g 0.0181 | dual_d 1.0918 | train_acc 0.7598 | train_full 0.8402 | val_acc 0.7727 | val_f1 0.7769 | grad(main/disc) 8.805/1.721 | lr(main/disc) 7.00e-05/3.50e-05 | 103.7s
2026-08-25 13:59:00 | New best val_f1_macro_present: 0.7769 at epoch 18
2026-08-25 14:00:44 | Epoch 019/100 | loss 1.8621 | cls 1.8963 | tal -0.1724 | dual_g 0.0174 | dual_d 1.1128 | train_acc 0.7754 | train_full 0.8915 | val_acc 0.7955 | val_f1 0.7499 | grad(main/disc) 10.190/1.723 | lr(main/disc) 7.00e-05/3.50e-05 | 104.5s
2026-08-25 14:02:29 | Epoch 020/100 | loss 1.7583 | cls 1.7961 | tal -0.1878 | dual_g 0.0186 | dual_d 1.1695 | train_acc 0.8164 | train_full 0.8580 | val_acc 0.7879 | val_f1 0.7527 | grad(main/disc) 8.637/1.741 | lr(main/disc) 7.00e-05/3.50e-05 | 104.6s
2026-08-25 14:04:11 | Epoch 021/100 | loss 1.7523 | cls 1.8110 | tal -0.2640 | dual_g 0.0204 | dual_d 1.1509 | train_acc 0.8047 | train_full 0.8994 | val_acc 0.8333 | val_f1 0.7842 | grad(main/disc) 10.121/1.760 | lr(main/disc) 7.00e-05/3.50e-05 | 102.0s
2026-08-25 14:04:14 | New best val_f1_macro_present: 0.7842 at epoch 21
2026-08-25 14:06:02 | Epoch 022/100 | loss 1.6512 | cls 1.6886 | tal -0.1917 | dual_g 0.0200 | dual_d 1.1841 | train_acc 0.8555 | train_full 0.8856 | val_acc 0.8106 | val_f1 0.7720 | grad(main/disc) 8.729/1.726 | lr(main/disc) 7.00e-05/3.50e-05 | 108.0s
2026-08-25 14:07:44 | Epoch 023/100 | loss 1.6613 | cls 1.7114 | tal -0.2369 | dual_g 0.0211 | dual_d 1.1408 | train_acc 0.8164 | train_full 0.9270 | val_acc 0.8409 | val_f1 0.8203 | grad(main/disc) 8.764/1.687 | lr(main/disc) 7.00e-05/3.50e-05 | 101.6s
2026-08-25 14:07:47 | New best val_f1_macro_present: 0.8203 at epoch 23
2026-08-25 14:09:28 | Epoch 024/100 | loss 1.5734 | cls 1.6213 | tal -0.2347 | dual_g 0.0225 | dual_d 1.1600 | train_acc 0.8633 | train_full 0.9172 | val_acc 0.8409 | val_f1 0.8227 | grad(main/disc) 7.149/1.745 | lr(main/disc) 7.00e-05/3.50e-05 | 101.1s
2026-08-25 14:09:32 | New best val_f1_macro_present: 0.8227 at epoch 24
2026-08-25 14:11:21 | Epoch 025/100 | loss 1.5396 | cls 1.6162 | tal -0.3387 | dual_g 0.0250 | dual_d 1.1424 | train_acc 0.8633 | train_full 0.9329 | val_acc 0.8333 | val_f1 0.8025 | grad(main/disc) 7.210/1.677 | lr(main/disc) 7.00e-05/3.50e-05 | 109.8s
2026-08-25 14:13:06 | Epoch 026/100 | loss 1.5168 | cls 1.5883 | tal -0.3169 | dual_g 0.0236 | dual_d 1.1934 | train_acc 0.8809 | train_full 0.9290 | val_acc 0.8561 | val_f1 0.8353 | grad(main/disc) 6.835/1.729 | lr(main/disc) 7.00e-05/3.50e-05 | 104.9s
2026-08-25 14:13:10 | New best val_f1_macro_present: 0.8353 at epoch 26
2026-08-25 14:14:55 | Epoch 027/100 | loss 1.4700 | cls 1.5247 | tal -0.2574 | dual_g 0.0226 | dual_d 1.1792 | train_acc 0.9102 | train_full 0.9487 | val_acc 0.9015 | val_f1 0.8603 | grad(main/disc) 6.639/1.717 | lr(main/disc) 7.00e-05/3.50e-05 | 105.6s
2026-08-25 14:14:59 | New best val_f1_macro_present: 0.8603 at epoch 27
2026-08-25 14:16:40 | Epoch 028/100 | loss 1.5110 | cls 1.5321 | tal -0.1458 | dual_g 0.0226 | dual_d 1.1708 | train_acc 0.8906 | train_full 0.9389 | val_acc 0.8712 | val_f1 0.8518 | grad(main/disc) 7.705/1.653 | lr(main/disc) 7.00e-05/3.50e-05 | 101.3s
2026-08-25 14:18:25 | Epoch 029/100 | loss 1.4811 | cls 1.5034 | tal -0.1511 | dual_g 0.0231 | dual_d 1.1770 | train_acc 0.9199 | train_full 0.9408 | val_acc 0.8939 | val_f1 0.8715 | grad(main/disc) 7.871/1.685 | lr(main/disc) 7.00e-05/3.50e-05 | 105.2s
2026-08-25 14:18:29 | New best val_f1_macro_present: 0.8715 at epoch 29
2026-08-25 14:20:14 | Epoch 030/100 | loss 1.4748 | cls 1.5035 | tal -0.1691 | dual_g 0.0221 | dual_d 1.1564 | train_acc 0.9141 | train_full 0.9606 | val_acc 0.8712 | val_f1 0.8302 | grad(main/disc) 6.526/1.639 | lr(main/disc) 7.00e-05/3.50e-05 | 105.1s
2026-08-25 14:21:57 | Epoch 031/100 | loss 1.4203 | cls 1.4776 | tal -0.2689 | dual_g 0.0234 | dual_d 1.1736 | train_acc 0.9141 | train_full 0.9684 | val_acc 0.9167 | val_f1 0.8943 | grad(main/disc) 6.065/1.652 | lr(main/disc) 7.00e-05/3.50e-05 | 103.1s
2026-08-25 14:22:00 | New best val_f1_macro_present: 0.8943 at epoch 31
2026-08-25 14:23:40 | Epoch 032/100 | loss 1.3730 | cls 1.4657 | tal -0.3856 | dual_g 0.0230 | dual_d 1.1438 | train_acc 0.9258 | train_full 0.9625 | val_acc 0.9394 | val_f1 0.9391 | grad(main/disc) 6.208/1.614 | lr(main/disc) 7.00e-05/3.50e-05 | 100.0s
2026-08-25 14:23:43 | New best val_f1_macro_present: 0.9391 at epoch 32
2026-08-25 14:25:29 | Epoch 033/100 | loss 1.3539 | cls 1.4374 | tal -0.3529 | dual_g 0.0224 | dual_d 1.1493 | train_acc 0.9473 | train_full 0.9645 | val_acc 0.8864 | val_f1 0.8172 | grad(main/disc) 5.759/1.596 | lr(main/disc) 7.00e-05/3.50e-05 | 105.2s
2026-08-25 14:27:18 | Epoch 034/100 | loss 1.3728 | cls 1.4323 | tal -0.2736 | dual_g 0.0226 | dual_d 1.1671 | train_acc 0.9492 | train_full 0.9763 | val_acc 0.9318 | val_f1 0.9202 | grad(main/disc) 6.107/1.611 | lr(main/disc) 7.00e-05/3.50e-05 | 109.6s
2026-08-25 14:29:03 | Epoch 035/100 | loss 1.3539 | cls 1.4125 | tal -0.2695 | dual_g 0.0223 | dual_d 1.1550 | train_acc 0.9473 | train_full 0.9704 | val_acc 0.9091 | val_f1 0.8603 | grad(main/disc) 5.791/1.606 | lr(main/disc) 7.00e-05/3.50e-05 | 105.2s
2026-08-25 14:30:49 | Epoch 036/100 | loss 1.3528 | cls 1.4063 | tal -0.2534 | dual_g 0.0225 | dual_d 1.1381 | train_acc 0.9492 | train_full 0.9053 | val_acc 0.8485 | val_f1 0.8506 | grad(main/disc) 5.666/1.597 | lr(main/disc) 7.00e-05/3.50e-05 | 105.3s
2026-08-25 14:32:33 | Epoch 037/100 | loss 1.3557 | cls 1.4080 | tal -0.2524 | dual_g 0.0234 | dual_d 1.1366 | train_acc 0.9648 | train_full 0.9566 | val_acc 0.9167 | val_f1 0.8964 | grad(main/disc) 5.643/1.587 | lr(main/disc) 7.00e-05/3.50e-05 | 104.4s
2026-08-25 14:34:18 | Epoch 038/100 | loss 1.3375 | cls 1.4011 | tal -0.2884 | dual_g 0.0229 | dual_d 1.1853 | train_acc 0.9609 | train_full 0.9467 | val_acc 0.9167 | val_f1 0.9077 | grad(main/disc) 5.557/1.620 | lr(main/disc) 7.00e-05/3.50e-05 | 104.5s
2026-08-25 14:36:09 | Epoch 039/100 | loss 1.3234 | cls 1.4003 | tal -0.3351 | dual_g 0.0237 | dual_d 1.1477 | train_acc 0.9590 | train_full 0.9763 | val_acc 0.9394 | val_f1 0.9193 | grad(main/disc) 5.495/1.599 | lr(main/disc) 3.50e-05/1.75e-05 | 111.6s
2026-08-25 14:37:56 | Epoch 040/100 | loss 1.2950 | cls 1.3698 | tal -0.3232 | dual_g 0.0222 | dual_d 1.1539 | train_acc 0.9668 | train_full 0.9842 | val_acc 0.9242 | val_f1 0.8735 | grad(main/disc) 4.773/1.572 | lr(main/disc) 3.50e-05/1.75e-05 | 107.1s
2026-08-25 14:39:42 | Epoch 041/100 | loss 1.2634 | cls 1.3404 | tal -0.3383 | dual_g 0.0245 | dual_d 1.1490 | train_acc 0.9785 | train_full 0.9763 | val_acc 0.9394 | val_f1 0.9350 | grad(main/disc) 3.763/1.616 | lr(main/disc) 3.50e-05/1.75e-05 | 105.7s
2026-08-25 14:39:42 | Early stopping at epoch 41 after 9 epochs without val_f1_macro_present improvement.
2026-08-25 14:39:42 | Training complete. Best validation accuracy: 0.9394 | best val_f1_macro_present: 0.9391
2026-08-25 14:39:42 | Starting Dual_D standalone training
2026-08-25 14:39:42 | Run directory: runs/module_c_ablation/module_c_20260824_171004/module_c_no_module_c_雨天_iter01_20260825_050453
2026-08-25 14:39:42 | Device: cuda
2026-08-25 14:39:42 | Source train samples: 992
2026-08-25 14:39:42 | Target train samples: 96
2026-08-25 14:39:42 | Target val samples: 26
2026-08-25 14:39:42 | Classes: 14
2026-08-25 14:39:42 | Data audit: same_dir=False | path_overlap(vis/ir/ais)=0/0/0 | content_overlap(vis/ir/ais)=0/0/0 | ais_index_overlap=0 | stem_mismatch(vis-ir/vis-ais)=117/0
2026-08-25 14:39:42 | source_train classes: present 14/14 | absent 0 | counts [0:120, 1:44, 2:69, 3:45, 4:40, 5:30, 6:64, 7:80, 8:116, 9:68, 10:57, 11:83, 12:48, 13:128]
2026-08-25 14:39:42 | target_train classes: present 6/14 | absent 8 | counts [0:7, 2:19, 9:32, 10:12, 11:6, 13:20]
2026-08-25 14:39:42 | target_val classes: present 6/14 | absent 8 | counts [0:2, 2:5, 9:8, 10:4, 11:2, 13:5]
2026-08-25 14:39:42 | Paired training classes: 6/14 | class ids [0, 2, 9, 10, 11, 13]
2026-08-25 14:39:42 | VIS/IR pairing: class-level-unpaired | count-mismatch classes train/val: 10/0 | AIS alignment: none | AIS rows train/val: 0/0
2026-08-25 14:39:43 | Model parameters: total=17277714 | trainable=17120210
Starting run 10/12: domain=雨天, iteration=1, seed=51
2026-08-25 14:40:32 | Epoch 001/100 | loss 5.4401 | cls 5.4459 | tal -0.0194 | dual_g 0.0000 | dual_d 0.0000 | train_acc 0.0781 | train_full 0.1146 | val_acc 0.1538 | val_f1 0.1778 | grad(main/disc) 18.242/0.000 | lr(main/disc) 7.00e-05/3.50e-05 | 49.0s
2026-08-25 14:40:35 | New best val_f1_macro_present: 0.1778 at epoch 1
2026-08-25 14:41:27 | Epoch 002/100 | loss 4.3330 | cls 4.3229 | tal 0.0336 | dual_g 0.0000 | dual_d 0.0000 | train_acc 0.1719 | train_full 0.2083 | val_acc 0.2308 | val_f1 0.1389 | grad(main/disc) 14.787/0.000 | lr(main/disc) 7.00e-05/3.50e-05 | 51.9s
2026-08-25 14:42:24 | Epoch 003/100 | loss 3.7957 | cls 3.7799 | tal 0.0525 | dual_g 0.0000 | dual_d 0.0000 | train_acc 0.2617 | train_full 0.2292 | val_acc 0.1923 | val_f1 0.0877 | grad(main/disc) 12.653/0.000 | lr(main/disc) 7.00e-05/3.50e-05 | 57.4s
2026-08-25 14:43:17 | Epoch 004/100 | loss 3.4668 | cls 3.4649 | tal 0.0060 | dual_g 0.0000 | dual_d 0.0000 | train_acc 0.3398 | train_full 0.2188 | val_acc 0.2308 | val_f1 0.1752 | grad(main/disc) 11.507/0.000 | lr(main/disc) 7.00e-05/3.50e-05 | 52.4s
2026-08-25 14:44:13 | Epoch 005/100 | loss 3.1882 | cls 3.2041 | tal -0.0528 | dual_g 0.0000 | dual_d 0.0000 | train_acc 0.3789 | train_full 0.2083 | val_acc 0.2308 | val_f1 0.1204 | grad(main/disc) 10.479/0.000 | lr(main/disc) 7.00e-05/3.50e-05 | 56.0s
2026-08-25 14:45:10 | Epoch 006/100 | loss 2.8369 | cls 2.8768 | tal -0.1417 | dual_g 0.0026 | dual_d 0.8421 | train_acc 0.5195 | train_full 0.2812 | val_acc 0.3077 | val_f1 0.1963 | grad(main/disc) 9.824/1.865 | lr(main/disc) 7.00e-05/3.50e-05 | 57.4s
2026-08-25 14:45:13 | New best val_f1_macro_present: 0.1963 at epoch 6
2026-08-25 14:46:08 | Epoch 007/100 | loss 2.6235 | cls 2.6740 | tal -0.1865 | dual_g 0.0054 | dual_d 0.8535 | train_acc 0.5273 | train_full 0.2708 | val_acc 0.2692 | val_f1 0.1761 | grad(main/disc) 9.476/1.933 | lr(main/disc) 7.00e-05/3.50e-05 | 54.8s
2026-08-25 14:47:04 | Epoch 008/100 | loss 2.4714 | cls 2.5085 | tal -0.1480 | dual_g 0.0073 | dual_d 0.9032 | train_acc 0.6094 | train_full 0.2292 | val_acc 0.1923 | val_f1 0.1399 | grad(main/disc) 9.043/1.888 | lr(main/disc) 7.00e-05/3.50e-05 | 55.7s
2026-08-25 14:47:59 | Epoch 009/100 | loss 2.4040 | cls 2.4442 | tal -0.1632 | dual_g 0.0088 | dual_d 0.9062 | train_acc 0.5859 | train_full 0.3750 | val_acc 0.3077 | val_f1 0.2671 | grad(main/disc) 9.090/1.909 | lr(main/disc) 7.00e-05/3.50e-05 | 55.3s
2026-08-25 14:48:02 | New best val_f1_macro_present: 0.2671 at epoch 9
2026-08-25 14:48:59 | Epoch 010/100 | loss 2.2399 | cls 2.2599 | tal -0.1032 | dual_g 0.0109 | dual_d 0.9189 | train_acc 0.6562 | train_full 0.4271 | val_acc 0.3077 | val_f1 0.2476 | grad(main/disc) 8.413/1.851 | lr(main/disc) 7.00e-05/3.50e-05 | 56.8s
2026-08-25 14:49:55 | Epoch 011/100 | loss 2.1356 | cls 2.1639 | tal -0.1392 | dual_g 0.0134 | dual_d 0.9070 | train_acc 0.7734 | train_full 0.6042 | val_acc 0.5000 | val_f1 0.4179 | grad(main/disc) 8.263/1.793 | lr(main/disc) 7.00e-05/3.50e-05 | 56.1s
2026-08-25 14:49:58 | New best val_f1_macro_present: 0.4179 at epoch 11
2026-08-25 14:50:55 | Epoch 012/100 | loss 2.0540 | cls 2.0711 | tal -0.1064 | dual_g 0.0149 | dual_d 0.9324 | train_acc 0.7812 | train_full 0.6042 | val_acc 0.5385 | val_f1 0.4385 | grad(main/disc) 8.603/1.842 | lr(main/disc) 7.00e-05/3.50e-05 | 56.8s
2026-08-25 14:50:58 | New best val_f1_macro_present: 0.4385 at epoch 12
2026-08-25 14:51:51 | Epoch 013/100 | loss 1.9127 | cls 1.9221 | tal -0.0854 | dual_g 0.0163 | dual_d 0.9651 | train_acc 0.7891 | train_full 0.5312 | val_acc 0.5000 | val_f1 0.4139 | grad(main/disc) 7.643/1.825 | lr(main/disc) 7.00e-05/3.50e-05 | 52.6s
2026-08-25 14:52:48 | Epoch 014/100 | loss 1.8734 | cls 1.8984 | tal -0.1449 | dual_g 0.0185 | dual_d 0.9432 | train_acc 0.8281 | train_full 0.5417 | val_acc 0.5000 | val_f1 0.4042 | grad(main/disc) 8.714/1.678 | lr(main/disc) 7.00e-05/3.50e-05 | 57.7s
2026-08-25 14:53:41 | Epoch 015/100 | loss 1.7528 | cls 1.7572 | tal -0.0823 | dual_g 0.0202 | dual_d 0.9029 | train_acc 0.8477 | train_full 0.5417 | val_acc 0.3846 | val_f1 0.3228 | grad(main/disc) 7.345/1.720 | lr(main/disc) 7.00e-05/3.50e-05 | 52.2s
2026-08-25 14:54:37 | Epoch 016/100 | loss 1.5919 | cls 1.5922 | tal -0.0688 | dual_g 0.0204 | dual_d 0.9271 | train_acc 0.9375 | train_full 0.5938 | val_acc 0.5000 | val_f1 0.5058 | grad(main/disc) 6.356/1.742 | lr(main/disc) 7.00e-05/3.50e-05 | 56.7s
2026-08-25 14:54:40 | New best val_f1_macro_present: 0.5058 at epoch 16
2026-08-25 14:55:34 | Epoch 017/100 | loss 1.6076 | cls 1.6017 | tal -0.0525 | dual_g 0.0216 | dual_d 0.9710 | train_acc 0.8906 | train_full 0.7292 | val_acc 0.6538 | val_f1 0.6604 | grad(main/disc) 6.785/1.787 | lr(main/disc) 7.00e-05/3.50e-05 | 54.0s
2026-08-25 14:55:38 | New best val_f1_macro_present: 0.6604 at epoch 17
2026-08-25 14:56:27 | Epoch 018/100 | loss 1.6748 | cls 1.6546 | tal -0.0066 | dual_g 0.0222 | dual_d 1.0409 | train_acc 0.9141 | train_full 0.7812 | val_acc 0.6923 | val_f1 0.6928 | grad(main/disc) 8.723/1.830 | lr(main/disc) 7.00e-05/3.50e-05 | 49.1s
2026-08-25 14:56:30 | New best val_f1_macro_present: 0.6928 at epoch 18
2026-08-25 14:57:26 | Epoch 019/100 | loss 1.6016 | cls 1.5974 | tal -0.0657 | dual_g 0.0240 | dual_d 1.0596 | train_acc 0.9023 | train_full 0.5104 | val_acc 0.3846 | val_f1 0.3249 | grad(main/disc) 8.221/1.927 | lr(main/disc) 7.00e-05/3.50e-05 | 56.6s
2026-08-25 14:58:19 | Epoch 020/100 | loss 1.6808 | cls 1.6703 | tal -0.0454 | dual_g 0.0241 | dual_d 1.0544 | train_acc 0.8711 | train_full 0.8021 | val_acc 0.8077 | val_f1 0.7854 | grad(main/disc) 8.291/1.827 | lr(main/disc) 7.00e-05/3.50e-05 | 52.6s
2026-08-25 14:58:22 | New best val_f1_macro_present: 0.7854 at epoch 20
2026-08-25 14:59:13 | Epoch 021/100 | loss 1.6071 | cls 1.6036 | tal -0.0685 | dual_g 0.0240 | dual_d 1.0454 | train_acc 0.9219 | train_full 0.6042 | val_acc 0.5000 | val_f1 0.5317 | grad(main/disc) 8.755/1.806 | lr(main/disc) 7.00e-05/3.50e-05 | 50.8s
2026-08-25 15:00:05 | Epoch 022/100 | loss 1.6209 | cls 1.6019 | tal -0.0185 | dual_g 0.0245 | dual_d 1.0850 | train_acc 0.9336 | train_full 0.5208 | val_acc 0.4231 | val_f1 0.4388 | grad(main/disc) 7.176/1.805 | lr(main/disc) 7.00e-05/3.50e-05 | 51.4s
2026-08-25 15:01:00 | Epoch 023/100 | loss 1.5407 | cls 1.5212 | tal -0.0162 | dual_g 0.0244 | dual_d 1.1087 | train_acc 0.9414 | train_full 0.4688 | val_acc 0.3462 | val_f1 0.2778 | grad(main/disc) 5.989/1.839 | lr(main/disc) 7.00e-05/3.50e-05 | 55.9s
2026-08-25 15:01:53 | Epoch 024/100 | loss 1.5457 | cls 1.5240 | tal -0.0085 | dual_g 0.0242 | dual_d 1.1102 | train_acc 0.9336 | train_full 0.7500 | val_acc 0.6538 | val_f1 0.6489 | grad(main/disc) 7.341/1.824 | lr(main/disc) 7.00e-05/3.50e-05 | 52.4s
2026-08-25 15:02:46 | Epoch 025/100 | loss 1.5367 | cls 1.5147 | tal -0.0121 | dual_g 0.0256 | dual_d 1.1186 | train_acc 0.9648 | train_full 0.6146 | val_acc 0.5385 | val_f1 0.5428 | grad(main/disc) 7.185/1.830 | lr(main/disc) 7.00e-05/3.50e-05 | 52.7s
2026-08-25 15:03:42 | Epoch 026/100 | loss 1.4905 | cls 1.4623 | tal 0.0090 | dual_g 0.0255 | dual_d 1.1638 | train_acc 0.9570 | train_full 0.6562 | val_acc 0.5769 | val_f1 0.5825 | grad(main/disc) 5.646/1.814 | lr(main/disc) 7.00e-05/3.50e-05 | 56.7s
2026-08-25 15:04:34 | Epoch 027/100 | loss 1.4783 | cls 1.4794 | tal -0.0867 | dual_g 0.0249 | dual_d 1.1577 | train_acc 0.9648 | train_full 0.7917 | val_acc 0.7692 | val_f1 0.7534 | grad(main/disc) 6.306/1.844 | lr(main/disc) 3.50e-05/1.75e-05 | 51.6s
2026-08-25 15:05:29 | Epoch 028/100 | loss 1.4631 | cls 1.4523 | tal -0.0428 | dual_g 0.0237 | dual_d 1.1888 | train_acc 0.9727 | train_full 0.8854 | val_acc 0.7692 | val_f1 0.7566 | grad(main/disc) 6.243/1.824 | lr(main/disc) 3.50e-05/1.75e-05 | 55.4s
2026-08-25 15:06:23 | Epoch 029/100 | loss 1.4192 | cls 1.4161 | tal -0.0648 | dual_g 0.0225 | dual_d 1.1840 | train_acc 0.9570 | train_full 0.8646 | val_acc 0.7692 | val_f1 0.7505 | grad(main/disc) 5.612/1.875 | lr(main/disc) 3.50e-05/1.75e-05 | 53.7s
2026-08-25 15:06:23 | Early stopping at epoch 29 after 9 epochs without val_f1_macro_present improvement.
2026-08-25 15:06:23 | Training complete. Best validation accuracy: 0.8077 | best val_f1_macro_present: 0.7854
2026-08-25 15:06:23 | Starting Dual_D standalone training
2026-08-25 15:06:23 | Run directory: runs/module_c_ablation/module_c_20260824_171004/module_c_no_module_c_雨天_iter02_20260825_050453
2026-08-25 15:06:23 | Device: cuda
2026-08-25 15:06:23 | Source train samples: 992
2026-08-25 15:06:23 | Target train samples: 96
2026-08-25 15:06:23 | Target val samples: 26
2026-08-25 15:06:23 | Classes: 14
2026-08-25 15:06:23 | Data audit: same_dir=False | path_overlap(vis/ir/ais)=0/0/0 | content_overlap(vis/ir/ais)=0/0/0 | ais_index_overlap=0 | stem_mismatch(vis-ir/vis-ais)=117/0
2026-08-25 15:06:23 | source_train classes: present 14/14 | absent 0 | counts [0:120, 1:44, 2:69, 3:45, 4:40, 5:30, 6:64, 7:80, 8:116, 9:68, 10:57, 11:83, 12:48, 13:128]
2026-08-25 15:06:23 | target_train classes: present 6/14 | absent 8 | counts [0:7, 2:19, 9:32, 10:12, 11:6, 13:20]
2026-08-25 15:06:23 | target_val classes: present 6/14 | absent 8 | counts [0:2, 2:5, 9:8, 10:4, 11:2, 13:5]
2026-08-25 15:06:23 | Paired training classes: 6/14 | class ids [0, 2, 9, 10, 11, 13]
2026-08-25 15:06:23 | VIS/IR pairing: class-level-unpaired | count-mismatch classes train/val: 10/0 | AIS alignment: none | AIS rows train/val: 0/0
2026-08-25 15:06:23 | Model parameters: total=17277714 | trainable=17120210
Starting run 11/12: domain=雨天, iteration=2, seed=52
2026-08-25 15:07:18 | Epoch 001/100 | loss 5.1846 | cls 5.1743 | tal 0.0343 | dual_g 0.0000 | dual_d 0.0000 | train_acc 0.1055 | train_full 0.3333 | val_acc 0.2308 | val_f1 0.0833 | grad(main/disc) 17.945/0.000 | lr(main/disc) 7.00e-05/3.50e-05 | 54.4s
2026-08-25 15:07:21 | New best val_f1_macro_present: 0.0833 at epoch 1
2026-08-25 15:08:12 | Epoch 002/100 | loss 4.3442 | cls 4.3474 | tal -0.0106 | dual_g 0.0000 | dual_d 0.0000 | train_acc 0.2305 | train_full 0.3333 | val_acc 0.1538 | val_f1 0.1513 | grad(main/disc) 15.628/0.000 | lr(main/disc) 7.00e-05/3.50e-05 | 51.4s
2026-08-25 15:08:15 | New best val_f1_macro_present: 0.1513 at epoch 2
2026-08-25 15:09:11 | Epoch 003/100 | loss 3.6418 | cls 3.6503 | tal -0.0282 | dual_g 0.0000 | dual_d 0.0000 | train_acc 0.3438 | train_full 0.2292 | val_acc 0.1154 | val_f1 0.1333 | grad(main/disc) 13.221/0.000 | lr(main/disc) 7.00e-05/3.50e-05 | 55.3s
2026-08-25 15:10:03 | Epoch 004/100 | loss 3.3040 | cls 3.3360 | tal -0.1069 | dual_g 0.0000 | dual_d 0.0000 | train_acc 0.3711 | train_full 0.2292 | val_acc 0.2308 | val_f1 0.1605 | grad(main/disc) 12.003/0.000 | lr(main/disc) 7.00e-05/3.50e-05 | 52.4s
2026-08-25 15:10:06 | New best val_f1_macro_present: 0.1605 at epoch 4
2026-08-25 15:11:01 | Epoch 005/100 | loss 3.1171 | cls 3.1547 | tal -0.1255 | dual_g 0.0000 | dual_d 0.0000 | train_acc 0.4023 | train_full 0.2917 | val_acc 0.3077 | val_f1 0.2530 | grad(main/disc) 11.276/0.000 | lr(main/disc) 7.00e-05/3.50e-05 | 54.8s
2026-08-25 15:11:04 | New best val_f1_macro_present: 0.2530 at epoch 5
2026-08-25 15:12:01 | Epoch 006/100 | loss 2.8000 | cls 2.8120 | tal -0.0462 | dual_g 0.0019 | dual_d 0.9260 | train_acc 0.5859 | train_full 0.2500 | val_acc 0.3846 | val_f1 0.2804 | grad(main/disc) 10.408/1.832 | lr(main/disc) 7.00e-05/3.50e-05 | 57.0s
2026-08-25 15:12:05 | New best val_f1_macro_present: 0.2804 at epoch 6
2026-08-25 15:12:57 | Epoch 007/100 | loss 2.6675 | cls 2.6632 | tal 0.0030 | dual_g 0.0034 | dual_d 0.9575 | train_acc 0.5781 | train_full 0.2812 | val_acc 0.3846 | val_f1 0.2730 | grad(main/disc) 9.908/1.809 | lr(main/disc) 7.00e-05/3.50e-05 | 52.3s
2026-08-25 15:13:50 | Epoch 008/100 | loss 2.6580 | cls 2.6401 | tal 0.0440 | dual_g 0.0047 | dual_d 0.9502 | train_acc 0.6172 | train_full 0.3854 | val_acc 0.4231 | val_f1 0.3099 | grad(main/disc) 9.984/1.907 | lr(main/disc) 7.00e-05/3.50e-05 | 53.7s
2026-08-25 15:13:54 | New best val_f1_macro_present: 0.3099 at epoch 8
2026-08-25 15:14:48 | Epoch 009/100 | loss 2.5165 | cls 2.4908 | tal 0.0657 | dual_g 0.0060 | dual_d 0.9314 | train_acc 0.6367 | train_full 0.4271 | val_acc 0.4615 | val_f1 0.4167 | grad(main/disc) 9.812/1.847 | lr(main/disc) 7.00e-05/3.50e-05 | 54.7s
2026-08-25 15:14:52 | New best val_f1_macro_present: 0.4167 at epoch 9
2026-08-25 15:15:48 | Epoch 010/100 | loss 2.1977 | cls 2.1765 | tal 0.0441 | dual_g 0.0079 | dual_d 0.9804 | train_acc 0.7188 | train_full 0.6458 | val_acc 0.5769 | val_f1 0.5694 | grad(main/disc) 9.715/1.859 | lr(main/disc) 7.00e-05/3.50e-05 | 56.5s
2026-08-25 15:15:51 | New best val_f1_macro_present: 0.5694 at epoch 10
2026-08-25 15:16:43 | Epoch 011/100 | loss 2.2776 | cls 2.2291 | tal 0.1333 | dual_g 0.0086 | dual_d 0.9761 | train_acc 0.7578 | train_full 0.6146 | val_acc 0.5385 | val_f1 0.5509 | grad(main/disc) 10.021/1.854 | lr(main/disc) 7.00e-05/3.50e-05 | 51.8s
2026-08-25 15:17:40 | Epoch 012/100 | loss 2.0245 | cls 1.9747 | tal 0.1303 | dual_g 0.0108 | dual_d 0.9644 | train_acc 0.8203 | train_full 0.5417 | val_acc 0.5000 | val_f1 0.4550 | grad(main/disc) 8.570/1.790 | lr(main/disc) 7.00e-05/3.50e-05 | 56.9s
2026-08-25 15:18:34 | Epoch 013/100 | loss 2.0135 | cls 1.9801 | tal 0.0727 | dual_g 0.0116 | dual_d 1.0241 | train_acc 0.8750 | train_full 0.5417 | val_acc 0.5385 | val_f1 0.4954 | grad(main/disc) 8.481/1.851 | lr(main/disc) 7.00e-05/3.50e-05 | 53.9s
2026-08-25 15:19:26 | Epoch 014/100 | loss 1.8618 | cls 1.8154 | tal 0.1114 | dual_g 0.0129 | dual_d 1.0061 | train_acc 0.8594 | train_full 0.6146 | val_acc 0.5385 | val_f1 0.4647 | grad(main/disc) 7.864/1.821 | lr(main/disc) 7.00e-05/3.50e-05 | 51.8s
2026-08-25 15:20:16 | Epoch 015/100 | loss 1.8014 | cls 1.7678 | tal 0.0673 | dual_g 0.0134 | dual_d 1.0406 | train_acc 0.8789 | train_full 0.5000 | val_acc 0.5000 | val_f1 0.4313 | grad(main/disc) 8.628/1.756 | lr(main/disc) 7.00e-05/3.50e-05 | 51.0s
2026-08-25 15:21:12 | Epoch 016/100 | loss 1.7958 | cls 1.7569 | tal 0.0811 | dual_g 0.0146 | dual_d 1.0628 | train_acc 0.8594 | train_full 0.6250 | val_acc 0.5385 | val_f1 0.4954 | grad(main/disc) 10.153/1.902 | lr(main/disc) 7.00e-05/3.50e-05 | 55.3s
2026-08-25 15:22:07 | Epoch 017/100 | loss 1.7275 | cls 1.6912 | tal 0.0693 | dual_g 0.0155 | dual_d 1.0682 | train_acc 0.8984 | train_full 0.5521 | val_acc 0.5000 | val_f1 0.4349 | grad(main/disc) 9.693/1.813 | lr(main/disc) 3.50e-05/1.75e-05 | 55.3s
2026-08-25 15:23:03 | Epoch 018/100 | loss 1.7792 | cls 1.7510 | tal 0.0388 | dual_g 0.0165 | dual_d 1.0560 | train_acc 0.9023 | train_full 0.5417 | val_acc 0.5000 | val_f1 0.4349 | grad(main/disc) 9.600/1.814 | lr(main/disc) 3.50e-05/1.75e-05 | 55.4s
2026-08-25 15:23:56 | Epoch 019/100 | loss 1.6441 | cls 1.6200 | tal 0.0195 | dual_g 0.0182 | dual_d 1.0486 | train_acc 0.9297 | train_full 0.6979 | val_acc 0.6154 | val_f1 0.6424 | grad(main/disc) 8.332/1.780 | lr(main/disc) 3.50e-05/1.75e-05 | 53.9s
2026-08-25 15:24:00 | New best val_f1_macro_present: 0.6424 at epoch 19
2026-08-25 15:24:52 | Epoch 020/100 | loss 1.6628 | cls 1.6377 | tal 0.0216 | dual_g 0.0185 | dual_d 1.0886 | train_acc 0.9023 | train_full 0.6042 | val_acc 0.5385 | val_f1 0.4954 | grad(main/disc) 9.881/1.786 | lr(main/disc) 3.50e-05/1.75e-05 | 52.4s
2026-08-25 15:25:47 | Epoch 021/100 | loss 1.6224 | cls 1.6008 | tal 0.0092 | dual_g 0.0188 | dual_d 1.0083 | train_acc 0.9023 | train_full 0.5833 | val_acc 0.5385 | val_f1 0.5509 | grad(main/disc) 7.356/1.723 | lr(main/disc) 3.50e-05/1.75e-05 | 55.3s
2026-08-25 15:26:43 | Epoch 022/100 | loss 1.6230 | cls 1.5879 | tal 0.0483 | dual_g 0.0207 | dual_d 1.0628 | train_acc 0.9336 | train_full 0.5625 | val_acc 0.5000 | val_f1 0.4349 | grad(main/disc) 10.237/1.739 | lr(main/disc) 3.50e-05/1.75e-05 | 55.7s
2026-08-25 15:27:39 | Epoch 023/100 | loss 1.5529 | cls 1.5325 | tal 0.0024 | dual_g 0.0198 | dual_d 1.0707 | train_acc 0.9492 | train_full 0.6667 | val_acc 0.5769 | val_f1 0.6079 | grad(main/disc) 7.384/1.775 | lr(main/disc) 3.50e-05/1.75e-05 | 56.2s
2026-08-25 15:28:32 | Epoch 024/100 | loss 1.5822 | cls 1.5619 | tal -0.0094 | dual_g 0.0232 | dual_d 1.0918 | train_acc 0.9258 | train_full 0.6458 | val_acc 0.5769 | val_f1 0.6091 | grad(main/disc) 8.623/1.753 | lr(main/disc) 3.50e-05/1.75e-05 | 53.1s
2026-08-25 15:29:30 | Epoch 025/100 | loss 1.5763 | cls 1.5450 | tal 0.0261 | dual_g 0.0235 | dual_d 1.0777 | train_acc 0.9258 | train_full 0.6146 | val_acc 0.6154 | val_f1 0.6484 | grad(main/disc) 7.004/1.757 | lr(main/disc) 3.50e-05/1.75e-05 | 57.3s
2026-08-25 15:29:33 | New best val_f1_macro_present: 0.6484 at epoch 25
2026-08-25 15:30:28 | Epoch 026/100 | loss 1.5655 | cls 1.5369 | tal 0.0219 | dual_g 0.0220 | dual_d 1.0983 | train_acc 0.9414 | train_full 0.6458 | val_acc 0.5769 | val_f1 0.6079 | grad(main/disc) 7.480/1.802 | lr(main/disc) 3.50e-05/1.75e-05 | 55.5s
2026-08-25 15:31:25 | Epoch 027/100 | loss 1.5728 | cls 1.5422 | tal 0.0261 | dual_g 0.0229 | dual_d 1.0782 | train_acc 0.9414 | train_full 0.6667 | val_acc 0.5769 | val_f1 0.6079 | grad(main/disc) 7.311/1.762 | lr(main/disc) 3.50e-05/1.75e-05 | 56.7s
2026-08-25 15:32:21 | Epoch 028/100 | loss 1.5912 | cls 1.5581 | tal 0.0355 | dual_g 0.0224 | dual_d 1.1483 | train_acc 0.9531 | train_full 0.6354 | val_acc 0.4615 | val_f1 0.3194 | grad(main/disc) 7.863/1.825 | lr(main/disc) 3.50e-05/1.75e-05 | 56.0s
2026-08-25 15:33:19 | Epoch 029/100 | loss 1.6217 | cls 1.5876 | tal 0.0384 | dual_g 0.0226 | dual_d 1.1379 | train_acc 0.9375 | train_full 0.8229 | val_acc 0.7692 | val_f1 0.7894 | grad(main/disc) 10.520/1.836 | lr(main/disc) 3.50e-05/1.75e-05 | 58.0s
2026-08-25 15:33:22 | New best val_f1_macro_present: 0.7894 at epoch 29
2026-08-25 15:34:17 | Epoch 030/100 | loss 1.4944 | cls 1.4682 | tal 0.0183 | dual_g 0.0207 | dual_d 1.1063 | train_acc 0.9727 | train_full 0.8646 | val_acc 0.8077 | val_f1 0.8541 | grad(main/disc) 8.049/1.799 | lr(main/disc) 3.50e-05/1.75e-05 | 54.6s
2026-08-25 15:34:20 | New best val_f1_macro_present: 0.8541 at epoch 30
2026-08-25 15:35:15 | Epoch 031/100 | loss 1.5051 | cls 1.4743 | tal 0.0302 | dual_g 0.0217 | dual_d 1.1171 | train_acc 0.9609 | train_full 0.8229 | val_acc 0.6154 | val_f1 0.6412 | grad(main/disc) 6.992/1.827 | lr(main/disc) 3.50e-05/1.75e-05 | 55.1s
2026-08-25 15:36:08 | Epoch 032/100 | loss 1.5478 | cls 1.5136 | tal 0.0483 | dual_g 0.0197 | dual_d 1.1017 | train_acc 0.9492 | train_full 0.7188 | val_acc 0.6923 | val_f1 0.7493 | grad(main/disc) 8.600/1.706 | lr(main/disc) 3.50e-05/1.75e-05 | 53.5s
2026-08-25 15:37:01 | Epoch 033/100 | loss 1.4920 | cls 1.4603 | tal 0.0391 | dual_g 0.0200 | dual_d 1.1245 | train_acc 0.9609 | train_full 0.7292 | val_acc 0.6923 | val_f1 0.7493 | grad(main/disc) 6.752/1.710 | lr(main/disc) 3.50e-05/1.75e-05 | 53.0s
2026-08-25 15:37:53 | Epoch 034/100 | loss 1.4938 | cls 1.4468 | tal 0.0889 | dual_g 0.0203 | dual_d 1.1364 | train_acc 0.9531 | train_full 0.7188 | val_acc 0.6923 | val_f1 0.7285 | grad(main/disc) 8.309/1.798 | lr(main/disc) 3.50e-05/1.75e-05 | 51.1s
2026-08-25 15:38:44 | Epoch 035/100 | loss 1.4735 | cls 1.4461 | tal 0.0189 | dual_g 0.0216 | dual_d 1.1501 | train_acc 0.9570 | train_full 0.7708 | val_acc 0.5769 | val_f1 0.6095 | grad(main/disc) 9.111/1.860 | lr(main/disc) 3.50e-05/1.75e-05 | 51.6s
2026-08-25 15:39:36 | Epoch 036/100 | loss 1.5168 | cls 1.4887 | tal 0.0258 | dual_g 0.0204 | dual_d 1.1350 | train_acc 0.9570 | train_full 0.6667 | val_acc 0.5000 | val_f1 0.4349 | grad(main/disc) 8.809/1.750 | lr(main/disc) 3.50e-05/1.75e-05 | 51.5s
2026-08-25 15:40:29 | Epoch 037/100 | loss 1.4874 | cls 1.4575 | tal 0.0383 | dual_g 0.0184 | dual_d 1.1603 | train_acc 0.9609 | train_full 0.7083 | val_acc 0.6154 | val_f1 0.6535 | grad(main/disc) 7.724/1.818 | lr(main/disc) 1.75e-05/8.75e-06 | 52.8s
2026-08-25 15:41:21 | Epoch 038/100 | loss 1.4755 | cls 1.4594 | tal -0.0125 | dual_g 0.0198 | dual_d 1.2291 | train_acc 0.9570 | train_full 0.6771 | val_acc 0.6538 | val_f1 0.6789 | grad(main/disc) 6.070/1.878 | lr(main/disc) 1.75e-05/8.75e-06 | 52.7s
2026-08-25 15:42:15 | Epoch 039/100 | loss 1.4881 | cls 1.4626 | tal 0.0229 | dual_g 0.0187 | dual_d 1.1703 | train_acc 0.9883 | train_full 0.6979 | val_acc 0.5385 | val_f1 0.4954 | grad(main/disc) 7.267/1.823 | lr(main/disc) 1.75e-05/8.75e-06 | 53.6s
2026-08-25 15:42:15 | Early stopping at epoch 39 after 9 epochs without val_f1_macro_present improvement.
2026-08-25 15:42:15 | Training complete. Best validation accuracy: 0.8077 | best val_f1_macro_present: 0.8541
2026-08-25 15:42:15 | Starting Dual_D standalone training
2026-08-25 15:42:15 | Run directory: runs/module_c_ablation/module_c_20260824_171004/module_c_no_module_c_雨天_iter03_20260825_050453
2026-08-25 15:42:15 | Device: cuda
2026-08-25 15:42:15 | Source train samples: 992
2026-08-25 15:42:15 | Target train samples: 96
2026-08-25 15:42:15 | Target val samples: 26
2026-08-25 15:42:15 | Classes: 14
2026-08-25 15:42:15 | Data audit: same_dir=False | path_overlap(vis/ir/ais)=0/0/0 | content_overlap(vis/ir/ais)=0/0/0 | ais_index_overlap=0 | stem_mismatch(vis-ir/vis-ais)=117/0
2026-08-25 15:42:15 | source_train classes: present 14/14 | absent 0 | counts [0:120, 1:44, 2:69, 3:45, 4:40, 5:30, 6:64, 7:80, 8:116, 9:68, 10:57, 11:83, 12:48, 13:128]
2026-08-25 15:42:15 | target_train classes: present 6/14 | absent 8 | counts [0:7, 2:19, 9:32, 10:12, 11:6, 13:20]
2026-08-25 15:42:15 | target_val classes: present 6/14 | absent 8 | counts [0:2, 2:5, 9:8, 10:4, 11:2, 13:5]
2026-08-25 15:42:15 | Paired training classes: 6/14 | class ids [0, 2, 9, 10, 11, 13]
2026-08-25 15:42:15 | VIS/IR pairing: class-level-unpaired | count-mismatch classes train/val: 10/0 | AIS alignment: none | AIS rows train/val: 0/0
2026-08-25 15:42:16 | Model parameters: total=17277714 | trainable=17120210
Starting run 12/12: domain=雨天, iteration=3, seed=53
2026-08-25 15:43:09 | Epoch 001/100 | loss 4.8539 | cls 4.8319 | tal 0.0732 | dual_g 0.0000 | dual_d 0.0000 | train_acc 0.1016 | train_full 0.0417 | val_acc 0.0385 | val_f1 0.0196 | grad(main/disc) 16.280/0.000 | lr(main/disc) 7.00e-05/3.50e-05 | 53.3s
2026-08-25 15:43:12 | New best val_f1_macro_present: 0.0196 at epoch 1
2026-08-25 15:44:00 | Epoch 002/100 | loss 4.0247 | cls 4.0248 | tal -0.0005 | dual_g 0.0000 | dual_d 0.0000 | train_acc 0.1836 | train_full 0.2083 | val_acc 0.1923 | val_f1 0.0758 | grad(main/disc) 14.111/0.000 | lr(main/disc) 7.00e-05/3.50e-05 | 48.1s
2026-08-25 15:44:04 | New best val_f1_macro_present: 0.0758 at epoch 2
2026-08-25 15:44:58 | Epoch 003/100 | loss 3.7091 | cls 3.7124 | tal -0.0110 | dual_g 0.0000 | dual_d 0.0000 | train_acc 0.2930 | train_full 0.1667 | val_acc 0.1923 | val_f1 0.0595 | grad(main/disc) 12.744/0.000 | lr(main/disc) 7.00e-05/3.50e-05 | 54.1s
2026-08-25 15:45:52 | Epoch 004/100 | loss 3.4298 | cls 3.3914 | tal 0.1280 | dual_g 0.0000 | dual_d 0.0000 | train_acc 0.3242 | train_full 0.2604 | val_acc 0.2308 | val_f1 0.1500 | grad(main/disc) 11.518/0.000 | lr(main/disc) 7.00e-05/3.50e-05 | 54.5s
2026-08-25 15:45:55 | New best val_f1_macro_present: 0.1500 at epoch 4
2026-08-25 15:46:46 | Epoch 005/100 | loss 3.1303 | cls 3.1018 | tal 0.0951 | dual_g 0.0000 | dual_d 0.0000 | train_acc 0.4180 | train_full 0.2396 | val_acc 0.2692 | val_f1 0.1710 | grad(main/disc) 10.842/0.000 | lr(main/disc) 7.00e-05/3.50e-05 | 50.7s
2026-08-25 15:46:49 | New best val_f1_macro_present: 0.1710 at epoch 5
2026-08-25 15:47:42 | Epoch 006/100 | loss 2.8784 | cls 2.8475 | tal 0.0882 | dual_g 0.0044 | dual_d 0.9344 | train_acc 0.5000 | train_full 0.2500 | val_acc 0.2692 | val_f1 0.1746 | grad(main/disc) 10.951/1.971 | lr(main/disc) 7.00e-05/3.50e-05 | 52.8s
2026-08-25 15:47:45 | New best val_f1_macro_present: 0.1746 at epoch 6
2026-08-25 15:48:38 | Epoch 007/100 | loss 2.5876 | cls 2.5464 | tal 0.1102 | dual_g 0.0081 | dual_d 0.8851 | train_acc 0.5820 | train_full 0.2917 | val_acc 0.3077 | val_f1 0.2133 | grad(main/disc) 9.536/1.834 | lr(main/disc) 7.00e-05/3.50e-05 | 53.1s
2026-08-25 15:48:41 | New best val_f1_macro_present: 0.2133 at epoch 7
2026-08-25 15:49:35 | Epoch 008/100 | loss 2.5351 | cls 2.5123 | tal 0.0369 | dual_g 0.0117 | dual_d 0.9734 | train_acc 0.6484 | train_full 0.3854 | val_acc 0.3846 | val_f1 0.3000 | grad(main/disc) 9.779/1.954 | lr(main/disc) 7.00e-05/3.50e-05 | 53.4s
2026-08-25 15:49:38 | New best val_f1_macro_present: 0.3000 at epoch 8
2026-08-25 15:50:30 | Epoch 009/100 | loss 2.4330 | cls 2.3980 | tal 0.0672 | dual_g 0.0149 | dual_d 0.9608 | train_acc 0.6680 | train_full 0.3333 | val_acc 0.3846 | val_f1 0.2737 | grad(main/disc) 10.150/1.861 | lr(main/disc) 7.00e-05/3.50e-05 | 51.6s
2026-08-25 15:51:23 | Epoch 010/100 | loss 2.2785 | cls 2.2316 | tal 0.0979 | dual_g 0.0175 | dual_d 0.9891 | train_acc 0.6602 | train_full 0.4479 | val_acc 0.4231 | val_f1 0.3086 | grad(main/disc) 10.014/1.898 | lr(main/disc) 7.00e-05/3.50e-05 | 53.5s
2026-08-25 15:51:26 | New best val_f1_macro_present: 0.3086 at epoch 10
2026-08-25 15:52:19 | Epoch 011/100 | loss 2.1383 | cls 2.1075 | tal 0.0335 | dual_g 0.0208 | dual_d 0.9714 | train_acc 0.7461 | train_full 0.5000 | val_acc 0.3462 | val_f1 0.2778 | grad(main/disc) 8.915/1.919 | lr(main/disc) 7.00e-05/3.50e-05 | 52.4s
2026-08-25 15:53:11 | Epoch 012/100 | loss 1.9722 | cls 1.9403 | tal 0.0339 | dual_g 0.0218 | dual_d 0.9829 | train_acc 0.8203 | train_full 0.5625 | val_acc 0.4231 | val_f1 0.4392 | grad(main/disc) 8.248/1.875 | lr(main/disc) 7.00e-05/3.50e-05 | 52.1s
2026-08-25 15:53:14 | New best val_f1_macro_present: 0.4392 at epoch 12
2026-08-25 15:54:06 | Epoch 013/100 | loss 1.8768 | cls 1.8418 | tal 0.0395 | dual_g 0.0232 | dual_d 0.9846 | train_acc 0.8242 | train_full 0.5833 | val_acc 0.5000 | val_f1 0.4841 | grad(main/disc) 8.085/1.882 | lr(main/disc) 7.00e-05/3.50e-05 | 52.1s
2026-08-25 15:54:09 | New best val_f1_macro_present: 0.4841 at epoch 13
2026-08-25 15:55:03 | Epoch 014/100 | loss 1.8570 | cls 1.8258 | tal 0.0178 | dual_g 0.0259 | dual_d 1.0572 | train_acc 0.8125 | train_full 0.5729 | val_acc 0.5000 | val_f1 0.5024 | grad(main/disc) 8.371/1.975 | lr(main/disc) 7.00e-05/3.50e-05 | 53.8s
2026-08-25 15:55:06 | New best val_f1_macro_present: 0.5024 at epoch 14
2026-08-25 15:55:57 | Epoch 015/100 | loss 1.7746 | cls 1.7553 | tal -0.0227 | dual_g 0.0261 | dual_d 1.0333 | train_acc 0.8594 | train_full 0.5938 | val_acc 0.5385 | val_f1 0.5523 | grad(main/disc) 8.261/1.821 | lr(main/disc) 7.00e-05/3.50e-05 | 50.6s
2026-08-25 15:56:00 | New best val_f1_macro_present: 0.5523 at epoch 15
2026-08-25 15:56:51 | Epoch 016/100 | loss 1.7350 | cls 1.7267 | tal -0.0676 | dual_g 0.0286 | dual_d 1.0576 | train_acc 0.8750 | train_full 0.8438 | val_acc 0.6923 | val_f1 0.7107 | grad(main/disc) 8.010/1.876 | lr(main/disc) 7.00e-05/3.50e-05 | 51.8s
2026-08-25 15:56:55 | New best val_f1_macro_present: 0.7107 at epoch 16
2026-08-25 15:57:48 | Epoch 017/100 | loss 1.6905 | cls 1.6821 | tal -0.0689 | dual_g 0.0291 | dual_d 1.0411 | train_acc 0.8828 | train_full 0.6875 | val_acc 0.6154 | val_f1 0.6104 | grad(main/disc) 9.084/1.887 | lr(main/disc) 7.00e-05/3.50e-05 | 53.0s
2026-08-25 15:58:37 | Epoch 018/100 | loss 1.5784 | cls 1.5747 | tal -0.0843 | dual_g 0.0290 | dual_d 1.0427 | train_acc 0.9141 | train_full 0.7292 | val_acc 0.6538 | val_f1 0.6811 | grad(main/disc) 7.241/1.813 | lr(main/disc) 7.00e-05/3.50e-05 | 49.8s
2026-08-25 15:59:30 | Epoch 019/100 | loss 1.5596 | cls 1.5511 | tal -0.0690 | dual_g 0.0292 | dual_d 1.0666 | train_acc 0.9102 | train_full 0.8125 | val_acc 0.7692 | val_f1 0.7858 | grad(main/disc) 7.576/1.887 | lr(main/disc) 7.00e-05/3.50e-05 | 52.3s
2026-08-25 15:59:33 | New best val_f1_macro_present: 0.7858 at epoch 19
2026-08-25 16:00:26 | Epoch 020/100 | loss 1.5983 | cls 1.5775 | tal -0.0327 | dual_g 0.0306 | dual_d 1.0563 | train_acc 0.9336 | train_full 0.8542 | val_acc 0.8077 | val_f1 0.8241 | grad(main/disc) 7.435/1.912 | lr(main/disc) 7.00e-05/3.50e-05 | 53.5s
2026-08-25 16:00:29 | New best val_f1_macro_present: 0.8241 at epoch 20
2026-08-25 16:01:18 | Epoch 021/100 | loss 1.5228 | cls 1.5029 | tal -0.0440 | dual_g 0.0331 | dual_d 1.1365 | train_acc 0.9375 | train_full 0.8229 | val_acc 0.8077 | val_f1 0.8213 | grad(main/disc) 6.063/1.932 | lr(main/disc) 7.00e-05/3.50e-05 | 48.0s
2026-08-25 16:02:08 | Epoch 022/100 | loss 1.5570 | cls 1.5567 | tal -0.1145 | dual_g 0.0346 | dual_d 1.1284 | train_acc 0.9219 | train_full 0.8125 | val_acc 0.8846 | val_f1 0.8987 | grad(main/disc) 7.297/1.963 | lr(main/disc) 7.00e-05/3.50e-05 | 50.7s
2026-08-25 16:02:11 | New best val_f1_macro_present: 0.8987 at epoch 22
2026-08-25 16:03:01 | Epoch 023/100 | loss 1.4668 | cls 1.4685 | tal -0.1118 | dual_g 0.0318 | dual_d 1.1627 | train_acc 0.9727 | train_full 0.8438 | val_acc 0.7692 | val_f1 0.7818 | grad(main/disc) 6.477/1.946 | lr(main/disc) 7.00e-05/3.50e-05 | 49.7s
2026-08-25 16:03:52 | Epoch 024/100 | loss 1.4772 | cls 1.4745 | tal -0.1009 | dual_g 0.0329 | dual_d 1.1717 | train_acc 0.9453 | train_full 0.8854 | val_acc 0.8462 | val_f1 0.8538 | grad(main/disc) 6.894/1.972 | lr(main/disc) 7.00e-05/3.50e-05 | 50.9s
2026-08-25 16:04:45 | Epoch 025/100 | loss 1.4720 | cls 1.4628 | tal -0.0766 | dual_g 0.0322 | dual_d 1.2403 | train_acc 0.9492 | train_full 0.8542 | val_acc 0.8077 | val_f1 0.8197 | grad(main/disc) 6.697/2.046 | lr(main/disc) 7.00e-05/3.50e-05 | 52.8s
2026-08-25 16:05:37 | Epoch 026/100 | loss 1.4513 | cls 1.4513 | tal -0.1009 | dual_g 0.0302 | dual_d 1.2799 | train_acc 0.9570 | train_full 0.8229 | val_acc 0.8462 | val_f1 0.8492 | grad(main/disc) 6.394/1.993 | lr(main/disc) 7.00e-05/3.50e-05 | 52.2s
2026-08-25 16:06:28 | Epoch 027/100 | loss 1.5378 | cls 1.5279 | tal -0.0647 | dual_g 0.0294 | dual_d 1.2731 | train_acc 0.9297 | train_full 0.8229 | val_acc 0.7308 | val_f1 0.7460 | grad(main/disc) 7.781/1.970 | lr(main/disc) 7.00e-05/3.50e-05 | 50.8s
2026-08-25 16:07:21 | Epoch 028/100 | loss 1.3833 | cls 1.3827 | tal -0.0967 | dual_g 0.0296 | dual_d 1.1724 | train_acc 0.9805 | train_full 0.8750 | val_acc 0.7692 | val_f1 0.7866 | grad(main/disc) 4.848/1.910 | lr(main/disc) 7.00e-05/3.50e-05 | 53.3s
2026-08-25 16:08:13 | Epoch 029/100 | loss 1.4281 | cls 1.4214 | tal -0.0711 | dual_g 0.0280 | dual_d 1.1174 | train_acc 0.9688 | train_full 0.9167 | val_acc 0.7692 | val_f1 0.7917 | grad(main/disc) 5.040/1.767 | lr(main/disc) 3.50e-05/1.75e-05 | 52.0s
2026-08-25 16:09:06 | Epoch 030/100 | loss 1.4411 | cls 1.4206 | tal -0.0336 | dual_g 0.0306 | dual_d 1.2522 | train_acc 0.9805 | train_full 0.9167 | val_acc 0.8846 | val_f1 0.9018 | grad(main/disc) 5.211/1.987 | lr(main/disc) 3.50e-05/1.75e-05 | 52.5s
2026-08-25 16:09:09 | New best val_f1_macro_present: 0.9018 at epoch 30
2026-08-25 16:10:02 | Epoch 031/100 | loss 1.3490 | cls 1.3429 | tal -0.0716 | dual_g 0.0276 | dual_d 1.2053 | train_acc 0.9883 | train_full 0.9167 | val_acc 0.8462 | val_f1 0.8557 | grad(main/disc) 4.121/1.885 | lr(main/disc) 3.50e-05/1.75e-05 | 53.1s
2026-08-25 16:10:54 | Epoch 032/100 | loss 1.3955 | cls 1.3899 | tal -0.0720 | dual_g 0.0272 | dual_d 1.2323 | train_acc 0.9844 | train_full 0.9167 | val_acc 0.9231 | val_f1 0.9370 | grad(main/disc) 5.450/1.877 | lr(main/disc) 3.50e-05/1.75e-05 | 52.4s
2026-08-25 16:10:58 | New best val_f1_macro_present: 0.9370 at epoch 32
2026-08-25 16:11:50 | Epoch 033/100 | loss 1.3978 | cls 1.3984 | tal -0.0877 | dual_g 0.0257 | dual_d 1.2615 | train_acc 0.9766 | train_full 0.9271 | val_acc 0.9615 | val_f1 0.9630 | grad(main/disc) 4.832/1.910 | lr(main/disc) 3.50e-05/1.75e-05 | 52.5s
2026-08-25 16:11:53 | New best val_f1_macro_present: 0.9630 at epoch 33
2026-08-25 16:12:44 | Epoch 034/100 | loss 1.3801 | cls 1.3763 | tal -0.0812 | dual_g 0.0281 | dual_d 1.2816 | train_acc 0.9922 | train_full 0.9167 | val_acc 0.8846 | val_f1 0.8907 | grad(main/disc) 4.484/1.895 | lr(main/disc) 3.50e-05/1.75e-05 | 50.8s
2026-08-25 16:13:34 | Epoch 035/100 | loss 1.3398 | cls 1.3365 | tal -0.0787 | dual_g 0.0269 | dual_d 1.2268 | train_acc 0.9883 | train_full 0.9271 | val_acc 0.9231 | val_f1 0.9185 | grad(main/disc) 3.905/1.908 | lr(main/disc) 3.50e-05/1.75e-05 | 50.4s
2026-08-25 16:14:27 | Epoch 036/100 | loss 1.3698 | cls 1.3580 | tal -0.0513 | dual_g 0.0273 | dual_d 1.2646 | train_acc 0.9883 | train_full 0.9479 | val_acc 0.9231 | val_f1 0.9370 | grad(main/disc) 4.349/1.970 | lr(main/disc) 3.50e-05/1.75e-05 | 52.5s
2026-08-25 16:15:21 | Epoch 037/100 | loss 1.3697 | cls 1.3575 | tal -0.0521 | dual_g 0.0278 | dual_d 1.1935 | train_acc 0.9844 | train_full 0.9583 | val_acc 0.9231 | val_f1 0.9250 | grad(main/disc) 4.696/1.886 | lr(main/disc) 3.50e-05/1.75e-05 | 53.6s
2026-08-25 16:16:12 | Epoch 038/100 | loss 1.4057 | cls 1.3946 | tal -0.0479 | dual_g 0.0255 | dual_d 1.2734 | train_acc 0.9883 | train_full 0.9479 | val_acc 0.9615 | val_f1 0.9630 | grad(main/disc) 5.421/1.948 | lr(main/disc) 3.50e-05/1.75e-05 | 51.6s
2026-08-25 16:17:05 | Epoch 039/100 | loss 1.3533 | cls 1.3384 | tal -0.0382 | dual_g 0.0264 | dual_d 1.2273 | train_acc 0.9961 | train_full 0.9688 | val_acc 0.9231 | val_f1 0.9185 | grad(main/disc) 4.204/1.902 | lr(main/disc) 3.50e-05/1.75e-05 | 52.4s
2026-08-25 16:17:56 | Epoch 040/100 | loss 1.3761 | cls 1.3697 | tal -0.0656 | dual_g 0.0261 | dual_d 1.2045 | train_acc 0.9844 | train_full 0.9792 | val_acc 0.9615 | val_f1 0.9630 | grad(main/disc) 5.491/1.804 | lr(main/disc) 1.75e-05/8.75e-06 | 51.6s
2026-08-25 16:18:46 | Epoch 041/100 | loss 1.3542 | cls 1.3369 | tal -0.0307 | dual_g 0.0266 | dual_d 1.3263 | train_acc 0.9805 | train_full 0.9792 | val_acc 0.9615 | val_f1 0.9663 | grad(main/disc) 4.033/1.932 | lr(main/disc) 1.75e-05/8.75e-06 | 50.3s
2026-08-25 16:18:50 | New best val_f1_macro_present: 0.9663 at epoch 41
2026-08-25 16:19:44 | Epoch 042/100 | loss 1.3593 | cls 1.3465 | tal -0.0375 | dual_g 0.0241 | dual_d 1.2287 | train_acc 0.9766 | train_full 0.9688 | val_acc 0.9615 | val_f1 0.9630 | grad(main/disc) 4.518/1.889 | lr(main/disc) 1.75e-05/8.75e-06 | 54.5s
2026-08-25 16:20:37 | Epoch 043/100 | loss 1.3448 | cls 1.3463 | tal -0.0859 | dual_g 0.0243 | dual_d 1.2176 | train_acc 0.9961 | train_full 0.9688 | val_acc 0.9615 | val_f1 0.9630 | grad(main/disc) 4.634/1.842 | lr(main/disc) 1.75e-05/8.75e-06 | 52.6s
2026-08-25 16:21:28 | Epoch 044/100 | loss 1.3769 | cls 1.3810 | tal -0.0969 | dual_g 0.0249 | dual_d 1.2306 | train_acc 0.9727 | train_full 0.9583 | val_acc 0.9615 | val_f1 0.9630 | grad(main/disc) 6.350/1.881 | lr(main/disc) 1.75e-05/8.75e-06 | 50.8s
2026-08-25 16:22:20 | Epoch 045/100 | loss 1.3931 | cls 1.3726 | tal -0.0178 | dual_g 0.0258 | dual_d 1.2071 | train_acc 0.9688 | train_full 0.9583 | val_acc 0.9615 | val_f1 0.9630 | grad(main/disc) 4.692/1.834 | lr(main/disc) 1.75e-05/8.75e-06 | 52.6s
2026-08-25 16:23:15 | Epoch 046/100 | loss 1.3197 | cls 1.3194 | tal -0.0808 | dual_g 0.0245 | dual_d 1.2506 | train_acc 0.9961 | train_full 0.9688 | val_acc 0.9615 | val_f1 0.9630 | grad(main/disc) 3.458/1.877 | lr(main/disc) 1.75e-05/8.75e-06 | 54.4s
2026-08-25 16:24:07 | Epoch 047/100 | loss 1.3316 | cls 1.3243 | tal -0.0538 | dual_g 0.0234 | dual_d 1.2878 | train_acc 0.9883 | train_full 0.9792 | val_acc 0.9231 | val_f1 0.9185 | grad(main/disc) 3.616/1.881 | lr(main/disc) 1.75e-05/8.75e-06 | 52.4s
2026-08-25 16:25:00 | Epoch 048/100 | loss 1.3552 | cls 1.3585 | tal -0.0911 | dual_g 0.0240 | dual_d 1.2386 | train_acc 0.9805 | train_full 0.9688 | val_acc 0.9231 | val_f1 0.9185 | grad(main/disc) 4.096/1.891 | lr(main/disc) 8.75e-06/4.37e-06 | 53.0s
2026-08-25 16:25:51 | Epoch 049/100 | loss 1.3307 | cls 1.3205 | tal -0.0416 | dual_g 0.0226 | dual_d 1.2403 | train_acc 1.0000 | train_full 0.9688 | val_acc 0.9615 | val_f1 0.9630 | grad(main/disc) 4.278/1.840 | lr(main/disc) 8.75e-06/4.37e-06 | 51.0s
2026-08-25 16:26:41 | Epoch 050/100 | loss 1.3470 | cls 1.3326 | tal -0.0350 | dual_g 0.0250 | dual_d 1.1822 | train_acc 0.9844 | train_full 0.9688 | val_acc 0.9615 | val_f1 0.9630 | grad(main/disc) 4.561/1.812 | lr(main/disc) 8.75e-06/4.37e-06 | 50.1s
2026-08-25 16:26:41 | Early stopping at epoch 50 after 9 epochs without val_f1_macro_present improvement.
2026-08-25 16:26:41 | Training complete. Best validation accuracy: 0.9615 | best val_f1_macro_present: 0.9663
Dual_D experiment matrix complete.
Batch summary: runs/module_c_ablation/module_c_20260824_171004/batch_summary_20260825_050453.json
黑天: best val acc 0.9000 ± 0.0612 over 3 run(s)
逆光: best val acc 0.9730 ± 0.0221 over 3 run(s)
雾天: best val acc 0.9646 ± 0.0179 over 3 run(s)
雨天: best val acc 0.8590 ± 0.0725 over 3 run(s)
Running Module-C variant: no_cycle
/home/lixiang/envs/lx_pytorch/bin/python /home/lixiang/lx/Dual_D/scripts/train_dual_d.py --config configs/train_dual_d_default.json --dual-config runs/module_c_ablation/module_c_20260824_171004/configs/dual_d_no_cycle.json --source-root /home/lixiang/lx/Data/晴天 --output-dir runs/module_c_ablation/module_c_20260824_171004 --run-name module_c_no_cycle --iterations 3 --no-save-checkpoints --save-feature-embeddings --feature-visualization-samples 512 --monitor-metric val_f1_macro_present --no-use-ais --deterministic-training --target-parent-root /home/lixiang/lx/Data --target-domains 黑天 逆光 雾天 雨天 --epochs 100 --batch-size 64 --num-workers 8 --device cuda --seed 42
/home/lixiang/envs/lx_pytorch/lib/python3.11/site-packages/torch/cuda/__init__.py:1061: UserWarning: Can't initialize NVML
  raw_cnt = _raw_device_count_nvml()
2026-08-25 16:26:43 | Starting Dual_D standalone training
2026-08-25 16:26:43 | Run directory: runs/module_c_ablation/module_c_20260824_171004/module_c_no_cycle_黑天_iter01_20260825_162643
2026-08-25 16:26:43 | Device: cuda
2026-08-25 16:26:43 | Source train samples: 992
2026-08-25 16:26:43 | Target train samples: 465
2026-08-25 16:26:43 | Target val samples: 120
2026-08-25 16:26:43 | Classes: 14
2026-08-25 16:26:43 | Data audit: same_dir=False | path_overlap(vis/ir/ais)=0/0/0 | content_overlap(vis/ir/ais)=0/0/0 | ais_index_overlap=0 | stem_mismatch(vis-ir/vis-ais)=578/0
2026-08-25 16:26:43 | source_train classes: present 14/14 | absent 0 | counts [0:120, 1:44, 2:69, 3:45, 4:40, 5:30, 6:64, 7:80, 8:116, 9:68, 10:57, 11:83, 12:48, 13:128]
2026-08-25 16:26:43 | target_train classes: present 8/14 | absent 6 | counts [0:100, 2:11, 3:16, 6:89, 9:162, 10:12, 11:44, 13:31]
2026-08-25 16:26:43 | target_val classes: present 8/14 | absent 6 | counts [0:26, 2:3, 3:5, 6:23, 9:41, 10:3, 11:11, 13:8]
2026-08-25 16:26:43 | Paired training classes: 8/14 | class ids [0, 2, 3, 6, 9, 10, 11, 13]
2026-08-25 16:26:43 | VIS/IR pairing: class-level-unpaired | count-mismatch classes train/val: 10/0 | AIS alignment: none | AIS rows train/val: 0/0
2026-08-25 16:26:44 | Model parameters: total=17277714 | trainable=17120210
Starting run 1/12: domain=黑天, iteration=1, seed=42
2026-08-25 16:28:24 | Epoch 001/100 | loss 5.2183 | cls 5.1642 | tal 0.1802 | dual_g 0.0000 | dual_d 0.0000 | train_acc 0.1074 | train_full 0.1097 | val_acc 0.0833 | val_f1 0.0251 | grad(main/disc) 16.706/0.000 | lr(main/disc) 7.00e-05/3.50e-05 | 99.9s
2026-08-25 16:28:27 | New best val_f1_macro_present: 0.0251 at epoch 1
2026-08-25 16:30:10 | Epoch 002/100 | loss 3.9950 | cls 3.9749 | tal 0.0671 | dual_g 0.0000 | dual_d 0.0000 | train_acc 0.2109 | train_full 0.1828 | val_acc 0.1250 | val_f1 0.1038 | grad(main/disc) 13.289/0.000 | lr(main/disc) 7.00e-05/3.50e-05 | 102.5s
2026-08-25 16:30:13 | New best val_f1_macro_present: 0.1038 at epoch 2
2026-08-25 16:31:52 | Epoch 003/100 | loss 3.3629 | cls 3.3432 | tal 0.0659 | dual_g 0.0000 | dual_d 0.0000 | train_acc 0.4199 | train_full 0.2129 | val_acc 0.1917 | val_f1 0.1651 | grad(main/disc) 11.673/0.000 | lr(main/disc) 7.00e-05/3.50e-05 | 98.8s
2026-08-25 16:31:55 | New best val_f1_macro_present: 0.1651 at epoch 3
2026-08-25 16:33:40 | Epoch 004/100 | loss 3.0680 | cls 3.0439 | tal 0.0802 | dual_g 0.0000 | dual_d 0.0000 | train_acc 0.4805 | train_full 0.3548 | val_acc 0.2917 | val_f1 0.2326 | grad(main/disc) 10.820/0.000 | lr(main/disc) 7.00e-05/3.50e-05 | 105.2s
2026-08-25 16:33:43 | New best val_f1_macro_present: 0.2326 at epoch 4
2026-08-25 16:35:22 | Epoch 005/100 | loss 2.6613 | cls 2.6511 | tal 0.0339 | dual_g 0.0000 | dual_d 0.0000 | train_acc 0.5781 | train_full 0.3634 | val_acc 0.3417 | val_f1 0.3465 | grad(main/disc) 10.192/0.000 | lr(main/disc) 7.00e-05/3.50e-05 | 98.6s
2026-08-25 16:35:25 | New best val_f1_macro_present: 0.3465 at epoch 5
2026-08-25 16:37:08 | Epoch 006/100 | loss 2.7739 | cls 2.5740 | tal 0.0410 | dual_g 0.1877 | dual_d 0.9397 | train_acc 0.5840 | train_full 0.4989 | val_acc 0.5167 | val_f1 0.5524 | grad(main/disc) 10.521/1.963 | lr(main/disc) 7.00e-05/3.50e-05 | 102.6s
2026-08-25 16:37:11 | New best val_f1_macro_present: 0.5524 at epoch 6
2026-08-25 16:38:58 | Epoch 007/100 | loss 2.6722 | cls 2.3140 | tal 0.0541 | dual_g 0.3420 | dual_d 0.8844 | train_acc 0.6426 | train_full 0.5849 | val_acc 0.5917 | val_f1 0.6214 | grad(main/disc) 9.956/1.785 | lr(main/disc) 7.00e-05/3.50e-05 | 106.5s
2026-08-25 16:39:01 | New best val_f1_macro_present: 0.6214 at epoch 7
2026-08-25 16:40:45 | Epoch 008/100 | loss 2.6534 | cls 2.1439 | tal 0.0643 | dual_g 0.4902 | dual_d 0.8273 | train_acc 0.7070 | train_full 0.6688 | val_acc 0.6583 | val_f1 0.6589 | grad(main/disc) 9.327/1.671 | lr(main/disc) 7.00e-05/3.50e-05 | 104.4s
2026-08-25 16:40:49 | New best val_f1_macro_present: 0.6589 at epoch 8
2026-08-25 16:42:33 | Epoch 009/100 | loss 2.6179 | cls 2.0025 | tal 0.0214 | dual_g 0.6090 | dual_d 0.8369 | train_acc 0.7441 | train_full 0.7054 | val_acc 0.6750 | val_f1 0.6922 | grad(main/disc) 9.870/1.639 | lr(main/disc) 7.00e-05/3.50e-05 | 104.8s
2026-08-25 16:42:37 | New best val_f1_macro_present: 0.6922 at epoch 9
2026-08-25 16:44:16 | Epoch 010/100 | loss 2.6949 | cls 1.9582 | tal 0.0422 | dual_g 0.7240 | dual_d 0.8084 | train_acc 0.7480 | train_full 0.7484 | val_acc 0.7333 | val_f1 0.7428 | grad(main/disc) 10.190/1.637 | lr(main/disc) 7.00e-05/3.50e-05 | 99.0s
2026-08-25 16:44:19 | New best val_f1_macro_present: 0.7428 at epoch 10
2026-08-25 16:46:07 | Epoch 011/100 | loss 2.6259 | cls 1.8062 | tal -0.0143 | dual_g 0.8241 | dual_d 0.8575 | train_acc 0.7930 | train_full 0.7226 | val_acc 0.7417 | val_f1 0.7246 | grad(main/disc) 9.797/1.641 | lr(main/disc) 7.00e-05/3.50e-05 | 108.0s
2026-08-25 16:47:52 | Epoch 012/100 | loss 2.7845 | cls 1.8072 | tal 0.0518 | dual_g 0.9617 | dual_d 0.8043 | train_acc 0.7969 | train_full 0.7978 | val_acc 0.7917 | val_f1 0.7543 | grad(main/disc) 11.465/1.532 | lr(main/disc) 7.00e-05/3.50e-05 | 104.8s
2026-08-25 16:47:55 | New best val_f1_macro_present: 0.7543 at epoch 12
2026-08-25 16:49:37 | Epoch 013/100 | loss 2.7164 | cls 1.6982 | tal -0.0113 | dual_g 1.0216 | dual_d 0.8285 | train_acc 0.8418 | train_full 0.7312 | val_acc 0.7583 | val_f1 0.7454 | grad(main/disc) 10.011/1.579 | lr(main/disc) 7.00e-05/3.50e-05 | 102.0s
2026-08-25 16:51:21 | Epoch 014/100 | loss 2.7958 | cls 1.6798 | tal -0.0221 | dual_g 1.1226 | dual_d 0.8403 | train_acc 0.8535 | train_full 0.7591 | val_acc 0.7500 | val_f1 0.7325 | grad(main/disc) 10.543/1.505 | lr(main/disc) 7.00e-05/3.50e-05 | 103.8s
2026-08-25 16:53:00 | Epoch 015/100 | loss 2.8949 | cls 1.6750 | tal 0.0074 | dual_g 1.2177 | dual_d 0.8682 | train_acc 0.8574 | train_full 0.8559 | val_acc 0.8500 | val_f1 0.8127 | grad(main/disc) 11.681/1.542 | lr(main/disc) 7.00e-05/3.50e-05 | 99.0s
2026-08-25 16:53:03 | New best val_f1_macro_present: 0.8127 at epoch 15
2026-08-25 16:54:43 | Epoch 016/100 | loss 2.7360 | cls 1.5678 | tal 0.0296 | dual_g 1.1593 | dual_d 0.8109 | train_acc 0.8887 | train_full 0.8774 | val_acc 0.8417 | val_f1 0.8397 | grad(main/disc) 8.562/1.407 | lr(main/disc) 7.00e-05/3.50e-05 | 100.4s
2026-08-25 16:54:47 | New best val_f1_macro_present: 0.8397 at epoch 16
2026-08-25 16:56:26 | Epoch 017/100 | loss 2.6667 | cls 1.5248 | tal 0.0008 | dual_g 1.1417 | dual_d 0.8533 | train_acc 0.9141 | train_full 0.8688 | val_acc 0.8583 | val_f1 0.8314 | grad(main/disc) 8.537/1.492 | lr(main/disc) 7.00e-05/3.50e-05 | 99.1s
2026-08-25 16:58:05 | Epoch 018/100 | loss 2.5720 | cls 1.4856 | tal 0.0026 | dual_g 1.0856 | dual_d 0.8294 | train_acc 0.9238 | train_full 0.8860 | val_acc 0.8583 | val_f1 0.8291 | grad(main/disc) 8.315/1.391 | lr(main/disc) 7.00e-05/3.50e-05 | 99.6s
2026-08-25 16:59:46 | Epoch 019/100 | loss 2.5801 | cls 1.4935 | tal -0.0220 | dual_g 1.0931 | dual_d 0.8304 | train_acc 0.9316 | train_full 0.8860 | val_acc 0.8750 | val_f1 0.8389 | grad(main/disc) 8.799/1.412 | lr(main/disc) 7.00e-05/3.50e-05 | 100.7s
2026-08-25 17:01:29 | Epoch 020/100 | loss 2.5263 | cls 1.4744 | tal -0.0617 | dual_g 1.0705 | dual_d 0.8532 | train_acc 0.9336 | train_full 0.8624 | val_acc 0.8250 | val_f1 0.8248 | grad(main/disc) 8.134/1.420 | lr(main/disc) 7.00e-05/3.50e-05 | 103.1s
2026-08-25 17:03:16 | Epoch 021/100 | loss 2.4297 | cls 1.4053 | tal -0.0480 | dual_g 1.0388 | dual_d 0.8772 | train_acc 0.9629 | train_full 0.8774 | val_acc 0.8583 | val_f1 0.8614 | grad(main/disc) 6.615/1.430 | lr(main/disc) 7.00e-05/3.50e-05 | 106.3s
2026-08-25 17:03:19 | New best val_f1_macro_present: 0.8614 at epoch 21
2026-08-25 17:05:05 | Epoch 022/100 | loss 2.4534 | cls 1.4282 | tal -0.0438 | dual_g 1.0383 | dual_d 0.8973 | train_acc 0.9551 | train_full 0.8925 | val_acc 0.8583 | val_f1 0.8190 | grad(main/disc) 7.228/1.430 | lr(main/disc) 7.00e-05/3.50e-05 | 105.8s
2026-08-25 17:06:50 | Epoch 023/100 | loss 2.3854 | cls 1.3955 | tal -0.0315 | dual_g 0.9993 | dual_d 0.8918 | train_acc 0.9473 | train_full 0.9054 | val_acc 0.8833 | val_f1 0.8668 | grad(main/disc) 6.199/1.348 | lr(main/disc) 7.00e-05/3.50e-05 | 104.9s
2026-08-25 17:06:53 | New best val_f1_macro_present: 0.8668 at epoch 23
2026-08-25 17:08:30 | Epoch 024/100 | loss 2.3599 | cls 1.3900 | tal -0.0532 | dual_g 0.9859 | dual_d 0.9431 | train_acc 0.9746 | train_full 0.8301 | val_acc 0.8333 | val_f1 0.8224 | grad(main/disc) 6.452/1.427 | lr(main/disc) 7.00e-05/3.50e-05 | 97.5s
2026-08-25 17:10:11 | Epoch 025/100 | loss 2.3722 | cls 1.3896 | tal -0.0191 | dual_g 0.9884 | dual_d 0.9672 | train_acc 0.9746 | train_full 0.9419 | val_acc 0.9083 | val_f1 0.9055 | grad(main/disc) 6.959/1.469 | lr(main/disc) 7.00e-05/3.50e-05 | 100.8s
2026-08-25 17:10:15 | New best val_f1_macro_present: 0.9055 at epoch 25
2026-08-25 17:11:52 | Epoch 026/100 | loss 2.3751 | cls 1.4016 | tal -0.0186 | dual_g 0.9791 | dual_d 0.9628 | train_acc 0.9609 | train_full 0.9441 | val_acc 0.9250 | val_f1 0.8694 | grad(main/disc) 7.212/1.444 | lr(main/disc) 7.00e-05/3.50e-05 | 97.8s
2026-08-25 17:13:31 | Epoch 027/100 | loss 2.3030 | cls 1.3426 | tal -0.0038 | dual_g 0.9615 | dual_d 0.9870 | train_acc 0.9805 | train_full 0.8151 | val_acc 0.8083 | val_f1 0.7885 | grad(main/disc) 5.328/1.403 | lr(main/disc) 7.00e-05/3.50e-05 | 99.0s
2026-08-25 17:15:13 | Epoch 028/100 | loss 2.2689 | cls 1.3346 | tal -0.0409 | dual_g 0.9466 | dual_d 1.0108 | train_acc 0.9844 | train_full 0.8237 | val_acc 0.7917 | val_f1 0.7723 | grad(main/disc) 4.811/1.452 | lr(main/disc) 7.00e-05/3.50e-05 | 101.9s
2026-08-25 17:16:52 | Epoch 029/100 | loss 2.2610 | cls 1.3357 | tal -0.0458 | dual_g 0.9390 | dual_d 1.0090 | train_acc 0.9785 | train_full 0.9118 | val_acc 0.9333 | val_f1 0.9038 | grad(main/disc) 5.303/1.405 | lr(main/disc) 7.00e-05/3.50e-05 | 98.7s
2026-08-25 17:18:33 | Epoch 030/100 | loss 2.2704 | cls 1.3516 | tal -0.0713 | dual_g 0.9402 | dual_d 1.0667 | train_acc 0.9785 | train_full 0.9290 | val_acc 0.9083 | val_f1 0.8716 | grad(main/disc) 6.082/1.476 | lr(main/disc) 7.00e-05/3.50e-05 | 100.8s
2026-08-25 17:20:19 | Epoch 031/100 | loss 2.2511 | cls 1.3458 | tal -0.0996 | dual_g 0.9352 | dual_d 1.0631 | train_acc 0.9629 | train_full 0.9699 | val_acc 0.9500 | val_f1 0.9260 | grad(main/disc) 5.424/1.440 | lr(main/disc) 7.00e-05/3.50e-05 | 106.3s
2026-08-25 17:20:22 | New best val_f1_macro_present: 0.9260 at epoch 31
2026-08-25 17:22:06 | Epoch 032/100 | loss 2.2070 | cls 1.3136 | tal -0.1015 | dual_g 0.9238 | dual_d 1.0859 | train_acc 0.9805 | train_full 0.9570 | val_acc 0.9583 | val_f1 0.9260 | grad(main/disc) 5.019/1.473 | lr(main/disc) 7.00e-05/3.50e-05 | 104.0s
2026-08-25 17:23:51 | Epoch 033/100 | loss 2.1951 | cls 1.3226 | tal -0.1182 | dual_g 0.9079 | dual_d 1.0905 | train_acc 0.9902 | train_full 0.9720 | val_acc 0.9333 | val_f1 0.9212 | grad(main/disc) 4.947/1.457 | lr(main/disc) 7.00e-05/3.50e-05 | 104.7s
2026-08-25 17:25:34 | Epoch 034/100 | loss 2.2042 | cls 1.3239 | tal -0.1137 | dual_g 0.9144 | dual_d 1.0619 | train_acc 0.9805 | train_full 0.8989 | val_acc 0.8917 | val_f1 0.8841 | grad(main/disc) 4.903/1.406 | lr(main/disc) 7.00e-05/3.50e-05 | 103.5s
2026-08-25 17:27:15 | Epoch 035/100 | loss 2.1759 | cls 1.3088 | tal -0.1142 | dual_g 0.9014 | dual_d 1.1010 | train_acc 0.9863 | train_full 0.9118 | val_acc 0.8833 | val_f1 0.8485 | grad(main/disc) 4.449/1.442 | lr(main/disc) 7.00e-05/3.50e-05 | 100.8s
2026-08-25 17:28:55 | Epoch 036/100 | loss 2.1626 | cls 1.2918 | tal -0.0774 | dual_g 0.8940 | dual_d 1.0990 | train_acc 0.9961 | train_full 0.9054 | val_acc 0.9000 | val_f1 0.8586 | grad(main/disc) 3.550/1.441 | lr(main/disc) 7.00e-05/3.50e-05 | 100.3s
2026-08-25 17:30:39 | Epoch 037/100 | loss 2.1528 | cls 1.2930 | tal -0.0973 | dual_g 0.8890 | dual_d 1.0869 | train_acc 0.9863 | train_full 0.9355 | val_acc 0.9083 | val_f1 0.9276 | grad(main/disc) 4.130/1.410 | lr(main/disc) 7.00e-05/3.50e-05 | 103.2s
2026-08-25 17:30:42 | New best val_f1_macro_present: 0.9276 at epoch 37
2026-08-25 17:32:24 | Epoch 038/100 | loss 2.1473 | cls 1.2978 | tal -0.1338 | dual_g 0.8896 | dual_d 1.1000 | train_acc 0.9922 | train_full 0.9634 | val_acc 0.9583 | val_f1 0.9164 | grad(main/disc) 4.680/1.418 | lr(main/disc) 7.00e-05/3.50e-05 | 102.2s
2026-08-25 17:34:07 | Epoch 039/100 | loss 2.1003 | cls 1.2662 | tal -0.1341 | dual_g 0.8744 | dual_d 1.0663 | train_acc 0.9902 | train_full 0.9677 | val_acc 0.9667 | val_f1 0.9466 | grad(main/disc) 3.742/1.384 | lr(main/disc) 7.00e-05/3.50e-05 | 102.7s
2026-08-25 17:34:10 | New best val_f1_macro_present: 0.9466 at epoch 39
2026-08-25 17:35:52 | Epoch 040/100 | loss 2.1076 | cls 1.2783 | tal -0.1624 | dual_g 0.8780 | dual_d 1.1717 | train_acc 0.9961 | train_full 0.9419 | val_acc 0.9250 | val_f1 0.9019 | grad(main/disc) 3.552/1.461 | lr(main/disc) 7.00e-05/3.50e-05 | 101.7s
2026-08-25 17:37:43 | Epoch 041/100 | loss 2.1004 | cls 1.2760 | tal -0.1641 | dual_g 0.8737 | dual_d 1.0945 | train_acc 0.9980 | train_full 0.9570 | val_acc 0.9583 | val_f1 0.9355 | grad(main/disc) 3.461/1.367 | lr(main/disc) 7.00e-05/3.50e-05 | 110.9s
2026-08-25 17:39:25 | Epoch 042/100 | loss 2.0975 | cls 1.2678 | tal -0.1326 | dual_g 0.8695 | dual_d 1.0945 | train_acc 0.9922 | train_full 0.9634 | val_acc 0.9417 | val_f1 0.9283 | grad(main/disc) 3.208/1.374 | lr(main/disc) 7.00e-05/3.50e-05 | 102.3s
2026-08-25 17:41:09 | Epoch 043/100 | loss 2.0804 | cls 1.2623 | tal -0.1378 | dual_g 0.8595 | dual_d 1.1369 | train_acc 0.9980 | train_full 0.9613 | val_acc 0.9500 | val_f1 0.9176 | grad(main/disc) 3.116/1.412 | lr(main/disc) 7.00e-05/3.50e-05 | 104.3s
2026-08-25 17:42:48 | Epoch 044/100 | loss 2.0986 | cls 1.2767 | tal -0.1450 | dual_g 0.8654 | dual_d 1.1100 | train_acc 0.9941 | train_full 0.9527 | val_acc 0.9333 | val_f1 0.9320 | grad(main/disc) 3.397/1.409 | lr(main/disc) 7.00e-05/3.50e-05 | 98.3s
2026-08-25 17:44:32 | Epoch 045/100 | loss 2.0779 | cls 1.2656 | tal -0.1621 | dual_g 0.8610 | dual_d 1.1259 | train_acc 0.9941 | train_full 0.9763 | val_acc 0.9667 | val_f1 0.9557 | grad(main/disc) 3.384/1.436 | lr(main/disc) 7.00e-05/3.50e-05 | 104.3s
2026-08-25 17:44:35 | New best val_f1_macro_present: 0.9557 at epoch 45
2026-08-25 17:46:23 | Epoch 046/100 | loss 2.0598 | cls 1.2564 | tal -0.1696 | dual_g 0.8543 | dual_d 1.1362 | train_acc 1.0000 | train_full 0.9828 | val_acc 0.9750 | val_f1 0.9571 | grad(main/disc) 2.783/1.415 | lr(main/disc) 7.00e-05/3.50e-05 | 108.0s
2026-08-25 17:46:26 | New best val_f1_macro_present: 0.9571 at epoch 46
2026-08-25 17:48:11 | Epoch 047/100 | loss 2.0462 | cls 1.2380 | tal -0.1507 | dual_g 0.8534 | dual_d 1.1426 | train_acc 1.0000 | train_full 0.9699 | val_acc 0.9583 | val_f1 0.9243 | grad(main/disc) 2.406/1.378 | lr(main/disc) 7.00e-05/3.50e-05 | 104.7s
2026-08-25 17:49:56 | Epoch 048/100 | loss 2.0517 | cls 1.2518 | tal -0.1772 | dual_g 0.8532 | dual_d 1.0874 | train_acc 0.9980 | train_full 0.9763 | val_acc 0.9667 | val_f1 0.9368 | grad(main/disc) 2.946/1.330 | lr(main/disc) 7.00e-05/3.50e-05 | 104.8s
2026-08-25 17:51:42 | Epoch 049/100 | loss 2.0382 | cls 1.2457 | tal -0.1769 | dual_g 0.8456 | dual_d 1.0717 | train_acc 0.9961 | train_full 0.9634 | val_acc 0.9500 | val_f1 0.9388 | grad(main/disc) 2.962/1.370 | lr(main/disc) 7.00e-05/3.50e-05 | 105.9s
2026-08-25 17:53:25 | Epoch 050/100 | loss 2.0343 | cls 1.2526 | tal -0.2145 | dual_g 0.8460 | dual_d 1.0636 | train_acc 0.9980 | train_full 0.9505 | val_acc 0.9250 | val_f1 0.9267 | grad(main/disc) 2.663/1.306 | lr(main/disc) 7.00e-05/3.50e-05 | 102.8s
2026-08-25 17:55:15 | Epoch 051/100 | loss 2.0367 | cls 1.2571 | tal -0.2104 | dual_g 0.8427 | dual_d 1.1067 | train_acc 0.9961 | train_full 0.9591 | val_acc 0.9333 | val_f1 0.9069 | grad(main/disc) 3.025/1.317 | lr(main/disc) 7.00e-05/3.50e-05 | 110.1s
2026-08-25 17:57:01 | Epoch 052/100 | loss 2.0396 | cls 1.2484 | tal -0.1714 | dual_g 0.8426 | dual_d 1.0670 | train_acc 0.9961 | train_full 0.9935 | val_acc 0.9667 | val_f1 0.9484 | grad(main/disc) 2.832/1.333 | lr(main/disc) 7.00e-05/3.50e-05 | 106.2s
2026-08-25 17:58:48 | Epoch 053/100 | loss 2.0200 | cls 1.2375 | tal -0.1860 | dual_g 0.8383 | dual_d 1.0892 | train_acc 0.9980 | train_full 0.9806 | val_acc 0.9583 | val_f1 0.9300 | grad(main/disc) 2.212/1.300 | lr(main/disc) 3.50e-05/1.75e-05 | 107.2s
2026-08-25 18:00:36 | Epoch 054/100 | loss 1.9964 | cls 1.2256 | tal -0.2029 | dual_g 0.8317 | dual_d 1.0884 | train_acc 0.9980 | train_full 0.9785 | val_acc 0.9583 | val_f1 0.9300 | grad(main/disc) 2.032/1.293 | lr(main/disc) 3.50e-05/1.75e-05 | 108.3s
2026-08-25 18:02:17 | Epoch 055/100 | loss 1.9963 | cls 1.2322 | tal -0.2244 | dual_g 0.8314 | dual_d 1.1129 | train_acc 0.9941 | train_full 0.9720 | val_acc 0.9667 | val_f1 0.9466 | grad(main/disc) 2.170/1.323 | lr(main/disc) 3.50e-05/1.75e-05 | 100.5s
2026-08-25 18:02:17 | Early stopping at epoch 55 after 9 epochs without val_f1_macro_present improvement.
2026-08-25 18:02:17 | Training complete. Best validation accuracy: 0.9750 | best val_f1_macro_present: 0.9571
2026-08-25 18:02:17 | Starting Dual_D standalone training
2026-08-25 18:02:17 | Run directory: runs/module_c_ablation/module_c_20260824_171004/module_c_no_cycle_黑天_iter02_20260825_162643
2026-08-25 18:02:17 | Device: cuda
2026-08-25 18:02:17 | Source train samples: 992
2026-08-25 18:02:17 | Target train samples: 465
2026-08-25 18:02:17 | Target val samples: 120
2026-08-25 18:02:17 | Classes: 14
2026-08-25 18:02:17 | Data audit: same_dir=False | path_overlap(vis/ir/ais)=0/0/0 | content_overlap(vis/ir/ais)=0/0/0 | ais_index_overlap=0 | stem_mismatch(vis-ir/vis-ais)=578/0
2026-08-25 18:02:17 | source_train classes: present 14/14 | absent 0 | counts [0:120, 1:44, 2:69, 3:45, 4:40, 5:30, 6:64, 7:80, 8:116, 9:68, 10:57, 11:83, 12:48, 13:128]
2026-08-25 18:02:17 | target_train classes: present 8/14 | absent 6 | counts [0:100, 2:11, 3:16, 6:89, 9:162, 10:12, 11:44, 13:31]
2026-08-25 18:02:17 | target_val classes: present 8/14 | absent 6 | counts [0:26, 2:3, 3:5, 6:23, 9:41, 10:3, 11:11, 13:8]
2026-08-25 18:02:17 | Paired training classes: 8/14 | class ids [0, 2, 3, 6, 9, 10, 11, 13]
2026-08-25 18:02:17 | VIS/IR pairing: class-level-unpaired | count-mismatch classes train/val: 10/0 | AIS alignment: none | AIS rows train/val: 0/0
2026-08-25 18:02:18 | Model parameters: total=17277714 | trainable=17120210
Starting run 2/12: domain=黑天, iteration=2, seed=43
2026-08-25 18:04:11 | Epoch 001/100 | loss 5.3030 | cls 5.2476 | tal 0.1845 | dual_g 0.0000 | dual_d 0.0000 | train_acc 0.0859 | train_full 0.0860 | val_acc 0.0750 | val_f1 0.0365 | grad(main/disc) 16.567/0.000 | lr(main/disc) 7.00e-05/3.50e-05 | 113.0s
2026-08-25 18:04:14 | New best val_f1_macro_present: 0.0365 at epoch 1
2026-08-25 18:05:59 | Epoch 002/100 | loss 4.2101 | cls 4.1757 | tal 0.1146 | dual_g 0.0000 | dual_d 0.0000 | train_acc 0.1914 | train_full 0.3419 | val_acc 0.2917 | val_f1 0.1629 | grad(main/disc) 13.137/0.000 | lr(main/disc) 7.00e-05/3.50e-05 | 104.6s
2026-08-25 18:06:02 | New best val_f1_macro_present: 0.1629 at epoch 2
2026-08-25 18:07:53 | Epoch 003/100 | loss 3.5545 | cls 3.5363 | tal 0.0606 | dual_g 0.0000 | dual_d 0.0000 | train_acc 0.3223 | train_full 0.1161 | val_acc 0.1083 | val_f1 0.0911 | grad(main/disc) 11.343/0.000 | lr(main/disc) 7.00e-05/3.50e-05 | 111.0s
2026-08-25 18:09:40 | Epoch 004/100 | loss 3.1172 | cls 3.1175 | tal -0.0010 | dual_g 0.0000 | dual_d 0.0000 | train_acc 0.4570 | train_full 0.1548 | val_acc 0.1500 | val_f1 0.1734 | grad(main/disc) 10.646/0.000 | lr(main/disc) 7.00e-05/3.50e-05 | 106.6s
2026-08-25 18:09:43 | New best val_f1_macro_present: 0.1734 at epoch 4
2026-08-25 18:11:35 | Epoch 005/100 | loss 2.8340 | cls 2.8518 | tal -0.0593 | dual_g 0.0000 | dual_d 0.0000 | train_acc 0.5215 | train_full 0.2538 | val_acc 0.2500 | val_f1 0.3985 | grad(main/disc) 10.478/0.000 | lr(main/disc) 7.00e-05/3.50e-05 | 111.7s
2026-08-25 18:11:38 | New best val_f1_macro_present: 0.3985 at epoch 5
2026-08-25 18:13:24 | Epoch 006/100 | loss 2.7912 | cls 2.6131 | tal -0.0462 | dual_g 0.1920 | dual_d 0.9591 | train_acc 0.5957 | train_full 0.4710 | val_acc 0.4500 | val_f1 0.5462 | grad(main/disc) 10.410/1.865 | lr(main/disc) 7.00e-05/3.50e-05 | 106.6s
2026-08-25 18:13:28 | New best val_f1_macro_present: 0.5462 at epoch 6
2026-08-25 18:15:18 | Epoch 007/100 | loss 2.6385 | cls 2.3148 | tal -0.0566 | dual_g 0.3407 | dual_d 0.9080 | train_acc 0.6914 | train_full 0.5355 | val_acc 0.5000 | val_f1 0.5260 | grad(main/disc) 9.942/1.717 | lr(main/disc) 7.00e-05/3.50e-05 | 110.1s
2026-08-25 18:17:05 | Epoch 008/100 | loss 2.6944 | cls 2.2256 | tal -0.0862 | dual_g 0.4947 | dual_d 0.9215 | train_acc 0.7031 | train_full 0.6882 | val_acc 0.6583 | val_f1 0.6572 | grad(main/disc) 10.475/1.673 | lr(main/disc) 7.00e-05/3.50e-05 | 106.6s
2026-08-25 18:17:08 | New best val_f1_macro_present: 0.6572 at epoch 8
2026-08-25 18:18:55 | Epoch 009/100 | loss 2.7003 | cls 2.0795 | tal -0.0214 | dual_g 0.6273 | dual_d 0.8811 | train_acc 0.7754 | train_full 0.5398 | val_acc 0.5667 | val_f1 0.5510 | grad(main/disc) 10.825/1.621 | lr(main/disc) 7.00e-05/3.50e-05 | 107.6s
2026-08-25 18:20:43 | Epoch 010/100 | loss 2.6527 | cls 1.9275 | tal -0.0440 | dual_g 0.7384 | dual_d 0.8979 | train_acc 0.8184 | train_full 0.7204 | val_acc 0.7083 | val_f1 0.7265 | grad(main/disc) 10.607/1.614 | lr(main/disc) 7.00e-05/3.50e-05 | 107.4s
2026-08-25 18:20:46 | New best val_f1_macro_present: 0.7265 at epoch 10
Traceback (most recent call last):
  File "/home/lixiang/lx/Dual_D/scripts/ablate_module_c.py", line 1598, in <module>
    main()
  File "/home/lixiang/lx/Dual_D/scripts/ablate_module_c.py", line 1588, in main
    experiment_dir = run_variants(args, variants)
                     ^^^^^^^^^^^^^^^^^^^^^^^^^^^^
  File "/home/lixiang/lx/Dual_D/scripts/ablate_module_c.py", line 210, in run_variants
    subprocess.run(command, cwd=str(PROJECT_ROOT), check=True)
  File "/home/lixiang/envs/lx_pytorch/lib/python3.11/subprocess.py", line 571, in run
    raise CalledProcessError(retcode, process.args,
subprocess.CalledProcessError: Command '['/home/lixiang/envs/lx_pytorch/bin/python', '/home/lixiang/lx/Dual_D/scripts/train_dual_d.py', '--config', 'configs/train_dual_d_default.json', '--dual-config', 'runs/module_c_ablation/module_c_20260824_171004/configs/dual_d_no_cycle.json', '--source-root', '/home/lixiang/lx/Data/晴天', '--output-dir', 'runs/module_c_ablation/module_c_20260824_171004', '--run-name', 'module_c_no_cycle', '--iterations', '3', '--no-save-checkpoints', '--save-feature-embeddings', '--feature-visualization-samples', '512', '--monitor-metric', 'val_f1_macro_present', '--no-use-ais', '--deterministic-training', '--target-parent-root', '/home/lixiang/lx/Data', '--target-domains', '黑天', '逆光', '雾天', '雨天', '--epochs', '100', '--batch-size', '64', '--num-workers', '8', '--device', 'cuda', '--seed', '42']' died with <Signals.SIGTERM: 15>.
