nohup: 忽略输入
/home/lixiang/envs/lx_pytorch/lib/python3.11/site-packages/torch/cuda/__init__.py:1061: UserWarning: Can't initialize NVML
  raw_cnt = _raw_device_count_nvml()
2026-08-30 19:39:29 | Starting Dual_D standalone training
2026-08-30 19:39:29 | Run directory: runs/module_c_v12_strong_full_gate/module_c_20260830_193928/module_c_full_黑天_20260830_193929
2026-08-30 19:39:29 | Device: cuda
2026-08-30 19:39:29 | Source train samples: 992
2026-08-30 19:39:29 | Target train samples: 465
2026-08-30 19:39:29 | Target val samples: 120
2026-08-30 19:39:29 | Classes: 14
2026-08-30 19:39:29 | Data audit: same_dir=False | path_overlap(vis/ir/ais)=0/0/0 | content_overlap(vis/ir/ais)=0/0/0 | ais_index_overlap=0 | stem_mismatch(vis-ir/vis-ais)=578/0
2026-08-30 19:39:29 | source_train classes: present 14/14 | absent 0 | counts [0:120, 1:44, 2:69, 3:45, 4:40, 5:30, 6:64, 7:80, 8:116, 9:68, 10:57, 11:83, 12:48, 13:128]
2026-08-30 19:39:29 | target_train classes: present 8/14 | absent 6 | counts [0:100, 2:11, 3:16, 6:89, 9:162, 10:12, 11:44, 13:31]
2026-08-30 19:39:29 | target_val classes: present 8/14 | absent 6 | counts [0:26, 2:3, 3:5, 6:23, 9:41, 10:3, 11:11, 13:8]
2026-08-30 19:39:29 | Paired training classes: 8/14 | class ids [0, 2, 3, 6, 9, 10, 11, 13]
2026-08-30 19:39:29 | Runtime profile: batch=16 | paired_steps=30 | workers=16 | train_eval_every=5 | raw_eval_every=5 | stability_window=4 | lr_scheduler_start=28 | checkpoint_select_from=40 | early_stop=15 after min_epoch=55
2026-08-30 19:39:29 | Augmentation profile: base=0.600 | visible=0.600 | infrared=0.550 | freeze_frozen_batch_norm_stats=True
2026-08-30 19:39:29 | VIS/IR pairing: class-level-unpaired | count-mismatch classes train/val: 10/0 | AIS alignment: none | AIS rows train/val: 0/0
2026-08-30 19:39:30 | Effective Dual-D loss weights: {"adv_auxiliary": 0.025, "adv_primary": 0.025, "classification": 0.65, "contrastive": 0.055, "cycle": 0.12, "identity": 0.025, "prototype_contrastive": 0.025}
2026-08-30 19:39:30 | Model parameters: total=17277714 | trainable=17120210
Starting run 1/12: domain=黑天, iteration=1, seed=42
2026-08-30 19:39:35 | Epoch 001/060 | loss 4.9156 | cls 4.8761 | tal 0.1315 | dual_g 0.0000 | dual_d 0.0000 | train_acc 0.2104 | train_full 0.2000 | val_acc 0.2333 | val_f1 0.2219 | adv/moduleC 0.00/0.00 | disc_steps 0 | grad(main/disc) 29.249/0.000 | lr(main/disc) 8.00e-05/2.80e-05 | cuda_peak(alloc/resv) 4.09/5.12GB | phase(train/val/raw/train_eval) 3.4/0.4/0.3/0.6s | 4.7s
2026-08-30 19:39:38 | Epoch 002/060 | loss 3.5940 | cls 3.5676 | tal 0.0880 | dual_g 0.0000 | dual_d 0.0000 | train_acc 0.4354 | train_full n/a | val_acc 0.3500 | val_f1 0.3889 | adv/moduleC 0.00/0.00 | disc_steps 0 | grad(main/disc) 23.036/0.000 | lr(main/disc) 8.00e-05/2.80e-05 | cuda_peak(alloc/resv) 4.09/5.12GB | phase(train/val/raw/train_eval) 2.6/0.3/0.0/0.0s | 3.0s
2026-08-30 19:39:41 | Epoch 003/060 | loss 2.9634 | cls 2.9375 | tal 0.0863 | dual_g 0.0000 | dual_d 0.0000 | train_acc 0.5708 | train_full n/a | val_acc 0.6417 | val_f1 0.6068 | adv/moduleC 0.00/0.00 | disc_steps 0 | grad(main/disc) 20.843/0.000 | lr(main/disc) 8.00e-05/2.80e-05 | cuda_peak(alloc/resv) 4.09/5.12GB | phase(train/val/raw/train_eval) 2.5/0.3/0.0/0.0s | 2.8s
2026-08-30 19:39:44 | Epoch 004/060 | loss 2.4843 | cls 2.4568 | tal 0.0915 | dual_g 0.0000 | dual_d 0.0000 | train_acc 0.6813 | train_full n/a | val_acc 0.7333 | val_f1 0.7047 | adv/moduleC 0.00/0.00 | disc_steps 0 | grad(main/disc) 18.997/0.000 | lr(main/disc) 8.00e-05/2.80e-05 | cuda_peak(alloc/resv) 4.09/5.12GB | phase(train/val/raw/train_eval) 2.5/0.3/0.0/0.0s | 2.8s
2026-08-30 19:39:47 | Epoch 005/060 | loss 2.2672 | cls 2.2381 | tal 0.0971 | dual_g 0.0000 | dual_d 0.0000 | train_acc 0.7208 | train_full 0.8043 | val_acc 0.8000 | val_f1 0.7839 | adv/moduleC 0.00/0.00 | disc_steps 0 | grad(main/disc) 18.300/0.000 | lr(main/disc) 8.00e-05/2.80e-05 | cuda_peak(alloc/resv) 4.09/5.12GB | phase(train/val/raw/train_eval) 2.6/0.3/0.3/0.6s | 3.8s
2026-08-30 19:39:50 | Epoch 006/060 | loss 2.1642 | cls 2.0017 | tal 0.0781 | dual_g 0.1391 | dual_d 0.0000 | train_acc 0.7667 | train_full n/a | val_acc 0.7833 | val_f1 0.7564 | adv/moduleC 0.00/0.08 | disc_steps 0 | grad(main/disc) 17.796/0.000 | lr(main/disc) 8.00e-05/2.80e-05 | cuda_peak(alloc/resv) 4.09/5.12GB | phase(train/val/raw/train_eval) 2.6/0.3/0.0/0.0s | 2.9s
2026-08-30 19:39:53 | Epoch 007/060 | loss 2.1552 | cls 1.8786 | tal 0.0801 | dual_g 0.2525 | dual_d 0.0000 | train_acc 0.8229 | train_full n/a | val_acc 0.7833 | val_f1 0.7754 | adv/moduleC 0.00/0.17 | disc_steps 0 | grad(main/disc) 16.099/0.000 | lr(main/disc) 8.00e-05/2.80e-05 | cuda_peak(alloc/resv) 4.09/5.12GB | phase(train/val/raw/train_eval) 2.5/0.3/0.0/0.0s | 2.9s
2026-08-30 19:39:56 | Epoch 008/060 | loss 2.0881 | cls 1.7243 | tal 0.0254 | dual_g 0.3562 | dual_d 0.9072 | train_acc 0.8458 | train_full n/a | val_acc 0.8417 | val_f1 0.8041 | adv/moduleC 0.05/0.25 | disc_steps 15 | grad(main/disc) 15.489/2.207 | lr(main/disc) 8.00e-05/2.80e-05 | cuda_peak(alloc/resv) 4.09/5.12GB | phase(train/val/raw/train_eval) 2.6/0.3/0.0/0.0s | 2.9s
2026-08-30 19:39:59 | Epoch 009/060 | loss 2.0254 | cls 1.5895 | tal 0.0003 | dual_g 0.4358 | dual_d 0.8525 | train_acc 0.8938 | train_full n/a | val_acc 0.8833 | val_f1 0.8419 | adv/moduleC 0.10/0.33 | disc_steps 15 | grad(main/disc) 13.906/2.027 | lr(main/disc) 8.00e-05/2.80e-05 | cuda_peak(alloc/resv) 4.09/5.12GB | phase(train/val/raw/train_eval) 2.5/0.3/0.0/0.0s | 2.9s
2026-08-30 19:40:03 | Epoch 010/060 | loss 2.1534 | cls 1.6005 | tal 0.0275 | dual_g 0.5447 | dual_d 0.8269 | train_acc 0.8854 | train_full 0.9570 | val_acc 0.9083 | val_f1 0.8580 | adv/moduleC 0.15/0.42 | disc_steps 15 | grad(main/disc) 15.225/1.990 | lr(main/disc) 8.00e-05/2.80e-05 | cuda_peak(alloc/resv) 4.09/5.12GB | phase(train/val/raw/train_eval) 2.6/0.3/0.3/0.6s | 3.9s
2026-08-30 19:40:06 | Epoch 011/060 | loss 2.0607 | cls 1.4700 | tal -0.0254 | dual_g 0.5983 | dual_d 0.7895 | train_acc 0.9333 | train_full n/a | val_acc 0.9250 | val_f1 0.9006 | adv/moduleC 0.20/0.50 | disc_steps 15 | grad(main/disc) 12.967/1.852 | lr(main/disc) 8.00e-05/2.80e-05 | cuda_peak(alloc/resv) 4.09/5.12GB | phase(train/val/raw/train_eval) 2.9/0.4/0.0/0.0s | 3.3s
2026-08-30 19:40:09 | Epoch 012/060 | loss 2.1331 | cls 1.4511 | tal -0.0346 | dual_g 0.6924 | dual_d 0.7947 | train_acc 0.9396 | train_full n/a | val_acc 0.9250 | val_f1 0.8836 | adv/moduleC 0.25/0.58 | disc_steps 15 | grad(main/disc) 12.783/1.869 | lr(main/disc) 8.00e-05/2.80e-05 | cuda_peak(alloc/resv) 4.09/5.12GB | phase(train/val/raw/train_eval) 2.6/0.3/0.0/0.0s | 3.0s
2026-08-30 19:40:12 | Epoch 013/060 | loss 2.1414 | cls 1.3824 | tal -0.0502 | dual_g 0.7741 | dual_d 0.7709 | train_acc 0.9333 | train_full n/a | val_acc 0.9583 | val_f1 0.9407 | adv/moduleC 0.30/0.67 | disc_steps 15 | grad(main/disc) 11.454/1.816 | lr(main/disc) 8.00e-05/2.80e-05 | cuda_peak(alloc/resv) 4.09/5.12GB | phase(train/val/raw/train_eval) 2.7/0.3/0.0/0.0s | 3.1s
2026-08-30 19:40:15 | Epoch 014/060 | loss 2.2237 | cls 1.3812 | tal 0.0289 | dual_g 0.8338 | dual_d 0.7937 | train_acc 0.9521 | train_full n/a | val_acc 0.9750 | val_f1 0.9683 | adv/moduleC 0.35/0.75 | disc_steps 15 | grad(main/disc) 11.869/1.850 | lr(main/disc) 8.00e-05/2.80e-05 | cuda_peak(alloc/resv) 4.09/5.12GB | phase(train/val/raw/train_eval) 2.7/0.4/0.0/0.0s | 3.1s
2026-08-30 19:40:19 | Epoch 015/060 | loss 2.2146 | cls 1.3178 | tal 0.0208 | dual_g 0.8905 | dual_d 0.7789 | train_acc 0.9708 | train_full 0.9849 | val_acc 0.9583 | val_f1 0.9353 | adv/moduleC 0.40/0.83 | disc_steps 15 | grad(main/disc) 10.111/1.766 | lr(main/disc) 8.00e-05/2.80e-05 | cuda_peak(alloc/resv) 4.09/5.12GB | phase(train/val/raw/train_eval) 2.7/0.3/0.3/0.6s | 4.0s
2026-08-30 19:40:22 | Epoch 016/060 | loss 2.3588 | cls 1.3457 | tal 0.0384 | dual_g 1.0016 | dual_d 0.7975 | train_acc 0.9667 | train_full n/a | val_acc 0.9750 | val_f1 0.9464 | adv/moduleC 0.45/0.92 | disc_steps 15 | grad(main/disc) 11.695/1.820 | lr(main/disc) 8.00e-05/2.80e-05 | cuda_peak(alloc/resv) 4.09/5.12GB | phase(train/val/raw/train_eval) 2.7/0.3/0.0/0.0s | 3.0s
2026-08-30 19:40:25 | Epoch 017/060 | loss 2.3368 | cls 1.3038 | tal -0.0687 | dual_g 1.0535 | dual_d 0.8075 | train_acc 0.9729 | train_full n/a | val_acc 0.9750 | val_f1 0.9669 | adv/moduleC 0.50/1.00 | disc_steps 15 | grad(main/disc) 10.355/1.807 | lr(main/disc) 8.00e-05/2.80e-05 | cuda_peak(alloc/resv) 4.09/5.12GB | phase(train/val/raw/train_eval) 2.7/0.4/0.0/0.0s | 3.0s
2026-08-30 19:40:29 | Epoch 018/060 | loss 2.2470 | cls 1.2619 | tal -0.0572 | dual_g 1.0023 | dual_d 0.8036 | train_acc 0.9812 | train_full n/a | val_acc 0.9750 | val_f1 0.9554 | adv/moduleC 0.55/1.00 | disc_steps 15 | grad(main/disc) 7.792/1.797 | lr(main/disc) 8.00e-05/2.80e-05 | cuda_peak(alloc/resv) 4.09/5.12GB | phase(train/val/raw/train_eval) 2.9/0.3/0.0/0.0s | 3.3s
2026-08-30 19:40:32 | Epoch 019/060 | loss 2.2545 | cls 1.2565 | tal -0.0387 | dual_g 1.0096 | dual_d 0.8692 | train_acc 0.9896 | train_full n/a | val_acc 0.9833 | val_f1 0.9757 | adv/moduleC 0.60/1.00 | disc_steps 15 | grad(main/disc) 8.028/1.876 | lr(main/disc) 8.00e-05/2.80e-05 | cuda_peak(alloc/resv) 4.09/5.12GB | phase(train/val/raw/train_eval) 2.7/0.4/0.0/0.0s | 3.1s
2026-08-30 19:40:36 | Epoch 020/060 | loss 2.2236 | cls 1.2474 | tal -0.0693 | dual_g 0.9970 | dual_d 0.9052 | train_acc 0.9812 | train_full 0.9892 | val_acc 0.9750 | val_f1 0.9504 | adv/moduleC 0.65/1.00 | disc_steps 15 | grad(main/disc) 8.459/1.857 | lr(main/disc) 8.00e-05/2.80e-05 | cuda_peak(alloc/resv) 4.09/5.12GB | phase(train/val/raw/train_eval) 2.9/0.3/0.4/0.6s | 4.2s
2026-08-30 19:40:39 | Epoch 021/060 | loss 2.2331 | cls 1.2530 | tal -0.0771 | dual_g 1.0032 | dual_d 0.9061 | train_acc 0.9875 | train_full n/a | val_acc 0.9833 | val_f1 0.9757 | adv/moduleC 0.70/1.00 | disc_steps 15 | grad(main/disc) 8.192/1.867 | lr(main/disc) 8.00e-05/2.80e-05 | cuda_peak(alloc/resv) 4.09/5.12GB | phase(train/val/raw/train_eval) 2.7/0.4/0.0/0.0s | 3.0s
2026-08-30 19:40:42 | Epoch 022/060 | loss 2.1782 | cls 1.2337 | tal -0.1158 | dual_g 0.9792 | dual_d 0.9651 | train_acc 0.9917 | train_full n/a | val_acc 0.9750 | val_f1 0.9638 | adv/moduleC 0.75/1.00 | disc_steps 15 | grad(main/disc) 7.346/1.930 | lr(main/disc) 8.00e-05/2.80e-05 | cuda_peak(alloc/resv) 4.09/5.12GB | phase(train/val/raw/train_eval) 2.6/0.3/0.0/0.0s | 3.0s
2026-08-30 19:40:45 | Epoch 023/060 | loss 2.1526 | cls 1.2237 | tal -0.1356 | dual_g 0.9696 | dual_d 0.9671 | train_acc 0.9792 | train_full n/a | val_acc 0.9917 | val_f1 0.9827 | adv/moduleC 0.80/1.00 | disc_steps 15 | grad(main/disc) 6.917/1.893 | lr(main/disc) 8.00e-05/2.80e-05 | cuda_peak(alloc/resv) 4.09/5.12GB | phase(train/val/raw/train_eval) 2.6/0.4/0.0/0.0s | 2.9s
2026-08-30 19:40:48 | Epoch 024/060 | loss 2.1472 | cls 1.2256 | tal -0.1619 | dual_g 0.9701 | dual_d 1.0335 | train_acc 0.9896 | train_full n/a | val_acc 0.9833 | val_f1 0.9757 | adv/moduleC 0.85/1.00 | disc_steps 15 | grad(main/disc) 7.714/1.966 | lr(main/disc) 8.00e-05/2.80e-05 | cuda_peak(alloc/resv) 4.09/5.12GB | phase(train/val/raw/train_eval) 2.7/0.3/0.0/0.0s | 3.1s
2026-08-30 19:40:52 | Epoch 025/060 | loss 2.1406 | cls 1.2117 | tal -0.1192 | dual_g 0.9646 | dual_d 1.0123 | train_acc 0.9979 | train_full 0.9978 | val_acc 0.9833 | val_f1 0.9847 | adv/moduleC 0.90/1.00 | disc_steps 15 | grad(main/disc) 6.547/1.897 | lr(main/disc) 8.00e-05/2.80e-05 | cuda_peak(alloc/resv) 4.09/5.12GB | phase(train/val/raw/train_eval) 2.7/0.3/0.4/0.6s | 4.0s
2026-08-30 19:40:55 | Epoch 026/060 | loss 2.1019 | cls 1.1997 | tal -0.1515 | dual_g 0.9477 | dual_d 1.0446 | train_acc 0.9938 | train_full n/a | val_acc 0.9833 | val_f1 0.9847 | adv/moduleC 0.95/1.00 | disc_steps 15 | grad(main/disc) 6.029/1.963 | lr(main/disc) 8.00e-05/2.80e-05 | cuda_peak(alloc/resv) 4.09/5.12GB | phase(train/val/raw/train_eval) 2.7/0.3/0.0/0.0s | 3.0s
2026-08-30 19:40:58 | Epoch 027/060 | loss 2.0987 | cls 1.2055 | tal -0.1713 | dual_g 0.9447 | dual_d 1.0209 | train_acc 0.9958 | train_full n/a | val_acc 0.9833 | val_f1 0.9757 | adv/moduleC 1.00/1.00 | disc_steps 15 | grad(main/disc) 6.058/1.941 | lr(main/disc) 8.00e-05/2.80e-05 | cuda_peak(alloc/resv) 4.09/5.12GB | phase(train/val/raw/train_eval) 2.6/0.3/0.0/0.0s | 2.9s
2026-08-30 19:41:01 | Epoch 028/060 | loss 2.0868 | cls 1.1797 | tal -0.1447 | dual_g 0.9505 | dual_d 1.0155 | train_acc 0.9958 | train_full n/a | val_acc 0.9750 | val_f1 0.9638 | adv/moduleC 1.00/1.00 | disc_steps 15 | grad(main/disc) 5.155/1.898 | lr(main/disc) 8.00e-05/2.80e-05 | cuda_peak(alloc/resv) 4.09/5.12GB | phase(train/val/raw/train_eval) 2.7/0.4/0.0/0.0s | 3.0s
2026-08-30 19:41:04 | Epoch 029/060 | loss 2.0495 | cls 1.1757 | tal -0.1962 | dual_g 0.9327 | dual_d 1.0420 | train_acc 0.9979 | train_full n/a | val_acc 0.9833 | val_f1 0.9847 | adv/moduleC 1.00/1.00 | disc_steps 15 | grad(main/disc) 4.685/1.934 | lr(main/disc) 8.00e-05/2.80e-05 | cuda_peak(alloc/resv) 4.09/5.12GB | phase(train/val/raw/train_eval) 2.7/0.4/0.0/0.0s | 3.0s
2026-08-30 19:41:08 | Epoch 030/060 | loss 2.0375 | cls 1.1650 | tal -0.1755 | dual_g 0.9252 | dual_d 1.0396 | train_acc 1.0000 | train_full 0.9978 | val_acc 0.9833 | val_f1 0.9847 | adv/moduleC 1.00/1.00 | disc_steps 15 | grad(main/disc) 4.248/1.912 | lr(main/disc) 8.00e-05/2.80e-05 | cuda_peak(alloc/resv) 4.09/5.12GB | phase(train/val/raw/train_eval) 2.6/0.4/0.4/0.7s | 3.9s
2026-08-30 19:41:11 | Epoch 031/060 | loss 2.0324 | cls 1.1687 | tal -0.1962 | dual_g 0.9226 | dual_d 1.0655 | train_acc 0.9958 | train_full n/a | val_acc 0.9750 | val_f1 0.9638 | adv/moduleC 1.00/1.00 | disc_steps 15 | grad(main/disc) 4.522/1.911 | lr(main/disc) 8.00e-05/2.80e-05 | cuda_peak(alloc/resv) 4.09/5.12GB | phase(train/val/raw/train_eval) 2.7/0.4/0.0/0.0s | 3.0s
2026-08-30 19:41:14 | Epoch 032/060 | loss 2.0166 | cls 1.1544 | tal -0.1970 | dual_g 0.9213 | dual_d 1.0553 | train_acc 0.9979 | train_full n/a | val_acc 0.9833 | val_f1 0.9757 | adv/moduleC 1.00/1.00 | disc_steps 15 | grad(main/disc) 4.528/1.866 | lr(main/disc) 8.00e-05/2.80e-05 | cuda_peak(alloc/resv) 4.09/5.12GB | phase(train/val/raw/train_eval) 2.8/0.3/0.0/0.0s | 3.1s
2026-08-30 19:41:17 | Epoch 033/060 | loss 2.0721 | cls 1.1931 | tal -0.1654 | dual_g 0.9286 | dual_d 1.0014 | train_acc 0.9979 | train_full n/a | val_acc 0.9833 | val_f1 0.9757 | adv/moduleC 1.00/1.00 | disc_steps 15 | grad(main/disc) 5.813/1.822 | lr(main/disc) 8.00e-05/2.80e-05 | cuda_peak(alloc/resv) 4.09/5.12GB | phase(train/val/raw/train_eval) 2.6/0.4/0.0/0.0s | 2.9s
2026-08-30 19:41:20 | Epoch 034/060 | loss 2.0276 | cls 1.1568 | tal -0.1313 | dual_g 0.9102 | dual_d 1.0083 | train_acc 0.9979 | train_full n/a | val_acc 0.9667 | val_f1 0.9631 | adv/moduleC 1.00/1.00 | disc_steps 15 | grad(main/disc) 4.199/1.802 | lr(main/disc) 8.00e-05/2.80e-05 | cuda_peak(alloc/resv) 4.09/5.12GB | phase(train/val/raw/train_eval) 2.6/0.4/0.0/0.0s | 2.9s
2026-08-30 19:41:24 | Epoch 035/060 | loss 2.0160 | cls 1.1544 | tal -0.1561 | dual_g 0.9084 | dual_d 0.9820 | train_acc 0.9958 | train_full 0.9978 | val_acc 0.9833 | val_f1 0.9757 | adv/moduleC 1.00/1.00 | disc_steps 15 | grad(main/disc) 4.056/1.774 | lr(main/disc) 8.00e-05/2.80e-05 | cuda_peak(alloc/resv) 4.09/5.12GB | phase(train/val/raw/train_eval) 2.7/0.3/0.4/0.6s | 4.0s
2026-08-30 19:41:27 | Epoch 036/060 | loss 2.0137 | cls 1.1616 | tal -0.1818 | dual_g 0.9067 | dual_d 1.0057 | train_acc 0.9958 | train_full n/a | val_acc 0.9833 | val_f1 0.9757 | adv/moduleC 1.00/1.00 | disc_steps 15 | grad(main/disc) 4.536/1.768 | lr(main/disc) 8.00e-05/2.80e-05 | cuda_peak(alloc/resv) 4.09/5.12GB | phase(train/val/raw/train_eval) 2.7/0.4/0.0/0.0s | 3.1s
2026-08-30 19:41:30 | Epoch 037/060 | loss 1.9812 | cls 1.1443 | tal -0.1811 | dual_g 0.8913 | dual_d 1.0012 | train_acc 0.9958 | train_full n/a | val_acc 0.9917 | val_f1 0.9827 | adv/moduleC 1.00/1.00 | disc_steps 15 | grad(main/disc) 3.223/1.746 | lr(main/disc) 8.00e-05/2.80e-05 | cuda_peak(alloc/resv) 4.09/5.12GB | phase(train/val/raw/train_eval) 2.7/0.4/0.0/0.0s | 3.0s
2026-08-30 19:41:33 | Epoch 038/060 | loss 1.9577 | cls 1.1330 | tal -0.2285 | dual_g 0.8932 | dual_d 0.9974 | train_acc 1.0000 | train_full n/a | val_acc 0.9833 | val_f1 0.9847 | adv/moduleC 1.00/1.00 | disc_steps 15 | grad(main/disc) 3.232/1.727 | lr(main/disc) 4.00e-05/1.40e-05 | cuda_peak(alloc/resv) 4.09/5.12GB | phase(train/val/raw/train_eval) 2.7/0.3/0.0/0.0s | 3.0s
2026-08-30 19:41:36 | Epoch 039/060 | loss 1.9522 | cls 1.1265 | tal -0.2268 | dual_g 0.8938 | dual_d 1.0345 | train_acc 0.9958 | train_full n/a | val_acc 0.9833 | val_f1 0.9757 | adv/moduleC 1.00/1.00 | disc_steps 15 | grad(main/disc) 3.581/1.787 | lr(main/disc) 4.00e-05/1.40e-05 | cuda_peak(alloc/resv) 4.09/5.12GB | phase(train/val/raw/train_eval) 2.6/0.3/0.0/0.0s | 2.9s
2026-08-30 19:41:40 | Epoch 040/060 | loss 1.9507 | cls 1.1270 | tal -0.2509 | dual_g 0.8990 | dual_d 0.9965 | train_acc 0.9979 | train_full 0.9978 | val_acc 0.9833 | val_f1 0.9847 | adv/moduleC 1.00/1.00 | disc_steps 15 | grad(main/disc) 3.486/1.724 | lr(main/disc) 4.00e-05/1.40e-05 | cuda_peak(alloc/resv) 4.09/5.12GB | phase(train/val/raw/train_eval) 2.6/0.3/0.3/0.7s | 4.0s
2026-08-30 19:41:42 | New best val_f1_macro_present: raw=0.9847 stable_score=0.9757 at epoch 40
2026-08-30 19:41:45 | Epoch 041/060 | loss 1.9379 | cls 1.1240 | tal -0.2712 | dual_g 0.8953 | dual_d 1.0271 | train_acc 0.9979 | train_full n/a | val_acc 0.9917 | val_f1 0.9917 | adv/moduleC 1.00/1.00 | disc_steps 15 | grad(main/disc) 3.245/1.785 | lr(main/disc) 4.00e-05/1.40e-05 | cuda_peak(alloc/resv) 4.09/5.12GB | phase(train/val/raw/train_eval) 2.7/0.3/0.0/0.0s | 3.0s
2026-08-30 19:41:48 | Epoch 042/060 | loss 1.9425 | cls 1.1310 | tal -0.2452 | dual_g 0.8851 | dual_d 1.0073 | train_acc 1.0000 | train_full n/a | val_acc 0.9833 | val_f1 0.9847 | adv/moduleC 1.00/1.00 | disc_steps 15 | grad(main/disc) 3.335/1.714 | lr(main/disc) 4.00e-05/1.40e-05 | cuda_peak(alloc/resv) 4.09/5.12GB | phase(train/val/raw/train_eval) 2.7/0.4/0.0/0.0s | 3.0s
2026-08-30 19:41:52 | Epoch 043/060 | loss 1.9437 | cls 1.1289 | tal -0.2360 | dual_g 0.8856 | dual_d 0.9989 | train_acc 1.0000 | train_full n/a | val_acc 0.9917 | val_f1 0.9827 | adv/moduleC 1.00/1.00 | disc_steps 15 | grad(main/disc) 3.643/1.704 | lr(main/disc) 4.00e-05/1.40e-05 | cuda_peak(alloc/resv) 4.09/5.12GB | phase(train/val/raw/train_eval) 2.9/0.4/0.4/0.0s | 3.6s
2026-08-30 19:41:54 | New best val_f1_macro_present: raw=0.9827 stable_score=0.9827 at epoch 43
2026-08-30 19:41:57 | Epoch 044/060 | loss 1.9256 | cls 1.1191 | tal -0.2539 | dual_g 0.8826 | dual_d 0.9848 | train_acc 1.0000 | train_full n/a | val_acc 0.9917 | val_f1 0.9917 | adv/moduleC 1.00/1.00 | disc_steps 15 | grad(main/disc) 2.896/1.673 | lr(main/disc) 4.00e-05/1.40e-05 | cuda_peak(alloc/resv) 4.09/5.12GB | phase(train/val/raw/train_eval) 2.6/0.4/0.0/0.0s | 3.0s
2026-08-30 19:42:01 | Epoch 045/060 | loss 1.9201 | cls 1.1265 | tal -0.2684 | dual_g 0.8741 | dual_d 0.9741 | train_acc 1.0000 | train_full 0.9978 | val_acc 0.9833 | val_f1 0.9757 | adv/moduleC 1.00/1.00 | disc_steps 15 | grad(main/disc) 3.315/1.665 | lr(main/disc) 4.00e-05/1.40e-05 | cuda_peak(alloc/resv) 4.09/5.12GB | phase(train/val/raw/train_eval) 2.8/0.3/0.4/0.6s | 4.1s
2026-08-30 19:42:04 | Epoch 046/060 | loss 1.9402 | cls 1.1238 | tal -0.2256 | dual_g 0.8840 | dual_d 0.9577 | train_acc 1.0000 | train_full n/a | val_acc 0.9833 | val_f1 0.9757 | adv/moduleC 1.00/1.00 | disc_steps 15 | grad(main/disc) 3.450/1.669 | lr(main/disc) 4.00e-05/1.40e-05 | cuda_peak(alloc/resv) 4.09/5.12GB | phase(train/val/raw/train_eval) 2.6/0.3/0.0/0.0s | 2.9s
2026-08-30 19:42:07 | Epoch 047/060 | loss 1.9141 | cls 1.1198 | tal -0.2797 | dual_g 0.8782 | dual_d 0.9693 | train_acc 1.0000 | train_full n/a | val_acc 0.9833 | val_f1 0.9757 | adv/moduleC 1.00/1.00 | disc_steps 15 | grad(main/disc) 2.989/1.635 | lr(main/disc) 4.00e-05/1.40e-05 | cuda_peak(alloc/resv) 4.09/5.12GB | phase(train/val/raw/train_eval) 2.7/0.3/0.0/0.0s | 3.0s
2026-08-30 19:42:09 | Epoch 048/060 | loss 1.9001 | cls 1.1120 | tal -0.2840 | dual_g 0.8733 | dual_d 0.9891 | train_acc 0.9979 | train_full n/a | val_acc 0.9917 | val_f1 0.9917 | adv/moduleC 1.00/1.00 | disc_steps 15 | grad(main/disc) 2.716/1.633 | lr(main/disc) 4.00e-05/1.40e-05 | cuda_peak(alloc/resv) 4.09/5.12GB | phase(train/val/raw/train_eval) 2.5/0.3/0.0/0.0s | 2.8s
2026-08-30 19:42:12 | Epoch 049/060 | loss 1.9248 | cls 1.1251 | tal -0.2669 | dual_g 0.8798 | dual_d 0.9120 | train_acc 1.0000 | train_full n/a | val_acc 0.9833 | val_f1 0.9757 | adv/moduleC 1.00/1.00 | disc_steps 15 | grad(main/disc) 3.605/1.562 | lr(main/disc) 4.00e-05/1.40e-05 | cuda_peak(alloc/resv) 4.09/5.12GB | phase(train/val/raw/train_eval) 2.6/0.3/0.0/0.0s | 3.0s
2026-08-30 19:42:16 | Epoch 050/060 | loss 1.9148 | cls 1.1254 | tal -0.2904 | dual_g 0.8766 | dual_d 0.9438 | train_acc 0.9958 | train_full 1.0000 | val_acc 0.9917 | val_f1 0.9827 | adv/moduleC 1.00/1.00 | disc_steps 15 | grad(main/disc) 3.654/1.615 | lr(main/disc) 2.00e-05/7.00e-06 | cuda_peak(alloc/resv) 4.09/5.12GB | phase(train/val/raw/train_eval) 2.7/0.3/0.3/0.6s | 4.0s
2026-08-30 19:42:19 | Epoch 051/060 | loss 1.8783 | cls 1.1062 | tal -0.3107 | dual_g 0.8654 | dual_d 0.9394 | train_acc 1.0000 | train_full n/a | val_acc 0.9833 | val_f1 0.9757 | adv/moduleC 1.00/1.00 | disc_steps 15 | grad(main/disc) 2.445/1.588 | lr(main/disc) 2.00e-05/7.00e-06 | cuda_peak(alloc/resv) 4.09/5.12GB | phase(train/val/raw/train_eval) 2.6/0.4/0.0/0.0s | 3.0s
2026-08-30 19:42:22 | Epoch 052/060 | loss 1.8845 | cls 1.1101 | tal -0.3165 | dual_g 0.8694 | dual_d 0.9489 | train_acc 1.0000 | train_full n/a | val_acc 0.9917 | val_f1 0.9917 | adv/moduleC 1.00/1.00 | disc_steps 15 | grad(main/disc) 2.939/1.627 | lr(main/disc) 2.00e-05/7.00e-06 | cuda_peak(alloc/resv) 4.09/5.12GB | phase(train/val/raw/train_eval) 2.6/0.3/0.0/0.0s | 3.0s
2026-08-30 19:42:25 | Epoch 053/060 | loss 1.8814 | cls 1.1072 | tal -0.3188 | dual_g 0.8698 | dual_d 0.9401 | train_acc 1.0000 | train_full n/a | val_acc 0.9917 | val_f1 0.9827 | adv/moduleC 1.00/1.00 | disc_steps 15 | grad(main/disc) 2.500/1.595 | lr(main/disc) 2.00e-05/7.00e-06 | cuda_peak(alloc/resv) 4.09/5.12GB | phase(train/val/raw/train_eval) 2.7/0.4/0.0/0.0s | 3.1s
2026-08-30 19:42:28 | Epoch 054/060 | loss 1.8832 | cls 1.1054 | tal -0.3030 | dual_g 0.8688 | dual_d 0.9251 | train_acc 1.0000 | train_full n/a | val_acc 0.9917 | val_f1 0.9917 | adv/moduleC 1.00/1.00 | disc_steps 15 | grad(main/disc) 2.573/1.577 | lr(main/disc) 2.00e-05/7.00e-06 | cuda_peak(alloc/resv) 4.09/5.12GB | phase(train/val/raw/train_eval) 2.7/0.3/0.0/0.0s | 3.0s
2026-08-30 19:42:32 | Epoch 055/060 | loss 1.8811 | cls 1.1088 | tal -0.3118 | dual_g 0.8658 | dual_d 0.9316 | train_acc 0.9958 | train_full 0.9978 | val_acc 0.9833 | val_f1 0.9757 | adv/moduleC 1.00/1.00 | disc_steps 15 | grad(main/disc) 2.879/1.584 | lr(main/disc) 2.00e-05/7.00e-06 | cuda_peak(alloc/resv) 4.09/5.12GB | phase(train/val/raw/train_eval) 2.6/0.4/0.4/0.6s | 4.0s
2026-08-30 19:42:36 | Epoch 056/060 | loss 1.8888 | cls 1.1065 | tal -0.2761 | dual_g 0.8652 | dual_d 0.9705 | train_acc 1.0000 | train_full n/a | val_acc 0.9917 | val_f1 0.9917 | adv/moduleC 1.00/1.00 | disc_steps 15 | grad(main/disc) 2.582/1.626 | lr(main/disc) 2.00e-05/7.00e-06 | cuda_peak(alloc/resv) 4.09/5.12GB | phase(train/val/raw/train_eval) 2.7/0.4/0.0/0.0s | 3.1s
2026-08-30 19:42:38 | Epoch 057/060 | loss 1.8863 | cls 1.1072 | tal -0.2765 | dual_g 0.8621 | dual_d 0.9487 | train_acc 0.9979 | train_full n/a | val_acc 0.9833 | val_f1 0.9757 | adv/moduleC 1.00/1.00 | disc_steps 15 | grad(main/disc) 2.372/1.601 | lr(main/disc) 2.00e-05/7.00e-06 | cuda_peak(alloc/resv) 4.09/5.12GB | phase(train/val/raw/train_eval) 2.6/0.3/0.0/0.0s | 2.9s
2026-08-30 19:42:41 | Epoch 058/060 | loss 1.8798 | cls 1.1037 | tal -0.2964 | dual_g 0.8650 | dual_d 0.9304 | train_acc 1.0000 | train_full n/a | val_acc 0.9917 | val_f1 0.9917 | adv/moduleC 1.00/1.00 | disc_steps 15 | grad(main/disc) 2.451/1.597 | lr(main/disc) 2.00e-05/7.00e-06 | cuda_peak(alloc/resv) 4.09/5.12GB | phase(train/val/raw/train_eval) 2.5/0.4/0.0/0.0s | 2.9s
2026-08-30 19:42:41 | Early stopping at epoch 58 after 15 epochs without val_f1_macro_present improvement.
2026-08-30 19:42:41 | Training complete. Peak validation accuracy: 0.9917 | selected val_f1_macro_present: 0.9827
2026-08-30 19:42:41 | Starting Dual_D standalone training
2026-08-30 19:42:41 | Run directory: runs/module_c_v12_strong_full_gate/module_c_20260830_193928/module_c_full_黑天_20260830_193929
2026-08-30 19:42:41 | Device: cuda
2026-08-30 19:42:41 | Source train samples: 992
2026-08-30 19:42:41 | Target train samples: 465
2026-08-30 19:42:41 | Target val samples: 120
2026-08-30 19:42:41 | Classes: 14
2026-08-30 19:42:41 | Data audit: same_dir=False | path_overlap(vis/ir/ais)=0/0/0 | content_overlap(vis/ir/ais)=0/0/0 | ais_index_overlap=0 | stem_mismatch(vis-ir/vis-ais)=578/0
2026-08-30 19:42:41 | source_train classes: present 14/14 | absent 0 | counts [0:120, 1:44, 2:69, 3:45, 4:40, 5:30, 6:64, 7:80, 8:116, 9:68, 10:57, 11:83, 12:48, 13:128]
2026-08-30 19:42:41 | target_train classes: present 8/14 | absent 6 | counts [0:100, 2:11, 3:16, 6:89, 9:162, 10:12, 11:44, 13:31]
2026-08-30 19:42:41 | target_val classes: present 8/14 | absent 6 | counts [0:26, 2:3, 3:5, 6:23, 9:41, 10:3, 11:11, 13:8]
2026-08-30 19:42:41 | Paired training classes: 8/14 | class ids [0, 2, 3, 6, 9, 10, 11, 13]
2026-08-30 19:42:41 | Runtime profile: batch=16 | paired_steps=30 | workers=16 | train_eval_every=5 | raw_eval_every=5 | stability_window=4 | lr_scheduler_start=28 | checkpoint_select_from=40 | early_stop=15 after min_epoch=55
2026-08-30 19:42:41 | Augmentation profile: base=0.600 | visible=0.600 | infrared=0.550 | freeze_frozen_batch_norm_stats=True
2026-08-30 19:42:41 | VIS/IR pairing: class-level-unpaired | count-mismatch classes train/val: 10/0 | AIS alignment: none | AIS rows train/val: 0/0
2026-08-30 19:42:42 | Effective Dual-D loss weights: {"adv_auxiliary": 0.025, "adv_primary": 0.025, "classification": 0.65, "contrastive": 0.055, "cycle": 0.12, "identity": 0.025, "prototype_contrastive": 0.025}
2026-08-30 19:42:42 | Model parameters: total=17277714 | trainable=17120210
Starting run 2/12: domain=黑天, iteration=2, seed=43
2026-08-30 19:42:47 | Epoch 001/060 | loss 4.9391 | cls 4.9129 | tal 0.0871 | dual_g 0.0000 | dual_d 0.0000 | train_acc 0.1854 | train_full 0.1656 | val_acc 0.1667 | val_f1 0.1544 | adv/moduleC 0.00/0.00 | disc_steps 0 | grad(main/disc) 28.136/0.000 | lr(main/disc) 8.00e-05/2.80e-05 | cuda_peak(alloc/resv) 4.09/5.12GB | phase(train/val/raw/train_eval) 3.1/0.4/0.4/0.9s | 4.7s
2026-08-30 19:42:50 | Epoch 002/060 | loss 3.5254 | cls 3.5796 | tal -0.1809 | dual_g 0.0000 | dual_d 0.0000 | train_acc 0.3396 | train_full n/a | val_acc 0.3083 | val_f1 0.3809 | adv/moduleC 0.00/0.00 | disc_steps 0 | grad(main/disc) 22.229/0.000 | lr(main/disc) 8.00e-05/2.80e-05 | cuda_peak(alloc/resv) 4.09/5.12GB | phase(train/val/raw/train_eval) 2.5/0.4/0.0/0.0s | 2.9s
2026-08-30 19:42:53 | Epoch 003/060 | loss 3.0653 | cls 3.0850 | tal -0.0657 | dual_g 0.0000 | dual_d 0.0000 | train_acc 0.4979 | train_full n/a | val_acc 0.4500 | val_f1 0.5131 | adv/moduleC 0.00/0.00 | disc_steps 0 | grad(main/disc) 21.166/0.000 | lr(main/disc) 8.00e-05/2.80e-05 | cuda_peak(alloc/resv) 4.09/5.12GB | phase(train/val/raw/train_eval) 2.6/0.4/0.0/0.0s | 3.0s
2026-08-30 19:42:56 | Epoch 004/060 | loss 2.5954 | cls 2.6113 | tal -0.0530 | dual_g 0.0000 | dual_d 0.0000 | train_acc 0.6333 | train_full n/a | val_acc 0.7000 | val_f1 0.6580 | adv/moduleC 0.00/0.00 | disc_steps 0 | grad(main/disc) 19.621/0.000 | lr(main/disc) 8.00e-05/2.80e-05 | cuda_peak(alloc/resv) 4.09/5.12GB | phase(train/val/raw/train_eval) 2.5/0.4/0.0/0.0s | 2.9s
2026-08-30 19:43:00 | Epoch 005/060 | loss 2.2127 | cls 2.2287 | tal -0.0531 | dual_g 0.0000 | dual_d 0.0000 | train_acc 0.7125 | train_full 0.6559 | val_acc 0.6417 | val_f1 0.6825 | adv/moduleC 0.00/0.00 | disc_steps 0 | grad(main/disc) 17.652/0.000 | lr(main/disc) 8.00e-05/2.80e-05 | cuda_peak(alloc/resv) 4.09/5.12GB | phase(train/val/raw/train_eval) 2.6/0.4/0.4/0.7s | 4.1s
2026-08-30 19:43:03 | Epoch 006/060 | loss 2.1126 | cls 1.9848 | tal -0.0427 | dual_g 0.1407 | dual_d 0.0000 | train_acc 0.8146 | train_full n/a | val_acc 0.7083 | val_f1 0.6971 | adv/moduleC 0.00/0.08 | disc_steps 0 | grad(main/disc) 16.071/0.000 | lr(main/disc) 8.00e-05/2.80e-05 | cuda_peak(alloc/resv) 4.09/5.12GB | phase(train/val/raw/train_eval) 2.5/0.4/0.0/0.0s | 2.9s
2026-08-30 19:43:06 | Epoch 007/060 | loss 2.1022 | cls 1.8623 | tal -0.0453 | dual_g 0.2535 | dual_d 0.0000 | train_acc 0.8333 | train_full n/a | val_acc 0.7667 | val_f1 0.7433 | adv/moduleC 0.00/0.17 | disc_steps 0 | grad(main/disc) 16.161/0.000 | lr(main/disc) 8.00e-05/2.80e-05 | cuda_peak(alloc/resv) 4.09/5.12GB | phase(train/val/raw/train_eval) 2.5/0.4/0.0/0.0s | 2.9s
2026-08-30 19:43:09 | Epoch 008/060 | loss 2.1285 | cls 1.7928 | tal -0.0916 | dual_g 0.3632 | dual_d 0.8898 | train_acc 0.8625 | train_full n/a | val_acc 0.8167 | val_f1 0.7674 | adv/moduleC 0.05/0.25 | disc_steps 15 | grad(main/disc) 16.011/2.077 | lr(main/disc) 8.00e-05/2.80e-05 | cuda_peak(alloc/resv) 4.09/5.12GB | phase(train/val/raw/train_eval) 2.7/0.4/0.0/0.0s | 3.1s
2026-08-30 19:43:12 | Epoch 009/060 | loss 2.0819 | cls 1.6411 | tal -0.0571 | dual_g 0.4579 | dual_d 0.8657 | train_acc 0.8917 | train_full n/a | val_acc 0.8500 | val_f1 0.8195 | adv/moduleC 0.10/0.33 | disc_steps 15 | grad(main/disc) 14.639/2.029 | lr(main/disc) 8.00e-05/2.80e-05 | cuda_peak(alloc/resv) 4.09/5.12GB | phase(train/val/raw/train_eval) 2.7/0.4/0.0/0.0s | 3.1s
2026-08-30 19:43:16 | Epoch 010/060 | loss 2.0545 | cls 1.5277 | tal 0.0070 | dual_g 0.5247 | dual_d 0.7872 | train_acc 0.9250 | train_full 0.9441 | val_acc 0.9083 | val_f1 0.8813 | adv/moduleC 0.15/0.42 | disc_steps 15 | grad(main/disc) 13.096/1.829 | lr(main/disc) 8.00e-05/2.80e-05 | cuda_peak(alloc/resv) 4.09/5.12GB | phase(train/val/raw/train_eval) 2.8/0.4/0.4/0.6s | 4.2s
2026-08-30 19:43:19 | Epoch 011/060 | loss 2.0576 | cls 1.4594 | tal -0.0327 | dual_g 0.6081 | dual_d 0.8042 | train_acc 0.9292 | train_full n/a | val_acc 0.9167 | val_f1 0.9183 | adv/moduleC 0.20/0.50 | disc_steps 15 | grad(main/disc) 11.907/1.878 | lr(main/disc) 8.00e-05/2.80e-05 | cuda_peak(alloc/resv) 4.09/5.12GB | phase(train/val/raw/train_eval) 2.6/0.4/0.0/0.0s | 3.0s
2026-08-30 19:43:22 | Epoch 012/060 | loss 2.1068 | cls 1.4407 | tal -0.0561 | dual_g 0.6830 | dual_d 0.8573 | train_acc 0.9542 | train_full n/a | val_acc 0.9083 | val_f1 0.8811 | adv/moduleC 0.25/0.58 | disc_steps 15 | grad(main/disc) 12.194/1.921 | lr(main/disc) 8.00e-05/2.80e-05 | cuda_peak(alloc/resv) 4.09/5.12GB | phase(train/val/raw/train_eval) 2.6/0.4/0.0/0.0s | 3.0s
2026-08-30 19:43:25 | Epoch 013/060 | loss 2.1260 | cls 1.3903 | tal -0.0704 | dual_g 0.7568 | dual_d 0.8023 | train_acc 0.9646 | train_full n/a | val_acc 0.9083 | val_f1 0.8893 | adv/moduleC 0.30/0.67 | disc_steps 15 | grad(main/disc) 11.143/1.844 | lr(main/disc) 8.00e-05/2.80e-05 | cuda_peak(alloc/resv) 4.09/5.12GB | phase(train/val/raw/train_eval) 2.5/0.4/0.0/0.0s | 2.9s
2026-08-30 19:43:28 | Epoch 014/060 | loss 2.2223 | cls 1.3967 | tal -0.0455 | dual_g 0.8392 | dual_d 0.7891 | train_acc 0.9500 | train_full n/a | val_acc 0.9417 | val_f1 0.9367 | adv/moduleC 0.35/0.75 | disc_steps 15 | grad(main/disc) 11.406/1.742 | lr(main/disc) 8.00e-05/2.80e-05 | cuda_peak(alloc/resv) 4.09/5.12GB | phase(train/val/raw/train_eval) 2.6/0.4/0.0/0.0s | 3.0s
2026-08-30 19:43:32 | Epoch 015/060 | loss 2.2658 | cls 1.3637 | tal -0.0782 | dual_g 0.9256 | dual_d 0.8069 | train_acc 0.9542 | train_full 0.9699 | val_acc 0.9417 | val_f1 0.9184 | adv/moduleC 0.40/0.83 | disc_steps 15 | grad(main/disc) 11.993/1.740 | lr(main/disc) 8.00e-05/2.80e-05 | cuda_peak(alloc/resv) 4.09/5.12GB | phase(train/val/raw/train_eval) 2.5/0.4/0.4/0.6s | 3.9s
2026-08-30 19:43:35 | Epoch 016/060 | loss 2.3305 | cls 1.3432 | tal -0.0013 | dual_g 0.9877 | dual_d 0.8191 | train_acc 0.9729 | train_full n/a | val_acc 0.9667 | val_f1 0.9696 | adv/moduleC 0.45/0.92 | disc_steps 15 | grad(main/disc) 10.962/1.786 | lr(main/disc) 8.00e-05/2.80e-05 | cuda_peak(alloc/resv) 4.09/5.12GB | phase(train/val/raw/train_eval) 2.7/0.4/0.0/0.0s | 3.0s
2026-08-30 19:43:38 | Epoch 017/060 | loss 2.3934 | cls 1.3279 | tal -0.0326 | dual_g 1.0753 | dual_d 0.8653 | train_acc 0.9667 | train_full n/a | val_acc 0.9417 | val_f1 0.9249 | adv/moduleC 0.50/1.00 | disc_steps 15 | grad(main/disc) 10.618/1.773 | lr(main/disc) 8.00e-05/2.80e-05 | cuda_peak(alloc/resv) 4.09/5.12GB | phase(train/val/raw/train_eval) 2.7/0.4/0.0/0.0s | 3.1s
2026-08-30 19:43:41 | Epoch 018/060 | loss 2.4055 | cls 1.3488 | tal -0.1052 | dual_g 1.0882 | dual_d 0.9007 | train_acc 0.9604 | train_full n/a | val_acc 0.9333 | val_f1 0.9194 | adv/moduleC 0.55/1.00 | disc_steps 15 | grad(main/disc) 12.248/1.808 | lr(main/disc) 8.00e-05/2.80e-05 | cuda_peak(alloc/resv) 4.09/5.12GB | phase(train/val/raw/train_eval) 2.8/0.4/0.0/0.0s | 3.2s
2026-08-30 19:43:44 | Epoch 019/060 | loss 2.3208 | cls 1.3006 | tal -0.0348 | dual_g 1.0306 | dual_d 0.8860 | train_acc 0.9750 | train_full n/a | val_acc 0.9417 | val_f1 0.9214 | adv/moduleC 0.60/1.00 | disc_steps 15 | grad(main/disc) 10.117/1.783 | lr(main/disc) 8.00e-05/2.80e-05 | cuda_peak(alloc/resv) 4.09/5.12GB | phase(train/val/raw/train_eval) 2.6/0.4/0.0/0.0s | 3.0s
2026-08-30 19:43:48 | Epoch 020/060 | loss 2.2421 | cls 1.2605 | tal -0.1245 | dual_g 1.0190 | dual_d 0.8876 | train_acc 0.9854 | train_full 0.9806 | val_acc 0.9417 | val_f1 0.9322 | adv/moduleC 0.65/1.00 | disc_steps 15 | grad(main/disc) 7.918/1.723 | lr(main/disc) 8.00e-05/2.80e-05 | cuda_peak(alloc/resv) 4.09/5.12GB | phase(train/val/raw/train_eval) 2.7/0.4/0.4/0.6s | 4.1s
2026-08-30 19:43:51 | Epoch 021/060 | loss 2.2129 | cls 1.2454 | tal -0.1092 | dual_g 1.0002 | dual_d 0.8775 | train_acc 0.9958 | train_full n/a | val_acc 0.9667 | val_f1 0.9503 | adv/moduleC 0.70/1.00 | disc_steps 15 | grad(main/disc) 6.862/1.695 | lr(main/disc) 8.00e-05/2.80e-05 | cuda_peak(alloc/resv) 4.09/5.12GB | phase(train/val/raw/train_eval) 2.7/0.4/0.0/0.0s | 3.0s
2026-08-30 19:43:55 | Epoch 022/060 | loss 2.2106 | cls 1.2454 | tal -0.1320 | dual_g 1.0049 | dual_d 0.9243 | train_acc 0.9854 | train_full n/a | val_acc 0.9667 | val_f1 0.9643 | adv/moduleC 0.75/1.00 | disc_steps 15 | grad(main/disc) 7.065/1.744 | lr(main/disc) 8.00e-05/2.80e-05 | cuda_peak(alloc/resv) 4.09/5.12GB | phase(train/val/raw/train_eval) 2.7/0.4/0.0/0.0s | 3.1s
2026-08-30 19:43:58 | Epoch 023/060 | loss 2.1916 | cls 1.2471 | tal -0.1663 | dual_g 0.9944 | dual_d 0.8725 | train_acc 0.9875 | train_full n/a | val_acc 0.9750 | val_f1 0.9708 | adv/moduleC 0.80/1.00 | disc_steps 15 | grad(main/disc) 7.353/1.659 | lr(main/disc) 8.00e-05/2.80e-05 | cuda_peak(alloc/resv) 4.09/5.12GB | phase(train/val/raw/train_eval) 2.6/0.4/0.0/0.0s | 3.0s
2026-08-30 19:44:01 | Epoch 024/060 | loss 2.1310 | cls 1.2112 | tal -0.1704 | dual_g 0.9709 | dual_d 0.8953 | train_acc 0.9917 | train_full n/a | val_acc 0.9667 | val_f1 0.9606 | adv/moduleC 0.85/1.00 | disc_steps 15 | grad(main/disc) 5.682/1.676 | lr(main/disc) 8.00e-05/2.80e-05 | cuda_peak(alloc/resv) 4.09/5.12GB | phase(train/val/raw/train_eval) 2.7/0.4/0.0/0.0s | 3.0s
2026-08-30 19:44:05 | Epoch 025/060 | loss 2.1222 | cls 1.2020 | tal -0.1833 | dual_g 0.9751 | dual_d 0.9302 | train_acc 0.9958 | train_full 0.9957 | val_acc 0.9750 | val_f1 0.9782 | adv/moduleC 0.90/1.00 | disc_steps 15 | grad(main/disc) 5.968/1.690 | lr(main/disc) 8.00e-05/2.80e-05 | cuda_peak(alloc/resv) 4.09/5.12GB | phase(train/val/raw/train_eval) 2.8/0.4/0.4/0.6s | 4.2s
2026-08-30 19:44:08 | Epoch 026/060 | loss 2.1780 | cls 1.2338 | tal -0.1259 | dual_g 0.9820 | dual_d 0.9126 | train_acc 0.9812 | train_full n/a | val_acc 0.9833 | val_f1 0.9847 | adv/moduleC 0.95/1.00 | disc_steps 15 | grad(main/disc) 7.524/1.670 | lr(main/disc) 8.00e-05/2.80e-05 | cuda_peak(alloc/resv) 4.09/5.12GB | phase(train/val/raw/train_eval) 2.6/0.4/0.0/0.0s | 3.0s
2026-08-30 19:44:11 | Epoch 027/060 | loss 2.1307 | cls 1.2114 | tal -0.1487 | dual_g 0.9638 | dual_d 0.9798 | train_acc 0.9833 | train_full n/a | val_acc 0.9667 | val_f1 0.9681 | adv/moduleC 1.00/1.00 | disc_steps 15 | grad(main/disc) 5.887/1.704 | lr(main/disc) 8.00e-05/2.80e-05 | cuda_peak(alloc/resv) 4.09/5.12GB | phase(train/val/raw/train_eval) 2.6/0.4/0.0/0.0s | 3.0s
2026-08-30 19:44:14 | Epoch 028/060 | loss 2.1021 | cls 1.1956 | tal -0.1151 | dual_g 0.9410 | dual_d 0.9841 | train_acc 0.9958 | train_full n/a | val_acc 0.9917 | val_f1 0.9827 | adv/moduleC 1.00/1.00 | disc_steps 15 | grad(main/disc) 5.292/1.726 | lr(main/disc) 8.00e-05/2.80e-05 | cuda_peak(alloc/resv) 4.09/5.12GB | phase(train/val/raw/train_eval) 2.8/0.4/0.0/0.0s | 3.2s
2026-08-30 19:44:17 | Epoch 029/060 | loss 2.0459 | cls 1.1801 | tal -0.2238 | dual_g 0.9330 | dual_d 1.0367 | train_acc 0.9917 | train_full n/a | val_acc 0.9750 | val_f1 0.9708 | adv/moduleC 1.00/1.00 | disc_steps 15 | grad(main/disc) 4.697/1.751 | lr(main/disc) 8.00e-05/2.80e-05 | cuda_peak(alloc/resv) 4.09/5.12GB | phase(train/val/raw/train_eval) 2.7/0.4/0.0/0.0s | 3.0s
2026-08-30 19:44:21 | Epoch 030/060 | loss 2.0662 | cls 1.1902 | tal -0.2020 | dual_g 0.9365 | dual_d 1.0400 | train_acc 0.9958 | train_full 0.9978 | val_acc 0.9750 | val_f1 0.9683 | adv/moduleC 1.00/1.00 | disc_steps 15 | grad(main/disc) 5.493/1.765 | lr(main/disc) 8.00e-05/2.80e-05 | cuda_peak(alloc/resv) 4.09/5.12GB | phase(train/val/raw/train_eval) 2.7/0.4/0.4/0.6s | 4.1s
2026-08-30 19:44:24 | Epoch 031/060 | loss 2.0259 | cls 1.1720 | tal -0.2264 | dual_g 0.9218 | dual_d 1.0295 | train_acc 0.9979 | train_full n/a | val_acc 0.9833 | val_f1 0.9787 | adv/moduleC 1.00/1.00 | disc_steps 15 | grad(main/disc) 4.622/1.696 | lr(main/disc) 8.00e-05/2.80e-05 | cuda_peak(alloc/resv) 4.09/5.12GB | phase(train/val/raw/train_eval) 2.5/0.4/0.0/0.0s | 2.9s
2026-08-30 19:44:27 | Epoch 032/060 | loss 2.0292 | cls 1.1744 | tal -0.2337 | dual_g 0.9250 | dual_d 1.0341 | train_acc 0.9938 | train_full n/a | val_acc 0.9667 | val_f1 0.9653 | adv/moduleC 1.00/1.00 | disc_steps 15 | grad(main/disc) 4.774/1.719 | lr(main/disc) 8.00e-05/2.80e-05 | cuda_peak(alloc/resv) 4.09/5.12GB | phase(train/val/raw/train_eval) 2.5/0.4/0.0/0.0s | 2.9s
2026-08-30 19:44:30 | Epoch 033/060 | loss 2.0109 | cls 1.1693 | tal -0.2488 | dual_g 0.9163 | dual_d 0.9988 | train_acc 0.9979 | train_full n/a | val_acc 0.9833 | val_f1 0.9787 | adv/moduleC 1.00/1.00 | disc_steps 15 | grad(main/disc) 4.683/1.633 | lr(main/disc) 8.00e-05/2.80e-05 | cuda_peak(alloc/resv) 4.09/5.12GB | phase(train/val/raw/train_eval) 2.6/0.4/0.0/0.0s | 3.0s
2026-08-30 19:44:33 | Epoch 034/060 | loss 2.0061 | cls 1.1583 | tal -0.2400 | dual_g 0.9198 | dual_d 1.0144 | train_acc 0.9979 | train_full n/a | val_acc 0.9833 | val_f1 0.9787 | adv/moduleC 1.00/1.00 | disc_steps 15 | grad(main/disc) 4.262/1.651 | lr(main/disc) 8.00e-05/2.80e-05 | cuda_peak(alloc/resv) 4.09/5.12GB | phase(train/val/raw/train_eval) 2.6/0.4/0.0/0.0s | 3.0s
2026-08-30 19:44:37 | Epoch 035/060 | loss 1.9967 | cls 1.1533 | tal -0.2171 | dual_g 0.9085 | dual_d 0.9728 | train_acc 0.9958 | train_full 1.0000 | val_acc 0.9667 | val_f1 0.9653 | adv/moduleC 1.00/1.00 | disc_steps 15 | grad(main/disc) 4.051/1.601 | lr(main/disc) 8.00e-05/2.80e-05 | cuda_peak(alloc/resv) 4.09/5.12GB | phase(train/val/raw/train_eval) 2.7/0.4/0.4/0.6s | 4.1s
2026-08-30 19:44:40 | Epoch 036/060 | loss 2.0271 | cls 1.1594 | tal -0.1270 | dual_g 0.9058 | dual_d 0.9816 | train_acc 0.9958 | train_full n/a | val_acc 0.9917 | val_f1 0.9917 | adv/moduleC 1.00/1.00 | disc_steps 15 | grad(main/disc) 4.204/1.625 | lr(main/disc) 8.00e-05/2.80e-05 | cuda_peak(alloc/resv) 4.09/5.12GB | phase(train/val/raw/train_eval) 2.6/0.4/0.0/0.0s | 3.0s
2026-08-30 19:44:43 | Epoch 037/060 | loss 2.0142 | cls 1.1461 | tal -0.1208 | dual_g 0.9043 | dual_d 0.9367 | train_acc 1.0000 | train_full n/a | val_acc 0.9833 | val_f1 0.9787 | adv/moduleC 1.00/1.00 | disc_steps 15 | grad(main/disc) 3.814/1.527 | lr(main/disc) 8.00e-05/2.80e-05 | cuda_peak(alloc/resv) 4.09/5.12GB | phase(train/val/raw/train_eval) 2.7/0.4/0.0/0.0s | 3.1s
2026-08-30 19:44:46 | Epoch 038/060 | loss 1.9762 | cls 1.1339 | tal -0.1905 | dual_g 0.8994 | dual_d 0.9634 | train_acc 1.0000 | train_full n/a | val_acc 0.9917 | val_f1 0.9827 | adv/moduleC 1.00/1.00 | disc_steps 15 | grad(main/disc) 3.096/1.542 | lr(main/disc) 8.00e-05/2.80e-05 | cuda_peak(alloc/resv) 4.09/5.12GB | phase(train/val/raw/train_eval) 2.7/0.4/0.0/0.0s | 3.1s
2026-08-30 19:44:49 | Epoch 039/060 | loss 1.9464 | cls 1.1339 | tal -0.2951 | dual_g 0.9011 | dual_d 0.9583 | train_acc 0.9979 | train_full n/a | val_acc 0.9917 | val_f1 0.9917 | adv/moduleC 1.00/1.00 | disc_steps 15 | grad(main/disc) 3.646/1.538 | lr(main/disc) 8.00e-05/2.80e-05 | cuda_peak(alloc/resv) 4.09/5.12GB | phase(train/val/raw/train_eval) 2.7/0.4/0.0/0.0s | 3.1s
2026-08-30 19:44:53 | Epoch 040/060 | loss 1.9466 | cls 1.1422 | tal -0.3083 | dual_g 0.8968 | dual_d 0.9294 | train_acc 1.0000 | train_full 1.0000 | val_acc 0.9917 | val_f1 0.9917 | adv/moduleC 1.00/1.00 | disc_steps 15 | grad(main/disc) 3.794/1.523 | lr(main/disc) 8.00e-05/2.80e-05 | cuda_peak(alloc/resv) 4.09/5.13GB | phase(train/val/raw/train_eval) 2.8/0.4/0.4/0.6s | 4.2s
2026-08-30 19:44:55 | New best val_f1_macro_present: raw=0.9917 stable_score=0.9787 at epoch 40
2026-08-30 19:44:59 | Epoch 041/060 | loss 1.9227 | cls 1.1293 | tal -0.3523 | dual_g 0.8991 | dual_d 0.9246 | train_acc 1.0000 | train_full n/a | val_acc 0.9833 | val_f1 0.9847 | adv/moduleC 1.00/1.00 | disc_steps 15 | grad(main/disc) 3.402/1.493 | lr(main/disc) 8.00e-05/2.80e-05 | cuda_peak(alloc/resv) 4.09/5.13GB | phase(train/val/raw/train_eval) 2.8/0.4/0.4/0.0s | 3.6s
2026-08-30 19:45:01 | New best val_f1_macro_present: raw=0.9847 stable_score=0.9827 at epoch 41
2026-08-30 19:45:04 | Epoch 042/060 | loss 1.8930 | cls 1.1271 | tal -0.3978 | dual_g 0.8853 | dual_d 0.9189 | train_acc 0.9979 | train_full n/a | val_acc 0.9917 | val_f1 0.9827 | adv/moduleC 1.00/1.00 | disc_steps 15 | grad(main/disc) 3.222/1.485 | lr(main/disc) 8.00e-05/2.80e-05 | cuda_peak(alloc/resv) 4.09/5.13GB | phase(train/val/raw/train_eval) 2.7/0.4/0.0/0.0s | 3.1s
2026-08-30 19:45:07 | Epoch 043/060 | loss 1.8925 | cls 1.1242 | tal -0.3756 | dual_g 0.8810 | dual_d 0.9291 | train_acc 0.9979 | train_full n/a | val_acc 0.9833 | val_f1 0.9726 | adv/moduleC 1.00/1.00 | disc_steps 15 | grad(main/disc) 2.945/1.503 | lr(main/disc) 8.00e-05/2.80e-05 | cuda_peak(alloc/resv) 4.09/5.13GB | phase(train/val/raw/train_eval) 2.8/0.4/0.0/0.0s | 3.2s
2026-08-30 19:45:10 | Epoch 044/060 | loss 1.8955 | cls 1.1244 | tal -0.3541 | dual_g 0.8773 | dual_d 0.9094 | train_acc 1.0000 | train_full n/a | val_acc 0.9833 | val_f1 0.9847 | adv/moduleC 1.00/1.00 | disc_steps 15 | grad(main/disc) 3.180/1.471 | lr(main/disc) 8.00e-05/2.80e-05 | cuda_peak(alloc/resv) 4.09/5.13GB | phase(train/val/raw/train_eval) 2.6/0.4/0.0/0.0s | 3.0s
2026-08-30 19:45:14 | Epoch 045/060 | loss 1.8885 | cls 1.1263 | tal -0.4126 | dual_g 0.8860 | dual_d 0.9167 | train_acc 0.9979 | train_full 1.0000 | val_acc 0.9917 | val_f1 0.9827 | adv/moduleC 1.00/1.00 | disc_steps 15 | grad(main/disc) 3.421/1.461 | lr(main/disc) 4.00e-05/1.40e-05 | cuda_peak(alloc/resv) 4.09/5.13GB | phase(train/val/raw/train_eval) 2.6/0.4/0.4/0.6s | 4.0s
2026-08-30 19:45:18 | Epoch 046/060 | loss 1.8708 | cls 1.1180 | tal -0.4222 | dual_g 0.8795 | dual_d 0.9381 | train_acc 0.9979 | train_full n/a | val_acc 0.9917 | val_f1 0.9827 | adv/moduleC 1.00/1.00 | disc_steps 15 | grad(main/disc) 3.203/1.470 | lr(main/disc) 4.00e-05/1.40e-05 | cuda_peak(alloc/resv) 4.09/5.13GB | phase(train/val/raw/train_eval) 2.7/0.4/0.0/0.0s | 3.1s
2026-08-30 19:45:21 | Epoch 047/060 | loss 1.8618 | cls 1.1079 | tal -0.3778 | dual_g 0.8672 | dual_d 0.9325 | train_acc 1.0000 | train_full n/a | val_acc 0.9917 | val_f1 0.9827 | adv/moduleC 1.00/1.00 | disc_steps 15 | grad(main/disc) 2.367/1.484 | lr(main/disc) 4.00e-05/1.40e-05 | cuda_peak(alloc/resv) 4.09/5.13GB | phase(train/val/raw/train_eval) 2.7/0.4/0.0/0.0s | 3.1s
2026-08-30 19:45:24 | Epoch 048/060 | loss 1.8603 | cls 1.1097 | tal -0.3941 | dual_g 0.8688 | dual_d 0.9111 | train_acc 1.0000 | train_full n/a | val_acc 0.9917 | val_f1 0.9827 | adv/moduleC 1.00/1.00 | disc_steps 15 | grad(main/disc) 2.490/1.432 | lr(main/disc) 4.00e-05/1.40e-05 | cuda_peak(alloc/resv) 4.09/5.13GB | phase(train/val/raw/train_eval) 2.7/0.4/0.0/0.0s | 3.1s
2026-08-30 19:45:27 | Epoch 049/060 | loss 1.8489 | cls 1.1024 | tal -0.3930 | dual_g 0.8644 | dual_d 0.9077 | train_acc 0.9979 | train_full n/a | val_acc 0.9750 | val_f1 0.9692 | adv/moduleC 1.00/1.00 | disc_steps 15 | grad(main/disc) 2.285/1.411 | lr(main/disc) 4.00e-05/1.40e-05 | cuda_peak(alloc/resv) 4.09/5.13GB | phase(train/val/raw/train_eval) 2.8/0.4/0.0/0.0s | 3.2s
2026-08-30 19:45:31 | Epoch 050/060 | loss 1.8593 | cls 1.1052 | tal -0.3663 | dual_g 0.8640 | dual_d 0.9167 | train_acc 1.0000 | train_full 1.0000 | val_acc 0.9917 | val_f1 0.9827 | adv/moduleC 1.00/1.00 | disc_steps 15 | grad(main/disc) 2.571/1.421 | lr(main/disc) 4.00e-05/1.40e-05 | cuda_peak(alloc/resv) 4.09/5.13GB | phase(train/val/raw/train_eval) 2.8/0.4/0.4/0.6s | 4.2s
2026-08-30 19:45:34 | Epoch 051/060 | loss 1.8453 | cls 1.1005 | tal -0.3992 | dual_g 0.8646 | dual_d 0.9035 | train_acc 1.0000 | train_full n/a | val_acc 0.9917 | val_f1 0.9827 | adv/moduleC 1.00/1.00 | disc_steps 15 | grad(main/disc) 2.310/1.397 | lr(main/disc) 4.00e-05/1.40e-05 | cuda_peak(alloc/resv) 4.09/5.13GB | phase(train/val/raw/train_eval) 2.8/0.4/0.0/0.0s | 3.2s
2026-08-30 19:45:37 | Epoch 052/060 | loss 1.8436 | cls 1.1005 | tal -0.3918 | dual_g 0.8606 | dual_d 0.8970 | train_acc 1.0000 | train_full n/a | val_acc 0.9833 | val_f1 0.9847 | adv/moduleC 1.00/1.00 | disc_steps 15 | grad(main/disc) 2.360/1.390 | lr(main/disc) 4.00e-05/1.40e-05 | cuda_peak(alloc/resv) 4.09/5.13GB | phase(train/val/raw/train_eval) 2.6/0.4/0.0/0.0s | 3.0s
2026-08-30 19:45:40 | Epoch 053/060 | loss 1.8623 | cls 1.1100 | tal -0.3609 | dual_g 0.8605 | dual_d 0.9241 | train_acc 1.0000 | train_full n/a | val_acc 0.9833 | val_f1 0.9757 | adv/moduleC 1.00/1.00 | disc_steps 15 | grad(main/disc) 2.816/1.445 | lr(main/disc) 4.00e-05/1.40e-05 | cuda_peak(alloc/resv) 4.09/5.13GB | phase(train/val/raw/train_eval) 2.6/0.4/0.0/0.0s | 3.0s
2026-08-30 19:45:43 | Epoch 054/060 | loss 1.8679 | cls 1.1064 | tal -0.3486 | dual_g 0.8661 | dual_d 0.8939 | train_acc 1.0000 | train_full n/a | val_acc 0.9917 | val_f1 0.9827 | adv/moduleC 1.00/1.00 | disc_steps 15 | grad(main/disc) 2.877/1.387 | lr(main/disc) 2.00e-05/7.00e-06 | cuda_peak(alloc/resv) 4.09/5.13GB | phase(train/val/raw/train_eval) 2.6/0.4/0.0/0.0s | 3.0s
2026-08-30 19:45:47 | Epoch 055/060 | loss 1.8502 | cls 1.1008 | tal -0.3709 | dual_g 0.8607 | dual_d 0.8968 | train_acc 0.9979 | train_full 1.0000 | val_acc 0.9917 | val_f1 0.9917 | adv/moduleC 1.00/1.00 | disc_steps 15 | grad(main/disc) 2.137/1.401 | lr(main/disc) 2.00e-05/7.00e-06 | cuda_peak(alloc/resv) 4.09/5.13GB | phase(train/val/raw/train_eval) 2.7/0.4/0.4/0.7s | 4.1s
2026-08-30 19:45:50 | Epoch 056/060 | loss 1.8596 | cls 1.1028 | tal -0.3526 | dual_g 0.8626 | dual_d 0.9052 | train_acc 1.0000 | train_full n/a | val_acc 0.9833 | val_f1 0.9847 | adv/moduleC 1.00/1.00 | disc_steps 15 | grad(main/disc) 2.521/1.382 | lr(main/disc) 2.00e-05/7.00e-06 | cuda_peak(alloc/resv) 4.09/5.13GB | phase(train/val/raw/train_eval) 2.7/0.4/0.0/0.0s | 3.1s
2026-08-30 19:45:50 | Early stopping at epoch 56 after 15 epochs without val_f1_macro_present improvement.
2026-08-30 19:45:50 | Training complete. Peak validation accuracy: 0.9917 | selected val_f1_macro_present: 0.9847
2026-08-30 19:45:50 | Starting Dual_D standalone training
2026-08-30 19:45:50 | Run directory: runs/module_c_v12_strong_full_gate/module_c_20260830_193928/module_c_full_黑天_20260830_193929
2026-08-30 19:45:50 | Device: cuda
2026-08-30 19:45:50 | Source train samples: 992
2026-08-30 19:45:50 | Target train samples: 465
2026-08-30 19:45:50 | Target val samples: 120
2026-08-30 19:45:50 | Classes: 14
2026-08-30 19:45:51 | Data audit: same_dir=False | path_overlap(vis/ir/ais)=0/0/0 | content_overlap(vis/ir/ais)=0/0/0 | ais_index_overlap=0 | stem_mismatch(vis-ir/vis-ais)=578/0
2026-08-30 19:45:51 | source_train classes: present 14/14 | absent 0 | counts [0:120, 1:44, 2:69, 3:45, 4:40, 5:30, 6:64, 7:80, 8:116, 9:68, 10:57, 11:83, 12:48, 13:128]
2026-08-30 19:45:51 | target_train classes: present 8/14 | absent 6 | counts [0:100, 2:11, 3:16, 6:89, 9:162, 10:12, 11:44, 13:31]
2026-08-30 19:45:51 | target_val classes: present 8/14 | absent 6 | counts [0:26, 2:3, 3:5, 6:23, 9:41, 10:3, 11:11, 13:8]
2026-08-30 19:45:51 | Paired training classes: 8/14 | class ids [0, 2, 3, 6, 9, 10, 11, 13]
2026-08-30 19:45:51 | Runtime profile: batch=16 | paired_steps=30 | workers=16 | train_eval_every=5 | raw_eval_every=5 | stability_window=4 | lr_scheduler_start=28 | checkpoint_select_from=40 | early_stop=15 after min_epoch=55
2026-08-30 19:45:51 | Augmentation profile: base=0.600 | visible=0.600 | infrared=0.550 | freeze_frozen_batch_norm_stats=True
2026-08-30 19:45:51 | VIS/IR pairing: class-level-unpaired | count-mismatch classes train/val: 10/0 | AIS alignment: none | AIS rows train/val: 0/0
2026-08-30 19:45:52 | Effective Dual-D loss weights: {"adv_auxiliary": 0.025, "adv_primary": 0.025, "classification": 0.65, "contrastive": 0.055, "cycle": 0.12, "identity": 0.025, "prototype_contrastive": 0.025}
2026-08-30 19:45:52 | Model parameters: total=17277714 | trainable=17120210
Starting run 3/12: domain=黑天, iteration=3, seed=44
2026-08-30 19:45:56 | Epoch 001/060 | loss 4.8772 | cls 4.8145 | tal 0.2089 | dual_g 0.0000 | dual_d 0.0000 | train_acc 0.1729 | train_full 0.1785 | val_acc 0.1833 | val_f1 0.2140 | adv/moduleC 0.00/0.00 | disc_steps 0 | grad(main/disc) 25.940/0.000 | lr(main/disc) 8.00e-05/2.80e-05 | cuda_peak(alloc/resv) 4.09/5.13GB | phase(train/val/raw/train_eval) 2.8/0.4/0.4/0.6s | 4.2s
2026-08-30 19:45:59 | Epoch 002/060 | loss 3.6565 | cls 3.6636 | tal -0.0237 | dual_g 0.0000 | dual_d 0.0000 | train_acc 0.3958 | train_full n/a | val_acc 0.5750 | val_f1 0.5615 | adv/moduleC 0.00/0.00 | disc_steps 0 | grad(main/disc) 21.319/0.000 | lr(main/disc) 8.00e-05/2.80e-05 | cuda_peak(alloc/resv) 4.09/5.13GB | phase(train/val/raw/train_eval) 2.7/0.4/0.0/0.0s | 3.1s
2026-08-30 19:46:02 | Epoch 003/060 | loss 3.0990 | cls 3.1021 | tal -0.0104 | dual_g 0.0000 | dual_d 0.0000 | train_acc 0.5437 | train_full n/a | val_acc 0.5000 | val_f1 0.5810 | adv/moduleC 0.00/0.00 | disc_steps 0 | grad(main/disc) 20.189/0.000 | lr(main/disc) 8.00e-05/2.80e-05 | cuda_peak(alloc/resv) 4.09/5.13GB | phase(train/val/raw/train_eval) 2.6/0.4/0.0/0.0s | 2.9s
2026-08-30 19:46:05 | Epoch 004/060 | loss 2.6002 | cls 2.5989 | tal 0.0044 | dual_g 0.0000 | dual_d 0.0000 | train_acc 0.6583 | train_full n/a | val_acc 0.7167 | val_f1 0.6974 | adv/moduleC 0.00/0.00 | disc_steps 0 | grad(main/disc) 19.117/0.000 | lr(main/disc) 8.00e-05/2.80e-05 | cuda_peak(alloc/resv) 4.09/5.13GB | phase(train/val/raw/train_eval) 2.6/0.4/0.0/0.0s | 3.0s
2026-08-30 19:46:09 | Epoch 005/060 | loss 2.3177 | cls 2.3357 | tal -0.0601 | dual_g 0.0000 | dual_d 0.0000 | train_acc 0.7000 | train_full 0.8000 | val_acc 0.8083 | val_f1 0.7688 | adv/moduleC 0.00/0.00 | disc_steps 0 | grad(main/disc) 17.862/0.000 | lr(main/disc) 8.00e-05/2.80e-05 | cuda_peak(alloc/resv) 4.09/5.13GB | phase(train/val/raw/train_eval) 2.7/0.4/0.4/0.6s | 4.1s
2026-08-30 19:46:12 | Epoch 006/060 | loss 2.1809 | cls 2.0639 | tal -0.0708 | dual_g 0.1383 | dual_d 0.0000 | train_acc 0.8146 | train_full n/a | val_acc 0.8000 | val_f1 0.7586 | adv/moduleC 0.00/0.08 | disc_steps 0 | grad(main/disc) 17.401/0.000 | lr(main/disc) 8.00e-05/2.80e-05 | cuda_peak(alloc/resv) 4.09/5.13GB | phase(train/val/raw/train_eval) 2.6/0.4/0.0/0.0s | 3.0s
2026-08-30 19:46:15 | Epoch 007/060 | loss 2.1821 | cls 1.9300 | tal -0.0329 | dual_g 0.2620 | dual_d 0.0000 | train_acc 0.8354 | train_full n/a | val_acc 0.8250 | val_f1 0.8042 | adv/moduleC 0.00/0.17 | disc_steps 0 | grad(main/disc) 16.821/0.000 | lr(main/disc) 8.00e-05/2.80e-05 | cuda_peak(alloc/resv) 4.09/5.13GB | phase(train/val/raw/train_eval) 2.5/0.4/0.0/0.0s | 2.9s
2026-08-30 19:46:18 | Epoch 008/060 | loss 2.1537 | cls 1.7971 | tal -0.0744 | dual_g 0.3789 | dual_d 0.8744 | train_acc 0.8521 | train_full n/a | val_acc 0.8917 | val_f1 0.8578 | adv/moduleC 0.05/0.25 | disc_steps 15 | grad(main/disc) 16.957/1.937 | lr(main/disc) 8.00e-05/2.80e-05 | cuda_peak(alloc/resv) 4.09/5.13GB | phase(train/val/raw/train_eval) 2.7/0.4/0.0/0.0s | 3.1s
2026-08-30 19:46:21 | Epoch 009/060 | loss 2.0935 | cls 1.6649 | tal -0.0710 | dual_g 0.4500 | dual_d 0.8371 | train_acc 0.9062 | train_full n/a | val_acc 0.9000 | val_f1 0.8661 | adv/moduleC 0.10/0.33 | disc_steps 15 | grad(main/disc) 14.021/1.855 | lr(main/disc) 8.00e-05/2.80e-05 | cuda_peak(alloc/resv) 4.09/5.13GB | phase(train/val/raw/train_eval) 2.7/0.4/0.0/0.0s | 3.0s
2026-08-30 19:46:25 | Epoch 010/060 | loss 2.1563 | cls 1.6302 | tal -0.1166 | dual_g 0.5611 | dual_d 0.7979 | train_acc 0.9042 | train_full 0.9161 | val_acc 0.8833 | val_f1 0.8731 | adv/moduleC 0.15/0.42 | disc_steps 15 | grad(main/disc) 14.625/1.759 | lr(main/disc) 8.00e-05/2.80e-05 | cuda_peak(alloc/resv) 4.09/5.13GB | phase(train/val/raw/train_eval) 2.6/0.4/0.4/0.7s | 4.0s
2026-08-30 19:46:28 | Epoch 011/060 | loss 2.1241 | cls 1.5405 | tal -0.1216 | dual_g 0.6201 | dual_d 0.7805 | train_acc 0.9292 | train_full n/a | val_acc 0.9333 | val_f1 0.9021 | adv/moduleC 0.20/0.50 | disc_steps 15 | grad(main/disc) 13.592/1.702 | lr(main/disc) 8.00e-05/2.80e-05 | cuda_peak(alloc/resv) 4.09/5.13GB | phase(train/val/raw/train_eval) 2.6/0.4/0.0/0.0s | 3.0s
2026-08-30 19:46:31 | Epoch 012/060 | loss 2.1318 | cls 1.4750 | tal -0.1808 | dual_g 0.7110 | dual_d 0.7592 | train_acc 0.9375 | train_full n/a | val_acc 0.9667 | val_f1 0.9425 | adv/moduleC 0.25/0.58 | disc_steps 15 | grad(main/disc) 12.736/1.704 | lr(main/disc) 8.00e-05/2.80e-05 | cuda_peak(alloc/resv) 4.09/5.13GB | phase(train/val/raw/train_eval) 2.7/0.4/0.0/0.0s | 3.0s
2026-08-30 19:46:34 | Epoch 013/060 | loss 2.1445 | cls 1.4163 | tal -0.1711 | dual_g 0.7795 | dual_d 0.7387 | train_acc 0.9646 | train_full n/a | val_acc 0.9417 | val_f1 0.8975 | adv/moduleC 0.30/0.67 | disc_steps 15 | grad(main/disc) 12.148/1.634 | lr(main/disc) 8.00e-05/2.80e-05 | cuda_peak(alloc/resv) 4.09/5.13GB | phase(train/val/raw/train_eval) 2.6/0.4/0.0/0.0s | 3.0s
2026-08-30 19:46:37 | Epoch 014/060 | loss 2.1924 | cls 1.3924 | tal -0.1143 | dual_g 0.8343 | dual_d 0.7315 | train_acc 0.9646 | train_full n/a | val_acc 0.9583 | val_f1 0.9438 | adv/moduleC 0.35/0.75 | disc_steps 15 | grad(main/disc) 11.966/1.609 | lr(main/disc) 8.00e-05/2.80e-05 | cuda_peak(alloc/resv) 4.09/5.13GB | phase(train/val/raw/train_eval) 2.7/0.4/0.0/0.0s | 3.1s
2026-08-30 19:46:41 | Epoch 015/060 | loss 2.1758 | cls 1.3237 | tal -0.1803 | dual_g 0.9062 | dual_d 0.7559 | train_acc 0.9604 | train_full 0.9720 | val_acc 0.9667 | val_f1 0.9479 | adv/moduleC 0.40/0.83 | disc_steps 15 | grad(main/disc) 10.107/1.614 | lr(main/disc) 8.00e-05/2.80e-05 | cuda_peak(alloc/resv) 4.09/5.13GB | phase(train/val/raw/train_eval) 2.6/0.4/0.4/0.7s | 4.1s
2026-08-30 19:46:44 | Epoch 016/060 | loss 2.2477 | cls 1.3345 | tal -0.2568 | dual_g 0.9903 | dual_d 0.7714 | train_acc 0.9479 | train_full n/a | val_acc 0.9667 | val_f1 0.9593 | adv/moduleC 0.45/0.92 | disc_steps 15 | grad(main/disc) 11.927/1.658 | lr(main/disc) 8.00e-05/2.80e-05 | cuda_peak(alloc/resv) 4.09/5.13GB | phase(train/val/raw/train_eval) 2.7/0.4/0.0/0.0s | 3.1s
2026-08-30 19:46:47 | Epoch 017/060 | loss 2.2938 | cls 1.3017 | tal -0.2050 | dual_g 1.0536 | dual_d 0.7613 | train_acc 0.9875 | train_full n/a | val_acc 0.9750 | val_f1 0.9544 | adv/moduleC 0.50/1.00 | disc_steps 15 | grad(main/disc) 9.832/1.608 | lr(main/disc) 8.00e-05/2.80e-05 | cuda_peak(alloc/resv) 4.09/5.13GB | phase(train/val/raw/train_eval) 2.6/0.4/0.0/0.0s | 3.0s
2026-08-30 19:46:50 | Epoch 018/060 | loss 2.2763 | cls 1.2939 | tal -0.2204 | dual_g 1.0485 | dual_d 0.8229 | train_acc 0.9708 | train_full n/a | val_acc 0.9417 | val_f1 0.9166 | adv/moduleC 0.55/1.00 | disc_steps 15 | grad(main/disc) 9.567/1.715 | lr(main/disc) 8.00e-05/2.80e-05 | cuda_peak(alloc/resv) 4.09/5.13GB | phase(train/val/raw/train_eval) 2.6/0.4/0.0/0.0s | 3.0s
2026-08-30 19:46:53 | Epoch 019/060 | loss 2.2226 | cls 1.2592 | tal -0.2088 | dual_g 1.0260 | dual_d 0.7868 | train_acc 0.9812 | train_full n/a | val_acc 0.9750 | val_f1 0.9554 | adv/moduleC 0.60/1.00 | disc_steps 15 | grad(main/disc) 8.151/1.619 | lr(main/disc) 8.00e-05/2.80e-05 | cuda_peak(alloc/resv) 4.09/5.13GB | phase(train/val/raw/train_eval) 2.6/0.4/0.0/0.0s | 3.0s
2026-08-30 19:46:57 | Epoch 020/060 | loss 2.2001 | cls 1.2406 | tal -0.1950 | dual_g 1.0180 | dual_d 0.8081 | train_acc 0.9875 | train_full 0.9957 | val_acc 0.9833 | val_f1 0.9714 | adv/moduleC 0.65/1.00 | disc_steps 15 | grad(main/disc) 8.206/1.683 | lr(main/disc) 8.00e-05/2.80e-05 | cuda_peak(alloc/resv) 4.09/5.13GB | phase(train/val/raw/train_eval) 2.8/0.4/0.4/0.7s | 4.3s
2026-08-30 19:47:01 | Epoch 021/060 | loss 2.2027 | cls 1.2522 | tal -0.1734 | dual_g 1.0025 | dual_d 0.7907 | train_acc 0.9896 | train_full n/a | val_acc 0.9667 | val_f1 0.9515 | adv/moduleC 0.70/1.00 | disc_steps 15 | grad(main/disc) 8.123/1.620 | lr(main/disc) 8.00e-05/2.80e-05 | cuda_peak(alloc/resv) 4.09/5.13GB | phase(train/val/raw/train_eval) 2.8/0.4/0.0/0.0s | 3.1s
2026-08-30 19:47:04 | Epoch 022/060 | loss 2.1852 | cls 1.2345 | tal -0.1688 | dual_g 1.0013 | dual_d 0.7800 | train_acc 0.9938 | train_full n/a | val_acc 0.9833 | val_f1 0.9847 | adv/moduleC 0.75/1.00 | disc_steps 15 | grad(main/disc) 7.823/1.595 | lr(main/disc) 8.00e-05/2.80e-05 | cuda_peak(alloc/resv) 4.09/5.13GB | phase(train/val/raw/train_eval) 2.6/0.4/0.0/0.0s | 3.0s
2026-08-30 19:47:07 | Epoch 023/060 | loss 2.1489 | cls 1.2260 | tal -0.2246 | dual_g 0.9902 | dual_d 0.8027 | train_acc 0.9917 | train_full n/a | val_acc 0.9667 | val_f1 0.9515 | adv/moduleC 0.80/1.00 | disc_steps 15 | grad(main/disc) 7.233/1.598 | lr(main/disc) 8.00e-05/2.80e-05 | cuda_peak(alloc/resv) 4.09/5.13GB | phase(train/val/raw/train_eval) 3.0/0.4/0.0/0.0s | 3.4s
2026-08-30 19:47:10 | Epoch 024/060 | loss 2.1478 | cls 1.2241 | tal -0.1722 | dual_g 0.9754 | dual_d 0.8844 | train_acc 0.9938 | train_full n/a | val_acc 0.9750 | val_f1 0.9544 | adv/moduleC 0.85/1.00 | disc_steps 15 | grad(main/disc) 7.328/1.732 | lr(main/disc) 8.00e-05/2.80e-05 | cuda_peak(alloc/resv) 4.09/5.13GB | phase(train/val/raw/train_eval) 2.8/0.4/0.0/0.0s | 3.2s
2026-08-30 19:47:14 | Epoch 025/060 | loss 2.1219 | cls 1.2128 | tal -0.2106 | dual_g 0.9722 | dual_d 0.8910 | train_acc 0.9979 | train_full 0.9957 | val_acc 0.9833 | val_f1 0.9757 | adv/moduleC 0.90/1.00 | disc_steps 15 | grad(main/disc) 6.495/1.693 | lr(main/disc) 8.00e-05/2.80e-05 | cuda_peak(alloc/resv) 4.09/5.13GB | phase(train/val/raw/train_eval) 2.7/0.4/0.4/0.7s | 4.2s
2026-08-30 19:47:17 | Epoch 026/060 | loss 2.1099 | cls 1.1908 | tal -0.1503 | dual_g 0.9641 | dual_d 0.8924 | train_acc 0.9938 | train_full n/a | val_acc 0.9833 | val_f1 0.9624 | adv/moduleC 0.95/1.00 | disc_steps 15 | grad(main/disc) 5.928/1.678 | lr(main/disc) 8.00e-05/2.80e-05 | cuda_peak(alloc/resv) 4.09/5.13GB | phase(train/val/raw/train_eval) 2.7/0.4/0.0/0.0s | 3.1s
2026-08-30 19:47:20 | Epoch 027/060 | loss 2.0800 | cls 1.2146 | tal -0.2941 | dual_g 0.9536 | dual_d 0.8962 | train_acc 0.9938 | train_full n/a | val_acc 0.9750 | val_f1 0.9554 | adv/moduleC 1.00/1.00 | disc_steps 15 | grad(main/disc) 7.139/1.650 | lr(main/disc) 8.00e-05/2.80e-05 | cuda_peak(alloc/resv) 4.09/5.13GB | phase(train/val/raw/train_eval) 2.7/0.4/0.0/0.0s | 3.1s
2026-08-30 19:47:23 | Epoch 028/060 | loss 2.0182 | cls 1.1751 | tal -0.3019 | dual_g 0.9336 | dual_d 0.9587 | train_acc 1.0000 | train_full n/a | val_acc 0.9833 | val_f1 0.9847 | adv/moduleC 1.00/1.00 | disc_steps 15 | grad(main/disc) 4.225/1.699 | lr(main/disc) 8.00e-05/2.80e-05 | cuda_peak(alloc/resv) 4.09/5.13GB | phase(train/val/raw/train_eval) 2.6/0.4/0.0/0.0s | 3.0s
2026-08-30 19:47:26 | Epoch 029/060 | loss 2.0436 | cls 1.1723 | tal -0.2362 | dual_g 0.9422 | dual_d 0.9564 | train_acc 0.9938 | train_full n/a | val_acc 0.9750 | val_f1 0.9644 | adv/moduleC 1.00/1.00 | disc_steps 15 | grad(main/disc) 5.048/1.683 | lr(main/disc) 8.00e-05/2.80e-05 | cuda_peak(alloc/resv) 4.09/5.13GB | phase(train/val/raw/train_eval) 2.6/0.4/0.0/0.0s | 3.0s
2026-08-30 19:47:30 | Epoch 030/060 | loss 2.0159 | cls 1.1714 | tal -0.3068 | dual_g 0.9366 | dual_d 0.9376 | train_acc 0.9979 | train_full 0.9978 | val_acc 0.9833 | val_f1 0.9847 | adv/moduleC 1.00/1.00 | disc_steps 15 | grad(main/disc) 5.181/1.661 | lr(main/disc) 8.00e-05/2.80e-05 | cuda_peak(alloc/resv) 4.09/5.13GB | phase(train/val/raw/train_eval) 2.5/0.4/0.4/0.7s | 3.9s
2026-08-30 19:47:33 | Epoch 031/060 | loss 2.0223 | cls 1.1745 | tal -0.2868 | dual_g 0.9338 | dual_d 0.9383 | train_acc 0.9979 | train_full n/a | val_acc 0.9750 | val_f1 0.9644 | adv/moduleC 1.00/1.00 | disc_steps 15 | grad(main/disc) 5.299/1.699 | lr(main/disc) 8.00e-05/2.80e-05 | cuda_peak(alloc/resv) 4.09/5.13GB | phase(train/val/raw/train_eval) 2.7/0.4/0.0/0.0s | 3.0s
2026-08-30 19:47:36 | Epoch 032/060 | loss 1.9875 | cls 1.1579 | tal -0.3052 | dual_g 0.9212 | dual_d 0.9527 | train_acc 0.9958 | train_full n/a | val_acc 0.9750 | val_f1 0.9644 | adv/moduleC 1.00/1.00 | disc_steps 15 | grad(main/disc) 4.516/1.664 | lr(main/disc) 8.00e-05/2.80e-05 | cuda_peak(alloc/resv) 4.09/5.13GB | phase(train/val/raw/train_eval) 2.6/0.4/0.0/0.0s | 3.0s
2026-08-30 19:47:39 | Epoch 033/060 | loss 2.0054 | cls 1.1520 | tal -0.2506 | dual_g 0.9286 | dual_d 0.9610 | train_acc 1.0000 | train_full n/a | val_acc 0.9833 | val_f1 0.9847 | adv/moduleC 1.00/1.00 | disc_steps 15 | grad(main/disc) 4.515/1.657 | lr(main/disc) 8.00e-05/2.80e-05 | cuda_peak(alloc/resv) 4.09/5.13GB | phase(train/val/raw/train_eval) 2.6/0.4/0.0/0.0s | 3.0s
2026-08-30 19:47:43 | Epoch 034/060 | loss 1.9817 | cls 1.1541 | tal -0.2858 | dual_g 0.9134 | dual_d 0.9889 | train_acc 1.0000 | train_full n/a | val_acc 0.9833 | val_f1 0.9624 | adv/moduleC 1.00/1.00 | disc_steps 15 | grad(main/disc) 4.175/1.645 | lr(main/disc) 8.00e-05/2.80e-05 | cuda_peak(alloc/resv) 4.09/5.13GB | phase(train/val/raw/train_eval) 2.9/0.4/0.0/0.0s | 3.3s
2026-08-30 19:47:47 | Epoch 035/060 | loss 1.9588 | cls 1.1443 | tal -0.3059 | dual_g 0.9063 | dual_d 0.9782 | train_acc 0.9979 | train_full 0.9978 | val_acc 0.9833 | val_f1 0.9847 | adv/moduleC 1.00/1.00 | disc_steps 15 | grad(main/disc) 3.780/1.643 | lr(main/disc) 8.00e-05/2.80e-05 | cuda_peak(alloc/resv) 4.09/5.13GB | phase(train/val/raw/train_eval) 2.6/0.4/0.4/0.7s | 4.1s
2026-08-30 19:47:50 | Epoch 036/060 | loss 1.9378 | cls 1.1350 | tal -0.3086 | dual_g 0.8954 | dual_d 0.9531 | train_acc 0.9979 | train_full n/a | val_acc 0.9917 | val_f1 0.9917 | adv/moduleC 1.00/1.00 | disc_steps 15 | grad(main/disc) 3.139/1.604 | lr(main/disc) 8.00e-05/2.80e-05 | cuda_peak(alloc/resv) 4.09/5.13GB | phase(train/val/raw/train_eval) 2.7/0.4/0.0/0.0s | 3.1s
2026-08-30 19:47:53 | Epoch 037/060 | loss 1.9334 | cls 1.1377 | tal -0.3429 | dual_g 0.8986 | dual_d 0.9586 | train_acc 1.0000 | train_full n/a | val_acc 0.9833 | val_f1 0.9714 | adv/moduleC 1.00/1.00 | disc_steps 15 | grad(main/disc) 3.617/1.602 | lr(main/disc) 8.00e-05/2.80e-05 | cuda_peak(alloc/resv) 4.09/5.13GB | phase(train/val/raw/train_eval) 2.7/0.4/0.0/0.0s | 3.1s
2026-08-30 19:47:56 | Epoch 038/060 | loss 1.9149 | cls 1.1319 | tal -0.3821 | dual_g 0.8977 | dual_d 0.9683 | train_acc 0.9958 | train_full n/a | val_acc 0.9917 | val_f1 0.9917 | adv/moduleC 1.00/1.00 | disc_steps 15 | grad(main/disc) 3.796/1.622 | lr(main/disc) 8.00e-05/2.80e-05 | cuda_peak(alloc/resv) 4.09/5.13GB | phase(train/val/raw/train_eval) 2.7/0.4/0.0/0.0s | 3.1s
2026-08-30 19:47:59 | Epoch 039/060 | loss 1.9164 | cls 1.1310 | tal -0.3691 | dual_g 0.8961 | dual_d 0.9067 | train_acc 1.0000 | train_full n/a | val_acc 0.9833 | val_f1 0.9757 | adv/moduleC 1.00/1.00 | disc_steps 15 | grad(main/disc) 3.390/1.517 | lr(main/disc) 8.00e-05/2.80e-05 | cuda_peak(alloc/resv) 4.09/5.13GB | phase(train/val/raw/train_eval) 2.6/0.4/0.0/0.0s | 3.0s
2026-08-30 19:48:03 | Epoch 040/060 | loss 1.9225 | cls 1.1404 | tal -0.3724 | dual_g 0.8938 | dual_d 0.9171 | train_acc 1.0000 | train_full 0.9978 | val_acc 0.9917 | val_f1 0.9917 | adv/moduleC 1.00/1.00 | disc_steps 15 | grad(main/disc) 3.872/1.515 | lr(main/disc) 8.00e-05/2.80e-05 | cuda_peak(alloc/resv) 4.09/5.13GB | phase(train/val/raw/train_eval) 2.6/0.4/0.4/0.7s | 4.1s
2026-08-30 19:48:05 | New best val_f1_macro_present: raw=0.9917 stable_score=0.9714 at epoch 40
2026-08-30 19:48:09 | Epoch 041/060 | loss 1.9465 | cls 1.1261 | tal -0.2408 | dual_g 0.8926 | dual_d 0.9127 | train_acc 0.9979 | train_full n/a | val_acc 0.9917 | val_f1 0.9917 | adv/moduleC 1.00/1.00 | disc_steps 15 | grad(main/disc) 4.049/1.515 | lr(main/disc) 8.00e-05/2.80e-05 | cuda_peak(alloc/resv) 4.09/5.13GB | phase(train/val/raw/train_eval) 2.6/0.4/0.4/0.0s | 3.4s
2026-08-30 19:48:11 | New best val_f1_macro_present: raw=0.9917 stable_score=0.9757 at epoch 41
2026-08-30 19:48:14 | Epoch 042/060 | loss 1.8869 | cls 1.1159 | tal -0.3753 | dual_g 0.8836 | dual_d 0.8985 | train_acc 0.9979 | train_full n/a | val_acc 0.9917 | val_f1 0.9917 | adv/moduleC 1.00/1.00 | disc_steps 15 | grad(main/disc) 3.159/1.447 | lr(main/disc) 8.00e-05/2.80e-05 | cuda_peak(alloc/resv) 4.09/5.13GB | phase(train/val/raw/train_eval) 2.7/0.4/0.0/0.0s | 3.1s
2026-08-30 19:48:17 | Epoch 043/060 | loss 1.9165 | cls 1.1309 | tal -0.3540 | dual_g 0.8918 | dual_d 0.9094 | train_acc 0.9958 | train_full n/a | val_acc 0.9833 | val_f1 0.9847 | adv/moduleC 1.00/1.00 | disc_steps 15 | grad(main/disc) 3.741/1.475 | lr(main/disc) 8.00e-05/2.80e-05 | cuda_peak(alloc/resv) 4.09/5.13GB | phase(train/val/raw/train_eval) 2.7/0.4/0.4/0.0s | 3.5s
2026-08-30 19:48:19 | New best val_f1_macro_present: raw=0.9847 stable_score=0.9847 at epoch 43
2026-08-30 19:48:22 | Epoch 044/060 | loss 1.8612 | cls 1.1092 | tal -0.4270 | dual_g 0.8801 | dual_d 0.8932 | train_acc 1.0000 | train_full n/a | val_acc 0.9917 | val_f1 0.9827 | adv/moduleC 1.00/1.00 | disc_steps 15 | grad(main/disc) 2.750/1.437 | lr(main/disc) 8.00e-05/2.80e-05 | cuda_peak(alloc/resv) 4.09/5.13GB | phase(train/val/raw/train_eval) 2.7/0.4/0.0/0.0s | 3.0s
2026-08-30 19:48:26 | Epoch 045/060 | loss 1.8918 | cls 1.1258 | tal -0.3827 | dual_g 0.8808 | dual_d 0.9346 | train_acc 0.9958 | train_full 0.9978 | val_acc 0.9917 | val_f1 0.9917 | adv/moduleC 1.00/1.00 | disc_steps 15 | grad(main/disc) 3.492/1.497 | lr(main/disc) 4.00e-05/1.40e-05 | cuda_peak(alloc/resv) 4.09/5.13GB | phase(train/val/raw/train_eval) 2.6/0.4/0.4/0.6s | 4.0s
2026-08-30 19:48:30 | Epoch 046/060 | loss 1.8537 | cls 1.1081 | tal -0.4339 | dual_g 0.8758 | dual_d 0.8948 | train_acc 0.9979 | train_full n/a | val_acc 0.9833 | val_f1 0.9847 | adv/moduleC 1.00/1.00 | disc_steps 15 | grad(main/disc) 2.661/1.441 | lr(main/disc) 4.00e-05/1.40e-05 | cuda_peak(alloc/resv) 4.09/5.13GB | phase(train/val/raw/train_eval) 2.8/0.4/0.0/0.0s | 3.1s
2026-08-30 19:48:33 | Epoch 047/060 | loss 1.8516 | cls 1.1062 | tal -0.4167 | dual_g 0.8704 | dual_d 0.9138 | train_acc 1.0000 | train_full n/a | val_acc 0.9833 | val_f1 0.9847 | adv/moduleC 1.00/1.00 | disc_steps 15 | grad(main/disc) 2.490/1.417 | lr(main/disc) 4.00e-05/1.40e-05 | cuda_peak(alloc/resv) 4.09/5.13GB | phase(train/val/raw/train_eval) 2.7/0.4/0.0/0.0s | 3.1s
2026-08-30 19:48:36 | Epoch 048/060 | loss 1.8506 | cls 1.1085 | tal -0.4134 | dual_g 0.8661 | dual_d 0.8736 | train_acc 1.0000 | train_full n/a | val_acc 0.9917 | val_f1 0.9917 | adv/moduleC 1.00/1.00 | disc_steps 15 | grad(main/disc) 2.665/1.396 | lr(main/disc) 4.00e-05/1.40e-05 | cuda_peak(alloc/resv) 4.09/5.13GB | phase(train/val/raw/train_eval) 2.6/0.4/0.0/0.0s | 3.0s
2026-08-30 19:48:39 | Epoch 049/060 | loss 1.8446 | cls 1.0983 | tal -0.4152 | dual_g 0.8709 | dual_d 0.8944 | train_acc 1.0000 | train_full n/a | val_acc 0.9917 | val_f1 0.9917 | adv/moduleC 1.00/1.00 | disc_steps 15 | grad(main/disc) 2.542/1.391 | lr(main/disc) 4.00e-05/1.40e-05 | cuda_peak(alloc/resv) 4.09/5.13GB | phase(train/val/raw/train_eval) 2.6/0.4/0.0/0.0s | 3.0s
2026-08-30 19:48:43 | Epoch 050/060 | loss 1.8418 | cls 1.0991 | tal -0.4153 | dual_g 0.8673 | dual_d 0.8766 | train_acc 0.9979 | train_full 0.9978 | val_acc 0.9833 | val_f1 0.9847 | adv/moduleC 1.00/1.00 | disc_steps 15 | grad(main/disc) 2.453/1.383 | lr(main/disc) 4.00e-05/1.40e-05 | cuda_peak(alloc/resv) 4.09/5.13GB | phase(train/val/raw/train_eval) 2.7/0.4/0.4/0.7s | 4.1s
2026-08-30 19:48:46 | Epoch 051/060 | loss 1.8351 | cls 1.0992 | tal -0.4366 | dual_g 0.8669 | dual_d 0.9003 | train_acc 0.9979 | train_full n/a | val_acc 0.9833 | val_f1 0.9847 | adv/moduleC 1.00/1.00 | disc_steps 15 | grad(main/disc) 2.768/1.397 | lr(main/disc) 4.00e-05/1.40e-05 | cuda_peak(alloc/resv) 4.09/5.13GB | phase(train/val/raw/train_eval) 2.8/0.4/0.0/0.0s | 3.2s
2026-08-30 19:48:49 | Epoch 052/060 | loss 1.8226 | cls 1.0950 | tal -0.4372 | dual_g 0.8587 | dual_d 0.9003 | train_acc 1.0000 | train_full n/a | val_acc 0.9917 | val_f1 0.9917 | adv/moduleC 1.00/1.00 | disc_steps 15 | grad(main/disc) 2.152/1.394 | lr(main/disc) 4.00e-05/1.40e-05 | cuda_peak(alloc/resv) 4.09/5.13GB | phase(train/val/raw/train_eval) 2.5/0.4/0.0/0.0s | 2.9s
2026-08-30 19:48:52 | Epoch 053/060 | loss 1.8304 | cls 1.0945 | tal -0.4481 | dual_g 0.8704 | dual_d 0.9166 | train_acc 1.0000 | train_full n/a | val_acc 0.9833 | val_f1 0.9847 | adv/moduleC 1.00/1.00 | disc_steps 15 | grad(main/disc) 2.473/1.420 | lr(main/disc) 4.00e-05/1.40e-05 | cuda_peak(alloc/resv) 4.09/5.13GB | phase(train/val/raw/train_eval) 2.6/0.4/0.0/0.0s | 3.0s
2026-08-30 19:48:55 | Epoch 054/060 | loss 1.8301 | cls 1.0884 | tal -0.3978 | dual_g 0.8611 | dual_d 0.8955 | train_acc 1.0000 | train_full n/a | val_acc 0.9917 | val_f1 0.9917 | adv/moduleC 1.00/1.00 | disc_steps 15 | grad(main/disc) 2.021/1.387 | lr(main/disc) 2.00e-05/7.00e-06 | cuda_peak(alloc/resv) 4.09/5.13GB | phase(train/val/raw/train_eval) 2.8/0.4/0.0/0.0s | 3.1s
2026-08-30 19:48:59 | Epoch 055/060 | loss 1.8468 | cls 1.0969 | tal -0.3723 | dual_g 0.8616 | dual_d 0.8839 | train_acc 1.0000 | train_full 1.0000 | val_acc 0.9917 | val_f1 0.9917 | adv/moduleC 1.00/1.00 | disc_steps 15 | grad(main/disc) 2.342/1.362 | lr(main/disc) 2.00e-05/7.00e-06 | cuda_peak(alloc/resv) 4.09/5.13GB | phase(train/val/raw/train_eval) 2.6/0.4/0.4/0.7s | 4.0s
2026-08-30 19:49:02 | Epoch 056/060 | loss 1.8311 | cls 1.0916 | tal -0.3925 | dual_g 0.8573 | dual_d 0.9028 | train_acc 1.0000 | train_full n/a | val_acc 0.9833 | val_f1 0.9847 | adv/moduleC 1.00/1.00 | disc_steps 15 | grad(main/disc) 2.037/1.380 | lr(main/disc) 2.00e-05/7.00e-06 | cuda_peak(alloc/resv) 4.09/5.13GB | phase(train/val/raw/train_eval) 2.8/0.4/0.0/0.0s | 3.1s
2026-08-30 19:49:05 | Epoch 057/060 | loss 1.8389 | cls 1.0896 | tal -0.3645 | dual_g 0.8587 | dual_d 0.8814 | train_acc 1.0000 | train_full n/a | val_acc 0.9833 | val_f1 0.9847 | adv/moduleC 1.00/1.00 | disc_steps 15 | grad(main/disc) 2.188/1.384 | lr(main/disc) 2.00e-05/7.00e-06 | cuda_peak(alloc/resv) 4.09/5.13GB | phase(train/val/raw/train_eval) 2.6/0.4/0.0/0.0s | 3.0s
2026-08-30 19:49:08 | Epoch 058/060 | loss 1.8215 | cls 1.0929 | tal -0.4231 | dual_g 0.8555 | dual_d 0.8877 | train_acc 1.0000 | train_full n/a | val_acc 0.9917 | val_f1 0.9917 | adv/moduleC 1.00/1.00 | disc_steps 15 | grad(main/disc) 2.188/1.382 | lr(main/disc) 2.00e-05/7.00e-06 | cuda_peak(alloc/resv) 4.09/5.13GB | phase(train/val/raw/train_eval) 2.6/0.4/0.0/0.0s | 3.0s
2026-08-30 19:49:08 | Early stopping at epoch 58 after 15 epochs without val_f1_macro_present improvement.
2026-08-30 19:49:08 | Training complete. Peak validation accuracy: 0.9917 | selected val_f1_macro_present: 0.9847
2026-08-30 19:49:08 | Starting Dual_D standalone training
2026-08-30 19:49:08 | Run directory: runs/module_c_v12_strong_full_gate/module_c_20260830_193928/module_c_full_逆光_20260830_193929
2026-08-30 19:49:08 | Device: cuda
2026-08-30 19:49:08 | Source train samples: 992
2026-08-30 19:49:08 | Target train samples: 132
2026-08-30 19:49:08 | Target val samples: 37
2026-08-30 19:49:08 | Classes: 14
2026-08-30 19:49:08 | Data audit: same_dir=False | path_overlap(vis/ir/ais)=0/0/0 | content_overlap(vis/ir/ais)=0/0/0 | ais_index_overlap=0 | stem_mismatch(vis-ir/vis-ais)=157/0
2026-08-30 19:49:08 | source_train classes: present 14/14 | absent 0 | counts [0:120, 1:44, 2:69, 3:45, 4:40, 5:30, 6:64, 7:80, 8:116, 9:68, 10:57, 11:83, 12:48, 13:128]
2026-08-30 19:49:08 | target_train classes: present 9/14 | absent 5 | counts [0:20, 2:12, 4:12, 5:2, 9:16, 10:16, 11:29, 12:4, 13:21]
2026-08-30 19:49:08 | target_val classes: present 9/14 | absent 5 | counts [0:6, 2:3, 4:4, 5:1, 9:4, 10:4, 11:8, 12:1, 13:6]
2026-08-30 19:49:08 | Paired training classes: 9/14 | class ids [0, 2, 4, 5, 9, 10, 11, 12, 13]
2026-08-30 19:49:08 | Runtime profile: batch=16 | paired_steps=9 | workers=16 | train_eval_every=5 | raw_eval_every=5 | stability_window=4 | lr_scheduler_start=28 | checkpoint_select_from=40 | early_stop=15 after min_epoch=50
2026-08-30 19:49:08 | Augmentation profile: base=0.720 | visible=0.780 | infrared=0.500 | freeze_frozen_batch_norm_stats=True
2026-08-30 19:49:08 | VIS/IR pairing: class-level-unpaired | count-mismatch classes train/val: 10/1 | AIS alignment: none | AIS rows train/val: 0/0
2026-08-30 19:49:09 | Effective Dual-D loss weights: {"adv_auxiliary": 0.025, "adv_primary": 0.025, "classification": 0.15, "contrastive": 0.02, "cycle": 0.12, "identity": 0.03, "prototype_contrastive": 0.06}
2026-08-30 19:49:09 | Model parameters: total=17277714 | trainable=17120210
Starting run 4/12: domain=逆光, iteration=1, seed=45
2026-08-30 19:49:11 | Epoch 001/060 | loss 5.8127 | cls 5.8928 | tal -0.2669 | dual_g 0.0000 | dual_d 0.0000 | train_acc 0.0625 | train_full 0.0152 | val_acc 0.0270 | val_f1 0.0247 | adv/moduleC 0.00/0.00 | disc_steps 0 | grad(main/disc) 32.203/0.000 | lr(main/disc) 6.00e-05/2.40e-05 | cuda_peak(alloc/resv) 4.09/5.13GB | phase(train/val/raw/train_eval) 1.2/0.4/0.4/0.4s | 2.4s
2026-08-30 19:49:13 | Epoch 002/060 | loss 4.8964 | cls 4.9957 | tal -0.3310 | dual_g 0.0000 | dual_d 0.0000 | train_acc 0.1528 | train_full n/a | val_acc 0.1622 | val_f1 0.1460 | adv/moduleC 0.00/0.00 | disc_steps 0 | grad(main/disc) 26.969/0.000 | lr(main/disc) 6.00e-05/2.40e-05 | cuda_peak(alloc/resv) 4.09/5.13GB | phase(train/val/raw/train_eval) 1.1/0.4/0.0/0.0s | 1.5s
2026-08-30 19:49:14 | Epoch 003/060 | loss 4.3695 | cls 4.4626 | tal -0.3103 | dual_g 0.0000 | dual_d 0.0000 | train_acc 0.2222 | train_full n/a | val_acc 0.3514 | val_f1 0.3605 | adv/moduleC 0.00/0.00 | disc_steps 0 | grad(main/disc) 24.245/0.000 | lr(main/disc) 6.00e-05/2.40e-05 | cuda_peak(alloc/resv) 4.09/5.13GB | phase(train/val/raw/train_eval) 1.0/0.4/0.0/0.0s | 1.4s
2026-08-30 19:49:16 | Epoch 004/060 | loss 4.1927 | cls 4.2790 | tal -0.2877 | dual_g 0.0000 | dual_d 0.0000 | train_acc 0.2431 | train_full n/a | val_acc 0.4054 | val_f1 0.5073 | adv/moduleC 0.00/0.00 | disc_steps 0 | grad(main/disc) 23.135/0.000 | lr(main/disc) 6.00e-05/2.40e-05 | cuda_peak(alloc/resv) 4.09/5.13GB | phase(train/val/raw/train_eval) 1.0/0.4/0.0/0.0s | 1.4s
2026-08-30 19:49:18 | Epoch 005/060 | loss 3.8552 | cls 3.9130 | tal -0.1928 | dual_g 0.0000 | dual_d 0.0000 | train_acc 0.2500 | train_full 0.6061 | val_acc 0.4865 | val_f1 0.5000 | adv/moduleC 0.00/0.00 | disc_steps 0 | grad(main/disc) 22.464/0.000 | lr(main/disc) 6.00e-05/2.40e-05 | cuda_peak(alloc/resv) 4.09/5.13GB | phase(train/val/raw/train_eval) 1.1/0.4/0.4/0.4s | 2.3s
2026-08-30 19:49:19 | Epoch 006/060 | loss 3.5699 | cls 3.6306 | tal -0.2023 | dual_g 0.0000 | dual_d 0.0000 | train_acc 0.4028 | train_full n/a | val_acc 0.5946 | val_f1 0.6128 | adv/moduleC 0.00/0.00 | disc_steps 0 | grad(main/disc) 21.223/0.000 | lr(main/disc) 6.00e-05/2.40e-05 | cuda_peak(alloc/resv) 4.09/5.13GB | phase(train/val/raw/train_eval) 1.1/0.4/0.0/0.0s | 1.5s
2026-08-30 19:49:21 | Epoch 007/060 | loss 3.4665 | cls 3.4687 | tal -0.2103 | dual_g 0.0609 | dual_d 0.0000 | train_acc 0.3819 | train_full n/a | val_acc 0.7568 | val_f1 0.7700 | adv/moduleC 0.00/0.07 | disc_steps 0 | grad(main/disc) 20.937/0.000 | lr(main/disc) 6.00e-05/2.40e-05 | cuda_peak(alloc/resv) 4.09/5.13GB | phase(train/val/raw/train_eval) 1.2/0.4/0.0/0.0s | 1.5s
2026-08-30 19:49:22 | Epoch 008/060 | loss 3.3432 | cls 3.2810 | tal -0.1727 | dual_g 0.1141 | dual_d 0.0000 | train_acc 0.4722 | train_full n/a | val_acc 0.6757 | val_f1 0.6748 | adv/moduleC 0.00/0.14 | disc_steps 0 | grad(main/disc) 20.589/0.000 | lr(main/disc) 6.00e-05/2.40e-05 | cuda_peak(alloc/resv) 4.09/5.13GB | phase(train/val/raw/train_eval) 1.0/0.4/0.0/0.0s | 1.4s
2026-08-30 19:49:24 | Epoch 009/060 | loss 3.1237 | cls 3.0251 | tal -0.2192 | dual_g 0.1644 | dual_d 0.7416 | train_acc 0.4236 | train_full n/a | val_acc 0.5405 | val_f1 0.5724 | adv/moduleC 0.05/0.21 | disc_steps 4 | grad(main/disc) 19.373/2.030 | lr(main/disc) 6.00e-05/2.40e-05 | cuda_peak(alloc/resv) 4.09/5.13GB | phase(train/val/raw/train_eval) 1.0/0.4/0.0/0.0s | 1.3s
2026-08-30 19:49:26 | Epoch 010/060 | loss 3.2421 | cls 3.0869 | tal -0.2165 | dual_g 0.2201 | dual_d 0.7320 | train_acc 0.5139 | train_full 0.7348 | val_acc 0.7027 | val_f1 0.7244 | adv/moduleC 0.10/0.29 | disc_steps 4 | grad(main/disc) 20.302/1.959 | lr(main/disc) 6.00e-05/2.40e-05 | cuda_peak(alloc/resv) 4.09/5.13GB | phase(train/val/raw/train_eval) 1.1/0.4/0.4/0.4s | 2.3s
2026-08-30 19:49:27 | Epoch 011/060 | loss 2.9624 | cls 2.7557 | tal -0.1841 | dual_g 0.2619 | dual_d 0.7495 | train_acc 0.5069 | train_full n/a | val_acc 0.7568 | val_f1 0.7759 | adv/moduleC 0.15/0.36 | disc_steps 4 | grad(main/disc) 18.624/1.929 | lr(main/disc) 6.00e-05/2.40e-05 | cuda_peak(alloc/resv) 4.09/5.13GB | phase(train/val/raw/train_eval) 1.0/0.4/0.0/0.0s | 1.3s
2026-08-30 19:49:29 | Epoch 012/060 | loss 3.1526 | cls 2.9014 | tal -0.2142 | dual_g 0.3155 | dual_d 0.8059 | train_acc 0.5972 | train_full n/a | val_acc 0.8108 | val_f1 0.8211 | adv/moduleC 0.20/0.43 | disc_steps 4 | grad(main/disc) 20.587/2.095 | lr(main/disc) 6.00e-05/2.40e-05 | cuda_peak(alloc/resv) 4.09/5.13GB | phase(train/val/raw/train_eval) 1.0/0.4/0.0/0.0s | 1.4s
2026-08-30 19:49:30 | Epoch 013/060 | loss 2.9329 | cls 2.6412 | tal -0.2369 | dual_g 0.3628 | dual_d 0.7504 | train_acc 0.6944 | train_full n/a | val_acc 0.7568 | val_f1 0.7605 | adv/moduleC 0.25/0.50 | disc_steps 4 | grad(main/disc) 18.298/1.902 | lr(main/disc) 6.00e-05/2.40e-05 | cuda_peak(alloc/resv) 4.09/5.13GB | phase(train/val/raw/train_eval) 1.2/0.4/0.0/0.0s | 1.6s
2026-08-30 19:49:32 | Epoch 014/060 | loss 3.0896 | cls 2.7346 | tal -0.1378 | dual_g 0.3963 | dual_d 0.7710 | train_acc 0.5625 | train_full n/a | val_acc 0.8649 | val_f1 0.8833 | adv/moduleC 0.30/0.57 | disc_steps 4 | grad(main/disc) 20.477/1.993 | lr(main/disc) 6.00e-05/2.40e-05 | cuda_peak(alloc/resv) 4.09/5.13GB | phase(train/val/raw/train_eval) 0.9/0.4/0.0/0.0s | 1.3s
2026-08-30 19:49:34 | Epoch 015/060 | loss 3.0123 | cls 2.5971 | tal -0.0914 | dual_g 0.4426 | dual_d 0.7283 | train_acc 0.6806 | train_full 0.7576 | val_acc 0.7838 | val_f1 0.7743 | adv/moduleC 0.35/0.64 | disc_steps 4 | grad(main/disc) 19.027/1.930 | lr(main/disc) 6.00e-05/2.40e-05 | cuda_peak(alloc/resv) 4.09/5.13GB | phase(train/val/raw/train_eval) 1.2/0.4/0.4/0.4s | 2.4s
2026-08-30 19:49:35 | Epoch 016/060 | loss 3.0308 | cls 2.5729 | tal -0.0683 | dual_g 0.4784 | dual_d 0.6854 | train_acc 0.6181 | train_full n/a | val_acc 0.7297 | val_f1 0.7536 | adv/moduleC 0.40/0.71 | disc_steps 4 | grad(main/disc) 19.049/1.862 | lr(main/disc) 6.00e-05/2.40e-05 | cuda_peak(alloc/resv) 4.09/5.13GB | phase(train/val/raw/train_eval) 0.9/0.4/0.0/0.0s | 1.3s
2026-08-30 19:49:37 | Epoch 017/060 | loss 3.0884 | cls 2.6017 | tal -0.1168 | dual_g 0.5218 | dual_d 0.7808 | train_acc 0.6736 | train_full n/a | val_acc 0.8378 | val_f1 0.8402 | adv/moduleC 0.45/0.79 | disc_steps 4 | grad(main/disc) 20.455/1.976 | lr(main/disc) 6.00e-05/2.40e-05 | cuda_peak(alloc/resv) 4.09/5.13GB | phase(train/val/raw/train_eval) 1.0/0.4/0.0/0.0s | 1.4s
2026-08-30 19:49:38 | Epoch 018/060 | loss 2.9417 | cls 2.4372 | tal -0.1352 | dual_g 0.5450 | dual_d 0.7359 | train_acc 0.7153 | train_full n/a | val_acc 0.8378 | val_f1 0.8298 | adv/moduleC 0.50/0.86 | disc_steps 4 | grad(main/disc) 18.519/1.866 | lr(main/disc) 6.00e-05/2.40e-05 | cuda_peak(alloc/resv) 4.09/5.13GB | phase(train/val/raw/train_eval) 1.0/0.4/0.0/0.0s | 1.4s
2026-08-30 19:49:39 | Epoch 019/060 | loss 2.9396 | cls 2.4313 | tal -0.1957 | dual_g 0.5670 | dual_d 0.7596 | train_acc 0.6944 | train_full n/a | val_acc 0.8919 | val_f1 0.8767 | adv/moduleC 0.55/0.93 | disc_steps 4 | grad(main/disc) 18.910/1.899 | lr(main/disc) 6.00e-05/2.40e-05 | cuda_peak(alloc/resv) 4.09/5.13GB | phase(train/val/raw/train_eval) 1.0/0.4/0.0/0.0s | 1.4s
2026-08-30 19:49:42 | Epoch 020/060 | loss 2.8357 | cls 2.2841 | tal -0.2378 | dual_g 0.6229 | dual_d 0.7923 | train_acc 0.7569 | train_full 0.9318 | val_acc 0.9189 | val_f1 0.9327 | adv/moduleC 0.60/1.00 | disc_steps 4 | grad(main/disc) 18.711/1.928 | lr(main/disc) 6.00e-05/2.40e-05 | cuda_peak(alloc/resv) 4.09/5.13GB | phase(train/val/raw/train_eval) 1.1/0.4/0.4/0.4s | 2.3s
2026-08-30 19:49:43 | Epoch 021/060 | loss 2.7925 | cls 2.2243 | tal -0.1294 | dual_g 0.6070 | dual_d 0.7579 | train_acc 0.7500 | train_full n/a | val_acc 0.9189 | val_f1 0.9238 | adv/moduleC 0.65/1.00 | disc_steps 4 | grad(main/disc) 17.836/1.856 | lr(main/disc) 6.00e-05/2.40e-05 | cuda_peak(alloc/resv) 4.09/5.13GB | phase(train/val/raw/train_eval) 1.0/0.4/0.0/0.0s | 1.4s
2026-08-30 19:49:45 | Epoch 022/060 | loss 2.8111 | cls 2.2251 | tal -0.1022 | dual_g 0.6167 | dual_d 0.7480 | train_acc 0.8264 | train_full n/a | val_acc 0.9189 | val_f1 0.9334 | adv/moduleC 0.70/1.00 | disc_steps 4 | grad(main/disc) 18.554/1.919 | lr(main/disc) 6.00e-05/2.40e-05 | cuda_peak(alloc/resv) 4.09/5.13GB | phase(train/val/raw/train_eval) 1.0/0.4/0.0/0.0s | 1.4s
2026-08-30 19:49:46 | Epoch 023/060 | loss 2.6226 | cls 2.0427 | tal 0.0137 | dual_g 0.5759 | dual_d 0.7056 | train_acc 0.8264 | train_full n/a | val_acc 0.9459 | val_f1 0.9578 | adv/moduleC 0.75/1.00 | disc_steps 4 | grad(main/disc) 15.955/1.785 | lr(main/disc) 6.00e-05/2.40e-05 | cuda_peak(alloc/resv) 4.09/5.13GB | phase(train/val/raw/train_eval) 1.1/0.4/0.0/0.0s | 1.5s
2026-08-30 19:49:48 | Epoch 024/060 | loss 2.6201 | cls 2.0666 | tal -0.0578 | dual_g 0.5709 | dual_d 0.8245 | train_acc 0.7778 | train_full n/a | val_acc 0.9730 | val_f1 0.9776 | adv/moduleC 0.80/1.00 | disc_steps 4 | grad(main/disc) 15.711/1.972 | lr(main/disc) 6.00e-05/2.40e-05 | cuda_peak(alloc/resv) 4.09/5.13GB | phase(train/val/raw/train_eval) 1.2/0.4/0.0/0.0s | 1.6s
2026-08-30 19:49:50 | Epoch 025/060 | loss 2.6075 | cls 2.0853 | tal -0.1208 | dual_g 0.5584 | dual_d 0.7770 | train_acc 0.7292 | train_full 0.9318 | val_acc 0.9189 | val_f1 0.9127 | adv/moduleC 0.85/1.00 | disc_steps 4 | grad(main/disc) 16.508/1.900 | lr(main/disc) 6.00e-05/2.40e-05 | cuda_peak(alloc/resv) 4.09/5.13GB | phase(train/val/raw/train_eval) 1.0/0.4/0.4/0.4s | 2.2s
2026-08-30 19:49:51 | Epoch 026/060 | loss 2.4637 | cls 1.9664 | tal -0.1375 | dual_g 0.5386 | dual_d 0.8224 | train_acc 0.8264 | train_full n/a | val_acc 0.9459 | val_f1 0.9331 | adv/moduleC 0.90/1.00 | disc_steps 4 | grad(main/disc) 16.097/1.936 | lr(main/disc) 6.00e-05/2.40e-05 | cuda_peak(alloc/resv) 4.09/5.13GB | phase(train/val/raw/train_eval) 1.0/0.4/0.0/0.0s | 1.4s
2026-08-30 19:49:53 | Epoch 027/060 | loss 2.3755 | cls 1.8890 | tal -0.1424 | dual_g 0.5292 | dual_d 0.7279 | train_acc 0.8403 | train_full n/a | val_acc 0.9189 | val_f1 0.9358 | adv/moduleC 0.95/1.00 | disc_steps 4 | grad(main/disc) 14.694/1.788 | lr(main/disc) 6.00e-05/2.40e-05 | cuda_peak(alloc/resv) 4.09/5.13GB | phase(train/val/raw/train_eval) 1.2/0.4/0.0/0.0s | 1.6s
2026-08-30 19:49:54 | Epoch 028/060 | loss 2.6855 | cls 2.1302 | tal -0.0763 | dual_g 0.5782 | dual_d 0.7870 | train_acc 0.8333 | train_full n/a | val_acc 0.9459 | val_f1 0.9578 | adv/moduleC 1.00/1.00 | disc_steps 4 | grad(main/disc) 17.455/1.884 | lr(main/disc) 6.00e-05/2.40e-05 | cuda_peak(alloc/resv) 4.09/5.13GB | phase(train/val/raw/train_eval) 1.1/0.4/0.0/0.0s | 1.5s
2026-08-30 19:49:56 | Epoch 029/060 | loss 2.4826 | cls 1.9341 | tal -0.0287 | dual_g 0.5571 | dual_d 0.7790 | train_acc 0.8472 | train_full n/a | val_acc 0.9189 | val_f1 0.9358 | adv/moduleC 1.00/1.00 | disc_steps 4 | grad(main/disc) 14.676/1.900 | lr(main/disc) 6.00e-05/2.40e-05 | cuda_peak(alloc/resv) 4.09/5.13GB | phase(train/val/raw/train_eval) 1.0/0.4/0.0/0.0s | 1.4s
2026-08-30 19:49:58 | Epoch 030/060 | loss 2.3375 | cls 1.8260 | tal -0.0378 | dual_g 0.5228 | dual_d 0.7776 | train_acc 0.8333 | train_full 0.9773 | val_acc 0.9189 | val_f1 0.9358 | adv/moduleC 1.00/1.00 | disc_steps 4 | grad(main/disc) 14.882/1.872 | lr(main/disc) 6.00e-05/2.40e-05 | cuda_peak(alloc/resv) 4.09/5.13GB | phase(train/val/raw/train_eval) 1.0/0.4/0.4/0.4s | 2.2s
2026-08-30 19:49:59 | Epoch 031/060 | loss 2.3798 | cls 1.8656 | tal -0.0654 | dual_g 0.5338 | dual_d 0.7651 | train_acc 0.8889 | train_full n/a | val_acc 0.9459 | val_f1 0.9556 | adv/moduleC 1.00/1.00 | disc_steps 4 | grad(main/disc) 15.059/1.830 | lr(main/disc) 6.00e-05/2.40e-05 | cuda_peak(alloc/resv) 4.09/5.13GB | phase(train/val/raw/train_eval) 1.0/0.4/0.0/0.0s | 1.4s
2026-08-30 19:50:01 | Epoch 032/060 | loss 2.4014 | cls 1.8871 | tal -0.0384 | dual_g 0.5258 | dual_d 0.7671 | train_acc 0.8194 | train_full n/a | val_acc 0.9730 | val_f1 0.9776 | adv/moduleC 1.00/1.00 | disc_steps 4 | grad(main/disc) 16.100/1.811 | lr(main/disc) 6.00e-05/2.40e-05 | cuda_peak(alloc/resv) 4.09/5.13GB | phase(train/val/raw/train_eval) 1.4/0.4/0.0/0.0s | 1.7s
2026-08-30 19:50:02 | Epoch 033/060 | loss 2.2471 | cls 1.7920 | tal -0.1507 | dual_g 0.5003 | dual_d 0.8214 | train_acc 0.8958 | train_full n/a | val_acc 0.9730 | val_f1 0.9776 | adv/moduleC 1.00/1.00 | disc_steps 4 | grad(main/disc) 14.561/1.895 | lr(main/disc) 6.00e-05/2.40e-05 | cuda_peak(alloc/resv) 4.09/5.13GB | phase(train/val/raw/train_eval) 1.0/0.4/0.0/0.0s | 1.4s
2026-08-30 19:50:04 | Epoch 034/060 | loss 2.3066 | cls 1.8093 | tal -0.0225 | dual_g 0.5041 | dual_d 0.7306 | train_acc 0.8819 | train_full n/a | val_acc 0.9459 | val_f1 0.9578 | adv/moduleC 1.00/1.00 | disc_steps 4 | grad(main/disc) 14.178/1.797 | lr(main/disc) 6.00e-05/2.40e-05 | cuda_peak(alloc/resv) 4.09/5.13GB | phase(train/val/raw/train_eval) 0.9/0.4/0.0/0.0s | 1.3s
2026-08-30 19:50:06 | Epoch 035/060 | loss 2.1379 | cls 1.6846 | tal -0.0761 | dual_g 0.4762 | dual_d 0.8251 | train_acc 0.9236 | train_full 0.9773 | val_acc 0.9730 | val_f1 0.9776 | adv/moduleC 1.00/1.00 | disc_steps 4 | grad(main/disc) 13.193/1.882 | lr(main/disc) 6.00e-05/2.40e-05 | cuda_peak(alloc/resv) 4.09/5.13GB | phase(train/val/raw/train_eval) 1.1/0.4/0.4/0.4s | 2.2s
2026-08-30 19:50:07 | Epoch 036/060 | loss 2.1821 | cls 1.7335 | tal -0.1154 | dual_g 0.4833 | dual_d 0.7989 | train_acc 0.9028 | train_full n/a | val_acc 0.9459 | val_f1 0.9578 | adv/moduleC 1.00/1.00 | disc_steps 4 | grad(main/disc) 13.383/1.869 | lr(main/disc) 6.00e-05/2.40e-05 | cuda_peak(alloc/resv) 4.09/5.13GB | phase(train/val/raw/train_eval) 1.1/0.4/0.0/0.0s | 1.5s
2026-08-30 19:50:09 | Epoch 037/060 | loss 2.1115 | cls 1.6701 | tal -0.1661 | dual_g 0.4912 | dual_d 0.8038 | train_acc 0.9167 | train_full n/a | val_acc 0.9459 | val_f1 0.9578 | adv/moduleC 1.00/1.00 | disc_steps 4 | grad(main/disc) 12.244/1.890 | lr(main/disc) 6.00e-05/2.40e-05 | cuda_peak(alloc/resv) 4.09/5.13GB | phase(train/val/raw/train_eval) 1.0/0.3/0.0/0.0s | 1.4s
2026-08-30 19:50:10 | Epoch 038/060 | loss 2.0943 | cls 1.6516 | tal -0.1213 | dual_g 0.4791 | dual_d 0.8693 | train_acc 0.8958 | train_full n/a | val_acc 0.9459 | val_f1 0.9578 | adv/moduleC 1.00/1.00 | disc_steps 4 | grad(main/disc) 12.070/1.942 | lr(main/disc) 6.00e-05/2.40e-05 | cuda_peak(alloc/resv) 4.09/5.13GB | phase(train/val/raw/train_eval) 1.2/0.4/0.0/0.0s | 1.5s
2026-08-30 19:50:12 | Epoch 039/060 | loss 2.0845 | cls 1.6320 | tal -0.0630 | dual_g 0.4715 | dual_d 0.8151 | train_acc 0.8750 | train_full n/a | val_acc 0.9730 | val_f1 0.9776 | adv/moduleC 1.00/1.00 | disc_steps 4 | grad(main/disc) 11.905/1.853 | lr(main/disc) 6.00e-05/2.40e-05 | cuda_peak(alloc/resv) 4.09/5.13GB | phase(train/val/raw/train_eval) 1.2/0.4/0.0/0.0s | 1.6s
2026-08-30 19:50:14 | Epoch 040/060 | loss 2.0715 | cls 1.6236 | tal -0.0509 | dual_g 0.4632 | dual_d 0.7831 | train_acc 0.9514 | train_full 0.9924 | val_acc 0.9730 | val_f1 0.9776 | adv/moduleC 1.00/1.00 | disc_steps 4 | grad(main/disc) 12.080/1.798 | lr(main/disc) 6.00e-05/2.40e-05 | cuda_peak(alloc/resv) 4.09/5.13GB | phase(train/val/raw/train_eval) 1.1/0.4/0.4/0.5s | 2.3s
2026-08-30 19:50:16 | New best val_f1_macro_present: raw=0.9776 stable_score=0.9578 at epoch 40
2026-08-30 19:50:18 | Epoch 041/060 | loss 2.0059 | cls 1.5812 | tal -0.1316 | dual_g 0.4641 | dual_d 0.7686 | train_acc 0.9097 | train_full n/a | val_acc 1.0000 | val_f1 1.0000 | adv/moduleC 1.00/1.00 | disc_steps 4 | grad(main/disc) 11.633/1.792 | lr(main/disc) 6.00e-05/2.40e-05 | cuda_peak(alloc/resv) 4.09/5.13GB | phase(train/val/raw/train_eval) 1.1/0.4/0.0/0.0s | 1.4s
2026-08-30 19:50:20 | Epoch 042/060 | loss 1.9616 | cls 1.5353 | tal -0.0814 | dual_g 0.4508 | dual_d 0.8628 | train_acc 0.9514 | train_full n/a | val_acc 1.0000 | val_f1 1.0000 | adv/moduleC 1.00/1.00 | disc_steps 4 | grad(main/disc) 10.076/1.886 | lr(main/disc) 6.00e-05/2.40e-05 | cuda_peak(alloc/resv) 4.09/5.13GB | phase(train/val/raw/train_eval) 1.0/0.4/0.4/0.0s | 1.7s
2026-08-30 19:50:22 | New best val_f1_macro_present: raw=1.0000 stable_score=0.9776 at epoch 42
2026-08-30 19:50:23 | Epoch 043/060 | loss 2.0325 | cls 1.6319 | tal -0.2051 | dual_g 0.4621 | dual_d 0.7881 | train_acc 0.9653 | train_full n/a | val_acc 0.9730 | val_f1 0.9776 | adv/moduleC 1.00/1.00 | disc_steps 4 | grad(main/disc) 12.901/1.828 | lr(main/disc) 6.00e-05/2.40e-05 | cuda_peak(alloc/resv) 4.09/5.13GB | phase(train/val/raw/train_eval) 1.0/0.4/0.0/0.0s | 1.4s
2026-08-30 19:50:24 | Epoch 044/060 | loss 1.9386 | cls 1.5422 | tal -0.1450 | dual_g 0.4400 | dual_d 0.8435 | train_acc 0.9722 | train_full n/a | val_acc 0.9730 | val_f1 0.9776 | adv/moduleC 1.00/1.00 | disc_steps 4 | grad(main/disc) 10.332/1.868 | lr(main/disc) 6.00e-05/2.40e-05 | cuda_peak(alloc/resv) 4.09/5.13GB | phase(train/val/raw/train_eval) 1.0/0.4/0.0/0.0s | 1.3s
2026-08-30 19:50:27 | Epoch 045/060 | loss 1.9766 | cls 1.5862 | tal -0.1828 | dual_g 0.4453 | dual_d 0.8556 | train_acc 0.9375 | train_full 0.9924 | val_acc 0.9730 | val_f1 0.9776 | adv/moduleC 1.00/1.00 | disc_steps 4 | grad(main/disc) 12.696/1.826 | lr(main/disc) 6.00e-05/2.40e-05 | cuda_peak(alloc/resv) 4.09/5.13GB | phase(train/val/raw/train_eval) 1.1/0.4/0.4/0.4s | 2.3s
2026-08-30 19:50:28 | Epoch 046/060 | loss 1.9814 | cls 1.5810 | tal -0.1368 | dual_g 0.4415 | dual_d 0.8991 | train_acc 0.9722 | train_full n/a | val_acc 0.9459 | val_f1 0.9578 | adv/moduleC 1.00/1.00 | disc_steps 4 | grad(main/disc) 11.650/1.989 | lr(main/disc) 6.00e-05/2.40e-05 | cuda_peak(alloc/resv) 4.09/5.13GB | phase(train/val/raw/train_eval) 1.2/0.4/0.0/0.0s | 1.6s
2026-08-30 19:50:30 | Epoch 047/060 | loss 1.9172 | cls 1.5483 | tal -0.2241 | dual_g 0.4362 | dual_d 0.8307 | train_acc 0.9722 | train_full n/a | val_acc 0.9730 | val_f1 0.9802 | adv/moduleC 1.00/1.00 | disc_steps 4 | grad(main/disc) 10.330/1.821 | lr(main/disc) 6.00e-05/2.40e-05 | cuda_peak(alloc/resv) 4.09/5.13GB | phase(train/val/raw/train_eval) 1.2/0.4/0.0/0.0s | 1.5s
2026-08-30 19:50:31 | Epoch 048/060 | loss 1.9043 | cls 1.5724 | tal -0.3265 | dual_g 0.4299 | dual_d 0.9315 | train_acc 0.9514 | train_full n/a | val_acc 0.9730 | val_f1 0.9776 | adv/moduleC 1.00/1.00 | disc_steps 4 | grad(main/disc) 11.252/1.982 | lr(main/disc) 6.00e-05/2.40e-05 | cuda_peak(alloc/resv) 4.09/5.13GB | phase(train/val/raw/train_eval) 1.2/0.4/0.0/0.0s | 1.5s
2026-08-30 19:50:33 | Epoch 049/060 | loss 1.8970 | cls 1.5421 | tal -0.2944 | dual_g 0.4433 | dual_d 0.9757 | train_acc 0.9444 | train_full n/a | val_acc 1.0000 | val_f1 1.0000 | adv/moduleC 1.00/1.00 | disc_steps 4 | grad(main/disc) 11.676/2.075 | lr(main/disc) 6.00e-05/2.40e-05 | cuda_peak(alloc/resv) 4.09/5.13GB | phase(train/val/raw/train_eval) 1.0/0.4/0.0/0.0s | 1.4s
2026-08-30 19:50:35 | Epoch 050/060 | loss 1.8199 | cls 1.4848 | tal -0.2833 | dual_g 0.4201 | dual_d 0.9544 | train_acc 0.9722 | train_full 0.9924 | val_acc 1.0000 | val_f1 1.0000 | adv/moduleC 1.00/1.00 | disc_steps 4 | grad(main/disc) 9.634/1.963 | lr(main/disc) 3.00e-05/1.20e-05 | cuda_peak(alloc/resv) 4.09/5.13GB | phase(train/val/raw/train_eval) 0.9/0.4/0.4/0.4s | 2.2s
2026-08-30 19:50:36 | Epoch 051/060 | loss 1.9006 | cls 1.5152 | tal -0.1532 | dual_g 0.4314 | dual_d 0.9256 | train_acc 0.9444 | train_full n/a | val_acc 1.0000 | val_f1 1.0000 | adv/moduleC 1.00/1.00 | disc_steps 4 | grad(main/disc) 10.307/1.915 | lr(main/disc) 3.00e-05/1.20e-05 | cuda_peak(alloc/resv) 4.09/5.13GB | phase(train/val/raw/train_eval) 1.1/0.4/0.0/0.0s | 1.4s
2026-08-30 19:50:38 | Epoch 052/060 | loss 1.9731 | cls 1.5879 | tal -0.2018 | dual_g 0.4458 | dual_d 0.9607 | train_acc 0.9306 | train_full n/a | val_acc 1.0000 | val_f1 1.0000 | adv/moduleC 1.00/1.00 | disc_steps 4 | grad(main/disc) 11.702/1.965 | lr(main/disc) 3.00e-05/1.20e-05 | cuda_peak(alloc/resv) 4.09/5.13GB | phase(train/val/raw/train_eval) 0.9/0.4/0.4/0.0s | 1.7s
2026-08-30 19:50:40 | New best val_f1_macro_present: raw=1.0000 stable_score=1.0000 at epoch 52
2026-08-30 19:50:41 | Epoch 053/060 | loss 1.8827 | cls 1.5437 | tal -0.2594 | dual_g 0.4168 | dual_d 0.9142 | train_acc 0.9583 | train_full n/a | val_acc 1.0000 | val_f1 1.0000 | adv/moduleC 1.00/1.00 | disc_steps 4 | grad(main/disc) 10.019/1.882 | lr(main/disc) 3.00e-05/1.20e-05 | cuda_peak(alloc/resv) 4.09/5.13GB | phase(train/val/raw/train_eval) 0.9/0.4/0.0/0.0s | 1.3s
2026-08-30 19:50:43 | Epoch 054/060 | loss 1.8286 | cls 1.4794 | tal -0.2514 | dual_g 0.4247 | dual_d 0.8721 | train_acc 0.9653 | train_full n/a | val_acc 1.0000 | val_f1 1.0000 | adv/moduleC 1.00/1.00 | disc_steps 4 | grad(main/disc) 9.590/1.851 | lr(main/disc) 3.00e-05/1.20e-05 | cuda_peak(alloc/resv) 4.09/5.13GB | phase(train/val/raw/train_eval) 1.2/0.4/0.0/0.0s | 1.6s
2026-08-30 19:50:45 | Epoch 055/060 | loss 1.8052 | cls 1.4598 | tal -0.2677 | dual_g 0.4257 | dual_d 0.8620 | train_acc 0.9722 | train_full 0.9924 | val_acc 1.0000 | val_f1 1.0000 | adv/moduleC 1.00/1.00 | disc_steps 4 | grad(main/disc) 9.049/1.808 | lr(main/disc) 3.00e-05/1.20e-05 | cuda_peak(alloc/resv) 4.09/5.13GB | phase(train/val/raw/train_eval) 1.2/0.4/0.4/0.5s | 2.5s
2026-08-30 19:50:47 | Epoch 056/060 | loss 1.8553 | cls 1.5147 | tal -0.2551 | dual_g 0.4171 | dual_d 0.8884 | train_acc 0.9653 | train_full n/a | val_acc 1.0000 | val_f1 1.0000 | adv/moduleC 1.00/1.00 | disc_steps 4 | grad(main/disc) 10.547/1.917 | lr(main/disc) 3.00e-05/1.20e-05 | cuda_peak(alloc/resv) 4.09/5.13GB | phase(train/val/raw/train_eval) 1.0/0.6/0.0/0.0s | 1.6s
2026-08-30 19:50:49 | Epoch 057/060 | loss 1.8066 | cls 1.4776 | tal -0.2839 | dual_g 0.4142 | dual_d 0.9783 | train_acc 0.9653 | train_full n/a | val_acc 1.0000 | val_f1 1.0000 | adv/moduleC 1.00/1.00 | disc_steps 4 | grad(main/disc) 9.031/1.968 | lr(main/disc) 3.00e-05/1.20e-05 | cuda_peak(alloc/resv) 4.09/5.13GB | phase(train/val/raw/train_eval) 1.3/0.4/0.0/0.0s | 1.7s
2026-08-30 19:50:50 | Epoch 058/060 | loss 1.8154 | cls 1.4806 | tal -0.2374 | dual_g 0.4060 | dual_d 0.9808 | train_acc 0.9583 | train_full n/a | val_acc 1.0000 | val_f1 1.0000 | adv/moduleC 1.00/1.00 | disc_steps 4 | grad(main/disc) 9.294/2.010 | lr(main/disc) 3.00e-05/1.20e-05 | cuda_peak(alloc/resv) 4.09/5.13GB | phase(train/val/raw/train_eval) 1.1/0.4/0.0/0.0s | 1.5s
2026-08-30 19:50:52 | Epoch 059/060 | loss 1.8286 | cls 1.5004 | tal -0.2616 | dual_g 0.4067 | dual_d 0.9644 | train_acc 0.9722 | train_full n/a | val_acc 0.9730 | val_f1 0.9802 | adv/moduleC 1.00/1.00 | disc_steps 4 | grad(main/disc) 9.593/1.989 | lr(main/disc) 1.50e-05/6.00e-06 | cuda_peak(alloc/resv) 4.09/5.13GB | phase(train/val/raw/train_eval) 1.1/0.4/0.0/0.0s | 1.5s
2026-08-30 19:50:54 | Epoch 060/060 | loss 1.8022 | cls 1.4984 | tal -0.3420 | dual_g 0.4065 | dual_d 0.9529 | train_acc 0.9653 | train_full 1.0000 | val_acc 1.0000 | val_f1 1.0000 | adv/moduleC 1.00/1.00 | disc_steps 4 | grad(main/disc) 10.772/1.992 | lr(main/disc) 1.50e-05/6.00e-06 | cuda_peak(alloc/resv) 4.09/5.13GB | phase(train/val/raw/train_eval) 1.0/0.4/0.4/0.4s | 2.2s
2026-08-30 19:50:54 | Training complete. Peak validation accuracy: 1.0000 | selected val_f1_macro_present: 1.0000
2026-08-30 19:50:54 | Starting Dual_D standalone training
2026-08-30 19:50:54 | Run directory: runs/module_c_v12_strong_full_gate/module_c_20260830_193928/module_c_full_逆光_20260830_193929
2026-08-30 19:50:54 | Device: cuda
2026-08-30 19:50:54 | Source train samples: 992
2026-08-30 19:50:54 | Target train samples: 132
2026-08-30 19:50:54 | Target val samples: 37
2026-08-30 19:50:54 | Classes: 14
2026-08-30 19:50:54 | Data audit: same_dir=False | path_overlap(vis/ir/ais)=0/0/0 | content_overlap(vis/ir/ais)=0/0/0 | ais_index_overlap=0 | stem_mismatch(vis-ir/vis-ais)=157/0
2026-08-30 19:50:54 | source_train classes: present 14/14 | absent 0 | counts [0:120, 1:44, 2:69, 3:45, 4:40, 5:30, 6:64, 7:80, 8:116, 9:68, 10:57, 11:83, 12:48, 13:128]
2026-08-30 19:50:54 | target_train classes: present 9/14 | absent 5 | counts [0:20, 2:12, 4:12, 5:2, 9:16, 10:16, 11:29, 12:4, 13:21]
2026-08-30 19:50:54 | target_val classes: present 9/14 | absent 5 | counts [0:6, 2:3, 4:4, 5:1, 9:4, 10:4, 11:8, 12:1, 13:6]
2026-08-30 19:50:54 | Paired training classes: 9/14 | class ids [0, 2, 4, 5, 9, 10, 11, 12, 13]
2026-08-30 19:50:54 | Runtime profile: batch=16 | paired_steps=9 | workers=16 | train_eval_every=5 | raw_eval_every=5 | stability_window=4 | lr_scheduler_start=28 | checkpoint_select_from=40 | early_stop=15 after min_epoch=50
2026-08-30 19:50:54 | Augmentation profile: base=0.720 | visible=0.780 | infrared=0.500 | freeze_frozen_batch_norm_stats=True
2026-08-30 19:50:54 | VIS/IR pairing: class-level-unpaired | count-mismatch classes train/val: 10/1 | AIS alignment: none | AIS rows train/val: 0/0
2026-08-30 19:50:55 | Effective Dual-D loss weights: {"adv_auxiliary": 0.025, "adv_primary": 0.025, "classification": 0.15, "contrastive": 0.02, "cycle": 0.12, "identity": 0.03, "prototype_contrastive": 0.06}
2026-08-30 19:50:55 | Model parameters: total=17277714 | trainable=17120210
Starting run 5/12: domain=逆光, iteration=2, seed=46
2026-08-30 19:50:57 | Epoch 001/060 | loss 5.4796 | cls 5.5196 | tal -0.1333 | dual_g 0.0000 | dual_d 0.0000 | train_acc 0.0278 | train_full 0.1667 | val_acc 0.2162 | val_f1 0.1185 | adv/moduleC 0.00/0.00 | disc_steps 0 | grad(main/disc) 31.413/0.000 | lr(main/disc) 6.00e-05/2.40e-05 | cuda_peak(alloc/resv) 4.09/5.13GB | phase(train/val/raw/train_eval) 1.4/0.4/0.4/0.5s | 2.6s
2026-08-30 19:50:59 | Epoch 002/060 | loss 4.7584 | cls 4.7240 | tal 0.1146 | dual_g 0.0000 | dual_d 0.0000 | train_acc 0.2083 | train_full n/a | val_acc 0.1892 | val_f1 0.1222 | adv/moduleC 0.00/0.00 | disc_steps 0 | grad(main/disc) 27.745/0.000 | lr(main/disc) 6.00e-05/2.40e-05 | cuda_peak(alloc/resv) 4.09/5.13GB | phase(train/val/raw/train_eval) 1.2/0.4/0.0/0.0s | 1.6s
2026-08-30 19:51:01 | Epoch 003/060 | loss 4.3560 | cls 4.3007 | tal 0.1842 | dual_g 0.0000 | dual_d 0.0000 | train_acc 0.2986 | train_full n/a | val_acc 0.4324 | val_f1 0.4836 | adv/moduleC 0.00/0.00 | disc_steps 0 | grad(main/disc) 25.078/0.000 | lr(main/disc) 6.00e-05/2.40e-05 | cuda_peak(alloc/resv) 4.09/5.13GB | phase(train/val/raw/train_eval) 1.1/0.4/0.0/0.0s | 1.4s
2026-08-30 19:51:02 | Epoch 004/060 | loss 4.1095 | cls 4.0385 | tal 0.2367 | dual_g 0.0000 | dual_d 0.0000 | train_acc 0.2778 | train_full n/a | val_acc 0.6216 | val_f1 0.6417 | adv/moduleC 0.00/0.00 | disc_steps 0 | grad(main/disc) 23.972/0.000 | lr(main/disc) 6.00e-05/2.40e-05 | cuda_peak(alloc/resv) 4.09/5.13GB | phase(train/val/raw/train_eval) 1.0/0.4/0.0/0.0s | 1.4s
2026-08-30 19:51:04 | Epoch 005/060 | loss 3.7241 | cls 3.6631 | tal 0.2034 | dual_g 0.0000 | dual_d 0.0000 | train_acc 0.3819 | train_full 0.6515 | val_acc 0.6757 | val_f1 0.6975 | adv/moduleC 0.00/0.00 | disc_steps 0 | grad(main/disc) 22.760/0.000 | lr(main/disc) 6.00e-05/2.40e-05 | cuda_peak(alloc/resv) 4.09/5.13GB | phase(train/val/raw/train_eval) 1.1/0.4/0.4/0.4s | 2.3s
2026-08-30 19:51:06 | Epoch 006/060 | loss 3.4511 | cls 3.4219 | tal 0.0972 | dual_g 0.0000 | dual_d 0.0000 | train_acc 0.4167 | train_full n/a | val_acc 0.6757 | val_f1 0.6818 | adv/moduleC 0.00/0.00 | disc_steps 0 | grad(main/disc) 22.247/0.000 | lr(main/disc) 6.00e-05/2.40e-05 | cuda_peak(alloc/resv) 4.09/5.13GB | phase(train/val/raw/train_eval) 1.2/0.4/0.0/0.0s | 1.6s
2026-08-30 19:51:07 | Epoch 007/060 | loss 3.4718 | cls 3.4034 | tal 0.0255 | dual_g 0.0607 | dual_d 0.0000 | train_acc 0.4653 | train_full n/a | val_acc 0.7838 | val_f1 0.7884 | adv/moduleC 0.00/0.07 | disc_steps 0 | grad(main/disc) 22.183/0.000 | lr(main/disc) 6.00e-05/2.40e-05 | cuda_peak(alloc/resv) 4.09/5.13GB | phase(train/val/raw/train_eval) 1.2/0.4/0.0/0.0s | 1.5s
2026-08-30 19:51:09 | Epoch 008/060 | loss 3.2711 | cls 3.1287 | tal 0.1137 | dual_g 0.1083 | dual_d 0.0000 | train_acc 0.4861 | train_full n/a | val_acc 0.8378 | val_f1 0.8330 | adv/moduleC 0.00/0.14 | disc_steps 0 | grad(main/disc) 21.155/0.000 | lr(main/disc) 6.00e-05/2.40e-05 | cuda_peak(alloc/resv) 4.09/5.13GB | phase(train/val/raw/train_eval) 1.1/0.4/0.0/0.0s | 1.5s
2026-08-30 19:51:10 | Epoch 009/060 | loss 3.4374 | cls 3.2155 | tal 0.1866 | dual_g 0.1660 | dual_d 0.7727 | train_acc 0.5764 | train_full n/a | val_acc 0.8649 | val_f1 0.8850 | adv/moduleC 0.05/0.21 | disc_steps 4 | grad(main/disc) 20.722/2.053 | lr(main/disc) 6.00e-05/2.40e-05 | cuda_peak(alloc/resv) 4.09/5.13GB | phase(train/val/raw/train_eval) 1.1/0.4/0.0/0.0s | 1.4s
2026-08-30 19:51:12 | Epoch 010/060 | loss 3.2879 | cls 3.0055 | tal 0.1946 | dual_g 0.2240 | dual_d 0.7249 | train_acc 0.5000 | train_full 0.8712 | val_acc 0.8919 | val_f1 0.9060 | adv/moduleC 0.10/0.29 | disc_steps 4 | grad(main/disc) 20.531/2.012 | lr(main/disc) 6.00e-05/2.40e-05 | cuda_peak(alloc/resv) 4.09/5.13GB | phase(train/val/raw/train_eval) 1.0/0.4/0.4/0.4s | 2.2s
2026-08-30 19:51:14 | Epoch 011/060 | loss 3.2208 | cls 2.9164 | tal 0.1437 | dual_g 0.2613 | dual_d 0.8128 | train_acc 0.6042 | train_full n/a | val_acc 0.9189 | val_f1 0.9303 | adv/moduleC 0.15/0.36 | disc_steps 4 | grad(main/disc) 19.850/2.125 | lr(main/disc) 6.00e-05/2.40e-05 | cuda_peak(alloc/resv) 4.09/5.13GB | phase(train/val/raw/train_eval) 1.2/0.4/0.0/0.0s | 1.6s
2026-08-30 19:51:15 | Epoch 012/060 | loss 3.2051 | cls 2.8522 | tal 0.1533 | dual_g 0.3070 | dual_d 0.8004 | train_acc 0.5833 | train_full n/a | val_acc 0.9189 | val_f1 0.9303 | adv/moduleC 0.20/0.43 | disc_steps 4 | grad(main/disc) 19.586/2.102 | lr(main/disc) 6.00e-05/2.40e-05 | cuda_peak(alloc/resv) 4.09/5.13GB | phase(train/val/raw/train_eval) 1.0/0.4/0.0/0.0s | 1.4s
2026-08-30 19:51:17 | Epoch 013/060 | loss 3.0440 | cls 2.6485 | tal 0.1478 | dual_g 0.3512 | dual_d 0.8384 | train_acc 0.6250 | train_full n/a | val_acc 0.8919 | val_f1 0.8670 | adv/moduleC 0.25/0.50 | disc_steps 4 | grad(main/disc) 19.807/2.133 | lr(main/disc) 6.00e-05/2.40e-05 | cuda_peak(alloc/resv) 4.09/5.13GB | phase(train/val/raw/train_eval) 1.3/0.4/0.0/0.0s | 1.7s
2026-08-30 19:51:19 | Epoch 014/060 | loss 3.1050 | cls 2.6914 | tal 0.1173 | dual_g 0.3784 | dual_d 0.7627 | train_acc 0.5625 | train_full n/a | val_acc 0.8919 | val_f1 0.8670 | adv/moduleC 0.30/0.57 | disc_steps 4 | grad(main/disc) 19.919/2.104 | lr(main/disc) 6.00e-05/2.40e-05 | cuda_peak(alloc/resv) 4.09/5.13GB | phase(train/val/raw/train_eval) 1.3/0.4/0.0/0.0s | 1.6s
2026-08-30 19:51:21 | Epoch 015/060 | loss 3.0223 | cls 2.5867 | tal 0.0246 | dual_g 0.4282 | dual_d 0.7311 | train_acc 0.6597 | train_full 0.9697 | val_acc 0.9459 | val_f1 0.9458 | adv/moduleC 0.35/0.64 | disc_steps 4 | grad(main/disc) 19.649/2.054 | lr(main/disc) 6.00e-05/2.40e-05 | cuda_peak(alloc/resv) 4.09/5.13GB | phase(train/val/raw/train_eval) 1.0/0.4/0.4/0.5s | 2.3s
2026-08-30 19:51:22 | Epoch 016/060 | loss 2.8501 | cls 2.3767 | tal 0.0581 | dual_g 0.4560 | dual_d 0.7057 | train_acc 0.6667 | train_full n/a | val_acc 0.9189 | val_f1 0.9303 | adv/moduleC 0.40/0.71 | disc_steps 4 | grad(main/disc) 18.527/1.928 | lr(main/disc) 6.00e-05/2.40e-05 | cuda_peak(alloc/resv) 4.09/5.13GB | phase(train/val/raw/train_eval) 1.0/0.4/0.0/0.0s | 1.4s
2026-08-30 19:51:24 | Epoch 017/060 | loss 2.9038 | cls 2.3615 | tal 0.1615 | dual_g 0.4938 | dual_d 0.7186 | train_acc 0.7153 | train_full n/a | val_acc 0.8378 | val_f1 0.8400 | adv/moduleC 0.45/0.79 | disc_steps 4 | grad(main/disc) 18.180/1.954 | lr(main/disc) 6.00e-05/2.40e-05 | cuda_peak(alloc/resv) 4.09/5.13GB | phase(train/val/raw/train_eval) 1.3/0.4/0.0/0.0s | 1.6s
2026-08-30 19:51:26 | Epoch 018/060 | loss 2.8299 | cls 2.2891 | tal -0.0184 | dual_g 0.5462 | dual_d 0.7564 | train_acc 0.6667 | train_full n/a | val_acc 0.9730 | val_f1 0.9683 | adv/moduleC 0.50/0.86 | disc_steps 4 | grad(main/disc) 19.755/2.008 | lr(main/disc) 6.00e-05/2.40e-05 | cuda_peak(alloc/resv) 4.09/5.13GB | phase(train/val/raw/train_eval) 1.3/0.4/0.0/0.0s | 1.7s
2026-08-30 19:51:27 | Epoch 019/060 | loss 2.9911 | cls 2.4086 | tal -0.0282 | dual_g 0.5910 | dual_d 0.7278 | train_acc 0.7153 | train_full n/a | val_acc 0.9459 | val_f1 0.9227 | adv/moduleC 0.55/0.93 | disc_steps 4 | grad(main/disc) 20.165/1.890 | lr(main/disc) 6.00e-05/2.40e-05 | cuda_peak(alloc/resv) 4.09/5.13GB | phase(train/val/raw/train_eval) 1.1/0.4/0.0/0.0s | 1.5s
2026-08-30 19:51:29 | Epoch 020/060 | loss 3.0989 | cls 2.4657 | tal -0.0014 | dual_g 0.6336 | dual_d 0.7305 | train_acc 0.6875 | train_full 0.9848 | val_acc 0.9189 | val_f1 0.9303 | adv/moduleC 0.60/1.00 | disc_steps 4 | grad(main/disc) 21.481/1.925 | lr(main/disc) 6.00e-05/2.40e-05 | cuda_peak(alloc/resv) 4.09/5.13GB | phase(train/val/raw/train_eval) 1.0/0.4/0.4/0.4s | 2.2s
2026-08-30 19:51:31 | Epoch 021/060 | loss 2.6207 | cls 2.0421 | tal -0.0071 | dual_g 0.5808 | dual_d 0.7413 | train_acc 0.7847 | train_full n/a | val_acc 0.9459 | val_f1 0.9616 | adv/moduleC 0.65/1.00 | disc_steps 4 | grad(main/disc) 16.714/1.957 | lr(main/disc) 6.00e-05/2.40e-05 | cuda_peak(alloc/resv) 4.09/5.13GB | phase(train/val/raw/train_eval) 1.0/0.4/0.0/0.0s | 1.4s
2026-08-30 19:51:32 | Epoch 022/060 | loss 2.8610 | cls 2.2565 | tal -0.0424 | dual_g 0.6173 | dual_d 0.7083 | train_acc 0.7847 | train_full n/a | val_acc 0.9730 | val_f1 0.9776 | adv/moduleC 0.70/1.00 | disc_steps 4 | grad(main/disc) 18.401/1.816 | lr(main/disc) 6.00e-05/2.40e-05 | cuda_peak(alloc/resv) 4.09/5.13GB | phase(train/val/raw/train_eval) 1.2/0.4/0.0/0.0s | 1.5s
2026-08-30 19:51:34 | Epoch 023/060 | loss 2.7405 | cls 2.1868 | tal -0.0710 | dual_g 0.5749 | dual_d 0.6565 | train_acc 0.7153 | train_full n/a | val_acc 0.8378 | val_f1 0.8281 | adv/moduleC 0.75/1.00 | disc_steps 4 | grad(main/disc) 19.244/1.795 | lr(main/disc) 6.00e-05/2.40e-05 | cuda_peak(alloc/resv) 4.09/5.13GB | phase(train/val/raw/train_eval) 1.2/0.4/0.0/0.0s | 1.6s
2026-08-30 19:51:35 | Epoch 024/060 | loss 2.7836 | cls 2.1813 | tal 0.0585 | dual_g 0.5847 | dual_d 0.7058 | train_acc 0.7917 | train_full n/a | val_acc 0.9189 | val_f1 0.9303 | adv/moduleC 0.80/1.00 | disc_steps 4 | grad(main/disc) 18.339/1.798 | lr(main/disc) 6.00e-05/2.40e-05 | cuda_peak(alloc/resv) 4.09/5.13GB | phase(train/val/raw/train_eval) 1.0/0.4/0.0/0.0s | 1.3s
2026-08-30 19:51:38 | Epoch 025/060 | loss 2.7975 | cls 2.2014 | tal -0.0127 | dual_g 0.5999 | dual_d 0.7367 | train_acc 0.7847 | train_full 0.9621 | val_acc 0.9730 | val_f1 0.9683 | adv/moduleC 0.85/1.00 | disc_steps 4 | grad(main/disc) 20.317/1.813 | lr(main/disc) 6.00e-05/2.40e-05 | cuda_peak(alloc/resv) 4.09/5.13GB | phase(train/val/raw/train_eval) 1.1/0.4/0.4/0.5s | 2.3s
2026-08-30 19:51:39 | Epoch 026/060 | loss 2.5757 | cls 2.0354 | tal -0.1041 | dual_g 0.5716 | dual_d 0.6766 | train_acc 0.8194 | train_full n/a | val_acc 1.0000 | val_f1 1.0000 | adv/moduleC 0.90/1.00 | disc_steps 4 | grad(main/disc) 17.502/1.716 | lr(main/disc) 6.00e-05/2.40e-05 | cuda_peak(alloc/resv) 4.09/5.13GB | phase(train/val/raw/train_eval) 1.0/0.4/0.0/0.0s | 1.3s
2026-08-30 19:51:40 | Epoch 027/060 | loss 2.5951 | cls 2.0464 | tal -0.0321 | dual_g 0.5583 | dual_d 0.7403 | train_acc 0.8264 | train_full n/a | val_acc 0.9730 | val_f1 0.9802 | adv/moduleC 0.95/1.00 | disc_steps 4 | grad(main/disc) 17.447/1.865 | lr(main/disc) 6.00e-05/2.40e-05 | cuda_peak(alloc/resv) 4.09/5.13GB | phase(train/val/raw/train_eval) 0.9/0.4/0.0/0.0s | 1.3s
2026-08-30 19:51:42 | Epoch 028/060 | loss 2.5542 | cls 2.0140 | tal -0.0504 | dual_g 0.5553 | dual_d 0.7327 | train_acc 0.8472 | train_full n/a | val_acc 1.0000 | val_f1 1.0000 | adv/moduleC 1.00/1.00 | disc_steps 4 | grad(main/disc) 16.591/1.845 | lr(main/disc) 6.00e-05/2.40e-05 | cuda_peak(alloc/resv) 4.09/5.13GB | phase(train/val/raw/train_eval) 1.2/0.4/0.0/0.0s | 1.5s
2026-08-30 19:51:43 | Epoch 029/060 | loss 2.3434 | cls 1.8306 | tal -0.0942 | dual_g 0.5411 | dual_d 0.6869 | train_acc 0.8681 | train_full n/a | val_acc 0.9459 | val_f1 0.9485 | adv/moduleC 1.00/1.00 | disc_steps 4 | grad(main/disc) 15.374/1.844 | lr(main/disc) 6.00e-05/2.40e-05 | cuda_peak(alloc/resv) 4.09/5.13GB | phase(train/val/raw/train_eval) 1.1/0.4/0.0/0.0s | 1.4s
2026-08-30 19:51:46 | Epoch 030/060 | loss 2.3480 | cls 1.8485 | tal -0.0690 | dual_g 0.5202 | dual_d 0.7117 | train_acc 0.8889 | train_full 0.9924 | val_acc 0.9730 | val_f1 0.9840 | adv/moduleC 1.00/1.00 | disc_steps 4 | grad(main/disc) 14.918/1.761 | lr(main/disc) 6.00e-05/2.40e-05 | cuda_peak(alloc/resv) 4.09/5.13GB | phase(train/val/raw/train_eval) 1.1/0.4/0.4/0.4s | 2.3s
2026-08-30 19:51:47 | Epoch 031/060 | loss 2.1681 | cls 1.7017 | tal -0.1183 | dual_g 0.5020 | dual_d 0.7067 | train_acc 0.8889 | train_full n/a | val_acc 0.9730 | val_f1 0.9776 | adv/moduleC 1.00/1.00 | disc_steps 4 | grad(main/disc) 13.031/1.700 | lr(main/disc) 6.00e-05/2.40e-05 | cuda_peak(alloc/resv) 4.09/5.13GB | phase(train/val/raw/train_eval) 1.2/0.4/0.0/0.0s | 1.6s
2026-08-30 19:51:49 | Epoch 032/060 | loss 2.3486 | cls 1.8564 | tal -0.0613 | dual_g 0.5106 | dual_d 0.7730 | train_acc 0.8542 | train_full n/a | val_acc 1.0000 | val_f1 1.0000 | adv/moduleC 1.00/1.00 | disc_steps 4 | grad(main/disc) 15.202/1.818 | lr(main/disc) 6.00e-05/2.40e-05 | cuda_peak(alloc/resv) 4.09/5.13GB | phase(train/val/raw/train_eval) 1.1/0.4/0.0/0.0s | 1.5s
2026-08-30 19:51:50 | Epoch 033/060 | loss 2.1762 | cls 1.7154 | tal -0.1070 | dual_g 0.4929 | dual_d 0.7395 | train_acc 0.8611 | train_full n/a | val_acc 1.0000 | val_f1 1.0000 | adv/moduleC 1.00/1.00 | disc_steps 4 | grad(main/disc) 13.280/1.846 | lr(main/disc) 6.00e-05/2.40e-05 | cuda_peak(alloc/resv) 4.09/5.13GB | phase(train/val/raw/train_eval) 1.0/0.4/0.0/0.0s | 1.4s
2026-08-30 19:51:52 | Epoch 034/060 | loss 2.4016 | cls 1.8783 | tal -0.0017 | dual_g 0.5238 | dual_d 0.7942 | train_acc 0.8819 | train_full n/a | val_acc 1.0000 | val_f1 1.0000 | adv/moduleC 1.00/1.00 | disc_steps 4 | grad(main/disc) 16.501/1.882 | lr(main/disc) 6.00e-05/2.40e-05 | cuda_peak(alloc/resv) 4.09/5.13GB | phase(train/val/raw/train_eval) 1.3/0.4/0.0/0.0s | 1.7s
2026-08-30 19:51:54 | Epoch 035/060 | loss 2.2063 | cls 1.7270 | tal -0.0396 | dual_g 0.4911 | dual_d 0.7417 | train_acc 0.9306 | train_full 1.0000 | val_acc 1.0000 | val_f1 1.0000 | adv/moduleC 1.00/1.00 | disc_steps 4 | grad(main/disc) 14.448/1.765 | lr(main/disc) 6.00e-05/2.40e-05 | cuda_peak(alloc/resv) 4.09/5.13GB | phase(train/val/raw/train_eval) 1.2/0.4/0.4/0.5s | 2.5s
2026-08-30 19:51:56 | Epoch 036/060 | loss 2.3023 | cls 1.8098 | tal -0.0203 | dual_g 0.4987 | dual_d 0.8047 | train_acc 0.9028 | train_full n/a | val_acc 0.9730 | val_f1 0.9776 | adv/moduleC 1.00/1.00 | disc_steps 4 | grad(main/disc) 15.790/1.921 | lr(main/disc) 6.00e-05/2.40e-05 | cuda_peak(alloc/resv) 4.09/5.13GB | phase(train/val/raw/train_eval) 1.2/0.4/0.0/0.0s | 1.5s
2026-08-30 19:51:57 | Epoch 037/060 | loss 2.1225 | cls 1.6791 | tal -0.1141 | dual_g 0.4777 | dual_d 0.8318 | train_acc 0.9375 | train_full n/a | val_acc 0.9459 | val_f1 0.9246 | adv/moduleC 1.00/1.00 | disc_steps 4 | grad(main/disc) 13.568/1.897 | lr(main/disc) 3.00e-05/1.20e-05 | cuda_peak(alloc/resv) 4.09/5.13GB | phase(train/val/raw/train_eval) 1.1/0.4/0.0/0.0s | 1.5s
2026-08-30 19:51:59 | Epoch 038/060 | loss 2.1249 | cls 1.6849 | tal -0.1207 | dual_g 0.4762 | dual_d 0.7618 | train_acc 0.9167 | train_full n/a | val_acc 1.0000 | val_f1 1.0000 | adv/moduleC 1.00/1.00 | disc_steps 4 | grad(main/disc) 13.007/1.893 | lr(main/disc) 3.00e-05/1.20e-05 | cuda_peak(alloc/resv) 4.09/5.13GB | phase(train/val/raw/train_eval) 1.3/0.4/0.0/0.0s | 1.7s
2026-08-30 19:52:01 | Epoch 039/060 | loss 2.1203 | cls 1.6634 | tal -0.0786 | dual_g 0.4804 | dual_d 0.8675 | train_acc 0.8958 | train_full n/a | val_acc 1.0000 | val_f1 1.0000 | adv/moduleC 1.00/1.00 | disc_steps 4 | grad(main/disc) 12.519/1.982 | lr(main/disc) 3.00e-05/1.20e-05 | cuda_peak(alloc/resv) 4.09/5.13GB | phase(train/val/raw/train_eval) 1.2/0.4/0.0/0.0s | 1.6s
2026-08-30 19:52:03 | Epoch 040/060 | loss 2.1502 | cls 1.7048 | tal -0.0906 | dual_g 0.4726 | dual_d 0.8493 | train_acc 0.9375 | train_full 1.0000 | val_acc 1.0000 | val_f1 1.0000 | adv/moduleC 1.00/1.00 | disc_steps 4 | grad(main/disc) 13.233/1.880 | lr(main/disc) 3.00e-05/1.20e-05 | cuda_peak(alloc/resv) 4.09/5.13GB | phase(train/val/raw/train_eval) 1.1/0.4/0.4/0.4s | 2.3s
2026-08-30 19:52:05 | New best val_f1_macro_present: raw=1.0000 stable_score=0.9246 at epoch 40
2026-08-30 19:52:07 | Epoch 041/060 | loss 2.0576 | cls 1.6376 | tal -0.1389 | dual_g 0.4617 | dual_d 0.8340 | train_acc 0.9306 | train_full n/a | val_acc 1.0000 | val_f1 1.0000 | adv/moduleC 1.00/1.00 | disc_steps 4 | grad(main/disc) 11.843/1.939 | lr(main/disc) 3.00e-05/1.20e-05 | cuda_peak(alloc/resv) 4.09/5.13GB | phase(train/val/raw/train_eval) 1.1/0.4/0.4/0.0s | 1.8s
2026-08-30 19:52:09 | New best val_f1_macro_present: raw=1.0000 stable_score=1.0000 at epoch 41
2026-08-30 19:52:10 | Epoch 042/060 | loss 2.0888 | cls 1.6568 | tal -0.1140 | dual_g 0.4662 | dual_d 0.8644 | train_acc 0.9097 | train_full n/a | val_acc 1.0000 | val_f1 1.0000 | adv/moduleC 1.00/1.00 | disc_steps 4 | grad(main/disc) 13.167/1.934 | lr(main/disc) 3.00e-05/1.20e-05 | cuda_peak(alloc/resv) 4.09/5.13GB | phase(train/val/raw/train_eval) 1.1/0.4/0.0/0.0s | 1.5s
2026-08-30 19:52:12 | Epoch 043/060 | loss 2.0461 | cls 1.6114 | tal -0.0665 | dual_g 0.4547 | dual_d 0.8680 | train_acc 0.9444 | train_full n/a | val_acc 1.0000 | val_f1 1.0000 | adv/moduleC 1.00/1.00 | disc_steps 4 | grad(main/disc) 10.513/1.956 | lr(main/disc) 3.00e-05/1.20e-05 | cuda_peak(alloc/resv) 4.09/5.13GB | phase(train/val/raw/train_eval) 1.2/0.4/0.0/0.0s | 1.6s
2026-08-30 19:52:13 | Epoch 044/060 | loss 2.0171 | cls 1.5983 | tal -0.1189 | dual_g 0.4545 | dual_d 0.8713 | train_acc 0.9444 | train_full n/a | val_acc 1.0000 | val_f1 1.0000 | adv/moduleC 1.00/1.00 | disc_steps 4 | grad(main/disc) 11.796/1.988 | lr(main/disc) 3.00e-05/1.20e-05 | cuda_peak(alloc/resv) 4.09/5.13GB | phase(train/val/raw/train_eval) 0.9/0.4/0.0/0.0s | 1.3s
2026-08-30 19:52:16 | Epoch 045/060 | loss 1.9894 | cls 1.5854 | tal -0.1181 | dual_g 0.4395 | dual_d 0.8754 | train_acc 0.9583 | train_full 1.0000 | val_acc 1.0000 | val_f1 1.0000 | adv/moduleC 1.00/1.00 | disc_steps 4 | grad(main/disc) 11.685/1.896 | lr(main/disc) 3.00e-05/1.20e-05 | cuda_peak(alloc/resv) 4.09/5.13GB | phase(train/val/raw/train_eval) 1.2/0.4/0.4/0.4s | 2.3s
2026-08-30 19:52:17 | Epoch 046/060 | loss 1.9965 | cls 1.5913 | tal -0.0970 | dual_g 0.4343 | dual_d 0.8921 | train_acc 0.9097 | train_full n/a | val_acc 1.0000 | val_f1 1.0000 | adv/moduleC 1.00/1.00 | disc_steps 4 | grad(main/disc) 11.932/1.998 | lr(main/disc) 1.50e-05/6.00e-06 | cuda_peak(alloc/resv) 4.09/5.13GB | phase(train/val/raw/train_eval) 1.3/0.4/0.0/0.0s | 1.6s
2026-08-30 19:52:19 | Epoch 047/060 | loss 2.0305 | cls 1.6061 | tal -0.1145 | dual_g 0.4588 | dual_d 0.9264 | train_acc 0.9514 | train_full n/a | val_acc 1.0000 | val_f1 1.0000 | adv/moduleC 1.00/1.00 | disc_steps 4 | grad(main/disc) 11.632/1.975 | lr(main/disc) 1.50e-05/6.00e-06 | cuda_peak(alloc/resv) 4.09/5.13GB | phase(train/val/raw/train_eval) 1.1/0.4/0.0/0.0s | 1.5s
2026-08-30 19:52:20 | Epoch 048/060 | loss 2.0439 | cls 1.6396 | tal -0.1432 | dual_g 0.4473 | dual_d 0.8096 | train_acc 0.9097 | train_full n/a | val_acc 1.0000 | val_f1 1.0000 | adv/moduleC 1.00/1.00 | disc_steps 4 | grad(main/disc) 13.493/1.787 | lr(main/disc) 1.50e-05/6.00e-06 | cuda_peak(alloc/resv) 4.09/5.13GB | phase(train/val/raw/train_eval) 1.1/0.4/0.0/0.0s | 1.5s
2026-08-30 19:52:22 | Epoch 049/060 | loss 1.9785 | cls 1.5530 | tal -0.0745 | dual_g 0.4478 | dual_d 0.8648 | train_acc 0.9653 | train_full n/a | val_acc 0.9730 | val_f1 0.9776 | adv/moduleC 1.00/1.00 | disc_steps 4 | grad(main/disc) 12.203/2.000 | lr(main/disc) 1.50e-05/6.00e-06 | cuda_peak(alloc/resv) 4.09/5.13GB | phase(train/val/raw/train_eval) 1.0/0.4/0.0/0.0s | 1.4s
2026-08-30 19:52:24 | Epoch 050/060 | loss 1.9609 | cls 1.5453 | tal -0.0616 | dual_g 0.4341 | dual_d 0.8591 | train_acc 0.9306 | train_full 1.0000 | val_acc 1.0000 | val_f1 1.0000 | adv/moduleC 1.00/1.00 | disc_steps 4 | grad(main/disc) 10.977/1.914 | lr(main/disc) 1.50e-05/6.00e-06 | cuda_peak(alloc/resv) 4.09/5.13GB | phase(train/val/raw/train_eval) 1.2/0.4/0.4/0.4s | 2.3s
2026-08-30 19:52:25 | Epoch 051/060 | loss 2.0900 | cls 1.6591 | tal -0.0549 | dual_g 0.4474 | dual_d 0.8476 | train_acc 0.9444 | train_full n/a | val_acc 1.0000 | val_f1 1.0000 | adv/moduleC 1.00/1.00 | disc_steps 4 | grad(main/disc) 13.183/1.903 | lr(main/disc) 1.50e-05/6.00e-06 | cuda_peak(alloc/resv) 4.09/5.13GB | phase(train/val/raw/train_eval) 1.0/0.4/0.0/0.0s | 1.4s
2026-08-30 19:52:27 | Epoch 052/060 | loss 2.0822 | cls 1.6676 | tal -0.1046 | dual_g 0.4460 | dual_d 0.8114 | train_acc 0.9167 | train_full n/a | val_acc 0.9730 | val_f1 0.9776 | adv/moduleC 1.00/1.00 | disc_steps 4 | grad(main/disc) 12.686/1.803 | lr(main/disc) 1.50e-05/6.00e-06 | cuda_peak(alloc/resv) 4.09/5.13GB | phase(train/val/raw/train_eval) 1.2/0.4/0.0/0.0s | 1.6s
2026-08-30 19:52:28 | Epoch 053/060 | loss 1.9616 | cls 1.5516 | tal -0.0941 | dual_g 0.4383 | dual_d 0.8826 | train_acc 0.9236 | train_full n/a | val_acc 0.9730 | val_f1 0.9776 | adv/moduleC 1.00/1.00 | disc_steps 4 | grad(main/disc) 11.982/1.960 | lr(main/disc) 1.50e-05/6.00e-06 | cuda_peak(alloc/resv) 4.09/5.13GB | phase(train/val/raw/train_eval) 1.1/0.4/0.0/0.0s | 1.5s
2026-08-30 19:52:30 | Epoch 054/060 | loss 2.0391 | cls 1.6336 | tal -0.1249 | dual_g 0.4429 | dual_d 0.8590 | train_acc 0.8958 | train_full n/a | val_acc 1.0000 | val_f1 1.0000 | adv/moduleC 1.00/1.00 | disc_steps 4 | grad(main/disc) 13.812/1.903 | lr(main/disc) 1.50e-05/6.00e-06 | cuda_peak(alloc/resv) 4.09/5.13GB | phase(train/val/raw/train_eval) 1.1/0.4/0.0/0.0s | 1.4s
2026-08-30 19:52:32 | Epoch 055/060 | loss 1.8665 | cls 1.4734 | tal -0.0941 | dual_g 0.4214 | dual_d 0.9159 | train_acc 0.9375 | train_full 1.0000 | val_acc 1.0000 | val_f1 1.0000 | adv/moduleC 1.00/1.00 | disc_steps 4 | grad(main/disc) 8.154/1.924 | lr(main/disc) 7.50e-06/3.00e-06 | cuda_peak(alloc/resv) 4.09/5.13GB | phase(train/val/raw/train_eval) 1.1/0.4/0.4/0.4s | 2.3s
2026-08-30 19:52:33 | Epoch 056/060 | loss 1.9433 | cls 1.5508 | tal -0.1674 | dual_g 0.4428 | dual_d 0.8920 | train_acc 0.9583 | train_full n/a | val_acc 1.0000 | val_f1 1.0000 | adv/moduleC 1.00/1.00 | disc_steps 4 | grad(main/disc) 10.899/1.925 | lr(main/disc) 7.50e-06/3.00e-06 | cuda_peak(alloc/resv) 4.09/5.13GB | phase(train/val/raw/train_eval) 1.1/0.4/0.0/0.0s | 1.4s
2026-08-30 19:52:33 | Early stopping at epoch 56 after 15 epochs without val_f1_macro_present improvement.
2026-08-30 19:52:33 | Training complete. Peak validation accuracy: 1.0000 | selected val_f1_macro_present: 1.0000
2026-08-30 19:52:34 | Starting Dual_D standalone training
2026-08-30 19:52:34 | Run directory: runs/module_c_v12_strong_full_gate/module_c_20260830_193928/module_c_full_逆光_20260830_193929
2026-08-30 19:52:34 | Device: cuda
2026-08-30 19:52:34 | Source train samples: 992
2026-08-30 19:52:34 | Target train samples: 132
2026-08-30 19:52:34 | Target val samples: 37
2026-08-30 19:52:34 | Classes: 14
2026-08-30 19:52:34 | Data audit: same_dir=False | path_overlap(vis/ir/ais)=0/0/0 | content_overlap(vis/ir/ais)=0/0/0 | ais_index_overlap=0 | stem_mismatch(vis-ir/vis-ais)=157/0
2026-08-30 19:52:34 | source_train classes: present 14/14 | absent 0 | counts [0:120, 1:44, 2:69, 3:45, 4:40, 5:30, 6:64, 7:80, 8:116, 9:68, 10:57, 11:83, 12:48, 13:128]
2026-08-30 19:52:34 | target_train classes: present 9/14 | absent 5 | counts [0:20, 2:12, 4:12, 5:2, 9:16, 10:16, 11:29, 12:4, 13:21]
2026-08-30 19:52:34 | target_val classes: present 9/14 | absent 5 | counts [0:6, 2:3, 4:4, 5:1, 9:4, 10:4, 11:8, 12:1, 13:6]
2026-08-30 19:52:34 | Paired training classes: 9/14 | class ids [0, 2, 4, 5, 9, 10, 11, 12, 13]
2026-08-30 19:52:34 | Runtime profile: batch=16 | paired_steps=9 | workers=16 | train_eval_every=5 | raw_eval_every=5 | stability_window=4 | lr_scheduler_start=28 | checkpoint_select_from=40 | early_stop=15 after min_epoch=50
2026-08-30 19:52:34 | Augmentation profile: base=0.720 | visible=0.780 | infrared=0.500 | freeze_frozen_batch_norm_stats=True
2026-08-30 19:52:34 | VIS/IR pairing: class-level-unpaired | count-mismatch classes train/val: 10/1 | AIS alignment: none | AIS rows train/val: 0/0
2026-08-30 19:52:34 | Effective Dual-D loss weights: {"adv_auxiliary": 0.025, "adv_primary": 0.025, "classification": 0.15, "contrastive": 0.02, "cycle": 0.12, "identity": 0.03, "prototype_contrastive": 0.06}
2026-08-30 19:52:34 | Model parameters: total=17277714 | trainable=17120210
Starting run 6/12: domain=逆光, iteration=3, seed=47
2026-08-30 19:52:37 | Epoch 001/060 | loss 5.6886 | cls 5.6694 | tal 0.0637 | dual_g 0.0000 | dual_d 0.0000 | train_acc 0.1042 | train_full 0.1515 | val_acc 0.2162 | val_f1 0.0743 | adv/moduleC 0.00/0.00 | disc_steps 0 | grad(main/disc) 29.038/0.000 | lr(main/disc) 6.00e-05/2.40e-05 | cuda_peak(alloc/resv) 4.09/5.13GB | phase(train/val/raw/train_eval) 1.4/0.4/0.4/0.4s | 2.6s
2026-08-30 19:52:38 | Epoch 002/060 | loss 4.7425 | cls 4.7444 | tal -0.0066 | dual_g 0.0000 | dual_d 0.0000 | train_acc 0.1597 | train_full n/a | val_acc 0.2703 | val_f1 0.1533 | adv/moduleC 0.00/0.00 | disc_steps 0 | grad(main/disc) 25.558/0.000 | lr(main/disc) 6.00e-05/2.40e-05 | cuda_peak(alloc/resv) 4.09/5.13GB | phase(train/val/raw/train_eval) 1.0/0.4/0.0/0.0s | 1.4s
2026-08-30 19:52:40 | Epoch 003/060 | loss 4.2961 | cls 4.2915 | tal 0.0154 | dual_g 0.0000 | dual_d 0.0000 | train_acc 0.2014 | train_full n/a | val_acc 0.4595 | val_f1 0.4417 | adv/moduleC 0.00/0.00 | disc_steps 0 | grad(main/disc) 23.236/0.000 | lr(main/disc) 6.00e-05/2.40e-05 | cuda_peak(alloc/resv) 4.09/5.13GB | phase(train/val/raw/train_eval) 1.2/0.4/0.0/0.0s | 1.6s
2026-08-30 19:52:41 | Epoch 004/060 | loss 4.0495 | cls 4.0468 | tal 0.0088 | dual_g 0.0000 | dual_d 0.0000 | train_acc 0.2500 | train_full n/a | val_acc 0.5405 | val_f1 0.4787 | adv/moduleC 0.00/0.00 | disc_steps 0 | grad(main/disc) 22.146/0.000 | lr(main/disc) 6.00e-05/2.40e-05 | cuda_peak(alloc/resv) 4.09/5.13GB | phase(train/val/raw/train_eval) 1.1/0.4/0.0/0.0s | 1.5s
2026-08-30 19:52:43 | Epoch 005/060 | loss 3.8925 | cls 3.8870 | tal 0.0185 | dual_g 0.0000 | dual_d 0.0000 | train_acc 0.3542 | train_full 0.6212 | val_acc 0.6486 | val_f1 0.6290 | adv/moduleC 0.00/0.00 | disc_steps 0 | grad(main/disc) 21.387/0.000 | lr(main/disc) 6.00e-05/2.40e-05 | cuda_peak(alloc/resv) 4.09/5.13GB | phase(train/val/raw/train_eval) 1.1/0.4/0.4/0.4s | 2.3s
2026-08-30 19:52:45 | Epoch 006/060 | loss 3.5324 | cls 3.5306 | tal 0.0061 | dual_g 0.0000 | dual_d 0.0000 | train_acc 0.4028 | train_full n/a | val_acc 0.6757 | val_f1 0.6840 | adv/moduleC 0.00/0.00 | disc_steps 0 | grad(main/disc) 20.201/0.000 | lr(main/disc) 6.00e-05/2.40e-05 | cuda_peak(alloc/resv) 4.09/5.13GB | phase(train/val/raw/train_eval) 1.1/0.4/0.0/0.0s | 1.5s
2026-08-30 19:52:46 | Epoch 007/060 | loss 3.3413 | cls 3.2924 | tal -0.0327 | dual_g 0.0587 | dual_d 0.0000 | train_acc 0.3750 | train_full n/a | val_acc 0.8649 | val_f1 0.8661 | adv/moduleC 0.00/0.07 | disc_steps 0 | grad(main/disc) 19.483/0.000 | lr(main/disc) 6.00e-05/2.40e-05 | cuda_peak(alloc/resv) 4.09/5.13GB | phase(train/val/raw/train_eval) 1.0/0.4/0.0/0.0s | 1.4s
2026-08-30 19:52:48 | Epoch 008/060 | loss 3.3372 | cls 3.2422 | tal -0.0542 | dual_g 0.1112 | dual_d 0.0000 | train_acc 0.4653 | train_full n/a | val_acc 0.8378 | val_f1 0.8656 | adv/moduleC 0.00/0.14 | disc_steps 0 | grad(main/disc) 19.715/0.000 | lr(main/disc) 6.00e-05/2.40e-05 | cuda_peak(alloc/resv) 4.09/5.13GB | phase(train/val/raw/train_eval) 1.2/0.4/0.0/0.0s | 1.6s
2026-08-30 19:52:49 | Epoch 009/060 | loss 3.2800 | cls 3.0978 | tal 0.0473 | dual_g 0.1680 | dual_d 0.8169 | train_acc 0.4861 | train_full n/a | val_acc 0.8649 | val_f1 0.8889 | adv/moduleC 0.05/0.21 | disc_steps 4 | grad(main/disc) 20.304/2.086 | lr(main/disc) 6.00e-05/2.40e-05 | cuda_peak(alloc/resv) 4.09/5.13GB | phase(train/val/raw/train_eval) 1.1/0.4/0.0/0.0s | 1.4s
2026-08-30 19:52:52 | Epoch 010/060 | loss 3.2274 | cls 3.0242 | tal -0.0202 | dual_g 0.2093 | dual_d 0.8547 | train_acc 0.5417 | train_full 0.8182 | val_acc 0.8108 | val_f1 0.8052 | adv/moduleC 0.10/0.29 | disc_steps 4 | grad(main/disc) 19.503/2.175 | lr(main/disc) 6.00e-05/2.40e-05 | cuda_peak(alloc/resv) 4.09/5.13GB | phase(train/val/raw/train_eval) 1.1/0.4/0.4/0.4s | 2.3s
2026-08-30 19:52:53 | Epoch 011/060 | loss 3.2482 | cls 2.9919 | tal -0.0331 | dual_g 0.2663 | dual_d 0.9101 | train_acc 0.5347 | train_full n/a | val_acc 0.8649 | val_f1 0.8701 | adv/moduleC 0.15/0.36 | disc_steps 4 | grad(main/disc) 20.432/2.223 | lr(main/disc) 6.00e-05/2.40e-05 | cuda_peak(alloc/resv) 4.09/5.13GB | phase(train/val/raw/train_eval) 1.0/0.4/0.0/0.0s | 1.4s
2026-08-30 19:52:55 | Epoch 012/060 | loss 3.0976 | cls 2.8406 | tal -0.1424 | dual_g 0.2997 | dual_d 0.8508 | train_acc 0.5417 | train_full n/a | val_acc 0.8919 | val_f1 0.9167 | adv/moduleC 0.20/0.43 | disc_steps 4 | grad(main/disc) 22.019/2.124 | lr(main/disc) 6.00e-05/2.40e-05 | cuda_peak(alloc/resv) 4.09/5.13GB | phase(train/val/raw/train_eval) 1.1/0.4/0.0/0.0s | 1.5s
2026-08-30 19:52:56 | Epoch 013/060 | loss 2.9673 | cls 2.6483 | tal -0.0502 | dual_g 0.3340 | dual_d 0.8023 | train_acc 0.6389 | train_full n/a | val_acc 0.8919 | val_f1 0.9079 | adv/moduleC 0.25/0.50 | disc_steps 4 | grad(main/disc) 18.282/2.045 | lr(main/disc) 6.00e-05/2.40e-05 | cuda_peak(alloc/resv) 4.09/5.13GB | phase(train/val/raw/train_eval) 1.1/0.4/0.0/0.0s | 1.4s
2026-08-30 19:52:58 | Epoch 014/060 | loss 2.9917 | cls 2.6176 | tal -0.0252 | dual_g 0.3816 | dual_d 0.8712 | train_acc 0.6181 | train_full n/a | val_acc 0.8649 | val_f1 0.8794 | adv/moduleC 0.30/0.57 | disc_steps 4 | grad(main/disc) 18.736/2.139 | lr(main/disc) 6.00e-05/2.40e-05 | cuda_peak(alloc/resv) 4.09/5.13GB | phase(train/val/raw/train_eval) 1.2/0.4/0.0/0.0s | 1.6s
2026-08-30 19:53:00 | Epoch 015/060 | loss 2.7373 | cls 2.3565 | tal -0.0992 | dual_g 0.4105 | dual_d 0.8119 | train_acc 0.7361 | train_full 0.9015 | val_acc 0.9189 | val_f1 0.9396 | adv/moduleC 0.35/0.64 | disc_steps 4 | grad(main/disc) 16.989/2.047 | lr(main/disc) 6.00e-05/2.40e-05 | cuda_peak(alloc/resv) 4.09/5.13GB | phase(train/val/raw/train_eval) 1.0/0.4/0.4/0.4s | 2.2s
2026-08-30 19:53:01 | Epoch 016/060 | loss 2.9749 | cls 2.5300 | tal -0.0568 | dual_g 0.4620 | dual_d 0.7816 | train_acc 0.6875 | train_full n/a | val_acc 0.8919 | val_f1 0.9156 | adv/moduleC 0.40/0.71 | disc_steps 4 | grad(main/disc) 18.675/2.055 | lr(main/disc) 6.00e-05/2.40e-05 | cuda_peak(alloc/resv) 4.09/5.13GB | phase(train/val/raw/train_eval) 1.1/0.4/0.0/0.0s | 1.5s
2026-08-30 19:53:03 | Epoch 017/060 | loss 2.8285 | cls 2.3575 | tal -0.0327 | dual_g 0.4807 | dual_d 0.7925 | train_acc 0.7639 | train_full n/a | val_acc 0.9189 | val_f1 0.9396 | adv/moduleC 0.45/0.79 | disc_steps 4 | grad(main/disc) 17.705/2.037 | lr(main/disc) 6.00e-05/2.40e-05 | cuda_peak(alloc/resv) 4.09/5.13GB | phase(train/val/raw/train_eval) 1.3/0.4/0.0/0.0s | 1.7s
2026-08-30 19:53:04 | Epoch 018/060 | loss 2.7714 | cls 2.2923 | tal -0.1023 | dual_g 0.5098 | dual_d 0.7848 | train_acc 0.7569 | train_full n/a | val_acc 0.9189 | val_f1 0.9396 | adv/moduleC 0.50/0.86 | disc_steps 4 | grad(main/disc) 17.682/1.972 | lr(main/disc) 6.00e-05/2.40e-05 | cuda_peak(alloc/resv) 4.09/5.13GB | phase(train/val/raw/train_eval) 1.1/0.4/0.0/0.0s | 1.5s
2026-08-30 19:53:06 | Epoch 019/060 | loss 2.7239 | cls 2.2150 | tal -0.0802 | dual_g 0.5330 | dual_d 0.8137 | train_acc 0.6667 | train_full n/a | val_acc 0.9189 | val_f1 0.9371 | adv/moduleC 0.55/0.93 | disc_steps 4 | grad(main/disc) 17.927/1.975 | lr(main/disc) 6.00e-05/2.40e-05 | cuda_peak(alloc/resv) 4.09/5.13GB | phase(train/val/raw/train_eval) 1.4/0.4/0.0/0.0s | 1.8s
2026-08-30 19:53:09 | Epoch 020/060 | loss 2.7571 | cls 2.2003 | tal -0.1291 | dual_g 0.5955 | dual_d 0.7770 | train_acc 0.7569 | train_full 0.9545 | val_acc 0.9459 | val_f1 0.9616 | adv/moduleC 0.60/1.00 | disc_steps 4 | grad(main/disc) 19.146/1.985 | lr(main/disc) 6.00e-05/2.40e-05 | cuda_peak(alloc/resv) 4.09/5.13GB | phase(train/val/raw/train_eval) 1.1/0.4/0.4/0.4s | 2.3s
2026-08-30 19:53:10 | Epoch 021/060 | loss 2.5632 | cls 2.0800 | tal -0.2054 | dual_g 0.5448 | dual_d 0.8249 | train_acc 0.7708 | train_full n/a | val_acc 0.9459 | val_f1 0.9616 | adv/moduleC 0.65/1.00 | disc_steps 4 | grad(main/disc) 17.360/2.054 | lr(main/disc) 6.00e-05/2.40e-05 | cuda_peak(alloc/resv) 4.09/5.13GB | phase(train/val/raw/train_eval) 1.2/0.4/0.0/0.0s | 1.6s
2026-08-30 19:53:11 | Epoch 022/060 | loss 2.6363 | cls 2.1091 | tal -0.1781 | dual_g 0.5806 | dual_d 0.8251 | train_acc 0.7847 | train_full n/a | val_acc 0.8649 | val_f1 0.8680 | adv/moduleC 0.70/1.00 | disc_steps 4 | grad(main/disc) 18.236/1.971 | lr(main/disc) 6.00e-05/2.40e-05 | cuda_peak(alloc/resv) 4.09/5.13GB | phase(train/val/raw/train_eval) 0.9/0.4/0.0/0.0s | 1.3s
2026-08-30 19:53:13 | Epoch 023/060 | loss 2.5628 | cls 2.0581 | tal -0.0803 | dual_g 0.5288 | dual_d 0.8430 | train_acc 0.8194 | train_full n/a | val_acc 0.9730 | val_f1 0.9776 | adv/moduleC 0.75/1.00 | disc_steps 4 | grad(main/disc) 17.385/1.875 | lr(main/disc) 6.00e-05/2.40e-05 | cuda_peak(alloc/resv) 4.09/5.13GB | phase(train/val/raw/train_eval) 1.1/0.4/0.0/0.0s | 1.5s
2026-08-30 19:53:15 | Epoch 024/060 | loss 2.6545 | cls 2.1597 | tal -0.1097 | dual_g 0.5277 | dual_d 0.8380 | train_acc 0.8194 | train_full n/a | val_acc 0.9459 | val_f1 0.9458 | adv/moduleC 0.80/1.00 | disc_steps 4 | grad(main/disc) 17.718/1.975 | lr(main/disc) 6.00e-05/2.40e-05 | cuda_peak(alloc/resv) 4.09/5.13GB | phase(train/val/raw/train_eval) 1.2/0.4/0.0/0.0s | 1.6s
2026-08-30 19:53:17 | Epoch 025/060 | loss 2.4238 | cls 1.9319 | tal -0.0634 | dual_g 0.5110 | dual_d 0.8305 | train_acc 0.7708 | train_full 0.9773 | val_acc 0.9189 | val_f1 0.9396 | adv/moduleC 0.85/1.00 | disc_steps 4 | grad(main/disc) 15.818/1.918 | lr(main/disc) 6.00e-05/2.40e-05 | cuda_peak(alloc/resv) 4.09/5.13GB | phase(train/val/raw/train_eval) 1.1/0.4/0.4/0.4s | 2.3s
2026-08-30 19:53:18 | Epoch 026/060 | loss 2.2889 | cls 1.8091 | tal -0.1022 | dual_g 0.5105 | dual_d 0.8327 | train_acc 0.8681 | train_full n/a | val_acc 0.9189 | val_f1 0.9396 | adv/moduleC 0.90/1.00 | disc_steps 4 | grad(main/disc) 15.071/1.878 | lr(main/disc) 6.00e-05/2.40e-05 | cuda_peak(alloc/resv) 4.09/5.13GB | phase(train/val/raw/train_eval) 1.1/0.4/0.0/0.0s | 1.5s
2026-08-30 19:53:20 | Epoch 027/060 | loss 2.3758 | cls 1.9299 | tal -0.2029 | dual_g 0.5068 | dual_d 0.8768 | train_acc 0.8750 | train_full n/a | val_acc 0.9730 | val_f1 0.9840 | adv/moduleC 0.95/1.00 | disc_steps 4 | grad(main/disc) 14.978/1.938 | lr(main/disc) 6.00e-05/2.40e-05 | cuda_peak(alloc/resv) 4.09/5.13GB | phase(train/val/raw/train_eval) 1.1/0.4/0.0/0.0s | 1.4s
2026-08-30 19:53:21 | Epoch 028/060 | loss 2.4300 | cls 1.9789 | tal -0.2165 | dual_g 0.5161 | dual_d 0.8444 | train_acc 0.8611 | train_full n/a | val_acc 0.9730 | val_f1 0.9802 | adv/moduleC 1.00/1.00 | disc_steps 4 | grad(main/disc) 20.068/1.958 | lr(main/disc) 6.00e-05/2.40e-05 | cuda_peak(alloc/resv) 4.09/5.13GB | phase(train/val/raw/train_eval) 1.2/0.4/0.0/0.0s | 1.6s
2026-08-30 19:53:23 | Epoch 029/060 | loss 2.3185 | cls 1.8751 | tal -0.2216 | dual_g 0.5099 | dual_d 0.8395 | train_acc 0.8889 | train_full n/a | val_acc 0.9730 | val_f1 0.9840 | adv/moduleC 1.00/1.00 | disc_steps 4 | grad(main/disc) 15.635/1.907 | lr(main/disc) 6.00e-05/2.40e-05 | cuda_peak(alloc/resv) 4.09/5.13GB | phase(train/val/raw/train_eval) 1.0/0.4/0.0/0.0s | 1.4s
2026-08-30 19:53:25 | Epoch 030/060 | loss 2.1631 | cls 1.7540 | tal -0.2378 | dual_g 0.4804 | dual_d 0.8850 | train_acc 0.9028 | train_full 0.9848 | val_acc 0.9730 | val_f1 0.9776 | adv/moduleC 1.00/1.00 | disc_steps 4 | grad(main/disc) 13.998/1.961 | lr(main/disc) 6.00e-05/2.40e-05 | cuda_peak(alloc/resv) 4.09/5.13GB | phase(train/val/raw/train_eval) 1.1/0.4/0.4/0.4s | 2.3s
2026-08-30 19:53:27 | Epoch 031/060 | loss 2.2318 | cls 1.7925 | tal -0.1890 | dual_g 0.4960 | dual_d 0.9538 | train_acc 0.8750 | train_full n/a | val_acc 0.9730 | val_f1 0.9776 | adv/moduleC 1.00/1.00 | disc_steps 4 | grad(main/disc) 14.423/2.046 | lr(main/disc) 6.00e-05/2.40e-05 | cuda_peak(alloc/resv) 4.09/5.13GB | phase(train/val/raw/train_eval) 1.1/0.4/0.0/0.0s | 1.5s
2026-08-30 19:53:28 | Epoch 032/060 | loss 2.1206 | cls 1.6884 | tal -0.1398 | dual_g 0.4741 | dual_d 0.8590 | train_acc 0.9028 | train_full n/a | val_acc 0.9730 | val_f1 0.9840 | adv/moduleC 1.00/1.00 | disc_steps 4 | grad(main/disc) 13.265/1.982 | lr(main/disc) 6.00e-05/2.40e-05 | cuda_peak(alloc/resv) 4.09/5.13GB | phase(train/val/raw/train_eval) 1.2/0.4/0.0/0.0s | 1.6s
2026-08-30 19:53:30 | Epoch 033/060 | loss 2.2237 | cls 1.8028 | tal -0.1945 | dual_g 0.4792 | dual_d 0.8137 | train_acc 0.9306 | train_full n/a | val_acc 0.9189 | val_f1 0.9396 | adv/moduleC 1.00/1.00 | disc_steps 4 | grad(main/disc) 14.682/1.852 | lr(main/disc) 6.00e-05/2.40e-05 | cuda_peak(alloc/resv) 4.09/5.13GB | phase(train/val/raw/train_eval) 1.1/0.4/0.0/0.0s | 1.5s
2026-08-30 19:53:31 | Epoch 034/060 | loss 2.1550 | cls 1.7322 | tal -0.1478 | dual_g 0.4671 | dual_d 0.8907 | train_acc 0.8819 | train_full n/a | val_acc 0.9730 | val_f1 0.9776 | adv/moduleC 1.00/1.00 | disc_steps 4 | grad(main/disc) 13.772/1.892 | lr(main/disc) 6.00e-05/2.40e-05 | cuda_peak(alloc/resv) 4.09/5.13GB | phase(train/val/raw/train_eval) 1.0/0.4/0.0/0.0s | 1.4s
2026-08-30 19:53:34 | Epoch 035/060 | loss 2.1155 | cls 1.7030 | tal -0.1783 | dual_g 0.4660 | dual_d 0.8785 | train_acc 0.9306 | train_full 1.0000 | val_acc 0.9730 | val_f1 0.9776 | adv/moduleC 1.00/1.00 | disc_steps 4 | grad(main/disc) 15.421/1.914 | lr(main/disc) 6.00e-05/2.40e-05 | cuda_peak(alloc/resv) 4.09/5.13GB | phase(train/val/raw/train_eval) 1.1/0.4/0.4/0.5s | 2.4s
2026-08-30 19:53:35 | Epoch 036/060 | loss 2.1902 | cls 1.7751 | tal -0.1140 | dual_g 0.4493 | dual_d 0.8922 | train_acc 0.9167 | train_full n/a | val_acc 0.9730 | val_f1 0.9776 | adv/moduleC 1.00/1.00 | disc_steps 4 | grad(main/disc) 14.492/1.934 | lr(main/disc) 6.00e-05/2.40e-05 | cuda_peak(alloc/resv) 4.09/5.13GB | phase(train/val/raw/train_eval) 1.0/0.4/0.0/0.0s | 1.4s
2026-08-30 19:53:36 | Epoch 037/060 | loss 2.1249 | cls 1.7125 | tal -0.1383 | dual_g 0.4539 | dual_d 0.9668 | train_acc 0.9097 | train_full n/a | val_acc 0.9730 | val_f1 0.9776 | adv/moduleC 1.00/1.00 | disc_steps 4 | grad(main/disc) 14.878/2.133 | lr(main/disc) 6.00e-05/2.40e-05 | cuda_peak(alloc/resv) 4.09/5.13GB | phase(train/val/raw/train_eval) 1.0/0.4/0.0/0.0s | 1.3s
2026-08-30 19:53:38 | Epoch 038/060 | loss 1.9871 | cls 1.6117 | tal -0.2022 | dual_g 0.4360 | dual_d 0.8760 | train_acc 0.9583 | train_full n/a | val_acc 0.9730 | val_f1 0.9840 | adv/moduleC 1.00/1.00 | disc_steps 4 | grad(main/disc) 12.030/1.936 | lr(main/disc) 3.00e-05/1.20e-05 | cuda_peak(alloc/resv) 4.09/5.13GB | phase(train/val/raw/train_eval) 1.2/0.4/0.0/0.0s | 1.5s
2026-08-30 19:53:40 | Epoch 039/060 | loss 1.9349 | cls 1.5775 | tal -0.2588 | dual_g 0.4350 | dual_d 0.9016 | train_acc 0.9236 | train_full n/a | val_acc 0.9730 | val_f1 0.9840 | adv/moduleC 1.00/1.00 | disc_steps 4 | grad(main/disc) 10.941/1.922 | lr(main/disc) 3.00e-05/1.20e-05 | cuda_peak(alloc/resv) 4.09/5.13GB | phase(train/val/raw/train_eval) 1.3/0.4/0.0/0.0s | 1.7s
2026-08-30 19:53:42 | Epoch 040/060 | loss 1.9493 | cls 1.5785 | tal -0.2136 | dual_g 0.4349 | dual_d 0.9526 | train_acc 0.9653 | train_full 0.9924 | val_acc 1.0000 | val_f1 1.0000 | adv/moduleC 1.00/1.00 | disc_steps 4 | grad(main/disc) 11.616/2.022 | lr(main/disc) 3.00e-05/1.20e-05 | cuda_peak(alloc/resv) 4.09/5.13GB | phase(train/val/raw/train_eval) 1.0/0.4/0.4/0.4s | 2.2s
2026-08-30 19:53:44 | New best val_f1_macro_present: raw=1.0000 stable_score=0.9776 at epoch 40
2026-08-30 19:53:46 | Epoch 041/060 | loss 1.9794 | cls 1.6058 | tal -0.1833 | dual_g 0.4286 | dual_d 0.9348 | train_acc 0.9375 | train_full n/a | val_acc 1.0000 | val_f1 1.0000 | adv/moduleC 1.00/1.00 | disc_steps 4 | grad(main/disc) 11.896/2.038 | lr(main/disc) 3.00e-05/1.20e-05 | cuda_peak(alloc/resv) 4.09/5.13GB | phase(train/val/raw/train_eval) 1.1/0.4/0.4/0.0s | 1.9s
2026-08-30 19:53:48 | New best val_f1_macro_present: raw=1.0000 stable_score=0.9840 at epoch 41
2026-08-30 19:53:49 | Epoch 042/060 | loss 1.9563 | cls 1.5976 | tal -0.2413 | dual_g 0.4311 | dual_d 0.8906 | train_acc 0.9236 | train_full n/a | val_acc 1.0000 | val_f1 1.0000 | adv/moduleC 1.00/1.00 | disc_steps 4 | grad(main/disc) 11.672/2.005 | lr(main/disc) 3.00e-05/1.20e-05 | cuda_peak(alloc/resv) 4.09/5.13GB | phase(train/val/raw/train_eval) 1.2/0.4/0.0/0.0s | 1.6s
2026-08-30 19:53:51 | Epoch 043/060 | loss 2.0076 | cls 1.6293 | tal -0.1967 | dual_g 0.4372 | dual_d 0.9070 | train_acc 0.9097 | train_full n/a | val_acc 1.0000 | val_f1 1.0000 | adv/moduleC 1.00/1.00 | disc_steps 4 | grad(main/disc) 13.206/2.023 | lr(main/disc) 3.00e-05/1.20e-05 | cuda_peak(alloc/resv) 4.09/5.13GB | phase(train/val/raw/train_eval) 1.0/0.4/0.4/0.0s | 1.8s
2026-08-30 19:53:53 | New best val_f1_macro_present: raw=1.0000 stable_score=1.0000 at epoch 43
2026-08-30 19:53:55 | Epoch 044/060 | loss 1.9838 | cls 1.6263 | tal -0.2346 | dual_g 0.4279 | dual_d 0.9490 | train_acc 0.9236 | train_full n/a | val_acc 0.9730 | val_f1 0.9840 | adv/moduleC 1.00/1.00 | disc_steps 4 | grad(main/disc) 13.040/2.044 | lr(main/disc) 3.00e-05/1.20e-05 | cuda_peak(alloc/resv) 4.09/5.13GB | phase(train/val/raw/train_eval) 1.2/0.4/0.0/0.0s | 1.6s
2026-08-30 19:53:57 | Epoch 045/060 | loss 1.9113 | cls 1.5673 | tal -0.2366 | dual_g 0.4149 | dual_d 0.9420 | train_acc 0.9653 | train_full 0.9924 | val_acc 0.9459 | val_f1 0.9616 | adv/moduleC 1.00/1.00 | disc_steps 4 | grad(main/disc) 12.560/1.923 | lr(main/disc) 3.00e-05/1.20e-05 | cuda_peak(alloc/resv) 4.09/5.13GB | phase(train/val/raw/train_eval) 1.1/0.4/0.4/0.4s | 2.2s
2026-08-30 19:53:58 | Epoch 046/060 | loss 1.8599 | cls 1.5047 | tal -0.2058 | dual_g 0.4169 | dual_d 0.9468 | train_acc 0.9583 | train_full n/a | val_acc 1.0000 | val_f1 1.0000 | adv/moduleC 1.00/1.00 | disc_steps 4 | grad(main/disc) 11.031/1.999 | lr(main/disc) 3.00e-05/1.20e-05 | cuda_peak(alloc/resv) 4.09/5.13GB | phase(train/val/raw/train_eval) 1.0/0.4/0.0/0.0s | 1.3s
2026-08-30 19:54:00 | Epoch 047/060 | loss 1.8990 | cls 1.5586 | tal -0.2474 | dual_g 0.4146 | dual_d 0.9505 | train_acc 0.9653 | train_full n/a | val_acc 1.0000 | val_f1 1.0000 | adv/moduleC 1.00/1.00 | disc_steps 4 | grad(main/disc) 11.325/1.956 | lr(main/disc) 3.00e-05/1.20e-05 | cuda_peak(alloc/resv) 4.09/5.13GB | phase(train/val/raw/train_eval) 1.1/0.4/0.0/0.0s | 1.5s
2026-08-30 19:54:01 | Epoch 048/060 | loss 1.9121 | cls 1.5551 | tal -0.2163 | dual_g 0.4218 | dual_d 0.9813 | train_acc 0.9583 | train_full n/a | val_acc 1.0000 | val_f1 1.0000 | adv/moduleC 1.00/1.00 | disc_steps 4 | grad(main/disc) 12.466/2.034 | lr(main/disc) 3.00e-05/1.20e-05 | cuda_peak(alloc/resv) 4.09/5.13GB | phase(train/val/raw/train_eval) 1.1/0.4/0.0/0.0s | 1.4s
2026-08-30 19:54:03 | Epoch 049/060 | loss 1.9764 | cls 1.6194 | tal -0.2187 | dual_g 0.4226 | dual_d 0.9750 | train_acc 0.9444 | train_full n/a | val_acc 1.0000 | val_f1 1.0000 | adv/moduleC 1.00/1.00 | disc_steps 4 | grad(main/disc) 12.648/1.942 | lr(main/disc) 1.50e-05/6.00e-06 | cuda_peak(alloc/resv) 4.09/5.13GB | phase(train/val/raw/train_eval) 1.1/0.4/0.0/0.0s | 1.4s
2026-08-30 19:54:05 | Epoch 050/060 | loss 1.8790 | cls 1.5439 | tal -0.2263 | dual_g 0.4030 | dual_d 0.9196 | train_acc 0.9583 | train_full 1.0000 | val_acc 1.0000 | val_f1 1.0000 | adv/moduleC 1.00/1.00 | disc_steps 4 | grad(main/disc) 11.260/1.960 | lr(main/disc) 1.50e-05/6.00e-06 | cuda_peak(alloc/resv) 4.09/5.13GB | phase(train/val/raw/train_eval) 1.1/0.4/0.4/0.4s | 2.2s
2026-08-30 19:54:06 | Epoch 051/060 | loss 1.8799 | cls 1.5216 | tal -0.1940 | dual_g 0.4165 | dual_d 0.9433 | train_acc 0.9653 | train_full n/a | val_acc 0.9730 | val_f1 0.9776 | adv/moduleC 1.00/1.00 | disc_steps 4 | grad(main/disc) 10.279/1.936 | lr(main/disc) 1.50e-05/6.00e-06 | cuda_peak(alloc/resv) 4.09/5.13GB | phase(train/val/raw/train_eval) 1.0/0.4/0.0/0.0s | 1.4s
2026-08-30 19:54:08 | Epoch 052/060 | loss 1.8895 | cls 1.5613 | tal -0.3026 | dual_g 0.4190 | dual_d 0.9583 | train_acc 0.9306 | train_full n/a | val_acc 1.0000 | val_f1 1.0000 | adv/moduleC 1.00/1.00 | disc_steps 4 | grad(main/disc) 12.053/2.002 | lr(main/disc) 1.50e-05/6.00e-06 | cuda_peak(alloc/resv) 4.09/5.13GB | phase(train/val/raw/train_eval) 1.2/0.4/0.0/0.0s | 1.5s
2026-08-30 19:54:09 | Epoch 053/060 | loss 1.9326 | cls 1.5922 | tal -0.2742 | dual_g 0.4227 | dual_d 0.9853 | train_acc 0.9444 | train_full n/a | val_acc 1.0000 | val_f1 1.0000 | adv/moduleC 1.00/1.00 | disc_steps 4 | grad(main/disc) 13.069/2.005 | lr(main/disc) 1.50e-05/6.00e-06 | cuda_peak(alloc/resv) 4.09/5.13GB | phase(train/val/raw/train_eval) 1.1/0.4/0.0/0.0s | 1.4s
2026-08-30 19:54:11 | Epoch 054/060 | loss 1.8334 | cls 1.5039 | tal -0.2596 | dual_g 0.4073 | dual_d 0.9884 | train_acc 0.9583 | train_full n/a | val_acc 1.0000 | val_f1 1.0000 | adv/moduleC 1.00/1.00 | disc_steps 4 | grad(main/disc) 9.626/1.973 | lr(main/disc) 1.50e-05/6.00e-06 | cuda_peak(alloc/resv) 4.09/5.13GB | phase(train/val/raw/train_eval) 1.1/0.4/0.0/0.0s | 1.5s
2026-08-30 19:54:13 | Epoch 055/060 | loss 1.8006 | cls 1.4871 | tal -0.2798 | dual_g 0.3974 | dual_d 0.9374 | train_acc 0.9722 | train_full 1.0000 | val_acc 1.0000 | val_f1 1.0000 | adv/moduleC 1.00/1.00 | disc_steps 4 | grad(main/disc) 9.800/1.991 | lr(main/disc) 1.50e-05/6.00e-06 | cuda_peak(alloc/resv) 4.09/5.13GB | phase(train/val/raw/train_eval) 1.2/0.4/0.4/0.4s | 2.4s
2026-08-30 19:54:15 | Epoch 056/060 | loss 1.8355 | cls 1.5068 | tal -0.2465 | dual_g 0.4027 | dual_d 0.9160 | train_acc 0.9653 | train_full n/a | val_acc 1.0000 | val_f1 1.0000 | adv/moduleC 1.00/1.00 | disc_steps 4 | grad(main/disc) 10.702/1.972 | lr(main/disc) 1.50e-05/6.00e-06 | cuda_peak(alloc/resv) 4.09/5.13GB | phase(train/val/raw/train_eval) 1.1/0.4/0.0/0.0s | 1.5s
2026-08-30 19:54:16 | Epoch 057/060 | loss 1.7956 | cls 1.4756 | tal -0.2530 | dual_g 0.3959 | dual_d 0.9486 | train_acc 0.9583 | train_full n/a | val_acc 1.0000 | val_f1 1.0000 | adv/moduleC 1.00/1.00 | disc_steps 4 | grad(main/disc) 9.182/1.949 | lr(main/disc) 1.50e-05/6.00e-06 | cuda_peak(alloc/resv) 4.09/5.13GB | phase(train/val/raw/train_eval) 1.2/0.4/0.0/0.0s | 1.5s
2026-08-30 19:54:18 | Epoch 058/060 | loss 1.7670 | cls 1.4487 | tal -0.2663 | dual_g 0.3981 | dual_d 0.9880 | train_acc 0.9931 | train_full n/a | val_acc 1.0000 | val_f1 1.0000 | adv/moduleC 1.00/1.00 | disc_steps 4 | grad(main/disc) 9.133/1.988 | lr(main/disc) 7.50e-06/3.00e-06 | cuda_peak(alloc/resv) 4.09/5.13GB | phase(train/val/raw/train_eval) 1.2/0.4/0.0/0.0s | 1.6s
2026-08-30 19:54:18 | Early stopping at epoch 58 after 15 epochs without val_f1_macro_present improvement.
2026-08-30 19:54:18 | Training complete. Peak validation accuracy: 1.0000 | selected val_f1_macro_present: 1.0000
2026-08-30 19:54:18 | Starting Dual_D standalone training
2026-08-30 19:54:18 | Run directory: runs/module_c_v12_strong_full_gate/module_c_20260830_193928/module_c_full_雾天_20260830_193929
2026-08-30 19:54:18 | Device: cuda
2026-08-30 19:54:18 | Source train samples: 992
2026-08-30 19:54:18 | Target train samples: 507
2026-08-30 19:54:18 | Target val samples: 132
2026-08-30 19:54:18 | Classes: 14
2026-08-30 19:54:18 | Data audit: same_dir=False | path_overlap(vis/ir/ais)=0/0/0 | content_overlap(vis/ir/ais)=0/0/0 | ais_index_overlap=0 | stem_mismatch(vis-ir/vis-ais)=630/0
2026-08-30 19:54:18 | source_train classes: present 14/14 | absent 0 | counts [0:120, 1:44, 2:69, 3:45, 4:40, 5:30, 6:64, 7:80, 8:116, 9:68, 10:57, 11:83, 12:48, 13:128]
2026-08-30 19:54:18 | target_train classes: present 9/14 | absent 5 | counts [0:35, 1:18, 2:119, 6:110, 8:25, 9:50, 10:48, 12:9, 13:93]
2026-08-30 19:54:18 | target_val classes: present 9/14 | absent 5 | counts [0:9, 1:5, 2:30, 6:28, 8:7, 9:13, 10:13, 12:3, 13:24]
2026-08-30 19:54:18 | Paired training classes: 9/14 | class ids [0, 1, 2, 6, 8, 9, 10, 12, 13]
2026-08-30 19:54:18 | Runtime profile: batch=92 | paired_steps=6 | workers=16 | train_eval_every=5 | raw_eval_every=5 | stability_window=4 | lr_scheduler_start=28 | checkpoint_select_from=45 | early_stop=15 after min_epoch=55
2026-08-30 19:54:18 | Augmentation profile: base=0.720 | visible=0.720 | infrared=0.720 | freeze_frozen_batch_norm_stats=True
2026-08-30 19:54:18 | VIS/IR pairing: class-level-unpaired | count-mismatch classes train/val: 10/2 | AIS alignment: none | AIS rows train/val: 0/0
2026-08-30 19:54:19 | Effective Dual-D loss weights: {"adv_auxiliary": 0.035, "adv_primary": 0.035, "classification": 0.5, "contrastive": 0.04, "cycle": 0.32, "identity": 0.05, "prototype_contrastive": 0.06}
2026-08-30 19:54:19 | Model parameters: total=17277714 | trainable=17120210
Starting run 7/12: domain=雾天, iteration=1, seed=48
2026-08-30 19:54:25 | Epoch 001/060 | loss 5.3600 | cls 5.3660 | tal -0.0201 | dual_g 0.0000 | dual_d 0.0000 | train_acc 0.0924 | train_full 0.0966 | val_acc 0.1515 | val_f1 0.0878 | adv/moduleC 0.00/0.00 | disc_steps 0 | grad(main/disc) 14.681/0.000 | lr(main/disc) 6.00e-05/3.00e-05 | cuda_peak(alloc/resv) 21.77/29.14GB | phase(train/val/raw/train_eval) 3.8/0.6/0.6/0.9s | 5.8s
2026-08-30 19:54:28 | Epoch 002/060 | loss 4.5427 | cls 4.5318 | tal 0.0364 | dual_g 0.0000 | dual_d 0.0000 | train_acc 0.1196 | train_full n/a | val_acc 0.1742 | val_f1 0.1086 | adv/moduleC 0.00/0.00 | disc_steps 0 | grad(main/disc) 12.162/0.000 | lr(main/disc) 6.00e-05/3.00e-05 | cuda_peak(alloc/resv) 21.78/29.14GB | phase(train/val/raw/train_eval) 3.1/0.6/0.0/0.0s | 3.7s
2026-08-30 19:54:32 | Epoch 003/060 | loss 4.1316 | cls 4.1392 | tal -0.0254 | dual_g 0.0000 | dual_d 0.0000 | train_acc 0.1884 | train_full n/a | val_acc 0.2121 | val_f1 0.1400 | adv/moduleC 0.00/0.00 | disc_steps 0 | grad(main/disc) 10.608/0.000 | lr(main/disc) 6.00e-05/3.00e-05 | cuda_peak(alloc/resv) 21.78/29.14GB | phase(train/val/raw/train_eval) 3.1/0.6/0.0/0.0s | 3.7s
2026-08-30 19:54:36 | Epoch 004/060 | loss 3.9212 | cls 3.9291 | tal -0.0264 | dual_g 0.0000 | dual_d 0.0000 | train_acc 0.2120 | train_full n/a | val_acc 0.3788 | val_f1 0.3402 | adv/moduleC 0.00/0.00 | disc_steps 0 | grad(main/disc) 9.974/0.000 | lr(main/disc) 6.00e-05/3.00e-05 | cuda_peak(alloc/resv) 21.78/29.14GB | phase(train/val/raw/train_eval) 3.2/0.6/0.0/0.0s | 3.8s
2026-08-30 19:54:41 | Epoch 005/060 | loss 3.6068 | cls 3.6312 | tal -0.0814 | dual_g 0.0000 | dual_d 0.0000 | train_acc 0.2808 | train_full 0.4438 | val_acc 0.4015 | val_f1 0.3187 | adv/moduleC 0.00/0.00 | disc_steps 0 | grad(main/disc) 9.233/0.000 | lr(main/disc) 6.00e-05/3.00e-05 | cuda_peak(alloc/resv) 21.78/29.14GB | phase(train/val/raw/train_eval) 3.3/0.6/0.6/0.9s | 5.3s
2026-08-30 19:54:45 | Epoch 006/060 | loss 3.4655 | cls 3.4795 | tal -0.0464 | dual_g 0.0000 | dual_d 0.0000 | train_acc 0.3043 | train_full n/a | val_acc 0.4091 | val_f1 0.3892 | adv/moduleC 0.00/0.00 | disc_steps 0 | grad(main/disc) 8.909/0.000 | lr(main/disc) 6.00e-05/3.00e-05 | cuda_peak(alloc/resv) 21.78/29.14GB | phase(train/val/raw/train_eval) 3.0/0.6/0.0/0.0s | 3.5s
2026-08-30 19:54:48 | Epoch 007/060 | loss 3.3604 | cls 3.3831 | tal -0.0755 | dual_g 0.0000 | dual_d 0.0000 | train_acc 0.3116 | train_full n/a | val_acc 0.4773 | val_f1 0.4595 | adv/moduleC 0.00/0.00 | disc_steps 0 | grad(main/disc) 8.954/0.000 | lr(main/disc) 6.00e-05/3.00e-05 | cuda_peak(alloc/resv) 21.78/29.14GB | phase(train/val/raw/train_eval) 3.1/0.6/0.0/0.0s | 3.7s
2026-08-30 19:54:52 | Epoch 008/060 | loss 3.3724 | cls 3.2398 | tal -0.1270 | dual_g 0.1707 | dual_d 0.9991 | train_acc 0.3623 | train_full n/a | val_acc 0.5303 | val_f1 0.5857 | adv/moduleC 0.04/0.07 | disc_steps 3 | grad(main/disc) 8.740/1.977 | lr(main/disc) 6.00e-05/3.00e-05 | cuda_peak(alloc/resv) 21.78/29.15GB | phase(train/val/raw/train_eval) 3.4/0.6/0.0/0.0s | 4.0s
2026-08-30 19:54:56 | Epoch 009/060 | loss 3.3863 | cls 3.0873 | tal -0.1127 | dual_g 0.3328 | dual_d 0.9474 | train_acc 0.4076 | train_full n/a | val_acc 0.6288 | val_f1 0.6265 | adv/moduleC 0.08/0.14 | disc_steps 3 | grad(main/disc) 8.903/1.872 | lr(main/disc) 6.00e-05/3.00e-05 | cuda_peak(alloc/resv) 21.78/29.15GB | phase(train/val/raw/train_eval) 3.3/0.6/0.0/0.0s | 3.8s
2026-08-30 19:55:01 | Epoch 010/060 | loss 3.4130 | cls 2.9617 | tal -0.1029 | dual_g 0.4822 | dual_d 0.9370 | train_acc 0.4185 | train_full 0.6568 | val_acc 0.6515 | val_f1 0.6841 | adv/moduleC 0.12/0.21 | disc_steps 3 | grad(main/disc) 9.288/1.857 | lr(main/disc) 6.00e-05/3.00e-05 | cuda_peak(alloc/resv) 21.78/29.15GB | phase(train/val/raw/train_eval) 3.3/0.6/0.6/0.8s | 5.3s
2026-08-30 19:55:05 | Epoch 011/060 | loss 3.4609 | cls 2.8667 | tal -0.0799 | dual_g 0.6182 | dual_d 0.8878 | train_acc 0.4402 | train_full n/a | val_acc 0.6061 | val_f1 0.6413 | adv/moduleC 0.17/0.29 | disc_steps 3 | grad(main/disc) 9.640/1.777 | lr(main/disc) 6.00e-05/3.00e-05 | cuda_peak(alloc/resv) 21.78/29.15GB | phase(train/val/raw/train_eval) 3.0/0.6/0.0/0.0s | 3.6s
2026-08-30 19:55:09 | Epoch 012/060 | loss 3.4811 | cls 2.7481 | tal -0.0741 | dual_g 0.7552 | dual_d 0.8828 | train_acc 0.5072 | train_full n/a | val_acc 0.7273 | val_f1 0.7249 | adv/moduleC 0.21/0.36 | disc_steps 3 | grad(main/disc) 9.628/1.775 | lr(main/disc) 6.00e-05/3.00e-05 | cuda_peak(alloc/resv) 21.78/29.15GB | phase(train/val/raw/train_eval) 3.3/0.6/0.0/0.0s | 3.9s
2026-08-30 19:55:13 | Epoch 013/060 | loss 3.4674 | cls 2.6331 | tal -0.0941 | dual_g 0.8625 | dual_d 0.8838 | train_acc 0.5670 | train_full n/a | val_acc 0.7955 | val_f1 0.7736 | adv/moduleC 0.25/0.43 | disc_steps 3 | grad(main/disc) 9.982/1.721 | lr(main/disc) 6.00e-05/3.00e-05 | cuda_peak(alloc/resv) 21.78/29.15GB | phase(train/val/raw/train_eval) 3.3/0.6/0.0/0.0s | 3.9s
2026-08-30 19:55:17 | Epoch 014/060 | loss 3.5008 | cls 2.5452 | tal -0.0934 | dual_g 0.9837 | dual_d 0.9247 | train_acc 0.5888 | train_full n/a | val_acc 0.7424 | val_f1 0.7461 | adv/moduleC 0.29/0.50 | disc_steps 3 | grad(main/disc) 9.854/1.765 | lr(main/disc) 6.00e-05/3.00e-05 | cuda_peak(alloc/resv) 21.78/29.15GB | phase(train/val/raw/train_eval) 3.3/0.6/0.0/0.0s | 3.9s
2026-08-30 19:55:22 | Epoch 015/060 | loss 3.5305 | cls 2.4605 | tal -0.1071 | dual_g 1.1020 | dual_d 0.8858 | train_acc 0.6304 | train_full 0.8087 | val_acc 0.7652 | val_f1 0.7617 | adv/moduleC 0.33/0.57 | disc_steps 3 | grad(main/disc) 10.269/1.717 | lr(main/disc) 6.00e-05/3.00e-05 | cuda_peak(alloc/resv) 21.78/29.15GB | phase(train/val/raw/train_eval) 3.5/0.6/0.6/0.8s | 5.5s
2026-08-30 19:55:26 | Epoch 016/060 | loss 3.4387 | cls 2.3121 | tal -0.1245 | dual_g 1.1640 | dual_d 0.8588 | train_acc 0.6739 | train_full n/a | val_acc 0.8636 | val_f1 0.8476 | adv/moduleC 0.38/0.64 | disc_steps 3 | grad(main/disc) 10.009/1.661 | lr(main/disc) 6.00e-05/3.00e-05 | cuda_peak(alloc/resv) 21.78/29.15GB | phase(train/val/raw/train_eval) 3.3/0.6/0.0/0.0s | 3.9s
2026-08-30 19:55:30 | Epoch 017/060 | loss 3.5097 | cls 2.2704 | tal -0.0967 | dual_g 1.2683 | dual_d 0.8666 | train_acc 0.6667 | train_full n/a | val_acc 0.7955 | val_f1 0.7831 | adv/moduleC 0.42/0.71 | disc_steps 3 | grad(main/disc) 12.553/1.652 | lr(main/disc) 6.00e-05/3.00e-05 | cuda_peak(alloc/resv) 21.78/29.15GB | phase(train/val/raw/train_eval) 3.3/0.6/0.0/0.0s | 3.8s
2026-08-30 19:55:33 | Epoch 018/060 | loss 3.4967 | cls 2.1964 | tal -0.1281 | dual_g 1.3387 | dual_d 0.8425 | train_acc 0.7246 | train_full n/a | val_acc 0.8409 | val_f1 0.8124 | adv/moduleC 0.46/0.79 | disc_steps 3 | grad(main/disc) 10.352/1.604 | lr(main/disc) 6.00e-05/3.00e-05 | cuda_peak(alloc/resv) 21.78/29.15GB | phase(train/val/raw/train_eval) 3.1/0.6/0.0/0.0s | 3.7s
2026-08-30 19:55:37 | Epoch 019/060 | loss 3.5496 | cls 2.1687 | tal -0.1163 | dual_g 1.4158 | dual_d 0.8785 | train_acc 0.6938 | train_full n/a | val_acc 0.8712 | val_f1 0.8599 | adv/moduleC 0.50/0.86 | disc_steps 3 | grad(main/disc) 13.278/1.638 | lr(main/disc) 6.00e-05/3.00e-05 | cuda_peak(alloc/resv) 21.78/29.15GB | phase(train/val/raw/train_eval) 3.4/0.6/0.0/0.0s | 4.0s
2026-08-30 19:55:42 | Epoch 020/060 | loss 3.6158 | cls 2.1569 | tal -0.1569 | dual_g 1.5059 | dual_d 0.8489 | train_acc 0.7283 | train_full 0.8935 | val_acc 0.8712 | val_f1 0.8578 | adv/moduleC 0.54/0.93 | disc_steps 3 | grad(main/disc) 12.417/1.589 | lr(main/disc) 6.00e-05/3.00e-05 | cuda_peak(alloc/resv) 21.78/29.15GB | phase(train/val/raw/train_eval) 3.0/0.6/0.6/0.8s | 5.0s
2026-08-30 19:55:46 | Epoch 021/060 | loss 3.6406 | cls 2.0573 | tal -0.1659 | dual_g 1.6331 | dual_d 0.8794 | train_acc 0.7572 | train_full n/a | val_acc 0.8864 | val_f1 0.8640 | adv/moduleC 0.58/1.00 | disc_steps 3 | grad(main/disc) 14.646/1.598 | lr(main/disc) 6.00e-05/3.00e-05 | cuda_peak(alloc/resv) 21.78/29.15GB | phase(train/val/raw/train_eval) 3.2/0.6/0.0/0.0s | 3.7s
2026-08-30 19:55:50 | Epoch 022/060 | loss 3.5376 | cls 2.0502 | tal -0.1780 | dual_g 1.5407 | dual_d 0.8362 | train_acc 0.7717 | train_full n/a | val_acc 0.9015 | val_f1 0.8778 | adv/moduleC 0.62/1.00 | disc_steps 3 | grad(main/disc) 11.256/1.540 | lr(main/disc) 6.00e-05/3.00e-05 | cuda_peak(alloc/resv) 21.78/29.15GB | phase(train/val/raw/train_eval) 3.3/0.6/0.0/0.0s | 3.9s
2026-08-30 19:55:54 | Epoch 023/060 | loss 3.4161 | cls 1.9476 | tal -0.1942 | dual_g 1.5268 | dual_d 0.8873 | train_acc 0.7808 | train_full n/a | val_acc 0.9091 | val_f1 0.8873 | adv/moduleC 0.67/1.00 | disc_steps 3 | grad(main/disc) 10.682/1.561 | lr(main/disc) 6.00e-05/3.00e-05 | cuda_peak(alloc/resv) 21.78/29.15GB | phase(train/val/raw/train_eval) 3.3/0.6/0.0/0.0s | 3.9s
2026-08-30 19:55:58 | Epoch 024/060 | loss 3.3898 | cls 1.9217 | tal -0.1798 | dual_g 1.5221 | dual_d 0.8394 | train_acc 0.8007 | train_full n/a | val_acc 0.9167 | val_f1 0.8918 | adv/moduleC 0.71/1.00 | disc_steps 3 | grad(main/disc) 13.695/1.516 | lr(main/disc) 6.00e-05/3.00e-05 | cuda_peak(alloc/resv) 21.78/29.15GB | phase(train/val/raw/train_eval) 3.3/0.6/0.0/0.0s | 3.8s
2026-08-30 19:56:03 | Epoch 025/060 | loss 3.3527 | cls 1.9189 | tal -0.1559 | dual_g 1.4805 | dual_d 0.8432 | train_acc 0.8297 | train_full 0.9408 | val_acc 0.9545 | val_f1 0.9422 | adv/moduleC 0.75/1.00 | disc_steps 3 | grad(main/disc) 14.272/1.516 | lr(main/disc) 6.00e-05/3.00e-05 | cuda_peak(alloc/resv) 21.78/29.15GB | phase(train/val/raw/train_eval) 2.9/0.6/0.6/0.9s | 5.0s
2026-08-30 19:56:07 | Epoch 026/060 | loss 3.3204 | cls 1.8939 | tal -0.1165 | dual_g 1.4615 | dual_d 0.8663 | train_acc 0.8388 | train_full n/a | val_acc 0.8485 | val_f1 0.8414 | adv/moduleC 0.79/1.00 | disc_steps 3 | grad(main/disc) 15.029/1.516 | lr(main/disc) 6.00e-05/3.00e-05 | cuda_peak(alloc/resv) 21.78/29.15GB | phase(train/val/raw/train_eval) 3.6/0.6/0.0/0.0s | 4.2s
2026-08-30 19:56:11 | Epoch 027/060 | loss 3.2430 | cls 1.8519 | tal -0.1678 | dual_g 1.4414 | dual_d 0.8444 | train_acc 0.8388 | train_full n/a | val_acc 0.9318 | val_f1 0.9083 | adv/moduleC 0.83/1.00 | disc_steps 3 | grad(main/disc) 11.958/1.473 | lr(main/disc) 6.00e-05/3.00e-05 | cuda_peak(alloc/resv) 21.78/29.15GB | phase(train/val/raw/train_eval) 3.1/0.6/0.0/0.0s | 3.7s
2026-08-30 19:56:15 | Epoch 028/060 | loss 3.2304 | cls 1.8445 | tal -0.1171 | dual_g 1.4211 | dual_d 0.8142 | train_acc 0.8659 | train_full n/a | val_acc 0.9697 | val_f1 0.9664 | adv/moduleC 0.88/1.00 | disc_steps 3 | grad(main/disc) 13.415/1.411 | lr(main/disc) 6.00e-05/3.00e-05 | cuda_peak(alloc/resv) 21.78/29.15GB | phase(train/val/raw/train_eval) 3.4/0.6/0.0/0.0s | 4.0s
2026-08-30 19:56:19 | Epoch 029/060 | loss 3.1957 | cls 1.7959 | tal -0.1113 | dual_g 1.4333 | dual_d 0.8435 | train_acc 0.8696 | train_full n/a | val_acc 0.9242 | val_f1 0.9122 | adv/moduleC 0.92/1.00 | disc_steps 3 | grad(main/disc) 14.338/1.442 | lr(main/disc) 6.00e-05/3.00e-05 | cuda_peak(alloc/resv) 21.78/29.15GB | phase(train/val/raw/train_eval) 3.3/0.6/0.0/0.0s | 3.9s
2026-08-30 19:56:24 | Epoch 030/060 | loss 3.1111 | cls 1.7693 | tal -0.1617 | dual_g 1.3904 | dual_d 0.8621 | train_acc 0.8732 | train_full 0.9566 | val_acc 0.9470 | val_f1 0.9320 | adv/moduleC 0.96/1.00 | disc_steps 3 | grad(main/disc) 11.616/1.463 | lr(main/disc) 6.00e-05/3.00e-05 | cuda_peak(alloc/resv) 21.78/29.15GB | phase(train/val/raw/train_eval) 3.3/0.6/0.6/0.8s | 5.3s
2026-08-30 19:56:28 | Epoch 031/060 | loss 3.0524 | cls 1.7459 | tal -0.1742 | dual_g 1.3588 | dual_d 0.8793 | train_acc 0.8732 | train_full n/a | val_acc 0.9621 | val_f1 0.9561 | adv/moduleC 1.00/1.00 | disc_steps 3 | grad(main/disc) 9.697/1.437 | lr(main/disc) 6.00e-05/3.00e-05 | cuda_peak(alloc/resv) 21.78/29.15GB | phase(train/val/raw/train_eval) 3.2/0.6/0.0/0.0s | 3.7s
2026-08-30 19:56:31 | Epoch 032/060 | loss 3.0191 | cls 1.7183 | tal -0.1623 | dual_g 1.3495 | dual_d 0.8469 | train_acc 0.9058 | train_full n/a | val_acc 0.9697 | val_f1 0.9664 | adv/moduleC 1.00/1.00 | disc_steps 3 | grad(main/disc) 8.746/1.382 | lr(main/disc) 6.00e-05/3.00e-05 | cuda_peak(alloc/resv) 21.78/29.15GB | phase(train/val/raw/train_eval) 2.9/0.6/0.0/0.0s | 3.5s
2026-08-30 19:56:35 | Epoch 033/060 | loss 2.9630 | cls 1.7031 | tal -0.1929 | dual_g 1.3178 | dual_d 0.8809 | train_acc 0.9112 | train_full n/a | val_acc 0.9697 | val_f1 0.9644 | adv/moduleC 1.00/1.00 | disc_steps 3 | grad(main/disc) 10.063/1.404 | lr(main/disc) 6.00e-05/3.00e-05 | cuda_peak(alloc/resv) 21.78/29.15GB | phase(train/val/raw/train_eval) 3.4/0.6/0.0/0.0s | 4.0s
2026-08-30 19:56:39 | Epoch 034/060 | loss 3.0188 | cls 1.7494 | tal -0.1738 | dual_g 1.3215 | dual_d 0.8854 | train_acc 0.8822 | train_full n/a | val_acc 0.9621 | val_f1 0.9480 | adv/moduleC 1.00/1.00 | disc_steps 3 | grad(main/disc) 10.564/1.404 | lr(main/disc) 6.00e-05/3.00e-05 | cuda_peak(alloc/resv) 21.78/29.15GB | phase(train/val/raw/train_eval) 3.2/0.6/0.0/0.0s | 3.7s
2026-08-30 19:56:44 | Epoch 035/060 | loss 2.9598 | cls 1.7019 | tal -0.1758 | dual_g 1.3106 | dual_d 0.9070 | train_acc 0.9040 | train_full 0.9724 | val_acc 0.9621 | val_f1 0.9454 | adv/moduleC 1.00/1.00 | disc_steps 3 | grad(main/disc) 8.734/1.419 | lr(main/disc) 6.00e-05/3.00e-05 | cuda_peak(alloc/resv) 21.78/29.15GB | phase(train/val/raw/train_eval) 3.2/0.6/0.6/0.8s | 5.2s
2026-08-30 19:56:48 | Epoch 036/060 | loss 2.8908 | cls 1.6470 | tal -0.1722 | dual_g 1.2955 | dual_d 0.9372 | train_acc 0.9167 | train_full n/a | val_acc 0.9848 | val_f1 0.9850 | adv/moduleC 1.00/1.00 | disc_steps 3 | grad(main/disc) 8.928/1.424 | lr(main/disc) 6.00e-05/3.00e-05 | cuda_peak(alloc/resv) 21.78/29.15GB | phase(train/val/raw/train_eval) 3.2/0.6/0.0/0.0s | 3.8s
2026-08-30 19:56:52 | Epoch 037/060 | loss 2.8813 | cls 1.6490 | tal -0.1665 | dual_g 1.2822 | dual_d 0.9516 | train_acc 0.9149 | train_full n/a | val_acc 0.9697 | val_f1 0.9543 | adv/moduleC 1.00/1.00 | disc_steps 3 | grad(main/disc) 8.972/1.437 | lr(main/disc) 6.00e-05/3.00e-05 | cuda_peak(alloc/resv) 21.78/29.15GB | phase(train/val/raw/train_eval) 3.2/0.6/0.0/0.0s | 3.8s
2026-08-30 19:56:55 | Epoch 038/060 | loss 2.8440 | cls 1.6422 | tal -0.1777 | dual_g 1.2551 | dual_d 0.9545 | train_acc 0.9221 | train_full n/a | val_acc 0.9773 | val_f1 0.9805 | adv/moduleC 1.00/1.00 | disc_steps 3 | grad(main/disc) 10.074/1.405 | lr(main/disc) 6.00e-05/3.00e-05 | cuda_peak(alloc/resv) 21.78/29.15GB | phase(train/val/raw/train_eval) 3.2/0.6/0.0/0.0s | 3.8s
2026-08-30 19:56:59 | Epoch 039/060 | loss 2.7991 | cls 1.6043 | tal -0.1649 | dual_g 1.2443 | dual_d 0.9471 | train_acc 0.9565 | train_full n/a | val_acc 0.9697 | val_f1 0.9763 | adv/moduleC 1.00/1.00 | disc_steps 3 | grad(main/disc) 8.311/1.388 | lr(main/disc) 6.00e-05/3.00e-05 | cuda_peak(alloc/resv) 21.78/29.15GB | phase(train/val/raw/train_eval) 3.3/0.6/0.0/0.0s | 3.9s
2026-08-30 19:57:05 | Epoch 040/060 | loss 2.8294 | cls 1.6191 | tal -0.1141 | dual_g 1.2445 | dual_d 0.9397 | train_acc 0.9330 | train_full 0.9901 | val_acc 0.9697 | val_f1 0.9568 | adv/moduleC 1.00/1.00 | disc_steps 3 | grad(main/disc) 10.207/1.373 | lr(main/disc) 6.00e-05/3.00e-05 | cuda_peak(alloc/resv) 21.78/29.15GB | phase(train/val/raw/train_eval) 3.3/0.6/0.6/0.8s | 5.3s
2026-08-30 19:57:09 | Epoch 041/060 | loss 2.8386 | cls 1.6433 | tal -0.1544 | dual_g 1.2416 | dual_d 0.9361 | train_acc 0.9221 | train_full n/a | val_acc 0.9848 | val_f1 0.9850 | adv/moduleC 1.00/1.00 | disc_steps 3 | grad(main/disc) 9.568/1.382 | lr(main/disc) 6.00e-05/3.00e-05 | cuda_peak(alloc/resv) 21.78/29.15GB | phase(train/val/raw/train_eval) 3.3/0.6/0.0/0.0s | 3.9s
2026-08-30 19:57:12 | Epoch 042/060 | loss 2.7666 | cls 1.5902 | tal -0.1649 | dual_g 1.2258 | dual_d 0.9619 | train_acc 0.9475 | train_full n/a | val_acc 0.9470 | val_f1 0.9285 | adv/moduleC 1.00/1.00 | disc_steps 3 | grad(main/disc) 8.464/1.337 | lr(main/disc) 6.00e-05/3.00e-05 | cuda_peak(alloc/resv) 21.78/29.15GB | phase(train/val/raw/train_eval) 3.4/0.6/0.0/0.0s | 3.9s
2026-08-30 19:57:16 | Epoch 043/060 | loss 2.7584 | cls 1.5930 | tal -0.1995 | dual_g 1.2253 | dual_d 0.9512 | train_acc 0.9457 | train_full n/a | val_acc 0.9848 | val_f1 0.9772 | adv/moduleC 1.00/1.00 | disc_steps 3 | grad(main/disc) 8.641/1.344 | lr(main/disc) 6.00e-05/3.00e-05 | cuda_peak(alloc/resv) 21.78/29.15GB | phase(train/val/raw/train_eval) 3.2/0.6/0.0/0.0s | 3.8s
2026-08-30 19:57:20 | Epoch 044/060 | loss 2.7500 | cls 1.5921 | tal -0.1889 | dual_g 1.2146 | dual_d 0.9484 | train_acc 0.9529 | train_full n/a | val_acc 0.9773 | val_f1 0.9790 | adv/moduleC 1.00/1.00 | disc_steps 3 | grad(main/disc) 7.253/1.351 | lr(main/disc) 6.00e-05/3.00e-05 | cuda_peak(alloc/resv) 21.78/29.15GB | phase(train/val/raw/train_eval) 3.1/0.6/0.0/0.0s | 3.7s
2026-08-30 19:57:25 | Epoch 045/060 | loss 2.7222 | cls 1.5670 | tal -0.1822 | dual_g 1.2099 | dual_d 1.0002 | train_acc 0.9565 | train_full 0.9882 | val_acc 0.9848 | val_f1 0.9850 | adv/moduleC 1.00/1.00 | disc_steps 3 | grad(main/disc) 8.829/1.362 | lr(main/disc) 3.00e-05/1.50e-05 | cuda_peak(alloc/resv) 21.78/29.15GB | phase(train/val/raw/train_eval) 3.3/0.6/0.7/0.8s | 5.4s
2026-08-30 19:57:28 | New best val_f1_macro_present: raw=0.9850 stable_score=0.9285 at epoch 45
2026-08-30 19:57:33 | Epoch 046/060 | loss 2.6810 | cls 1.5575 | tal -0.1848 | dual_g 1.1789 | dual_d 1.0052 | train_acc 0.9511 | train_full n/a | val_acc 0.9773 | val_f1 0.9730 | adv/moduleC 1.00/1.00 | disc_steps 3 | grad(main/disc) 5.969/1.378 | lr(main/disc) 3.00e-05/1.50e-05 | cuda_peak(alloc/resv) 21.78/29.15GB | phase(train/val/raw/train_eval) 3.3/0.6/0.6/0.0s | 4.5s
2026-08-30 19:57:36 | New best val_f1_macro_present: raw=0.9730 stable_score=0.9730 at epoch 46
2026-08-30 19:57:39 | Epoch 047/060 | loss 2.6593 | cls 1.5432 | tal -0.2010 | dual_g 1.1763 | dual_d 0.9965 | train_acc 0.9529 | train_full n/a | val_acc 0.9697 | val_f1 0.9609 | adv/moduleC 1.00/1.00 | disc_steps 3 | grad(main/disc) 7.850/1.377 | lr(main/disc) 3.00e-05/1.50e-05 | cuda_peak(alloc/resv) 21.78/29.15GB | phase(train/val/raw/train_eval) 3.3/0.6/0.0/0.0s | 3.9s
2026-08-30 19:57:44 | Epoch 048/060 | loss 2.6569 | cls 1.5310 | tal -0.1907 | dual_g 1.1831 | dual_d 1.0431 | train_acc 0.9746 | train_full n/a | val_acc 0.9621 | val_f1 0.9430 | adv/moduleC 1.00/1.00 | disc_steps 3 | grad(main/disc) 6.844/1.414 | lr(main/disc) 3.00e-05/1.50e-05 | cuda_peak(alloc/resv) 21.78/29.15GB | phase(train/val/raw/train_eval) 3.6/0.6/0.0/0.0s | 4.2s
2026-08-30 19:57:48 | Epoch 049/060 | loss 2.6205 | cls 1.5113 | tal -0.1509 | dual_g 1.1545 | dual_d 1.0166 | train_acc 0.9783 | train_full n/a | val_acc 0.9773 | val_f1 0.9730 | adv/moduleC 1.00/1.00 | disc_steps 3 | grad(main/disc) 5.748/1.377 | lr(main/disc) 3.00e-05/1.50e-05 | cuda_peak(alloc/resv) 21.78/29.15GB | phase(train/val/raw/train_eval) 3.5/0.6/0.0/0.0s | 4.1s
2026-08-30 19:57:53 | Epoch 050/060 | loss 2.6659 | cls 1.5468 | tal -0.1313 | dual_g 1.1585 | dual_d 1.0162 | train_acc 0.9511 | train_full 0.9862 | val_acc 0.9773 | val_f1 0.9756 | adv/moduleC 1.00/1.00 | disc_steps 3 | grad(main/disc) 6.791/1.357 | lr(main/disc) 3.00e-05/1.50e-05 | cuda_peak(alloc/resv) 21.78/29.15GB | phase(train/val/raw/train_eval) 3.2/0.6/0.6/0.8s | 5.2s
2026-08-30 19:57:57 | Epoch 051/060 | loss 2.6615 | cls 1.5356 | tal -0.1120 | dual_g 1.1595 | dual_d 1.0296 | train_acc 0.9620 | train_full n/a | val_acc 0.9621 | val_f1 0.9451 | adv/moduleC 1.00/1.00 | disc_steps 3 | grad(main/disc) 6.858/1.381 | lr(main/disc) 3.00e-05/1.50e-05 | cuda_peak(alloc/resv) 21.78/29.15GB | phase(train/val/raw/train_eval) 3.4/0.6/0.0/0.0s | 3.9s
2026-08-30 19:58:01 | Epoch 052/060 | loss 2.6324 | cls 1.5183 | tal -0.1308 | dual_g 1.1533 | dual_d 1.0232 | train_acc 0.9764 | train_full n/a | val_acc 0.9621 | val_f1 0.9443 | adv/moduleC 1.00/1.00 | disc_steps 3 | grad(main/disc) 5.881/1.338 | lr(main/disc) 3.00e-05/1.50e-05 | cuda_peak(alloc/resv) 21.78/29.15GB | phase(train/val/raw/train_eval) 3.3/0.6/0.0/0.0s | 3.9s
2026-08-30 19:58:05 | Epoch 053/060 | loss 2.6415 | cls 1.5305 | tal -0.1431 | dual_g 1.1540 | dual_d 1.0124 | train_acc 0.9638 | train_full n/a | val_acc 0.9697 | val_f1 0.9591 | adv/moduleC 1.00/1.00 | disc_steps 3 | grad(main/disc) 6.092/1.315 | lr(main/disc) 3.00e-05/1.50e-05 | cuda_peak(alloc/resv) 21.78/29.15GB | phase(train/val/raw/train_eval) 3.2/0.6/0.0/0.0s | 3.8s
2026-08-30 19:58:08 | Epoch 054/060 | loss 2.6386 | cls 1.5342 | tal -0.1492 | dual_g 1.1491 | dual_d 1.0463 | train_acc 0.9710 | train_full n/a | val_acc 0.9848 | val_f1 0.9850 | adv/moduleC 1.00/1.00 | disc_steps 3 | grad(main/disc) 6.102/1.361 | lr(main/disc) 1.50e-05/7.50e-06 | cuda_peak(alloc/resv) 21.78/29.15GB | phase(train/val/raw/train_eval) 3.3/0.6/0.0/0.0s | 3.8s
2026-08-30 19:58:14 | Epoch 055/060 | loss 2.6264 | cls 1.5213 | tal -0.1187 | dual_g 1.1407 | dual_d 1.0347 | train_acc 0.9764 | train_full 0.9941 | val_acc 0.9697 | val_f1 0.9593 | adv/moduleC 1.00/1.00 | disc_steps 3 | grad(main/disc) 6.089/1.313 | lr(main/disc) 1.50e-05/7.50e-06 | cuda_peak(alloc/resv) 21.78/29.15GB | phase(train/val/raw/train_eval) 3.2/0.6/0.6/0.8s | 5.2s
2026-08-30 19:58:17 | Epoch 056/060 | loss 2.6009 | cls 1.5087 | tal -0.1356 | dual_g 1.1329 | dual_d 1.0633 | train_acc 0.9674 | train_full n/a | val_acc 0.9773 | val_f1 0.9790 | adv/moduleC 1.00/1.00 | disc_steps 3 | grad(main/disc) 5.071/1.357 | lr(main/disc) 1.50e-05/7.50e-06 | cuda_peak(alloc/resv) 21.78/29.15GB | phase(train/val/raw/train_eval) 3.2/0.6/0.0/0.0s | 3.8s
2026-08-30 19:58:22 | Epoch 057/060 | loss 2.6025 | cls 1.5104 | tal -0.1298 | dual_g 1.1311 | dual_d 0.9992 | train_acc 0.9783 | train_full n/a | val_acc 0.9773 | val_f1 0.9790 | adv/moduleC 1.00/1.00 | disc_steps 3 | grad(main/disc) 5.092/1.278 | lr(main/disc) 1.50e-05/7.50e-06 | cuda_peak(alloc/resv) 21.78/29.15GB | phase(train/val/raw/train_eval) 3.5/0.6/0.0/0.0s | 4.1s
2026-08-30 19:58:25 | Epoch 058/060 | loss 2.6114 | cls 1.5144 | tal -0.1423 | dual_g 1.1397 | dual_d 1.0291 | train_acc 0.9783 | train_full n/a | val_acc 0.9773 | val_f1 0.9790 | adv/moduleC 1.00/1.00 | disc_steps 3 | grad(main/disc) 5.982/1.311 | lr(main/disc) 1.50e-05/7.50e-06 | cuda_peak(alloc/resv) 21.78/29.15GB | phase(train/val/raw/train_eval) 3.2/0.6/0.0/0.0s | 3.8s
2026-08-30 19:58:29 | Epoch 059/060 | loss 2.5790 | cls 1.4958 | tal -0.1631 | dual_g 1.1322 | dual_d 1.0540 | train_acc 0.9728 | train_full n/a | val_acc 0.9697 | val_f1 0.9593 | adv/moduleC 1.00/1.00 | disc_steps 3 | grad(main/disc) 6.404/1.326 | lr(main/disc) 1.50e-05/7.50e-06 | cuda_peak(alloc/resv) 21.78/29.15GB | phase(train/val/raw/train_eval) 2.9/0.6/0.0/0.0s | 3.5s
2026-08-30 19:58:34 | Epoch 060/060 | loss 2.5765 | cls 1.4874 | tal -0.1347 | dual_g 1.1296 | dual_d 1.0500 | train_acc 0.9764 | train_full 0.9921 | val_acc 0.9773 | val_f1 0.9578 | adv/moduleC 1.00/1.00 | disc_steps 3 | grad(main/disc) 5.092/1.340 | lr(main/disc) 1.50e-05/7.50e-06 | cuda_peak(alloc/resv) 21.78/29.15GB | phase(train/val/raw/train_eval) 3.0/0.6/0.6/0.8s | 5.0s
2026-08-30 19:58:34 | Training complete. Peak validation accuracy: 0.9848 | selected val_f1_macro_present: 0.9730
2026-08-30 19:58:34 | Starting Dual_D standalone training
2026-08-30 19:58:34 | Run directory: runs/module_c_v12_strong_full_gate/module_c_20260830_193928/module_c_full_雾天_20260830_193929
2026-08-30 19:58:34 | Device: cuda
2026-08-30 19:58:34 | Source train samples: 992
2026-08-30 19:58:34 | Target train samples: 507
2026-08-30 19:58:34 | Target val samples: 132
2026-08-30 19:58:34 | Classes: 14
2026-08-30 19:58:34 | Data audit: same_dir=False | path_overlap(vis/ir/ais)=0/0/0 | content_overlap(vis/ir/ais)=0/0/0 | ais_index_overlap=0 | stem_mismatch(vis-ir/vis-ais)=630/0
2026-08-30 19:58:34 | source_train classes: present 14/14 | absent 0 | counts [0:120, 1:44, 2:69, 3:45, 4:40, 5:30, 6:64, 7:80, 8:116, 9:68, 10:57, 11:83, 12:48, 13:128]
2026-08-30 19:58:34 | target_train classes: present 9/14 | absent 5 | counts [0:35, 1:18, 2:119, 6:110, 8:25, 9:50, 10:48, 12:9, 13:93]
2026-08-30 19:58:34 | target_val classes: present 9/14 | absent 5 | counts [0:9, 1:5, 2:30, 6:28, 8:7, 9:13, 10:13, 12:3, 13:24]
2026-08-30 19:58:34 | Paired training classes: 9/14 | class ids [0, 1, 2, 6, 8, 9, 10, 12, 13]
2026-08-30 19:58:34 | Runtime profile: batch=92 | paired_steps=6 | workers=16 | train_eval_every=5 | raw_eval_every=5 | stability_window=4 | lr_scheduler_start=28 | checkpoint_select_from=45 | early_stop=15 after min_epoch=55
2026-08-30 19:58:34 | Augmentation profile: base=0.720 | visible=0.720 | infrared=0.720 | freeze_frozen_batch_norm_stats=True
2026-08-30 19:58:34 | VIS/IR pairing: class-level-unpaired | count-mismatch classes train/val: 10/2 | AIS alignment: none | AIS rows train/val: 0/0
2026-08-30 19:58:35 | Effective Dual-D loss weights: {"adv_auxiliary": 0.035, "adv_primary": 0.035, "classification": 0.5, "contrastive": 0.04, "cycle": 0.32, "identity": 0.05, "prototype_contrastive": 0.06}
2026-08-30 19:58:35 | Model parameters: total=17277714 | trainable=17120210
Starting run 8/12: domain=雾天, iteration=2, seed=49
2026-08-30 19:58:41 | Epoch 001/060 | loss 5.1557 | cls 5.2359 | tal -0.2675 | dual_g 0.0000 | dual_d 0.0000 | train_acc 0.0942 | train_full 0.0434 | val_acc 0.0303 | val_f1 0.0234 | adv/moduleC 0.00/0.00 | disc_steps 0 | grad(main/disc) 13.827/0.000 | lr(main/disc) 6.00e-05/3.00e-05 | cuda_peak(alloc/resv) 21.78/29.15GB | phase(train/val/raw/train_eval) 3.9/0.6/0.6/0.8s | 5.9s
2026-08-30 19:58:45 | Epoch 002/060 | loss 4.5641 | cls 4.6299 | tal -0.2193 | dual_g 0.0000 | dual_d 0.0000 | train_acc 0.1304 | train_full n/a | val_acc 0.1212 | val_f1 0.0670 | adv/moduleC 0.00/0.00 | disc_steps 0 | grad(main/disc) 11.647/0.000 | lr(main/disc) 6.00e-05/3.00e-05 | cuda_peak(alloc/resv) 21.78/29.15GB | phase(train/val/raw/train_eval) 3.4/0.6/0.0/0.0s | 4.0s
2026-08-30 19:58:48 | Epoch 003/060 | loss 4.1608 | cls 4.1923 | tal -0.1051 | dual_g 0.0000 | dual_d 0.0000 | train_acc 0.2029 | train_full n/a | val_acc 0.2879 | val_f1 0.1810 | adv/moduleC 0.00/0.00 | disc_steps 0 | grad(main/disc) 10.144/0.000 | lr(main/disc) 6.00e-05/3.00e-05 | cuda_peak(alloc/resv) 21.78/29.15GB | phase(train/val/raw/train_eval) 3.1/0.6/0.0/0.0s | 3.7s
2026-08-30 19:58:52 | Epoch 004/060 | loss 3.9435 | cls 3.9469 | tal -0.0113 | dual_g 0.0000 | dual_d 0.0000 | train_acc 0.1993 | train_full n/a | val_acc 0.3939 | val_f1 0.2961 | adv/moduleC 0.00/0.00 | disc_steps 0 | grad(main/disc) 9.622/0.000 | lr(main/disc) 6.00e-05/3.00e-05 | cuda_peak(alloc/resv) 21.78/29.15GB | phase(train/val/raw/train_eval) 3.2/0.6/0.0/0.0s | 3.7s
2026-08-30 19:58:57 | Epoch 005/060 | loss 3.6114 | cls 3.6176 | tal -0.0206 | dual_g 0.0000 | dual_d 0.0000 | train_acc 0.2446 | train_full 0.5010 | val_acc 0.4924 | val_f1 0.3612 | adv/moduleC 0.00/0.00 | disc_steps 0 | grad(main/disc) 9.142/0.000 | lr(main/disc) 6.00e-05/3.00e-05 | cuda_peak(alloc/resv) 21.78/29.15GB | phase(train/val/raw/train_eval) 3.1/0.6/0.6/0.8s | 5.0s
2026-08-30 19:59:01 | Epoch 006/060 | loss 3.4847 | cls 3.4892 | tal -0.0152 | dual_g 0.0000 | dual_d 0.0000 | train_acc 0.2826 | train_full n/a | val_acc 0.5682 | val_f1 0.4581 | adv/moduleC 0.00/0.00 | disc_steps 0 | grad(main/disc) 9.179/0.000 | lr(main/disc) 6.00e-05/3.00e-05 | cuda_peak(alloc/resv) 21.78/29.15GB | phase(train/val/raw/train_eval) 3.1/0.6/0.0/0.0s | 3.7s
2026-08-30 19:59:05 | Epoch 007/060 | loss 3.2793 | cls 3.2733 | tal 0.0199 | dual_g 0.0000 | dual_d 0.0000 | train_acc 0.3243 | train_full n/a | val_acc 0.6136 | val_f1 0.5608 | adv/moduleC 0.00/0.00 | disc_steps 0 | grad(main/disc) 8.886/0.000 | lr(main/disc) 6.00e-05/3.00e-05 | cuda_peak(alloc/resv) 21.78/29.15GB | phase(train/val/raw/train_eval) 3.1/0.6/0.0/0.0s | 3.7s
2026-08-30 19:59:09 | Epoch 008/060 | loss 3.4378 | cls 3.2547 | tal 0.0414 | dual_g 0.1707 | dual_d 0.7603 | train_acc 0.3496 | train_full n/a | val_acc 0.6970 | val_f1 0.6531 | adv/moduleC 0.04/0.07 | disc_steps 3 | grad(main/disc) 8.862/1.451 | lr(main/disc) 6.00e-05/3.00e-05 | cuda_peak(alloc/resv) 21.78/29.15GB | phase(train/val/raw/train_eval) 3.3/0.6/0.0/0.0s | 3.9s
2026-08-30 19:59:12 | Epoch 009/060 | loss 3.4245 | cls 3.0842 | tal 0.0293 | dual_g 0.3315 | dual_d 0.7324 | train_acc 0.3986 | train_full n/a | val_acc 0.6591 | val_f1 0.6274 | adv/moduleC 0.08/0.14 | disc_steps 3 | grad(main/disc) 9.209/1.427 | lr(main/disc) 6.00e-05/3.00e-05 | cuda_peak(alloc/resv) 21.78/29.15GB | phase(train/val/raw/train_eval) 3.1/0.6/0.0/0.0s | 3.6s
2026-08-30 19:59:17 | Epoch 010/060 | loss 3.3750 | cls 2.9024 | tal 0.0204 | dual_g 0.4665 | dual_d 0.7284 | train_acc 0.4583 | train_full 0.6903 | val_acc 0.6970 | val_f1 0.6783 | adv/moduleC 0.12/0.21 | disc_steps 3 | grad(main/disc) 8.522/1.398 | lr(main/disc) 6.00e-05/3.00e-05 | cuda_peak(alloc/resv) 21.78/29.15GB | phase(train/val/raw/train_eval) 3.2/0.6/0.6/0.8s | 5.2s
2026-08-30 19:59:21 | Epoch 011/060 | loss 3.5142 | cls 2.8802 | tal 0.0551 | dual_g 0.6175 | dual_d 0.7092 | train_acc 0.4493 | train_full n/a | val_acc 0.6970 | val_f1 0.6508 | adv/moduleC 0.17/0.29 | disc_steps 3 | grad(main/disc) 9.602/1.341 | lr(main/disc) 6.00e-05/3.00e-05 | cuda_peak(alloc/resv) 21.78/29.15GB | phase(train/val/raw/train_eval) 3.2/0.6/0.0/0.0s | 3.7s
2026-08-30 19:59:25 | Epoch 012/060 | loss 3.4496 | cls 2.7097 | tal 0.0186 | dual_g 0.7342 | dual_d 0.7496 | train_acc 0.5254 | train_full n/a | val_acc 0.7500 | val_f1 0.7043 | adv/moduleC 0.21/0.36 | disc_steps 3 | grad(main/disc) 9.629/1.359 | lr(main/disc) 6.00e-05/3.00e-05 | cuda_peak(alloc/resv) 21.78/29.15GB | phase(train/val/raw/train_eval) 3.4/0.6/0.0/0.0s | 4.0s
2026-08-30 19:59:29 | Epoch 013/060 | loss 3.4953 | cls 2.6334 | tal 0.0204 | dual_g 0.8558 | dual_d 0.7322 | train_acc 0.4692 | train_full n/a | val_acc 0.8409 | val_f1 0.8081 | adv/moduleC 0.25/0.43 | disc_steps 3 | grad(main/disc) 10.479/1.321 | lr(main/disc) 6.00e-05/3.00e-05 | cuda_peak(alloc/resv) 21.78/29.15GB | phase(train/val/raw/train_eval) 3.2/0.6/0.0/0.0s | 3.8s
2026-08-30 19:59:33 | Epoch 014/060 | loss 3.5680 | cls 2.5853 | tal 0.0056 | dual_g 0.9810 | dual_d 0.7541 | train_acc 0.5616 | train_full n/a | val_acc 0.8333 | val_f1 0.8355 | adv/moduleC 0.29/0.50 | disc_steps 3 | grad(main/disc) 10.559/1.348 | lr(main/disc) 6.00e-05/3.00e-05 | cuda_peak(alloc/resv) 21.78/29.15GB | phase(train/val/raw/train_eval) 3.3/0.6/0.0/0.0s | 3.9s
2026-08-30 19:59:38 | Epoch 015/060 | loss 3.4899 | cls 2.4335 | tal -0.0210 | dual_g 1.0626 | dual_d 0.7529 | train_acc 0.6558 | train_full 0.8166 | val_acc 0.8030 | val_f1 0.7913 | adv/moduleC 0.33/0.57 | disc_steps 3 | grad(main/disc) 11.607/1.338 | lr(main/disc) 6.00e-05/3.00e-05 | cuda_peak(alloc/resv) 21.78/29.15GB | phase(train/val/raw/train_eval) 2.9/0.6/0.6/0.8s | 4.9s
2026-08-30 19:59:42 | Epoch 016/060 | loss 3.5065 | cls 2.3586 | tal 0.0284 | dual_g 1.1394 | dual_d 0.7695 | train_acc 0.6377 | train_full n/a | val_acc 0.7879 | val_f1 0.8007 | adv/moduleC 0.38/0.64 | disc_steps 3 | grad(main/disc) 12.368/1.303 | lr(main/disc) 6.00e-05/3.00e-05 | cuda_peak(alloc/resv) 21.78/29.15GB | phase(train/val/raw/train_eval) 3.5/0.6/0.0/0.0s | 4.1s
2026-08-30 19:59:45 | Epoch 017/060 | loss 3.6156 | cls 2.3835 | tal -0.0592 | dual_g 1.2499 | dual_d 0.7703 | train_acc 0.6793 | train_full n/a | val_acc 0.8258 | val_f1 0.7997 | adv/moduleC 0.42/0.71 | disc_steps 3 | grad(main/disc) 13.532/1.334 | lr(main/disc) 6.00e-05/3.00e-05 | cuda_peak(alloc/resv) 21.78/29.15GB | phase(train/val/raw/train_eval) 3.1/0.6/0.0/0.0s | 3.7s
2026-08-30 19:59:49 | Epoch 018/060 | loss 3.6821 | cls 2.2875 | tal 0.0281 | dual_g 1.3862 | dual_d 0.7258 | train_acc 0.6902 | train_full n/a | val_acc 0.8485 | val_f1 0.8268 | adv/moduleC 0.46/0.79 | disc_steps 3 | grad(main/disc) 11.710/1.236 | lr(main/disc) 6.00e-05/3.00e-05 | cuda_peak(alloc/resv) 21.78/29.15GB | phase(train/val/raw/train_eval) 3.1/0.6/0.0/0.0s | 3.7s
2026-08-30 19:59:53 | Epoch 019/060 | loss 3.6152 | cls 2.1856 | tal 0.0040 | dual_g 1.4284 | dual_d 0.7454 | train_acc 0.7101 | train_full n/a | val_acc 0.8939 | val_f1 0.9015 | adv/moduleC 0.50/0.86 | disc_steps 3 | grad(main/disc) 11.663/1.255 | lr(main/disc) 6.00e-05/3.00e-05 | cuda_peak(alloc/resv) 21.78/29.15GB | phase(train/val/raw/train_eval) 3.2/0.6/0.0/0.0s | 3.8s
2026-08-30 19:59:58 | Epoch 020/060 | loss 3.7004 | cls 2.1705 | tal -0.0007 | dual_g 1.5301 | dual_d 0.7433 | train_acc 0.7319 | train_full 0.8994 | val_acc 0.8939 | val_f1 0.9041 | adv/moduleC 0.54/0.93 | disc_steps 3 | grad(main/disc) 12.645/1.243 | lr(main/disc) 6.00e-05/3.00e-05 | cuda_peak(alloc/resv) 21.78/29.15GB | phase(train/val/raw/train_eval) 3.2/0.6/0.6/0.8s | 5.2s
2026-08-30 20:00:02 | Epoch 021/060 | loss 3.6671 | cls 2.0666 | tal 0.0396 | dual_g 1.5886 | dual_d 0.7375 | train_acc 0.7500 | train_full n/a | val_acc 0.9242 | val_f1 0.9163 | adv/moduleC 0.58/1.00 | disc_steps 3 | grad(main/disc) 11.848/1.257 | lr(main/disc) 6.00e-05/3.00e-05 | cuda_peak(alloc/resv) 21.78/29.15GB | phase(train/val/raw/train_eval) 3.3/0.6/0.0/0.0s | 3.8s
2026-08-30 20:00:06 | Epoch 022/060 | loss 3.6538 | cls 2.0747 | tal 0.0148 | dual_g 1.5747 | dual_d 0.7527 | train_acc 0.7772 | train_full n/a | val_acc 0.8788 | val_f1 0.8813 | adv/moduleC 0.62/1.00 | disc_steps 3 | grad(main/disc) 14.120/1.212 | lr(main/disc) 6.00e-05/3.00e-05 | cuda_peak(alloc/resv) 21.78/29.15GB | phase(train/val/raw/train_eval) 3.4/0.6/0.0/0.0s | 4.0s
2026-08-30 20:00:09 | Epoch 023/060 | loss 3.5279 | cls 2.0021 | tal -0.0170 | dual_g 1.5309 | dual_d 0.7182 | train_acc 0.7790 | train_full n/a | val_acc 0.9318 | val_f1 0.9285 | adv/moduleC 0.67/1.00 | disc_steps 3 | grad(main/disc) 11.766/1.217 | lr(main/disc) 6.00e-05/3.00e-05 | cuda_peak(alloc/resv) 21.78/29.15GB | phase(train/val/raw/train_eval) 3.0/0.6/0.0/0.0s | 3.6s
2026-08-30 20:00:13 | Epoch 024/060 | loss 3.5073 | cls 2.0046 | tal 0.0097 | dual_g 1.4999 | dual_d 0.7306 | train_acc 0.7627 | train_full n/a | val_acc 0.9015 | val_f1 0.8913 | adv/moduleC 0.71/1.00 | disc_steps 3 | grad(main/disc) 13.237/1.176 | lr(main/disc) 6.00e-05/3.00e-05 | cuda_peak(alloc/resv) 21.78/29.15GB | phase(train/val/raw/train_eval) 3.0/0.6/0.0/0.0s | 3.6s
2026-08-30 20:00:18 | Epoch 025/060 | loss 3.3822 | cls 1.9277 | tal -0.0183 | dual_g 1.4600 | dual_d 0.7864 | train_acc 0.8080 | train_full 0.9172 | val_acc 0.8864 | val_f1 0.8777 | adv/moduleC 0.75/1.00 | disc_steps 3 | grad(main/disc) 12.370/1.252 | lr(main/disc) 6.00e-05/3.00e-05 | cuda_peak(alloc/resv) 21.78/29.15GB | phase(train/val/raw/train_eval) 3.1/0.6/0.6/0.8s | 5.1s
2026-08-30 20:00:22 | Epoch 026/060 | loss 3.3417 | cls 1.9056 | tal -0.0473 | dual_g 1.4503 | dual_d 0.7298 | train_acc 0.8043 | train_full n/a | val_acc 0.9167 | val_f1 0.9198 | adv/moduleC 0.79/1.00 | disc_steps 3 | grad(main/disc) 11.571/1.211 | lr(main/disc) 6.00e-05/3.00e-05 | cuda_peak(alloc/resv) 21.78/29.15GB | phase(train/val/raw/train_eval) 3.4/0.6/0.0/0.0s | 4.0s
2026-08-30 20:00:26 | Epoch 027/060 | loss 3.3112 | cls 1.8707 | tal 0.0192 | dual_g 1.4348 | dual_d 0.7728 | train_acc 0.8243 | train_full n/a | val_acc 0.8939 | val_f1 0.8650 | adv/moduleC 0.83/1.00 | disc_steps 3 | grad(main/disc) 11.946/1.214 | lr(main/disc) 6.00e-05/3.00e-05 | cuda_peak(alloc/resv) 21.78/29.15GB | phase(train/val/raw/train_eval) 3.3/0.6/0.0/0.0s | 3.9s
2026-08-30 20:00:30 | Epoch 028/060 | loss 3.3275 | cls 1.8831 | tal 0.0383 | dual_g 1.4329 | dual_d 0.7622 | train_acc 0.8333 | train_full n/a | val_acc 0.9470 | val_f1 0.9421 | adv/moduleC 0.88/1.00 | disc_steps 3 | grad(main/disc) 11.732/1.211 | lr(main/disc) 6.00e-05/3.00e-05 | cuda_peak(alloc/resv) 21.78/29.15GB | phase(train/val/raw/train_eval) 3.4/0.6/0.0/0.0s | 4.0s
2026-08-30 20:00:34 | Epoch 029/060 | loss 3.2545 | cls 1.8515 | tal -0.0053 | dual_g 1.4047 | dual_d 0.7317 | train_acc 0.8188 | train_full n/a | val_acc 0.9318 | val_f1 0.9299 | adv/moduleC 0.92/1.00 | disc_steps 3 | grad(main/disc) 12.803/1.124 | lr(main/disc) 6.00e-05/3.00e-05 | cuda_peak(alloc/resv) 21.78/29.15GB | phase(train/val/raw/train_eval) 3.1/0.6/0.0/0.0s | 3.7s
2026-08-30 20:00:39 | Epoch 030/060 | loss 3.2683 | cls 1.8495 | tal 0.0095 | dual_g 1.4160 | dual_d 0.7702 | train_acc 0.8243 | train_full 0.9527 | val_acc 0.9167 | val_f1 0.9347 | adv/moduleC 0.96/1.00 | disc_steps 3 | grad(main/disc) 12.148/1.225 | lr(main/disc) 6.00e-05/3.00e-05 | cuda_peak(alloc/resv) 21.78/29.15GB | phase(train/val/raw/train_eval) 3.2/0.6/0.6/0.8s | 5.2s
2026-08-30 20:00:43 | Epoch 031/060 | loss 3.1936 | cls 1.7961 | tal -0.0161 | dual_g 1.4023 | dual_d 0.8041 | train_acc 0.8641 | train_full n/a | val_acc 0.9167 | val_f1 0.9197 | adv/moduleC 1.00/1.00 | disc_steps 3 | grad(main/disc) 14.353/1.241 | lr(main/disc) 6.00e-05/3.00e-05 | cuda_peak(alloc/resv) 21.78/29.15GB | phase(train/val/raw/train_eval) 3.3/0.6/0.0/0.0s | 3.9s
2026-08-30 20:00:47 | Epoch 032/060 | loss 3.1978 | cls 1.8070 | tal -0.0253 | dual_g 1.3984 | dual_d 0.7896 | train_acc 0.8478 | train_full n/a | val_acc 0.9167 | val_f1 0.9172 | adv/moduleC 1.00/1.00 | disc_steps 3 | grad(main/disc) 13.129/1.206 | lr(main/disc) 6.00e-05/3.00e-05 | cuda_peak(alloc/resv) 21.78/29.15GB | phase(train/val/raw/train_eval) 3.0/0.6/0.0/0.0s | 3.6s
2026-08-30 20:00:50 | Epoch 033/060 | loss 3.1363 | cls 1.7802 | tal -0.0187 | dual_g 1.3617 | dual_d 0.8289 | train_acc 0.8533 | train_full n/a | val_acc 0.9015 | val_f1 0.8716 | adv/moduleC 1.00/1.00 | disc_steps 3 | grad(main/disc) 12.437/1.228 | lr(main/disc) 6.00e-05/3.00e-05 | cuda_peak(alloc/resv) 21.78/29.15GB | phase(train/val/raw/train_eval) 3.0/0.6/0.0/0.0s | 3.6s
2026-08-30 20:00:54 | Epoch 034/060 | loss 3.0636 | cls 1.7381 | tal -0.0498 | dual_g 1.3405 | dual_d 0.8169 | train_acc 0.8841 | train_full n/a | val_acc 0.9318 | val_f1 0.9264 | adv/moduleC 1.00/1.00 | disc_steps 3 | grad(main/disc) 11.796/1.229 | lr(main/disc) 6.00e-05/3.00e-05 | cuda_peak(alloc/resv) 21.78/29.15GB | phase(train/val/raw/train_eval) 3.2/0.6/0.0/0.0s | 3.8s
2026-08-30 20:00:59 | Epoch 035/060 | loss 3.0060 | cls 1.7187 | tal -0.0299 | dual_g 1.2962 | dual_d 0.8243 | train_acc 0.8822 | train_full 0.9665 | val_acc 0.9545 | val_f1 0.9613 | adv/moduleC 1.00/1.00 | disc_steps 3 | grad(main/disc) 11.245/1.219 | lr(main/disc) 6.00e-05/3.00e-05 | cuda_peak(alloc/resv) 21.78/29.15GB | phase(train/val/raw/train_eval) 3.0/0.6/0.6/0.9s | 5.0s
2026-08-30 20:01:03 | Epoch 036/060 | loss 2.9967 | cls 1.6892 | tal -0.0419 | dual_g 1.3200 | dual_d 0.8130 | train_acc 0.8895 | train_full n/a | val_acc 0.9697 | val_f1 0.9641 | adv/moduleC 1.00/1.00 | disc_steps 3 | grad(main/disc) 11.021/1.186 | lr(main/disc) 6.00e-05/3.00e-05 | cuda_peak(alloc/resv) 21.78/29.15GB | phase(train/val/raw/train_eval) 3.2/0.6/0.0/0.0s | 3.8s
2026-08-30 20:01:07 | Epoch 037/060 | loss 2.9467 | cls 1.6760 | tal -0.0778 | dual_g 1.2940 | dual_d 0.8521 | train_acc 0.9040 | train_full n/a | val_acc 0.9545 | val_f1 0.9586 | adv/moduleC 1.00/1.00 | disc_steps 3 | grad(main/disc) 10.969/1.218 | lr(main/disc) 6.00e-05/3.00e-05 | cuda_peak(alloc/resv) 21.78/29.15GB | phase(train/val/raw/train_eval) 3.2/0.6/0.0/0.0s | 3.8s
2026-08-30 20:01:10 | Epoch 038/060 | loss 2.9586 | cls 1.6984 | tal -0.0714 | dual_g 1.2817 | dual_d 0.8341 | train_acc 0.8877 | train_full n/a | val_acc 0.9545 | val_f1 0.9544 | adv/moduleC 1.00/1.00 | disc_steps 3 | grad(main/disc) 13.663/1.160 | lr(main/disc) 6.00e-05/3.00e-05 | cuda_peak(alloc/resv) 21.78/29.15GB | phase(train/val/raw/train_eval) 3.0/0.6/0.0/0.0s | 3.6s
2026-08-30 20:01:14 | Epoch 039/060 | loss 2.9761 | cls 1.6930 | tal -0.0427 | dual_g 1.2958 | dual_d 0.8260 | train_acc 0.9221 | train_full n/a | val_acc 0.9242 | val_f1 0.9123 | adv/moduleC 1.00/1.00 | disc_steps 3 | grad(main/disc) 17.353/1.165 | lr(main/disc) 6.00e-05/3.00e-05 | cuda_peak(alloc/resv) 21.78/29.15GB | phase(train/val/raw/train_eval) 3.1/0.6/0.0/0.0s | 3.7s
2026-08-30 20:01:19 | Epoch 040/060 | loss 2.9012 | cls 1.6537 | tal -0.0483 | dual_g 1.2620 | dual_d 0.8031 | train_acc 0.9185 | train_full 0.9862 | val_acc 0.9394 | val_f1 0.9335 | adv/moduleC 1.00/1.00 | disc_steps 3 | grad(main/disc) 10.307/1.156 | lr(main/disc) 6.00e-05/3.00e-05 | cuda_peak(alloc/resv) 21.78/29.15GB | phase(train/val/raw/train_eval) 3.2/0.6/0.6/0.8s | 5.2s
2026-08-30 20:01:23 | Epoch 041/060 | loss 2.8661 | cls 1.6270 | tal -0.0352 | dual_g 1.2497 | dual_d 0.8485 | train_acc 0.9420 | train_full n/a | val_acc 0.9470 | val_f1 0.9345 | adv/moduleC 1.00/1.00 | disc_steps 3 | grad(main/disc) 9.307/1.231 | lr(main/disc) 6.00e-05/3.00e-05 | cuda_peak(alloc/resv) 21.78/29.15GB | phase(train/val/raw/train_eval) 3.2/0.6/0.0/0.0s | 3.8s
2026-08-30 20:01:27 | Epoch 042/060 | loss 2.8732 | cls 1.6309 | tal -0.0171 | dual_g 1.2474 | dual_d 0.8356 | train_acc 0.9330 | train_full n/a | val_acc 0.9773 | val_f1 0.9790 | adv/moduleC 1.00/1.00 | disc_steps 3 | grad(main/disc) 8.976/1.170 | lr(main/disc) 6.00e-05/3.00e-05 | cuda_peak(alloc/resv) 21.78/29.15GB | phase(train/val/raw/train_eval) 3.1/0.6/0.0/0.0s | 3.7s
2026-08-30 20:01:30 | Epoch 043/060 | loss 2.8615 | cls 1.6370 | tal -0.0261 | dual_g 1.2324 | dual_d 0.8490 | train_acc 0.9402 | train_full n/a | val_acc 0.9621 | val_f1 0.9527 | adv/moduleC 1.00/1.00 | disc_steps 3 | grad(main/disc) 8.769/1.143 | lr(main/disc) 6.00e-05/3.00e-05 | cuda_peak(alloc/resv) 21.78/29.15GB | phase(train/val/raw/train_eval) 3.2/0.6/0.0/0.0s | 3.8s
2026-08-30 20:01:34 | Epoch 044/060 | loss 2.8293 | cls 1.6080 | tal 0.0230 | dual_g 1.2144 | dual_d 0.8633 | train_acc 0.9293 | train_full n/a | val_acc 0.9697 | val_f1 0.9724 | adv/moduleC 1.00/1.00 | disc_steps 3 | grad(main/disc) 8.353/1.153 | lr(main/disc) 6.00e-05/3.00e-05 | cuda_peak(alloc/resv) 21.78/29.15GB | phase(train/val/raw/train_eval) 3.3/0.6/0.0/0.0s | 3.9s
2026-08-30 20:01:39 | Epoch 045/060 | loss 2.8010 | cls 1.5880 | tal 0.0611 | dual_g 1.1947 | dual_d 0.8753 | train_acc 0.9601 | train_full 0.9763 | val_acc 0.9470 | val_f1 0.9311 | adv/moduleC 1.00/1.00 | disc_steps 3 | grad(main/disc) 6.773/1.164 | lr(main/disc) 6.00e-05/3.00e-05 | cuda_peak(alloc/resv) 21.78/29.15GB | phase(train/val/raw/train_eval) 3.0/0.6/0.6/0.8s | 5.0s
2026-08-30 20:01:42 | New best val_f1_macro_present: raw=0.9311 stable_score=0.9311 at epoch 45
2026-08-30 20:01:46 | Epoch 046/060 | loss 2.8170 | cls 1.6002 | tal 0.0472 | dual_g 1.2027 | dual_d 0.8601 | train_acc 0.9366 | train_full n/a | val_acc 0.9394 | val_f1 0.9422 | adv/moduleC 1.00/1.00 | disc_steps 3 | grad(main/disc) 10.669/1.140 | lr(main/disc) 6.00e-05/3.00e-05 | cuda_peak(alloc/resv) 21.78/29.15GB | phase(train/val/raw/train_eval) 3.2/0.6/0.0/0.0s | 3.8s
2026-08-30 20:01:50 | Epoch 047/060 | loss 2.7981 | cls 1.5915 | tal 0.0172 | dual_g 1.2014 | dual_d 0.9010 | train_acc 0.9601 | train_full n/a | val_acc 0.9621 | val_f1 0.9653 | adv/moduleC 1.00/1.00 | disc_steps 3 | grad(main/disc) 9.738/1.181 | lr(main/disc) 6.00e-05/3.00e-05 | cuda_peak(alloc/resv) 21.78/29.15GB | phase(train/val/raw/train_eval) 3.2/0.6/0.0/0.0s | 3.8s
2026-08-30 20:01:53 | Epoch 048/060 | loss 2.7795 | cls 1.5878 | tal 0.0081 | dual_g 1.1892 | dual_d 0.8905 | train_acc 0.9529 | train_full n/a | val_acc 0.9773 | val_f1 0.9768 | adv/moduleC 1.00/1.00 | disc_steps 3 | grad(main/disc) 8.660/1.148 | lr(main/disc) 6.00e-05/3.00e-05 | cuda_peak(alloc/resv) 21.78/29.15GB | phase(train/val/raw/train_eval) 3.1/0.6/0.0/0.0s | 3.7s
2026-08-30 20:01:58 | Epoch 049/060 | loss 2.7376 | cls 1.5657 | tal -0.0510 | dual_g 1.1871 | dual_d 0.9114 | train_acc 0.9402 | train_full n/a | val_acc 0.9697 | val_f1 0.9710 | adv/moduleC 1.00/1.00 | disc_steps 3 | grad(main/disc) 7.667/1.192 | lr(main/disc) 6.00e-05/3.00e-05 | cuda_peak(alloc/resv) 21.78/29.15GB | phase(train/val/raw/train_eval) 3.4/0.6/0.6/0.0s | 4.5s
2026-08-30 20:02:01 | New best val_f1_macro_present: raw=0.9710 stable_score=0.9422 at epoch 49
2026-08-30 20:02:06 | Epoch 050/060 | loss 2.7089 | cls 1.5457 | tal -0.0310 | dual_g 1.1726 | dual_d 0.9266 | train_acc 0.9728 | train_full 1.0000 | val_acc 0.9697 | val_f1 0.9701 | adv/moduleC 1.00/1.00 | disc_steps 3 | grad(main/disc) 7.744/1.180 | lr(main/disc) 6.00e-05/3.00e-05 | cuda_peak(alloc/resv) 21.78/29.15GB | phase(train/val/raw/train_eval) 3.4/0.6/0.6/0.8s | 5.4s
2026-08-30 20:02:09 | New best val_f1_macro_present: raw=0.9701 stable_score=0.9653 at epoch 50
2026-08-30 20:02:14 | Epoch 051/060 | loss 2.7138 | cls 1.5560 | tal -0.0247 | dual_g 1.1652 | dual_d 0.9561 | train_acc 0.9692 | train_full n/a | val_acc 0.9697 | val_f1 0.9710 | adv/moduleC 1.00/1.00 | disc_steps 3 | grad(main/disc) 7.091/1.191 | lr(main/disc) 3.00e-05/1.50e-05 | cuda_peak(alloc/resv) 21.78/29.15GB | phase(train/val/raw/train_eval) 3.2/0.6/0.6/0.0s | 4.4s
2026-08-30 20:02:17 | New best val_f1_macro_present: raw=0.9710 stable_score=0.9701 at epoch 51
2026-08-30 20:02:20 | Epoch 052/060 | loss 2.6743 | cls 1.5413 | tal -0.0689 | dual_g 1.1536 | dual_d 0.9258 | train_acc 0.9692 | train_full n/a | val_acc 0.9697 | val_f1 0.9724 | adv/moduleC 1.00/1.00 | disc_steps 3 | grad(main/disc) 6.352/1.125 | lr(main/disc) 3.00e-05/1.50e-05 | cuda_peak(alloc/resv) 21.78/29.15GB | phase(train/val/raw/train_eval) 2.9/0.6/0.0/0.0s | 3.5s
2026-08-30 20:02:24 | Epoch 053/060 | loss 2.6575 | cls 1.5306 | tal -0.0774 | dual_g 1.1501 | dual_d 0.9309 | train_acc 0.9583 | train_full n/a | val_acc 0.9773 | val_f1 0.9768 | adv/moduleC 1.00/1.00 | disc_steps 3 | grad(main/disc) 6.241/1.141 | lr(main/disc) 3.00e-05/1.50e-05 | cuda_peak(alloc/resv) 21.78/29.15GB | phase(train/val/raw/train_eval) 3.3/0.6/0.0/0.0s | 3.8s
2026-08-30 20:02:28 | Epoch 054/060 | loss 2.6446 | cls 1.5268 | tal -0.0954 | dual_g 1.1464 | dual_d 0.9357 | train_acc 0.9710 | train_full n/a | val_acc 0.9697 | val_f1 0.9625 | adv/moduleC 1.00/1.00 | disc_steps 3 | grad(main/disc) 6.315/1.113 | lr(main/disc) 3.00e-05/1.50e-05 | cuda_peak(alloc/resv) 21.78/29.15GB | phase(train/val/raw/train_eval) 3.1/0.6/0.0/0.0s | 3.7s
2026-08-30 20:02:33 | Epoch 055/060 | loss 2.6257 | cls 1.5141 | tal -0.0757 | dual_g 1.1343 | dual_d 0.9510 | train_acc 0.9764 | train_full 1.0000 | val_acc 0.9697 | val_f1 0.9641 | adv/moduleC 1.00/1.00 | disc_steps 3 | grad(main/disc) 5.680/1.182 | lr(main/disc) 3.00e-05/1.50e-05 | cuda_peak(alloc/resv) 21.78/29.15GB | phase(train/val/raw/train_eval) 3.0/0.6/0.6/0.8s | 4.9s
2026-08-30 20:02:36 | Epoch 056/060 | loss 2.6291 | cls 1.5119 | tal -0.0438 | dual_g 1.1304 | dual_d 0.9620 | train_acc 0.9746 | train_full n/a | val_acc 0.9773 | val_f1 0.9768 | adv/moduleC 1.00/1.00 | disc_steps 3 | grad(main/disc) 5.290/1.142 | lr(main/disc) 3.00e-05/1.50e-05 | cuda_peak(alloc/resv) 21.78/29.15GB | phase(train/val/raw/train_eval) 3.4/0.6/0.0/0.0s | 3.9s
2026-08-30 20:02:40 | Epoch 057/060 | loss 2.6443 | cls 1.5184 | tal -0.0431 | dual_g 1.1388 | dual_d 0.9386 | train_acc 0.9674 | train_full n/a | val_acc 0.9773 | val_f1 0.9768 | adv/moduleC 1.00/1.00 | disc_steps 3 | grad(main/disc) 5.553/1.156 | lr(main/disc) 3.00e-05/1.50e-05 | cuda_peak(alloc/resv) 21.78/29.15GB | phase(train/val/raw/train_eval) 3.1/0.6/0.0/0.0s | 3.7s
2026-08-30 20:02:44 | Epoch 058/060 | loss 2.6360 | cls 1.5159 | tal -0.0616 | dual_g 1.1386 | dual_d 0.9419 | train_acc 0.9783 | train_full n/a | val_acc 0.9697 | val_f1 0.9641 | adv/moduleC 1.00/1.00 | disc_steps 3 | grad(main/disc) 6.904/1.157 | lr(main/disc) 3.00e-05/1.50e-05 | cuda_peak(alloc/resv) 21.78/29.15GB | phase(train/val/raw/train_eval) 3.2/0.6/0.0/0.0s | 3.8s
2026-08-30 20:02:48 | Epoch 059/060 | loss 2.6348 | cls 1.5089 | tal -0.0477 | dual_g 1.1402 | dual_d 0.9735 | train_acc 0.9801 | train_full n/a | val_acc 0.9848 | val_f1 0.9828 | adv/moduleC 1.00/1.00 | disc_steps 3 | grad(main/disc) 5.949/1.170 | lr(main/disc) 3.00e-05/1.50e-05 | cuda_peak(alloc/resv) 21.78/29.15GB | phase(train/val/raw/train_eval) 3.1/0.6/0.0/0.0s | 3.7s
2026-08-30 20:02:53 | Epoch 060/060 | loss 2.5922 | cls 1.4940 | tal -0.0592 | dual_g 1.1160 | dual_d 0.9578 | train_acc 0.9855 | train_full 1.0000 | val_acc 0.9621 | val_f1 0.9503 | adv/moduleC 1.00/1.00 | disc_steps 3 | grad(main/disc) 4.767/1.164 | lr(main/disc) 3.00e-05/1.50e-05 | cuda_peak(alloc/resv) 21.78/29.15GB | phase(train/val/raw/train_eval) 3.1/0.6/0.6/0.9s | 5.1s
2026-08-30 20:02:53 | Training complete. Peak validation accuracy: 0.9848 | selected val_f1_macro_present: 0.9710
2026-08-30 20:02:53 | Starting Dual_D standalone training
2026-08-30 20:02:53 | Run directory: runs/module_c_v12_strong_full_gate/module_c_20260830_193928/module_c_full_雾天_20260830_193929
2026-08-30 20:02:53 | Device: cuda
2026-08-30 20:02:53 | Source train samples: 992
2026-08-30 20:02:53 | Target train samples: 507
2026-08-30 20:02:53 | Target val samples: 132
2026-08-30 20:02:53 | Classes: 14
2026-08-30 20:02:53 | Data audit: same_dir=False | path_overlap(vis/ir/ais)=0/0/0 | content_overlap(vis/ir/ais)=0/0/0 | ais_index_overlap=0 | stem_mismatch(vis-ir/vis-ais)=630/0
2026-08-30 20:02:53 | source_train classes: present 14/14 | absent 0 | counts [0:120, 1:44, 2:69, 3:45, 4:40, 5:30, 6:64, 7:80, 8:116, 9:68, 10:57, 11:83, 12:48, 13:128]
2026-08-30 20:02:53 | target_train classes: present 9/14 | absent 5 | counts [0:35, 1:18, 2:119, 6:110, 8:25, 9:50, 10:48, 12:9, 13:93]
2026-08-30 20:02:53 | target_val classes: present 9/14 | absent 5 | counts [0:9, 1:5, 2:30, 6:28, 8:7, 9:13, 10:13, 12:3, 13:24]
2026-08-30 20:02:53 | Paired training classes: 9/14 | class ids [0, 1, 2, 6, 8, 9, 10, 12, 13]
2026-08-30 20:02:53 | Runtime profile: batch=92 | paired_steps=6 | workers=16 | train_eval_every=5 | raw_eval_every=5 | stability_window=4 | lr_scheduler_start=28 | checkpoint_select_from=45 | early_stop=15 after min_epoch=55
2026-08-30 20:02:53 | Augmentation profile: base=0.720 | visible=0.720 | infrared=0.720 | freeze_frozen_batch_norm_stats=True
2026-08-30 20:02:53 | VIS/IR pairing: class-level-unpaired | count-mismatch classes train/val: 10/2 | AIS alignment: none | AIS rows train/val: 0/0
2026-08-30 20:02:54 | Effective Dual-D loss weights: {"adv_auxiliary": 0.035, "adv_primary": 0.035, "classification": 0.5, "contrastive": 0.04, "cycle": 0.32, "identity": 0.05, "prototype_contrastive": 0.06}
2026-08-30 20:02:54 | Model parameters: total=17277714 | trainable=17120210
Starting run 9/12: domain=雾天, iteration=3, seed=50
2026-08-30 20:02:59 | Epoch 001/060 | loss 5.5183 | cls 5.5321 | tal -0.0460 | dual_g 0.0000 | dual_d 0.0000 | train_acc 0.0743 | train_full 0.0276 | val_acc 0.0303 | val_f1 0.0176 | adv/moduleC 0.00/0.00 | disc_steps 0 | grad(main/disc) 14.544/0.000 | lr(main/disc) 6.00e-05/3.00e-05 | cuda_peak(alloc/resv) 21.78/29.15GB | phase(train/val/raw/train_eval) 3.5/0.6/0.6/0.8s | 5.4s
2026-08-30 20:03:03 | Epoch 002/060 | loss 4.6003 | cls 4.6215 | tal -0.0705 | dual_g 0.0000 | dual_d 0.0000 | train_acc 0.1486 | train_full n/a | val_acc 0.0682 | val_f1 0.0236 | adv/moduleC 0.00/0.00 | disc_steps 0 | grad(main/disc) 11.819/0.000 | lr(main/disc) 6.00e-05/3.00e-05 | cuda_peak(alloc/resv) 21.78/29.15GB | phase(train/val/raw/train_eval) 3.1/0.6/0.0/0.0s | 3.7s
2026-08-30 20:03:06 | Epoch 003/060 | loss 4.2357 | cls 4.2562 | tal -0.0682 | dual_g 0.0000 | dual_d 0.0000 | train_acc 0.1866 | train_full n/a | val_acc 0.1515 | val_f1 0.1161 | adv/moduleC 0.00/0.00 | disc_steps 0 | grad(main/disc) 10.338/0.000 | lr(main/disc) 6.00e-05/3.00e-05 | cuda_peak(alloc/resv) 21.78/29.15GB | phase(train/val/raw/train_eval) 3.0/0.6/0.0/0.0s | 3.6s
2026-08-30 20:03:10 | Epoch 004/060 | loss 3.8393 | cls 3.8685 | tal -0.0975 | dual_g 0.0000 | dual_d 0.0000 | train_acc 0.2246 | train_full n/a | val_acc 0.2500 | val_f1 0.2129 | adv/moduleC 0.00/0.00 | disc_steps 0 | grad(main/disc) 9.405/0.000 | lr(main/disc) 6.00e-05/3.00e-05 | cuda_peak(alloc/resv) 21.78/29.15GB | phase(train/val/raw/train_eval) 3.3/0.6/0.0/0.0s | 3.9s
2026-08-30 20:03:16 | Epoch 005/060 | loss 3.6127 | cls 3.6517 | tal -0.1299 | dual_g 0.0000 | dual_d 0.0000 | train_acc 0.2736 | train_full 0.2939 | val_acc 0.2879 | val_f1 0.2559 | adv/moduleC 0.00/0.00 | disc_steps 0 | grad(main/disc) 8.866/0.000 | lr(main/disc) 6.00e-05/3.00e-05 | cuda_peak(alloc/resv) 21.78/29.15GB | phase(train/val/raw/train_eval) 3.5/0.6/0.6/0.9s | 5.5s
2026-08-30 20:03:20 | Epoch 006/060 | loss 3.5764 | cls 3.6423 | tal -0.2198 | dual_g 0.0000 | dual_d 0.0000 | train_acc 0.2500 | train_full n/a | val_acc 0.3409 | val_f1 0.3084 | adv/moduleC 0.00/0.00 | disc_steps 0 | grad(main/disc) 9.042/0.000 | lr(main/disc) 6.00e-05/3.00e-05 | cuda_peak(alloc/resv) 21.78/29.15GB | phase(train/val/raw/train_eval) 3.5/0.6/0.0/0.0s | 4.1s
2026-08-30 20:03:24 | Epoch 007/060 | loss 3.3415 | cls 3.4093 | tal -0.2262 | dual_g 0.0000 | dual_d 0.0000 | train_acc 0.3261 | train_full n/a | val_acc 0.4091 | val_f1 0.3672 | adv/moduleC 0.00/0.00 | disc_steps 0 | grad(main/disc) 8.902/0.000 | lr(main/disc) 6.00e-05/3.00e-05 | cuda_peak(alloc/resv) 21.78/29.15GB | phase(train/val/raw/train_eval) 3.1/0.6/0.0/0.0s | 3.7s
2026-08-30 20:03:27 | Epoch 008/060 | loss 3.3044 | cls 3.1898 | tal -0.2005 | dual_g 0.1748 | dual_d 0.8375 | train_acc 0.3768 | train_full n/a | val_acc 0.4848 | val_f1 0.4483 | adv/moduleC 0.04/0.07 | disc_steps 3 | grad(main/disc) 8.360/1.708 | lr(main/disc) 6.00e-05/3.00e-05 | cuda_peak(alloc/resv) 21.78/29.15GB | phase(train/val/raw/train_eval) 3.2/0.6/0.0/0.0s | 3.8s
2026-08-30 20:03:31 | Epoch 009/060 | loss 3.2666 | cls 2.9899 | tal -0.1905 | dual_g 0.3338 | dual_d 0.7787 | train_acc 0.4130 | train_full n/a | val_acc 0.5379 | val_f1 0.5277 | adv/moduleC 0.08/0.14 | disc_steps 3 | grad(main/disc) 8.414/1.612 | lr(main/disc) 6.00e-05/3.00e-05 | cuda_peak(alloc/resv) 21.78/29.15GB | phase(train/val/raw/train_eval) 3.4/0.6/0.0/0.0s | 4.0s
2026-08-30 20:03:37 | Epoch 010/060 | loss 3.3990 | cls 2.9736 | tal -0.1830 | dual_g 0.4802 | dual_d 0.7667 | train_acc 0.4312 | train_full 0.6509 | val_acc 0.5606 | val_f1 0.5574 | adv/moduleC 0.12/0.21 | disc_steps 3 | grad(main/disc) 8.780/1.539 | lr(main/disc) 6.00e-05/3.00e-05 | cuda_peak(alloc/resv) 21.78/29.15GB | phase(train/val/raw/train_eval) 3.3/0.6/0.6/0.8s | 5.3s
2026-08-30 20:03:40 | Epoch 011/060 | loss 3.4829 | cls 2.9121 | tal -0.1935 | dual_g 0.6289 | dual_d 0.7397 | train_acc 0.4547 | train_full n/a | val_acc 0.6591 | val_f1 0.6625 | adv/moduleC 0.17/0.29 | disc_steps 3 | grad(main/disc) 10.184/1.483 | lr(main/disc) 6.00e-05/3.00e-05 | cuda_peak(alloc/resv) 21.78/29.15GB | phase(train/val/raw/train_eval) 3.2/0.6/0.0/0.0s | 3.8s
2026-08-30 20:03:44 | Epoch 012/060 | loss 3.4176 | cls 2.7279 | tal -0.1868 | dual_g 0.7458 | dual_d 0.7541 | train_acc 0.5199 | train_full n/a | val_acc 0.7348 | val_f1 0.7307 | adv/moduleC 0.21/0.36 | disc_steps 3 | grad(main/disc) 9.713/1.486 | lr(main/disc) 6.00e-05/3.00e-05 | cuda_peak(alloc/resv) 21.78/29.15GB | phase(train/val/raw/train_eval) 3.3/0.6/0.0/0.0s | 3.9s
2026-08-30 20:03:48 | Epoch 013/060 | loss 3.3480 | cls 2.5404 | tal -0.1996 | dual_g 0.8675 | dual_d 0.6864 | train_acc 0.5598 | train_full n/a | val_acc 0.7879 | val_f1 0.7670 | adv/moduleC 0.25/0.43 | disc_steps 3 | grad(main/disc) 8.950/1.386 | lr(main/disc) 6.00e-05/3.00e-05 | cuda_peak(alloc/resv) 21.78/29.15GB | phase(train/val/raw/train_eval) 3.1/0.6/0.0/0.0s | 3.7s
2026-08-30 20:03:52 | Epoch 014/060 | loss 3.3923 | cls 2.4833 | tal -0.1843 | dual_g 0.9643 | dual_d 0.7157 | train_acc 0.5471 | train_full n/a | val_acc 0.7803 | val_f1 0.7713 | adv/moduleC 0.29/0.50 | disc_steps 3 | grad(main/disc) 9.617/1.396 | lr(main/disc) 6.00e-05/3.00e-05 | cuda_peak(alloc/resv) 21.78/29.15GB | phase(train/val/raw/train_eval) 3.3/0.6/0.0/0.0s | 3.9s
2026-08-30 20:03:57 | Epoch 015/060 | loss 3.4470 | cls 2.4230 | tal -0.1848 | dual_g 1.0794 | dual_d 0.7649 | train_acc 0.5761 | train_full 0.8166 | val_acc 0.7955 | val_f1 0.7709 | adv/moduleC 0.33/0.57 | disc_steps 3 | grad(main/disc) 9.626/1.393 | lr(main/disc) 6.00e-05/3.00e-05 | cuda_peak(alloc/resv) 21.78/29.15GB | phase(train/val/raw/train_eval) 3.2/0.6/0.6/0.8s | 5.2s
2026-08-30 20:04:01 | Epoch 016/060 | loss 3.5411 | cls 2.4083 | tal -0.2099 | dual_g 1.1957 | dual_d 0.7443 | train_acc 0.6232 | train_full n/a | val_acc 0.8409 | val_f1 0.8510 | adv/moduleC 0.38/0.64 | disc_steps 3 | grad(main/disc) 10.790/1.436 | lr(main/disc) 6.00e-05/3.00e-05 | cuda_peak(alloc/resv) 21.78/29.15GB | phase(train/val/raw/train_eval) 3.1/0.6/0.0/0.0s | 3.6s
2026-08-30 20:04:05 | Epoch 017/060 | loss 3.5321 | cls 2.3527 | tal -0.2545 | dual_g 1.2557 | dual_d 0.8080 | train_acc 0.6812 | train_full n/a | val_acc 0.8712 | val_f1 0.8573 | adv/moduleC 0.42/0.71 | disc_steps 3 | grad(main/disc) 11.200/1.466 | lr(main/disc) 6.00e-05/3.00e-05 | cuda_peak(alloc/resv) 21.78/29.15GB | phase(train/val/raw/train_eval) 3.3/0.6/0.0/0.0s | 3.9s
2026-08-30 20:04:08 | Epoch 018/060 | loss 3.5485 | cls 2.2696 | tal -0.2433 | dual_g 1.3519 | dual_d 0.7592 | train_acc 0.7138 | train_full n/a | val_acc 0.8788 | val_f1 0.8803 | adv/moduleC 0.46/0.79 | disc_steps 3 | grad(main/disc) 10.640/1.351 | lr(main/disc) 6.00e-05/3.00e-05 | cuda_peak(alloc/resv) 21.78/29.15GB | phase(train/val/raw/train_eval) 3.2/0.6/0.0/0.0s | 3.8s
2026-08-30 20:04:12 | Epoch 019/060 | loss 3.5947 | cls 2.2599 | tal -0.2781 | dual_g 1.4183 | dual_d 0.7748 | train_acc 0.6938 | train_full n/a | val_acc 0.8561 | val_f1 0.8640 | adv/moduleC 0.50/0.86 | disc_steps 3 | grad(main/disc) 13.647/1.376 | lr(main/disc) 6.00e-05/3.00e-05 | cuda_peak(alloc/resv) 21.78/29.15GB | phase(train/val/raw/train_eval) 3.1/0.6/0.0/0.0s | 3.7s
2026-08-30 20:04:17 | Epoch 020/060 | loss 3.5913 | cls 2.1312 | tal -0.2142 | dual_g 1.5244 | dual_d 0.8016 | train_acc 0.7337 | train_full 0.8994 | val_acc 0.8561 | val_f1 0.8479 | adv/moduleC 0.54/0.93 | disc_steps 3 | grad(main/disc) 12.133/1.370 | lr(main/disc) 6.00e-05/3.00e-05 | cuda_peak(alloc/resv) 21.78/29.15GB | phase(train/val/raw/train_eval) 3.1/0.6/0.6/0.8s | 5.2s
2026-08-30 20:04:21 | Epoch 021/060 | loss 3.5625 | cls 2.0507 | tal -0.1814 | dual_g 1.5662 | dual_d 0.7884 | train_acc 0.7826 | train_full n/a | val_acc 0.8939 | val_f1 0.9033 | adv/moduleC 0.58/1.00 | disc_steps 3 | grad(main/disc) 16.042/1.397 | lr(main/disc) 6.00e-05/3.00e-05 | cuda_peak(alloc/resv) 21.78/29.15GB | phase(train/val/raw/train_eval) 3.2/0.6/0.0/0.0s | 3.8s
2026-08-30 20:04:25 | Epoch 022/060 | loss 3.5577 | cls 2.0424 | tal -0.1523 | dual_g 1.5610 | dual_d 0.7760 | train_acc 0.8080 | train_full n/a | val_acc 0.9091 | val_f1 0.9204 | adv/moduleC 0.62/1.00 | disc_steps 3 | grad(main/disc) 14.849/1.350 | lr(main/disc) 6.00e-05/3.00e-05 | cuda_peak(alloc/resv) 21.78/29.15GB | phase(train/val/raw/train_eval) 3.1/0.6/0.0/0.0s | 3.7s
2026-08-30 20:04:28 | Epoch 023/060 | loss 3.4488 | cls 1.9800 | tal -0.1705 | dual_g 1.5199 | dual_d 0.7960 | train_acc 0.8043 | train_full n/a | val_acc 0.9318 | val_f1 0.9341 | adv/moduleC 0.67/1.00 | disc_steps 3 | grad(main/disc) 10.845/1.323 | lr(main/disc) 6.00e-05/3.00e-05 | cuda_peak(alloc/resv) 21.78/29.15GB | phase(train/val/raw/train_eval) 3.0/0.6/0.0/0.0s | 3.6s
2026-08-30 20:04:32 | Epoch 024/060 | loss 3.4126 | cls 1.9732 | tal -0.1921 | dual_g 1.4970 | dual_d 0.7534 | train_acc 0.8025 | train_full n/a | val_acc 0.9318 | val_f1 0.9311 | adv/moduleC 0.71/1.00 | disc_steps 3 | grad(main/disc) 11.734/1.311 | lr(main/disc) 6.00e-05/3.00e-05 | cuda_peak(alloc/resv) 21.78/29.15GB | phase(train/val/raw/train_eval) 3.1/0.6/0.0/0.0s | 3.7s
2026-08-30 20:04:37 | Epoch 025/060 | loss 3.4035 | cls 1.9441 | tal -0.1548 | dual_g 1.5059 | dual_d 0.7503 | train_acc 0.8207 | train_full 0.9448 | val_acc 0.9091 | val_f1 0.9125 | adv/moduleC 0.75/1.00 | disc_steps 3 | grad(main/disc) 14.087/1.284 | lr(main/disc) 6.00e-05/3.00e-05 | cuda_peak(alloc/resv) 21.78/29.15GB | phase(train/val/raw/train_eval) 3.2/0.6/0.6/0.8s | 5.2s
2026-08-30 20:04:41 | Epoch 026/060 | loss 3.3900 | cls 1.9556 | tal -0.1356 | dual_g 1.4751 | dual_d 0.8066 | train_acc 0.8188 | train_full n/a | val_acc 0.9394 | val_f1 0.9263 | adv/moduleC 0.79/1.00 | disc_steps 3 | grad(main/disc) 13.037/1.317 | lr(main/disc) 6.00e-05/3.00e-05 | cuda_peak(alloc/resv) 21.78/29.15GB | phase(train/val/raw/train_eval) 2.9/0.6/0.0/0.0s | 3.5s
2026-08-30 20:04:44 | Epoch 027/060 | loss 3.3231 | cls 1.8933 | tal -0.0864 | dual_g 1.4558 | dual_d 0.7737 | train_acc 0.8207 | train_full n/a | val_acc 0.9091 | val_f1 0.9009 | adv/moduleC 0.83/1.00 | disc_steps 3 | grad(main/disc) 10.896/1.275 | lr(main/disc) 6.00e-05/3.00e-05 | cuda_peak(alloc/resv) 21.78/29.15GB | phase(train/val/raw/train_eval) 3.1/0.6/0.0/0.0s | 3.7s
2026-08-30 20:04:49 | Epoch 028/060 | loss 3.2735 | cls 1.8580 | tal -0.0953 | dual_g 1.4441 | dual_d 0.7749 | train_acc 0.8351 | train_full n/a | val_acc 0.9394 | val_f1 0.9385 | adv/moduleC 0.88/1.00 | disc_steps 3 | grad(main/disc) 10.841/1.259 | lr(main/disc) 6.00e-05/3.00e-05 | cuda_peak(alloc/resv) 21.78/29.15GB | phase(train/val/raw/train_eval) 3.5/0.6/0.0/0.0s | 4.2s
2026-08-30 20:04:52 | Epoch 029/060 | loss 3.2008 | cls 1.8280 | tal -0.0719 | dual_g 1.3944 | dual_d 0.7655 | train_acc 0.8496 | train_full n/a | val_acc 0.9470 | val_f1 0.9480 | adv/moduleC 0.92/1.00 | disc_steps 3 | grad(main/disc) 11.008/1.285 | lr(main/disc) 6.00e-05/3.00e-05 | cuda_peak(alloc/resv) 21.78/29.15GB | phase(train/val/raw/train_eval) 3.1/0.6/0.0/0.0s | 3.6s
2026-08-30 20:04:57 | Epoch 030/060 | loss 3.1227 | cls 1.7650 | tal -0.0801 | dual_g 1.3817 | dual_d 0.7586 | train_acc 0.8514 | train_full 0.9586 | val_acc 0.9091 | val_f1 0.8931 | adv/moduleC 0.96/1.00 | disc_steps 3 | grad(main/disc) 10.580/1.264 | lr(main/disc) 6.00e-05/3.00e-05 | cuda_peak(alloc/resv) 21.78/29.15GB | phase(train/val/raw/train_eval) 3.2/0.6/0.6/0.8s | 5.2s
2026-08-30 20:05:01 | Epoch 031/060 | loss 3.1001 | cls 1.7679 | tal -0.0650 | dual_g 1.3517 | dual_d 0.7684 | train_acc 0.8859 | train_full n/a | val_acc 0.9167 | val_f1 0.9007 | adv/moduleC 1.00/1.00 | disc_steps 3 | grad(main/disc) 9.050/1.225 | lr(main/disc) 6.00e-05/3.00e-05 | cuda_peak(alloc/resv) 21.78/29.15GB | phase(train/val/raw/train_eval) 3.3/0.6/0.0/0.0s | 3.9s
2026-08-30 20:05:05 | Epoch 032/060 | loss 3.1151 | cls 1.7762 | tal -0.1228 | dual_g 1.3757 | dual_d 0.8173 | train_acc 0.8786 | train_full n/a | val_acc 0.9318 | val_f1 0.9282 | adv/moduleC 1.00/1.00 | disc_steps 3 | grad(main/disc) 11.697/1.260 | lr(main/disc) 6.00e-05/3.00e-05 | cuda_peak(alloc/resv) 21.78/29.15GB | phase(train/val/raw/train_eval) 3.0/0.6/0.0/0.0s | 3.6s
2026-08-30 20:05:09 | Epoch 033/060 | loss 2.9683 | cls 1.6926 | tal -0.0984 | dual_g 1.3052 | dual_d 0.8022 | train_acc 0.9058 | train_full n/a | val_acc 0.9167 | val_f1 0.9186 | adv/moduleC 1.00/1.00 | disc_steps 3 | grad(main/disc) 8.743/1.251 | lr(main/disc) 6.00e-05/3.00e-05 | cuda_peak(alloc/resv) 21.78/29.15GB | phase(train/val/raw/train_eval) 3.2/0.6/0.0/0.0s | 3.7s
2026-08-30 20:05:12 | Epoch 034/060 | loss 2.9717 | cls 1.7099 | tal -0.1184 | dual_g 1.2973 | dual_d 0.8624 | train_acc 0.9094 | train_full n/a | val_acc 0.9242 | val_f1 0.9270 | adv/moduleC 1.00/1.00 | disc_steps 3 | grad(main/disc) 9.443/1.294 | lr(main/disc) 6.00e-05/3.00e-05 | cuda_peak(alloc/resv) 21.78/29.15GB | phase(train/val/raw/train_eval) 3.2/0.6/0.0/0.0s | 3.8s
2026-08-30 20:05:17 | Epoch 035/060 | loss 2.9698 | cls 1.6939 | tal -0.0829 | dual_g 1.3008 | dual_d 0.8611 | train_acc 0.8841 | train_full 0.9842 | val_acc 0.9621 | val_f1 0.9639 | adv/moduleC 1.00/1.00 | disc_steps 3 | grad(main/disc) 9.587/1.262 | lr(main/disc) 6.00e-05/3.00e-05 | cuda_peak(alloc/resv) 21.78/29.15GB | phase(train/val/raw/train_eval) 3.1/0.6/0.6/0.8s | 5.1s
2026-08-30 20:05:22 | Epoch 036/060 | loss 2.8995 | cls 1.6477 | tal -0.0998 | dual_g 1.2818 | dual_d 0.8591 | train_acc 0.9348 | train_full n/a | val_acc 0.9697 | val_f1 0.9717 | adv/moduleC 1.00/1.00 | disc_steps 3 | grad(main/disc) 8.597/1.297 | lr(main/disc) 6.00e-05/3.00e-05 | cuda_peak(alloc/resv) 21.78/29.15GB | phase(train/val/raw/train_eval) 3.5/0.6/0.0/0.0s | 4.1s
2026-08-30 20:05:26 | Epoch 037/060 | loss 2.8903 | cls 1.6665 | tal -0.0770 | dual_g 1.2470 | dual_d 0.8335 | train_acc 0.9221 | train_full n/a | val_acc 0.9621 | val_f1 0.9566 | adv/moduleC 1.00/1.00 | disc_steps 3 | grad(main/disc) 7.928/1.241 | lr(main/disc) 6.00e-05/3.00e-05 | cuda_peak(alloc/resv) 21.78/29.15GB | phase(train/val/raw/train_eval) 3.6/0.6/0.0/0.0s | 4.1s
2026-08-30 20:05:30 | Epoch 038/060 | loss 2.8607 | cls 1.6340 | tal -0.0505 | dual_g 1.2418 | dual_d 0.8339 | train_acc 0.9149 | train_full n/a | val_acc 0.9621 | val_f1 0.9588 | adv/moduleC 1.00/1.00 | disc_steps 3 | grad(main/disc) 8.210/1.249 | lr(main/disc) 6.00e-05/3.00e-05 | cuda_peak(alloc/resv) 21.78/29.15GB | phase(train/val/raw/train_eval) 3.2/0.6/0.0/0.0s | 3.8s
2026-08-30 20:05:34 | Epoch 039/060 | loss 2.8315 | cls 1.6352 | tal -0.1279 | dual_g 1.2346 | dual_d 0.8968 | train_acc 0.9384 | train_full n/a | val_acc 0.9621 | val_f1 0.9653 | adv/moduleC 1.00/1.00 | disc_steps 3 | grad(main/disc) 8.101/1.241 | lr(main/disc) 6.00e-05/3.00e-05 | cuda_peak(alloc/resv) 21.78/29.15GB | phase(train/val/raw/train_eval) 3.4/0.6/0.0/0.0s | 4.0s
2026-08-30 20:05:39 | Epoch 040/060 | loss 2.7707 | cls 1.5973 | tal -0.1572 | dual_g 1.2206 | dual_d 0.8899 | train_acc 0.9438 | train_full 0.9822 | val_acc 0.9394 | val_f1 0.9334 | adv/moduleC 1.00/1.00 | disc_steps 3 | grad(main/disc) 8.868/1.221 | lr(main/disc) 6.00e-05/3.00e-05 | cuda_peak(alloc/resv) 21.78/29.15GB | phase(train/val/raw/train_eval) 3.1/0.6/0.6/0.8s | 5.1s
2026-08-30 20:05:42 | Epoch 041/060 | loss 2.7771 | cls 1.6141 | tal -0.1853 | dual_g 1.2187 | dual_d 0.8913 | train_acc 0.9420 | train_full n/a | val_acc 0.9697 | val_f1 0.9733 | adv/moduleC 1.00/1.00 | disc_steps 3 | grad(main/disc) 9.545/1.258 | lr(main/disc) 6.00e-05/3.00e-05 | cuda_peak(alloc/resv) 21.78/29.15GB | phase(train/val/raw/train_eval) 3.1/0.6/0.0/0.0s | 3.7s
2026-08-30 20:05:46 | Epoch 042/060 | loss 2.7379 | cls 1.5673 | tal -0.1029 | dual_g 1.2015 | dual_d 0.8947 | train_acc 0.9547 | train_full n/a | val_acc 0.9545 | val_f1 0.9447 | adv/moduleC 1.00/1.00 | disc_steps 3 | grad(main/disc) 6.789/1.241 | lr(main/disc) 6.00e-05/3.00e-05 | cuda_peak(alloc/resv) 21.78/29.15GB | phase(train/val/raw/train_eval) 3.5/0.6/0.0/0.0s | 4.1s
2026-08-30 20:05:50 | Epoch 043/060 | loss 2.7422 | cls 1.5628 | tal -0.0754 | dual_g 1.2020 | dual_d 0.8753 | train_acc 0.9511 | train_full n/a | val_acc 0.9697 | val_f1 0.9680 | adv/moduleC 1.00/1.00 | disc_steps 3 | grad(main/disc) 7.071/1.233 | lr(main/disc) 6.00e-05/3.00e-05 | cuda_peak(alloc/resv) 21.78/29.15GB | phase(train/val/raw/train_eval) 3.3/0.6/0.0/0.0s | 3.9s
2026-08-30 20:05:54 | Epoch 044/060 | loss 2.7287 | cls 1.5726 | tal -0.0852 | dual_g 1.1816 | dual_d 0.8926 | train_acc 0.9638 | train_full n/a | val_acc 0.9470 | val_f1 0.9110 | adv/moduleC 1.00/1.00 | disc_steps 3 | grad(main/disc) 7.068/1.181 | lr(main/disc) 6.00e-05/3.00e-05 | cuda_peak(alloc/resv) 21.78/29.15GB | phase(train/val/raw/train_eval) 3.1/0.6/0.0/0.0s | 3.7s
2026-08-30 20:06:00 | Epoch 045/060 | loss 2.7459 | cls 1.5652 | tal -0.0143 | dual_g 1.1850 | dual_d 0.8692 | train_acc 0.9692 | train_full 0.9941 | val_acc 0.9697 | val_f1 0.9707 | adv/moduleC 1.00/1.00 | disc_steps 3 | grad(main/disc) 8.313/1.154 | lr(main/disc) 6.00e-05/3.00e-05 | cuda_peak(alloc/resv) 21.78/29.15GB | phase(train/val/raw/train_eval) 3.6/0.6/0.6/0.8s | 5.6s
2026-08-30 20:06:02 | New best val_f1_macro_present: raw=0.9707 stable_score=0.9110 at epoch 45
2026-08-30 20:06:06 | Epoch 046/060 | loss 2.7174 | cls 1.5590 | tal -0.0885 | dual_g 1.1849 | dual_d 0.8981 | train_acc 0.9656 | train_full n/a | val_acc 0.9773 | val_f1 0.9773 | adv/moduleC 1.00/1.00 | disc_steps 3 | grad(main/disc) 6.052/1.188 | lr(main/disc) 6.00e-05/3.00e-05 | cuda_peak(alloc/resv) 21.78/29.15GB | phase(train/val/raw/train_eval) 3.1/0.6/0.0/0.0s | 3.7s
2026-08-30 20:06:10 | Epoch 047/060 | loss 2.7267 | cls 1.5700 | tal -0.0758 | dual_g 1.1795 | dual_d 0.8697 | train_acc 0.9656 | train_full n/a | val_acc 0.9697 | val_f1 0.9607 | adv/moduleC 1.00/1.00 | disc_steps 3 | grad(main/disc) 7.960/1.162 | lr(main/disc) 6.00e-05/3.00e-05 | cuda_peak(alloc/resv) 21.78/29.15GB | phase(train/val/raw/train_eval) 3.1/0.6/0.0/0.0s | 3.6s
2026-08-30 20:06:14 | Epoch 048/060 | loss 2.7347 | cls 1.5748 | tal -0.0507 | dual_g 1.1752 | dual_d 0.9181 | train_acc 0.9547 | train_full n/a | val_acc 0.9697 | val_f1 0.9577 | adv/moduleC 1.00/1.00 | disc_steps 3 | grad(main/disc) 7.713/1.198 | lr(main/disc) 6.00e-05/3.00e-05 | cuda_peak(alloc/resv) 21.78/29.15GB | phase(train/val/raw/train_eval) 3.3/0.6/0.6/0.0s | 4.4s
2026-08-30 20:06:17 | New best val_f1_macro_present: raw=0.9577 stable_score=0.9577 at epoch 48
2026-08-30 20:06:21 | Epoch 049/060 | loss 2.6946 | cls 1.5342 | tal -0.0259 | dual_g 1.1681 | dual_d 0.9037 | train_acc 0.9728 | train_full n/a | val_acc 0.9773 | val_f1 0.9634 | adv/moduleC 1.00/1.00 | disc_steps 3 | grad(main/disc) 5.448/1.194 | lr(main/disc) 6.00e-05/3.00e-05 | cuda_peak(alloc/resv) 21.78/29.15GB | phase(train/val/raw/train_eval) 3.5/0.6/0.0/0.0s | 4.0s
2026-08-30 20:06:27 | Epoch 050/060 | loss 2.6647 | cls 1.5341 | tal -0.0745 | dual_g 1.1530 | dual_d 0.9150 | train_acc 0.9674 | train_full 0.9961 | val_acc 0.9697 | val_f1 0.9647 | adv/moduleC 1.00/1.00 | disc_steps 3 | grad(main/disc) 5.876/1.185 | lr(main/disc) 6.00e-05/3.00e-05 | cuda_peak(alloc/resv) 21.78/29.15GB | phase(train/val/raw/train_eval) 3.4/0.6/0.6/0.8s | 5.4s
2026-08-30 20:06:31 | Epoch 051/060 | loss 2.6143 | cls 1.5095 | tal -0.1037 | dual_g 1.1360 | dual_d 0.8989 | train_acc 0.9928 | train_full n/a | val_acc 0.9621 | val_f1 0.9491 | adv/moduleC 1.00/1.00 | disc_steps 3 | grad(main/disc) 5.599/1.148 | lr(main/disc) 6.00e-05/3.00e-05 | cuda_peak(alloc/resv) 21.78/29.15GB | phase(train/val/raw/train_eval) 3.4/0.6/0.0/0.0s | 4.0s
2026-08-30 20:06:34 | Epoch 052/060 | loss 2.6560 | cls 1.5250 | tal -0.0508 | dual_g 1.1463 | dual_d 0.8969 | train_acc 0.9674 | train_full n/a | val_acc 0.9773 | val_f1 0.9728 | adv/moduleC 1.00/1.00 | disc_steps 3 | grad(main/disc) 8.444/1.172 | lr(main/disc) 6.00e-05/3.00e-05 | cuda_peak(alloc/resv) 21.78/29.15GB | phase(train/val/raw/train_eval) 3.2/0.6/0.0/0.0s | 3.7s
2026-08-30 20:06:38 | Epoch 053/060 | loss 2.6266 | cls 1.5129 | tal -0.0597 | dual_g 1.1316 | dual_d 0.9145 | train_acc 0.9692 | train_full n/a | val_acc 0.9848 | val_f1 0.9830 | adv/moduleC 1.00/1.00 | disc_steps 3 | grad(main/disc) 6.277/1.201 | lr(main/disc) 6.00e-05/3.00e-05 | cuda_peak(alloc/resv) 21.78/29.15GB | phase(train/val/raw/train_eval) 3.1/0.6/0.0/0.0s | 3.7s
2026-08-30 20:06:42 | Epoch 054/060 | loss 2.6224 | cls 1.5142 | tal -0.1108 | dual_g 1.1414 | dual_d 0.9114 | train_acc 0.9692 | train_full n/a | val_acc 0.9697 | val_f1 0.9548 | adv/moduleC 1.00/1.00 | disc_steps 3 | grad(main/disc) 5.759/1.165 | lr(main/disc) 6.00e-05/3.00e-05 | cuda_peak(alloc/resv) 21.78/29.15GB | phase(train/val/raw/train_eval) 3.3/0.6/0.0/0.0s | 3.9s
2026-08-30 20:06:47 | Epoch 055/060 | loss 2.5729 | cls 1.4971 | tal -0.1461 | dual_g 1.1196 | dual_d 0.9321 | train_acc 0.9837 | train_full 0.9901 | val_acc 0.9697 | val_f1 0.9556 | adv/moduleC 1.00/1.00 | disc_steps 3 | grad(main/disc) 4.491/1.176 | lr(main/disc) 6.00e-05/3.00e-05 | cuda_peak(alloc/resv) 21.78/29.15GB | phase(train/val/raw/train_eval) 3.1/0.6/0.6/0.8s | 5.2s
2026-08-30 20:06:51 | Epoch 056/060 | loss 2.5931 | cls 1.5099 | tal -0.1414 | dual_g 1.1256 | dual_d 0.9503 | train_acc 0.9728 | train_full n/a | val_acc 0.9697 | val_f1 0.9548 | adv/moduleC 1.00/1.00 | disc_steps 3 | grad(main/disc) 6.313/1.242 | lr(main/disc) 6.00e-05/3.00e-05 | cuda_peak(alloc/resv) 21.78/29.15GB | phase(train/val/raw/train_eval) 3.2/0.6/0.0/0.0s | 3.8s
2026-08-30 20:06:55 | Epoch 057/060 | loss 2.5734 | cls 1.4894 | tal -0.1026 | dual_g 1.1147 | dual_d 0.9354 | train_acc 0.9891 | train_full n/a | val_acc 0.9697 | val_f1 0.9574 | adv/moduleC 1.00/1.00 | disc_steps 3 | grad(main/disc) 5.695/1.169 | lr(main/disc) 6.00e-05/3.00e-05 | cuda_peak(alloc/resv) 21.78/29.15GB | phase(train/val/raw/train_eval) 3.1/0.6/0.0/0.0s | 3.7s
2026-08-30 20:06:58 | Epoch 058/060 | loss 2.5984 | cls 1.5126 | tal -0.1302 | dual_g 1.1248 | dual_d 0.9801 | train_acc 0.9764 | train_full n/a | val_acc 0.9697 | val_f1 0.9713 | adv/moduleC 1.00/1.00 | disc_steps 3 | grad(main/disc) 5.764/1.185 | lr(main/disc) 6.00e-05/3.00e-05 | cuda_peak(alloc/resv) 21.78/29.15GB | phase(train/val/raw/train_eval) 3.0/0.6/0.0/0.0s | 3.6s
2026-08-30 20:07:02 | Epoch 059/060 | loss 2.5907 | cls 1.5030 | tal -0.0923 | dual_g 1.1154 | dual_d 0.9374 | train_acc 0.9746 | train_full n/a | val_acc 0.9697 | val_f1 0.9574 | adv/moduleC 1.00/1.00 | disc_steps 3 | grad(main/disc) 4.936/1.159 | lr(main/disc) 6.00e-05/3.00e-05 | cuda_peak(alloc/resv) 21.78/29.15GB | phase(train/val/raw/train_eval) 3.2/0.6/0.0/0.0s | 3.8s
2026-08-30 20:07:08 | Epoch 060/060 | loss 2.5733 | cls 1.4846 | tal -0.0656 | dual_g 1.1084 | dual_d 0.9323 | train_acc 0.9855 | train_full 0.9961 | val_acc 0.9848 | val_f1 0.9830 | adv/moduleC 1.00/1.00 | disc_steps 3 | grad(main/disc) 5.597/1.158 | lr(main/disc) 6.00e-05/3.00e-05 | cuda_peak(alloc/resv) 21.78/29.15GB | phase(train/val/raw/train_eval) 3.6/0.6/0.6/0.8s | 5.6s
2026-08-30 20:07:08 | Training complete. Peak validation accuracy: 0.9848 | selected val_f1_macro_present: 0.9577
2026-08-30 20:07:08 | Starting Dual_D standalone training
2026-08-30 20:07:08 | Run directory: runs/module_c_v12_strong_full_gate/module_c_20260830_193928/module_c_full_雨天_20260830_193929
2026-08-30 20:07:08 | Device: cuda
2026-08-30 20:07:08 | Source train samples: 992
2026-08-30 20:07:08 | Target train samples: 96
2026-08-30 20:07:08 | Target val samples: 26
2026-08-30 20:07:08 | Classes: 14
2026-08-30 20:07:08 | Data audit: same_dir=False | path_overlap(vis/ir/ais)=0/0/0 | content_overlap(vis/ir/ais)=0/0/0 | ais_index_overlap=0 | stem_mismatch(vis-ir/vis-ais)=117/0
2026-08-30 20:07:08 | source_train classes: present 14/14 | absent 0 | counts [0:120, 1:44, 2:69, 3:45, 4:40, 5:30, 6:64, 7:80, 8:116, 9:68, 10:57, 11:83, 12:48, 13:128]
2026-08-30 20:07:08 | target_train classes: present 6/14 | absent 8 | counts [0:7, 2:19, 9:32, 10:12, 11:6, 13:20]
2026-08-30 20:07:08 | target_val classes: present 6/14 | absent 8 | counts [0:2, 2:5, 9:8, 10:4, 11:2, 13:5]
2026-08-30 20:07:08 | Paired training classes: 6/14 | class ids [0, 2, 9, 10, 11, 13]
2026-08-30 20:07:08 | Runtime profile: batch=16 | paired_steps=6 | workers=16 | train_eval_every=5 | raw_eval_every=5 | stability_window=4 | lr_scheduler_start=28 | checkpoint_select_from=40 | early_stop=15 after min_epoch=50
2026-08-30 20:07:08 | Augmentation profile: base=0.650 | visible=0.700 | infrared=0.500 | freeze_frozen_batch_norm_stats=True
2026-08-30 20:07:08 | VIS/IR pairing: class-level-unpaired | count-mismatch classes train/val: 10/0 | AIS alignment: none | AIS rows train/val: 0/0
2026-08-30 20:07:08 | Effective Dual-D loss weights: {"adv_auxiliary": 0.02, "adv_primary": 0.02, "classification": 0.6, "contrastive": 0.025, "cycle": 0.12, "identity": 0.025, "prototype_contrastive": 0.015}
2026-08-30 20:07:08 | Model parameters: total=17277714 | trainable=17120210
Starting run 10/12: domain=雨天, iteration=1, seed=51
2026-08-30 20:07:10 | Epoch 001/060 | loss 5.8850 | cls 5.9096 | tal -0.0819 | dual_g 0.0000 | dual_d 0.0000 | train_acc 0.0729 | train_full 0.1875 | val_acc 0.1923 | val_f1 0.1204 | adv/moduleC 0.00/0.00 | disc_steps 0 | grad(main/disc) 34.139/0.000 | lr(main/disc) 7.00e-05/2.40e-05 | cuda_peak(alloc/resv) 4.09/29.15GB | phase(train/val/raw/train_eval) 0.9/0.3/0.3/0.4s | 2.0s
2026-08-30 20:07:12 | Epoch 002/060 | loss 4.8576 | cls 4.9451 | tal -0.2918 | dual_g 0.0000 | dual_d 0.0000 | train_acc 0.1562 | train_full n/a | val_acc 0.2308 | val_f1 0.1035 | adv/moduleC 0.00/0.00 | disc_steps 0 | grad(main/disc) 28.500/0.000 | lr(main/disc) 7.00e-05/2.40e-05 | cuda_peak(alloc/resv) 4.08/29.15GB | phase(train/val/raw/train_eval) 0.9/0.3/0.0/0.0s | 1.3s
2026-08-30 20:07:13 | Epoch 003/060 | loss 4.5940 | cls 4.6790 | tal -0.2833 | dual_g 0.0000 | dual_d 0.0000 | train_acc 0.2292 | train_full n/a | val_acc 0.2692 | val_f1 0.2145 | adv/moduleC 0.00/0.00 | disc_steps 0 | grad(main/disc) 26.384/0.000 | lr(main/disc) 7.00e-05/2.40e-05 | cuda_peak(alloc/resv) 4.08/29.15GB | phase(train/val/raw/train_eval) 0.8/0.3/0.0/0.0s | 1.2s
2026-08-30 20:07:14 | Epoch 004/060 | loss 4.1397 | cls 4.2466 | tal -0.3563 | dual_g 0.0000 | dual_d 0.0000 | train_acc 0.2812 | train_full n/a | val_acc 0.1923 | val_f1 0.0538 | adv/moduleC 0.00/0.00 | disc_steps 0 | grad(main/disc) 25.402/0.000 | lr(main/disc) 7.00e-05/2.40e-05 | cuda_peak(alloc/resv) 4.08/29.15GB | phase(train/val/raw/train_eval) 0.7/0.4/0.0/0.0s | 1.1s
2026-08-30 20:07:16 | Epoch 005/060 | loss 4.0445 | cls 4.1521 | tal -0.3589 | dual_g 0.0000 | dual_d 0.0000 | train_acc 0.3125 | train_full 0.2708 | val_acc 0.2308 | val_f1 0.1686 | adv/moduleC 0.00/0.00 | disc_steps 0 | grad(main/disc) 24.380/0.000 | lr(main/disc) 7.00e-05/2.40e-05 | cuda_peak(alloc/resv) 4.08/29.15GB | phase(train/val/raw/train_eval) 0.7/0.3/0.3/0.4s | 1.8s
2026-08-30 20:07:17 | Epoch 006/060 | loss 3.8467 | cls 3.7077 | tal -0.2567 | dual_g 0.2161 | dual_d 0.0000 | train_acc 0.3333 | train_full n/a | val_acc 0.2692 | val_f1 0.2148 | adv/moduleC 0.00/0.08 | disc_steps 0 | grad(main/disc) 22.736/0.000 | lr(main/disc) 7.00e-05/2.40e-05 | cuda_peak(alloc/resv) 4.08/29.15GB | phase(train/val/raw/train_eval) 0.7/0.3/0.0/0.0s | 1.0s
2026-08-30 20:07:18 | Epoch 007/060 | loss 3.9046 | cls 3.5771 | tal -0.2852 | dual_g 0.4131 | dual_d 0.0000 | train_acc 0.4688 | train_full n/a | val_acc 0.4231 | val_f1 0.3655 | adv/moduleC 0.00/0.17 | disc_steps 0 | grad(main/disc) 22.881/0.000 | lr(main/disc) 7.00e-05/2.40e-05 | cuda_peak(alloc/resv) 4.08/29.15GB | phase(train/val/raw/train_eval) 1.0/0.3/0.0/0.0s | 1.3s
2026-08-30 20:07:19 | Epoch 008/060 | loss 3.8254 | cls 3.3146 | tal -0.2402 | dual_g 0.5828 | dual_d 0.0000 | train_acc 0.5208 | train_full n/a | val_acc 0.4615 | val_f1 0.4264 | adv/moduleC 0.00/0.25 | disc_steps 0 | grad(main/disc) 21.671/0.000 | lr(main/disc) 7.00e-05/2.40e-05 | cuda_peak(alloc/resv) 4.08/29.15GB | phase(train/val/raw/train_eval) 0.6/0.3/0.0/0.0s | 0.9s
2026-08-30 20:07:20 | Epoch 009/060 | loss 3.7138 | cls 3.0389 | tal -0.2856 | dual_g 0.7606 | dual_d 0.8384 | train_acc 0.5521 | train_full n/a | val_acc 0.4615 | val_f1 0.4074 | adv/moduleC 0.05/0.33 | disc_steps 3 | grad(main/disc) 20.152/2.330 | lr(main/disc) 7.00e-05/2.40e-05 | cuda_peak(alloc/resv) 4.09/29.15GB | phase(train/val/raw/train_eval) 0.8/0.3/0.0/0.0s | 1.1s
2026-08-30 20:07:22 | Epoch 010/060 | loss 4.0200 | cls 3.1913 | tal -0.2644 | dual_g 0.9080 | dual_d 0.9844 | train_acc 0.5521 | train_full 0.5521 | val_acc 0.5000 | val_f1 0.4817 | adv/moduleC 0.10/0.42 | disc_steps 3 | grad(main/disc) 22.166/2.532 | lr(main/disc) 7.00e-05/2.40e-05 | cuda_peak(alloc/resv) 4.09/29.15GB | phase(train/val/raw/train_eval) 0.8/0.3/0.3/0.4s | 1.9s
2026-08-30 20:07:23 | Epoch 011/060 | loss 3.8152 | cls 2.8221 | tal -0.2563 | dual_g 1.0700 | dual_d 0.8872 | train_acc 0.6146 | train_full n/a | val_acc 0.4615 | val_f1 0.4431 | adv/moduleC 0.15/0.50 | disc_steps 3 | grad(main/disc) 19.897/2.327 | lr(main/disc) 7.00e-05/2.40e-05 | cuda_peak(alloc/resv) 4.09/29.15GB | phase(train/val/raw/train_eval) 0.8/0.3/0.0/0.0s | 1.1s
2026-08-30 20:07:24 | Epoch 012/060 | loss 4.0050 | cls 2.9061 | tal -0.1811 | dual_g 1.1532 | dual_d 0.8992 | train_acc 0.7292 | train_full n/a | val_acc 0.5769 | val_f1 0.5867 | adv/moduleC 0.20/0.58 | disc_steps 3 | grad(main/disc) 21.526/2.211 | lr(main/disc) 7.00e-05/2.40e-05 | cuda_peak(alloc/resv) 4.09/29.15GB | phase(train/val/raw/train_eval) 0.9/0.3/0.0/0.0s | 1.2s
2026-08-30 20:07:25 | Epoch 013/060 | loss 3.8070 | cls 2.6339 | tal -0.1575 | dual_g 1.2204 | dual_d 0.8815 | train_acc 0.6979 | train_full n/a | val_acc 0.6923 | val_f1 0.6954 | adv/moduleC 0.25/0.67 | disc_steps 3 | grad(main/disc) 20.625/2.260 | lr(main/disc) 7.00e-05/2.40e-05 | cuda_peak(alloc/resv) 4.09/29.15GB | phase(train/val/raw/train_eval) 0.9/0.3/0.0/0.0s | 1.2s
2026-08-30 20:07:26 | Epoch 014/060 | loss 3.9632 | cls 2.6279 | tal -0.1284 | dual_g 1.3738 | dual_d 0.8215 | train_acc 0.7708 | train_full n/a | val_acc 0.6538 | val_f1 0.6870 | adv/moduleC 0.30/0.75 | disc_steps 3 | grad(main/disc) 21.099/2.223 | lr(main/disc) 7.00e-05/2.40e-05 | cuda_peak(alloc/resv) 4.09/29.15GB | phase(train/val/raw/train_eval) 0.6/0.3/0.0/0.0s | 1.0s
2026-08-30 20:07:28 | Epoch 015/060 | loss 4.2214 | cls 2.7293 | tal -0.0930 | dual_g 1.5200 | dual_d 0.8383 | train_acc 0.7500 | train_full 0.7708 | val_acc 0.7692 | val_f1 0.7851 | adv/moduleC 0.35/0.83 | disc_steps 3 | grad(main/disc) 24.064/2.184 | lr(main/disc) 7.00e-05/2.40e-05 | cuda_peak(alloc/resv) 4.09/29.15GB | phase(train/val/raw/train_eval) 1.0/0.3/0.3/0.4s | 2.0s
2026-08-30 20:07:30 | Epoch 016/060 | loss 3.7793 | cls 2.2977 | tal -0.1202 | dual_g 1.5177 | dual_d 0.8122 | train_acc 0.8750 | train_full n/a | val_acc 0.5769 | val_f1 0.5829 | adv/moduleC 0.40/0.92 | disc_steps 3 | grad(main/disc) 19.988/2.159 | lr(main/disc) 7.00e-05/2.40e-05 | cuda_peak(alloc/resv) 4.09/29.15GB | phase(train/val/raw/train_eval) 0.8/0.3/0.0/0.0s | 1.1s
2026-08-30 20:07:31 | Epoch 017/060 | loss 3.8433 | cls 2.2094 | tal -0.1940 | dual_g 1.6922 | dual_d 0.8056 | train_acc 0.8333 | train_full n/a | val_acc 0.7692 | val_f1 0.7887 | adv/moduleC 0.45/1.00 | disc_steps 3 | grad(main/disc) 19.507/2.012 | lr(main/disc) 7.00e-05/2.40e-05 | cuda_peak(alloc/resv) 4.09/29.15GB | phase(train/val/raw/train_eval) 0.6/0.3/0.0/0.0s | 1.0s
2026-08-30 20:07:32 | Epoch 018/060 | loss 3.6288 | cls 2.2292 | tal -0.2312 | dual_g 1.4689 | dual_d 0.8432 | train_acc 0.8125 | train_full n/a | val_acc 0.8077 | val_f1 0.8267 | adv/moduleC 0.50/1.00 | disc_steps 3 | grad(main/disc) 18.710/2.138 | lr(main/disc) 7.00e-05/2.40e-05 | cuda_peak(alloc/resv) 4.09/29.15GB | phase(train/val/raw/train_eval) 0.9/0.3/0.0/0.0s | 1.2s
2026-08-30 20:07:33 | Epoch 019/060 | loss 3.7941 | cls 2.3543 | tal -0.1965 | dual_g 1.4987 | dual_d 0.8915 | train_acc 0.8542 | train_full n/a | val_acc 0.7692 | val_f1 0.7842 | adv/moduleC 0.55/1.00 | disc_steps 3 | grad(main/disc) 22.205/2.159 | lr(main/disc) 7.00e-05/2.40e-05 | cuda_peak(alloc/resv) 4.09/29.15GB | phase(train/val/raw/train_eval) 0.9/0.3/0.0/0.0s | 1.2s
2026-08-30 20:07:35 | Epoch 020/060 | loss 3.9164 | cls 2.3262 | tal -0.1355 | dual_g 1.6308 | dual_d 0.8036 | train_acc 0.8542 | train_full 0.7708 | val_acc 0.8077 | val_f1 0.8207 | adv/moduleC 0.60/1.00 | disc_steps 3 | grad(main/disc) 23.743/2.076 | lr(main/disc) 7.00e-05/2.40e-05 | cuda_peak(alloc/resv) 4.09/29.15GB | phase(train/val/raw/train_eval) 0.9/0.3/0.3/0.4s | 1.9s
2026-08-30 20:07:36 | Epoch 021/060 | loss 3.5443 | cls 2.1193 | tal -0.1909 | dual_g 1.4823 | dual_d 0.7510 | train_acc 0.8854 | train_full n/a | val_acc 0.6154 | val_f1 0.6250 | adv/moduleC 0.65/1.00 | disc_steps 3 | grad(main/disc) 19.543/1.902 | lr(main/disc) 7.00e-05/2.40e-05 | cuda_peak(alloc/resv) 4.09/29.15GB | phase(train/val/raw/train_eval) 0.8/0.3/0.0/0.0s | 1.1s
2026-08-30 20:07:37 | Epoch 022/060 | loss 3.6144 | cls 2.1493 | tal -0.2460 | dual_g 1.5389 | dual_d 0.8531 | train_acc 0.8854 | train_full n/a | val_acc 0.7692 | val_f1 0.7917 | adv/moduleC 0.70/1.00 | disc_steps 3 | grad(main/disc) 19.207/2.146 | lr(main/disc) 7.00e-05/2.40e-05 | cuda_peak(alloc/resv) 4.09/29.15GB | phase(train/val/raw/train_eval) 0.6/0.3/0.0/0.0s | 1.0s
2026-08-30 20:07:38 | Epoch 023/060 | loss 3.4440 | cls 2.0550 | tal -0.0894 | dual_g 1.4159 | dual_d 0.8767 | train_acc 0.8958 | train_full n/a | val_acc 0.8462 | val_f1 0.8611 | adv/moduleC 0.75/1.00 | disc_steps 3 | grad(main/disc) 17.358/2.128 | lr(main/disc) 7.00e-05/2.40e-05 | cuda_peak(alloc/resv) 4.09/29.15GB | phase(train/val/raw/train_eval) 0.8/0.3/0.0/0.0s | 1.1s
2026-08-30 20:07:39 | Epoch 024/060 | loss 3.4713 | cls 2.0557 | tal -0.0056 | dual_g 1.4172 | dual_d 0.8171 | train_acc 0.9271 | train_full n/a | val_acc 0.8462 | val_f1 0.8597 | adv/moduleC 0.80/1.00 | disc_steps 3 | grad(main/disc) 18.577/2.047 | lr(main/disc) 7.00e-05/2.40e-05 | cuda_peak(alloc/resv) 4.09/29.15GB | phase(train/val/raw/train_eval) 0.9/0.3/0.0/0.0s | 1.3s
2026-08-30 20:07:41 | Epoch 025/060 | loss 3.4632 | cls 2.0289 | tal -0.0554 | dual_g 1.4509 | dual_d 0.7281 | train_acc 0.9271 | train_full 0.8021 | val_acc 0.7692 | val_f1 0.8000 | adv/moduleC 0.85/1.00 | disc_steps 3 | grad(main/disc) 20.307/1.857 | lr(main/disc) 7.00e-05/2.40e-05 | cuda_peak(alloc/resv) 4.09/29.15GB | phase(train/val/raw/train_eval) 0.7/0.3/0.3/0.4s | 1.8s
2026-08-30 20:07:42 | Epoch 026/060 | loss 3.3604 | cls 1.9431 | tal 0.0065 | dual_g 1.4153 | dual_d 0.7412 | train_acc 0.9167 | train_full n/a | val_acc 0.6538 | val_f1 0.6805 | adv/moduleC 0.90/1.00 | disc_steps 3 | grad(main/disc) 19.552/1.784 | lr(main/disc) 7.00e-05/2.40e-05 | cuda_peak(alloc/resv) 4.09/29.15GB | phase(train/val/raw/train_eval) 1.0/0.3/0.0/0.0s | 1.3s
2026-08-30 20:07:44 | Epoch 027/060 | loss 3.2205 | cls 1.9062 | tal -0.0171 | dual_g 1.3195 | dual_d 0.8184 | train_acc 0.9688 | train_full n/a | val_acc 0.8077 | val_f1 0.8333 | adv/moduleC 0.95/1.00 | disc_steps 3 | grad(main/disc) 19.010/2.068 | lr(main/disc) 7.00e-05/2.40e-05 | cuda_peak(alloc/resv) 4.09/29.15GB | phase(train/val/raw/train_eval) 0.9/0.3/0.0/0.0s | 1.2s
2026-08-30 20:07:45 | Epoch 028/060 | loss 3.1240 | cls 1.8312 | tal -0.0116 | dual_g 1.2963 | dual_d 0.8476 | train_acc 0.9479 | train_full n/a | val_acc 0.8462 | val_f1 0.8611 | adv/moduleC 1.00/1.00 | disc_steps 3 | grad(main/disc) 17.373/2.028 | lr(main/disc) 7.00e-05/2.40e-05 | cuda_peak(alloc/resv) 4.09/29.15GB | phase(train/val/raw/train_eval) 0.9/0.3/0.0/0.0s | 1.2s
2026-08-30 20:07:46 | Epoch 029/060 | loss 3.0803 | cls 1.7906 | tal -0.1040 | dual_g 1.3209 | dual_d 0.8179 | train_acc 0.9375 | train_full n/a | val_acc 0.9231 | val_f1 0.9206 | adv/moduleC 1.00/1.00 | disc_steps 3 | grad(main/disc) 13.595/2.090 | lr(main/disc) 7.00e-05/2.40e-05 | cuda_peak(alloc/resv) 4.09/29.15GB | phase(train/val/raw/train_eval) 0.9/0.3/0.0/0.0s | 1.2s
2026-08-30 20:07:48 | Epoch 030/060 | loss 3.2777 | cls 1.9195 | tal -0.0105 | dual_g 1.3614 | dual_d 0.8319 | train_acc 0.9583 | train_full 0.9479 | val_acc 0.9231 | val_f1 0.9243 | adv/moduleC 1.00/1.00 | disc_steps 3 | grad(main/disc) 18.159/1.994 | lr(main/disc) 7.00e-05/2.40e-05 | cuda_peak(alloc/resv) 4.09/29.15GB | phase(train/val/raw/train_eval) 0.7/0.3/0.3/0.4s | 1.8s
2026-08-30 20:07:49 | Epoch 031/060 | loss 3.1872 | cls 1.8801 | tal -0.0419 | dual_g 1.3196 | dual_d 0.7699 | train_acc 0.9479 | train_full n/a | val_acc 0.8846 | val_f1 0.8901 | adv/moduleC 1.00/1.00 | disc_steps 3 | grad(main/disc) 17.603/1.914 | lr(main/disc) 7.00e-05/2.40e-05 | cuda_peak(alloc/resv) 4.09/29.15GB | phase(train/val/raw/train_eval) 0.8/0.3/0.0/0.0s | 1.1s
2026-08-30 20:07:50 | Epoch 032/060 | loss 3.1475 | cls 1.9003 | tal -0.0157 | dual_g 1.2519 | dual_d 0.7918 | train_acc 0.9479 | train_full n/a | val_acc 0.8846 | val_f1 0.8901 | adv/moduleC 1.00/1.00 | disc_steps 3 | grad(main/disc) 15.266/2.052 | lr(main/disc) 7.00e-05/2.40e-05 | cuda_peak(alloc/resv) 4.09/29.15GB | phase(train/val/raw/train_eval) 0.9/0.3/0.0/0.0s | 1.3s
2026-08-30 20:07:52 | Epoch 033/060 | loss 3.0898 | cls 1.8163 | tal -0.0754 | dual_g 1.2961 | dual_d 0.8585 | train_acc 0.9167 | train_full n/a | val_acc 0.8462 | val_f1 0.8611 | adv/moduleC 1.00/1.00 | disc_steps 3 | grad(main/disc) 13.745/1.989 | lr(main/disc) 7.00e-05/2.40e-05 | cuda_peak(alloc/resv) 4.09/29.15GB | phase(train/val/raw/train_eval) 0.9/0.3/0.0/0.0s | 1.3s
2026-08-30 20:07:53 | Epoch 034/060 | loss 3.2728 | cls 1.9097 | tal 0.0384 | dual_g 1.3516 | dual_d 0.8510 | train_acc 0.9375 | train_full n/a | val_acc 0.8077 | val_f1 0.8333 | adv/moduleC 1.00/1.00 | disc_steps 3 | grad(main/disc) 17.725/2.074 | lr(main/disc) 7.00e-05/2.40e-05 | cuda_peak(alloc/resv) 4.09/29.15GB | phase(train/val/raw/train_eval) 0.8/0.3/0.0/0.0s | 1.1s
2026-08-30 20:07:55 | Epoch 035/060 | loss 2.9779 | cls 1.7219 | tal -0.0398 | dual_g 1.2679 | dual_d 0.7534 | train_acc 0.9792 | train_full 0.8958 | val_acc 0.8462 | val_f1 0.8564 | adv/moduleC 1.00/1.00 | disc_steps 3 | grad(main/disc) 12.051/1.887 | lr(main/disc) 7.00e-05/2.40e-05 | cuda_peak(alloc/resv) 4.09/29.15GB | phase(train/val/raw/train_eval) 0.8/0.3/0.3/0.4s | 1.9s
2026-08-30 20:07:56 | Epoch 036/060 | loss 3.2488 | cls 1.9403 | tal -0.0750 | dual_g 1.3310 | dual_d 0.7964 | train_acc 0.9583 | train_full n/a | val_acc 0.7308 | val_f1 0.7572 | adv/moduleC 1.00/1.00 | disc_steps 3 | grad(main/disc) 17.899/1.936 | lr(main/disc) 7.00e-05/2.40e-05 | cuda_peak(alloc/resv) 4.09/29.15GB | phase(train/val/raw/train_eval) 1.0/0.3/0.0/0.0s | 1.4s
2026-08-30 20:07:57 | Epoch 037/060 | loss 3.1645 | cls 1.8952 | tal -0.0406 | dual_g 1.2815 | dual_d 0.8401 | train_acc 0.9375 | train_full n/a | val_acc 0.8846 | val_f1 0.8901 | adv/moduleC 1.00/1.00 | disc_steps 3 | grad(main/disc) 18.320/2.033 | lr(main/disc) 7.00e-05/2.40e-05 | cuda_peak(alloc/resv) 4.09/29.15GB | phase(train/val/raw/train_eval) 0.8/0.3/0.0/0.0s | 1.2s
2026-08-30 20:07:58 | Epoch 038/060 | loss 3.0810 | cls 1.7900 | tal 0.0354 | dual_g 1.2805 | dual_d 0.7259 | train_acc 0.9479 | train_full n/a | val_acc 0.8846 | val_f1 0.8862 | adv/moduleC 1.00/1.00 | disc_steps 3 | grad(main/disc) 15.134/1.832 | lr(main/disc) 7.00e-05/2.40e-05 | cuda_peak(alloc/resv) 4.09/29.15GB | phase(train/val/raw/train_eval) 0.9/0.3/0.0/0.0s | 1.2s
2026-08-30 20:07:59 | Epoch 039/060 | loss 2.8924 | cls 1.6689 | tal -0.0320 | dual_g 1.2332 | dual_d 0.8320 | train_acc 0.9792 | train_full n/a | val_acc 0.8077 | val_f1 0.8333 | adv/moduleC 1.00/1.00 | disc_steps 3 | grad(main/disc) 11.847/1.975 | lr(main/disc) 3.50e-05/1.20e-05 | cuda_peak(alloc/resv) 4.09/29.15GB | phase(train/val/raw/train_eval) 0.7/0.3/0.0/0.0s | 1.0s
2026-08-30 20:08:01 | Epoch 040/060 | loss 2.9281 | cls 1.7022 | tal -0.0038 | dual_g 1.2270 | dual_d 0.8579 | train_acc 0.9896 | train_full 0.9271 | val_acc 0.9231 | val_f1 0.9206 | adv/moduleC 1.00/1.00 | disc_steps 3 | grad(main/disc) 11.714/1.993 | lr(main/disc) 3.50e-05/1.20e-05 | cuda_peak(alloc/resv) 4.09/29.15GB | phase(train/val/raw/train_eval) 0.7/0.3/0.3/0.4s | 1.8s
2026-08-30 20:08:03 | New best val_f1_macro_present: raw=0.9206 stable_score=0.8333 at epoch 40
2026-08-30 20:08:04 | Epoch 041/060 | loss 2.9338 | cls 1.7021 | tal -0.0303 | dual_g 1.2408 | dual_d 0.8246 | train_acc 0.9688 | train_full n/a | val_acc 0.9231 | val_f1 0.9206 | adv/moduleC 1.00/1.00 | disc_steps 3 | grad(main/disc) 12.254/1.854 | lr(main/disc) 3.50e-05/1.20e-05 | cuda_peak(alloc/resv) 4.09/29.15GB | phase(train/val/raw/train_eval) 0.7/0.3/0.0/0.0s | 1.1s
2026-08-30 20:08:05 | Epoch 042/060 | loss 2.9226 | cls 1.6969 | tal 0.0457 | dual_g 1.2120 | dual_d 0.8215 | train_acc 0.9896 | train_full n/a | val_acc 0.9231 | val_f1 0.9206 | adv/moduleC 1.00/1.00 | disc_steps 3 | grad(main/disc) 14.945/1.869 | lr(main/disc) 3.50e-05/1.20e-05 | cuda_peak(alloc/resv) 4.09/29.15GB | phase(train/val/raw/train_eval) 0.9/0.3/0.0/0.0s | 1.2s
2026-08-30 20:08:07 | Epoch 043/060 | loss 2.8367 | cls 1.6979 | tal -0.0492 | dual_g 1.1536 | dual_d 0.7402 | train_acc 0.9688 | train_full n/a | val_acc 0.9231 | val_f1 0.9148 | adv/moduleC 1.00/1.00 | disc_steps 3 | grad(main/disc) 11.057/1.780 | lr(main/disc) 3.50e-05/1.20e-05 | cuda_peak(alloc/resv) 4.09/29.15GB | phase(train/val/raw/train_eval) 0.8/0.3/0.3/0.0s | 1.5s
2026-08-30 20:08:09 | New best val_f1_macro_present: raw=0.9148 stable_score=0.9148 at epoch 43
2026-08-30 20:08:10 | Epoch 044/060 | loss 2.8645 | cls 1.6935 | tal -0.0118 | dual_g 1.1746 | dual_d 0.8252 | train_acc 0.9792 | train_full n/a | val_acc 0.9231 | val_f1 0.9206 | adv/moduleC 1.00/1.00 | disc_steps 3 | grad(main/disc) 10.201/1.901 | lr(main/disc) 3.50e-05/1.20e-05 | cuda_peak(alloc/resv) 4.09/29.15GB | phase(train/val/raw/train_eval) 0.9/0.4/0.0/0.0s | 1.2s
2026-08-30 20:08:12 | Epoch 045/060 | loss 2.8630 | cls 1.6728 | tal -0.1122 | dual_g 1.2238 | dual_d 0.8157 | train_acc 0.9792 | train_full 0.9271 | val_acc 0.9615 | val_f1 0.9556 | adv/moduleC 1.00/1.00 | disc_steps 3 | grad(main/disc) 12.512/1.827 | lr(main/disc) 3.50e-05/1.20e-05 | cuda_peak(alloc/resv) 4.09/29.15GB | phase(train/val/raw/train_eval) 0.9/0.3/0.3/0.4s | 1.9s
2026-08-30 20:08:13 | Epoch 046/060 | loss 2.9485 | cls 1.7537 | tal -0.0427 | dual_g 1.2076 | dual_d 0.9138 | train_acc 0.9688 | train_full n/a | val_acc 0.9615 | val_f1 0.9556 | adv/moduleC 1.00/1.00 | disc_steps 3 | grad(main/disc) 14.092/2.051 | lr(main/disc) 3.50e-05/1.20e-05 | cuda_peak(alloc/resv) 4.09/29.15GB | phase(train/val/raw/train_eval) 1.0/0.3/0.0/0.0s | 1.3s
2026-08-30 20:08:15 | Epoch 047/060 | loss 2.8280 | cls 1.6510 | tal -0.0612 | dual_g 1.1953 | dual_d 0.8075 | train_acc 0.9792 | train_full n/a | val_acc 0.9615 | val_f1 0.9556 | adv/moduleC 1.00/1.00 | disc_steps 3 | grad(main/disc) 11.580/1.965 | lr(main/disc) 3.50e-05/1.20e-05 | cuda_peak(alloc/resv) 4.09/29.15GB | phase(train/val/raw/train_eval) 0.8/0.3/0.3/0.0s | 1.5s
2026-08-30 20:08:17 | New best val_f1_macro_present: raw=0.9556 stable_score=0.9206 at epoch 47
2026-08-30 20:08:18 | Epoch 048/060 | loss 2.8520 | cls 1.6565 | tal -0.0168 | dual_g 1.2005 | dual_d 0.7873 | train_acc 0.9896 | train_full n/a | val_acc 0.9231 | val_f1 0.9148 | adv/moduleC 1.00/1.00 | disc_steps 3 | grad(main/disc) 10.008/1.858 | lr(main/disc) 3.50e-05/1.20e-05 | cuda_peak(alloc/resv) 4.09/29.15GB | phase(train/val/raw/train_eval) 0.7/0.3/0.0/0.0s | 1.0s
2026-08-30 20:08:19 | Epoch 049/060 | loss 2.7937 | cls 1.6448 | tal -0.0461 | dual_g 1.1627 | dual_d 0.8001 | train_acc 0.9896 | train_full n/a | val_acc 1.0000 | val_f1 1.0000 | adv/moduleC 1.00/1.00 | disc_steps 3 | grad(main/disc) 10.637/1.847 | lr(main/disc) 3.50e-05/1.20e-05 | cuda_peak(alloc/resv) 4.09/29.15GB | phase(train/val/raw/train_eval) 0.8/0.3/0.0/0.0s | 1.1s
2026-08-30 20:08:21 | Epoch 050/060 | loss 2.9485 | cls 1.7398 | tal 0.0473 | dual_g 1.1946 | dual_d 0.8327 | train_acc 0.9583 | train_full 0.9896 | val_acc 1.0000 | val_f1 1.0000 | adv/moduleC 1.00/1.00 | disc_steps 3 | grad(main/disc) 14.448/1.979 | lr(main/disc) 3.50e-05/1.20e-05 | cuda_peak(alloc/resv) 4.09/29.15GB | phase(train/val/raw/train_eval) 0.8/0.3/0.3/0.4s | 1.8s
2026-08-30 20:08:22 | Epoch 051/060 | loss 2.8066 | cls 1.6596 | tal 0.0108 | dual_g 1.1438 | dual_d 0.7714 | train_acc 0.9896 | train_full n/a | val_acc 0.9615 | val_f1 0.9556 | adv/moduleC 1.00/1.00 | disc_steps 3 | grad(main/disc) 9.428/1.792 | lr(main/disc) 3.50e-05/1.20e-05 | cuda_peak(alloc/resv) 4.09/29.15GB | phase(train/val/raw/train_eval) 0.7/0.3/0.0/0.0s | 1.0s
2026-08-30 20:08:24 | Epoch 052/060 | loss 2.8185 | cls 1.6814 | tal -0.0813 | dual_g 1.1614 | dual_d 0.8393 | train_acc 0.9688 | train_full n/a | val_acc 0.9615 | val_f1 0.9556 | adv/moduleC 1.00/1.00 | disc_steps 3 | grad(main/disc) 11.180/1.895 | lr(main/disc) 3.50e-05/1.20e-05 | cuda_peak(alloc/resv) 4.09/29.15GB | phase(train/val/raw/train_eval) 0.9/0.3/0.3/0.0s | 1.5s
2026-08-30 20:08:26 | New best val_f1_macro_present: raw=0.9556 stable_score=0.9556 at epoch 52
2026-08-30 20:08:27 | Epoch 053/060 | loss 2.7943 | cls 1.6447 | tal -0.0553 | dual_g 1.1663 | dual_d 0.7303 | train_acc 0.9896 | train_full n/a | val_acc 0.9615 | val_f1 0.9556 | adv/moduleC 1.00/1.00 | disc_steps 3 | grad(main/disc) 10.405/1.859 | lr(main/disc) 3.50e-05/1.20e-05 | cuda_peak(alloc/resv) 4.09/29.15GB | phase(train/val/raw/train_eval) 0.6/0.3/0.0/0.0s | 1.0s
2026-08-30 20:08:28 | Epoch 054/060 | loss 2.7963 | cls 1.6355 | tal -0.0824 | dual_g 1.1856 | dual_d 0.8265 | train_acc 1.0000 | train_full n/a | val_acc 0.9615 | val_f1 0.9556 | adv/moduleC 1.00/1.00 | disc_steps 3 | grad(main/disc) 13.051/1.892 | lr(main/disc) 3.50e-05/1.20e-05 | cuda_peak(alloc/resv) 4.09/29.15GB | phase(train/val/raw/train_eval) 1.0/0.3/0.0/0.0s | 1.3s
2026-08-30 20:08:30 | Epoch 055/060 | loss 2.7349 | cls 1.6085 | tal -0.1124 | dual_g 1.1601 | dual_d 0.8476 | train_acc 0.9792 | train_full 0.9479 | val_acc 0.9615 | val_f1 0.9556 | adv/moduleC 1.00/1.00 | disc_steps 3 | grad(main/disc) 11.540/1.926 | lr(main/disc) 3.50e-05/1.20e-05 | cuda_peak(alloc/resv) 4.09/29.15GB | phase(train/val/raw/train_eval) 0.8/0.3/0.3/0.4s | 1.9s
2026-08-30 20:08:31 | Epoch 056/060 | loss 2.7609 | cls 1.6307 | tal -0.0765 | dual_g 1.1532 | dual_d 0.7869 | train_acc 1.0000 | train_full n/a | val_acc 0.9615 | val_f1 0.9556 | adv/moduleC 1.00/1.00 | disc_steps 3 | grad(main/disc) 10.627/1.847 | lr(main/disc) 3.50e-05/1.20e-05 | cuda_peak(alloc/resv) 4.09/29.15GB | phase(train/val/raw/train_eval) 1.0/0.3/0.0/0.0s | 1.3s
2026-08-30 20:08:32 | Epoch 057/060 | loss 2.8152 | cls 1.6853 | tal -0.0788 | dual_g 1.1535 | dual_d 0.8052 | train_acc 1.0000 | train_full n/a | val_acc 0.9615 | val_f1 0.9556 | adv/moduleC 1.00/1.00 | disc_steps 3 | grad(main/disc) 12.598/1.950 | lr(main/disc) 3.50e-05/1.20e-05 | cuda_peak(alloc/resv) 4.09/29.15GB | phase(train/val/raw/train_eval) 0.9/0.3/0.0/0.0s | 1.2s
2026-08-30 20:08:34 | Epoch 058/060 | loss 2.7165 | cls 1.6275 | tal -0.1102 | dual_g 1.1221 | dual_d 0.8694 | train_acc 0.9792 | train_full n/a | val_acc 1.0000 | val_f1 1.0000 | adv/moduleC 1.00/1.00 | disc_steps 3 | grad(main/disc) 9.125/1.892 | lr(main/disc) 1.75e-05/6.00e-06 | cuda_peak(alloc/resv) 4.09/29.15GB | phase(train/val/raw/train_eval) 1.0/0.3/0.0/0.0s | 1.3s
2026-08-30 20:08:35 | Epoch 059/060 | loss 2.8861 | cls 1.7174 | tal -0.0780 | dual_g 1.1921 | dual_d 0.8795 | train_acc 0.9583 | train_full n/a | val_acc 1.0000 | val_f1 1.0000 | adv/moduleC 1.00/1.00 | disc_steps 3 | grad(main/disc) 12.820/1.974 | lr(main/disc) 1.75e-05/6.00e-06 | cuda_peak(alloc/resv) 4.09/29.15GB | phase(train/val/raw/train_eval) 1.0/0.3/0.0/0.0s | 1.3s
2026-08-30 20:08:37 | Epoch 060/060 | loss 2.7211 | cls 1.6048 | tal -0.0870 | dual_g 1.1424 | dual_d 0.8759 | train_acc 0.9896 | train_full 0.9792 | val_acc 1.0000 | val_f1 1.0000 | adv/moduleC 1.00/1.00 | disc_steps 3 | grad(main/disc) 8.752/1.917 | lr(main/disc) 1.75e-05/6.00e-06 | cuda_peak(alloc/resv) 4.09/29.15GB | phase(train/val/raw/train_eval) 0.8/0.3/0.3/0.4s | 1.9s
2026-08-30 20:08:37 | Training complete. Peak validation accuracy: 1.0000 | selected val_f1_macro_present: 0.9556
2026-08-30 20:08:37 | Starting Dual_D standalone training
2026-08-30 20:08:37 | Run directory: runs/module_c_v12_strong_full_gate/module_c_20260830_193928/module_c_full_雨天_20260830_193929
2026-08-30 20:08:37 | Device: cuda
2026-08-30 20:08:37 | Source train samples: 992
2026-08-30 20:08:37 | Target train samples: 96
2026-08-30 20:08:37 | Target val samples: 26
2026-08-30 20:08:37 | Classes: 14
2026-08-30 20:08:37 | Data audit: same_dir=False | path_overlap(vis/ir/ais)=0/0/0 | content_overlap(vis/ir/ais)=0/0/0 | ais_index_overlap=0 | stem_mismatch(vis-ir/vis-ais)=117/0
2026-08-30 20:08:37 | source_train classes: present 14/14 | absent 0 | counts [0:120, 1:44, 2:69, 3:45, 4:40, 5:30, 6:64, 7:80, 8:116, 9:68, 10:57, 11:83, 12:48, 13:128]
2026-08-30 20:08:37 | target_train classes: present 6/14 | absent 8 | counts [0:7, 2:19, 9:32, 10:12, 11:6, 13:20]
2026-08-30 20:08:37 | target_val classes: present 6/14 | absent 8 | counts [0:2, 2:5, 9:8, 10:4, 11:2, 13:5]
2026-08-30 20:08:37 | Paired training classes: 6/14 | class ids [0, 2, 9, 10, 11, 13]
2026-08-30 20:08:37 | Runtime profile: batch=16 | paired_steps=6 | workers=16 | train_eval_every=5 | raw_eval_every=5 | stability_window=4 | lr_scheduler_start=28 | checkpoint_select_from=40 | early_stop=15 after min_epoch=50
2026-08-30 20:08:37 | Augmentation profile: base=0.650 | visible=0.700 | infrared=0.500 | freeze_frozen_batch_norm_stats=True
2026-08-30 20:08:37 | VIS/IR pairing: class-level-unpaired | count-mismatch classes train/val: 10/0 | AIS alignment: none | AIS rows train/val: 0/0
2026-08-30 20:08:38 | Effective Dual-D loss weights: {"adv_auxiliary": 0.02, "adv_primary": 0.02, "classification": 0.6, "contrastive": 0.025, "cycle": 0.12, "identity": 0.025, "prototype_contrastive": 0.015}
2026-08-30 20:08:38 | Model parameters: total=17277714 | trainable=17120210
Starting run 11/12: domain=雨天, iteration=2, seed=52
2026-08-30 20:08:40 | Epoch 001/060 | loss 5.4527 | cls 5.4484 | tal 0.0142 | dual_g 0.0000 | dual_d 0.0000 | train_acc 0.1354 | train_full 0.3021 | val_acc 0.1538 | val_f1 0.0606 | adv/moduleC 0.00/0.00 | disc_steps 0 | grad(main/disc) 34.372/0.000 | lr(main/disc) 7.00e-05/2.40e-05 | cuda_peak(alloc/resv) 4.09/29.15GB | phase(train/val/raw/train_eval) 1.0/0.3/0.3/0.4s | 2.1s
2026-08-30 20:08:41 | Epoch 002/060 | loss 4.8754 | cls 4.8379 | tal 0.1250 | dual_g 0.0000 | dual_d 0.0000 | train_acc 0.2500 | train_full n/a | val_acc 0.1538 | val_f1 0.1349 | adv/moduleC 0.00/0.00 | disc_steps 0 | grad(main/disc) 29.452/0.000 | lr(main/disc) 7.00e-05/2.40e-05 | cuda_peak(alloc/resv) 4.08/29.15GB | phase(train/val/raw/train_eval) 0.8/0.3/0.0/0.0s | 1.1s
2026-08-30 20:08:42 | Epoch 003/060 | loss 4.5829 | cls 4.5251 | tal 0.1926 | dual_g 0.0000 | dual_d 0.0000 | train_acc 0.2708 | train_full n/a | val_acc 0.2692 | val_f1 0.2797 | adv/moduleC 0.00/0.00 | disc_steps 0 | grad(main/disc) 26.725/0.000 | lr(main/disc) 7.00e-05/2.40e-05 | cuda_peak(alloc/resv) 4.08/29.15GB | phase(train/val/raw/train_eval) 0.8/0.3/0.0/0.0s | 1.1s
2026-08-30 20:08:43 | Epoch 004/060 | loss 4.0072 | cls 3.9518 | tal 0.1845 | dual_g 0.0000 | dual_d 0.0000 | train_acc 0.3750 | train_full n/a | val_acc 0.2308 | val_f1 0.1810 | adv/moduleC 0.00/0.00 | disc_steps 0 | grad(main/disc) 25.015/0.000 | lr(main/disc) 7.00e-05/2.40e-05 | cuda_peak(alloc/resv) 4.08/29.15GB | phase(train/val/raw/train_eval) 0.7/0.4/0.0/0.0s | 1.1s
2026-08-30 20:08:45 | Epoch 005/060 | loss 3.7555 | cls 3.7167 | tal 0.1295 | dual_g 0.0000 | dual_d 0.0000 | train_acc 0.4896 | train_full 0.3438 | val_acc 0.4615 | val_f1 0.4722 | adv/moduleC 0.00/0.00 | disc_steps 0 | grad(main/disc) 23.764/0.000 | lr(main/disc) 7.00e-05/2.40e-05 | cuda_peak(alloc/resv) 4.08/29.15GB | phase(train/val/raw/train_eval) 0.8/0.3/0.3/0.4s | 1.8s
2026-08-30 20:08:46 | Epoch 006/060 | loss 3.7586 | cls 3.5123 | tal 0.1102 | dual_g 0.2132 | dual_d 0.0000 | train_acc 0.4271 | train_full n/a | val_acc 0.4615 | val_f1 0.4656 | adv/moduleC 0.00/0.08 | disc_steps 0 | grad(main/disc) 22.500/0.000 | lr(main/disc) 7.00e-05/2.40e-05 | cuda_peak(alloc/resv) 4.08/29.15GB | phase(train/val/raw/train_eval) 0.9/0.3/0.0/0.0s | 1.3s
2026-08-30 20:08:47 | Epoch 007/060 | loss 4.0260 | cls 3.5434 | tal 0.2641 | dual_g 0.4034 | dual_d 0.0000 | train_acc 0.4688 | train_full n/a | val_acc 0.4615 | val_f1 0.4444 | adv/moduleC 0.00/0.17 | disc_steps 0 | grad(main/disc) 22.616/0.000 | lr(main/disc) 7.00e-05/2.40e-05 | cuda_peak(alloc/resv) 4.08/29.15GB | phase(train/val/raw/train_eval) 0.8/0.3/0.0/0.0s | 1.1s
2026-08-30 20:08:49 | Epoch 008/060 | loss 3.8933 | cls 3.2650 | tal 0.2125 | dual_g 0.5646 | dual_d 0.0000 | train_acc 0.5521 | train_full n/a | val_acc 0.5000 | val_f1 0.5266 | adv/moduleC 0.00/0.25 | disc_steps 0 | grad(main/disc) 22.209/0.000 | lr(main/disc) 7.00e-05/2.40e-05 | cuda_peak(alloc/resv) 4.08/29.15GB | phase(train/val/raw/train_eval) 1.0/0.3/0.0/0.0s | 1.3s
2026-08-30 20:08:50 | Epoch 009/060 | loss 4.0871 | cls 3.2793 | tal 0.2435 | dual_g 0.7347 | dual_d 0.9928 | train_acc 0.5729 | train_full n/a | val_acc 0.6923 | val_f1 0.7751 | adv/moduleC 0.05/0.33 | disc_steps 3 | grad(main/disc) 22.579/2.292 | lr(main/disc) 7.00e-05/2.40e-05 | cuda_peak(alloc/resv) 4.09/29.15GB | phase(train/val/raw/train_eval) 0.8/0.3/0.0/0.0s | 1.1s
2026-08-30 20:08:52 | Epoch 010/060 | loss 4.1256 | cls 3.1973 | tal 0.1749 | dual_g 0.8759 | dual_d 0.9454 | train_acc 0.5625 | train_full 0.6042 | val_acc 0.6538 | val_f1 0.6394 | adv/moduleC 0.10/0.42 | disc_steps 3 | grad(main/disc) 22.097/2.288 | lr(main/disc) 7.00e-05/2.40e-05 | cuda_peak(alloc/resv) 4.09/29.15GB | phase(train/val/raw/train_eval) 0.9/0.3/0.3/0.4s | 1.9s
2026-08-30 20:08:53 | Epoch 011/060 | loss 4.0531 | cls 3.0072 | tal 0.1409 | dual_g 1.0037 | dual_d 0.9355 | train_acc 0.6458 | train_full n/a | val_acc 0.4615 | val_f1 0.4461 | adv/moduleC 0.15/0.50 | disc_steps 3 | grad(main/disc) 21.709/2.343 | lr(main/disc) 7.00e-05/2.40e-05 | cuda_peak(alloc/resv) 4.09/29.15GB | phase(train/val/raw/train_eval) 0.9/0.3/0.0/0.0s | 1.2s
2026-08-30 20:08:54 | Epoch 012/060 | loss 4.1260 | cls 2.8929 | tal 0.1887 | dual_g 1.1765 | dual_d 0.8788 | train_acc 0.7083 | train_full n/a | val_acc 0.6154 | val_f1 0.6720 | adv/moduleC 0.20/0.58 | disc_steps 3 | grad(main/disc) 21.724/2.107 | lr(main/disc) 7.00e-05/2.40e-05 | cuda_peak(alloc/resv) 4.09/29.15GB | phase(train/val/raw/train_eval) 0.9/0.3/0.0/0.0s | 1.2s
2026-08-30 20:08:55 | Epoch 013/060 | loss 3.8767 | cls 2.5869 | tal 0.1939 | dual_g 1.2316 | dual_d 1.0053 | train_acc 0.7083 | train_full n/a | val_acc 0.6538 | val_f1 0.7188 | adv/moduleC 0.25/0.67 | disc_steps 3 | grad(main/disc) 21.959/2.341 | lr(main/disc) 7.00e-05/2.40e-05 | cuda_peak(alloc/resv) 4.09/29.15GB | phase(train/val/raw/train_eval) 0.8/0.3/0.0/0.0s | 1.1s
2026-08-30 20:08:56 | Epoch 014/060 | loss 3.7278 | cls 2.4364 | tal 0.1307 | dual_g 1.2522 | dual_d 0.9404 | train_acc 0.7812 | train_full n/a | val_acc 0.5385 | val_f1 0.5889 | adv/moduleC 0.30/0.75 | disc_steps 3 | grad(main/disc) 19.490/2.288 | lr(main/disc) 7.00e-05/2.40e-05 | cuda_peak(alloc/resv) 4.09/29.15GB | phase(train/val/raw/train_eval) 0.9/0.3/0.0/0.0s | 1.2s
2026-08-30 20:08:58 | Epoch 015/060 | loss 4.0507 | cls 2.6158 | tal 0.0747 | dual_g 1.4125 | dual_d 0.9265 | train_acc 0.7708 | train_full 0.6458 | val_acc 0.6154 | val_f1 0.6799 | adv/moduleC 0.35/0.83 | disc_steps 3 | grad(main/disc) 21.712/2.116 | lr(main/disc) 7.00e-05/2.40e-05 | cuda_peak(alloc/resv) 4.09/29.15GB | phase(train/val/raw/train_eval) 0.7/0.3/0.3/0.4s | 1.8s
2026-08-30 20:08:59 | Epoch 016/060 | loss 4.1521 | cls 2.5254 | tal 0.0815 | dual_g 1.6023 | dual_d 0.9199 | train_acc 0.6979 | train_full n/a | val_acc 0.6923 | val_f1 0.7552 | adv/moduleC 0.40/0.92 | disc_steps 3 | grad(main/disc) 21.240/2.173 | lr(main/disc) 7.00e-05/2.40e-05 | cuda_peak(alloc/resv) 4.09/29.15GB | phase(train/val/raw/train_eval) 0.9/0.3/0.0/0.0s | 1.2s
2026-08-30 20:09:01 | Epoch 017/060 | loss 4.1189 | cls 2.4052 | tal 0.0768 | dual_g 1.6907 | dual_d 0.9200 | train_acc 0.8438 | train_full n/a | val_acc 0.6923 | val_f1 0.7573 | adv/moduleC 0.45/1.00 | disc_steps 3 | grad(main/disc) 21.728/2.162 | lr(main/disc) 7.00e-05/2.40e-05 | cuda_peak(alloc/resv) 4.09/29.15GB | phase(train/val/raw/train_eval) 1.0/0.3/0.0/0.0s | 1.3s
2026-08-30 20:09:02 | Epoch 018/060 | loss 3.9074 | cls 2.3519 | tal 0.0472 | dual_g 1.5413 | dual_d 0.8633 | train_acc 0.8125 | train_full n/a | val_acc 0.6154 | val_f1 0.6720 | adv/moduleC 0.50/1.00 | disc_steps 3 | grad(main/disc) 21.368/2.153 | lr(main/disc) 7.00e-05/2.40e-05 | cuda_peak(alloc/resv) 4.09/29.15GB | phase(train/val/raw/train_eval) 1.0/0.3/0.0/0.0s | 1.3s
2026-08-30 20:09:03 | Epoch 019/060 | loss 3.7642 | cls 2.2468 | tal 0.0741 | dual_g 1.4952 | dual_d 0.9439 | train_acc 0.8854 | train_full n/a | val_acc 0.6538 | val_f1 0.7170 | adv/moduleC 0.55/1.00 | disc_steps 3 | grad(main/disc) 19.254/2.292 | lr(main/disc) 7.00e-05/2.40e-05 | cuda_peak(alloc/resv) 4.09/29.15GB | phase(train/val/raw/train_eval) 0.7/0.3/0.0/0.0s | 1.0s
2026-08-30 20:09:05 | Epoch 020/060 | loss 3.9041 | cls 2.3309 | tal 0.0352 | dual_g 1.5626 | dual_d 0.9907 | train_acc 0.8750 | train_full 0.6771 | val_acc 0.6538 | val_f1 0.7188 | adv/moduleC 0.60/1.00 | disc_steps 3 | grad(main/disc) 20.784/2.281 | lr(main/disc) 7.00e-05/2.40e-05 | cuda_peak(alloc/resv) 4.09/29.15GB | phase(train/val/raw/train_eval) 0.9/0.3/0.3/0.4s | 1.9s
2026-08-30 20:09:06 | Epoch 021/060 | loss 3.5283 | cls 2.0521 | tal 0.1201 | dual_g 1.4402 | dual_d 0.8016 | train_acc 0.9375 | train_full n/a | val_acc 0.6538 | val_f1 0.6928 | adv/moduleC 0.65/1.00 | disc_steps 3 | grad(main/disc) 18.804/2.051 | lr(main/disc) 7.00e-05/2.40e-05 | cuda_peak(alloc/resv) 4.09/29.15GB | phase(train/val/raw/train_eval) 0.8/0.3/0.0/0.0s | 1.1s
2026-08-30 20:09:07 | Epoch 022/060 | loss 3.7747 | cls 2.2318 | tal 0.0870 | dual_g 1.5168 | dual_d 0.8555 | train_acc 0.8750 | train_full n/a | val_acc 0.6538 | val_f1 0.7170 | adv/moduleC 0.70/1.00 | disc_steps 3 | grad(main/disc) 20.779/2.096 | lr(main/disc) 7.00e-05/2.40e-05 | cuda_peak(alloc/resv) 4.09/29.15GB | phase(train/val/raw/train_eval) 0.8/0.3/0.0/0.0s | 1.1s
2026-08-30 20:09:08 | Epoch 023/060 | loss 3.5483 | cls 2.0690 | tal 0.0878 | dual_g 1.4529 | dual_d 0.9021 | train_acc 0.9167 | train_full n/a | val_acc 0.8077 | val_f1 0.8643 | adv/moduleC 0.75/1.00 | disc_steps 3 | grad(main/disc) 19.030/2.136 | lr(main/disc) 7.00e-05/2.40e-05 | cuda_peak(alloc/resv) 4.09/29.15GB | phase(train/val/raw/train_eval) 0.9/0.3/0.0/0.0s | 1.2s
2026-08-30 20:09:09 | Epoch 024/060 | loss 3.4857 | cls 2.0085 | tal 0.1346 | dual_g 1.4368 | dual_d 0.9177 | train_acc 0.8958 | train_full n/a | val_acc 0.7692 | val_f1 0.8287 | adv/moduleC 0.80/1.00 | disc_steps 3 | grad(main/disc) 18.531/2.234 | lr(main/disc) 7.00e-05/2.40e-05 | cuda_peak(alloc/resv) 4.09/29.15GB | phase(train/val/raw/train_eval) 0.7/0.3/0.0/0.0s | 1.1s
2026-08-30 20:09:11 | Epoch 025/060 | loss 3.4641 | cls 1.9805 | tal -0.0095 | dual_g 1.4865 | dual_d 0.8804 | train_acc 0.9375 | train_full 0.8958 | val_acc 0.8846 | val_f1 0.8907 | adv/moduleC 0.85/1.00 | disc_steps 3 | grad(main/disc) 19.689/2.056 | lr(main/disc) 7.00e-05/2.40e-05 | cuda_peak(alloc/resv) 4.09/29.15GB | phase(train/val/raw/train_eval) 0.8/0.3/0.3/0.4s | 1.8s
2026-08-30 20:09:12 | Epoch 026/060 | loss 3.3940 | cls 1.9656 | tal 0.0449 | dual_g 1.4149 | dual_d 0.8744 | train_acc 0.9479 | train_full n/a | val_acc 0.8077 | val_f1 0.8643 | adv/moduleC 0.90/1.00 | disc_steps 3 | grad(main/disc) 18.933/2.095 | lr(main/disc) 7.00e-05/2.40e-05 | cuda_peak(alloc/resv) 4.09/29.15GB | phase(train/val/raw/train_eval) 0.8/0.3/0.0/0.0s | 1.1s
2026-08-30 20:09:14 | Epoch 027/060 | loss 3.2964 | cls 1.9627 | tal 0.0044 | dual_g 1.3324 | dual_d 0.8415 | train_acc 0.9271 | train_full n/a | val_acc 0.8077 | val_f1 0.8643 | adv/moduleC 0.95/1.00 | disc_steps 3 | grad(main/disc) 16.093/2.052 | lr(main/disc) 7.00e-05/2.40e-05 | cuda_peak(alloc/resv) 4.09/29.15GB | phase(train/val/raw/train_eval) 0.8/0.3/0.0/0.0s | 1.1s
2026-08-30 20:09:15 | Epoch 028/060 | loss 3.3466 | cls 1.9145 | tal -0.0469 | dual_g 1.4462 | dual_d 0.8070 | train_acc 0.9271 | train_full n/a | val_acc 0.8462 | val_f1 0.8869 | adv/moduleC 1.00/1.00 | disc_steps 3 | grad(main/disc) 16.922/2.046 | lr(main/disc) 7.00e-05/2.40e-05 | cuda_peak(alloc/resv) 4.09/29.15GB | phase(train/val/raw/train_eval) 0.9/0.3/0.0/0.0s | 1.2s
2026-08-30 20:09:16 | Epoch 029/060 | loss 3.4215 | cls 2.0454 | tal -0.0512 | dual_g 1.3915 | dual_d 0.8189 | train_acc 0.9167 | train_full n/a | val_acc 0.8462 | val_f1 0.8869 | adv/moduleC 1.00/1.00 | disc_steps 3 | grad(main/disc) 19.593/2.003 | lr(main/disc) 7.00e-05/2.40e-05 | cuda_peak(alloc/resv) 4.09/29.15GB | phase(train/val/raw/train_eval) 0.8/0.3/0.0/0.0s | 1.2s
2026-08-30 20:09:18 | Epoch 030/060 | loss 3.1748 | cls 1.8760 | tal -0.0455 | dual_g 1.3125 | dual_d 0.8079 | train_acc 0.8958 | train_full 0.7604 | val_acc 0.7308 | val_f1 0.7907 | adv/moduleC 1.00/1.00 | disc_steps 3 | grad(main/disc) 16.232/1.978 | lr(main/disc) 7.00e-05/2.40e-05 | cuda_peak(alloc/resv) 4.09/29.15GB | phase(train/val/raw/train_eval) 0.9/0.3/0.3/0.4s | 2.0s
2026-08-30 20:09:19 | Epoch 031/060 | loss 3.2528 | cls 1.8589 | tal 0.0307 | dual_g 1.3847 | dual_d 0.7640 | train_acc 0.9271 | train_full n/a | val_acc 0.8462 | val_f1 0.8627 | adv/moduleC 1.00/1.00 | disc_steps 3 | grad(main/disc) 18.265/1.902 | lr(main/disc) 7.00e-05/2.40e-05 | cuda_peak(alloc/resv) 4.09/29.15GB | phase(train/val/raw/train_eval) 0.7/0.3/0.0/0.0s | 1.0s
2026-08-30 20:09:20 | Epoch 032/060 | loss 3.3124 | cls 1.9592 | tal 0.0610 | dual_g 1.3349 | dual_d 0.8420 | train_acc 0.9167 | train_full n/a | val_acc 0.9231 | val_f1 0.9306 | adv/moduleC 1.00/1.00 | disc_steps 3 | grad(main/disc) 17.651/2.004 | lr(main/disc) 7.00e-05/2.40e-05 | cuda_peak(alloc/resv) 4.09/29.15GB | phase(train/val/raw/train_eval) 0.7/0.3/0.0/0.0s | 1.1s
2026-08-30 20:09:21 | Epoch 033/060 | loss 3.3077 | cls 1.8950 | tal 0.1169 | dual_g 1.3777 | dual_d 0.8171 | train_acc 0.9062 | train_full n/a | val_acc 0.9231 | val_f1 0.9306 | adv/moduleC 1.00/1.00 | disc_steps 3 | grad(main/disc) 17.394/1.942 | lr(main/disc) 7.00e-05/2.40e-05 | cuda_peak(alloc/resv) 4.09/29.15GB | phase(train/val/raw/train_eval) 0.9/0.3/0.0/0.0s | 1.2s
2026-08-30 20:09:22 | Epoch 034/060 | loss 3.0150 | cls 1.7643 | tal 0.0118 | dual_g 1.2471 | dual_d 0.8223 | train_acc 0.9583 | train_full n/a | val_acc 0.8846 | val_f1 0.9088 | adv/moduleC 1.00/1.00 | disc_steps 3 | grad(main/disc) 13.365/1.969 | lr(main/disc) 7.00e-05/2.40e-05 | cuda_peak(alloc/resv) 4.09/29.15GB | phase(train/val/raw/train_eval) 0.8/0.3/0.0/0.0s | 1.1s
2026-08-30 20:09:24 | Epoch 035/060 | loss 3.2176 | cls 1.8997 | tal -0.0004 | dual_g 1.3180 | dual_d 0.7870 | train_acc 0.9583 | train_full 0.9167 | val_acc 0.9231 | val_f1 0.9247 | adv/moduleC 1.00/1.00 | disc_steps 3 | grad(main/disc) 17.306/1.864 | lr(main/disc) 7.00e-05/2.40e-05 | cuda_peak(alloc/resv) 4.09/29.15GB | phase(train/val/raw/train_eval) 0.7/0.3/0.3/0.4s | 1.8s
2026-08-30 20:09:25 | Epoch 036/060 | loss 3.1438 | cls 1.8532 | tal 0.0195 | dual_g 1.2848 | dual_d 0.7971 | train_acc 0.9479 | train_full n/a | val_acc 0.9231 | val_f1 0.9247 | adv/moduleC 1.00/1.00 | disc_steps 3 | grad(main/disc) 14.816/1.913 | lr(main/disc) 7.00e-05/2.40e-05 | cuda_peak(alloc/resv) 4.09/29.15GB | phase(train/val/raw/train_eval) 1.0/0.3/0.0/0.0s | 1.3s
2026-08-30 20:09:27 | Epoch 037/060 | loss 3.0823 | cls 1.7752 | tal 0.0311 | dual_g 1.2978 | dual_d 0.7592 | train_acc 0.9271 | train_full n/a | val_acc 0.9231 | val_f1 0.9247 | adv/moduleC 1.00/1.00 | disc_steps 3 | grad(main/disc) 18.481/1.894 | lr(main/disc) 7.00e-05/2.40e-05 | cuda_peak(alloc/resv) 4.09/29.15GB | phase(train/val/raw/train_eval) 0.8/0.3/0.0/0.0s | 1.1s
2026-08-30 20:09:28 | Epoch 038/060 | loss 3.1761 | cls 1.9079 | tal -0.0341 | dual_g 1.2785 | dual_d 0.8046 | train_acc 0.9792 | train_full n/a | val_acc 0.9615 | val_f1 0.9630 | adv/moduleC 1.00/1.00 | disc_steps 3 | grad(main/disc) 17.843/2.007 | lr(main/disc) 7.00e-05/2.40e-05 | cuda_peak(alloc/resv) 4.09/29.15GB | phase(train/val/raw/train_eval) 0.6/0.3/0.0/0.0s | 1.0s
2026-08-30 20:09:29 | Epoch 039/060 | loss 3.0871 | cls 1.7983 | tal -0.0185 | dual_g 1.2943 | dual_d 0.8307 | train_acc 0.9479 | train_full n/a | val_acc 0.9231 | val_f1 0.9306 | adv/moduleC 1.00/1.00 | disc_steps 3 | grad(main/disc) 15.799/1.867 | lr(main/disc) 7.00e-05/2.40e-05 | cuda_peak(alloc/resv) 4.09/29.15GB | phase(train/val/raw/train_eval) 0.7/0.3/0.0/0.0s | 1.0s
2026-08-30 20:09:30 | Epoch 040/060 | loss 2.9301 | cls 1.7321 | tal -0.0553 | dual_g 1.2146 | dual_d 0.8304 | train_acc 0.9792 | train_full 0.9271 | val_acc 0.9231 | val_f1 0.9306 | adv/moduleC 1.00/1.00 | disc_steps 3 | grad(main/disc) 12.541/1.945 | lr(main/disc) 7.00e-05/2.40e-05 | cuda_peak(alloc/resv) 4.09/29.15GB | phase(train/val/raw/train_eval) 0.6/0.3/0.3/0.4s | 1.6s
2026-08-30 20:09:32 | New best val_f1_macro_present: raw=0.9306 stable_score=0.9247 at epoch 40
2026-08-30 20:09:34 | Epoch 041/060 | loss 3.0583 | cls 1.8302 | tal 0.0244 | dual_g 1.2208 | dual_d 0.7668 | train_acc 0.9688 | train_full n/a | val_acc 0.9231 | val_f1 0.9306 | adv/moduleC 1.00/1.00 | disc_steps 3 | grad(main/disc) 13.974/1.960 | lr(main/disc) 7.00e-05/2.40e-05 | cuda_peak(alloc/resv) 4.09/29.15GB | phase(train/val/raw/train_eval) 0.7/0.3/0.3/0.0s | 1.4s
2026-08-30 20:09:36 | New best val_f1_macro_present: raw=0.9306 stable_score=0.9306 at epoch 41
2026-08-30 20:09:37 | Epoch 042/060 | loss 3.0370 | cls 1.8040 | tal 0.0556 | dual_g 1.2163 | dual_d 0.8123 | train_acc 0.9688 | train_full n/a | val_acc 0.9615 | val_f1 0.9663 | adv/moduleC 1.00/1.00 | disc_steps 3 | grad(main/disc) 13.644/2.021 | lr(main/disc) 7.00e-05/2.40e-05 | cuda_peak(alloc/resv) 4.09/29.15GB | phase(train/val/raw/train_eval) 1.0/0.3/0.0/0.0s | 1.3s
2026-08-30 20:09:38 | Epoch 043/060 | loss 2.9469 | cls 1.6665 | tal 0.0322 | dual_g 1.2707 | dual_d 0.8384 | train_acc 0.9792 | train_full n/a | val_acc 0.9615 | val_f1 0.9663 | adv/moduleC 1.00/1.00 | disc_steps 3 | grad(main/disc) 11.962/1.970 | lr(main/disc) 7.00e-05/2.40e-05 | cuda_peak(alloc/resv) 4.09/29.15GB | phase(train/val/raw/train_eval) 0.6/0.3/0.0/0.0s | 1.0s
2026-08-30 20:09:39 | Epoch 044/060 | loss 2.8640 | cls 1.6635 | tal -0.0564 | dual_g 1.2174 | dual_d 0.7356 | train_acc 0.9792 | train_full n/a | val_acc 0.9615 | val_f1 0.9630 | adv/moduleC 1.00/1.00 | disc_steps 3 | grad(main/disc) 11.800/1.886 | lr(main/disc) 7.00e-05/2.40e-05 | cuda_peak(alloc/resv) 4.09/29.15GB | phase(train/val/raw/train_eval) 0.9/0.3/0.0/0.0s | 1.2s
2026-08-30 20:09:41 | Epoch 045/060 | loss 2.8772 | cls 1.6738 | tal 0.0013 | dual_g 1.2029 | dual_d 0.7459 | train_acc 0.9896 | train_full 0.9271 | val_acc 0.9231 | val_f1 0.9306 | adv/moduleC 1.00/1.00 | disc_steps 3 | grad(main/disc) 13.357/1.874 | lr(main/disc) 7.00e-05/2.40e-05 | cuda_peak(alloc/resv) 4.09/29.15GB | phase(train/val/raw/train_eval) 0.8/0.3/0.3/0.4s | 1.8s
2026-08-30 20:09:42 | Epoch 046/060 | loss 2.9829 | cls 1.7460 | tal 0.0756 | dual_g 1.2143 | dual_d 0.7974 | train_acc 0.9896 | train_full n/a | val_acc 0.9231 | val_f1 0.9306 | adv/moduleC 1.00/1.00 | disc_steps 3 | grad(main/disc) 16.881/1.837 | lr(main/disc) 7.00e-05/2.40e-05 | cuda_peak(alloc/resv) 4.09/29.15GB | phase(train/val/raw/train_eval) 1.1/0.3/0.0/0.0s | 1.4s
2026-08-30 20:09:44 | Epoch 047/060 | loss 3.0180 | cls 1.7584 | tal 0.0609 | dual_g 1.2413 | dual_d 0.8187 | train_acc 0.9688 | train_full n/a | val_acc 0.9615 | val_f1 0.9663 | adv/moduleC 1.00/1.00 | disc_steps 3 | grad(main/disc) 15.165/1.901 | lr(main/disc) 7.00e-05/2.40e-05 | cuda_peak(alloc/resv) 4.09/29.15GB | phase(train/val/raw/train_eval) 0.8/0.3/0.0/0.0s | 1.1s
2026-08-30 20:09:45 | Epoch 048/060 | loss 2.9048 | cls 1.6708 | tal 0.0335 | dual_g 1.2239 | dual_d 0.7883 | train_acc 0.9688 | train_full n/a | val_acc 0.9615 | val_f1 0.9663 | adv/moduleC 1.00/1.00 | disc_steps 3 | grad(main/disc) 10.342/1.921 | lr(main/disc) 7.00e-05/2.40e-05 | cuda_peak(alloc/resv) 4.09/29.15GB | phase(train/val/raw/train_eval) 0.9/0.3/0.0/0.0s | 1.2s
2026-08-30 20:09:46 | Epoch 049/060 | loss 2.8323 | cls 1.6445 | tal 0.0243 | dual_g 1.1805 | dual_d 0.8239 | train_acc 0.9688 | train_full n/a | val_acc 0.9615 | val_f1 0.9630 | adv/moduleC 1.00/1.00 | disc_steps 3 | grad(main/disc) 11.596/1.997 | lr(main/disc) 7.00e-05/2.40e-05 | cuda_peak(alloc/resv) 4.09/29.15GB | phase(train/val/raw/train_eval) 0.9/0.3/0.0/0.0s | 1.2s
2026-08-30 20:09:48 | Epoch 050/060 | loss 2.9552 | cls 1.7500 | tal -0.0551 | dual_g 1.2217 | dual_d 0.8061 | train_acc 0.9583 | train_full 0.9896 | val_acc 1.0000 | val_f1 1.0000 | adv/moduleC 1.00/1.00 | disc_steps 3 | grad(main/disc) 13.527/1.927 | lr(main/disc) 7.00e-05/2.40e-05 | cuda_peak(alloc/resv) 4.09/29.15GB | phase(train/val/raw/train_eval) 0.9/0.3/0.3/0.4s | 1.9s
2026-08-30 20:09:50 | New best val_f1_macro_present: raw=1.0000 stable_score=0.9630 at epoch 50
2026-08-30 20:09:51 | Epoch 051/060 | loss 3.0139 | cls 1.7433 | tal 0.0071 | dual_g 1.2684 | dual_d 0.7832 | train_acc 1.0000 | train_full n/a | val_acc 0.9615 | val_f1 0.9630 | adv/moduleC 1.00/1.00 | disc_steps 3 | grad(main/disc) 18.669/1.940 | lr(main/disc) 7.00e-05/2.40e-05 | cuda_peak(alloc/resv) 4.09/29.15GB | phase(train/val/raw/train_eval) 0.9/0.3/0.0/0.0s | 1.3s
2026-08-30 20:09:52 | Epoch 052/060 | loss 2.7619 | cls 1.6230 | tal -0.0546 | dual_g 1.1553 | dual_d 0.7713 | train_acc 0.9896 | train_full n/a | val_acc 0.9615 | val_f1 0.9663 | adv/moduleC 1.00/1.00 | disc_steps 3 | grad(main/disc) 9.547/1.866 | lr(main/disc) 7.00e-05/2.40e-05 | cuda_peak(alloc/resv) 4.09/29.15GB | phase(train/val/raw/train_eval) 0.7/0.3/0.0/0.0s | 1.0s
2026-08-30 20:09:54 | Epoch 053/060 | loss 3.0344 | cls 1.7781 | tal 0.0301 | dual_g 1.2472 | dual_d 0.8290 | train_acc 0.9688 | train_full n/a | val_acc 0.9615 | val_f1 0.9663 | adv/moduleC 1.00/1.00 | disc_steps 3 | grad(main/disc) 13.918/1.917 | lr(main/disc) 7.00e-05/2.40e-05 | cuda_peak(alloc/resv) 4.09/29.15GB | phase(train/val/raw/train_eval) 0.9/0.3/0.0/0.0s | 1.3s
2026-08-30 20:09:55 | Epoch 054/060 | loss 2.8038 | cls 1.6636 | tal -0.0454 | dual_g 1.1538 | dual_d 0.7632 | train_acc 1.0000 | train_full n/a | val_acc 0.9615 | val_f1 0.9630 | adv/moduleC 1.00/1.00 | disc_steps 3 | grad(main/disc) 10.523/1.888 | lr(main/disc) 7.00e-05/2.40e-05 | cuda_peak(alloc/resv) 4.09/29.15GB | phase(train/val/raw/train_eval) 0.7/0.3/0.0/0.0s | 1.1s
2026-08-30 20:09:57 | Epoch 055/060 | loss 2.8183 | cls 1.6524 | tal -0.0542 | dual_g 1.1821 | dual_d 0.8763 | train_acc 0.9896 | train_full 0.9688 | val_acc 0.9615 | val_f1 0.9630 | adv/moduleC 1.00/1.00 | disc_steps 3 | grad(main/disc) 11.869/2.055 | lr(main/disc) 7.00e-05/2.40e-05 | cuda_peak(alloc/resv) 4.09/29.15GB | phase(train/val/raw/train_eval) 0.9/0.3/0.3/0.4s | 1.9s
2026-08-30 20:09:58 | Epoch 056/060 | loss 2.8043 | cls 1.6865 | tal -0.1623 | dual_g 1.1665 | dual_d 0.8108 | train_acc 0.9896 | train_full n/a | val_acc 0.9615 | val_f1 0.9630 | adv/moduleC 1.00/1.00 | disc_steps 3 | grad(main/disc) 10.889/1.956 | lr(main/disc) 7.00e-05/2.40e-05 | cuda_peak(alloc/resv) 4.09/29.15GB | phase(train/val/raw/train_eval) 0.8/0.3/0.0/0.0s | 1.1s
2026-08-30 20:09:59 | Epoch 057/060 | loss 2.7891 | cls 1.6355 | tal -0.0846 | dual_g 1.1790 | dual_d 0.8281 | train_acc 0.9583 | train_full n/a | val_acc 0.9615 | val_f1 0.9630 | adv/moduleC 1.00/1.00 | disc_steps 3 | grad(main/disc) 10.767/1.910 | lr(main/disc) 7.00e-05/2.40e-05 | cuda_peak(alloc/resv) 4.09/29.15GB | phase(train/val/raw/train_eval) 0.7/0.3/0.0/0.0s | 1.0s
2026-08-30 20:10:00 | Epoch 058/060 | loss 2.7732 | cls 1.6489 | tal -0.0729 | dual_g 1.1462 | dual_d 0.7516 | train_acc 0.9792 | train_full n/a | val_acc 0.9615 | val_f1 0.9630 | adv/moduleC 1.00/1.00 | disc_steps 3 | grad(main/disc) 10.669/1.892 | lr(main/disc) 7.00e-05/2.40e-05 | cuda_peak(alloc/resv) 4.09/29.15GB | phase(train/val/raw/train_eval) 0.8/0.3/0.0/0.0s | 1.1s
2026-08-30 20:10:01 | Epoch 059/060 | loss 2.8507 | cls 1.6342 | tal -0.0820 | dual_g 1.2411 | dual_d 0.7705 | train_acc 0.9792 | train_full n/a | val_acc 0.9615 | val_f1 0.9663 | adv/moduleC 1.00/1.00 | disc_steps 3 | grad(main/disc) 13.601/1.800 | lr(main/disc) 3.50e-05/1.20e-05 | cuda_peak(alloc/resv) 4.09/29.15GB | phase(train/val/raw/train_eval) 0.8/0.3/0.0/0.0s | 1.1s
2026-08-30 20:10:03 | Epoch 060/060 | loss 2.8632 | cls 1.6698 | tal -0.0222 | dual_g 1.2001 | dual_d 0.8021 | train_acc 0.9896 | train_full 1.0000 | val_acc 0.9615 | val_f1 0.9630 | adv/moduleC 1.00/1.00 | disc_steps 3 | grad(main/disc) 13.514/1.797 | lr(main/disc) 3.50e-05/1.20e-05 | cuda_peak(alloc/resv) 4.09/29.15GB | phase(train/val/raw/train_eval) 0.8/0.3/0.3/0.4s | 1.8s
2026-08-30 20:10:03 | Training complete. Peak validation accuracy: 1.0000 | selected val_f1_macro_present: 1.0000
2026-08-30 20:10:03 | Starting Dual_D standalone training
2026-08-30 20:10:03 | Run directory: runs/module_c_v12_strong_full_gate/module_c_20260830_193928/module_c_full_雨天_20260830_193929
2026-08-30 20:10:03 | Device: cuda
2026-08-30 20:10:03 | Source train samples: 992
2026-08-30 20:10:03 | Target train samples: 96
2026-08-30 20:10:03 | Target val samples: 26
2026-08-30 20:10:03 | Classes: 14
2026-08-30 20:10:03 | Data audit: same_dir=False | path_overlap(vis/ir/ais)=0/0/0 | content_overlap(vis/ir/ais)=0/0/0 | ais_index_overlap=0 | stem_mismatch(vis-ir/vis-ais)=117/0
2026-08-30 20:10:03 | source_train classes: present 14/14 | absent 0 | counts [0:120, 1:44, 2:69, 3:45, 4:40, 5:30, 6:64, 7:80, 8:116, 9:68, 10:57, 11:83, 12:48, 13:128]
2026-08-30 20:10:03 | target_train classes: present 6/14 | absent 8 | counts [0:7, 2:19, 9:32, 10:12, 11:6, 13:20]
2026-08-30 20:10:03 | target_val classes: present 6/14 | absent 8 | counts [0:2, 2:5, 9:8, 10:4, 11:2, 13:5]
2026-08-30 20:10:03 | Paired training classes: 6/14 | class ids [0, 2, 9, 10, 11, 13]
2026-08-30 20:10:03 | Runtime profile: batch=16 | paired_steps=6 | workers=16 | train_eval_every=5 | raw_eval_every=5 | stability_window=4 | lr_scheduler_start=28 | checkpoint_select_from=40 | early_stop=15 after min_epoch=50
2026-08-30 20:10:03 | Augmentation profile: base=0.650 | visible=0.700 | infrared=0.500 | freeze_frozen_batch_norm_stats=True
2026-08-30 20:10:03 | VIS/IR pairing: class-level-unpaired | count-mismatch classes train/val: 10/0 | AIS alignment: none | AIS rows train/val: 0/0
2026-08-30 20:10:04 | Effective Dual-D loss weights: {"adv_auxiliary": 0.02, "adv_primary": 0.02, "classification": 0.6, "contrastive": 0.025, "cycle": 0.12, "identity": 0.025, "prototype_contrastive": 0.015}
2026-08-30 20:10:04 | Model parameters: total=17277714 | trainable=17120210
Starting run 12/12: domain=雨天, iteration=3, seed=53
2026-08-30 20:10:06 | Epoch 001/060 | loss 5.5897 | cls 5.5679 | tal 0.0726 | dual_g 0.0000 | dual_d 0.0000 | train_acc 0.0625 | train_full 0.1667 | val_acc 0.1538 | val_f1 0.0921 | adv/moduleC 0.00/0.00 | disc_steps 0 | grad(main/disc) 32.388/0.000 | lr(main/disc) 7.00e-05/2.40e-05 | cuda_peak(alloc/resv) 4.09/29.15GB | phase(train/val/raw/train_eval) 1.0/0.3/0.3/0.4s | 2.0s
2026-08-30 20:10:07 | Epoch 002/060 | loss 4.9464 | cls 4.9366 | tal 0.0328 | dual_g 0.0000 | dual_d 0.0000 | train_acc 0.1562 | train_full n/a | val_acc 0.2308 | val_f1 0.2145 | adv/moduleC 0.00/0.00 | disc_steps 0 | grad(main/disc) 29.268/0.000 | lr(main/disc) 7.00e-05/2.40e-05 | cuda_peak(alloc/resv) 4.08/29.15GB | phase(train/val/raw/train_eval) 1.0/0.3/0.0/0.0s | 1.3s
2026-08-30 20:10:08 | Epoch 003/060 | loss 4.4853 | cls 4.4898 | tal -0.0148 | dual_g 0.0000 | dual_d 0.0000 | train_acc 0.2083 | train_full n/a | val_acc 0.2308 | val_f1 0.2333 | adv/moduleC 0.00/0.00 | disc_steps 0 | grad(main/disc) 25.803/0.000 | lr(main/disc) 7.00e-05/2.40e-05 | cuda_peak(alloc/resv) 4.08/29.15GB | phase(train/val/raw/train_eval) 0.7/0.3/0.0/0.0s | 1.1s
2026-08-30 20:10:09 | Epoch 004/060 | loss 4.1604 | cls 4.1361 | tal 0.0811 | dual_g 0.0000 | dual_d 0.0000 | train_acc 0.3229 | train_full n/a | val_acc 0.3077 | val_f1 0.2343 | adv/moduleC 0.00/0.00 | disc_steps 0 | grad(main/disc) 24.179/0.000 | lr(main/disc) 7.00e-05/2.40e-05 | cuda_peak(alloc/resv) 4.08/29.15GB | phase(train/val/raw/train_eval) 0.8/0.3/0.0/0.0s | 1.1s
2026-08-30 20:10:11 | Epoch 005/060 | loss 3.7917 | cls 3.8154 | tal -0.0792 | dual_g 0.0000 | dual_d 0.0000 | train_acc 0.3438 | train_full 0.3854 | val_acc 0.3462 | val_f1 0.2662 | adv/moduleC 0.00/0.00 | disc_steps 0 | grad(main/disc) 23.306/0.000 | lr(main/disc) 7.00e-05/2.40e-05 | cuda_peak(alloc/resv) 4.08/29.15GB | phase(train/val/raw/train_eval) 0.8/0.3/0.3/0.4s | 1.8s
2026-08-30 20:10:12 | Epoch 006/060 | loss 4.0098 | cls 3.8163 | tal -0.0639 | dual_g 0.2126 | dual_d 0.0000 | train_acc 0.4896 | train_full n/a | val_acc 0.4615 | val_f1 0.3505 | adv/moduleC 0.00/0.08 | disc_steps 0 | grad(main/disc) 22.989/0.000 | lr(main/disc) 7.00e-05/2.40e-05 | cuda_peak(alloc/resv) 4.08/29.15GB | phase(train/val/raw/train_eval) 0.8/0.3/0.0/0.0s | 1.1s
2026-08-30 20:10:13 | Epoch 007/060 | loss 3.9725 | cls 3.5814 | tal -0.0282 | dual_g 0.3996 | dual_d 0.0000 | train_acc 0.4583 | train_full n/a | val_acc 0.4231 | val_f1 0.3086 | adv/moduleC 0.00/0.17 | disc_steps 0 | grad(main/disc) 22.345/0.000 | lr(main/disc) 7.00e-05/2.40e-05 | cuda_peak(alloc/resv) 4.08/29.15GB | phase(train/val/raw/train_eval) 0.6/0.3/0.0/0.0s | 1.0s
2026-08-30 20:10:14 | Epoch 008/060 | loss 3.9033 | cls 3.3414 | tal -0.0764 | dual_g 0.5848 | dual_d 0.0000 | train_acc 0.5417 | train_full n/a | val_acc 0.3846 | val_f1 0.2762 | adv/moduleC 0.00/0.25 | disc_steps 0 | grad(main/disc) 20.963/0.000 | lr(main/disc) 7.00e-05/2.40e-05 | cuda_peak(alloc/resv) 4.08/29.15GB | phase(train/val/raw/train_eval) 0.9/0.3/0.0/0.0s | 1.2s
2026-08-30 20:10:15 | Epoch 009/060 | loss 3.9416 | cls 3.2111 | tal -0.1194 | dual_g 0.7663 | dual_d 0.9146 | train_acc 0.5833 | train_full n/a | val_acc 0.3462 | val_f1 0.2551 | adv/moduleC 0.05/0.33 | disc_steps 3 | grad(main/disc) 20.772/2.472 | lr(main/disc) 7.00e-05/2.40e-05 | cuda_peak(alloc/resv) 4.09/29.15GB | phase(train/val/raw/train_eval) 0.7/0.3/0.0/0.0s | 1.0s
2026-08-30 20:10:17 | Epoch 010/060 | loss 3.9261 | cls 3.0564 | tal -0.0944 | dual_g 0.8980 | dual_d 0.8185 | train_acc 0.6354 | train_full 0.5000 | val_acc 0.4231 | val_f1 0.3941 | adv/moduleC 0.10/0.42 | disc_steps 3 | grad(main/disc) 20.854/2.295 | lr(main/disc) 7.00e-05/2.40e-05 | cuda_peak(alloc/resv) 4.09/29.15GB | phase(train/val/raw/train_eval) 0.7/0.3/0.3/0.4s | 1.7s
2026-08-30 20:10:18 | Epoch 011/060 | loss 3.8629 | cls 2.8968 | tal -0.1111 | dual_g 0.9994 | dual_d 0.7778 | train_acc 0.6042 | train_full n/a | val_acc 0.4615 | val_f1 0.4389 | adv/moduleC 0.15/0.50 | disc_steps 3 | grad(main/disc) 20.136/2.103 | lr(main/disc) 7.00e-05/2.40e-05 | cuda_peak(alloc/resv) 4.09/29.15GB | phase(train/val/raw/train_eval) 1.0/0.3/0.0/0.0s | 1.3s
2026-08-30 20:10:20 | Epoch 012/060 | loss 3.8866 | cls 2.7829 | tal -0.0998 | dual_g 1.1336 | dual_d 0.8870 | train_acc 0.7083 | train_full n/a | val_acc 0.5385 | val_f1 0.5444 | adv/moduleC 0.20/0.58 | disc_steps 3 | grad(main/disc) 20.975/2.243 | lr(main/disc) 7.00e-05/2.40e-05 | cuda_peak(alloc/resv) 4.09/29.15GB | phase(train/val/raw/train_eval) 0.8/0.3/0.0/0.0s | 1.1s
2026-08-30 20:10:21 | Epoch 013/060 | loss 3.9085 | cls 2.6823 | tal -0.0834 | dual_g 1.2512 | dual_d 0.8580 | train_acc 0.7188 | train_full n/a | val_acc 0.5000 | val_f1 0.4708 | adv/moduleC 0.25/0.67 | disc_steps 3 | grad(main/disc) 21.177/2.235 | lr(main/disc) 7.00e-05/2.40e-05 | cuda_peak(alloc/resv) 4.09/29.15GB | phase(train/val/raw/train_eval) 1.0/0.3/0.0/0.0s | 1.3s
2026-08-30 20:10:22 | Epoch 014/060 | loss 3.7230 | cls 2.4603 | tal -0.2112 | dual_g 1.3261 | dual_d 0.8067 | train_acc 0.7812 | train_full n/a | val_acc 0.4231 | val_f1 0.4242 | adv/moduleC 0.30/0.75 | disc_steps 3 | grad(main/disc) 19.434/2.118 | lr(main/disc) 7.00e-05/2.40e-05 | cuda_peak(alloc/resv) 4.09/29.15GB | phase(train/val/raw/train_eval) 0.7/0.3/0.0/0.0s | 1.1s
2026-08-30 20:10:24 | Epoch 015/060 | loss 3.9761 | cls 2.5860 | tal -0.1541 | dual_g 1.4363 | dual_d 0.7496 | train_acc 0.7604 | train_full 0.7188 | val_acc 0.5769 | val_f1 0.5819 | adv/moduleC 0.35/0.83 | disc_steps 3 | grad(main/disc) 21.840/2.058 | lr(main/disc) 7.00e-05/2.40e-05 | cuda_peak(alloc/resv) 4.09/29.15GB | phase(train/val/raw/train_eval) 1.0/0.4/0.4/0.4s | 2.1s
2026-08-30 20:10:25 | Epoch 016/060 | loss 4.0416 | cls 2.5022 | tal -0.1487 | dual_g 1.5840 | dual_d 0.8360 | train_acc 0.8021 | train_full n/a | val_acc 0.6154 | val_f1 0.6442 | adv/moduleC 0.40/0.92 | disc_steps 3 | grad(main/disc) 23.322/2.176 | lr(main/disc) 7.00e-05/2.40e-05 | cuda_peak(alloc/resv) 4.09/29.15GB | phase(train/val/raw/train_eval) 0.8/0.3/0.0/0.0s | 1.2s
2026-08-30 20:10:26 | Epoch 017/060 | loss 4.1684 | cls 2.5132 | tal -0.1533 | dual_g 1.7012 | dual_d 0.8561 | train_acc 0.7604 | train_full n/a | val_acc 0.8462 | val_f1 0.8612 | adv/moduleC 0.45/1.00 | disc_steps 3 | grad(main/disc) 23.325/2.219 | lr(main/disc) 7.00e-05/2.40e-05 | cuda_peak(alloc/resv) 4.09/29.15GB | phase(train/val/raw/train_eval) 0.7/0.3/0.0/0.0s | 1.0s
2026-08-30 20:10:27 | Epoch 018/060 | loss 3.5734 | cls 2.0207 | tal -0.0741 | dual_g 1.5749 | dual_d 0.8069 | train_acc 0.9167 | train_full n/a | val_acc 0.7692 | val_f1 0.8189 | adv/moduleC 0.50/1.00 | disc_steps 3 | grad(main/disc) 17.571/2.207 | lr(main/disc) 7.00e-05/2.40e-05 | cuda_peak(alloc/resv) 4.09/29.15GB | phase(train/val/raw/train_eval) 0.7/0.3/0.0/0.0s | 1.1s
2026-08-30 20:10:29 | Epoch 019/060 | loss 4.0474 | cls 2.3944 | tal -0.1012 | dual_g 1.6833 | dual_d 0.7953 | train_acc 0.8021 | train_full n/a | val_acc 0.6923 | val_f1 0.7310 | adv/moduleC 0.55/1.00 | disc_steps 3 | grad(main/disc) 22.816/2.110 | lr(main/disc) 7.00e-05/2.40e-05 | cuda_peak(alloc/resv) 4.09/29.15GB | phase(train/val/raw/train_eval) 0.9/0.3/0.0/0.0s | 1.3s
2026-08-30 20:10:30 | Epoch 020/060 | loss 3.8374 | cls 2.2978 | tal -0.0892 | dual_g 1.5664 | dual_d 0.8462 | train_acc 0.7708 | train_full 0.8542 | val_acc 0.7692 | val_f1 0.7992 | adv/moduleC 0.60/1.00 | disc_steps 3 | grad(main/disc) 22.040/2.222 | lr(main/disc) 7.00e-05/2.40e-05 | cuda_peak(alloc/resv) 4.09/29.15GB | phase(train/val/raw/train_eval) 0.8/0.3/0.3/0.4s | 1.9s
2026-08-30 20:10:31 | Epoch 021/060 | loss 3.7470 | cls 2.1909 | tal -0.1246 | dual_g 1.5934 | dual_d 0.7998 | train_acc 0.8750 | train_full n/a | val_acc 0.6538 | val_f1 0.6960 | adv/moduleC 0.65/1.00 | disc_steps 3 | grad(main/disc) 22.105/1.996 | lr(main/disc) 7.00e-05/2.40e-05 | cuda_peak(alloc/resv) 4.09/29.15GB | phase(train/val/raw/train_eval) 0.7/0.3/0.0/0.0s | 1.0s
2026-08-30 20:10:33 | Epoch 022/060 | loss 3.7522 | cls 2.2324 | tal -0.1659 | dual_g 1.5697 | dual_d 0.8029 | train_acc 0.8958 | train_full n/a | val_acc 0.7692 | val_f1 0.7734 | adv/moduleC 0.70/1.00 | disc_steps 3 | grad(main/disc) 21.690/2.181 | lr(main/disc) 7.00e-05/2.40e-05 | cuda_peak(alloc/resv) 4.09/29.15GB | phase(train/val/raw/train_eval) 0.9/0.3/0.0/0.0s | 1.2s
2026-08-30 20:10:34 | Epoch 023/060 | loss 3.4418 | cls 2.0364 | tal -0.1337 | dual_g 1.4455 | dual_d 0.8727 | train_acc 0.8958 | train_full n/a | val_acc 0.8462 | val_f1 0.8563 | adv/moduleC 0.75/1.00 | disc_steps 3 | grad(main/disc) 21.679/2.177 | lr(main/disc) 7.00e-05/2.40e-05 | cuda_peak(alloc/resv) 4.09/29.15GB | phase(train/val/raw/train_eval) 0.9/0.3/0.0/0.0s | 1.2s
2026-08-30 20:10:35 | Epoch 024/060 | loss 3.3807 | cls 2.0308 | tal -0.1697 | dual_g 1.4009 | dual_d 0.7374 | train_acc 0.9062 | train_full n/a | val_acc 0.7692 | val_f1 0.7734 | adv/moduleC 0.80/1.00 | disc_steps 3 | grad(main/disc) 18.892/1.970 | lr(main/disc) 7.00e-05/2.40e-05 | cuda_peak(alloc/resv) 4.09/29.15GB | phase(train/val/raw/train_eval) 0.7/0.3/0.0/0.0s | 1.1s
2026-08-30 20:10:37 | Epoch 025/060 | loss 3.1632 | cls 1.8491 | tal -0.1833 | dual_g 1.3690 | dual_d 0.6747 | train_acc 0.9375 | train_full 0.9479 | val_acc 0.9231 | val_f1 0.9367 | adv/moduleC 0.85/1.00 | disc_steps 3 | grad(main/disc) 17.817/1.865 | lr(main/disc) 7.00e-05/2.40e-05 | cuda_peak(alloc/resv) 4.09/29.15GB | phase(train/val/raw/train_eval) 0.7/0.3/0.3/0.4s | 1.8s
2026-08-30 20:10:38 | Epoch 026/060 | loss 3.1476 | cls 1.8105 | tal -0.2180 | dual_g 1.4025 | dual_d 0.6386 | train_acc 0.9896 | train_full n/a | val_acc 0.9615 | val_f1 0.9630 | adv/moduleC 0.90/1.00 | disc_steps 3 | grad(main/disc) 15.198/1.751 | lr(main/disc) 7.00e-05/2.40e-05 | cuda_peak(alloc/resv) 4.09/29.15GB | phase(train/val/raw/train_eval) 0.7/0.3/0.0/0.0s | 1.1s
2026-08-30 20:10:39 | Epoch 027/060 | loss 3.3164 | cls 1.9838 | tal -0.1726 | dual_g 1.3843 | dual_d 0.8106 | train_acc 0.9375 | train_full n/a | val_acc 0.9231 | val_f1 0.9250 | adv/moduleC 0.95/1.00 | disc_steps 3 | grad(main/disc) 18.108/2.111 | lr(main/disc) 7.00e-05/2.40e-05 | cuda_peak(alloc/resv) 4.09/29.15GB | phase(train/val/raw/train_eval) 0.7/0.3/0.0/0.0s | 1.1s
2026-08-30 20:10:40 | Epoch 028/060 | loss 3.5045 | cls 2.0426 | tal -0.1206 | dual_g 1.4980 | dual_d 0.7694 | train_acc 0.8438 | train_full n/a | val_acc 0.9231 | val_f1 0.9250 | adv/moduleC 1.00/1.00 | disc_steps 3 | grad(main/disc) 20.323/2.054 | lr(main/disc) 7.00e-05/2.40e-05 | cuda_peak(alloc/resv) 4.09/29.15GB | phase(train/val/raw/train_eval) 0.7/0.3/0.0/0.0s | 1.1s
2026-08-30 20:10:41 | Epoch 029/060 | loss 3.4042 | cls 2.0254 | tal -0.1039 | dual_g 1.4100 | dual_d 0.7942 | train_acc 0.8750 | train_full n/a | val_acc 1.0000 | val_f1 1.0000 | adv/moduleC 1.00/1.00 | disc_steps 3 | grad(main/disc) 22.714/2.049 | lr(main/disc) 7.00e-05/2.40e-05 | cuda_peak(alloc/resv) 4.09/29.15GB | phase(train/val/raw/train_eval) 0.8/0.3/0.0/0.0s | 1.1s
2026-08-30 20:10:43 | Epoch 030/060 | loss 3.1480 | cls 1.8657 | tal -0.1923 | dual_g 1.3400 | dual_d 0.8087 | train_acc 0.9271 | train_full 1.0000 | val_acc 0.9615 | val_f1 0.9630 | adv/moduleC 1.00/1.00 | disc_steps 3 | grad(main/disc) 16.221/2.076 | lr(main/disc) 7.00e-05/2.40e-05 | cuda_peak(alloc/resv) 4.09/29.15GB | phase(train/val/raw/train_eval) 0.9/0.3/0.3/0.4s | 1.9s
2026-08-30 20:10:44 | Epoch 031/060 | loss 3.0218 | cls 1.7882 | tal -0.1601 | dual_g 1.2816 | dual_d 0.6971 | train_acc 0.9479 | train_full n/a | val_acc 0.9615 | val_f1 0.9630 | adv/moduleC 1.00/1.00 | disc_steps 3 | grad(main/disc) 15.112/1.854 | lr(main/disc) 7.00e-05/2.40e-05 | cuda_peak(alloc/resv) 4.09/29.15GB | phase(train/val/raw/train_eval) 0.7/0.3/0.0/0.0s | 1.0s
2026-08-30 20:10:45 | Epoch 032/060 | loss 3.2035 | cls 1.8492 | tal -0.1815 | dual_g 1.4088 | dual_d 0.7050 | train_acc 0.9479 | train_full n/a | val_acc 1.0000 | val_f1 1.0000 | adv/moduleC 1.00/1.00 | disc_steps 3 | grad(main/disc) 18.324/1.928 | lr(main/disc) 7.00e-05/2.40e-05 | cuda_peak(alloc/resv) 4.09/29.15GB | phase(train/val/raw/train_eval) 1.0/0.3/0.0/0.0s | 1.3s
2026-08-30 20:10:46 | Epoch 033/060 | loss 3.1946 | cls 1.9010 | tal -0.2255 | dual_g 1.3612 | dual_d 0.7847 | train_acc 0.9688 | train_full n/a | val_acc 0.8846 | val_f1 0.8831 | adv/moduleC 1.00/1.00 | disc_steps 3 | grad(main/disc) 17.988/1.934 | lr(main/disc) 7.00e-05/2.40e-05 | cuda_peak(alloc/resv) 4.09/29.15GB | phase(train/val/raw/train_eval) 0.7/0.3/0.0/0.0s | 1.0s
2026-08-30 20:10:47 | Epoch 034/060 | loss 3.3250 | cls 2.0322 | tal -0.1337 | dual_g 1.3329 | dual_d 0.7903 | train_acc 0.9479 | train_full n/a | val_acc 0.9231 | val_f1 0.9250 | adv/moduleC 1.00/1.00 | disc_steps 3 | grad(main/disc) 19.156/2.021 | lr(main/disc) 7.00e-05/2.40e-05 | cuda_peak(alloc/resv) 4.09/29.15GB | phase(train/val/raw/train_eval) 0.8/0.3/0.0/0.0s | 1.2s
2026-08-30 20:10:49 | Epoch 035/060 | loss 3.1205 | cls 1.8384 | tal -0.1528 | dual_g 1.3279 | dual_d 0.7941 | train_acc 0.8854 | train_full 0.9896 | val_acc 0.9231 | val_f1 0.9250 | adv/moduleC 1.00/1.00 | disc_steps 3 | grad(main/disc) 18.437/2.004 | lr(main/disc) 7.00e-05/2.40e-05 | cuda_peak(alloc/resv) 4.09/29.15GB | phase(train/val/raw/train_eval) 0.9/0.3/0.3/0.4s | 1.9s
2026-08-30 20:10:50 | Epoch 036/060 | loss 2.9183 | cls 1.7520 | tal -0.2243 | dual_g 1.2336 | dual_d 0.8270 | train_acc 0.9792 | train_full n/a | val_acc 0.9615 | val_f1 0.9293 | adv/moduleC 1.00/1.00 | disc_steps 3 | grad(main/disc) 13.824/2.076 | lr(main/disc) 7.00e-05/2.40e-05 | cuda_peak(alloc/resv) 4.09/29.15GB | phase(train/val/raw/train_eval) 0.7/0.3/0.0/0.0s | 1.1s
2026-08-30 20:10:52 | Epoch 037/060 | loss 3.0217 | cls 1.7902 | tal -0.0888 | dual_g 1.2581 | dual_d 0.7682 | train_acc 0.9688 | train_full n/a | val_acc 0.9615 | val_f1 0.9630 | adv/moduleC 1.00/1.00 | disc_steps 3 | grad(main/disc) 17.356/1.975 | lr(main/disc) 7.00e-05/2.40e-05 | cuda_peak(alloc/resv) 4.09/29.15GB | phase(train/val/raw/train_eval) 0.8/0.3/0.0/0.0s | 1.1s
2026-08-30 20:10:53 | Epoch 038/060 | loss 2.9367 | cls 1.7469 | tal -0.1748 | dual_g 1.2423 | dual_d 0.8025 | train_acc 0.9479 | train_full n/a | val_acc 0.9615 | val_f1 0.9630 | adv/moduleC 1.00/1.00 | disc_steps 3 | grad(main/disc) 12.910/2.084 | lr(main/disc) 3.50e-05/1.20e-05 | cuda_peak(alloc/resv) 4.09/29.15GB | phase(train/val/raw/train_eval) 0.8/0.3/0.0/0.0s | 1.1s
2026-08-30 20:10:54 | Epoch 039/060 | loss 2.9623 | cls 1.7419 | tal -0.1628 | dual_g 1.2692 | dual_d 0.6976 | train_acc 0.9479 | train_full n/a | val_acc 0.9615 | val_f1 0.9630 | adv/moduleC 1.00/1.00 | disc_steps 3 | grad(main/disc) 12.333/1.928 | lr(main/disc) 3.50e-05/1.20e-05 | cuda_peak(alloc/resv) 4.09/29.15GB | phase(train/val/raw/train_eval) 0.8/0.3/0.0/0.0s | 1.1s
2026-08-30 20:10:56 | Epoch 040/060 | loss 3.0071 | cls 1.7933 | tal -0.1849 | dual_g 1.2693 | dual_d 0.7541 | train_acc 0.9271 | train_full 0.9896 | val_acc 0.9615 | val_f1 0.9630 | adv/moduleC 1.00/1.00 | disc_steps 3 | grad(main/disc) 15.044/1.871 | lr(main/disc) 3.50e-05/1.20e-05 | cuda_peak(alloc/resv) 4.09/29.15GB | phase(train/val/raw/train_eval) 0.8/0.3/0.3/0.4s | 1.9s
2026-08-30 20:10:58 | New best val_f1_macro_present: raw=0.9630 stable_score=0.9630 at epoch 40
2026-08-30 20:10:59 | Epoch 041/060 | loss 3.0260 | cls 1.8343 | tal -0.1789 | dual_g 1.2454 | dual_d 0.8251 | train_acc 0.9688 | train_full n/a | val_acc 0.9231 | val_f1 0.9250 | adv/moduleC 1.00/1.00 | disc_steps 3 | grad(main/disc) 15.232/2.162 | lr(main/disc) 3.50e-05/1.20e-05 | cuda_peak(alloc/resv) 4.09/29.15GB | phase(train/val/raw/train_eval) 0.8/0.3/0.0/0.0s | 1.1s
2026-08-30 20:11:00 | Epoch 042/060 | loss 2.8848 | cls 1.7090 | tal -0.1741 | dual_g 1.2281 | dual_d 0.7099 | train_acc 0.9688 | train_full n/a | val_acc 0.9231 | val_f1 0.9250 | adv/moduleC 1.00/1.00 | disc_steps 3 | grad(main/disc) 14.331/1.829 | lr(main/disc) 3.50e-05/1.20e-05 | cuda_peak(alloc/resv) 4.09/29.15GB | phase(train/val/raw/train_eval) 0.8/0.3/0.0/0.0s | 1.1s
2026-08-30 20:11:01 | Epoch 043/060 | loss 2.8358 | cls 1.6561 | tal -0.0615 | dual_g 1.1982 | dual_d 0.7228 | train_acc 1.0000 | train_full n/a | val_acc 0.9231 | val_f1 0.9250 | adv/moduleC 1.00/1.00 | disc_steps 3 | grad(main/disc) 10.773/1.876 | lr(main/disc) 3.50e-05/1.20e-05 | cuda_peak(alloc/resv) 4.09/29.15GB | phase(train/val/raw/train_eval) 0.8/0.3/0.0/0.0s | 1.1s
2026-08-30 20:11:02 | Epoch 044/060 | loss 2.8536 | cls 1.6717 | tal -0.1613 | dual_g 1.2303 | dual_d 0.7099 | train_acc 0.9792 | train_full n/a | val_acc 0.9615 | val_f1 0.9630 | adv/moduleC 1.00/1.00 | disc_steps 3 | grad(main/disc) 11.966/1.916 | lr(main/disc) 3.50e-05/1.20e-05 | cuda_peak(alloc/resv) 4.09/29.15GB | phase(train/val/raw/train_eval) 0.9/0.3/0.0/0.0s | 1.2s
2026-08-30 20:11:04 | Epoch 045/060 | loss 2.8492 | cls 1.7118 | tal -0.1945 | dual_g 1.1958 | dual_d 0.7815 | train_acc 0.9688 | train_full 0.9896 | val_acc 0.9615 | val_f1 0.9630 | adv/moduleC 1.00/1.00 | disc_steps 3 | grad(main/disc) 11.946/1.897 | lr(main/disc) 3.50e-05/1.20e-05 | cuda_peak(alloc/resv) 4.09/29.15GB | phase(train/val/raw/train_eval) 0.8/0.3/0.3/0.4s | 1.9s
2026-08-30 20:11:06 | Epoch 046/060 | loss 2.8993 | cls 1.7035 | tal -0.0929 | dual_g 1.2237 | dual_d 0.7814 | train_acc 0.9688 | train_full n/a | val_acc 1.0000 | val_f1 1.0000 | adv/moduleC 1.00/1.00 | disc_steps 3 | grad(main/disc) 14.629/1.917 | lr(main/disc) 3.50e-05/1.20e-05 | cuda_peak(alloc/resv) 4.09/29.15GB | phase(train/val/raw/train_eval) 1.0/0.3/0.0/0.0s | 1.3s
2026-08-30 20:11:07 | Epoch 047/060 | loss 2.8285 | cls 1.6539 | tal -0.0834 | dual_g 1.1996 | dual_d 0.8150 | train_acc 0.9896 | train_full n/a | val_acc 0.9615 | val_f1 0.9630 | adv/moduleC 1.00/1.00 | disc_steps 3 | grad(main/disc) 12.166/1.977 | lr(main/disc) 1.75e-05/6.00e-06 | cuda_peak(alloc/resv) 4.09/29.15GB | phase(train/val/raw/train_eval) 0.9/0.3/0.0/0.0s | 1.2s
2026-08-30 20:11:08 | Epoch 048/060 | loss 2.8229 | cls 1.6378 | tal -0.1389 | dual_g 1.2268 | dual_d 0.8776 | train_acc 0.9792 | train_full n/a | val_acc 1.0000 | val_f1 1.0000 | adv/moduleC 1.00/1.00 | disc_steps 3 | grad(main/disc) 10.658/2.077 | lr(main/disc) 1.75e-05/6.00e-06 | cuda_peak(alloc/resv) 4.09/29.15GB | phase(train/val/raw/train_eval) 0.7/0.3/0.0/0.0s | 1.0s
2026-08-30 20:11:09 | Epoch 049/060 | loss 2.8964 | cls 1.7568 | tal -0.1414 | dual_g 1.1821 | dual_d 0.7396 | train_acc 0.9583 | train_full n/a | val_acc 1.0000 | val_f1 1.0000 | adv/moduleC 1.00/1.00 | disc_steps 3 | grad(main/disc) 13.157/1.919 | lr(main/disc) 1.75e-05/6.00e-06 | cuda_peak(alloc/resv) 4.09/29.15GB | phase(train/val/raw/train_eval) 0.7/0.3/0.0/0.0s | 1.1s
2026-08-30 20:11:11 | Epoch 050/060 | loss 2.7908 | cls 1.6504 | tal -0.0744 | dual_g 1.1627 | dual_d 0.7705 | train_acc 1.0000 | train_full 1.0000 | val_acc 1.0000 | val_f1 1.0000 | adv/moduleC 1.00/1.00 | disc_steps 3 | grad(main/disc) 10.810/1.910 | lr(main/disc) 1.75e-05/6.00e-06 | cuda_peak(alloc/resv) 4.09/29.15GB | phase(train/val/raw/train_eval) 0.9/0.3/0.3/0.4s | 2.0s
2026-08-30 20:11:12 | Epoch 051/060 | loss 2.7743 | cls 1.6154 | tal -0.1300 | dual_g 1.1979 | dual_d 0.7817 | train_acc 0.9792 | train_full n/a | val_acc 1.0000 | val_f1 1.0000 | adv/moduleC 1.00/1.00 | disc_steps 3 | grad(main/disc) 9.001/1.926 | lr(main/disc) 1.75e-05/6.00e-06 | cuda_peak(alloc/resv) 4.09/29.15GB | phase(train/val/raw/train_eval) 0.8/0.3/0.3/0.0s | 1.5s
2026-08-30 20:11:14 | New best val_f1_macro_present: raw=1.0000 stable_score=1.0000 at epoch 51
2026-08-30 20:11:16 | Epoch 052/060 | loss 2.8769 | cls 1.6933 | tal -0.0482 | dual_g 1.1981 | dual_d 0.7844 | train_acc 1.0000 | train_full n/a | val_acc 1.0000 | val_f1 1.0000 | adv/moduleC 1.00/1.00 | disc_steps 3 | grad(main/disc) 12.147/1.981 | lr(main/disc) 1.75e-05/6.00e-06 | cuda_peak(alloc/resv) 4.09/29.15GB | phase(train/val/raw/train_eval) 0.8/0.3/0.0/0.0s | 1.1s
2026-08-30 20:11:17 | Epoch 053/060 | loss 2.9079 | cls 1.7194 | tal -0.1558 | dual_g 1.2352 | dual_d 0.7747 | train_acc 0.9896 | train_full n/a | val_acc 1.0000 | val_f1 1.0000 | adv/moduleC 1.00/1.00 | disc_steps 3 | grad(main/disc) 14.110/1.909 | lr(main/disc) 1.75e-05/6.00e-06 | cuda_peak(alloc/resv) 4.09/29.15GB | phase(train/val/raw/train_eval) 0.7/0.3/0.0/0.0s | 1.1s
2026-08-30 20:11:18 | Epoch 054/060 | loss 2.7452 | cls 1.6184 | tal -0.1410 | dual_g 1.1691 | dual_d 0.7580 | train_acc 0.9792 | train_full n/a | val_acc 1.0000 | val_f1 1.0000 | adv/moduleC 1.00/1.00 | disc_steps 3 | grad(main/disc) 10.243/1.993 | lr(main/disc) 1.75e-05/6.00e-06 | cuda_peak(alloc/resv) 4.09/29.15GB | phase(train/val/raw/train_eval) 1.0/0.3/0.0/0.0s | 1.3s
2026-08-30 20:11:20 | Epoch 055/060 | loss 2.7787 | cls 1.6443 | tal -0.1264 | dual_g 1.1724 | dual_d 0.8204 | train_acc 1.0000 | train_full 1.0000 | val_acc 1.0000 | val_f1 1.0000 | adv/moduleC 1.00/1.00 | disc_steps 3 | grad(main/disc) 10.176/1.975 | lr(main/disc) 1.75e-05/6.00e-06 | cuda_peak(alloc/resv) 4.09/29.15GB | phase(train/val/raw/train_eval) 0.8/0.3/0.3/0.4s | 1.9s
2026-08-30 20:11:21 | Epoch 056/060 | loss 2.7501 | cls 1.6210 | tal -0.1779 | dual_g 1.1824 | dual_d 0.8438 | train_acc 1.0000 | train_full n/a | val_acc 1.0000 | val_f1 1.0000 | adv/moduleC 1.00/1.00 | disc_steps 3 | grad(main/disc) 9.854/2.012 | lr(main/disc) 8.75e-06/3.00e-06 | cuda_peak(alloc/resv) 4.09/29.15GB | phase(train/val/raw/train_eval) 1.0/0.3/0.0/0.0s | 1.3s
2026-08-30 20:11:22 | Epoch 057/060 | loss 2.8129 | cls 1.6534 | tal -0.0882 | dual_g 1.1859 | dual_d 0.8078 | train_acc 0.9896 | train_full n/a | val_acc 1.0000 | val_f1 1.0000 | adv/moduleC 1.00/1.00 | disc_steps 3 | grad(main/disc) 10.900/1.932 | lr(main/disc) 8.75e-06/3.00e-06 | cuda_peak(alloc/resv) 4.09/29.15GB | phase(train/val/raw/train_eval) 0.8/0.3/0.0/0.0s | 1.1s
2026-08-30 20:11:23 | Epoch 058/060 | loss 2.7988 | cls 1.6784 | tal -0.1493 | dual_g 1.1652 | dual_d 0.7905 | train_acc 1.0000 | train_full n/a | val_acc 1.0000 | val_f1 1.0000 | adv/moduleC 1.00/1.00 | disc_steps 3 | grad(main/disc) 11.224/1.926 | lr(main/disc) 8.75e-06/3.00e-06 | cuda_peak(alloc/resv) 4.09/29.15GB | phase(train/val/raw/train_eval) 0.7/0.3/0.0/0.0s | 1.1s
2026-08-30 20:11:24 | Epoch 059/060 | loss 2.7720 | cls 1.6482 | tal -0.1531 | dual_g 1.1698 | dual_d 0.7633 | train_acc 0.9792 | train_full n/a | val_acc 1.0000 | val_f1 1.0000 | adv/moduleC 1.00/1.00 | disc_steps 3 | grad(main/disc) 11.580/1.875 | lr(main/disc) 8.75e-06/3.00e-06 | cuda_peak(alloc/resv) 4.09/29.15GB | phase(train/val/raw/train_eval) 0.9/0.3/0.0/0.0s | 1.2s
2026-08-30 20:11:26 | Epoch 060/060 | loss 2.7934 | cls 1.6614 | tal -0.0662 | dual_g 1.1518 | dual_d 0.7774 | train_acc 0.9375 | train_full 1.0000 | val_acc 1.0000 | val_f1 1.0000 | adv/moduleC 1.00/1.00 | disc_steps 3 | grad(main/disc) 10.361/1.944 | lr(main/disc) 8.75e-06/3.00e-06 | cuda_peak(alloc/resv) 4.09/29.15GB | phase(train/val/raw/train_eval) 0.7/0.3/0.3/0.4s | 1.8s
2026-08-30 20:11:26 | Training complete. Peak validation accuracy: 1.0000 | selected val_f1_macro_present: 1.0000
Dual_D experiment matrix complete.
Batch summary: runs/module_c_v12_strong_full_gate/module_c_20260830_193928/batch_summary_20260830_193929.json
黑天: selected-epoch val ACC 0.9861 ± 0.0039 | Precision 0.9824 | Recall 0.9866 | F1 0.9841 over 3 run(s)
逆光: selected-epoch val ACC 1.0000 ± 0.0000 | Precision 1.0000 | Recall 1.0000 | F1 1.0000 over 3 run(s)
雾天: selected-epoch val ACC 0.9722 ± 0.0036 | Precision 0.9715 | Recall 0.9662 | F1 0.9672 over 3 run(s)
雨天: selected-epoch val ACC 0.9872 ± 0.0181 | Precision 0.9815 | Recall 0.9931 | F1 0.9852 over 3 run(s)
Running Module-C variant: full
/home/lixiang/envs/lx_pytorch/bin/python /home/lixiang/lx/Dual_D/scripts/train_dual_d.py --config configs/train_dual_d_default.json --dual-config runs/module_c_v12_strong_full_gate/module_c_20260830_193928/configs/dual_d_full.json --source-root /home/lixiang/lx/Data/晴天 --output-dir runs/module_c_v12_strong_full_gate/module_c_20260830_193928 --run-name module_c_full --iterations 3 --epochs 60 --group-iterations --no-save-checkpoints --save-feature-embeddings --feature-visualization-samples 512 --monitor-metric val_f1_macro_present --no-use-ais --no-multi-gpu --deterministic-training --target-parent-root /home/lixiang/lx/Data --target-domains 黑天 逆光 雾天 雨天 --weather-profile-config configs/module_c_weather_profiles_v12.json --num-workers 16 --device cuda --seed 42
Analysed 12 runs; wrote results to runs/module_c_v12_strong_full_gate/module_c_20260830_193928
