{
  "train": {
    "epoch": 73,
    "train_loss": 2.4900400808879306,
    "train_loss_cls": 1.132139938218253,
    "train_loss_cls_source": 0.5651732640607017,
    "train_loss_cls_target": 0.5669666571276528,
    "train_loss_tal": -0.45342378531183514,
    "train_loss_dual_g": 1.4939272999763489,
    "train_loss_dual_d": 0.6890421169144767,
    "train_acc": 1.0,
    "train_acc_source": 1.0,
    "train_acc_target": 1.0,
    "train_acc_source_like": 1.0,
    "train_acc_target_like": 1.0,
    "train_dual_d_discriminator_total": 0.6890421169144767,
    "train_dual_d_discriminator_primary": 0.6847407817840576,
    "train_dual_d_discriminator_auxiliary": 0.693343460559845,
    "train_dual_d_generator_total": 1.4939272999763489,
    "train_dual_d_adv_primary": 0.7699031616960254,
    "train_dual_d_adv_auxiliary": 0.6960541393075671,
    "train_dual_d_cycle": 0.03454297222197056,
    "train_dual_d_identity": 0.05152083720479693,
    "train_dual_d_contrastive": 1.9579147951943534,
    "train_dual_d_classification_feedback": 1.1316925627844674
  },
  "val": {
    "accuracy": 0.9166666666666666,
    "precision_macro": 0.888423645320197,
    "recall_macro": 0.9388111888111889,
    "f1_macro": 0.898266317016317,
    "precision_macro_all": 0.507670654468684,
    "recall_macro_all": 0.5364635364635365,
    "f1_macro_all": 0.5132950382950383,
    "precision_macro_present": 0.888423645320197,
    "recall_macro_present": 0.9388111888111889,
    "f1_macro_present": 0.898266317016317,
    "precision_weighted_present": 0.9384400656814449,
    "recall_weighted_present": 0.9166666666666666,
    "f1_weighted_present": 0.9161295648795649,
    "precision_micro": 0.9166666666666666,
    "recall_micro": 0.9166666666666666,
    "f1_micro": 0.9166666666666666,
    "classes_present": [
      0,
      2,
      3,
      6,
      9,
      10,
      11,
      13
    ],
    "classes_absent": [
      1,
      4,
      5,
      7,
      8,
      12
    ],
    "present_class_count": 8,
    "num_classes": 14,
    "per_class_precision": [
      1.0,
      0.0,
      1.0,
      0.7142857142857143,
      0.0,
      0.0,
      0.7931034482758621,
      0.0,
      0.0,
      1.0,
      0.6,
      1.0,
      0.0,
      1.0
    ],
    "per_class_recall": [
      0.6923076923076923,
      0.0,
      1.0,
      1.0,
      0.0,
      0.0,
      1.0,
      0.0,
      0.0,
      1.0,
      1.0,
      0.8181818181818182,
      0.0,
      1.0
    ],
    "per_class_f1": [
      0.8181818181818181,
      0.0,
      1.0,
      0.8333333333333333,
      0.0,
      0.0,
      0.8846153846153846,
      0.0,
      0.0,
      1.0,
      0.7499999999999999,
      0.9,
      0.0,
      1.0
    ],
    "per_class_support": [
      26.0,
      0.0,
      3.0,
      5.0,
      0.0,
      0.0,
      23.0,
      0.0,
      0.0,
      41.0,
      3.0,
      11.0,
      0.0,
      8.0
    ],
    "confusion_matrix": [
      [
        18,
        0,
        0,
        0,
        0,
        0,
        6,
        0,
        0,
        0,
        2,
        0,
        0,
        0
      ],
      [
        0,
        0,
        0,
        0,
        0,
        0,
        0,
        0,
        0,
        0,
        0,
        0,
        0,
        0
      ],
      [
        0,
        0,
        3,
        0,
        0,
        0,
        0,
        0,
        0,
        0,
        0,
        0,
        0,
        0
      ],
      [
        0,
        0,
        0,
        5,
        0,
        0,
        0,
        0,
        0,
        0,
        0,
        0,
        0,
        0
      ],
      [
        0,
        0,
        0,
        0,
        0,
        0,
        0,
        0,
        0,
        0,
        0,
        0,
        0,
        0
      ],
      [
        0,
        0,
        0,
        0,
        0,
        0,
        0,
        0,
        0,
        0,
        0,
        0,
        0,
        0
      ],
      [
        0,
        0,
        0,
        0,
        0,
        0,
        23,
        0,
        0,
        0,
        0,
        0,
        0,
        0
      ],
      [
        0,
        0,
        0,
        0,
        0,
        0,
        0,
        0,
        0,
        0,
        0,
        0,
        0,
        0
      ],
      [
        0,
        0,
        0,
        0,
        0,
        0,
        0,
        0,
        0,
        0,
        0,
        0,
        0,
        0
      ],
      [
        0,
        0,
        0,
        0,
        0,
        0,
        0,
        0,
        0,
        41,
        0,
        0,
        0,
        0
      ],
      [
        0,
        0,
        0,
        0,
        0,
        0,
        0,
        0,
        0,
        0,
        3,
        0,
        0,
        0
      ],
      [
        0,
        0,
        0,
        2,
        0,
        0,
        0,
        0,
        0,
        0,
        0,
        9,
        0,
        0
      ],
      [
        0,
        0,
        0,
        0,
        0,
        0,
        0,
        0,
        0,
        0,
        0,
        0,
        0,
        0
      ],
      [
        0,
        0,
        0,
        0,
        0,
        0,
        0,
        0,
        0,
        0,
        0,
        0,
        0,
        8
      ]
    ],
    "total": 120,
    "correct": 110,
    "val_loss": 0.8069499135017395
  },
  "epoch": 73
}
